-- ============================================================
-- AI PREDICTIVE ANALYTICS SEED DATA - FULL ECOSYSTEM
-- ============================================================

INSERT INTO motorbike_bookings (id, motorbike_id, renter_id, owner_id, status, start_date, end_date, total_days, price_per_day, base_price, service_fee, taxes, total, deposit, created_at) VALUES ('cd3dd137-6be3-42d5-9aa3-043a415b7014', 'BIKE-3', 'B2C3D4E5-F6G7-8901-BCDE-234567890123', 'E5F6G7H8-I9J0-1234-EFGH-567890123456', 'COMPLETED', '2024-04-26', '2024-05-05', 9, 120000, 1080000, 108000.0, 86400.0, 1274400.0, 240000, '2024-04-20 00:00:00');
INSERT INTO motorbike_booking_history (id, booking_id, status, changed_at) VALUES ('abf13f53-b661-4ac6-a7cf-6dcb520d06f6', 'cd3dd137-6be3-42d5-9aa3-043a415b7014', 'PENDING', '2024-04-20 00:00:00');
INSERT INTO motorbike_booking_history (id, booking_id, status, changed_at) VALUES ('69937f4d-6d3d-4258-9c67-4e74b004d5dd', 'cd3dd137-6be3-42d5-9aa3-043a415b7014', 'COMPLETED', '2024-04-20 02:00:00');
INSERT INTO motorbike_bookings (id, motorbike_id, renter_id, owner_id, status, start_date, end_date, total_days, price_per_day, base_price, service_fee, taxes, total, deposit, created_at) VALUES ('666e5ef6-cea3-4eba-b2f8-8ed2c24004e1', 'BIKE-3', 'C3D4E5F6-G7H8-9012-CDEF-345678901234', 'E5F6G7H8-I9J0-1234-EFGH-567890123456', 'CANCELLED', '2023-06-13', '2023-06-15', 2, 120000, 240000, 24000.0, 19200.0, 283200.0, 240000, '2023-06-01 00:00:00');
INSERT INTO motorbike_booking_history (id, booking_id, status, changed_at) VALUES ('e46f0dc5-09cb-45cc-96c4-33268d61c4e3', '666e5ef6-cea3-4eba-b2f8-8ed2c24004e1', 'PENDING', '2023-06-01 00:00:00');
INSERT INTO motorbike_booking_history (id, booking_id, status, changed_at) VALUES ('8ccc6aa1-b5bf-41e4-aff6-59ec2eaad3be', '666e5ef6-cea3-4eba-b2f8-8ed2c24004e1', 'CANCELLED', '2023-06-01 02:00:00');
INSERT INTO motorbike_bookings (id, motorbike_id, renter_id, owner_id, status, start_date, end_date, total_days, price_per_day, base_price, service_fee, taxes, total, deposit, created_at) VALUES ('60d0f092-d1c8-48a6-bae0-e3bb94e0f28f', 'BIKE-3', 'C3D4E5F6-G7H8-9012-CDEF-345678901234', 'E5F6G7H8-I9J0-1234-EFGH-567890123456', 'COMPLETED', '2024-04-25', '2024-04-29', 4, 120000, 480000, 48000.0, 38400.0, 566400.0, 240000, '2024-04-13 00:00:00');
INSERT INTO motorbike_booking_history (id, booking_id, status, changed_at) VALUES ('00e06a7c-510a-466e-8abd-f509834fe451', '60d0f092-d1c8-48a6-bae0-e3bb94e0f28f', 'PENDING', '2024-04-13 00:00:00');
INSERT INTO motorbike_booking_history (id, booking_id, status, changed_at) VALUES ('69bfb9db-0101-4230-a2a3-73b202dfbe6a', '60d0f092-d1c8-48a6-bae0-e3bb94e0f28f', 'COMPLETED', '2024-04-13 02:00:00');
INSERT INTO motorbike_bookings (id, motorbike_id, renter_id, owner_id, status, start_date, end_date, total_days, price_per_day, base_price, service_fee, taxes, total, deposit, created_at) VALUES ('4955fedf-4cab-495b-ad4b-b7fa146074ab', 'BIKE-1', 'C3D4E5F6-G7H8-9012-CDEF-345678901234', 'E5F6G7H8-I9J0-1234-EFGH-567890123456', 'COMPLETED', '2023-11-08', '2023-11-14', 6, 150000, 900000, 90000.0, 72000.0, 1062000.0, 300000, '2023-10-29 00:00:00');
INSERT INTO motorbike_booking_history (id, booking_id, status, changed_at) VALUES ('d6ec9f2b-6858-4e30-80cf-8f3c5342a5b7', '4955fedf-4cab-495b-ad4b-b7fa146074ab', 'PENDING', '2023-10-29 00:00:00');
INSERT INTO motorbike_booking_history (id, booking_id, status, changed_at) VALUES ('a599711b-6808-4a88-9735-3ddf9cc4b431', '4955fedf-4cab-495b-ad4b-b7fa146074ab', 'COMPLETED', '2023-10-29 02:00:00');
INSERT INTO motorbike_bookings (id, motorbike_id, renter_id, owner_id, status, start_date, end_date, total_days, price_per_day, base_price, service_fee, taxes, total, deposit, created_at) VALUES ('50985fa1-25eb-48c2-8eb0-d81b5cd03fc7', 'BIKE-3', 'C3D4E5F6-G7H8-9012-CDEF-345678901234', 'E5F6G7H8-I9J0-1234-EFGH-567890123456', 'COMPLETED', '2024-01-20', '2024-01-24', 4, 120000, 480000, 48000.0, 38400.0, 566400.0, 240000, '2024-01-17 00:00:00');
INSERT INTO motorbike_booking_history (id, booking_id, status, changed_at) VALUES ('ddda34c6-c0d5-4869-ab6f-ae759ec86344', '50985fa1-25eb-48c2-8eb0-d81b5cd03fc7', 'PENDING', '2024-01-17 00:00:00');
INSERT INTO motorbike_booking_history (id, booking_id, status, changed_at) VALUES ('37508382-5a45-4415-9847-64a905c49475', '50985fa1-25eb-48c2-8eb0-d81b5cd03fc7', 'COMPLETED', '2024-01-17 02:00:00');
INSERT INTO motorbike_bookings (id, motorbike_id, renter_id, owner_id, status, start_date, end_date, total_days, price_per_day, base_price, service_fee, taxes, total, deposit, created_at) VALUES ('e699665d-b822-4ac9-837a-de8dd2351995', 'BIKE-3', 'B2C3D4E5-F6G7-8901-BCDE-234567890123', 'E5F6G7H8-I9J0-1234-EFGH-567890123456', 'CANCELLED', '2024-04-27', '2024-04-28', 1, 120000, 120000, 12000.0, 9600.0, 141600.0, 240000, '2024-04-14 00:00:00');
INSERT INTO motorbike_booking_history (id, booking_id, status, changed_at) VALUES ('63c953cc-e63d-4b77-8d7b-419dd2a55430', 'e699665d-b822-4ac9-837a-de8dd2351995', 'PENDING', '2024-04-14 00:00:00');
INSERT INTO motorbike_booking_history (id, booking_id, status, changed_at) VALUES ('7d44063d-650a-4eae-b244-a07175c09116', 'e699665d-b822-4ac9-837a-de8dd2351995', 'CANCELLED', '2024-04-14 02:00:00');
INSERT INTO motorbike_bookings (id, motorbike_id, renter_id, owner_id, status, start_date, end_date, total_days, price_per_day, base_price, service_fee, taxes, total, deposit, created_at) VALUES ('4f2d19c5-be96-462d-9a42-e914fe7672e7', 'BIKE-3', 'C3D4E5F6-G7H8-9012-CDEF-345678901234', 'E5F6G7H8-I9J0-1234-EFGH-567890123456', 'COMPLETED', '2023-01-07', '2023-01-10', 3, 120000, 360000, 36000.0, 28800.0, 424800.0, 240000, '2022-12-24 00:00:00');
INSERT INTO motorbike_booking_history (id, booking_id, status, changed_at) VALUES ('75f6d8f5-ab2f-4fd7-a572-fcfb14c4ac91', '4f2d19c5-be96-462d-9a42-e914fe7672e7', 'PENDING', '2022-12-24 00:00:00');
INSERT INTO motorbike_booking_history (id, booking_id, status, changed_at) VALUES ('6cbbb704-20e3-470b-8270-9eac929b528b', '4f2d19c5-be96-462d-9a42-e914fe7672e7', 'COMPLETED', '2022-12-24 02:00:00');
INSERT INTO motorbike_bookings (id, motorbike_id, renter_id, owner_id, status, start_date, end_date, total_days, price_per_day, base_price, service_fee, taxes, total, deposit, created_at) VALUES ('56e69def-ff0a-4f31-bd19-63d80304249b', 'BIKE-1', 'D4E5F6G7-H8I9-0123-DEFG-456789012345', 'E5F6G7H8-I9J0-1234-EFGH-567890123456', 'COMPLETED', '2023-06-09', '2023-06-18', 9, 150000, 1350000, 135000.0, 108000.0, 1593000.0, 300000, '2023-06-02 00:00:00');
INSERT INTO motorbike_booking_history (id, booking_id, status, changed_at) VALUES ('4bff24e5-c61c-43c8-9c9d-3cc998073dcb', '56e69def-ff0a-4f31-bd19-63d80304249b', 'PENDING', '2023-06-02 00:00:00');
INSERT INTO motorbike_booking_history (id, booking_id, status, changed_at) VALUES ('a15a3a23-c4f0-4e1d-96b2-0774d96af892', '56e69def-ff0a-4f31-bd19-63d80304249b', 'COMPLETED', '2023-06-02 02:00:00');
INSERT INTO motorbike_bookings (id, motorbike_id, renter_id, owner_id, status, start_date, end_date, total_days, price_per_day, base_price, service_fee, taxes, total, deposit, created_at) VALUES ('709b4bb6-0b1c-4270-bcb8-eb9906cecbb2', 'BIKE-3', 'D4E5F6G7-H8I9-0123-DEFG-456789012345', 'E5F6G7H8-I9J0-1234-EFGH-567890123456', 'COMPLETED', '2023-10-04', '2023-10-09', 5, 120000, 600000, 60000.0, 48000.0, 708000.0, 240000, '2023-09-23 00:00:00');
INSERT INTO motorbike_booking_history (id, booking_id, status, changed_at) VALUES ('8b60b625-d86e-40fc-ac83-a335048214ae', '709b4bb6-0b1c-4270-bcb8-eb9906cecbb2', 'PENDING', '2023-09-23 00:00:00');
INSERT INTO motorbike_booking_history (id, booking_id, status, changed_at) VALUES ('1d3c46e6-dc63-41e6-9518-f09f87463fe3', '709b4bb6-0b1c-4270-bcb8-eb9906cecbb2', 'COMPLETED', '2023-09-23 02:00:00');
INSERT INTO motorbike_bookings (id, motorbike_id, renter_id, owner_id, status, start_date, end_date, total_days, price_per_day, base_price, service_fee, taxes, total, deposit, created_at) VALUES ('d9d57924-556c-4bc4-9956-5d1c5d93e2ec', 'BIKE-3', 'C3D4E5F6-G7H8-9012-CDEF-345678901234', 'E5F6G7H8-I9J0-1234-EFGH-567890123456', 'COMPLETED', '2023-12-21', '2023-12-23', 2, 120000, 240000, 24000.0, 19200.0, 283200.0, 240000, '2023-12-17 00:00:00');
INSERT INTO motorbike_booking_history (id, booking_id, status, changed_at) VALUES ('3b55fc32-a21a-4abb-baab-68693263f787', 'd9d57924-556c-4bc4-9956-5d1c5d93e2ec', 'PENDING', '2023-12-17 00:00:00');
INSERT INTO motorbike_booking_history (id, booking_id, status, changed_at) VALUES ('0efa49f4-c709-4906-892d-8fc2a90fd449', 'd9d57924-556c-4bc4-9956-5d1c5d93e2ec', 'COMPLETED', '2023-12-17 02:00:00');
INSERT INTO motorbike_bookings (id, motorbike_id, renter_id, owner_id, status, start_date, end_date, total_days, price_per_day, base_price, service_fee, taxes, total, deposit, created_at) VALUES ('2c36034f-318e-4fe2-96e5-57484a0a8bb6', 'BIKE-3', 'B2C3D4E5-F6G7-8901-BCDE-234567890123', 'E5F6G7H8-I9J0-1234-EFGH-567890123456', 'COMPLETED', '2023-07-01', '2023-07-05', 4, 120000, 480000, 48000.0, 38400.0, 566400.0, 240000, '2023-06-28 00:00:00');
INSERT INTO motorbike_booking_history (id, booking_id, status, changed_at) VALUES ('d5bca22f-6bf1-4117-9771-492aefef173e', '2c36034f-318e-4fe2-96e5-57484a0a8bb6', 'PENDING', '2023-06-28 00:00:00');
INSERT INTO motorbike_booking_history (id, booking_id, status, changed_at) VALUES ('a70a77a3-365e-4887-afc2-048799f551d0', '2c36034f-318e-4fe2-96e5-57484a0a8bb6', 'COMPLETED', '2023-06-28 02:00:00');
INSERT INTO motorbike_bookings (id, motorbike_id, renter_id, owner_id, status, start_date, end_date, total_days, price_per_day, base_price, service_fee, taxes, total, deposit, created_at) VALUES ('98eb312e-c9ad-4443-9cdd-c57ed4e0a50a', 'BIKE-3', 'B2C3D4E5-F6G7-8901-BCDE-234567890123', 'E5F6G7H8-I9J0-1234-EFGH-567890123456', 'COMPLETED', '2023-05-12', '2023-05-22', 10, 120000, 1200000, 120000.0, 96000.0, 1416000.0, 240000, '2023-05-03 00:00:00');
INSERT INTO motorbike_booking_history (id, booking_id, status, changed_at) VALUES ('afeb63c1-42f3-4e1d-bd0a-929aa841e886', '98eb312e-c9ad-4443-9cdd-c57ed4e0a50a', 'PENDING', '2023-05-03 00:00:00');
INSERT INTO motorbike_booking_history (id, booking_id, status, changed_at) VALUES ('9fc2d59f-baae-4323-a041-99b45db169ec', '98eb312e-c9ad-4443-9cdd-c57ed4e0a50a', 'COMPLETED', '2023-05-03 02:00:00');
INSERT INTO motorbike_bookings (id, motorbike_id, renter_id, owner_id, status, start_date, end_date, total_days, price_per_day, base_price, service_fee, taxes, total, deposit, created_at) VALUES ('27093942-39a5-48f4-b1ab-e842a70b356f', 'BIKE-2', 'C3D4E5F6-G7H8-9012-CDEF-345678901234', 'E5F6G7H8-I9J0-1234-EFGH-567890123456', 'CANCELLED', '2023-11-06', '2023-11-15', 9, 200000, 1800000, 180000.0, 144000.0, 2124000.0, 400000, '2023-10-29 00:00:00');
INSERT INTO motorbike_booking_history (id, booking_id, status, changed_at) VALUES ('71a3eddd-29a7-490f-8e39-96da5ab990e6', '27093942-39a5-48f4-b1ab-e842a70b356f', 'PENDING', '2023-10-29 00:00:00');
INSERT INTO motorbike_booking_history (id, booking_id, status, changed_at) VALUES ('2ddac883-ca91-4725-b978-0e9785018fba', '27093942-39a5-48f4-b1ab-e842a70b356f', 'CANCELLED', '2023-10-29 02:00:00');
INSERT INTO motorbike_bookings (id, motorbike_id, renter_id, owner_id, status, start_date, end_date, total_days, price_per_day, base_price, service_fee, taxes, total, deposit, created_at) VALUES ('25eeda30-f956-46a6-b314-e9146e809299', 'BIKE-1', 'D4E5F6G7-H8I9-0123-DEFG-456789012345', 'E5F6G7H8-I9J0-1234-EFGH-567890123456', 'COMPLETED', '2024-04-10', '2024-04-19', 9, 150000, 1350000, 135000.0, 108000.0, 1593000.0, 300000, '2024-04-04 00:00:00');
INSERT INTO motorbike_booking_history (id, booking_id, status, changed_at) VALUES ('426b23b9-b52a-41d8-9209-a077f65350e7', '25eeda30-f956-46a6-b314-e9146e809299', 'PENDING', '2024-04-04 00:00:00');
INSERT INTO motorbike_booking_history (id, booking_id, status, changed_at) VALUES ('fe17ca4a-de39-4aa3-a52a-60f37c526817', '25eeda30-f956-46a6-b314-e9146e809299', 'COMPLETED', '2024-04-04 02:00:00');
INSERT INTO motorbike_bookings (id, motorbike_id, renter_id, owner_id, status, start_date, end_date, total_days, price_per_day, base_price, service_fee, taxes, total, deposit, created_at) VALUES ('08fe19b1-d79a-48ef-8b13-cf01718e7aaf', 'BIKE-3', 'D4E5F6G7-H8I9-0123-DEFG-456789012345', 'E5F6G7H8-I9J0-1234-EFGH-567890123456', 'COMPLETED', '2024-04-25', '2024-05-02', 7, 120000, 840000, 84000.0, 67200.0, 991200.0, 240000, '2024-04-20 00:00:00');
INSERT INTO motorbike_booking_history (id, booking_id, status, changed_at) VALUES ('7269bfb3-2715-4644-8c5d-fb6d2217e020', '08fe19b1-d79a-48ef-8b13-cf01718e7aaf', 'PENDING', '2024-04-20 00:00:00');
INSERT INTO motorbike_booking_history (id, booking_id, status, changed_at) VALUES ('236300cc-93b7-4a07-b68f-4120faa54aa9', '08fe19b1-d79a-48ef-8b13-cf01718e7aaf', 'COMPLETED', '2024-04-20 02:00:00');
INSERT INTO motorbike_bookings (id, motorbike_id, renter_id, owner_id, status, start_date, end_date, total_days, price_per_day, base_price, service_fee, taxes, total, deposit, created_at) VALUES ('63b8b494-95d3-4635-aade-3d2dd80015f0', 'BIKE-1', 'D4E5F6G7-H8I9-0123-DEFG-456789012345', 'E5F6G7H8-I9J0-1234-EFGH-567890123456', 'COMPLETED', '2023-12-25', '2023-12-30', 5, 150000, 750000, 75000.0, 60000.0, 885000.0, 300000, '2023-12-17 00:00:00');
INSERT INTO motorbike_booking_history (id, booking_id, status, changed_at) VALUES ('c694bad6-e8c8-439c-9129-9b9a0b0f59a6', '63b8b494-95d3-4635-aade-3d2dd80015f0', 'PENDING', '2023-12-17 00:00:00');
INSERT INTO motorbike_booking_history (id, booking_id, status, changed_at) VALUES ('2cc18428-0a98-4e39-8fe1-573e2743143e', '63b8b494-95d3-4635-aade-3d2dd80015f0', 'COMPLETED', '2023-12-17 02:00:00');
INSERT INTO motorbike_bookings (id, motorbike_id, renter_id, owner_id, status, start_date, end_date, total_days, price_per_day, base_price, service_fee, taxes, total, deposit, created_at) VALUES ('6976603e-23e5-48cc-990a-8420741a0c60', 'BIKE-2', 'D4E5F6G7-H8I9-0123-DEFG-456789012345', 'E5F6G7H8-I9J0-1234-EFGH-567890123456', 'COMPLETED', '2023-11-01', '2023-11-05', 4, 200000, 800000, 80000.0, 64000.0, 944000.0, 400000, '2023-10-29 00:00:00');
INSERT INTO motorbike_booking_history (id, booking_id, status, changed_at) VALUES ('2bf76db4-543b-4d57-827e-3e4844f8a24b', '6976603e-23e5-48cc-990a-8420741a0c60', 'PENDING', '2023-10-29 00:00:00');
INSERT INTO motorbike_booking_history (id, booking_id, status, changed_at) VALUES ('a7d77317-d9ee-4265-8201-ee428a23c244', '6976603e-23e5-48cc-990a-8420741a0c60', 'COMPLETED', '2023-10-29 02:00:00');
INSERT INTO motorbike_bookings (id, motorbike_id, renter_id, owner_id, status, start_date, end_date, total_days, price_per_day, base_price, service_fee, taxes, total, deposit, created_at) VALUES ('78acac1c-5a7b-47ad-8703-b540d73f877d', 'BIKE-1', 'D4E5F6G7-H8I9-0123-DEFG-456789012345', 'E5F6G7H8-I9J0-1234-EFGH-567890123456', 'COMPLETED', '2024-04-23', '2024-05-01', 8, 150000, 1200000, 120000.0, 96000.0, 1416000.0, 300000, '2024-04-21 00:00:00');
INSERT INTO motorbike_booking_history (id, booking_id, status, changed_at) VALUES ('33c404c4-ab8a-49a8-b0b7-115a6911f146', '78acac1c-5a7b-47ad-8703-b540d73f877d', 'PENDING', '2024-04-21 00:00:00');
INSERT INTO motorbike_booking_history (id, booking_id, status, changed_at) VALUES ('ec28a6d6-1441-46f5-a0ef-774e61e7b39a', '78acac1c-5a7b-47ad-8703-b540d73f877d', 'COMPLETED', '2024-04-21 02:00:00');
INSERT INTO motorbike_bookings (id, motorbike_id, renter_id, owner_id, status, start_date, end_date, total_days, price_per_day, base_price, service_fee, taxes, total, deposit, created_at) VALUES ('7382721e-e8db-4f11-ab86-e9fca5f1a95c', 'BIKE-1', 'C3D4E5F6-G7H8-9012-CDEF-345678901234', 'E5F6G7H8-I9J0-1234-EFGH-567890123456', 'CANCELLED', '2023-09-17', '2023-09-21', 4, 150000, 600000, 60000.0, 48000.0, 708000.0, 300000, '2023-09-06 00:00:00');
INSERT INTO motorbike_booking_history (id, booking_id, status, changed_at) VALUES ('fa5f0212-54d8-4302-95a1-4561c3fec47c', '7382721e-e8db-4f11-ab86-e9fca5f1a95c', 'PENDING', '2023-09-06 00:00:00');
INSERT INTO motorbike_booking_history (id, booking_id, status, changed_at) VALUES ('1c38dfbd-83d8-4899-8e92-2360fe4ac69d', '7382721e-e8db-4f11-ab86-e9fca5f1a95c', 'CANCELLED', '2023-09-06 02:00:00');
INSERT INTO motorbike_bookings (id, motorbike_id, renter_id, owner_id, status, start_date, end_date, total_days, price_per_day, base_price, service_fee, taxes, total, deposit, created_at) VALUES ('aee682f5-4561-49a5-bed5-3b720995b970', 'BIKE-2', 'D4E5F6G7-H8I9-0123-DEFG-456789012345', 'E5F6G7H8-I9J0-1234-EFGH-567890123456', 'COMPLETED', '2023-12-30', '2024-01-04', 5, 200000, 1000000, 100000.0, 80000.0, 1180000.0, 400000, '2023-12-24 00:00:00');
INSERT INTO motorbike_booking_history (id, booking_id, status, changed_at) VALUES ('926d2f00-854e-4d69-9378-693a5e7ee4c7', 'aee682f5-4561-49a5-bed5-3b720995b970', 'PENDING', '2023-12-24 00:00:00');
INSERT INTO motorbike_booking_history (id, booking_id, status, changed_at) VALUES ('b5526ffd-d055-4b43-9aa9-1e7fccd19f50', 'aee682f5-4561-49a5-bed5-3b720995b970', 'COMPLETED', '2023-12-24 02:00:00');
INSERT INTO motorbike_bookings (id, motorbike_id, renter_id, owner_id, status, start_date, end_date, total_days, price_per_day, base_price, service_fee, taxes, total, deposit, created_at) VALUES ('dd02d123-f732-4d10-a156-43b7f684917d', 'BIKE-2', 'B2C3D4E5-F6G7-8901-BCDE-234567890123', 'E5F6G7H8-I9J0-1234-EFGH-567890123456', 'COMPLETED', '2023-12-01', '2023-12-10', 9, 200000, 1800000, 180000.0, 144000.0, 2124000.0, 400000, '2023-11-20 00:00:00');
INSERT INTO motorbike_booking_history (id, booking_id, status, changed_at) VALUES ('f07da81d-a5d2-4c2d-81bf-5980ee4ce94b', 'dd02d123-f732-4d10-a156-43b7f684917d', 'PENDING', '2023-11-20 00:00:00');
INSERT INTO motorbike_booking_history (id, booking_id, status, changed_at) VALUES ('1d090b5d-9c3a-4363-bdb0-1fa1d5d6747c', 'dd02d123-f732-4d10-a156-43b7f684917d', 'COMPLETED', '2023-11-20 02:00:00');
INSERT INTO motorbike_bookings (id, motorbike_id, renter_id, owner_id, status, start_date, end_date, total_days, price_per_day, base_price, service_fee, taxes, total, deposit, created_at) VALUES ('332e2089-38c0-4583-a9d2-f00ac32561ee', 'BIKE-2', 'D4E5F6G7-H8I9-0123-DEFG-456789012345', 'E5F6G7H8-I9J0-1234-EFGH-567890123456', 'COMPLETED', '2024-04-18', '2024-04-21', 3, 200000, 600000, 60000.0, 48000.0, 708000.0, 400000, '2024-04-12 00:00:00');
INSERT INTO motorbike_booking_history (id, booking_id, status, changed_at) VALUES ('272bd929-514d-46fd-a01e-f8f7a5983be8', '332e2089-38c0-4583-a9d2-f00ac32561ee', 'PENDING', '2024-04-12 00:00:00');
INSERT INTO motorbike_booking_history (id, booking_id, status, changed_at) VALUES ('835c1c1a-109c-4aef-b827-08e7eb5716c5', '332e2089-38c0-4583-a9d2-f00ac32561ee', 'COMPLETED', '2024-04-12 02:00:00');
INSERT INTO motorbike_bookings (id, motorbike_id, renter_id, owner_id, status, start_date, end_date, total_days, price_per_day, base_price, service_fee, taxes, total, deposit, created_at) VALUES ('7a3c8b8d-a5bd-4f51-8fb6-8fd391a802af', 'BIKE-1', 'B2C3D4E5-F6G7-8901-BCDE-234567890123', 'E5F6G7H8-I9J0-1234-EFGH-567890123456', 'CANCELLED', '2023-03-19', '2023-03-22', 3, 150000, 450000, 45000.0, 36000.0, 531000.0, 300000, '2023-03-16 00:00:00');
INSERT INTO motorbike_booking_history (id, booking_id, status, changed_at) VALUES ('eb90d957-9aa0-4916-b4af-71b9a5641cb7', '7a3c8b8d-a5bd-4f51-8fb6-8fd391a802af', 'PENDING', '2023-03-16 00:00:00');
INSERT INTO motorbike_booking_history (id, booking_id, status, changed_at) VALUES ('c7a93639-3807-43be-822a-276bef2af1bf', '7a3c8b8d-a5bd-4f51-8fb6-8fd391a802af', 'CANCELLED', '2023-03-16 02:00:00');
INSERT INTO motorbike_bookings (id, motorbike_id, renter_id, owner_id, status, start_date, end_date, total_days, price_per_day, base_price, service_fee, taxes, total, deposit, created_at) VALUES ('002476e5-1064-4870-90a2-cceecaae8c2f', 'BIKE-2', 'B2C3D4E5-F6G7-8901-BCDE-234567890123', 'E5F6G7H8-I9J0-1234-EFGH-567890123456', 'COMPLETED', '2023-07-24', '2023-07-31', 7, 200000, 1400000, 140000.0, 112000.0, 1652000.0, 400000, '2023-07-14 00:00:00');
INSERT INTO motorbike_booking_history (id, booking_id, status, changed_at) VALUES ('b77848e5-720a-473e-bc97-209fc354fff9', '002476e5-1064-4870-90a2-cceecaae8c2f', 'PENDING', '2023-07-14 00:00:00');
INSERT INTO motorbike_booking_history (id, booking_id, status, changed_at) VALUES ('e90dd7db-1369-459e-9251-815d46a29769', '002476e5-1064-4870-90a2-cceecaae8c2f', 'COMPLETED', '2023-07-14 02:00:00');
INSERT INTO motorbike_bookings (id, motorbike_id, renter_id, owner_id, status, start_date, end_date, total_days, price_per_day, base_price, service_fee, taxes, total, deposit, created_at) VALUES ('efdb606a-3504-4f61-bfb5-22eeab30334b', 'BIKE-2', 'C3D4E5F6-G7H8-9012-CDEF-345678901234', 'E5F6G7H8-I9J0-1234-EFGH-567890123456', 'COMPLETED', '2023-05-08', '2023-05-16', 8, 200000, 1600000, 160000.0, 128000.0, 1888000.0, 400000, '2023-04-25 00:00:00');
INSERT INTO motorbike_booking_history (id, booking_id, status, changed_at) VALUES ('08e09c25-4c94-47c6-a9ee-f83f4ec141be', 'efdb606a-3504-4f61-bfb5-22eeab30334b', 'PENDING', '2023-04-25 00:00:00');
INSERT INTO motorbike_booking_history (id, booking_id, status, changed_at) VALUES ('837ee1f4-0f75-4225-84a3-e6699f7e0f40', 'efdb606a-3504-4f61-bfb5-22eeab30334b', 'COMPLETED', '2023-04-25 02:00:00');
INSERT INTO motorbike_bookings (id, motorbike_id, renter_id, owner_id, status, start_date, end_date, total_days, price_per_day, base_price, service_fee, taxes, total, deposit, created_at) VALUES ('b17ae6ff-f9b0-478d-92e6-dc0173c06b2d', 'BIKE-1', 'B2C3D4E5-F6G7-8901-BCDE-234567890123', 'E5F6G7H8-I9J0-1234-EFGH-567890123456', 'COMPLETED', '2023-04-21', '2023-04-25', 4, 150000, 600000, 60000.0, 48000.0, 708000.0, 300000, '2023-04-18 00:00:00');
INSERT INTO motorbike_booking_history (id, booking_id, status, changed_at) VALUES ('0f3f2a07-3e2a-45e6-88a8-644eb700cf69', 'b17ae6ff-f9b0-478d-92e6-dc0173c06b2d', 'PENDING', '2023-04-18 00:00:00');
INSERT INTO motorbike_booking_history (id, booking_id, status, changed_at) VALUES ('f784a9d8-48f4-4711-9355-eeb9ad31296e', 'b17ae6ff-f9b0-478d-92e6-dc0173c06b2d', 'COMPLETED', '2023-04-18 02:00:00');
INSERT INTO motorbike_bookings (id, motorbike_id, renter_id, owner_id, status, start_date, end_date, total_days, price_per_day, base_price, service_fee, taxes, total, deposit, created_at) VALUES ('aea14e41-5d6d-4514-b33e-08a2198a4e3e', 'BIKE-3', 'D4E5F6G7-H8I9-0123-DEFG-456789012345', 'E5F6G7H8-I9J0-1234-EFGH-567890123456', 'COMPLETED', '2023-05-03', '2023-05-13', 10, 120000, 1200000, 120000.0, 96000.0, 1416000.0, 240000, '2023-04-30 00:00:00');
INSERT INTO motorbike_booking_history (id, booking_id, status, changed_at) VALUES ('cf3c8a26-a3c9-47d7-b6a9-42443fb117d8', 'aea14e41-5d6d-4514-b33e-08a2198a4e3e', 'PENDING', '2023-04-30 00:00:00');
INSERT INTO motorbike_booking_history (id, booking_id, status, changed_at) VALUES ('4331160f-6b97-4025-a26b-bde40b44905c', 'aea14e41-5d6d-4514-b33e-08a2198a4e3e', 'COMPLETED', '2023-04-30 02:00:00');
INSERT INTO motorbike_bookings (id, motorbike_id, renter_id, owner_id, status, start_date, end_date, total_days, price_per_day, base_price, service_fee, taxes, total, deposit, created_at) VALUES ('f4cca69a-bca3-4e6e-952a-46e24137cac1', 'BIKE-2', 'D4E5F6G7-H8I9-0123-DEFG-456789012345', 'E5F6G7H8-I9J0-1234-EFGH-567890123456', 'CANCELLED', '2023-11-17', '2023-11-26', 9, 200000, 1800000, 180000.0, 144000.0, 2124000.0, 400000, '2023-11-10 00:00:00');
INSERT INTO motorbike_booking_history (id, booking_id, status, changed_at) VALUES ('6a1336ec-cc9a-4476-9d84-ad1fa00c63bc', 'f4cca69a-bca3-4e6e-952a-46e24137cac1', 'PENDING', '2023-11-10 00:00:00');
INSERT INTO motorbike_booking_history (id, booking_id, status, changed_at) VALUES ('8038465c-6943-410f-83a0-8cfee51b9e67', 'f4cca69a-bca3-4e6e-952a-46e24137cac1', 'CANCELLED', '2023-11-10 02:00:00');
INSERT INTO motorbike_bookings (id, motorbike_id, renter_id, owner_id, status, start_date, end_date, total_days, price_per_day, base_price, service_fee, taxes, total, deposit, created_at) VALUES ('d2a9d8aa-9b7f-4c36-ad2f-394a47a1c226', 'BIKE-1', 'C3D4E5F6-G7H8-9012-CDEF-345678901234', 'E5F6G7H8-I9J0-1234-EFGH-567890123456', 'COMPLETED', '2023-06-23', '2023-06-30', 7, 150000, 1050000, 105000.0, 84000.0, 1239000.0, 300000, '2023-06-15 00:00:00');
INSERT INTO motorbike_booking_history (id, booking_id, status, changed_at) VALUES ('43c80218-ae37-4ca5-9310-1e85e89d0cb0', 'd2a9d8aa-9b7f-4c36-ad2f-394a47a1c226', 'PENDING', '2023-06-15 00:00:00');
INSERT INTO motorbike_booking_history (id, booking_id, status, changed_at) VALUES ('db27ff01-938b-4d97-97d5-52989ab0d0f8', 'd2a9d8aa-9b7f-4c36-ad2f-394a47a1c226', 'COMPLETED', '2023-06-15 02:00:00');
INSERT INTO motorbike_bookings (id, motorbike_id, renter_id, owner_id, status, start_date, end_date, total_days, price_per_day, base_price, service_fee, taxes, total, deposit, created_at) VALUES ('f7f2d02b-3a4a-475c-900f-2adfc2ca1329', 'BIKE-2', 'B2C3D4E5-F6G7-8901-BCDE-234567890123', 'E5F6G7H8-I9J0-1234-EFGH-567890123456', 'COMPLETED', '2023-05-03', '2023-05-04', 1, 200000, 200000, 20000.0, 16000.0, 236000.0, 400000, '2023-04-20 00:00:00');
INSERT INTO motorbike_booking_history (id, booking_id, status, changed_at) VALUES ('8ef71fa8-7693-4f08-a03e-46c6d6a59615', 'f7f2d02b-3a4a-475c-900f-2adfc2ca1329', 'PENDING', '2023-04-20 00:00:00');
INSERT INTO motorbike_booking_history (id, booking_id, status, changed_at) VALUES ('507fef06-47fd-4318-a28b-ecd0f7186d52', 'f7f2d02b-3a4a-475c-900f-2adfc2ca1329', 'COMPLETED', '2023-04-20 02:00:00');
INSERT INTO motorbike_bookings (id, motorbike_id, renter_id, owner_id, status, start_date, end_date, total_days, price_per_day, base_price, service_fee, taxes, total, deposit, created_at) VALUES ('3e60e1bc-cb70-4348-9d8d-c908dba5a5be', 'BIKE-2', 'D4E5F6G7-H8I9-0123-DEFG-456789012345', 'E5F6G7H8-I9J0-1234-EFGH-567890123456', 'COMPLETED', '2024-05-24', '2024-05-26', 2, 200000, 400000, 40000.0, 32000.0, 472000.0, 400000, '2024-05-11 00:00:00');
INSERT INTO motorbike_booking_history (id, booking_id, status, changed_at) VALUES ('0bc8af25-6716-4e52-aea9-44b8cdb64327', '3e60e1bc-cb70-4348-9d8d-c908dba5a5be', 'PENDING', '2024-05-11 00:00:00');
INSERT INTO motorbike_booking_history (id, booking_id, status, changed_at) VALUES ('6f35dacf-ff2c-47a0-a844-868c129a2007', '3e60e1bc-cb70-4348-9d8d-c908dba5a5be', 'COMPLETED', '2024-05-11 02:00:00');
INSERT INTO motorbike_bookings (id, motorbike_id, renter_id, owner_id, status, start_date, end_date, total_days, price_per_day, base_price, service_fee, taxes, total, deposit, created_at) VALUES ('7e2f0c70-ae70-4552-b4f1-dc6bff7207be', 'BIKE-3', 'B2C3D4E5-F6G7-8901-BCDE-234567890123', 'E5F6G7H8-I9J0-1234-EFGH-567890123456', 'COMPLETED', '2024-04-15', '2024-04-19', 4, 120000, 480000, 48000.0, 38400.0, 566400.0, 240000, '2024-04-14 00:00:00');
INSERT INTO motorbike_booking_history (id, booking_id, status, changed_at) VALUES ('cf0b3669-9389-4481-a381-fda4a0b744c1', '7e2f0c70-ae70-4552-b4f1-dc6bff7207be', 'PENDING', '2024-04-14 00:00:00');
INSERT INTO motorbike_booking_history (id, booking_id, status, changed_at) VALUES ('cd2e1775-9b8a-469a-91b3-6e4acdb82671', '7e2f0c70-ae70-4552-b4f1-dc6bff7207be', 'COMPLETED', '2024-04-14 02:00:00');
INSERT INTO motorbike_bookings (id, motorbike_id, renter_id, owner_id, status, start_date, end_date, total_days, price_per_day, base_price, service_fee, taxes, total, deposit, created_at) VALUES ('58697a71-a32f-4719-bcc6-00b042d95872', 'BIKE-3', 'D4E5F6G7-H8I9-0123-DEFG-456789012345', 'E5F6G7H8-I9J0-1234-EFGH-567890123456', 'CANCELLED', '2024-04-02', '2024-04-07', 5, 120000, 600000, 60000.0, 48000.0, 708000.0, 240000, '2024-03-31 00:00:00');
INSERT INTO motorbike_booking_history (id, booking_id, status, changed_at) VALUES ('9001771c-6986-4dea-a220-060c9f4da379', '58697a71-a32f-4719-bcc6-00b042d95872', 'PENDING', '2024-03-31 00:00:00');
INSERT INTO motorbike_booking_history (id, booking_id, status, changed_at) VALUES ('322f818f-2619-482f-8f2c-7ff99f7b742e', '58697a71-a32f-4719-bcc6-00b042d95872', 'CANCELLED', '2024-03-31 02:00:00');
INSERT INTO motorbike_bookings (id, motorbike_id, renter_id, owner_id, status, start_date, end_date, total_days, price_per_day, base_price, service_fee, taxes, total, deposit, created_at) VALUES ('59354152-e6e4-4a1e-bc79-e7cd1be46b75', 'BIKE-3', 'B2C3D4E5-F6G7-8901-BCDE-234567890123', 'E5F6G7H8-I9J0-1234-EFGH-567890123456', 'COMPLETED', '2024-04-18', '2024-04-24', 6, 120000, 720000, 72000.0, 57600.0, 849600.0, 240000, '2024-04-04 00:00:00');
INSERT INTO motorbike_booking_history (id, booking_id, status, changed_at) VALUES ('fff0fc93-6165-4449-a03d-b2aa0983238c', '59354152-e6e4-4a1e-bc79-e7cd1be46b75', 'PENDING', '2024-04-04 00:00:00');
INSERT INTO motorbike_booking_history (id, booking_id, status, changed_at) VALUES ('f8dacf2e-abd3-4706-8bcb-c2209c75a95f', '59354152-e6e4-4a1e-bc79-e7cd1be46b75', 'COMPLETED', '2024-04-04 02:00:00');
INSERT INTO motorbike_bookings (id, motorbike_id, renter_id, owner_id, status, start_date, end_date, total_days, price_per_day, base_price, service_fee, taxes, total, deposit, created_at) VALUES ('b6d9f50c-5c55-4ba0-ab37-160a5b701ad5', 'BIKE-3', 'B2C3D4E5-F6G7-8901-BCDE-234567890123', 'E5F6G7H8-I9J0-1234-EFGH-567890123456', 'COMPLETED', '2023-03-03', '2023-03-06', 3, 120000, 360000, 36000.0, 28800.0, 424800.0, 240000, '2023-02-24 00:00:00');
INSERT INTO motorbike_booking_history (id, booking_id, status, changed_at) VALUES ('5b07e089-1252-4a09-8a02-04b9236f7ec5', 'b6d9f50c-5c55-4ba0-ab37-160a5b701ad5', 'PENDING', '2023-02-24 00:00:00');
INSERT INTO motorbike_booking_history (id, booking_id, status, changed_at) VALUES ('f9d75523-94b8-40c5-9bd5-4c6b8a35b841', 'b6d9f50c-5c55-4ba0-ab37-160a5b701ad5', 'COMPLETED', '2023-02-24 02:00:00');
INSERT INTO motorbike_bookings (id, motorbike_id, renter_id, owner_id, status, start_date, end_date, total_days, price_per_day, base_price, service_fee, taxes, total, deposit, created_at) VALUES ('555985e5-5bba-4cc1-bd05-cfe125018b6b', 'BIKE-2', 'B2C3D4E5-F6G7-8901-BCDE-234567890123', 'E5F6G7H8-I9J0-1234-EFGH-567890123456', 'COMPLETED', '2024-03-28', '2024-04-02', 5, 200000, 1000000, 100000.0, 80000.0, 1180000.0, 400000, '2024-03-24 00:00:00');
INSERT INTO motorbike_booking_history (id, booking_id, status, changed_at) VALUES ('eabf62ef-3758-47f0-ad82-8d46c6d1a9a3', '555985e5-5bba-4cc1-bd05-cfe125018b6b', 'PENDING', '2024-03-24 00:00:00');
INSERT INTO motorbike_booking_history (id, booking_id, status, changed_at) VALUES ('33a72295-be27-4685-abde-6aa8f9f76146', '555985e5-5bba-4cc1-bd05-cfe125018b6b', 'COMPLETED', '2024-03-24 02:00:00');
INSERT INTO motorbike_bookings (id, motorbike_id, renter_id, owner_id, status, start_date, end_date, total_days, price_per_day, base_price, service_fee, taxes, total, deposit, created_at) VALUES ('997ea3e1-3c4e-48e0-81bd-0c9ef45d47ec', 'BIKE-3', 'D4E5F6G7-H8I9-0123-DEFG-456789012345', 'E5F6G7H8-I9J0-1234-EFGH-567890123456', 'CANCELLED', '2023-10-08', '2023-10-14', 6, 120000, 720000, 72000.0, 57600.0, 849600.0, 240000, '2023-09-25 00:00:00');
INSERT INTO motorbike_booking_history (id, booking_id, status, changed_at) VALUES ('ae306e74-d7fe-4467-85d9-5b0754ddeaa5', '997ea3e1-3c4e-48e0-81bd-0c9ef45d47ec', 'PENDING', '2023-09-25 00:00:00');
INSERT INTO motorbike_booking_history (id, booking_id, status, changed_at) VALUES ('bddc1c67-0f96-4805-b042-1a8c1dfbe413', '997ea3e1-3c4e-48e0-81bd-0c9ef45d47ec', 'CANCELLED', '2023-09-25 02:00:00');
INSERT INTO motorbike_bookings (id, motorbike_id, renter_id, owner_id, status, start_date, end_date, total_days, price_per_day, base_price, service_fee, taxes, total, deposit, created_at) VALUES ('d023c36d-a090-4565-9016-dea68dd33340', 'BIKE-2', 'D4E5F6G7-H8I9-0123-DEFG-456789012345', 'E5F6G7H8-I9J0-1234-EFGH-567890123456', 'CANCELLED', '2023-05-04', '2023-05-05', 1, 200000, 200000, 20000.0, 16000.0, 236000.0, 400000, '2023-04-25 00:00:00');
INSERT INTO motorbike_booking_history (id, booking_id, status, changed_at) VALUES ('d8ebeb44-984c-499c-a370-76122a74166a', 'd023c36d-a090-4565-9016-dea68dd33340', 'PENDING', '2023-04-25 00:00:00');
INSERT INTO motorbike_booking_history (id, booking_id, status, changed_at) VALUES ('43bc20d9-9b47-4c9c-8aae-de521c314131', 'd023c36d-a090-4565-9016-dea68dd33340', 'CANCELLED', '2023-04-25 02:00:00');
INSERT INTO motorbike_bookings (id, motorbike_id, renter_id, owner_id, status, start_date, end_date, total_days, price_per_day, base_price, service_fee, taxes, total, deposit, created_at) VALUES ('5d049958-315c-418c-b4e1-e50cea102213', 'BIKE-3', 'C3D4E5F6-G7H8-9012-CDEF-345678901234', 'E5F6G7H8-I9J0-1234-EFGH-567890123456', 'CANCELLED', '2023-08-21', '2023-08-27', 6, 120000, 720000, 72000.0, 57600.0, 849600.0, 240000, '2023-08-16 00:00:00');
INSERT INTO motorbike_booking_history (id, booking_id, status, changed_at) VALUES ('90f789a6-94b4-40ef-837f-2e601f889adf', '5d049958-315c-418c-b4e1-e50cea102213', 'PENDING', '2023-08-16 00:00:00');
INSERT INTO motorbike_booking_history (id, booking_id, status, changed_at) VALUES ('4fb2398a-26c5-40c9-8fe0-104977e32c67', '5d049958-315c-418c-b4e1-e50cea102213', 'CANCELLED', '2023-08-16 02:00:00');
INSERT INTO motorbike_bookings (id, motorbike_id, renter_id, owner_id, status, start_date, end_date, total_days, price_per_day, base_price, service_fee, taxes, total, deposit, created_at) VALUES ('0059cb7b-4f03-4156-827e-f0c9f43a038b', 'BIKE-3', 'B2C3D4E5-F6G7-8901-BCDE-234567890123', 'E5F6G7H8-I9J0-1234-EFGH-567890123456', 'CANCELLED', '2023-07-09', '2023-07-18', 9, 120000, 1080000, 108000.0, 86400.0, 1274400.0, 240000, '2023-06-26 00:00:00');
INSERT INTO motorbike_booking_history (id, booking_id, status, changed_at) VALUES ('40163525-c3cf-4e71-bc32-8fe5799908bd', '0059cb7b-4f03-4156-827e-f0c9f43a038b', 'PENDING', '2023-06-26 00:00:00');
INSERT INTO motorbike_booking_history (id, booking_id, status, changed_at) VALUES ('39ba7721-7a14-4d62-af21-b551f1ff7464', '0059cb7b-4f03-4156-827e-f0c9f43a038b', 'CANCELLED', '2023-06-26 02:00:00');
INSERT INTO motorbike_bookings (id, motorbike_id, renter_id, owner_id, status, start_date, end_date, total_days, price_per_day, base_price, service_fee, taxes, total, deposit, created_at) VALUES ('882cb04f-073f-4ba7-83ab-eb2f3095ec14', 'BIKE-1', 'B2C3D4E5-F6G7-8901-BCDE-234567890123', 'E5F6G7H8-I9J0-1234-EFGH-567890123456', 'COMPLETED', '2024-02-08', '2024-02-14', 6, 150000, 900000, 90000.0, 72000.0, 1062000.0, 300000, '2024-01-28 00:00:00');
INSERT INTO motorbike_booking_history (id, booking_id, status, changed_at) VALUES ('39f357ee-a933-4999-976c-298a4deeb045', '882cb04f-073f-4ba7-83ab-eb2f3095ec14', 'PENDING', '2024-01-28 00:00:00');
INSERT INTO motorbike_booking_history (id, booking_id, status, changed_at) VALUES ('9e658a7d-b84a-4458-86e7-a1e0b5b8585f', '882cb04f-073f-4ba7-83ab-eb2f3095ec14', 'COMPLETED', '2024-01-28 02:00:00');
INSERT INTO motorbike_bookings (id, motorbike_id, renter_id, owner_id, status, start_date, end_date, total_days, price_per_day, base_price, service_fee, taxes, total, deposit, created_at) VALUES ('d4281f98-6016-4612-80cd-dc44d949eb05', 'BIKE-1', 'D4E5F6G7-H8I9-0123-DEFG-456789012345', 'E5F6G7H8-I9J0-1234-EFGH-567890123456', 'COMPLETED', '2024-04-02', '2024-04-08', 6, 150000, 900000, 90000.0, 72000.0, 1062000.0, 300000, '2024-03-24 00:00:00');
INSERT INTO motorbike_booking_history (id, booking_id, status, changed_at) VALUES ('ff54e916-912b-4b61-b176-bf09d8b9a64b', 'd4281f98-6016-4612-80cd-dc44d949eb05', 'PENDING', '2024-03-24 00:00:00');
INSERT INTO motorbike_booking_history (id, booking_id, status, changed_at) VALUES ('07c6461d-0ccf-41fb-a0e4-4b75a23c1f65', 'd4281f98-6016-4612-80cd-dc44d949eb05', 'COMPLETED', '2024-03-24 02:00:00');
INSERT INTO motorbike_bookings (id, motorbike_id, renter_id, owner_id, status, start_date, end_date, total_days, price_per_day, base_price, service_fee, taxes, total, deposit, created_at) VALUES ('f53265de-b735-4c39-8c85-6ac62e50783a', 'BIKE-3', 'B2C3D4E5-F6G7-8901-BCDE-234567890123', 'E5F6G7H8-I9J0-1234-EFGH-567890123456', 'COMPLETED', '2023-02-22', '2023-03-04', 10, 120000, 1200000, 120000.0, 96000.0, 1416000.0, 240000, '2023-02-19 00:00:00');
INSERT INTO motorbike_booking_history (id, booking_id, status, changed_at) VALUES ('f0715a78-5d41-406a-83c6-e5d6dd57b71e', 'f53265de-b735-4c39-8c85-6ac62e50783a', 'PENDING', '2023-02-19 00:00:00');
INSERT INTO motorbike_booking_history (id, booking_id, status, changed_at) VALUES ('01e9f496-810e-4bdc-8417-bd14f67859d0', 'f53265de-b735-4c39-8c85-6ac62e50783a', 'COMPLETED', '2023-02-19 02:00:00');
INSERT INTO motorbike_bookings (id, motorbike_id, renter_id, owner_id, status, start_date, end_date, total_days, price_per_day, base_price, service_fee, taxes, total, deposit, created_at) VALUES ('0691a943-0d8e-4af9-80da-e284c14a8465', 'BIKE-2', 'C3D4E5F6-G7H8-9012-CDEF-345678901234', 'E5F6G7H8-I9J0-1234-EFGH-567890123456', 'COMPLETED', '2024-03-25', '2024-04-03', 9, 200000, 1800000, 180000.0, 144000.0, 2124000.0, 400000, '2024-03-22 00:00:00');
INSERT INTO motorbike_booking_history (id, booking_id, status, changed_at) VALUES ('6b5bfef4-fbc3-4818-b0be-9e8d1a26ef06', '0691a943-0d8e-4af9-80da-e284c14a8465', 'PENDING', '2024-03-22 00:00:00');
INSERT INTO motorbike_booking_history (id, booking_id, status, changed_at) VALUES ('7f0ff640-b873-4f02-a11d-00fb8e66f9b3', '0691a943-0d8e-4af9-80da-e284c14a8465', 'COMPLETED', '2024-03-22 02:00:00');
INSERT INTO motorbike_bookings (id, motorbike_id, renter_id, owner_id, status, start_date, end_date, total_days, price_per_day, base_price, service_fee, taxes, total, deposit, created_at) VALUES ('09f9f4f1-6ecb-46e8-b655-98c59eff40a4', 'BIKE-1', 'B2C3D4E5-F6G7-8901-BCDE-234567890123', 'E5F6G7H8-I9J0-1234-EFGH-567890123456', 'COMPLETED', '2023-01-03', '2023-01-10', 7, 150000, 1050000, 105000.0, 84000.0, 1239000.0, 300000, '2023-01-01 00:00:00');
INSERT INTO motorbike_booking_history (id, booking_id, status, changed_at) VALUES ('3a0eccbd-68bb-45a0-9b98-707071ca08b9', '09f9f4f1-6ecb-46e8-b655-98c59eff40a4', 'PENDING', '2023-01-01 00:00:00');
INSERT INTO motorbike_booking_history (id, booking_id, status, changed_at) VALUES ('99cdf628-5d84-42a6-8f59-a5bc5821f4e6', '09f9f4f1-6ecb-46e8-b655-98c59eff40a4', 'COMPLETED', '2023-01-01 02:00:00');
INSERT INTO motorbike_bookings (id, motorbike_id, renter_id, owner_id, status, start_date, end_date, total_days, price_per_day, base_price, service_fee, taxes, total, deposit, created_at) VALUES ('0e29bc3e-3d7d-4dc5-a29f-a8bf81f9b5b8', 'BIKE-1', 'D4E5F6G7-H8I9-0123-DEFG-456789012345', 'E5F6G7H8-I9J0-1234-EFGH-567890123456', 'COMPLETED', '2023-01-06', '2023-01-13', 7, 150000, 1050000, 105000.0, 84000.0, 1239000.0, 300000, '2023-01-05 00:00:00');
INSERT INTO motorbike_booking_history (id, booking_id, status, changed_at) VALUES ('1caf410d-aafd-4639-8fae-5db80c0fdb66', '0e29bc3e-3d7d-4dc5-a29f-a8bf81f9b5b8', 'PENDING', '2023-01-05 00:00:00');
INSERT INTO motorbike_booking_history (id, booking_id, status, changed_at) VALUES ('fb5eaeaa-36e3-40f7-80ed-4dc153c160c3', '0e29bc3e-3d7d-4dc5-a29f-a8bf81f9b5b8', 'COMPLETED', '2023-01-05 02:00:00');
INSERT INTO motorbike_bookings (id, motorbike_id, renter_id, owner_id, status, start_date, end_date, total_days, price_per_day, base_price, service_fee, taxes, total, deposit, created_at) VALUES ('9303e030-fbf5-433d-bdbd-5fc5720f5f1e', 'BIKE-1', 'B2C3D4E5-F6G7-8901-BCDE-234567890123', 'E5F6G7H8-I9J0-1234-EFGH-567890123456', 'COMPLETED', '2024-01-13', '2024-01-20', 7, 150000, 1050000, 105000.0, 84000.0, 1239000.0, 300000, '2024-01-09 00:00:00');
INSERT INTO motorbike_booking_history (id, booking_id, status, changed_at) VALUES ('354d4dac-3872-4337-9e30-501f8ff6b12c', '9303e030-fbf5-433d-bdbd-5fc5720f5f1e', 'PENDING', '2024-01-09 00:00:00');
INSERT INTO motorbike_booking_history (id, booking_id, status, changed_at) VALUES ('6abd4acf-92b3-4597-9a25-4a5da7d18900', '9303e030-fbf5-433d-bdbd-5fc5720f5f1e', 'COMPLETED', '2024-01-09 02:00:00');
INSERT INTO motorbike_bookings (id, motorbike_id, renter_id, owner_id, status, start_date, end_date, total_days, price_per_day, base_price, service_fee, taxes, total, deposit, created_at) VALUES ('0f8bc304-fa4d-4203-8e3b-8849cae9a771', 'BIKE-3', 'C3D4E5F6-G7H8-9012-CDEF-345678901234', 'E5F6G7H8-I9J0-1234-EFGH-567890123456', 'COMPLETED', '2023-01-19', '2023-01-21', 2, 120000, 240000, 24000.0, 19200.0, 283200.0, 240000, '2023-01-17 00:00:00');
INSERT INTO motorbike_booking_history (id, booking_id, status, changed_at) VALUES ('afeb9ba4-aec5-4923-82b9-f440134a877e', '0f8bc304-fa4d-4203-8e3b-8849cae9a771', 'PENDING', '2023-01-17 00:00:00');
INSERT INTO motorbike_booking_history (id, booking_id, status, changed_at) VALUES ('2d305433-f331-4a7e-8d38-f69bb6f21f0e', '0f8bc304-fa4d-4203-8e3b-8849cae9a771', 'COMPLETED', '2023-01-17 02:00:00');
INSERT INTO motorbike_bookings (id, motorbike_id, renter_id, owner_id, status, start_date, end_date, total_days, price_per_day, base_price, service_fee, taxes, total, deposit, created_at) VALUES ('e2d80e79-6987-4680-a32d-1e9499812b24', 'BIKE-3', 'D4E5F6G7-H8I9-0123-DEFG-456789012345', 'E5F6G7H8-I9J0-1234-EFGH-567890123456', 'COMPLETED', '2023-08-06', '2023-08-08', 2, 120000, 240000, 24000.0, 19200.0, 283200.0, 240000, '2023-07-27 00:00:00');
INSERT INTO motorbike_booking_history (id, booking_id, status, changed_at) VALUES ('390b7a9d-c4e4-4595-9187-b707487a3335', 'e2d80e79-6987-4680-a32d-1e9499812b24', 'PENDING', '2023-07-27 00:00:00');
INSERT INTO motorbike_booking_history (id, booking_id, status, changed_at) VALUES ('769812d7-8afc-45a7-ac8c-4d927456c603', 'e2d80e79-6987-4680-a32d-1e9499812b24', 'COMPLETED', '2023-07-27 02:00:00');
INSERT INTO motorbike_bookings (id, motorbike_id, renter_id, owner_id, status, start_date, end_date, total_days, price_per_day, base_price, service_fee, taxes, total, deposit, created_at) VALUES ('a597f120-7f73-4c34-b494-df800d117486', 'BIKE-3', 'C3D4E5F6-G7H8-9012-CDEF-345678901234', 'E5F6G7H8-I9J0-1234-EFGH-567890123456', 'COMPLETED', '2023-05-31', '2023-06-10', 10, 120000, 1200000, 120000.0, 96000.0, 1416000.0, 240000, '2023-05-17 00:00:00');
INSERT INTO motorbike_booking_history (id, booking_id, status, changed_at) VALUES ('dd358a63-ce78-4687-ac32-b0a68e25034a', 'a597f120-7f73-4c34-b494-df800d117486', 'PENDING', '2023-05-17 00:00:00');
INSERT INTO motorbike_booking_history (id, booking_id, status, changed_at) VALUES ('7d583ba9-750a-4065-8907-e88027cb2e4d', 'a597f120-7f73-4c34-b494-df800d117486', 'COMPLETED', '2023-05-17 02:00:00');
INSERT INTO motorbike_bookings (id, motorbike_id, renter_id, owner_id, status, start_date, end_date, total_days, price_per_day, base_price, service_fee, taxes, total, deposit, created_at) VALUES ('3f8bf577-7246-4d89-bf8c-a68825b53965', 'BIKE-1', 'C3D4E5F6-G7H8-9012-CDEF-345678901234', 'E5F6G7H8-I9J0-1234-EFGH-567890123456', 'CANCELLED', '2023-11-24', '2023-11-25', 1, 150000, 150000, 15000.0, 12000.0, 177000.0, 300000, '2023-11-10 00:00:00');
INSERT INTO motorbike_booking_history (id, booking_id, status, changed_at) VALUES ('c6cf0523-7ea9-451e-bd82-fe9cdcd3c48b', '3f8bf577-7246-4d89-bf8c-a68825b53965', 'PENDING', '2023-11-10 00:00:00');
INSERT INTO motorbike_booking_history (id, booking_id, status, changed_at) VALUES ('0b5f8c67-01fb-4d4a-b328-224462643ee9', '3f8bf577-7246-4d89-bf8c-a68825b53965', 'CANCELLED', '2023-11-10 02:00:00');
INSERT INTO motorbike_bookings (id, motorbike_id, renter_id, owner_id, status, start_date, end_date, total_days, price_per_day, base_price, service_fee, taxes, total, deposit, created_at) VALUES ('ee8874ab-3337-49b6-bdbf-44e49361b9a5', 'BIKE-2', 'C3D4E5F6-G7H8-9012-CDEF-345678901234', 'E5F6G7H8-I9J0-1234-EFGH-567890123456', 'COMPLETED', '2024-01-12', '2024-01-13', 1, 200000, 200000, 20000.0, 16000.0, 236000.0, 400000, '2024-01-06 00:00:00');
INSERT INTO motorbike_booking_history (id, booking_id, status, changed_at) VALUES ('2df28028-b3cd-4023-aeee-e73c6236affe', 'ee8874ab-3337-49b6-bdbf-44e49361b9a5', 'PENDING', '2024-01-06 00:00:00');
INSERT INTO motorbike_booking_history (id, booking_id, status, changed_at) VALUES ('9c0c9918-dba2-4b0f-8140-d517965a2b60', 'ee8874ab-3337-49b6-bdbf-44e49361b9a5', 'COMPLETED', '2024-01-06 02:00:00');
INSERT INTO motorbike_bookings (id, motorbike_id, renter_id, owner_id, status, start_date, end_date, total_days, price_per_day, base_price, service_fee, taxes, total, deposit, created_at) VALUES ('7af1a882-3661-4c73-9158-4f1daa88abc8', 'BIKE-3', 'C3D4E5F6-G7H8-9012-CDEF-345678901234', 'E5F6G7H8-I9J0-1234-EFGH-567890123456', 'COMPLETED', '2024-01-31', '2024-02-09', 9, 120000, 1080000, 108000.0, 86400.0, 1274400.0, 240000, '2024-01-21 00:00:00');
INSERT INTO motorbike_booking_history (id, booking_id, status, changed_at) VALUES ('7c0ce636-0346-4662-a73b-ce1516f39bef', '7af1a882-3661-4c73-9158-4f1daa88abc8', 'PENDING', '2024-01-21 00:00:00');
INSERT INTO motorbike_booking_history (id, booking_id, status, changed_at) VALUES ('0ec82fb6-d868-4ce3-964b-a7b22bc424fc', '7af1a882-3661-4c73-9158-4f1daa88abc8', 'COMPLETED', '2024-01-21 02:00:00');
INSERT INTO motorbike_bookings (id, motorbike_id, renter_id, owner_id, status, start_date, end_date, total_days, price_per_day, base_price, service_fee, taxes, total, deposit, created_at) VALUES ('b5d57a1b-ba65-4258-97a8-39a2a6cebbf5', 'BIKE-3', 'B2C3D4E5-F6G7-8901-BCDE-234567890123', 'E5F6G7H8-I9J0-1234-EFGH-567890123456', 'COMPLETED', '2023-01-14', '2023-01-15', 1, 120000, 120000, 12000.0, 9600.0, 141600.0, 240000, '2023-01-13 00:00:00');
INSERT INTO motorbike_booking_history (id, booking_id, status, changed_at) VALUES ('43cfbd35-e0c1-46a7-b016-fb92755040d4', 'b5d57a1b-ba65-4258-97a8-39a2a6cebbf5', 'PENDING', '2023-01-13 00:00:00');
INSERT INTO motorbike_booking_history (id, booking_id, status, changed_at) VALUES ('fc5648a1-bda7-4123-a231-24e844bce07b', 'b5d57a1b-ba65-4258-97a8-39a2a6cebbf5', 'COMPLETED', '2023-01-13 02:00:00');
INSERT INTO motorbike_bookings (id, motorbike_id, renter_id, owner_id, status, start_date, end_date, total_days, price_per_day, base_price, service_fee, taxes, total, deposit, created_at) VALUES ('8a83705e-fcd1-4e60-aa09-44ee023e126f', 'BIKE-3', 'B2C3D4E5-F6G7-8901-BCDE-234567890123', 'E5F6G7H8-I9J0-1234-EFGH-567890123456', 'COMPLETED', '2023-12-28', '2023-12-29', 1, 120000, 120000, 12000.0, 9600.0, 141600.0, 240000, '2023-12-15 00:00:00');
INSERT INTO motorbike_booking_history (id, booking_id, status, changed_at) VALUES ('4a40035b-b11b-4867-bbf4-c2bd7853373b', '8a83705e-fcd1-4e60-aa09-44ee023e126f', 'PENDING', '2023-12-15 00:00:00');
INSERT INTO motorbike_booking_history (id, booking_id, status, changed_at) VALUES ('de559ec6-71d3-43ba-8d7b-5881b840bb64', '8a83705e-fcd1-4e60-aa09-44ee023e126f', 'COMPLETED', '2023-12-15 02:00:00');
INSERT INTO motorbike_bookings (id, motorbike_id, renter_id, owner_id, status, start_date, end_date, total_days, price_per_day, base_price, service_fee, taxes, total, deposit, created_at) VALUES ('2800e3e1-3e67-41c8-b1c4-1a1c8f0ab601', 'BIKE-2', 'C3D4E5F6-G7H8-9012-CDEF-345678901234', 'E5F6G7H8-I9J0-1234-EFGH-567890123456', 'COMPLETED', '2023-07-10', '2023-07-15', 5, 200000, 1000000, 100000.0, 80000.0, 1180000.0, 400000, '2023-07-01 00:00:00');
INSERT INTO motorbike_booking_history (id, booking_id, status, changed_at) VALUES ('2327d8e4-a357-4e5d-9d30-dbc97ad6ba48', '2800e3e1-3e67-41c8-b1c4-1a1c8f0ab601', 'PENDING', '2023-07-01 00:00:00');
INSERT INTO motorbike_booking_history (id, booking_id, status, changed_at) VALUES ('c06c1d52-cd92-4b9e-af2d-1b0fe1bedfa4', '2800e3e1-3e67-41c8-b1c4-1a1c8f0ab601', 'COMPLETED', '2023-07-01 02:00:00');
INSERT INTO motorbike_bookings (id, motorbike_id, renter_id, owner_id, status, start_date, end_date, total_days, price_per_day, base_price, service_fee, taxes, total, deposit, created_at) VALUES ('8d518b17-3aaf-44ae-a1bc-5d9a2657f70a', 'BIKE-2', 'B2C3D4E5-F6G7-8901-BCDE-234567890123', 'E5F6G7H8-I9J0-1234-EFGH-567890123456', 'COMPLETED', '2024-01-14', '2024-01-20', 6, 200000, 1200000, 120000.0, 96000.0, 1416000.0, 400000, '2024-01-11 00:00:00');
INSERT INTO motorbike_booking_history (id, booking_id, status, changed_at) VALUES ('8fcdcbe9-34d4-484a-ab0c-f86b745fe4ab', '8d518b17-3aaf-44ae-a1bc-5d9a2657f70a', 'PENDING', '2024-01-11 00:00:00');
INSERT INTO motorbike_booking_history (id, booking_id, status, changed_at) VALUES ('32d98ae4-30f4-4dec-80e7-96aa914c55d9', '8d518b17-3aaf-44ae-a1bc-5d9a2657f70a', 'COMPLETED', '2024-01-11 02:00:00');
INSERT INTO motorbike_bookings (id, motorbike_id, renter_id, owner_id, status, start_date, end_date, total_days, price_per_day, base_price, service_fee, taxes, total, deposit, created_at) VALUES ('f8d2398f-e245-414d-be03-a7c8f3000d6b', 'BIKE-3', 'B2C3D4E5-F6G7-8901-BCDE-234567890123', 'E5F6G7H8-I9J0-1234-EFGH-567890123456', 'COMPLETED', '2023-12-28', '2023-12-29', 1, 120000, 120000, 12000.0, 9600.0, 141600.0, 240000, '2023-12-20 00:00:00');
INSERT INTO motorbike_booking_history (id, booking_id, status, changed_at) VALUES ('4f5cad8b-210e-4d29-81d5-33afe8ea4823', 'f8d2398f-e245-414d-be03-a7c8f3000d6b', 'PENDING', '2023-12-20 00:00:00');
INSERT INTO motorbike_booking_history (id, booking_id, status, changed_at) VALUES ('89e565b4-4b73-427d-b069-819eab3be0e5', 'f8d2398f-e245-414d-be03-a7c8f3000d6b', 'COMPLETED', '2023-12-20 02:00:00');
INSERT INTO motorbike_bookings (id, motorbike_id, renter_id, owner_id, status, start_date, end_date, total_days, price_per_day, base_price, service_fee, taxes, total, deposit, created_at) VALUES ('ff0beae2-2075-47b8-af7b-02f370bee090', 'BIKE-3', 'B2C3D4E5-F6G7-8901-BCDE-234567890123', 'E5F6G7H8-I9J0-1234-EFGH-567890123456', 'COMPLETED', '2024-04-17', '2024-04-18', 1, 120000, 120000, 12000.0, 9600.0, 141600.0, 240000, '2024-04-13 00:00:00');
INSERT INTO motorbike_booking_history (id, booking_id, status, changed_at) VALUES ('030f851b-6188-4ca1-b52b-480577d5f51f', 'ff0beae2-2075-47b8-af7b-02f370bee090', 'PENDING', '2024-04-13 00:00:00');
INSERT INTO motorbike_booking_history (id, booking_id, status, changed_at) VALUES ('f0991a9d-920e-4908-abda-903e5c725b00', 'ff0beae2-2075-47b8-af7b-02f370bee090', 'COMPLETED', '2024-04-13 02:00:00');
INSERT INTO motorbike_bookings (id, motorbike_id, renter_id, owner_id, status, start_date, end_date, total_days, price_per_day, base_price, service_fee, taxes, total, deposit, created_at) VALUES ('26377b47-bf26-4f3f-b326-44a730932e14', 'BIKE-2', 'C3D4E5F6-G7H8-9012-CDEF-345678901234', 'E5F6G7H8-I9J0-1234-EFGH-567890123456', 'COMPLETED', '2023-09-01', '2023-09-03', 2, 200000, 400000, 40000.0, 32000.0, 472000.0, 400000, '2023-08-20 00:00:00');
INSERT INTO motorbike_booking_history (id, booking_id, status, changed_at) VALUES ('e13d8bf6-5c67-43a9-98a1-6b0dcf5f173d', '26377b47-bf26-4f3f-b326-44a730932e14', 'PENDING', '2023-08-20 00:00:00');
INSERT INTO motorbike_booking_history (id, booking_id, status, changed_at) VALUES ('0b4a6fb3-8927-4024-9601-6f980fe3fb2d', '26377b47-bf26-4f3f-b326-44a730932e14', 'COMPLETED', '2023-08-20 02:00:00');
INSERT INTO motorbike_bookings (id, motorbike_id, renter_id, owner_id, status, start_date, end_date, total_days, price_per_day, base_price, service_fee, taxes, total, deposit, created_at) VALUES ('fc7bc848-64b6-44ac-9b2c-a6dc2e33fee2', 'BIKE-1', 'B2C3D4E5-F6G7-8901-BCDE-234567890123', 'E5F6G7H8-I9J0-1234-EFGH-567890123456', 'COMPLETED', '2024-04-29', '2024-05-06', 7, 150000, 1050000, 105000.0, 84000.0, 1239000.0, 300000, '2024-04-21 00:00:00');
INSERT INTO motorbike_booking_history (id, booking_id, status, changed_at) VALUES ('7a19f3b7-3e79-404e-98f0-bc87100555f1', 'fc7bc848-64b6-44ac-9b2c-a6dc2e33fee2', 'PENDING', '2024-04-21 00:00:00');
INSERT INTO motorbike_booking_history (id, booking_id, status, changed_at) VALUES ('acbd4029-d798-472c-a08a-c7d87127939d', 'fc7bc848-64b6-44ac-9b2c-a6dc2e33fee2', 'COMPLETED', '2024-04-21 02:00:00');
INSERT INTO motorbike_bookings (id, motorbike_id, renter_id, owner_id, status, start_date, end_date, total_days, price_per_day, base_price, service_fee, taxes, total, deposit, created_at) VALUES ('d60468c0-b4ad-413e-999e-b8e232b31536', 'BIKE-2', 'D4E5F6G7-H8I9-0123-DEFG-456789012345', 'E5F6G7H8-I9J0-1234-EFGH-567890123456', 'COMPLETED', '2023-08-27', '2023-08-29', 2, 200000, 400000, 40000.0, 32000.0, 472000.0, 400000, '2023-08-26 00:00:00');
INSERT INTO motorbike_booking_history (id, booking_id, status, changed_at) VALUES ('51af674d-3694-4eda-b3e2-fc659412e344', 'd60468c0-b4ad-413e-999e-b8e232b31536', 'PENDING', '2023-08-26 00:00:00');
INSERT INTO motorbike_booking_history (id, booking_id, status, changed_at) VALUES ('9e88b33d-208b-4f88-a51d-8f98e9a352ab', 'd60468c0-b4ad-413e-999e-b8e232b31536', 'COMPLETED', '2023-08-26 02:00:00');
INSERT INTO motorbike_bookings (id, motorbike_id, renter_id, owner_id, status, start_date, end_date, total_days, price_per_day, base_price, service_fee, taxes, total, deposit, created_at) VALUES ('466d97ac-e90d-4e6f-9cb7-6ed4cb07094e', 'BIKE-3', 'B2C3D4E5-F6G7-8901-BCDE-234567890123', 'E5F6G7H8-I9J0-1234-EFGH-567890123456', 'COMPLETED', '2023-02-13', '2023-02-16', 3, 120000, 360000, 36000.0, 28800.0, 424800.0, 240000, '2023-02-12 00:00:00');
INSERT INTO motorbike_booking_history (id, booking_id, status, changed_at) VALUES ('0fd7d4ab-26b6-432c-86bf-30db5a385fb9', '466d97ac-e90d-4e6f-9cb7-6ed4cb07094e', 'PENDING', '2023-02-12 00:00:00');
INSERT INTO motorbike_booking_history (id, booking_id, status, changed_at) VALUES ('8a3b72cb-ca68-4ac3-b7cc-24043222e371', '466d97ac-e90d-4e6f-9cb7-6ed4cb07094e', 'COMPLETED', '2023-02-12 02:00:00');
INSERT INTO motorbike_bookings (id, motorbike_id, renter_id, owner_id, status, start_date, end_date, total_days, price_per_day, base_price, service_fee, taxes, total, deposit, created_at) VALUES ('a7cbd60f-e068-4338-9069-b94aac71ab5b', 'BIKE-1', 'D4E5F6G7-H8I9-0123-DEFG-456789012345', 'E5F6G7H8-I9J0-1234-EFGH-567890123456', 'COMPLETED', '2023-09-30', '2023-10-04', 4, 150000, 600000, 60000.0, 48000.0, 708000.0, 300000, '2023-09-17 00:00:00');
INSERT INTO motorbike_booking_history (id, booking_id, status, changed_at) VALUES ('0ccfbd30-6bb0-44d4-87d1-7872ba94e765', 'a7cbd60f-e068-4338-9069-b94aac71ab5b', 'PENDING', '2023-09-17 00:00:00');
INSERT INTO motorbike_booking_history (id, booking_id, status, changed_at) VALUES ('196c28f2-f574-4f60-b7ec-5f13c8e693f5', 'a7cbd60f-e068-4338-9069-b94aac71ab5b', 'COMPLETED', '2023-09-17 02:00:00');
INSERT INTO motorbike_bookings (id, motorbike_id, renter_id, owner_id, status, start_date, end_date, total_days, price_per_day, base_price, service_fee, taxes, total, deposit, created_at) VALUES ('871d0f72-3c92-4720-96f8-1405bedece67', 'BIKE-2', 'D4E5F6G7-H8I9-0123-DEFG-456789012345', 'E5F6G7H8-I9J0-1234-EFGH-567890123456', 'COMPLETED', '2023-09-09', '2023-09-16', 7, 200000, 1400000, 140000.0, 112000.0, 1652000.0, 400000, '2023-09-02 00:00:00');
INSERT INTO motorbike_booking_history (id, booking_id, status, changed_at) VALUES ('60828004-f786-4b2d-aef0-d6e1d2be4ec3', '871d0f72-3c92-4720-96f8-1405bedece67', 'PENDING', '2023-09-02 00:00:00');
INSERT INTO motorbike_booking_history (id, booking_id, status, changed_at) VALUES ('8c0afe2d-dabf-41a9-ac49-aceb91cb0626', '871d0f72-3c92-4720-96f8-1405bedece67', 'COMPLETED', '2023-09-02 02:00:00');
INSERT INTO motorbike_bookings (id, motorbike_id, renter_id, owner_id, status, start_date, end_date, total_days, price_per_day, base_price, service_fee, taxes, total, deposit, created_at) VALUES ('ab25f57d-a093-4724-a546-e53f76a4ca8a', 'BIKE-2', 'D4E5F6G7-H8I9-0123-DEFG-456789012345', 'E5F6G7H8-I9J0-1234-EFGH-567890123456', 'COMPLETED', '2023-04-23', '2023-04-25', 2, 200000, 400000, 40000.0, 32000.0, 472000.0, 400000, '2023-04-20 00:00:00');
INSERT INTO motorbike_booking_history (id, booking_id, status, changed_at) VALUES ('419c4e02-d54a-4644-8241-6a0f8e4c7e02', 'ab25f57d-a093-4724-a546-e53f76a4ca8a', 'PENDING', '2023-04-20 00:00:00');
INSERT INTO motorbike_booking_history (id, booking_id, status, changed_at) VALUES ('02243f1e-b613-41ee-b9aa-373d7ade1c22', 'ab25f57d-a093-4724-a546-e53f76a4ca8a', 'COMPLETED', '2023-04-20 02:00:00');
INSERT INTO motorbike_bookings (id, motorbike_id, renter_id, owner_id, status, start_date, end_date, total_days, price_per_day, base_price, service_fee, taxes, total, deposit, created_at) VALUES ('aa928217-36c6-40f4-8ca7-c0931aba1bda', 'BIKE-2', 'D4E5F6G7-H8I9-0123-DEFG-456789012345', 'E5F6G7H8-I9J0-1234-EFGH-567890123456', 'COMPLETED', '2023-04-07', '2023-04-13', 6, 200000, 1200000, 120000.0, 96000.0, 1416000.0, 400000, '2023-04-02 00:00:00');
INSERT INTO motorbike_booking_history (id, booking_id, status, changed_at) VALUES ('54078a2d-5cf5-4b15-ba48-f2f334da1dde', 'aa928217-36c6-40f4-8ca7-c0931aba1bda', 'PENDING', '2023-04-02 00:00:00');
INSERT INTO motorbike_booking_history (id, booking_id, status, changed_at) VALUES ('658b9f8c-9a9a-437a-b865-fd737a8af494', 'aa928217-36c6-40f4-8ca7-c0931aba1bda', 'COMPLETED', '2023-04-02 02:00:00');
INSERT INTO motorbike_bookings (id, motorbike_id, renter_id, owner_id, status, start_date, end_date, total_days, price_per_day, base_price, service_fee, taxes, total, deposit, created_at) VALUES ('2fb9f297-b1c4-45a5-a349-67a36eb6b4f7', 'BIKE-3', 'D4E5F6G7-H8I9-0123-DEFG-456789012345', 'E5F6G7H8-I9J0-1234-EFGH-567890123456', 'COMPLETED', '2023-02-09', '2023-02-19', 10, 120000, 1200000, 120000.0, 96000.0, 1416000.0, 240000, '2023-01-29 00:00:00');
INSERT INTO motorbike_booking_history (id, booking_id, status, changed_at) VALUES ('1bc4be1c-80c2-47a2-ab3c-6c7785adbba2', '2fb9f297-b1c4-45a5-a349-67a36eb6b4f7', 'PENDING', '2023-01-29 00:00:00');
INSERT INTO motorbike_booking_history (id, booking_id, status, changed_at) VALUES ('b1753071-0756-41b5-8588-dd3e004f8dc9', '2fb9f297-b1c4-45a5-a349-67a36eb6b4f7', 'COMPLETED', '2023-01-29 02:00:00');
INSERT INTO motorbike_bookings (id, motorbike_id, renter_id, owner_id, status, start_date, end_date, total_days, price_per_day, base_price, service_fee, taxes, total, deposit, created_at) VALUES ('a789ca27-f5b3-4fdf-b964-277e9701ea9a', 'BIKE-3', 'C3D4E5F6-G7H8-9012-CDEF-345678901234', 'E5F6G7H8-I9J0-1234-EFGH-567890123456', 'CANCELLED', '2024-01-17', '2024-01-23', 6, 120000, 720000, 72000.0, 57600.0, 849600.0, 240000, '2024-01-12 00:00:00');
INSERT INTO motorbike_booking_history (id, booking_id, status, changed_at) VALUES ('ddd7b9ed-e695-4de7-ba50-92f8315b5273', 'a789ca27-f5b3-4fdf-b964-277e9701ea9a', 'PENDING', '2024-01-12 00:00:00');
INSERT INTO motorbike_booking_history (id, booking_id, status, changed_at) VALUES ('89ed92da-6d4f-46a1-b911-5a49b0835211', 'a789ca27-f5b3-4fdf-b964-277e9701ea9a', 'CANCELLED', '2024-01-12 02:00:00');
INSERT INTO motorbike_bookings (id, motorbike_id, renter_id, owner_id, status, start_date, end_date, total_days, price_per_day, base_price, service_fee, taxes, total, deposit, created_at) VALUES ('3a3f912c-6fe8-4ef9-b50d-ed6894040a21', 'BIKE-1', 'D4E5F6G7-H8I9-0123-DEFG-456789012345', 'E5F6G7H8-I9J0-1234-EFGH-567890123456', 'COMPLETED', '2023-06-15', '2023-06-16', 1, 150000, 150000, 15000.0, 12000.0, 177000.0, 300000, '2023-06-04 00:00:00');
INSERT INTO motorbike_booking_history (id, booking_id, status, changed_at) VALUES ('38263b6d-c6e4-402a-a55a-79a5108ccb31', '3a3f912c-6fe8-4ef9-b50d-ed6894040a21', 'PENDING', '2023-06-04 00:00:00');
INSERT INTO motorbike_booking_history (id, booking_id, status, changed_at) VALUES ('40923248-12b9-4fb3-8a32-82c8f0928afa', '3a3f912c-6fe8-4ef9-b50d-ed6894040a21', 'COMPLETED', '2023-06-04 02:00:00');
INSERT INTO motorbike_bookings (id, motorbike_id, renter_id, owner_id, status, start_date, end_date, total_days, price_per_day, base_price, service_fee, taxes, total, deposit, created_at) VALUES ('310ff8c7-bc99-4651-b094-cbf8b8f53bec', 'BIKE-3', 'D4E5F6G7-H8I9-0123-DEFG-456789012345', 'E5F6G7H8-I9J0-1234-EFGH-567890123456', 'COMPLETED', '2023-05-02', '2023-05-12', 10, 120000, 1200000, 120000.0, 96000.0, 1416000.0, 240000, '2023-04-21 00:00:00');
INSERT INTO motorbike_booking_history (id, booking_id, status, changed_at) VALUES ('c652ca9b-37b2-4765-95fc-9a54fa7c22a9', '310ff8c7-bc99-4651-b094-cbf8b8f53bec', 'PENDING', '2023-04-21 00:00:00');
INSERT INTO motorbike_booking_history (id, booking_id, status, changed_at) VALUES ('14aab253-419d-472a-b7ee-dc769cf9610f', '310ff8c7-bc99-4651-b094-cbf8b8f53bec', 'COMPLETED', '2023-04-21 02:00:00');
INSERT INTO motorbike_bookings (id, motorbike_id, renter_id, owner_id, status, start_date, end_date, total_days, price_per_day, base_price, service_fee, taxes, total, deposit, created_at) VALUES ('62de1165-9d87-4e58-a9a1-cdc80188c1a6', 'BIKE-3', 'B2C3D4E5-F6G7-8901-BCDE-234567890123', 'E5F6G7H8-I9J0-1234-EFGH-567890123456', 'COMPLETED', '2024-05-14', '2024-05-18', 4, 120000, 480000, 48000.0, 38400.0, 566400.0, 240000, '2024-05-13 00:00:00');
INSERT INTO motorbike_booking_history (id, booking_id, status, changed_at) VALUES ('9a4249fc-2cfc-4d4a-90b7-582c9a9097df', '62de1165-9d87-4e58-a9a1-cdc80188c1a6', 'PENDING', '2024-05-13 00:00:00');
INSERT INTO motorbike_booking_history (id, booking_id, status, changed_at) VALUES ('eca8e46c-f21f-4720-b06b-c8b11d173514', '62de1165-9d87-4e58-a9a1-cdc80188c1a6', 'COMPLETED', '2024-05-13 02:00:00');
INSERT INTO motorbike_bookings (id, motorbike_id, renter_id, owner_id, status, start_date, end_date, total_days, price_per_day, base_price, service_fee, taxes, total, deposit, created_at) VALUES ('1e13ead8-0730-425b-99e0-138d7a3388ba', 'BIKE-2', 'B2C3D4E5-F6G7-8901-BCDE-234567890123', 'E5F6G7H8-I9J0-1234-EFGH-567890123456', 'COMPLETED', '2023-08-11', '2023-08-15', 4, 200000, 800000, 80000.0, 64000.0, 944000.0, 400000, '2023-07-28 00:00:00');
INSERT INTO motorbike_booking_history (id, booking_id, status, changed_at) VALUES ('817a632f-c846-45c1-b9f1-c5eafaad9c5f', '1e13ead8-0730-425b-99e0-138d7a3388ba', 'PENDING', '2023-07-28 00:00:00');
INSERT INTO motorbike_booking_history (id, booking_id, status, changed_at) VALUES ('30aa799f-8dc9-4b3a-b389-2024c9b2dea1', '1e13ead8-0730-425b-99e0-138d7a3388ba', 'COMPLETED', '2023-07-28 02:00:00');
INSERT INTO motorbike_bookings (id, motorbike_id, renter_id, owner_id, status, start_date, end_date, total_days, price_per_day, base_price, service_fee, taxes, total, deposit, created_at) VALUES ('a2de7b86-0856-480b-9d98-1fa60202428c', 'BIKE-2', 'B2C3D4E5-F6G7-8901-BCDE-234567890123', 'E5F6G7H8-I9J0-1234-EFGH-567890123456', 'COMPLETED', '2023-08-02', '2023-08-04', 2, 200000, 400000, 40000.0, 32000.0, 472000.0, 400000, '2023-07-23 00:00:00');
INSERT INTO motorbike_booking_history (id, booking_id, status, changed_at) VALUES ('e3ef4c02-d7af-47ec-8e5f-4ba6b22d288d', 'a2de7b86-0856-480b-9d98-1fa60202428c', 'PENDING', '2023-07-23 00:00:00');
INSERT INTO motorbike_booking_history (id, booking_id, status, changed_at) VALUES ('a4e9a10e-423e-4309-b137-04e422f830ae', 'a2de7b86-0856-480b-9d98-1fa60202428c', 'COMPLETED', '2023-07-23 02:00:00');
INSERT INTO motorbike_bookings (id, motorbike_id, renter_id, owner_id, status, start_date, end_date, total_days, price_per_day, base_price, service_fee, taxes, total, deposit, created_at) VALUES ('4cf52768-b81b-4895-9b31-930cf9c30487', 'BIKE-2', 'B2C3D4E5-F6G7-8901-BCDE-234567890123', 'E5F6G7H8-I9J0-1234-EFGH-567890123456', 'COMPLETED', '2023-04-01', '2023-04-07', 6, 200000, 1200000, 120000.0, 96000.0, 1416000.0, 400000, '2023-03-24 00:00:00');
INSERT INTO motorbike_booking_history (id, booking_id, status, changed_at) VALUES ('916ecfb3-0c29-4916-9656-9a667233ff2d', '4cf52768-b81b-4895-9b31-930cf9c30487', 'PENDING', '2023-03-24 00:00:00');
INSERT INTO motorbike_booking_history (id, booking_id, status, changed_at) VALUES ('bc40da76-bc3e-4be3-9b39-7c3f1d0ee73b', '4cf52768-b81b-4895-9b31-930cf9c30487', 'COMPLETED', '2023-03-24 02:00:00');
INSERT INTO motorbike_bookings (id, motorbike_id, renter_id, owner_id, status, start_date, end_date, total_days, price_per_day, base_price, service_fee, taxes, total, deposit, created_at) VALUES ('103899cc-a8ca-4573-89b0-c4a56df37f72', 'BIKE-2', 'B2C3D4E5-F6G7-8901-BCDE-234567890123', 'E5F6G7H8-I9J0-1234-EFGH-567890123456', 'COMPLETED', '2023-02-24', '2023-03-02', 6, 200000, 1200000, 120000.0, 96000.0, 1416000.0, 400000, '2023-02-21 00:00:00');
INSERT INTO motorbike_booking_history (id, booking_id, status, changed_at) VALUES ('5f36b61d-cd7a-4051-89a1-c8251919390e', '103899cc-a8ca-4573-89b0-c4a56df37f72', 'PENDING', '2023-02-21 00:00:00');
INSERT INTO motorbike_booking_history (id, booking_id, status, changed_at) VALUES ('00791eae-06e6-4d63-942c-ea170c7df637', '103899cc-a8ca-4573-89b0-c4a56df37f72', 'COMPLETED', '2023-02-21 02:00:00');
INSERT INTO motorbike_bookings (id, motorbike_id, renter_id, owner_id, status, start_date, end_date, total_days, price_per_day, base_price, service_fee, taxes, total, deposit, created_at) VALUES ('58d8a1cf-d9b6-4dad-b797-ee89ad7fc810', 'BIKE-3', 'C3D4E5F6-G7H8-9012-CDEF-345678901234', 'E5F6G7H8-I9J0-1234-EFGH-567890123456', 'COMPLETED', '2023-07-02', '2023-07-10', 8, 120000, 960000, 96000.0, 76800.0, 1132800.0, 240000, '2023-06-27 00:00:00');
INSERT INTO motorbike_booking_history (id, booking_id, status, changed_at) VALUES ('15f7df2e-bd3d-43f7-88a9-f12e55327cd7', '58d8a1cf-d9b6-4dad-b797-ee89ad7fc810', 'PENDING', '2023-06-27 00:00:00');
INSERT INTO motorbike_booking_history (id, booking_id, status, changed_at) VALUES ('52daca74-4f6b-4912-a4e9-7066e5230b17', '58d8a1cf-d9b6-4dad-b797-ee89ad7fc810', 'COMPLETED', '2023-06-27 02:00:00');
INSERT INTO motorbike_bookings (id, motorbike_id, renter_id, owner_id, status, start_date, end_date, total_days, price_per_day, base_price, service_fee, taxes, total, deposit, created_at) VALUES ('beaf473c-9b7f-4cc9-a087-376cdd6fc2ab', 'BIKE-2', 'C3D4E5F6-G7H8-9012-CDEF-345678901234', 'E5F6G7H8-I9J0-1234-EFGH-567890123456', 'COMPLETED', '2024-03-09', '2024-03-17', 8, 200000, 1600000, 160000.0, 128000.0, 1888000.0, 400000, '2024-02-27 00:00:00');
INSERT INTO motorbike_booking_history (id, booking_id, status, changed_at) VALUES ('f206b67e-7d4d-4e79-ba6a-20441745360e', 'beaf473c-9b7f-4cc9-a087-376cdd6fc2ab', 'PENDING', '2024-02-27 00:00:00');
INSERT INTO motorbike_booking_history (id, booking_id, status, changed_at) VALUES ('ebf27ba9-9aeb-4b24-aff6-b13c4ca32e88', 'beaf473c-9b7f-4cc9-a087-376cdd6fc2ab', 'COMPLETED', '2024-02-27 02:00:00');
INSERT INTO motorbike_bookings (id, motorbike_id, renter_id, owner_id, status, start_date, end_date, total_days, price_per_day, base_price, service_fee, taxes, total, deposit, created_at) VALUES ('ed2dd101-3147-4fb8-a250-9a40ce769760', 'BIKE-1', 'B2C3D4E5-F6G7-8901-BCDE-234567890123', 'E5F6G7H8-I9J0-1234-EFGH-567890123456', 'COMPLETED', '2023-04-11', '2023-04-12', 1, 150000, 150000, 15000.0, 12000.0, 177000.0, 300000, '2023-04-02 00:00:00');
INSERT INTO motorbike_booking_history (id, booking_id, status, changed_at) VALUES ('1a19fb5f-6fcf-4057-84b0-13ec27a8c35a', 'ed2dd101-3147-4fb8-a250-9a40ce769760', 'PENDING', '2023-04-02 00:00:00');
INSERT INTO motorbike_booking_history (id, booking_id, status, changed_at) VALUES ('d395f4a8-6460-458b-8b18-801f1b60fe7f', 'ed2dd101-3147-4fb8-a250-9a40ce769760', 'COMPLETED', '2023-04-02 02:00:00');
INSERT INTO motorbike_bookings (id, motorbike_id, renter_id, owner_id, status, start_date, end_date, total_days, price_per_day, base_price, service_fee, taxes, total, deposit, created_at) VALUES ('77003ee4-5461-40e5-bf5d-a091bd16f8ca', 'BIKE-3', 'D4E5F6G7-H8I9-0123-DEFG-456789012345', 'E5F6G7H8-I9J0-1234-EFGH-567890123456', 'COMPLETED', '2024-01-06', '2024-01-08', 2, 120000, 240000, 24000.0, 19200.0, 283200.0, 240000, '2023-12-30 00:00:00');
INSERT INTO motorbike_booking_history (id, booking_id, status, changed_at) VALUES ('ca8946ef-ad4c-47ec-9003-384299ebe11f', '77003ee4-5461-40e5-bf5d-a091bd16f8ca', 'PENDING', '2023-12-30 00:00:00');
INSERT INTO motorbike_booking_history (id, booking_id, status, changed_at) VALUES ('26d660b9-3ebd-42d9-8da4-05a71a1b0930', '77003ee4-5461-40e5-bf5d-a091bd16f8ca', 'COMPLETED', '2023-12-30 02:00:00');
INSERT INTO motorbike_bookings (id, motorbike_id, renter_id, owner_id, status, start_date, end_date, total_days, price_per_day, base_price, service_fee, taxes, total, deposit, created_at) VALUES ('c8659a8c-7de2-4ab3-a94f-779a7f3e8921', 'BIKE-1', 'C3D4E5F6-G7H8-9012-CDEF-345678901234', 'E5F6G7H8-I9J0-1234-EFGH-567890123456', 'COMPLETED', '2023-09-18', '2023-09-20', 2, 150000, 300000, 30000.0, 24000.0, 354000.0, 300000, '2023-09-15 00:00:00');
INSERT INTO motorbike_booking_history (id, booking_id, status, changed_at) VALUES ('020e4e07-e348-4244-9f01-0642ff266ac8', 'c8659a8c-7de2-4ab3-a94f-779a7f3e8921', 'PENDING', '2023-09-15 00:00:00');
INSERT INTO motorbike_booking_history (id, booking_id, status, changed_at) VALUES ('c9320dd7-5e5d-4fee-9ea1-627f32925397', 'c8659a8c-7de2-4ab3-a94f-779a7f3e8921', 'COMPLETED', '2023-09-15 02:00:00');
INSERT INTO motorbike_bookings (id, motorbike_id, renter_id, owner_id, status, start_date, end_date, total_days, price_per_day, base_price, service_fee, taxes, total, deposit, created_at) VALUES ('54e9de5f-7be6-47f8-a111-d958651948a6', 'BIKE-1', 'B2C3D4E5-F6G7-8901-BCDE-234567890123', 'E5F6G7H8-I9J0-1234-EFGH-567890123456', 'COMPLETED', '2023-04-13', '2023-04-22', 9, 150000, 1350000, 135000.0, 108000.0, 1593000.0, 300000, '2023-04-05 00:00:00');
INSERT INTO motorbike_booking_history (id, booking_id, status, changed_at) VALUES ('2de38ce8-a7f7-4b5b-b831-5a8ce8a644b1', '54e9de5f-7be6-47f8-a111-d958651948a6', 'PENDING', '2023-04-05 00:00:00');
INSERT INTO motorbike_booking_history (id, booking_id, status, changed_at) VALUES ('fb243c77-7de5-45d3-bba6-cbdaaedba46d', '54e9de5f-7be6-47f8-a111-d958651948a6', 'COMPLETED', '2023-04-05 02:00:00');
INSERT INTO motorbike_bookings (id, motorbike_id, renter_id, owner_id, status, start_date, end_date, total_days, price_per_day, base_price, service_fee, taxes, total, deposit, created_at) VALUES ('4e85ed24-05cd-40e3-8c20-5e550d6ce6b8', 'BIKE-3', 'C3D4E5F6-G7H8-9012-CDEF-345678901234', 'E5F6G7H8-I9J0-1234-EFGH-567890123456', 'COMPLETED', '2023-07-02', '2023-07-07', 5, 120000, 600000, 60000.0, 48000.0, 708000.0, 240000, '2023-06-30 00:00:00');
INSERT INTO motorbike_booking_history (id, booking_id, status, changed_at) VALUES ('c08d1448-7452-4aaa-8928-97eb8dd2b713', '4e85ed24-05cd-40e3-8c20-5e550d6ce6b8', 'PENDING', '2023-06-30 00:00:00');
INSERT INTO motorbike_booking_history (id, booking_id, status, changed_at) VALUES ('19f8de90-a53d-442e-956d-daf2d3067239', '4e85ed24-05cd-40e3-8c20-5e550d6ce6b8', 'COMPLETED', '2023-06-30 02:00:00');
INSERT INTO motorbike_bookings (id, motorbike_id, renter_id, owner_id, status, start_date, end_date, total_days, price_per_day, base_price, service_fee, taxes, total, deposit, created_at) VALUES ('e7428480-7039-4813-aa6e-76d22dc3ad5d', 'BIKE-1', 'C3D4E5F6-G7H8-9012-CDEF-345678901234', 'E5F6G7H8-I9J0-1234-EFGH-567890123456', 'COMPLETED', '2024-03-13', '2024-03-16', 3, 150000, 450000, 45000.0, 36000.0, 531000.0, 300000, '2024-03-11 00:00:00');
INSERT INTO motorbike_booking_history (id, booking_id, status, changed_at) VALUES ('51fd71bc-c117-4a94-a445-6872a2775f28', 'e7428480-7039-4813-aa6e-76d22dc3ad5d', 'PENDING', '2024-03-11 00:00:00');
INSERT INTO motorbike_booking_history (id, booking_id, status, changed_at) VALUES ('abebc65c-588d-4219-b452-630f3a7487b9', 'e7428480-7039-4813-aa6e-76d22dc3ad5d', 'COMPLETED', '2024-03-11 02:00:00');
INSERT INTO motorbike_bookings (id, motorbike_id, renter_id, owner_id, status, start_date, end_date, total_days, price_per_day, base_price, service_fee, taxes, total, deposit, created_at) VALUES ('cbb0a3db-93f2-4ee9-b60a-8969c6fab93e', 'BIKE-2', 'B2C3D4E5-F6G7-8901-BCDE-234567890123', 'E5F6G7H8-I9J0-1234-EFGH-567890123456', 'CANCELLED', '2023-11-16', '2023-11-19', 3, 200000, 600000, 60000.0, 48000.0, 708000.0, 400000, '2023-11-10 00:00:00');
INSERT INTO motorbike_booking_history (id, booking_id, status, changed_at) VALUES ('f1cfd04e-13fb-4901-88f1-abde0598dc9a', 'cbb0a3db-93f2-4ee9-b60a-8969c6fab93e', 'PENDING', '2023-11-10 00:00:00');
INSERT INTO motorbike_booking_history (id, booking_id, status, changed_at) VALUES ('fc171a60-79bd-44e0-8551-a9b45cc43ad7', 'cbb0a3db-93f2-4ee9-b60a-8969c6fab93e', 'CANCELLED', '2023-11-10 02:00:00');
INSERT INTO motorbike_bookings (id, motorbike_id, renter_id, owner_id, status, start_date, end_date, total_days, price_per_day, base_price, service_fee, taxes, total, deposit, created_at) VALUES ('3f2bee32-c49e-4578-b98e-46e7ee08e6ed', 'BIKE-3', 'B2C3D4E5-F6G7-8901-BCDE-234567890123', 'E5F6G7H8-I9J0-1234-EFGH-567890123456', 'COMPLETED', '2024-04-04', '2024-04-05', 1, 120000, 120000, 12000.0, 9600.0, 141600.0, 240000, '2024-03-21 00:00:00');
INSERT INTO motorbike_booking_history (id, booking_id, status, changed_at) VALUES ('920a23cc-bc8a-412c-a913-5d17e3ec895a', '3f2bee32-c49e-4578-b98e-46e7ee08e6ed', 'PENDING', '2024-03-21 00:00:00');
INSERT INTO motorbike_booking_history (id, booking_id, status, changed_at) VALUES ('667ccd41-f1b2-4b5b-9186-975b7d1fd48e', '3f2bee32-c49e-4578-b98e-46e7ee08e6ed', 'COMPLETED', '2024-03-21 02:00:00');
INSERT INTO motorbike_bookings (id, motorbike_id, renter_id, owner_id, status, start_date, end_date, total_days, price_per_day, base_price, service_fee, taxes, total, deposit, created_at) VALUES ('62d16bea-84ad-45b0-a01c-ad26cc57e9aa', 'BIKE-1', 'C3D4E5F6-G7H8-9012-CDEF-345678901234', 'E5F6G7H8-I9J0-1234-EFGH-567890123456', 'COMPLETED', '2023-04-08', '2023-04-16', 8, 150000, 1200000, 120000.0, 96000.0, 1416000.0, 300000, '2023-03-31 00:00:00');
INSERT INTO motorbike_booking_history (id, booking_id, status, changed_at) VALUES ('b7094bce-7b59-4468-a82c-7034654ead89', '62d16bea-84ad-45b0-a01c-ad26cc57e9aa', 'PENDING', '2023-03-31 00:00:00');
INSERT INTO motorbike_booking_history (id, booking_id, status, changed_at) VALUES ('d6f7efeb-2959-429d-960b-95ad7394a536', '62d16bea-84ad-45b0-a01c-ad26cc57e9aa', 'COMPLETED', '2023-03-31 02:00:00');
INSERT INTO motorbike_bookings (id, motorbike_id, renter_id, owner_id, status, start_date, end_date, total_days, price_per_day, base_price, service_fee, taxes, total, deposit, created_at) VALUES ('5f881c31-905b-486d-b7d9-6a58f2432fe0', 'BIKE-1', 'D4E5F6G7-H8I9-0123-DEFG-456789012345', 'E5F6G7H8-I9J0-1234-EFGH-567890123456', 'COMPLETED', '2023-09-27', '2023-10-02', 5, 150000, 750000, 75000.0, 60000.0, 885000.0, 300000, '2023-09-21 00:00:00');
INSERT INTO motorbike_booking_history (id, booking_id, status, changed_at) VALUES ('150fa052-170a-492a-8ca1-7e6e9d6353d7', '5f881c31-905b-486d-b7d9-6a58f2432fe0', 'PENDING', '2023-09-21 00:00:00');
INSERT INTO motorbike_booking_history (id, booking_id, status, changed_at) VALUES ('dd0a4c3c-684d-495e-a86b-37e19210e245', '5f881c31-905b-486d-b7d9-6a58f2432fe0', 'COMPLETED', '2023-09-21 02:00:00');
INSERT INTO motorbike_bookings (id, motorbike_id, renter_id, owner_id, status, start_date, end_date, total_days, price_per_day, base_price, service_fee, taxes, total, deposit, created_at) VALUES ('7db4f9f0-b4c9-4c99-a0cc-3ae306a15ea3', 'BIKE-1', 'D4E5F6G7-H8I9-0123-DEFG-456789012345', 'E5F6G7H8-I9J0-1234-EFGH-567890123456', 'COMPLETED', '2023-05-03', '2023-05-13', 10, 150000, 1500000, 150000.0, 120000.0, 1770000.0, 300000, '2023-04-29 00:00:00');
INSERT INTO motorbike_booking_history (id, booking_id, status, changed_at) VALUES ('58d8d372-edf3-475a-847e-af8f69b74779', '7db4f9f0-b4c9-4c99-a0cc-3ae306a15ea3', 'PENDING', '2023-04-29 00:00:00');
INSERT INTO motorbike_booking_history (id, booking_id, status, changed_at) VALUES ('c667bcf4-ab6c-418f-9d35-07f59659dfb6', '7db4f9f0-b4c9-4c99-a0cc-3ae306a15ea3', 'COMPLETED', '2023-04-29 02:00:00');
INSERT INTO motorbike_bookings (id, motorbike_id, renter_id, owner_id, status, start_date, end_date, total_days, price_per_day, base_price, service_fee, taxes, total, deposit, created_at) VALUES ('d3426651-3b04-4e31-becd-b3d88ef12b8f', 'BIKE-1', 'D4E5F6G7-H8I9-0123-DEFG-456789012345', 'E5F6G7H8-I9J0-1234-EFGH-567890123456', 'COMPLETED', '2024-05-25', '2024-05-27', 2, 150000, 300000, 30000.0, 24000.0, 354000.0, 300000, '2024-05-14 00:00:00');
INSERT INTO motorbike_booking_history (id, booking_id, status, changed_at) VALUES ('562e7a40-3173-43c8-a22b-c2e5e93ac063', 'd3426651-3b04-4e31-becd-b3d88ef12b8f', 'PENDING', '2024-05-14 00:00:00');
INSERT INTO motorbike_booking_history (id, booking_id, status, changed_at) VALUES ('9ae02020-08dc-4a22-8248-5d43ea960d92', 'd3426651-3b04-4e31-becd-b3d88ef12b8f', 'COMPLETED', '2024-05-14 02:00:00');
INSERT INTO motorbike_bookings (id, motorbike_id, renter_id, owner_id, status, start_date, end_date, total_days, price_per_day, base_price, service_fee, taxes, total, deposit, created_at) VALUES ('c0f9d5c9-78ec-4fa2-8c86-7818cb0521c8', 'BIKE-3', 'C3D4E5F6-G7H8-9012-CDEF-345678901234', 'E5F6G7H8-I9J0-1234-EFGH-567890123456', 'COMPLETED', '2023-02-16', '2023-02-24', 8, 120000, 960000, 96000.0, 76800.0, 1132800.0, 240000, '2023-02-05 00:00:00');
INSERT INTO motorbike_booking_history (id, booking_id, status, changed_at) VALUES ('af7e05bc-887c-434e-8739-94eceb3f36a9', 'c0f9d5c9-78ec-4fa2-8c86-7818cb0521c8', 'PENDING', '2023-02-05 00:00:00');
INSERT INTO motorbike_booking_history (id, booking_id, status, changed_at) VALUES ('43dd59b8-abc2-402f-a7c5-b38ee58ce4c1', 'c0f9d5c9-78ec-4fa2-8c86-7818cb0521c8', 'COMPLETED', '2023-02-05 02:00:00');
INSERT INTO motorbike_bookings (id, motorbike_id, renter_id, owner_id, status, start_date, end_date, total_days, price_per_day, base_price, service_fee, taxes, total, deposit, created_at) VALUES ('f96a2b68-8ea5-4b1c-bbe0-400bf3dd207f', 'BIKE-2', 'B2C3D4E5-F6G7-8901-BCDE-234567890123', 'E5F6G7H8-I9J0-1234-EFGH-567890123456', 'COMPLETED', '2023-02-28', '2023-03-04', 4, 200000, 800000, 80000.0, 64000.0, 944000.0, 400000, '2023-02-19 00:00:00');
INSERT INTO motorbike_booking_history (id, booking_id, status, changed_at) VALUES ('d2e5a549-111e-414e-9e16-ab4b2c26cfdb', 'f96a2b68-8ea5-4b1c-bbe0-400bf3dd207f', 'PENDING', '2023-02-19 00:00:00');
INSERT INTO motorbike_booking_history (id, booking_id, status, changed_at) VALUES ('b35df779-84c8-4f4a-9417-9e12e1c08945', 'f96a2b68-8ea5-4b1c-bbe0-400bf3dd207f', 'COMPLETED', '2023-02-19 02:00:00');
INSERT INTO motorbike_bookings (id, motorbike_id, renter_id, owner_id, status, start_date, end_date, total_days, price_per_day, base_price, service_fee, taxes, total, deposit, created_at) VALUES ('beebfdf6-fc91-4d04-b741-9eb60578fb10', 'BIKE-2', 'C3D4E5F6-G7H8-9012-CDEF-345678901234', 'E5F6G7H8-I9J0-1234-EFGH-567890123456', 'COMPLETED', '2023-09-16', '2023-09-20', 4, 200000, 800000, 80000.0, 64000.0, 944000.0, 400000, '2023-09-05 00:00:00');
INSERT INTO motorbike_booking_history (id, booking_id, status, changed_at) VALUES ('5b4e292f-10cd-4276-a5dc-6b4d8a448358', 'beebfdf6-fc91-4d04-b741-9eb60578fb10', 'PENDING', '2023-09-05 00:00:00');
INSERT INTO motorbike_booking_history (id, booking_id, status, changed_at) VALUES ('0a89da72-a25f-40c0-9436-22503db2ad6f', 'beebfdf6-fc91-4d04-b741-9eb60578fb10', 'COMPLETED', '2023-09-05 02:00:00');
INSERT INTO motorbike_bookings (id, motorbike_id, renter_id, owner_id, status, start_date, end_date, total_days, price_per_day, base_price, service_fee, taxes, total, deposit, created_at) VALUES ('c8dcb825-5a82-48dd-85a1-1077714f88f5', 'BIKE-1', 'D4E5F6G7-H8I9-0123-DEFG-456789012345', 'E5F6G7H8-I9J0-1234-EFGH-567890123456', 'COMPLETED', '2023-12-01', '2023-12-07', 6, 150000, 900000, 90000.0, 72000.0, 1062000.0, 300000, '2023-11-21 00:00:00');
INSERT INTO motorbike_booking_history (id, booking_id, status, changed_at) VALUES ('ba8c447a-18bb-47de-84f0-37ce0694786b', 'c8dcb825-5a82-48dd-85a1-1077714f88f5', 'PENDING', '2023-11-21 00:00:00');
INSERT INTO motorbike_booking_history (id, booking_id, status, changed_at) VALUES ('ae1f0e53-fb76-4965-ae4a-cb3b3ae0ce87', 'c8dcb825-5a82-48dd-85a1-1077714f88f5', 'COMPLETED', '2023-11-21 02:00:00');
INSERT INTO motorbike_bookings (id, motorbike_id, renter_id, owner_id, status, start_date, end_date, total_days, price_per_day, base_price, service_fee, taxes, total, deposit, created_at) VALUES ('91fcd870-b938-463e-ae7a-6a1c23965d8d', 'BIKE-3', 'B2C3D4E5-F6G7-8901-BCDE-234567890123', 'E5F6G7H8-I9J0-1234-EFGH-567890123456', 'COMPLETED', '2023-09-02', '2023-09-07', 5, 120000, 600000, 60000.0, 48000.0, 708000.0, 240000, '2023-08-31 00:00:00');
INSERT INTO motorbike_booking_history (id, booking_id, status, changed_at) VALUES ('0d75c67b-6db9-4979-ace3-11fe02400d3f', '91fcd870-b938-463e-ae7a-6a1c23965d8d', 'PENDING', '2023-08-31 00:00:00');
INSERT INTO motorbike_booking_history (id, booking_id, status, changed_at) VALUES ('ec783fce-5286-4b38-8dfe-34043066d6f5', '91fcd870-b938-463e-ae7a-6a1c23965d8d', 'COMPLETED', '2023-08-31 02:00:00');
INSERT INTO motorbike_bookings (id, motorbike_id, renter_id, owner_id, status, start_date, end_date, total_days, price_per_day, base_price, service_fee, taxes, total, deposit, created_at) VALUES ('4e5a1e76-1abb-4886-a380-2b95c7ecf08f', 'BIKE-2', 'C3D4E5F6-G7H8-9012-CDEF-345678901234', 'E5F6G7H8-I9J0-1234-EFGH-567890123456', 'COMPLETED', '2023-04-19', '2023-04-29', 10, 200000, 2000000, 200000.0, 160000.0, 2360000.0, 400000, '2023-04-06 00:00:00');
INSERT INTO motorbike_booking_history (id, booking_id, status, changed_at) VALUES ('f36c0a09-50dc-4441-a8d2-317897f59751', '4e5a1e76-1abb-4886-a380-2b95c7ecf08f', 'PENDING', '2023-04-06 00:00:00');
INSERT INTO motorbike_booking_history (id, booking_id, status, changed_at) VALUES ('54f8a6a6-b677-4187-bb55-afe081cdcfa1', '4e5a1e76-1abb-4886-a380-2b95c7ecf08f', 'COMPLETED', '2023-04-06 02:00:00');
INSERT INTO motorbike_bookings (id, motorbike_id, renter_id, owner_id, status, start_date, end_date, total_days, price_per_day, base_price, service_fee, taxes, total, deposit, created_at) VALUES ('fe46a2d6-d6c6-41a2-a133-a48af0db6012', 'BIKE-1', 'D4E5F6G7-H8I9-0123-DEFG-456789012345', 'E5F6G7H8-I9J0-1234-EFGH-567890123456', 'COMPLETED', '2023-10-20', '2023-10-25', 5, 150000, 750000, 75000.0, 60000.0, 885000.0, 300000, '2023-10-15 00:00:00');
INSERT INTO motorbike_booking_history (id, booking_id, status, changed_at) VALUES ('1ed9f3b5-2e7d-48eb-81b9-71898df4feea', 'fe46a2d6-d6c6-41a2-a133-a48af0db6012', 'PENDING', '2023-10-15 00:00:00');
INSERT INTO motorbike_booking_history (id, booking_id, status, changed_at) VALUES ('e43640e2-b4dc-4d81-8642-527fc506c580', 'fe46a2d6-d6c6-41a2-a133-a48af0db6012', 'COMPLETED', '2023-10-15 02:00:00');
INSERT INTO motorbike_bookings (id, motorbike_id, renter_id, owner_id, status, start_date, end_date, total_days, price_per_day, base_price, service_fee, taxes, total, deposit, created_at) VALUES ('8c62ec11-2fb6-4f19-86a1-4a6c32b0ad28', 'BIKE-1', 'B2C3D4E5-F6G7-8901-BCDE-234567890123', 'E5F6G7H8-I9J0-1234-EFGH-567890123456', 'COMPLETED', '2023-01-19', '2023-01-25', 6, 150000, 900000, 90000.0, 72000.0, 1062000.0, 300000, '2023-01-05 00:00:00');
INSERT INTO motorbike_booking_history (id, booking_id, status, changed_at) VALUES ('e2ea50d2-91c3-40dc-a883-6c6d6e513621', '8c62ec11-2fb6-4f19-86a1-4a6c32b0ad28', 'PENDING', '2023-01-05 00:00:00');
INSERT INTO motorbike_booking_history (id, booking_id, status, changed_at) VALUES ('74147800-78ba-483f-a3c2-b6228b113cee', '8c62ec11-2fb6-4f19-86a1-4a6c32b0ad28', 'COMPLETED', '2023-01-05 02:00:00');
INSERT INTO motorbike_bookings (id, motorbike_id, renter_id, owner_id, status, start_date, end_date, total_days, price_per_day, base_price, service_fee, taxes, total, deposit, created_at) VALUES ('a307194f-a1c1-4a45-8b2b-482f5a65fb3c', 'BIKE-3', 'B2C3D4E5-F6G7-8901-BCDE-234567890123', 'E5F6G7H8-I9J0-1234-EFGH-567890123456', 'CANCELLED', '2024-02-04', '2024-02-14', 10, 120000, 1200000, 120000.0, 96000.0, 1416000.0, 240000, '2024-02-02 00:00:00');
INSERT INTO motorbike_booking_history (id, booking_id, status, changed_at) VALUES ('8f41b394-4553-45aa-8b03-87e44c69b58a', 'a307194f-a1c1-4a45-8b2b-482f5a65fb3c', 'PENDING', '2024-02-02 00:00:00');
INSERT INTO motorbike_booking_history (id, booking_id, status, changed_at) VALUES ('40fb5664-b4be-485d-bd15-d8a03e89400c', 'a307194f-a1c1-4a45-8b2b-482f5a65fb3c', 'CANCELLED', '2024-02-02 02:00:00');
INSERT INTO motorbike_bookings (id, motorbike_id, renter_id, owner_id, status, start_date, end_date, total_days, price_per_day, base_price, service_fee, taxes, total, deposit, created_at) VALUES ('e87db8c6-58b9-4bb7-9aac-30cba3d81195', 'BIKE-2', 'D4E5F6G7-H8I9-0123-DEFG-456789012345', 'E5F6G7H8-I9J0-1234-EFGH-567890123456', 'COMPLETED', '2023-08-11', '2023-08-14', 3, 200000, 600000, 60000.0, 48000.0, 708000.0, 400000, '2023-08-06 00:00:00');
INSERT INTO motorbike_booking_history (id, booking_id, status, changed_at) VALUES ('2d698c44-8cd5-4493-a78d-b7729d3b8bf0', 'e87db8c6-58b9-4bb7-9aac-30cba3d81195', 'PENDING', '2023-08-06 00:00:00');
INSERT INTO motorbike_booking_history (id, booking_id, status, changed_at) VALUES ('9fbb93c4-9226-4de6-8451-2ce68a529d4d', 'e87db8c6-58b9-4bb7-9aac-30cba3d81195', 'COMPLETED', '2023-08-06 02:00:00');
INSERT INTO motorbike_bookings (id, motorbike_id, renter_id, owner_id, status, start_date, end_date, total_days, price_per_day, base_price, service_fee, taxes, total, deposit, created_at) VALUES ('3fdaf7af-ab12-4f12-890c-a312bd63f8ac', 'BIKE-2', 'D4E5F6G7-H8I9-0123-DEFG-456789012345', 'E5F6G7H8-I9J0-1234-EFGH-567890123456', 'COMPLETED', '2024-02-19', '2024-02-28', 9, 200000, 1800000, 180000.0, 144000.0, 2124000.0, 400000, '2024-02-15 00:00:00');
INSERT INTO motorbike_booking_history (id, booking_id, status, changed_at) VALUES ('8e176558-f6c2-45c2-a8a8-e312798e5fad', '3fdaf7af-ab12-4f12-890c-a312bd63f8ac', 'PENDING', '2024-02-15 00:00:00');
INSERT INTO motorbike_booking_history (id, booking_id, status, changed_at) VALUES ('9bdcbfc5-76af-44ea-8594-e34d8c091d2c', '3fdaf7af-ab12-4f12-890c-a312bd63f8ac', 'COMPLETED', '2024-02-15 02:00:00');
INSERT INTO motorbike_bookings (id, motorbike_id, renter_id, owner_id, status, start_date, end_date, total_days, price_per_day, base_price, service_fee, taxes, total, deposit, created_at) VALUES ('8a6c4008-efc8-4b06-b945-c1f93d010183', 'BIKE-2', 'D4E5F6G7-H8I9-0123-DEFG-456789012345', 'E5F6G7H8-I9J0-1234-EFGH-567890123456', 'COMPLETED', '2023-10-04', '2023-10-09', 5, 200000, 1000000, 100000.0, 80000.0, 1180000.0, 400000, '2023-09-23 00:00:00');
INSERT INTO motorbike_booking_history (id, booking_id, status, changed_at) VALUES ('662b9082-aa92-44ac-8035-e559aae56b95', '8a6c4008-efc8-4b06-b945-c1f93d010183', 'PENDING', '2023-09-23 00:00:00');
INSERT INTO motorbike_booking_history (id, booking_id, status, changed_at) VALUES ('686e95c5-3ec2-4823-ad90-cfdabc52c8b3', '8a6c4008-efc8-4b06-b945-c1f93d010183', 'COMPLETED', '2023-09-23 02:00:00');
INSERT INTO motorbike_bookings (id, motorbike_id, renter_id, owner_id, status, start_date, end_date, total_days, price_per_day, base_price, service_fee, taxes, total, deposit, created_at) VALUES ('1fae176b-2e06-494d-b283-8dbe9908f9ac', 'BIKE-3', 'C3D4E5F6-G7H8-9012-CDEF-345678901234', 'E5F6G7H8-I9J0-1234-EFGH-567890123456', 'COMPLETED', '2024-04-29', '2024-04-30', 1, 120000, 120000, 12000.0, 9600.0, 141600.0, 240000, '2024-04-15 00:00:00');
INSERT INTO motorbike_booking_history (id, booking_id, status, changed_at) VALUES ('e45219f8-b251-43a0-b969-42374f441ca0', '1fae176b-2e06-494d-b283-8dbe9908f9ac', 'PENDING', '2024-04-15 00:00:00');
INSERT INTO motorbike_booking_history (id, booking_id, status, changed_at) VALUES ('460e155d-5d0d-403f-b639-5556a57e1a38', '1fae176b-2e06-494d-b283-8dbe9908f9ac', 'COMPLETED', '2024-04-15 02:00:00');
INSERT INTO motorbike_bookings (id, motorbike_id, renter_id, owner_id, status, start_date, end_date, total_days, price_per_day, base_price, service_fee, taxes, total, deposit, created_at) VALUES ('3fc1c33e-62a3-4f62-a68b-94f274bf3486', 'BIKE-3', 'C3D4E5F6-G7H8-9012-CDEF-345678901234', 'E5F6G7H8-I9J0-1234-EFGH-567890123456', 'COMPLETED', '2023-08-21', '2023-08-29', 8, 120000, 960000, 96000.0, 76800.0, 1132800.0, 240000, '2023-08-08 00:00:00');
INSERT INTO motorbike_booking_history (id, booking_id, status, changed_at) VALUES ('c38ccc90-e927-4595-9abc-a8a4e1966856', '3fc1c33e-62a3-4f62-a68b-94f274bf3486', 'PENDING', '2023-08-08 00:00:00');
INSERT INTO motorbike_booking_history (id, booking_id, status, changed_at) VALUES ('c4f460dd-b349-45b4-8784-8447e824516f', '3fc1c33e-62a3-4f62-a68b-94f274bf3486', 'COMPLETED', '2023-08-08 02:00:00');
INSERT INTO motorbike_bookings (id, motorbike_id, renter_id, owner_id, status, start_date, end_date, total_days, price_per_day, base_price, service_fee, taxes, total, deposit, created_at) VALUES ('d9492a4d-d3ba-44d9-b774-ec1020941d42', 'BIKE-3', 'C3D4E5F6-G7H8-9012-CDEF-345678901234', 'E5F6G7H8-I9J0-1234-EFGH-567890123456', 'COMPLETED', '2023-01-26', '2023-02-01', 6, 120000, 720000, 72000.0, 57600.0, 849600.0, 240000, '2023-01-20 00:00:00');
INSERT INTO motorbike_booking_history (id, booking_id, status, changed_at) VALUES ('e23c1cbc-000e-482a-a00e-008b98db8f60', 'd9492a4d-d3ba-44d9-b774-ec1020941d42', 'PENDING', '2023-01-20 00:00:00');
INSERT INTO motorbike_booking_history (id, booking_id, status, changed_at) VALUES ('69da2e62-e41f-444d-adda-fd15dee7aa09', 'd9492a4d-d3ba-44d9-b774-ec1020941d42', 'COMPLETED', '2023-01-20 02:00:00');
INSERT INTO motorbike_bookings (id, motorbike_id, renter_id, owner_id, status, start_date, end_date, total_days, price_per_day, base_price, service_fee, taxes, total, deposit, created_at) VALUES ('c1b70cac-46b8-4b44-9965-43ebc9036333', 'BIKE-2', 'B2C3D4E5-F6G7-8901-BCDE-234567890123', 'E5F6G7H8-I9J0-1234-EFGH-567890123456', 'COMPLETED', '2024-04-14', '2024-04-20', 6, 200000, 1200000, 120000.0, 96000.0, 1416000.0, 400000, '2024-03-31 00:00:00');
INSERT INTO motorbike_booking_history (id, booking_id, status, changed_at) VALUES ('2ead1393-2129-4eb9-aa94-de439ec5d5a3', 'c1b70cac-46b8-4b44-9965-43ebc9036333', 'PENDING', '2024-03-31 00:00:00');
INSERT INTO motorbike_booking_history (id, booking_id, status, changed_at) VALUES ('86a3c3fb-cff4-4188-9e7d-56412f3cafca', 'c1b70cac-46b8-4b44-9965-43ebc9036333', 'COMPLETED', '2024-03-31 02:00:00');
INSERT INTO motorbike_bookings (id, motorbike_id, renter_id, owner_id, status, start_date, end_date, total_days, price_per_day, base_price, service_fee, taxes, total, deposit, created_at) VALUES ('aa4fe501-6798-40bf-b0af-04d0bf72a4c5', 'BIKE-3', 'C3D4E5F6-G7H8-9012-CDEF-345678901234', 'E5F6G7H8-I9J0-1234-EFGH-567890123456', 'CANCELLED', '2023-08-21', '2023-08-26', 5, 120000, 600000, 60000.0, 48000.0, 708000.0, 240000, '2023-08-07 00:00:00');
INSERT INTO motorbike_booking_history (id, booking_id, status, changed_at) VALUES ('3d5e87a1-ecff-43ba-8c01-2f6675f6124f', 'aa4fe501-6798-40bf-b0af-04d0bf72a4c5', 'PENDING', '2023-08-07 00:00:00');
INSERT INTO motorbike_booking_history (id, booking_id, status, changed_at) VALUES ('e982b2bf-f727-4650-be83-08530084f543', 'aa4fe501-6798-40bf-b0af-04d0bf72a4c5', 'CANCELLED', '2023-08-07 02:00:00');
INSERT INTO motorbike_bookings (id, motorbike_id, renter_id, owner_id, status, start_date, end_date, total_days, price_per_day, base_price, service_fee, taxes, total, deposit, created_at) VALUES ('bd0be082-e3e1-4c80-a1e6-c0be5c8ecca7', 'BIKE-2', 'D4E5F6G7-H8I9-0123-DEFG-456789012345', 'E5F6G7H8-I9J0-1234-EFGH-567890123456', 'COMPLETED', '2023-09-09', '2023-09-12', 3, 200000, 600000, 60000.0, 48000.0, 708000.0, 400000, '2023-08-28 00:00:00');
INSERT INTO motorbike_booking_history (id, booking_id, status, changed_at) VALUES ('99f53b38-13f5-4a56-942d-ec02b9e5c7d1', 'bd0be082-e3e1-4c80-a1e6-c0be5c8ecca7', 'PENDING', '2023-08-28 00:00:00');
INSERT INTO motorbike_booking_history (id, booking_id, status, changed_at) VALUES ('1a95d6db-3eb0-414b-b758-b0919845f0ce', 'bd0be082-e3e1-4c80-a1e6-c0be5c8ecca7', 'COMPLETED', '2023-08-28 02:00:00');
INSERT INTO motorbike_bookings (id, motorbike_id, renter_id, owner_id, status, start_date, end_date, total_days, price_per_day, base_price, service_fee, taxes, total, deposit, created_at) VALUES ('6d465ed4-7cb5-4101-9b48-259c12638c8c', 'BIKE-2', 'D4E5F6G7-H8I9-0123-DEFG-456789012345', 'E5F6G7H8-I9J0-1234-EFGH-567890123456', 'COMPLETED', '2023-09-16', '2023-09-21', 5, 200000, 1000000, 100000.0, 80000.0, 1180000.0, 400000, '2023-09-02 00:00:00');
INSERT INTO motorbike_booking_history (id, booking_id, status, changed_at) VALUES ('fa269ace-eaf7-4dc3-af38-9a689f3cd45c', '6d465ed4-7cb5-4101-9b48-259c12638c8c', 'PENDING', '2023-09-02 00:00:00');
INSERT INTO motorbike_booking_history (id, booking_id, status, changed_at) VALUES ('a63d68bd-4840-4093-b9b5-00fd1d772460', '6d465ed4-7cb5-4101-9b48-259c12638c8c', 'COMPLETED', '2023-09-02 02:00:00');
INSERT INTO motorbike_bookings (id, motorbike_id, renter_id, owner_id, status, start_date, end_date, total_days, price_per_day, base_price, service_fee, taxes, total, deposit, created_at) VALUES ('2aa83411-f492-47bf-a4c8-a38a14c2ccdb', 'BIKE-3', 'B2C3D4E5-F6G7-8901-BCDE-234567890123', 'E5F6G7H8-I9J0-1234-EFGH-567890123456', 'COMPLETED', '2023-03-30', '2023-04-07', 8, 120000, 960000, 96000.0, 76800.0, 1132800.0, 240000, '2023-03-28 00:00:00');
INSERT INTO motorbike_booking_history (id, booking_id, status, changed_at) VALUES ('6da038dc-12c8-4052-bda9-d3ea7c6a7a41', '2aa83411-f492-47bf-a4c8-a38a14c2ccdb', 'PENDING', '2023-03-28 00:00:00');
INSERT INTO motorbike_booking_history (id, booking_id, status, changed_at) VALUES ('e9acf11e-4ac3-412d-b230-3a217aec2476', '2aa83411-f492-47bf-a4c8-a38a14c2ccdb', 'COMPLETED', '2023-03-28 02:00:00');
INSERT INTO motorbike_bookings (id, motorbike_id, renter_id, owner_id, status, start_date, end_date, total_days, price_per_day, base_price, service_fee, taxes, total, deposit, created_at) VALUES ('a17e80ba-1b88-494a-8f90-9d75f8329a03', 'BIKE-3', 'D4E5F6G7-H8I9-0123-DEFG-456789012345', 'E5F6G7H8-I9J0-1234-EFGH-567890123456', 'COMPLETED', '2023-08-23', '2023-09-02', 10, 120000, 1200000, 120000.0, 96000.0, 1416000.0, 240000, '2023-08-21 00:00:00');
INSERT INTO motorbike_booking_history (id, booking_id, status, changed_at) VALUES ('151a3412-afca-415f-a0d5-db23025e9f1b', 'a17e80ba-1b88-494a-8f90-9d75f8329a03', 'PENDING', '2023-08-21 00:00:00');
INSERT INTO motorbike_booking_history (id, booking_id, status, changed_at) VALUES ('b1486eb0-1e98-4c98-a6db-f152820cf398', 'a17e80ba-1b88-494a-8f90-9d75f8329a03', 'COMPLETED', '2023-08-21 02:00:00');
INSERT INTO motorbike_bookings (id, motorbike_id, renter_id, owner_id, status, start_date, end_date, total_days, price_per_day, base_price, service_fee, taxes, total, deposit, created_at) VALUES ('8a6df550-f08e-4cee-976a-751054827388', 'BIKE-3', 'D4E5F6G7-H8I9-0123-DEFG-456789012345', 'E5F6G7H8-I9J0-1234-EFGH-567890123456', 'COMPLETED', '2023-06-27', '2023-07-01', 4, 120000, 480000, 48000.0, 38400.0, 566400.0, 240000, '2023-06-19 00:00:00');
INSERT INTO motorbike_booking_history (id, booking_id, status, changed_at) VALUES ('f3344c2b-2743-4c81-8007-ac0d14fda4f7', '8a6df550-f08e-4cee-976a-751054827388', 'PENDING', '2023-06-19 00:00:00');
INSERT INTO motorbike_booking_history (id, booking_id, status, changed_at) VALUES ('8d464e77-d09e-4870-8cce-da30b188c2ad', '8a6df550-f08e-4cee-976a-751054827388', 'COMPLETED', '2023-06-19 02:00:00');
INSERT INTO motorbike_bookings (id, motorbike_id, renter_id, owner_id, status, start_date, end_date, total_days, price_per_day, base_price, service_fee, taxes, total, deposit, created_at) VALUES ('b542d1a4-c96c-4f34-8d51-22872314ce39', 'BIKE-2', 'C3D4E5F6-G7H8-9012-CDEF-345678901234', 'E5F6G7H8-I9J0-1234-EFGH-567890123456', 'COMPLETED', '2024-05-13', '2024-05-17', 4, 200000, 800000, 80000.0, 64000.0, 944000.0, 400000, '2024-05-08 00:00:00');
INSERT INTO motorbike_booking_history (id, booking_id, status, changed_at) VALUES ('27af51e1-4959-4f26-8dcd-1afc4b020373', 'b542d1a4-c96c-4f34-8d51-22872314ce39', 'PENDING', '2024-05-08 00:00:00');
INSERT INTO motorbike_booking_history (id, booking_id, status, changed_at) VALUES ('a94bc3e3-f326-4115-9ad2-18d9b4861bbe', 'b542d1a4-c96c-4f34-8d51-22872314ce39', 'COMPLETED', '2024-05-08 02:00:00');
INSERT INTO motorbike_bookings (id, motorbike_id, renter_id, owner_id, status, start_date, end_date, total_days, price_per_day, base_price, service_fee, taxes, total, deposit, created_at) VALUES ('3070c803-b769-4ce8-909f-7ef65db2a09d', 'BIKE-1', 'B2C3D4E5-F6G7-8901-BCDE-234567890123', 'E5F6G7H8-I9J0-1234-EFGH-567890123456', 'COMPLETED', '2023-07-15', '2023-07-20', 5, 150000, 750000, 75000.0, 60000.0, 885000.0, 300000, '2023-07-01 00:00:00');
INSERT INTO motorbike_booking_history (id, booking_id, status, changed_at) VALUES ('4bb9d6a8-0fd5-4cbb-bde4-0c919b39942f', '3070c803-b769-4ce8-909f-7ef65db2a09d', 'PENDING', '2023-07-01 00:00:00');
INSERT INTO motorbike_booking_history (id, booking_id, status, changed_at) VALUES ('337eceaf-f2f6-4ba2-a9a2-69547c9806ed', '3070c803-b769-4ce8-909f-7ef65db2a09d', 'COMPLETED', '2023-07-01 02:00:00');
INSERT INTO motorbike_bookings (id, motorbike_id, renter_id, owner_id, status, start_date, end_date, total_days, price_per_day, base_price, service_fee, taxes, total, deposit, created_at) VALUES ('7870d561-c126-462d-875f-6036fcc2f20d', 'BIKE-2', 'B2C3D4E5-F6G7-8901-BCDE-234567890123', 'E5F6G7H8-I9J0-1234-EFGH-567890123456', 'COMPLETED', '2024-01-27', '2024-02-01', 5, 200000, 1000000, 100000.0, 80000.0, 1180000.0, 400000, '2024-01-14 00:00:00');
INSERT INTO motorbike_booking_history (id, booking_id, status, changed_at) VALUES ('7a435e82-19e4-41e1-9531-e799a64e1234', '7870d561-c126-462d-875f-6036fcc2f20d', 'PENDING', '2024-01-14 00:00:00');
INSERT INTO motorbike_booking_history (id, booking_id, status, changed_at) VALUES ('a88cc855-9e8f-462c-9212-df30b2f09694', '7870d561-c126-462d-875f-6036fcc2f20d', 'COMPLETED', '2024-01-14 02:00:00');
INSERT INTO motorbike_bookings (id, motorbike_id, renter_id, owner_id, status, start_date, end_date, total_days, price_per_day, base_price, service_fee, taxes, total, deposit, created_at) VALUES ('4f158a25-a2fb-4222-8d53-11056ab1607a', 'BIKE-3', 'B2C3D4E5-F6G7-8901-BCDE-234567890123', 'E5F6G7H8-I9J0-1234-EFGH-567890123456', 'COMPLETED', '2023-11-29', '2023-11-30', 1, 120000, 120000, 12000.0, 9600.0, 141600.0, 240000, '2023-11-17 00:00:00');
INSERT INTO motorbike_booking_history (id, booking_id, status, changed_at) VALUES ('fe39ca85-932c-4c4f-b920-3aecd6450052', '4f158a25-a2fb-4222-8d53-11056ab1607a', 'PENDING', '2023-11-17 00:00:00');
INSERT INTO motorbike_booking_history (id, booking_id, status, changed_at) VALUES ('1b3914d9-1795-46ee-bada-d99dff459086', '4f158a25-a2fb-4222-8d53-11056ab1607a', 'COMPLETED', '2023-11-17 02:00:00');
INSERT INTO motorbike_bookings (id, motorbike_id, renter_id, owner_id, status, start_date, end_date, total_days, price_per_day, base_price, service_fee, taxes, total, deposit, created_at) VALUES ('3987dbba-1239-4a82-b566-2d1ee90c00a3', 'BIKE-3', 'B2C3D4E5-F6G7-8901-BCDE-234567890123', 'E5F6G7H8-I9J0-1234-EFGH-567890123456', 'CANCELLED', '2023-03-14', '2023-03-16', 2, 120000, 240000, 24000.0, 19200.0, 283200.0, 240000, '2023-03-03 00:00:00');
INSERT INTO motorbike_booking_history (id, booking_id, status, changed_at) VALUES ('76eb3e92-fbea-4709-9906-a878ee746190', '3987dbba-1239-4a82-b566-2d1ee90c00a3', 'PENDING', '2023-03-03 00:00:00');
INSERT INTO motorbike_booking_history (id, booking_id, status, changed_at) VALUES ('bb076cf2-2549-4e2f-b9f5-8780fe5ede21', '3987dbba-1239-4a82-b566-2d1ee90c00a3', 'CANCELLED', '2023-03-03 02:00:00');
INSERT INTO motorbike_bookings (id, motorbike_id, renter_id, owner_id, status, start_date, end_date, total_days, price_per_day, base_price, service_fee, taxes, total, deposit, created_at) VALUES ('9ab50c1d-5750-4407-bf69-df92c230f41f', 'BIKE-1', 'B2C3D4E5-F6G7-8901-BCDE-234567890123', 'E5F6G7H8-I9J0-1234-EFGH-567890123456', 'COMPLETED', '2024-01-07', '2024-01-12', 5, 150000, 750000, 75000.0, 60000.0, 885000.0, 300000, '2023-12-27 00:00:00');
INSERT INTO motorbike_booking_history (id, booking_id, status, changed_at) VALUES ('f9f4a66c-4ca0-4b8b-8a35-76a519a9816a', '9ab50c1d-5750-4407-bf69-df92c230f41f', 'PENDING', '2023-12-27 00:00:00');
INSERT INTO motorbike_booking_history (id, booking_id, status, changed_at) VALUES ('36fd2da0-1369-4c1b-97a1-7c65d88b7d15', '9ab50c1d-5750-4407-bf69-df92c230f41f', 'COMPLETED', '2023-12-27 02:00:00');
INSERT INTO motorbike_bookings (id, motorbike_id, renter_id, owner_id, status, start_date, end_date, total_days, price_per_day, base_price, service_fee, taxes, total, deposit, created_at) VALUES ('e9b725b2-86ef-4414-8e73-c20d3caa9b8b', 'BIKE-2', 'C3D4E5F6-G7H8-9012-CDEF-345678901234', 'E5F6G7H8-I9J0-1234-EFGH-567890123456', 'COMPLETED', '2023-06-28', '2023-07-08', 10, 200000, 2000000, 200000.0, 160000.0, 2360000.0, 400000, '2023-06-19 00:00:00');
INSERT INTO motorbike_booking_history (id, booking_id, status, changed_at) VALUES ('d3ca9cab-e9eb-4e37-96c7-5b0672db8b22', 'e9b725b2-86ef-4414-8e73-c20d3caa9b8b', 'PENDING', '2023-06-19 00:00:00');
INSERT INTO motorbike_booking_history (id, booking_id, status, changed_at) VALUES ('17be4980-6a5f-40d0-9e00-cdc4ac76b532', 'e9b725b2-86ef-4414-8e73-c20d3caa9b8b', 'COMPLETED', '2023-06-19 02:00:00');
INSERT INTO motorbike_bookings (id, motorbike_id, renter_id, owner_id, status, start_date, end_date, total_days, price_per_day, base_price, service_fee, taxes, total, deposit, created_at) VALUES ('6c1fcafd-41b1-4628-b682-79ae1bd3a2f3', 'BIKE-1', 'C3D4E5F6-G7H8-9012-CDEF-345678901234', 'E5F6G7H8-I9J0-1234-EFGH-567890123456', 'COMPLETED', '2024-04-14', '2024-04-20', 6, 150000, 900000, 90000.0, 72000.0, 1062000.0, 300000, '2024-04-06 00:00:00');
INSERT INTO motorbike_booking_history (id, booking_id, status, changed_at) VALUES ('7df6a292-17a8-4224-89bb-37798bd98366', '6c1fcafd-41b1-4628-b682-79ae1bd3a2f3', 'PENDING', '2024-04-06 00:00:00');
INSERT INTO motorbike_booking_history (id, booking_id, status, changed_at) VALUES ('609c3829-f850-4b3d-bc9a-0f5d0b2ef96a', '6c1fcafd-41b1-4628-b682-79ae1bd3a2f3', 'COMPLETED', '2024-04-06 02:00:00');
INSERT INTO motorbike_bookings (id, motorbike_id, renter_id, owner_id, status, start_date, end_date, total_days, price_per_day, base_price, service_fee, taxes, total, deposit, created_at) VALUES ('12a5d994-f41a-4851-a53d-58c6d2b398bb', 'BIKE-1', 'D4E5F6G7-H8I9-0123-DEFG-456789012345', 'E5F6G7H8-I9J0-1234-EFGH-567890123456', 'COMPLETED', '2023-04-04', '2023-04-05', 1, 150000, 150000, 15000.0, 12000.0, 177000.0, 300000, '2023-03-26 00:00:00');
INSERT INTO motorbike_booking_history (id, booking_id, status, changed_at) VALUES ('61ae0d8c-fdbd-42b2-bc61-e0e95c59aabe', '12a5d994-f41a-4851-a53d-58c6d2b398bb', 'PENDING', '2023-03-26 00:00:00');
INSERT INTO motorbike_booking_history (id, booking_id, status, changed_at) VALUES ('8247b9b0-e259-4554-b1f7-aaf84a5c7b0d', '12a5d994-f41a-4851-a53d-58c6d2b398bb', 'COMPLETED', '2023-03-26 02:00:00');
INSERT INTO motorbike_bookings (id, motorbike_id, renter_id, owner_id, status, start_date, end_date, total_days, price_per_day, base_price, service_fee, taxes, total, deposit, created_at) VALUES ('5c77b61d-de8e-4d80-952e-c81fb567c27b', 'BIKE-1', 'D4E5F6G7-H8I9-0123-DEFG-456789012345', 'E5F6G7H8-I9J0-1234-EFGH-567890123456', 'CANCELLED', '2023-05-04', '2023-05-05', 1, 150000, 150000, 15000.0, 12000.0, 177000.0, 300000, '2023-05-03 00:00:00');
INSERT INTO motorbike_booking_history (id, booking_id, status, changed_at) VALUES ('6b3f49f1-0850-45c1-8585-829bc3b263e9', '5c77b61d-de8e-4d80-952e-c81fb567c27b', 'PENDING', '2023-05-03 00:00:00');
INSERT INTO motorbike_booking_history (id, booking_id, status, changed_at) VALUES ('5579aee5-90fa-41e8-b0e7-2517c1383df9', '5c77b61d-de8e-4d80-952e-c81fb567c27b', 'CANCELLED', '2023-05-03 02:00:00');
INSERT INTO motorbike_bookings (id, motorbike_id, renter_id, owner_id, status, start_date, end_date, total_days, price_per_day, base_price, service_fee, taxes, total, deposit, created_at) VALUES ('d87d84cb-6453-4407-a27f-8a65b0b8c50f', 'BIKE-3', 'C3D4E5F6-G7H8-9012-CDEF-345678901234', 'E5F6G7H8-I9J0-1234-EFGH-567890123456', 'COMPLETED', '2023-05-23', '2023-05-24', 1, 120000, 120000, 12000.0, 9600.0, 141600.0, 240000, '2023-05-21 00:00:00');
INSERT INTO motorbike_booking_history (id, booking_id, status, changed_at) VALUES ('d4665d65-2f35-43d2-8380-5762c283c8d1', 'd87d84cb-6453-4407-a27f-8a65b0b8c50f', 'PENDING', '2023-05-21 00:00:00');
INSERT INTO motorbike_booking_history (id, booking_id, status, changed_at) VALUES ('e209f1fe-1d69-4baa-a773-f4134da42717', 'd87d84cb-6453-4407-a27f-8a65b0b8c50f', 'COMPLETED', '2023-05-21 02:00:00');
INSERT INTO motorbike_bookings (id, motorbike_id, renter_id, owner_id, status, start_date, end_date, total_days, price_per_day, base_price, service_fee, taxes, total, deposit, created_at) VALUES ('c30c02b6-663c-45f2-904f-f0648e04d5e8', 'BIKE-3', 'C3D4E5F6-G7H8-9012-CDEF-345678901234', 'E5F6G7H8-I9J0-1234-EFGH-567890123456', 'CANCELLED', '2023-01-13', '2023-01-15', 2, 120000, 240000, 24000.0, 19200.0, 283200.0, 240000, '2023-01-04 00:00:00');
INSERT INTO motorbike_booking_history (id, booking_id, status, changed_at) VALUES ('421c5383-8366-4bfc-b7c3-614afb8b4874', 'c30c02b6-663c-45f2-904f-f0648e04d5e8', 'PENDING', '2023-01-04 00:00:00');
INSERT INTO motorbike_booking_history (id, booking_id, status, changed_at) VALUES ('cf18d570-23ad-41bf-b31c-a0f9f0557e27', 'c30c02b6-663c-45f2-904f-f0648e04d5e8', 'CANCELLED', '2023-01-04 02:00:00');
INSERT INTO motorbike_bookings (id, motorbike_id, renter_id, owner_id, status, start_date, end_date, total_days, price_per_day, base_price, service_fee, taxes, total, deposit, created_at) VALUES ('784252d3-62bb-4f9d-9e05-9a64c9f8e6e8', 'BIKE-3', 'D4E5F6G7-H8I9-0123-DEFG-456789012345', 'E5F6G7H8-I9J0-1234-EFGH-567890123456', 'COMPLETED', '2024-01-13', '2024-01-15', 2, 120000, 240000, 24000.0, 19200.0, 283200.0, 240000, '2024-01-12 00:00:00');
INSERT INTO motorbike_booking_history (id, booking_id, status, changed_at) VALUES ('3db088d8-5c81-4c4c-88fc-66278feb24b1', '784252d3-62bb-4f9d-9e05-9a64c9f8e6e8', 'PENDING', '2024-01-12 00:00:00');
INSERT INTO motorbike_booking_history (id, booking_id, status, changed_at) VALUES ('f5844956-001b-45ed-9e53-cc2a67aaf739', '784252d3-62bb-4f9d-9e05-9a64c9f8e6e8', 'COMPLETED', '2024-01-12 02:00:00');
INSERT INTO motorbike_bookings (id, motorbike_id, renter_id, owner_id, status, start_date, end_date, total_days, price_per_day, base_price, service_fee, taxes, total, deposit, created_at) VALUES ('22e6fca6-9136-49d3-a21c-265b8b171552', 'BIKE-2', 'B2C3D4E5-F6G7-8901-BCDE-234567890123', 'E5F6G7H8-I9J0-1234-EFGH-567890123456', 'COMPLETED', '2024-02-23', '2024-02-28', 5, 200000, 1000000, 100000.0, 80000.0, 1180000.0, 400000, '2024-02-11 00:00:00');
INSERT INTO motorbike_booking_history (id, booking_id, status, changed_at) VALUES ('2cd800df-6299-4b0b-b88d-69222507020e', '22e6fca6-9136-49d3-a21c-265b8b171552', 'PENDING', '2024-02-11 00:00:00');
INSERT INTO motorbike_booking_history (id, booking_id, status, changed_at) VALUES ('5c2a4a40-5c73-4a44-aa09-b53f81497af5', '22e6fca6-9136-49d3-a21c-265b8b171552', 'COMPLETED', '2024-02-11 02:00:00');
INSERT INTO motorbike_bookings (id, motorbike_id, renter_id, owner_id, status, start_date, end_date, total_days, price_per_day, base_price, service_fee, taxes, total, deposit, created_at) VALUES ('fb33006b-ca6c-4a4b-a8cd-731ce45381cc', 'BIKE-1', 'B2C3D4E5-F6G7-8901-BCDE-234567890123', 'E5F6G7H8-I9J0-1234-EFGH-567890123456', 'COMPLETED', '2024-01-18', '2024-01-23', 5, 150000, 750000, 75000.0, 60000.0, 885000.0, 300000, '2024-01-07 00:00:00');
INSERT INTO motorbike_booking_history (id, booking_id, status, changed_at) VALUES ('d0beec41-73e8-4b91-8e7a-c49aaa71734b', 'fb33006b-ca6c-4a4b-a8cd-731ce45381cc', 'PENDING', '2024-01-07 00:00:00');
INSERT INTO motorbike_booking_history (id, booking_id, status, changed_at) VALUES ('70ff7a1e-b796-4a5e-a910-c6355c22c17e', 'fb33006b-ca6c-4a4b-a8cd-731ce45381cc', 'COMPLETED', '2024-01-07 02:00:00');
INSERT INTO motorbike_bookings (id, motorbike_id, renter_id, owner_id, status, start_date, end_date, total_days, price_per_day, base_price, service_fee, taxes, total, deposit, created_at) VALUES ('223ac075-59d2-4fc8-a2b3-260000924887', 'BIKE-2', 'B2C3D4E5-F6G7-8901-BCDE-234567890123', 'E5F6G7H8-I9J0-1234-EFGH-567890123456', 'COMPLETED', '2023-12-28', '2024-01-03', 6, 200000, 1200000, 120000.0, 96000.0, 1416000.0, 400000, '2023-12-27 00:00:00');
INSERT INTO motorbike_booking_history (id, booking_id, status, changed_at) VALUES ('18c7b28c-66ea-4af1-9003-8aa6ba368449', '223ac075-59d2-4fc8-a2b3-260000924887', 'PENDING', '2023-12-27 00:00:00');
INSERT INTO motorbike_booking_history (id, booking_id, status, changed_at) VALUES ('710a9965-0a50-4197-a54e-94c78158c049', '223ac075-59d2-4fc8-a2b3-260000924887', 'COMPLETED', '2023-12-27 02:00:00');
INSERT INTO motorbike_bookings (id, motorbike_id, renter_id, owner_id, status, start_date, end_date, total_days, price_per_day, base_price, service_fee, taxes, total, deposit, created_at) VALUES ('38f7d69d-ff0f-414f-8eca-5e06d7f24892', 'BIKE-1', 'B2C3D4E5-F6G7-8901-BCDE-234567890123', 'E5F6G7H8-I9J0-1234-EFGH-567890123456', 'COMPLETED', '2023-06-07', '2023-06-16', 9, 150000, 1350000, 135000.0, 108000.0, 1593000.0, 300000, '2023-06-02 00:00:00');
INSERT INTO motorbike_booking_history (id, booking_id, status, changed_at) VALUES ('6c2ce209-4346-478b-abeb-4c6bfd182e87', '38f7d69d-ff0f-414f-8eca-5e06d7f24892', 'PENDING', '2023-06-02 00:00:00');
INSERT INTO motorbike_booking_history (id, booking_id, status, changed_at) VALUES ('ab264d12-f6ad-46d6-8003-f8cfbca90013', '38f7d69d-ff0f-414f-8eca-5e06d7f24892', 'COMPLETED', '2023-06-02 02:00:00');
INSERT INTO motorbike_bookings (id, motorbike_id, renter_id, owner_id, status, start_date, end_date, total_days, price_per_day, base_price, service_fee, taxes, total, deposit, created_at) VALUES ('96b1cdf0-b230-4a06-83a4-8721f6c352a6', 'BIKE-1', 'D4E5F6G7-H8I9-0123-DEFG-456789012345', 'E5F6G7H8-I9J0-1234-EFGH-567890123456', 'COMPLETED', '2023-09-04', '2023-09-07', 3, 150000, 450000, 45000.0, 36000.0, 531000.0, 300000, '2023-08-26 00:00:00');
INSERT INTO motorbike_booking_history (id, booking_id, status, changed_at) VALUES ('85f3612c-e946-4ee2-94eb-a7572c1bf85c', '96b1cdf0-b230-4a06-83a4-8721f6c352a6', 'PENDING', '2023-08-26 00:00:00');
INSERT INTO motorbike_booking_history (id, booking_id, status, changed_at) VALUES ('9d1a5442-2a34-471f-9719-541b69112adf', '96b1cdf0-b230-4a06-83a4-8721f6c352a6', 'COMPLETED', '2023-08-26 02:00:00');
INSERT INTO motorbike_bookings (id, motorbike_id, renter_id, owner_id, status, start_date, end_date, total_days, price_per_day, base_price, service_fee, taxes, total, deposit, created_at) VALUES ('ee646d31-9c59-4278-9096-84e4f90bba27', 'BIKE-2', 'B2C3D4E5-F6G7-8901-BCDE-234567890123', 'E5F6G7H8-I9J0-1234-EFGH-567890123456', 'COMPLETED', '2024-04-08', '2024-04-10', 2, 200000, 400000, 40000.0, 32000.0, 472000.0, 400000, '2024-03-30 00:00:00');
INSERT INTO motorbike_booking_history (id, booking_id, status, changed_at) VALUES ('3a7150b1-de75-4720-9e7f-02d0130907f0', 'ee646d31-9c59-4278-9096-84e4f90bba27', 'PENDING', '2024-03-30 00:00:00');
INSERT INTO motorbike_booking_history (id, booking_id, status, changed_at) VALUES ('e54cda5a-e81b-491d-987a-285e1dc46778', 'ee646d31-9c59-4278-9096-84e4f90bba27', 'COMPLETED', '2024-03-30 02:00:00');
INSERT INTO motorbike_bookings (id, motorbike_id, renter_id, owner_id, status, start_date, end_date, total_days, price_per_day, base_price, service_fee, taxes, total, deposit, created_at) VALUES ('5f56579a-e90c-447c-966f-6ca9dac88f9e', 'BIKE-2', 'C3D4E5F6-G7H8-9012-CDEF-345678901234', 'E5F6G7H8-I9J0-1234-EFGH-567890123456', 'CANCELLED', '2024-04-30', '2024-05-06', 6, 200000, 1200000, 120000.0, 96000.0, 1416000.0, 400000, '2024-04-24 00:00:00');
INSERT INTO motorbike_booking_history (id, booking_id, status, changed_at) VALUES ('41cab13f-cbbe-4b95-a872-94545da3804d', '5f56579a-e90c-447c-966f-6ca9dac88f9e', 'PENDING', '2024-04-24 00:00:00');
INSERT INTO motorbike_booking_history (id, booking_id, status, changed_at) VALUES ('e21bd79b-019c-42ab-8051-52b0b251d2dd', '5f56579a-e90c-447c-966f-6ca9dac88f9e', 'CANCELLED', '2024-04-24 02:00:00');
INSERT INTO motorbike_bookings (id, motorbike_id, renter_id, owner_id, status, start_date, end_date, total_days, price_per_day, base_price, service_fee, taxes, total, deposit, created_at) VALUES ('7b4b6bea-bf8f-4e8f-a793-a6dbbf280e64', 'BIKE-2', 'D4E5F6G7-H8I9-0123-DEFG-456789012345', 'E5F6G7H8-I9J0-1234-EFGH-567890123456', 'COMPLETED', '2023-09-07', '2023-09-17', 10, 200000, 2000000, 200000.0, 160000.0, 2360000.0, 400000, '2023-09-04 00:00:00');
INSERT INTO motorbike_booking_history (id, booking_id, status, changed_at) VALUES ('ffc56c67-2247-4fd5-bbe7-3feebe740b0e', '7b4b6bea-bf8f-4e8f-a793-a6dbbf280e64', 'PENDING', '2023-09-04 00:00:00');
INSERT INTO motorbike_booking_history (id, booking_id, status, changed_at) VALUES ('be4af6b9-9b84-4d10-b6f4-223d7d1d6a3b', '7b4b6bea-bf8f-4e8f-a793-a6dbbf280e64', 'COMPLETED', '2023-09-04 02:00:00');
INSERT INTO motorbike_bookings (id, motorbike_id, renter_id, owner_id, status, start_date, end_date, total_days, price_per_day, base_price, service_fee, taxes, total, deposit, created_at) VALUES ('6acdb103-32d1-4abb-b6a6-aa035d55637b', 'BIKE-3', 'D4E5F6G7-H8I9-0123-DEFG-456789012345', 'E5F6G7H8-I9J0-1234-EFGH-567890123456', 'COMPLETED', '2023-07-29', '2023-08-04', 6, 120000, 720000, 72000.0, 57600.0, 849600.0, 240000, '2023-07-26 00:00:00');
INSERT INTO motorbike_booking_history (id, booking_id, status, changed_at) VALUES ('72835558-3d6f-41e0-902e-9f745b9c5a3b', '6acdb103-32d1-4abb-b6a6-aa035d55637b', 'PENDING', '2023-07-26 00:00:00');
INSERT INTO motorbike_booking_history (id, booking_id, status, changed_at) VALUES ('18469a30-3b0e-4c64-a2ae-9df1a0590834', '6acdb103-32d1-4abb-b6a6-aa035d55637b', 'COMPLETED', '2023-07-26 02:00:00');
INSERT INTO motorbike_bookings (id, motorbike_id, renter_id, owner_id, status, start_date, end_date, total_days, price_per_day, base_price, service_fee, taxes, total, deposit, created_at) VALUES ('cf45f6b7-31e0-4ed8-8b88-7061f45636c3', 'BIKE-3', 'D4E5F6G7-H8I9-0123-DEFG-456789012345', 'E5F6G7H8-I9J0-1234-EFGH-567890123456', 'COMPLETED', '2023-07-18', '2023-07-23', 5, 120000, 600000, 60000.0, 48000.0, 708000.0, 240000, '2023-07-06 00:00:00');
INSERT INTO motorbike_booking_history (id, booking_id, status, changed_at) VALUES ('edcbdcc4-593e-4904-b430-f6bdbaa4ce81', 'cf45f6b7-31e0-4ed8-8b88-7061f45636c3', 'PENDING', '2023-07-06 00:00:00');
INSERT INTO motorbike_booking_history (id, booking_id, status, changed_at) VALUES ('4b3f1788-7744-45f1-87fe-0d4f4226f6d1', 'cf45f6b7-31e0-4ed8-8b88-7061f45636c3', 'COMPLETED', '2023-07-06 02:00:00');
INSERT INTO motorbike_bookings (id, motorbike_id, renter_id, owner_id, status, start_date, end_date, total_days, price_per_day, base_price, service_fee, taxes, total, deposit, created_at) VALUES ('542b32e7-0b66-46c8-ac6c-d9c10fdbe0b1', 'BIKE-2', 'D4E5F6G7-H8I9-0123-DEFG-456789012345', 'E5F6G7H8-I9J0-1234-EFGH-567890123456', 'COMPLETED', '2023-04-30', '2023-05-08', 8, 200000, 1600000, 160000.0, 128000.0, 1888000.0, 400000, '2023-04-28 00:00:00');
INSERT INTO motorbike_booking_history (id, booking_id, status, changed_at) VALUES ('947d9f8a-eaf0-44bb-bcb9-36411e5eb8a3', '542b32e7-0b66-46c8-ac6c-d9c10fdbe0b1', 'PENDING', '2023-04-28 00:00:00');
INSERT INTO motorbike_booking_history (id, booking_id, status, changed_at) VALUES ('19f3fcdb-155c-43b7-b70b-2ff64680e04f', '542b32e7-0b66-46c8-ac6c-d9c10fdbe0b1', 'COMPLETED', '2023-04-28 02:00:00');
INSERT INTO motorbike_bookings (id, motorbike_id, renter_id, owner_id, status, start_date, end_date, total_days, price_per_day, base_price, service_fee, taxes, total, deposit, created_at) VALUES ('b432b438-8590-4d2b-8c7d-cdd7504ad3cc', 'BIKE-2', 'B2C3D4E5-F6G7-8901-BCDE-234567890123', 'E5F6G7H8-I9J0-1234-EFGH-567890123456', 'COMPLETED', '2023-08-26', '2023-08-29', 3, 200000, 600000, 60000.0, 48000.0, 708000.0, 400000, '2023-08-25 00:00:00');
INSERT INTO motorbike_booking_history (id, booking_id, status, changed_at) VALUES ('3ffd5905-77ec-4ec4-853f-46672bde0a58', 'b432b438-8590-4d2b-8c7d-cdd7504ad3cc', 'PENDING', '2023-08-25 00:00:00');
INSERT INTO motorbike_booking_history (id, booking_id, status, changed_at) VALUES ('80c81158-09e3-43c2-8861-dfd5c1564eff', 'b432b438-8590-4d2b-8c7d-cdd7504ad3cc', 'COMPLETED', '2023-08-25 02:00:00');
INSERT INTO motorbike_bookings (id, motorbike_id, renter_id, owner_id, status, start_date, end_date, total_days, price_per_day, base_price, service_fee, taxes, total, deposit, created_at) VALUES ('eb4a3d51-6f81-4a2a-8988-c199e8029f7e', 'BIKE-1', 'B2C3D4E5-F6G7-8901-BCDE-234567890123', 'E5F6G7H8-I9J0-1234-EFGH-567890123456', 'COMPLETED', '2024-05-04', '2024-05-13', 9, 150000, 1350000, 135000.0, 108000.0, 1593000.0, 300000, '2024-04-23 00:00:00');
INSERT INTO motorbike_booking_history (id, booking_id, status, changed_at) VALUES ('d0bacc9b-bd93-41c3-9823-73b403c0e80f', 'eb4a3d51-6f81-4a2a-8988-c199e8029f7e', 'PENDING', '2024-04-23 00:00:00');
INSERT INTO motorbike_booking_history (id, booking_id, status, changed_at) VALUES ('96382657-b8e9-4e23-b461-02ef7c4e7d20', 'eb4a3d51-6f81-4a2a-8988-c199e8029f7e', 'COMPLETED', '2024-04-23 02:00:00');
INSERT INTO motorbike_bookings (id, motorbike_id, renter_id, owner_id, status, start_date, end_date, total_days, price_per_day, base_price, service_fee, taxes, total, deposit, created_at) VALUES ('2db20f94-d0f9-4250-8626-1c39701bb5ae', 'BIKE-2', 'B2C3D4E5-F6G7-8901-BCDE-234567890123', 'E5F6G7H8-I9J0-1234-EFGH-567890123456', 'COMPLETED', '2023-07-06', '2023-07-10', 4, 200000, 800000, 80000.0, 64000.0, 944000.0, 400000, '2023-06-27 00:00:00');
INSERT INTO motorbike_booking_history (id, booking_id, status, changed_at) VALUES ('aa146916-e049-4e32-9d08-1431369556de', '2db20f94-d0f9-4250-8626-1c39701bb5ae', 'PENDING', '2023-06-27 00:00:00');
INSERT INTO motorbike_booking_history (id, booking_id, status, changed_at) VALUES ('39732b59-492a-4b83-8ae9-9d7bc109915f', '2db20f94-d0f9-4250-8626-1c39701bb5ae', 'COMPLETED', '2023-06-27 02:00:00');
INSERT INTO motorbike_bookings (id, motorbike_id, renter_id, owner_id, status, start_date, end_date, total_days, price_per_day, base_price, service_fee, taxes, total, deposit, created_at) VALUES ('aaac353b-a5f8-49cd-a7b2-f6e23be5e39a', 'BIKE-3', 'C3D4E5F6-G7H8-9012-CDEF-345678901234', 'E5F6G7H8-I9J0-1234-EFGH-567890123456', 'COMPLETED', '2023-08-01', '2023-08-04', 3, 120000, 360000, 36000.0, 28800.0, 424800.0, 240000, '2023-07-20 00:00:00');
INSERT INTO motorbike_booking_history (id, booking_id, status, changed_at) VALUES ('ce80006b-d752-4c78-9748-b82e0c75a944', 'aaac353b-a5f8-49cd-a7b2-f6e23be5e39a', 'PENDING', '2023-07-20 00:00:00');
INSERT INTO motorbike_booking_history (id, booking_id, status, changed_at) VALUES ('35fc49fc-bf2f-48d7-9874-266b1fcf45ea', 'aaac353b-a5f8-49cd-a7b2-f6e23be5e39a', 'COMPLETED', '2023-07-20 02:00:00');
INSERT INTO motorbike_bookings (id, motorbike_id, renter_id, owner_id, status, start_date, end_date, total_days, price_per_day, base_price, service_fee, taxes, total, deposit, created_at) VALUES ('e8ed446f-dbad-47b6-8ecd-a7111d2045bf', 'BIKE-3', 'B2C3D4E5-F6G7-8901-BCDE-234567890123', 'E5F6G7H8-I9J0-1234-EFGH-567890123456', 'COMPLETED', '2023-05-02', '2023-05-12', 10, 120000, 1200000, 120000.0, 96000.0, 1416000.0, 240000, '2023-04-24 00:00:00');
INSERT INTO motorbike_booking_history (id, booking_id, status, changed_at) VALUES ('9d4aae9f-4271-4098-809d-7fe9476d041f', 'e8ed446f-dbad-47b6-8ecd-a7111d2045bf', 'PENDING', '2023-04-24 00:00:00');
INSERT INTO motorbike_booking_history (id, booking_id, status, changed_at) VALUES ('b233330c-8171-4aa6-986f-dffbae37195f', 'e8ed446f-dbad-47b6-8ecd-a7111d2045bf', 'COMPLETED', '2023-04-24 02:00:00');
INSERT INTO motorbike_bookings (id, motorbike_id, renter_id, owner_id, status, start_date, end_date, total_days, price_per_day, base_price, service_fee, taxes, total, deposit, created_at) VALUES ('eae9cc65-9cc1-4bff-a2c7-8e8c4d7c7bd7', 'BIKE-3', 'B2C3D4E5-F6G7-8901-BCDE-234567890123', 'E5F6G7H8-I9J0-1234-EFGH-567890123456', 'COMPLETED', '2024-05-20', '2024-05-25', 5, 120000, 600000, 60000.0, 48000.0, 708000.0, 240000, '2024-05-15 00:00:00');
INSERT INTO motorbike_booking_history (id, booking_id, status, changed_at) VALUES ('2db21299-9288-42c5-a6ca-e9d6d53e499d', 'eae9cc65-9cc1-4bff-a2c7-8e8c4d7c7bd7', 'PENDING', '2024-05-15 00:00:00');
INSERT INTO motorbike_booking_history (id, booking_id, status, changed_at) VALUES ('f5e1cfd1-da5a-4d8d-84aa-bdb2adf448b2', 'eae9cc65-9cc1-4bff-a2c7-8e8c4d7c7bd7', 'COMPLETED', '2024-05-15 02:00:00');
INSERT INTO motorbike_bookings (id, motorbike_id, renter_id, owner_id, status, start_date, end_date, total_days, price_per_day, base_price, service_fee, taxes, total, deposit, created_at) VALUES ('d5e5ec59-c54d-4531-a0b1-7804693b0919', 'BIKE-3', 'B2C3D4E5-F6G7-8901-BCDE-234567890123', 'E5F6G7H8-I9J0-1234-EFGH-567890123456', 'COMPLETED', '2023-07-11', '2023-07-20', 9, 120000, 1080000, 108000.0, 86400.0, 1274400.0, 240000, '2023-06-27 00:00:00');
INSERT INTO motorbike_booking_history (id, booking_id, status, changed_at) VALUES ('2010d3da-3523-458e-a0e3-b97018334f2e', 'd5e5ec59-c54d-4531-a0b1-7804693b0919', 'PENDING', '2023-06-27 00:00:00');
INSERT INTO motorbike_booking_history (id, booking_id, status, changed_at) VALUES ('22a28b05-edaf-4e8b-b8e8-d8aba4ea1b24', 'd5e5ec59-c54d-4531-a0b1-7804693b0919', 'COMPLETED', '2023-06-27 02:00:00');
INSERT INTO motorbike_bookings (id, motorbike_id, renter_id, owner_id, status, start_date, end_date, total_days, price_per_day, base_price, service_fee, taxes, total, deposit, created_at) VALUES ('6ebe7c5b-b183-4029-9a99-02709426c6fd', 'BIKE-1', 'C3D4E5F6-G7H8-9012-CDEF-345678901234', 'E5F6G7H8-I9J0-1234-EFGH-567890123456', 'COMPLETED', '2023-06-05', '2023-06-06', 1, 150000, 150000, 15000.0, 12000.0, 177000.0, 300000, '2023-05-26 00:00:00');
INSERT INTO motorbike_booking_history (id, booking_id, status, changed_at) VALUES ('6317da0e-e13e-46c2-814b-628488bb4c9d', '6ebe7c5b-b183-4029-9a99-02709426c6fd', 'PENDING', '2023-05-26 00:00:00');
INSERT INTO motorbike_booking_history (id, booking_id, status, changed_at) VALUES ('01db7c8f-2fb8-4b83-851e-8a3279b8195f', '6ebe7c5b-b183-4029-9a99-02709426c6fd', 'COMPLETED', '2023-05-26 02:00:00');
INSERT INTO motorbike_bookings (id, motorbike_id, renter_id, owner_id, status, start_date, end_date, total_days, price_per_day, base_price, service_fee, taxes, total, deposit, created_at) VALUES ('59656fb9-37b2-45fb-8161-07867433e67d', 'BIKE-2', 'B2C3D4E5-F6G7-8901-BCDE-234567890123', 'E5F6G7H8-I9J0-1234-EFGH-567890123456', 'COMPLETED', '2024-01-08', '2024-01-14', 6, 200000, 1200000, 120000.0, 96000.0, 1416000.0, 400000, '2023-12-27 00:00:00');
INSERT INTO motorbike_booking_history (id, booking_id, status, changed_at) VALUES ('a473a6fe-885a-4f61-b246-421806c36e1d', '59656fb9-37b2-45fb-8161-07867433e67d', 'PENDING', '2023-12-27 00:00:00');
INSERT INTO motorbike_booking_history (id, booking_id, status, changed_at) VALUES ('47e19d49-731a-4228-a9e7-0735fe3e9f4f', '59656fb9-37b2-45fb-8161-07867433e67d', 'COMPLETED', '2023-12-27 02:00:00');
INSERT INTO motorbike_bookings (id, motorbike_id, renter_id, owner_id, status, start_date, end_date, total_days, price_per_day, base_price, service_fee, taxes, total, deposit, created_at) VALUES ('a6361275-ab10-4328-aecb-fb63ddca36c7', 'BIKE-1', 'C3D4E5F6-G7H8-9012-CDEF-345678901234', 'E5F6G7H8-I9J0-1234-EFGH-567890123456', 'COMPLETED', '2023-04-28', '2023-04-29', 1, 150000, 150000, 15000.0, 12000.0, 177000.0, 300000, '2023-04-18 00:00:00');
INSERT INTO motorbike_booking_history (id, booking_id, status, changed_at) VALUES ('d710d126-375d-45ab-a4d4-acbd84d66289', 'a6361275-ab10-4328-aecb-fb63ddca36c7', 'PENDING', '2023-04-18 00:00:00');
INSERT INTO motorbike_booking_history (id, booking_id, status, changed_at) VALUES ('2726f807-1c2b-436a-8025-b7484830e47d', 'a6361275-ab10-4328-aecb-fb63ddca36c7', 'COMPLETED', '2023-04-18 02:00:00');
INSERT INTO motorbike_bookings (id, motorbike_id, renter_id, owner_id, status, start_date, end_date, total_days, price_per_day, base_price, service_fee, taxes, total, deposit, created_at) VALUES ('f0ada79c-4ffe-4cb6-9a6a-070ff9cd8e78', 'BIKE-3', 'D4E5F6G7-H8I9-0123-DEFG-456789012345', 'E5F6G7H8-I9J0-1234-EFGH-567890123456', 'COMPLETED', '2023-10-26', '2023-10-27', 1, 120000, 120000, 12000.0, 9600.0, 141600.0, 240000, '2023-10-20 00:00:00');
INSERT INTO motorbike_booking_history (id, booking_id, status, changed_at) VALUES ('d1499734-3f7e-4196-ac80-8be1bcf6e18e', 'f0ada79c-4ffe-4cb6-9a6a-070ff9cd8e78', 'PENDING', '2023-10-20 00:00:00');
INSERT INTO motorbike_booking_history (id, booking_id, status, changed_at) VALUES ('ca76b7c3-ce95-41e6-a629-e374cf7332e5', 'f0ada79c-4ffe-4cb6-9a6a-070ff9cd8e78', 'COMPLETED', '2023-10-20 02:00:00');
INSERT INTO motorbike_bookings (id, motorbike_id, renter_id, owner_id, status, start_date, end_date, total_days, price_per_day, base_price, service_fee, taxes, total, deposit, created_at) VALUES ('58b6c4ba-4244-4098-994d-a203050ac684', 'BIKE-1', 'C3D4E5F6-G7H8-9012-CDEF-345678901234', 'E5F6G7H8-I9J0-1234-EFGH-567890123456', 'COMPLETED', '2023-01-17', '2023-01-22', 5, 150000, 750000, 75000.0, 60000.0, 885000.0, 300000, '2023-01-16 00:00:00');
INSERT INTO motorbike_booking_history (id, booking_id, status, changed_at) VALUES ('b9ab80bb-c88a-49d4-85b3-d8a9eabf6f14', '58b6c4ba-4244-4098-994d-a203050ac684', 'PENDING', '2023-01-16 00:00:00');
INSERT INTO motorbike_booking_history (id, booking_id, status, changed_at) VALUES ('b2af7f4f-cbd3-4011-a854-905d2cebe1e2', '58b6c4ba-4244-4098-994d-a203050ac684', 'COMPLETED', '2023-01-16 02:00:00');
INSERT INTO motorbike_bookings (id, motorbike_id, renter_id, owner_id, status, start_date, end_date, total_days, price_per_day, base_price, service_fee, taxes, total, deposit, created_at) VALUES ('9ae85eeb-d205-4a96-9891-5d05bfa82cea', 'BIKE-1', 'D4E5F6G7-H8I9-0123-DEFG-456789012345', 'E5F6G7H8-I9J0-1234-EFGH-567890123456', 'CANCELLED', '2023-03-09', '2023-03-17', 8, 150000, 1200000, 120000.0, 96000.0, 1416000.0, 300000, '2023-02-24 00:00:00');
INSERT INTO motorbike_booking_history (id, booking_id, status, changed_at) VALUES ('2ef614d8-8a8f-48fc-9d09-a0a35555f2f3', '9ae85eeb-d205-4a96-9891-5d05bfa82cea', 'PENDING', '2023-02-24 00:00:00');
INSERT INTO motorbike_booking_history (id, booking_id, status, changed_at) VALUES ('7f5eb8b1-0027-45c2-92af-a318e614475a', '9ae85eeb-d205-4a96-9891-5d05bfa82cea', 'CANCELLED', '2023-02-24 02:00:00');
INSERT INTO motorbike_bookings (id, motorbike_id, renter_id, owner_id, status, start_date, end_date, total_days, price_per_day, base_price, service_fee, taxes, total, deposit, created_at) VALUES ('4d0d47c5-408c-4fe5-b762-3a370c3a689d', 'BIKE-3', 'D4E5F6G7-H8I9-0123-DEFG-456789012345', 'E5F6G7H8-I9J0-1234-EFGH-567890123456', 'COMPLETED', '2023-11-23', '2023-11-30', 7, 120000, 840000, 84000.0, 67200.0, 991200.0, 240000, '2023-11-21 00:00:00');
INSERT INTO motorbike_booking_history (id, booking_id, status, changed_at) VALUES ('6b011e08-72be-48b0-b40b-ca4d09b35a1e', '4d0d47c5-408c-4fe5-b762-3a370c3a689d', 'PENDING', '2023-11-21 00:00:00');
INSERT INTO motorbike_booking_history (id, booking_id, status, changed_at) VALUES ('d383f29e-1aee-4620-89bd-6033f16aa4d9', '4d0d47c5-408c-4fe5-b762-3a370c3a689d', 'COMPLETED', '2023-11-21 02:00:00');
INSERT INTO motorbike_bookings (id, motorbike_id, renter_id, owner_id, status, start_date, end_date, total_days, price_per_day, base_price, service_fee, taxes, total, deposit, created_at) VALUES ('f8180af3-ed80-4e39-8a77-c10facf57abf', 'BIKE-2', 'C3D4E5F6-G7H8-9012-CDEF-345678901234', 'E5F6G7H8-I9J0-1234-EFGH-567890123456', 'COMPLETED', '2023-01-28', '2023-01-31', 3, 200000, 600000, 60000.0, 48000.0, 708000.0, 400000, '2023-01-23 00:00:00');
INSERT INTO motorbike_booking_history (id, booking_id, status, changed_at) VALUES ('8f3f3871-8e26-4af1-8b6c-653b4f03a1f3', 'f8180af3-ed80-4e39-8a77-c10facf57abf', 'PENDING', '2023-01-23 00:00:00');
INSERT INTO motorbike_booking_history (id, booking_id, status, changed_at) VALUES ('2cd6254d-558b-49c6-9671-d5dc6525aab6', 'f8180af3-ed80-4e39-8a77-c10facf57abf', 'COMPLETED', '2023-01-23 02:00:00');
INSERT INTO motorbike_bookings (id, motorbike_id, renter_id, owner_id, status, start_date, end_date, total_days, price_per_day, base_price, service_fee, taxes, total, deposit, created_at) VALUES ('49ada92f-6711-4b17-b72e-b6a07df9cd39', 'BIKE-1', 'B2C3D4E5-F6G7-8901-BCDE-234567890123', 'E5F6G7H8-I9J0-1234-EFGH-567890123456', 'COMPLETED', '2023-10-16', '2023-10-17', 1, 150000, 150000, 15000.0, 12000.0, 177000.0, 300000, '2023-10-14 00:00:00');
INSERT INTO motorbike_booking_history (id, booking_id, status, changed_at) VALUES ('22cca152-601a-42ed-8eba-a49901145647', '49ada92f-6711-4b17-b72e-b6a07df9cd39', 'PENDING', '2023-10-14 00:00:00');
INSERT INTO motorbike_booking_history (id, booking_id, status, changed_at) VALUES ('6efa05c1-5bb8-41c3-aa9f-f81d29a26af8', '49ada92f-6711-4b17-b72e-b6a07df9cd39', 'COMPLETED', '2023-10-14 02:00:00');
INSERT INTO motorbike_bookings (id, motorbike_id, renter_id, owner_id, status, start_date, end_date, total_days, price_per_day, base_price, service_fee, taxes, total, deposit, created_at) VALUES ('5bbb0450-d8df-4713-a540-d07cff2de6d6', 'BIKE-1', 'C3D4E5F6-G7H8-9012-CDEF-345678901234', 'E5F6G7H8-I9J0-1234-EFGH-567890123456', 'COMPLETED', '2024-05-04', '2024-05-06', 2, 150000, 300000, 30000.0, 24000.0, 354000.0, 300000, '2024-04-26 00:00:00');
INSERT INTO motorbike_booking_history (id, booking_id, status, changed_at) VALUES ('a48dbc17-c685-4436-a9f6-96a0a2c48a04', '5bbb0450-d8df-4713-a540-d07cff2de6d6', 'PENDING', '2024-04-26 00:00:00');
INSERT INTO motorbike_booking_history (id, booking_id, status, changed_at) VALUES ('71d5006c-1ce1-4635-bf6b-81abf4cbe5d8', '5bbb0450-d8df-4713-a540-d07cff2de6d6', 'COMPLETED', '2024-04-26 02:00:00');
INSERT INTO motorbike_bookings (id, motorbike_id, renter_id, owner_id, status, start_date, end_date, total_days, price_per_day, base_price, service_fee, taxes, total, deposit, created_at) VALUES ('08fcea48-a3d0-4790-a036-0298e74f07c7', 'BIKE-1', 'C3D4E5F6-G7H8-9012-CDEF-345678901234', 'E5F6G7H8-I9J0-1234-EFGH-567890123456', 'COMPLETED', '2023-09-18', '2023-09-23', 5, 150000, 750000, 75000.0, 60000.0, 885000.0, 300000, '2023-09-13 00:00:00');
INSERT INTO motorbike_booking_history (id, booking_id, status, changed_at) VALUES ('af9913ce-9f36-4adc-89c3-ac868d2445d6', '08fcea48-a3d0-4790-a036-0298e74f07c7', 'PENDING', '2023-09-13 00:00:00');
INSERT INTO motorbike_booking_history (id, booking_id, status, changed_at) VALUES ('3849b04c-1fa5-4a99-935e-358790f8f99b', '08fcea48-a3d0-4790-a036-0298e74f07c7', 'COMPLETED', '2023-09-13 02:00:00');
INSERT INTO motorbike_bookings (id, motorbike_id, renter_id, owner_id, status, start_date, end_date, total_days, price_per_day, base_price, service_fee, taxes, total, deposit, created_at) VALUES ('fae44b99-8c7e-4693-b085-62dade24b27b', 'BIKE-1', 'C3D4E5F6-G7H8-9012-CDEF-345678901234', 'E5F6G7H8-I9J0-1234-EFGH-567890123456', 'COMPLETED', '2023-12-08', '2023-12-16', 8, 150000, 1200000, 120000.0, 96000.0, 1416000.0, 300000, '2023-12-06 00:00:00');
INSERT INTO motorbike_booking_history (id, booking_id, status, changed_at) VALUES ('af445fa8-2897-4a95-9e97-138966d0a033', 'fae44b99-8c7e-4693-b085-62dade24b27b', 'PENDING', '2023-12-06 00:00:00');
INSERT INTO motorbike_booking_history (id, booking_id, status, changed_at) VALUES ('8551a3c9-7820-46f9-adc5-3eb10895445c', 'fae44b99-8c7e-4693-b085-62dade24b27b', 'COMPLETED', '2023-12-06 02:00:00');
INSERT INTO motorbike_bookings (id, motorbike_id, renter_id, owner_id, status, start_date, end_date, total_days, price_per_day, base_price, service_fee, taxes, total, deposit, created_at) VALUES ('8a2c824b-a914-46c5-9dbd-4f8ed5a1e253', 'BIKE-1', 'C3D4E5F6-G7H8-9012-CDEF-345678901234', 'E5F6G7H8-I9J0-1234-EFGH-567890123456', 'COMPLETED', '2023-08-13', '2023-08-22', 9, 150000, 1350000, 135000.0, 108000.0, 1593000.0, 300000, '2023-08-08 00:00:00');
INSERT INTO motorbike_booking_history (id, booking_id, status, changed_at) VALUES ('1cfe25a5-8e32-4ba7-a5a7-90da57b08ae6', '8a2c824b-a914-46c5-9dbd-4f8ed5a1e253', 'PENDING', '2023-08-08 00:00:00');
INSERT INTO motorbike_booking_history (id, booking_id, status, changed_at) VALUES ('641980f6-4f65-45a3-8509-a7c7abdeb089', '8a2c824b-a914-46c5-9dbd-4f8ed5a1e253', 'COMPLETED', '2023-08-08 02:00:00');
INSERT INTO motorbike_bookings (id, motorbike_id, renter_id, owner_id, status, start_date, end_date, total_days, price_per_day, base_price, service_fee, taxes, total, deposit, created_at) VALUES ('b4bb4ad6-107f-4c24-8572-e33bda8c3b4e', 'BIKE-2', 'C3D4E5F6-G7H8-9012-CDEF-345678901234', 'E5F6G7H8-I9J0-1234-EFGH-567890123456', 'COMPLETED', '2023-09-07', '2023-09-13', 6, 200000, 1200000, 120000.0, 96000.0, 1416000.0, 400000, '2023-08-25 00:00:00');
INSERT INTO motorbike_booking_history (id, booking_id, status, changed_at) VALUES ('35dab2b0-4d88-424c-9f12-379f0a0272cf', 'b4bb4ad6-107f-4c24-8572-e33bda8c3b4e', 'PENDING', '2023-08-25 00:00:00');
INSERT INTO motorbike_booking_history (id, booking_id, status, changed_at) VALUES ('22ac61ad-d47a-44e6-ae44-ad021983eb51', 'b4bb4ad6-107f-4c24-8572-e33bda8c3b4e', 'COMPLETED', '2023-08-25 02:00:00');
INSERT INTO motorbike_bookings (id, motorbike_id, renter_id, owner_id, status, start_date, end_date, total_days, price_per_day, base_price, service_fee, taxes, total, deposit, created_at) VALUES ('59635393-4906-4412-9d7a-33610b74065c', 'BIKE-2', 'B2C3D4E5-F6G7-8901-BCDE-234567890123', 'E5F6G7H8-I9J0-1234-EFGH-567890123456', 'COMPLETED', '2023-05-18', '2023-05-25', 7, 200000, 1400000, 140000.0, 112000.0, 1652000.0, 400000, '2023-05-11 00:00:00');
INSERT INTO motorbike_booking_history (id, booking_id, status, changed_at) VALUES ('722bf11c-6227-4706-8b62-71cf918bf6e8', '59635393-4906-4412-9d7a-33610b74065c', 'PENDING', '2023-05-11 00:00:00');
INSERT INTO motorbike_booking_history (id, booking_id, status, changed_at) VALUES ('7bc9ac29-6a35-4b59-899d-ad2bcc47c1d9', '59635393-4906-4412-9d7a-33610b74065c', 'COMPLETED', '2023-05-11 02:00:00');
INSERT INTO motorbike_bookings (id, motorbike_id, renter_id, owner_id, status, start_date, end_date, total_days, price_per_day, base_price, service_fee, taxes, total, deposit, created_at) VALUES ('9b27a2a4-4b5a-41cc-9b4d-499f40aba3e3', 'BIKE-3', 'C3D4E5F6-G7H8-9012-CDEF-345678901234', 'E5F6G7H8-I9J0-1234-EFGH-567890123456', 'CANCELLED', '2024-05-09', '2024-05-12', 3, 120000, 360000, 36000.0, 28800.0, 424800.0, 240000, '2024-05-07 00:00:00');
INSERT INTO motorbike_booking_history (id, booking_id, status, changed_at) VALUES ('ee878dbe-e605-4078-b600-26465d543b9b', '9b27a2a4-4b5a-41cc-9b4d-499f40aba3e3', 'PENDING', '2024-05-07 00:00:00');
INSERT INTO motorbike_booking_history (id, booking_id, status, changed_at) VALUES ('e9c87aa7-8a30-4a2f-9b8f-5a67411a2a8f', '9b27a2a4-4b5a-41cc-9b4d-499f40aba3e3', 'CANCELLED', '2024-05-07 02:00:00');
INSERT INTO motorbike_bookings (id, motorbike_id, renter_id, owner_id, status, start_date, end_date, total_days, price_per_day, base_price, service_fee, taxes, total, deposit, created_at) VALUES ('0080b371-3db6-43a6-9a86-939746155b8f', 'BIKE-2', 'C3D4E5F6-G7H8-9012-CDEF-345678901234', 'E5F6G7H8-I9J0-1234-EFGH-567890123456', 'COMPLETED', '2023-07-01', '2023-07-06', 5, 200000, 1000000, 100000.0, 80000.0, 1180000.0, 400000, '2023-06-27 00:00:00');
INSERT INTO motorbike_booking_history (id, booking_id, status, changed_at) VALUES ('f33d8214-99fe-4b5e-8d55-f07012890cc1', '0080b371-3db6-43a6-9a86-939746155b8f', 'PENDING', '2023-06-27 00:00:00');
INSERT INTO motorbike_booking_history (id, booking_id, status, changed_at) VALUES ('24f8c464-c9b8-44fe-a8ba-92569bb100cd', '0080b371-3db6-43a6-9a86-939746155b8f', 'COMPLETED', '2023-06-27 02:00:00');
INSERT INTO motorbike_bookings (id, motorbike_id, renter_id, owner_id, status, start_date, end_date, total_days, price_per_day, base_price, service_fee, taxes, total, deposit, created_at) VALUES ('770458e2-1eaa-4585-a823-ea09db96d96f', 'BIKE-1', 'D4E5F6G7-H8I9-0123-DEFG-456789012345', 'E5F6G7H8-I9J0-1234-EFGH-567890123456', 'COMPLETED', '2024-04-12', '2024-04-20', 8, 150000, 1200000, 120000.0, 96000.0, 1416000.0, 300000, '2024-04-04 00:00:00');
INSERT INTO motorbike_booking_history (id, booking_id, status, changed_at) VALUES ('4145dc10-fb89-4b8d-9059-a419d039b9ed', '770458e2-1eaa-4585-a823-ea09db96d96f', 'PENDING', '2024-04-04 00:00:00');
INSERT INTO motorbike_booking_history (id, booking_id, status, changed_at) VALUES ('9848ab50-2112-450f-944a-92ccaef81ec7', '770458e2-1eaa-4585-a823-ea09db96d96f', 'COMPLETED', '2024-04-04 02:00:00');
INSERT INTO motorbike_bookings (id, motorbike_id, renter_id, owner_id, status, start_date, end_date, total_days, price_per_day, base_price, service_fee, taxes, total, deposit, created_at) VALUES ('7364d41f-e6ac-4d42-b703-f0b464c8af54', 'BIKE-2', 'D4E5F6G7-H8I9-0123-DEFG-456789012345', 'E5F6G7H8-I9J0-1234-EFGH-567890123456', 'COMPLETED', '2023-10-11', '2023-10-13', 2, 200000, 400000, 40000.0, 32000.0, 472000.0, 400000, '2023-10-06 00:00:00');
INSERT INTO motorbike_booking_history (id, booking_id, status, changed_at) VALUES ('47cf5f5e-4e50-4a18-b4a9-26567f819611', '7364d41f-e6ac-4d42-b703-f0b464c8af54', 'PENDING', '2023-10-06 00:00:00');
INSERT INTO motorbike_booking_history (id, booking_id, status, changed_at) VALUES ('a8406a0d-ac34-4e8d-b00a-7d8fb5982286', '7364d41f-e6ac-4d42-b703-f0b464c8af54', 'COMPLETED', '2023-10-06 02:00:00');
INSERT INTO motorbike_bookings (id, motorbike_id, renter_id, owner_id, status, start_date, end_date, total_days, price_per_day, base_price, service_fee, taxes, total, deposit, created_at) VALUES ('98b71758-273f-44c0-91ac-03b7d6b8ada0', 'BIKE-2', 'D4E5F6G7-H8I9-0123-DEFG-456789012345', 'E5F6G7H8-I9J0-1234-EFGH-567890123456', 'COMPLETED', '2023-09-21', '2023-09-30', 9, 200000, 1800000, 180000.0, 144000.0, 2124000.0, 400000, '2023-09-16 00:00:00');
INSERT INTO motorbike_booking_history (id, booking_id, status, changed_at) VALUES ('f253c2ed-8bce-4158-9f6a-7afd66eb0616', '98b71758-273f-44c0-91ac-03b7d6b8ada0', 'PENDING', '2023-09-16 00:00:00');
INSERT INTO motorbike_booking_history (id, booking_id, status, changed_at) VALUES ('73004648-af1a-4614-b881-e6b173d7c50e', '98b71758-273f-44c0-91ac-03b7d6b8ada0', 'COMPLETED', '2023-09-16 02:00:00');
INSERT INTO motorbike_bookings (id, motorbike_id, renter_id, owner_id, status, start_date, end_date, total_days, price_per_day, base_price, service_fee, taxes, total, deposit, created_at) VALUES ('aa2ff57b-f302-4981-a4ea-f14a609b1a97', 'BIKE-1', 'B2C3D4E5-F6G7-8901-BCDE-234567890123', 'E5F6G7H8-I9J0-1234-EFGH-567890123456', 'COMPLETED', '2023-01-01', '2023-01-06', 5, 150000, 750000, 75000.0, 60000.0, 885000.0, 300000, '2022-12-31 00:00:00');
INSERT INTO motorbike_booking_history (id, booking_id, status, changed_at) VALUES ('4a63ce08-f5aa-454f-a3de-0e1ebd9b3d19', 'aa2ff57b-f302-4981-a4ea-f14a609b1a97', 'PENDING', '2022-12-31 00:00:00');
INSERT INTO motorbike_booking_history (id, booking_id, status, changed_at) VALUES ('b650ad3d-30d6-4bbe-9fa9-28d5dbe43065', 'aa2ff57b-f302-4981-a4ea-f14a609b1a97', 'COMPLETED', '2022-12-31 02:00:00');
INSERT INTO motorbike_bookings (id, motorbike_id, renter_id, owner_id, status, start_date, end_date, total_days, price_per_day, base_price, service_fee, taxes, total, deposit, created_at) VALUES ('ffd5af72-22db-4276-a20b-a38d0f4917f6', 'BIKE-3', 'D4E5F6G7-H8I9-0123-DEFG-456789012345', 'E5F6G7H8-I9J0-1234-EFGH-567890123456', 'COMPLETED', '2024-05-22', '2024-05-27', 5, 120000, 600000, 60000.0, 48000.0, 708000.0, 240000, '2024-05-08 00:00:00');
INSERT INTO motorbike_booking_history (id, booking_id, status, changed_at) VALUES ('53655ca5-c0fd-4345-a2c5-228793e1d480', 'ffd5af72-22db-4276-a20b-a38d0f4917f6', 'PENDING', '2024-05-08 00:00:00');
INSERT INTO motorbike_booking_history (id, booking_id, status, changed_at) VALUES ('bf75c084-c515-4f3f-b131-f3e7a1c338ba', 'ffd5af72-22db-4276-a20b-a38d0f4917f6', 'COMPLETED', '2024-05-08 02:00:00');
INSERT INTO motorbike_bookings (id, motorbike_id, renter_id, owner_id, status, start_date, end_date, total_days, price_per_day, base_price, service_fee, taxes, total, deposit, created_at) VALUES ('2d81894d-8eed-4378-b848-601afd61d79c', 'BIKE-1', 'D4E5F6G7-H8I9-0123-DEFG-456789012345', 'E5F6G7H8-I9J0-1234-EFGH-567890123456', 'COMPLETED', '2023-02-17', '2023-02-23', 6, 150000, 900000, 90000.0, 72000.0, 1062000.0, 300000, '2023-02-06 00:00:00');
INSERT INTO motorbike_booking_history (id, booking_id, status, changed_at) VALUES ('7f5a1e9f-a12e-4523-9bc4-dc776a1385d1', '2d81894d-8eed-4378-b848-601afd61d79c', 'PENDING', '2023-02-06 00:00:00');
INSERT INTO motorbike_booking_history (id, booking_id, status, changed_at) VALUES ('6ce2773c-a84c-4e99-bf5a-63c6f3ad7076', '2d81894d-8eed-4378-b848-601afd61d79c', 'COMPLETED', '2023-02-06 02:00:00');
INSERT INTO motorbike_bookings (id, motorbike_id, renter_id, owner_id, status, start_date, end_date, total_days, price_per_day, base_price, service_fee, taxes, total, deposit, created_at) VALUES ('8db63668-b339-4cbd-90fd-a015970bc25a', 'BIKE-2', 'D4E5F6G7-H8I9-0123-DEFG-456789012345', 'E5F6G7H8-I9J0-1234-EFGH-567890123456', 'COMPLETED', '2023-01-09', '2023-01-18', 9, 200000, 1800000, 180000.0, 144000.0, 2124000.0, 400000, '2023-01-07 00:00:00');
INSERT INTO motorbike_booking_history (id, booking_id, status, changed_at) VALUES ('5670910f-50ee-4bcd-8354-8a76f9336fcd', '8db63668-b339-4cbd-90fd-a015970bc25a', 'PENDING', '2023-01-07 00:00:00');
INSERT INTO motorbike_booking_history (id, booking_id, status, changed_at) VALUES ('f152c78e-6074-4e81-8cb2-f3d718a23186', '8db63668-b339-4cbd-90fd-a015970bc25a', 'COMPLETED', '2023-01-07 02:00:00');
INSERT INTO motorbike_bookings (id, motorbike_id, renter_id, owner_id, status, start_date, end_date, total_days, price_per_day, base_price, service_fee, taxes, total, deposit, created_at) VALUES ('16950eaa-6ce2-4e6f-a929-642b64d9bf63', 'BIKE-3', 'B2C3D4E5-F6G7-8901-BCDE-234567890123', 'E5F6G7H8-I9J0-1234-EFGH-567890123456', 'COMPLETED', '2023-11-21', '2023-11-29', 8, 120000, 960000, 96000.0, 76800.0, 1132800.0, 240000, '2023-11-07 00:00:00');
INSERT INTO motorbike_booking_history (id, booking_id, status, changed_at) VALUES ('d407b2a0-7d7e-48e1-b522-bc3d368ebb12', '16950eaa-6ce2-4e6f-a929-642b64d9bf63', 'PENDING', '2023-11-07 00:00:00');
INSERT INTO motorbike_booking_history (id, booking_id, status, changed_at) VALUES ('77691033-fea7-4f34-9250-1282729469cf', '16950eaa-6ce2-4e6f-a929-642b64d9bf63', 'COMPLETED', '2023-11-07 02:00:00');
INSERT INTO motorbike_bookings (id, motorbike_id, renter_id, owner_id, status, start_date, end_date, total_days, price_per_day, base_price, service_fee, taxes, total, deposit, created_at) VALUES ('6ba18010-e7b1-4a0b-b747-7c1b368ba737', 'BIKE-3', 'B2C3D4E5-F6G7-8901-BCDE-234567890123', 'E5F6G7H8-I9J0-1234-EFGH-567890123456', 'COMPLETED', '2023-04-05', '2023-04-12', 7, 120000, 840000, 84000.0, 67200.0, 991200.0, 240000, '2023-03-26 00:00:00');
INSERT INTO motorbike_booking_history (id, booking_id, status, changed_at) VALUES ('9f93b372-531d-41cc-add2-ea473b13400d', '6ba18010-e7b1-4a0b-b747-7c1b368ba737', 'PENDING', '2023-03-26 00:00:00');
INSERT INTO motorbike_booking_history (id, booking_id, status, changed_at) VALUES ('54bce2c7-c6d6-4e30-9fad-4194052b287f', '6ba18010-e7b1-4a0b-b747-7c1b368ba737', 'COMPLETED', '2023-03-26 02:00:00');
INSERT INTO motorbike_bookings (id, motorbike_id, renter_id, owner_id, status, start_date, end_date, total_days, price_per_day, base_price, service_fee, taxes, total, deposit, created_at) VALUES ('402be19b-d47a-4d95-9d11-7165bc166825', 'BIKE-2', 'C3D4E5F6-G7H8-9012-CDEF-345678901234', 'E5F6G7H8-I9J0-1234-EFGH-567890123456', 'COMPLETED', '2024-05-18', '2024-05-26', 8, 200000, 1600000, 160000.0, 128000.0, 1888000.0, 400000, '2024-05-11 00:00:00');
INSERT INTO motorbike_booking_history (id, booking_id, status, changed_at) VALUES ('94756668-4a0a-4b29-8b95-3e73c7b07d53', '402be19b-d47a-4d95-9d11-7165bc166825', 'PENDING', '2024-05-11 00:00:00');
INSERT INTO motorbike_booking_history (id, booking_id, status, changed_at) VALUES ('34f74bcb-4cdc-4d20-8649-1add61d43c59', '402be19b-d47a-4d95-9d11-7165bc166825', 'COMPLETED', '2024-05-11 02:00:00');
INSERT INTO motorbike_bookings (id, motorbike_id, renter_id, owner_id, status, start_date, end_date, total_days, price_per_day, base_price, service_fee, taxes, total, deposit, created_at) VALUES ('7268d45b-e6c7-4d01-a9cc-bab7c49794fa', 'BIKE-2', 'B2C3D4E5-F6G7-8901-BCDE-234567890123', 'E5F6G7H8-I9J0-1234-EFGH-567890123456', 'CANCELLED', '2023-08-06', '2023-08-10', 4, 200000, 800000, 80000.0, 64000.0, 944000.0, 400000, '2023-07-29 00:00:00');
INSERT INTO motorbike_booking_history (id, booking_id, status, changed_at) VALUES ('503fa5f9-87c3-4405-ba54-f4e58bba9c3d', '7268d45b-e6c7-4d01-a9cc-bab7c49794fa', 'PENDING', '2023-07-29 00:00:00');
INSERT INTO motorbike_booking_history (id, booking_id, status, changed_at) VALUES ('c66c8228-38bf-4a94-845b-785f6bd988f3', '7268d45b-e6c7-4d01-a9cc-bab7c49794fa', 'CANCELLED', '2023-07-29 02:00:00');
INSERT INTO motorbike_bookings (id, motorbike_id, renter_id, owner_id, status, start_date, end_date, total_days, price_per_day, base_price, service_fee, taxes, total, deposit, created_at) VALUES ('f4bfc553-71f2-418c-82c2-60a5de337dc0', 'BIKE-2', 'B2C3D4E5-F6G7-8901-BCDE-234567890123', 'E5F6G7H8-I9J0-1234-EFGH-567890123456', 'COMPLETED', '2023-09-23', '2023-09-26', 3, 200000, 600000, 60000.0, 48000.0, 708000.0, 400000, '2023-09-22 00:00:00');
INSERT INTO motorbike_booking_history (id, booking_id, status, changed_at) VALUES ('053f3479-08ef-4aca-90a3-39a802bca271', 'f4bfc553-71f2-418c-82c2-60a5de337dc0', 'PENDING', '2023-09-22 00:00:00');
INSERT INTO motorbike_booking_history (id, booking_id, status, changed_at) VALUES ('240f65d8-bb08-405b-b3d2-1828a45f8af5', 'f4bfc553-71f2-418c-82c2-60a5de337dc0', 'COMPLETED', '2023-09-22 02:00:00');
INSERT INTO motorbike_bookings (id, motorbike_id, renter_id, owner_id, status, start_date, end_date, total_days, price_per_day, base_price, service_fee, taxes, total, deposit, created_at) VALUES ('eb4b3394-aee1-4c91-8cec-3cd0fb6b17ef', 'BIKE-1', 'D4E5F6G7-H8I9-0123-DEFG-456789012345', 'E5F6G7H8-I9J0-1234-EFGH-567890123456', 'COMPLETED', '2023-12-14', '2023-12-18', 4, 150000, 600000, 60000.0, 48000.0, 708000.0, 300000, '2023-12-13 00:00:00');
INSERT INTO motorbike_booking_history (id, booking_id, status, changed_at) VALUES ('06d195e2-2e4c-4196-8cde-f44c6baeefd3', 'eb4b3394-aee1-4c91-8cec-3cd0fb6b17ef', 'PENDING', '2023-12-13 00:00:00');
INSERT INTO motorbike_booking_history (id, booking_id, status, changed_at) VALUES ('849167eb-b74b-4acc-8e48-54b6c403dd30', 'eb4b3394-aee1-4c91-8cec-3cd0fb6b17ef', 'COMPLETED', '2023-12-13 02:00:00');
INSERT INTO motorbike_bookings (id, motorbike_id, renter_id, owner_id, status, start_date, end_date, total_days, price_per_day, base_price, service_fee, taxes, total, deposit, created_at) VALUES ('45f88614-7d2f-497a-835c-55145fc2f32f', 'BIKE-2', 'C3D4E5F6-G7H8-9012-CDEF-345678901234', 'E5F6G7H8-I9J0-1234-EFGH-567890123456', 'COMPLETED', '2023-10-18', '2023-10-23', 5, 200000, 1000000, 100000.0, 80000.0, 1180000.0, 400000, '2023-10-17 00:00:00');
INSERT INTO motorbike_booking_history (id, booking_id, status, changed_at) VALUES ('d7828cc3-7153-4523-bf85-19f4409420e9', '45f88614-7d2f-497a-835c-55145fc2f32f', 'PENDING', '2023-10-17 00:00:00');
INSERT INTO motorbike_booking_history (id, booking_id, status, changed_at) VALUES ('95ecdedc-8913-4c68-9bb8-b61890854ccb', '45f88614-7d2f-497a-835c-55145fc2f32f', 'COMPLETED', '2023-10-17 02:00:00');
INSERT INTO motorbike_bookings (id, motorbike_id, renter_id, owner_id, status, start_date, end_date, total_days, price_per_day, base_price, service_fee, taxes, total, deposit, created_at) VALUES ('b19150fb-759d-4a32-b637-4e6916ad8cc3', 'BIKE-3', 'D4E5F6G7-H8I9-0123-DEFG-456789012345', 'E5F6G7H8-I9J0-1234-EFGH-567890123456', 'COMPLETED', '2024-02-21', '2024-02-22', 1, 120000, 120000, 12000.0, 9600.0, 141600.0, 240000, '2024-02-09 00:00:00');
INSERT INTO motorbike_booking_history (id, booking_id, status, changed_at) VALUES ('826235b5-adcc-41c0-a751-b20d90127733', 'b19150fb-759d-4a32-b637-4e6916ad8cc3', 'PENDING', '2024-02-09 00:00:00');
INSERT INTO motorbike_booking_history (id, booking_id, status, changed_at) VALUES ('71e0e8c5-9564-45e8-8f8e-7baaf00a42da', 'b19150fb-759d-4a32-b637-4e6916ad8cc3', 'COMPLETED', '2024-02-09 02:00:00');
INSERT INTO motorbike_bookings (id, motorbike_id, renter_id, owner_id, status, start_date, end_date, total_days, price_per_day, base_price, service_fee, taxes, total, deposit, created_at) VALUES ('ac1cbe7e-c7f1-492a-84a4-1d6194d90670', 'BIKE-1', 'C3D4E5F6-G7H8-9012-CDEF-345678901234', 'E5F6G7H8-I9J0-1234-EFGH-567890123456', 'COMPLETED', '2023-08-18', '2023-08-20', 2, 150000, 300000, 30000.0, 24000.0, 354000.0, 300000, '2023-08-08 00:00:00');
INSERT INTO motorbike_booking_history (id, booking_id, status, changed_at) VALUES ('50db0ec8-4291-49f8-b3d8-3e3cfe423dda', 'ac1cbe7e-c7f1-492a-84a4-1d6194d90670', 'PENDING', '2023-08-08 00:00:00');
INSERT INTO motorbike_booking_history (id, booking_id, status, changed_at) VALUES ('d58f520c-72e7-451c-b490-c218b1fe0d16', 'ac1cbe7e-c7f1-492a-84a4-1d6194d90670', 'COMPLETED', '2023-08-08 02:00:00');
INSERT INTO motorbike_bookings (id, motorbike_id, renter_id, owner_id, status, start_date, end_date, total_days, price_per_day, base_price, service_fee, taxes, total, deposit, created_at) VALUES ('876aced8-049f-4549-86c4-4de7bf08a6e6', 'BIKE-2', 'B2C3D4E5-F6G7-8901-BCDE-234567890123', 'E5F6G7H8-I9J0-1234-EFGH-567890123456', 'COMPLETED', '2023-08-19', '2023-08-25', 6, 200000, 1200000, 120000.0, 96000.0, 1416000.0, 400000, '2023-08-06 00:00:00');
INSERT INTO motorbike_booking_history (id, booking_id, status, changed_at) VALUES ('a8f2ef64-eb1a-46be-9898-85a114d95283', '876aced8-049f-4549-86c4-4de7bf08a6e6', 'PENDING', '2023-08-06 00:00:00');
INSERT INTO motorbike_booking_history (id, booking_id, status, changed_at) VALUES ('6c4cf5f3-19ad-4ca6-a44e-b543ae65cd86', '876aced8-049f-4549-86c4-4de7bf08a6e6', 'COMPLETED', '2023-08-06 02:00:00');
INSERT INTO motorbike_bookings (id, motorbike_id, renter_id, owner_id, status, start_date, end_date, total_days, price_per_day, base_price, service_fee, taxes, total, deposit, created_at) VALUES ('f948b268-4c5a-4775-bd93-a3df661987ba', 'BIKE-3', 'C3D4E5F6-G7H8-9012-CDEF-345678901234', 'E5F6G7H8-I9J0-1234-EFGH-567890123456', 'COMPLETED', '2023-06-06', '2023-06-08', 2, 120000, 240000, 24000.0, 19200.0, 283200.0, 240000, '2023-05-31 00:00:00');
INSERT INTO motorbike_booking_history (id, booking_id, status, changed_at) VALUES ('b36fe22c-58f8-41f4-aede-7db41b9c7183', 'f948b268-4c5a-4775-bd93-a3df661987ba', 'PENDING', '2023-05-31 00:00:00');
INSERT INTO motorbike_booking_history (id, booking_id, status, changed_at) VALUES ('ad37ece8-60ca-4166-99db-dabfa2837450', 'f948b268-4c5a-4775-bd93-a3df661987ba', 'COMPLETED', '2023-05-31 02:00:00');
INSERT INTO motorbike_bookings (id, motorbike_id, renter_id, owner_id, status, start_date, end_date, total_days, price_per_day, base_price, service_fee, taxes, total, deposit, created_at) VALUES ('549868cf-5a28-4d7f-beba-31592d64247a', 'BIKE-2', 'C3D4E5F6-G7H8-9012-CDEF-345678901234', 'E5F6G7H8-I9J0-1234-EFGH-567890123456', 'COMPLETED', '2023-03-17', '2023-03-21', 4, 200000, 800000, 80000.0, 64000.0, 944000.0, 400000, '2023-03-13 00:00:00');
INSERT INTO motorbike_booking_history (id, booking_id, status, changed_at) VALUES ('a44cff53-dc45-41e3-a123-8e4991c3713e', '549868cf-5a28-4d7f-beba-31592d64247a', 'PENDING', '2023-03-13 00:00:00');
INSERT INTO motorbike_booking_history (id, booking_id, status, changed_at) VALUES ('e2eb3ce5-17ef-4d9e-bf55-482217c15700', '549868cf-5a28-4d7f-beba-31592d64247a', 'COMPLETED', '2023-03-13 02:00:00');
INSERT INTO motorbike_bookings (id, motorbike_id, renter_id, owner_id, status, start_date, end_date, total_days, price_per_day, base_price, service_fee, taxes, total, deposit, created_at) VALUES ('b55d174b-d031-4898-8a8f-caec6361495e', 'BIKE-2', 'C3D4E5F6-G7H8-9012-CDEF-345678901234', 'E5F6G7H8-I9J0-1234-EFGH-567890123456', 'COMPLETED', '2023-01-05', '2023-01-14', 9, 200000, 1800000, 180000.0, 144000.0, 2124000.0, 400000, '2022-12-23 00:00:00');
INSERT INTO motorbike_booking_history (id, booking_id, status, changed_at) VALUES ('b640e921-412f-41b5-abb6-2f4e371f6183', 'b55d174b-d031-4898-8a8f-caec6361495e', 'PENDING', '2022-12-23 00:00:00');
INSERT INTO motorbike_booking_history (id, booking_id, status, changed_at) VALUES ('db46c9d2-bdb5-47b0-a951-c164060c12f8', 'b55d174b-d031-4898-8a8f-caec6361495e', 'COMPLETED', '2022-12-23 02:00:00');
INSERT INTO motorbike_bookings (id, motorbike_id, renter_id, owner_id, status, start_date, end_date, total_days, price_per_day, base_price, service_fee, taxes, total, deposit, created_at) VALUES ('6c5bdda7-4aa8-4392-a865-f1bf18731764', 'BIKE-2', 'C3D4E5F6-G7H8-9012-CDEF-345678901234', 'E5F6G7H8-I9J0-1234-EFGH-567890123456', 'CANCELLED', '2023-04-29', '2023-05-07', 8, 200000, 1600000, 160000.0, 128000.0, 1888000.0, 400000, '2023-04-21 00:00:00');
INSERT INTO motorbike_booking_history (id, booking_id, status, changed_at) VALUES ('9199d7ab-6752-4b9e-a58a-dd2ea7babdc0', '6c5bdda7-4aa8-4392-a865-f1bf18731764', 'PENDING', '2023-04-21 00:00:00');
INSERT INTO motorbike_booking_history (id, booking_id, status, changed_at) VALUES ('5cdbe0c5-2337-4451-a129-c0c096d532fd', '6c5bdda7-4aa8-4392-a865-f1bf18731764', 'CANCELLED', '2023-04-21 02:00:00');
INSERT INTO motorbike_bookings (id, motorbike_id, renter_id, owner_id, status, start_date, end_date, total_days, price_per_day, base_price, service_fee, taxes, total, deposit, created_at) VALUES ('f4d9fbf7-8a2c-4fe9-88e8-6153a81f98e9', 'BIKE-3', 'B2C3D4E5-F6G7-8901-BCDE-234567890123', 'E5F6G7H8-I9J0-1234-EFGH-567890123456', 'COMPLETED', '2023-10-30', '2023-11-04', 5, 120000, 600000, 60000.0, 48000.0, 708000.0, 240000, '2023-10-16 00:00:00');
INSERT INTO motorbike_booking_history (id, booking_id, status, changed_at) VALUES ('e6ae3d88-e5ec-4041-9f13-5b957bb3ac6b', 'f4d9fbf7-8a2c-4fe9-88e8-6153a81f98e9', 'PENDING', '2023-10-16 00:00:00');
INSERT INTO motorbike_booking_history (id, booking_id, status, changed_at) VALUES ('563adccb-13c7-4858-b4f7-b159b9195ea2', 'f4d9fbf7-8a2c-4fe9-88e8-6153a81f98e9', 'COMPLETED', '2023-10-16 02:00:00');
INSERT INTO motorbike_bookings (id, motorbike_id, renter_id, owner_id, status, start_date, end_date, total_days, price_per_day, base_price, service_fee, taxes, total, deposit, created_at) VALUES ('aea975f6-434b-47ae-bcd4-0eb90d1dfa8f', 'BIKE-3', 'D4E5F6G7-H8I9-0123-DEFG-456789012345', 'E5F6G7H8-I9J0-1234-EFGH-567890123456', 'COMPLETED', '2024-03-12', '2024-03-15', 3, 120000, 360000, 36000.0, 28800.0, 424800.0, 240000, '2024-02-27 00:00:00');
INSERT INTO motorbike_booking_history (id, booking_id, status, changed_at) VALUES ('150bfd83-1007-427a-a852-1fdbe7dcff3a', 'aea975f6-434b-47ae-bcd4-0eb90d1dfa8f', 'PENDING', '2024-02-27 00:00:00');
INSERT INTO motorbike_booking_history (id, booking_id, status, changed_at) VALUES ('88c074c9-d5c5-4e04-972e-6c62c9b3e095', 'aea975f6-434b-47ae-bcd4-0eb90d1dfa8f', 'COMPLETED', '2024-02-27 02:00:00');
INSERT INTO motorbike_bookings (id, motorbike_id, renter_id, owner_id, status, start_date, end_date, total_days, price_per_day, base_price, service_fee, taxes, total, deposit, created_at) VALUES ('57528560-6185-43a6-8dc4-7306e5cb245b', 'BIKE-2', 'B2C3D4E5-F6G7-8901-BCDE-234567890123', 'E5F6G7H8-I9J0-1234-EFGH-567890123456', 'COMPLETED', '2023-06-02', '2023-06-05', 3, 200000, 600000, 60000.0, 48000.0, 708000.0, 400000, '2023-05-23 00:00:00');
INSERT INTO motorbike_booking_history (id, booking_id, status, changed_at) VALUES ('aa4d5030-8369-4513-88be-5d9badb591ca', '57528560-6185-43a6-8dc4-7306e5cb245b', 'PENDING', '2023-05-23 00:00:00');
INSERT INTO motorbike_booking_history (id, booking_id, status, changed_at) VALUES ('69a16f69-dfb0-4e89-830d-f045a1f190ec', '57528560-6185-43a6-8dc4-7306e5cb245b', 'COMPLETED', '2023-05-23 02:00:00');
INSERT INTO motorbike_bookings (id, motorbike_id, renter_id, owner_id, status, start_date, end_date, total_days, price_per_day, base_price, service_fee, taxes, total, deposit, created_at) VALUES ('e330181f-facc-4a0c-9e91-ba22ba641637', 'BIKE-2', 'B2C3D4E5-F6G7-8901-BCDE-234567890123', 'E5F6G7H8-I9J0-1234-EFGH-567890123456', 'COMPLETED', '2024-01-08', '2024-01-10', 2, 200000, 400000, 40000.0, 32000.0, 472000.0, 400000, '2024-01-03 00:00:00');
INSERT INTO motorbike_booking_history (id, booking_id, status, changed_at) VALUES ('ac2da356-ffb9-4306-b3cf-b731586f0995', 'e330181f-facc-4a0c-9e91-ba22ba641637', 'PENDING', '2024-01-03 00:00:00');
INSERT INTO motorbike_booking_history (id, booking_id, status, changed_at) VALUES ('1ef34a42-0a5b-4e2d-b5be-af0546e8b623', 'e330181f-facc-4a0c-9e91-ba22ba641637', 'COMPLETED', '2024-01-03 02:00:00');
INSERT INTO motorbike_bookings (id, motorbike_id, renter_id, owner_id, status, start_date, end_date, total_days, price_per_day, base_price, service_fee, taxes, total, deposit, created_at) VALUES ('fc64eab9-2c59-4d5f-84bd-93a3346a3709', 'BIKE-2', 'C3D4E5F6-G7H8-9012-CDEF-345678901234', 'E5F6G7H8-I9J0-1234-EFGH-567890123456', 'COMPLETED', '2024-05-01', '2024-05-08', 7, 200000, 1400000, 140000.0, 112000.0, 1652000.0, 400000, '2024-04-21 00:00:00');
INSERT INTO motorbike_booking_history (id, booking_id, status, changed_at) VALUES ('65ef1255-905e-4fd0-8d83-5ea68246eeed', 'fc64eab9-2c59-4d5f-84bd-93a3346a3709', 'PENDING', '2024-04-21 00:00:00');
INSERT INTO motorbike_booking_history (id, booking_id, status, changed_at) VALUES ('123aea9c-9ffc-48d9-b304-875a80504c6b', 'fc64eab9-2c59-4d5f-84bd-93a3346a3709', 'COMPLETED', '2024-04-21 02:00:00');
INSERT INTO motorbike_bookings (id, motorbike_id, renter_id, owner_id, status, start_date, end_date, total_days, price_per_day, base_price, service_fee, taxes, total, deposit, created_at) VALUES ('89055ae4-7cf5-4edb-b640-c3239818651b', 'BIKE-3', 'C3D4E5F6-G7H8-9012-CDEF-345678901234', 'E5F6G7H8-I9J0-1234-EFGH-567890123456', 'COMPLETED', '2024-02-21', '2024-02-23', 2, 120000, 240000, 24000.0, 19200.0, 283200.0, 240000, '2024-02-09 00:00:00');
INSERT INTO motorbike_booking_history (id, booking_id, status, changed_at) VALUES ('04386cbd-f95a-4791-a0d7-b9f58f009c0d', '89055ae4-7cf5-4edb-b640-c3239818651b', 'PENDING', '2024-02-09 00:00:00');
INSERT INTO motorbike_booking_history (id, booking_id, status, changed_at) VALUES ('3137ccb1-738b-4e85-a232-b05b0ff70579', '89055ae4-7cf5-4edb-b640-c3239818651b', 'COMPLETED', '2024-02-09 02:00:00');
INSERT INTO motorbike_bookings (id, motorbike_id, renter_id, owner_id, status, start_date, end_date, total_days, price_per_day, base_price, service_fee, taxes, total, deposit, created_at) VALUES ('71def499-60ce-4a88-9f9a-04d046066f40', 'BIKE-1', 'C3D4E5F6-G7H8-9012-CDEF-345678901234', 'E5F6G7H8-I9J0-1234-EFGH-567890123456', 'CANCELLED', '2023-09-21', '2023-10-01', 10, 150000, 1500000, 150000.0, 120000.0, 1770000.0, 300000, '2023-09-09 00:00:00');
INSERT INTO motorbike_booking_history (id, booking_id, status, changed_at) VALUES ('9f05b3db-4731-47c0-82e3-63746c1a2495', '71def499-60ce-4a88-9f9a-04d046066f40', 'PENDING', '2023-09-09 00:00:00');
INSERT INTO motorbike_booking_history (id, booking_id, status, changed_at) VALUES ('183734d5-dfc6-444e-82fa-23c72ec1b4d8', '71def499-60ce-4a88-9f9a-04d046066f40', 'CANCELLED', '2023-09-09 02:00:00');
INSERT INTO motorbike_bookings (id, motorbike_id, renter_id, owner_id, status, start_date, end_date, total_days, price_per_day, base_price, service_fee, taxes, total, deposit, created_at) VALUES ('9a949ed0-a6bf-4665-a594-6b944b315476', 'BIKE-1', 'C3D4E5F6-G7H8-9012-CDEF-345678901234', 'E5F6G7H8-I9J0-1234-EFGH-567890123456', 'CANCELLED', '2024-04-28', '2024-05-02', 4, 150000, 600000, 60000.0, 48000.0, 708000.0, 300000, '2024-04-23 00:00:00');
INSERT INTO motorbike_booking_history (id, booking_id, status, changed_at) VALUES ('db2b08ba-fb87-4fc5-8f9b-19bf2e073d81', '9a949ed0-a6bf-4665-a594-6b944b315476', 'PENDING', '2024-04-23 00:00:00');
INSERT INTO motorbike_booking_history (id, booking_id, status, changed_at) VALUES ('41d3e821-ac4e-4b17-ac60-136ffd355b0c', '9a949ed0-a6bf-4665-a594-6b944b315476', 'CANCELLED', '2024-04-23 02:00:00');
INSERT INTO motorbike_bookings (id, motorbike_id, renter_id, owner_id, status, start_date, end_date, total_days, price_per_day, base_price, service_fee, taxes, total, deposit, created_at) VALUES ('07a383b8-3c20-401a-90db-57d039c4428c', 'BIKE-1', 'D4E5F6G7-H8I9-0123-DEFG-456789012345', 'E5F6G7H8-I9J0-1234-EFGH-567890123456', 'CANCELLED', '2024-05-07', '2024-05-15', 8, 150000, 1200000, 120000.0, 96000.0, 1416000.0, 300000, '2024-04-28 00:00:00');
INSERT INTO motorbike_booking_history (id, booking_id, status, changed_at) VALUES ('abd4f0f9-0e37-425a-ba17-15d3c8030a90', '07a383b8-3c20-401a-90db-57d039c4428c', 'PENDING', '2024-04-28 00:00:00');
INSERT INTO motorbike_booking_history (id, booking_id, status, changed_at) VALUES ('ae867da0-cde5-4b90-bed5-71415602ba17', '07a383b8-3c20-401a-90db-57d039c4428c', 'CANCELLED', '2024-04-28 02:00:00');
INSERT INTO motorbike_bookings (id, motorbike_id, renter_id, owner_id, status, start_date, end_date, total_days, price_per_day, base_price, service_fee, taxes, total, deposit, created_at) VALUES ('8f787f1e-d1d1-4eae-800f-dec41ccc302a', 'BIKE-1', 'C3D4E5F6-G7H8-9012-CDEF-345678901234', 'E5F6G7H8-I9J0-1234-EFGH-567890123456', 'CANCELLED', '2023-09-16', '2023-09-19', 3, 150000, 450000, 45000.0, 36000.0, 531000.0, 300000, '2023-09-07 00:00:00');
INSERT INTO motorbike_booking_history (id, booking_id, status, changed_at) VALUES ('c55c75a8-8468-4100-937c-a1434bf18f3b', '8f787f1e-d1d1-4eae-800f-dec41ccc302a', 'PENDING', '2023-09-07 00:00:00');
INSERT INTO motorbike_booking_history (id, booking_id, status, changed_at) VALUES ('b2cfb3df-c727-4dd8-89c3-323e439f0803', '8f787f1e-d1d1-4eae-800f-dec41ccc302a', 'CANCELLED', '2023-09-07 02:00:00');
INSERT INTO motorbike_bookings (id, motorbike_id, renter_id, owner_id, status, start_date, end_date, total_days, price_per_day, base_price, service_fee, taxes, total, deposit, created_at) VALUES ('8e218ab9-6c32-45a0-a92a-324812a93113', 'BIKE-3', 'C3D4E5F6-G7H8-9012-CDEF-345678901234', 'E5F6G7H8-I9J0-1234-EFGH-567890123456', 'COMPLETED', '2023-07-17', '2023-07-24', 7, 120000, 840000, 84000.0, 67200.0, 991200.0, 240000, '2023-07-08 00:00:00');
INSERT INTO motorbike_booking_history (id, booking_id, status, changed_at) VALUES ('7cd14469-50b5-4476-8a29-829000f619fa', '8e218ab9-6c32-45a0-a92a-324812a93113', 'PENDING', '2023-07-08 00:00:00');
INSERT INTO motorbike_booking_history (id, booking_id, status, changed_at) VALUES ('e6422835-e1f6-4a54-bc08-442757d8fa9d', '8e218ab9-6c32-45a0-a92a-324812a93113', 'COMPLETED', '2023-07-08 02:00:00');
INSERT INTO motorbike_bookings (id, motorbike_id, renter_id, owner_id, status, start_date, end_date, total_days, price_per_day, base_price, service_fee, taxes, total, deposit, created_at) VALUES ('900677d4-88f7-437c-9969-1abd2b9f4524', 'BIKE-2', 'D4E5F6G7-H8I9-0123-DEFG-456789012345', 'E5F6G7H8-I9J0-1234-EFGH-567890123456', 'COMPLETED', '2023-11-12', '2023-11-17', 5, 200000, 1000000, 100000.0, 80000.0, 1180000.0, 400000, '2023-11-11 00:00:00');
INSERT INTO motorbike_booking_history (id, booking_id, status, changed_at) VALUES ('72ef47d1-fcf3-4c23-be23-b2d710118a41', '900677d4-88f7-437c-9969-1abd2b9f4524', 'PENDING', '2023-11-11 00:00:00');
INSERT INTO motorbike_booking_history (id, booking_id, status, changed_at) VALUES ('2bded860-5ad8-451b-a143-b29d00b72604', '900677d4-88f7-437c-9969-1abd2b9f4524', 'COMPLETED', '2023-11-11 02:00:00');
INSERT INTO motorbike_bookings (id, motorbike_id, renter_id, owner_id, status, start_date, end_date, total_days, price_per_day, base_price, service_fee, taxes, total, deposit, created_at) VALUES ('b6c9d560-75d9-4390-8a42-a85d8a4bdb41', 'BIKE-1', 'C3D4E5F6-G7H8-9012-CDEF-345678901234', 'E5F6G7H8-I9J0-1234-EFGH-567890123456', 'COMPLETED', '2023-11-14', '2023-11-20', 6, 150000, 900000, 90000.0, 72000.0, 1062000.0, 300000, '2023-11-03 00:00:00');
INSERT INTO motorbike_booking_history (id, booking_id, status, changed_at) VALUES ('04e181d5-e91e-4604-a68b-eeee3cf52616', 'b6c9d560-75d9-4390-8a42-a85d8a4bdb41', 'PENDING', '2023-11-03 00:00:00');
INSERT INTO motorbike_booking_history (id, booking_id, status, changed_at) VALUES ('41bf8785-2431-402e-8a25-44dbe96d869e', 'b6c9d560-75d9-4390-8a42-a85d8a4bdb41', 'COMPLETED', '2023-11-03 02:00:00');
INSERT INTO motorbike_bookings (id, motorbike_id, renter_id, owner_id, status, start_date, end_date, total_days, price_per_day, base_price, service_fee, taxes, total, deposit, created_at) VALUES ('1dc67f2a-c83f-4dcb-ae28-2bedcf135a4a', 'BIKE-1', 'C3D4E5F6-G7H8-9012-CDEF-345678901234', 'E5F6G7H8-I9J0-1234-EFGH-567890123456', 'CANCELLED', '2023-09-27', '2023-09-28', 1, 150000, 150000, 15000.0, 12000.0, 177000.0, 300000, '2023-09-15 00:00:00');
INSERT INTO motorbike_booking_history (id, booking_id, status, changed_at) VALUES ('6502c2b7-991d-46d5-a680-bbc2a0476b52', '1dc67f2a-c83f-4dcb-ae28-2bedcf135a4a', 'PENDING', '2023-09-15 00:00:00');
INSERT INTO motorbike_booking_history (id, booking_id, status, changed_at) VALUES ('049ee5b0-445b-4cb0-a98b-2f64386770a8', '1dc67f2a-c83f-4dcb-ae28-2bedcf135a4a', 'CANCELLED', '2023-09-15 02:00:00');
INSERT INTO motorbike_bookings (id, motorbike_id, renter_id, owner_id, status, start_date, end_date, total_days, price_per_day, base_price, service_fee, taxes, total, deposit, created_at) VALUES ('79280be3-0971-4f51-b27f-1b89888d9fbd', 'BIKE-2', 'B2C3D4E5-F6G7-8901-BCDE-234567890123', 'E5F6G7H8-I9J0-1234-EFGH-567890123456', 'COMPLETED', '2024-05-25', '2024-06-03', 9, 200000, 1800000, 180000.0, 144000.0, 2124000.0, 400000, '2024-05-13 00:00:00');
INSERT INTO motorbike_booking_history (id, booking_id, status, changed_at) VALUES ('4b0579e9-d322-4187-9d1e-16a9b1ca06ce', '79280be3-0971-4f51-b27f-1b89888d9fbd', 'PENDING', '2024-05-13 00:00:00');
INSERT INTO motorbike_booking_history (id, booking_id, status, changed_at) VALUES ('c3884772-efc9-4d05-83a2-fb8e15948fc3', '79280be3-0971-4f51-b27f-1b89888d9fbd', 'COMPLETED', '2024-05-13 02:00:00');
INSERT INTO motorbike_bookings (id, motorbike_id, renter_id, owner_id, status, start_date, end_date, total_days, price_per_day, base_price, service_fee, taxes, total, deposit, created_at) VALUES ('e7ee8d83-df56-4a66-8bd0-f8269a5dd60b', 'BIKE-3', 'B2C3D4E5-F6G7-8901-BCDE-234567890123', 'E5F6G7H8-I9J0-1234-EFGH-567890123456', 'COMPLETED', '2023-03-09', '2023-03-12', 3, 120000, 360000, 36000.0, 28800.0, 424800.0, 240000, '2023-03-07 00:00:00');
INSERT INTO motorbike_booking_history (id, booking_id, status, changed_at) VALUES ('8a104c63-ddd6-40b4-bd57-24b5477cd604', 'e7ee8d83-df56-4a66-8bd0-f8269a5dd60b', 'PENDING', '2023-03-07 00:00:00');
INSERT INTO motorbike_booking_history (id, booking_id, status, changed_at) VALUES ('17c09694-72c3-4b8c-ab9f-3800b881d14f', 'e7ee8d83-df56-4a66-8bd0-f8269a5dd60b', 'COMPLETED', '2023-03-07 02:00:00');
INSERT INTO motorbike_bookings (id, motorbike_id, renter_id, owner_id, status, start_date, end_date, total_days, price_per_day, base_price, service_fee, taxes, total, deposit, created_at) VALUES ('8f9db106-5121-4311-8243-0e378ee6630c', 'BIKE-1', 'D4E5F6G7-H8I9-0123-DEFG-456789012345', 'E5F6G7H8-I9J0-1234-EFGH-567890123456', 'COMPLETED', '2024-03-10', '2024-03-14', 4, 150000, 600000, 60000.0, 48000.0, 708000.0, 300000, '2024-03-07 00:00:00');
INSERT INTO motorbike_booking_history (id, booking_id, status, changed_at) VALUES ('1ed87a1a-effb-419b-9ec8-fb41b2f9a414', '8f9db106-5121-4311-8243-0e378ee6630c', 'PENDING', '2024-03-07 00:00:00');
INSERT INTO motorbike_booking_history (id, booking_id, status, changed_at) VALUES ('335ed53b-6a18-4467-85a0-71d194c041dd', '8f9db106-5121-4311-8243-0e378ee6630c', 'COMPLETED', '2024-03-07 02:00:00');
INSERT INTO motorbike_bookings (id, motorbike_id, renter_id, owner_id, status, start_date, end_date, total_days, price_per_day, base_price, service_fee, taxes, total, deposit, created_at) VALUES ('84756ea8-77c3-4fb6-a4d2-9ae2d624446c', 'BIKE-2', 'C3D4E5F6-G7H8-9012-CDEF-345678901234', 'E5F6G7H8-I9J0-1234-EFGH-567890123456', 'CANCELLED', '2023-12-21', '2023-12-27', 6, 200000, 1200000, 120000.0, 96000.0, 1416000.0, 400000, '2023-12-07 00:00:00');
INSERT INTO motorbike_booking_history (id, booking_id, status, changed_at) VALUES ('7102e57e-f98b-43e5-aaa9-0463ed4a3dc9', '84756ea8-77c3-4fb6-a4d2-9ae2d624446c', 'PENDING', '2023-12-07 00:00:00');
INSERT INTO motorbike_booking_history (id, booking_id, status, changed_at) VALUES ('ba2a10e8-d112-4c93-ab35-119649070a47', '84756ea8-77c3-4fb6-a4d2-9ae2d624446c', 'CANCELLED', '2023-12-07 02:00:00');
INSERT INTO motorbike_bookings (id, motorbike_id, renter_id, owner_id, status, start_date, end_date, total_days, price_per_day, base_price, service_fee, taxes, total, deposit, created_at) VALUES ('f744e1fa-49ab-48c5-8a2f-08aad368e3ce', 'BIKE-3', 'B2C3D4E5-F6G7-8901-BCDE-234567890123', 'E5F6G7H8-I9J0-1234-EFGH-567890123456', 'COMPLETED', '2024-03-03', '2024-03-13', 10, 120000, 1200000, 120000.0, 96000.0, 1416000.0, 240000, '2024-02-26 00:00:00');
INSERT INTO motorbike_booking_history (id, booking_id, status, changed_at) VALUES ('77e24176-277e-4861-a494-142875fdd6c6', 'f744e1fa-49ab-48c5-8a2f-08aad368e3ce', 'PENDING', '2024-02-26 00:00:00');
INSERT INTO motorbike_booking_history (id, booking_id, status, changed_at) VALUES ('70795691-205e-4e12-b1dd-058574c59f70', 'f744e1fa-49ab-48c5-8a2f-08aad368e3ce', 'COMPLETED', '2024-02-26 02:00:00');
INSERT INTO motorbike_bookings (id, motorbike_id, renter_id, owner_id, status, start_date, end_date, total_days, price_per_day, base_price, service_fee, taxes, total, deposit, created_at) VALUES ('eeddb4eb-ee9a-4a24-85f2-39166c440fdc', 'BIKE-1', 'B2C3D4E5-F6G7-8901-BCDE-234567890123', 'E5F6G7H8-I9J0-1234-EFGH-567890123456', 'COMPLETED', '2023-01-23', '2023-02-01', 9, 150000, 1350000, 135000.0, 108000.0, 1593000.0, 300000, '2023-01-11 00:00:00');
INSERT INTO motorbike_booking_history (id, booking_id, status, changed_at) VALUES ('163c1cf1-8f21-4e55-a944-2d2a5064786a', 'eeddb4eb-ee9a-4a24-85f2-39166c440fdc', 'PENDING', '2023-01-11 00:00:00');
INSERT INTO motorbike_booking_history (id, booking_id, status, changed_at) VALUES ('52fbf290-02b1-4e64-b47b-b03feebba74e', 'eeddb4eb-ee9a-4a24-85f2-39166c440fdc', 'COMPLETED', '2023-01-11 02:00:00');
INSERT INTO motorbike_bookings (id, motorbike_id, renter_id, owner_id, status, start_date, end_date, total_days, price_per_day, base_price, service_fee, taxes, total, deposit, created_at) VALUES ('afeab88b-8c98-44d0-844a-24c36ddd9019', 'BIKE-3', 'C3D4E5F6-G7H8-9012-CDEF-345678901234', 'E5F6G7H8-I9J0-1234-EFGH-567890123456', 'COMPLETED', '2024-02-12', '2024-02-19', 7, 120000, 840000, 84000.0, 67200.0, 991200.0, 240000, '2024-02-04 00:00:00');
INSERT INTO motorbike_booking_history (id, booking_id, status, changed_at) VALUES ('d96c8816-ad19-4809-beac-090708d62fc1', 'afeab88b-8c98-44d0-844a-24c36ddd9019', 'PENDING', '2024-02-04 00:00:00');
INSERT INTO motorbike_booking_history (id, booking_id, status, changed_at) VALUES ('6eb2667a-eebd-46a5-802e-a231c5599e4e', 'afeab88b-8c98-44d0-844a-24c36ddd9019', 'COMPLETED', '2024-02-04 02:00:00');
INSERT INTO motorbike_bookings (id, motorbike_id, renter_id, owner_id, status, start_date, end_date, total_days, price_per_day, base_price, service_fee, taxes, total, deposit, created_at) VALUES ('9c107a41-3df3-4b9b-9a79-7f52acf97916', 'BIKE-2', 'C3D4E5F6-G7H8-9012-CDEF-345678901234', 'E5F6G7H8-I9J0-1234-EFGH-567890123456', 'COMPLETED', '2023-11-07', '2023-11-15', 8, 200000, 1600000, 160000.0, 128000.0, 1888000.0, 400000, '2023-10-29 00:00:00');
INSERT INTO motorbike_booking_history (id, booking_id, status, changed_at) VALUES ('14a101ba-27e4-48d3-90fc-4812afff1a5d', '9c107a41-3df3-4b9b-9a79-7f52acf97916', 'PENDING', '2023-10-29 00:00:00');
INSERT INTO motorbike_booking_history (id, booking_id, status, changed_at) VALUES ('792e045f-7803-4f40-87e2-44270699c2f6', '9c107a41-3df3-4b9b-9a79-7f52acf97916', 'COMPLETED', '2023-10-29 02:00:00');
INSERT INTO motorbike_bookings (id, motorbike_id, renter_id, owner_id, status, start_date, end_date, total_days, price_per_day, base_price, service_fee, taxes, total, deposit, created_at) VALUES ('c5627e58-1582-4da2-a495-5d51676cb616', 'BIKE-3', 'B2C3D4E5-F6G7-8901-BCDE-234567890123', 'E5F6G7H8-I9J0-1234-EFGH-567890123456', 'COMPLETED', '2023-12-04', '2023-12-11', 7, 120000, 840000, 84000.0, 67200.0, 991200.0, 240000, '2023-11-24 00:00:00');
INSERT INTO motorbike_booking_history (id, booking_id, status, changed_at) VALUES ('779a5ca3-c5e4-4a8c-8b71-935da52d695d', 'c5627e58-1582-4da2-a495-5d51676cb616', 'PENDING', '2023-11-24 00:00:00');
INSERT INTO motorbike_booking_history (id, booking_id, status, changed_at) VALUES ('abccd977-fcd1-4172-a28c-aceb310d8891', 'c5627e58-1582-4da2-a495-5d51676cb616', 'COMPLETED', '2023-11-24 02:00:00');
INSERT INTO motorbike_bookings (id, motorbike_id, renter_id, owner_id, status, start_date, end_date, total_days, price_per_day, base_price, service_fee, taxes, total, deposit, created_at) VALUES ('a83966f7-7d3b-42cb-b63e-e6fed73d1640', 'BIKE-3', 'B2C3D4E5-F6G7-8901-BCDE-234567890123', 'E5F6G7H8-I9J0-1234-EFGH-567890123456', 'COMPLETED', '2023-01-01', '2023-01-06', 5, 120000, 600000, 60000.0, 48000.0, 708000.0, 240000, '2022-12-23 00:00:00');
INSERT INTO motorbike_booking_history (id, booking_id, status, changed_at) VALUES ('bc76d0b8-dbd6-42dc-818d-927aa8fbdead', 'a83966f7-7d3b-42cb-b63e-e6fed73d1640', 'PENDING', '2022-12-23 00:00:00');
INSERT INTO motorbike_booking_history (id, booking_id, status, changed_at) VALUES ('6b3d0486-16b2-4e87-af53-273d63b6bf4b', 'a83966f7-7d3b-42cb-b63e-e6fed73d1640', 'COMPLETED', '2022-12-23 02:00:00');
INSERT INTO motorbike_bookings (id, motorbike_id, renter_id, owner_id, status, start_date, end_date, total_days, price_per_day, base_price, service_fee, taxes, total, deposit, created_at) VALUES ('244c5e73-5e6d-4f69-89ab-e6d34f55b12c', 'BIKE-2', 'C3D4E5F6-G7H8-9012-CDEF-345678901234', 'E5F6G7H8-I9J0-1234-EFGH-567890123456', 'COMPLETED', '2023-01-31', '2023-02-09', 9, 200000, 1800000, 180000.0, 144000.0, 2124000.0, 400000, '2023-01-20 00:00:00');
INSERT INTO motorbike_booking_history (id, booking_id, status, changed_at) VALUES ('a555a4f7-66e2-40e9-8a38-16d393d10e32', '244c5e73-5e6d-4f69-89ab-e6d34f55b12c', 'PENDING', '2023-01-20 00:00:00');
INSERT INTO motorbike_booking_history (id, booking_id, status, changed_at) VALUES ('6e55beb7-e97d-453e-9cf0-795f320e332e', '244c5e73-5e6d-4f69-89ab-e6d34f55b12c', 'COMPLETED', '2023-01-20 02:00:00');
INSERT INTO motorbike_bookings (id, motorbike_id, renter_id, owner_id, status, start_date, end_date, total_days, price_per_day, base_price, service_fee, taxes, total, deposit, created_at) VALUES ('094dcba8-5997-452e-b8ce-5f790c33491c', 'BIKE-3', 'B2C3D4E5-F6G7-8901-BCDE-234567890123', 'E5F6G7H8-I9J0-1234-EFGH-567890123456', 'COMPLETED', '2023-08-28', '2023-09-06', 9, 120000, 1080000, 108000.0, 86400.0, 1274400.0, 240000, '2023-08-18 00:00:00');
INSERT INTO motorbike_booking_history (id, booking_id, status, changed_at) VALUES ('224e0acb-c8c0-45c6-8121-d6cf1abc321f', '094dcba8-5997-452e-b8ce-5f790c33491c', 'PENDING', '2023-08-18 00:00:00');
INSERT INTO motorbike_booking_history (id, booking_id, status, changed_at) VALUES ('6a6bfb37-d5d9-495a-92b1-4cde036ccfa7', '094dcba8-5997-452e-b8ce-5f790c33491c', 'COMPLETED', '2023-08-18 02:00:00');
INSERT INTO motorbike_bookings (id, motorbike_id, renter_id, owner_id, status, start_date, end_date, total_days, price_per_day, base_price, service_fee, taxes, total, deposit, created_at) VALUES ('830077a8-d99a-4f85-bd93-b7a9c2980765', 'BIKE-1', 'D4E5F6G7-H8I9-0123-DEFG-456789012345', 'E5F6G7H8-I9J0-1234-EFGH-567890123456', 'COMPLETED', '2024-02-13', '2024-02-18', 5, 150000, 750000, 75000.0, 60000.0, 885000.0, 300000, '2024-02-03 00:00:00');
INSERT INTO motorbike_booking_history (id, booking_id, status, changed_at) VALUES ('047ab9ea-85ab-4f7d-84bc-176946c69b2c', '830077a8-d99a-4f85-bd93-b7a9c2980765', 'PENDING', '2024-02-03 00:00:00');
INSERT INTO motorbike_booking_history (id, booking_id, status, changed_at) VALUES ('1175c069-986a-48ad-acb4-a527ebf4a6ca', '830077a8-d99a-4f85-bd93-b7a9c2980765', 'COMPLETED', '2024-02-03 02:00:00');
INSERT INTO motorbike_bookings (id, motorbike_id, renter_id, owner_id, status, start_date, end_date, total_days, price_per_day, base_price, service_fee, taxes, total, deposit, created_at) VALUES ('a971c1c8-7dee-466c-84fb-e80410bbbc94', 'BIKE-3', 'C3D4E5F6-G7H8-9012-CDEF-345678901234', 'E5F6G7H8-I9J0-1234-EFGH-567890123456', 'CANCELLED', '2023-06-21', '2023-06-24', 3, 120000, 360000, 36000.0, 28800.0, 424800.0, 240000, '2023-06-11 00:00:00');
INSERT INTO motorbike_booking_history (id, booking_id, status, changed_at) VALUES ('e3c8e1cf-9a41-41ea-9890-28b83e0a1574', 'a971c1c8-7dee-466c-84fb-e80410bbbc94', 'PENDING', '2023-06-11 00:00:00');
INSERT INTO motorbike_booking_history (id, booking_id, status, changed_at) VALUES ('176c980a-d391-4359-b206-2b2f911280f5', 'a971c1c8-7dee-466c-84fb-e80410bbbc94', 'CANCELLED', '2023-06-11 02:00:00');
INSERT INTO motorbike_bookings (id, motorbike_id, renter_id, owner_id, status, start_date, end_date, total_days, price_per_day, base_price, service_fee, taxes, total, deposit, created_at) VALUES ('94736e07-d89a-4747-8cd0-e4b138341704', 'BIKE-3', 'D4E5F6G7-H8I9-0123-DEFG-456789012345', 'E5F6G7H8-I9J0-1234-EFGH-567890123456', 'CANCELLED', '2023-09-21', '2023-09-24', 3, 120000, 360000, 36000.0, 28800.0, 424800.0, 240000, '2023-09-18 00:00:00');
INSERT INTO motorbike_booking_history (id, booking_id, status, changed_at) VALUES ('ed802c8c-e1cd-459c-baeb-1943081db8e6', '94736e07-d89a-4747-8cd0-e4b138341704', 'PENDING', '2023-09-18 00:00:00');
INSERT INTO motorbike_booking_history (id, booking_id, status, changed_at) VALUES ('9821d7fc-4e51-450a-9d09-71c6387cc20b', '94736e07-d89a-4747-8cd0-e4b138341704', 'CANCELLED', '2023-09-18 02:00:00');
INSERT INTO motorbike_bookings (id, motorbike_id, renter_id, owner_id, status, start_date, end_date, total_days, price_per_day, base_price, service_fee, taxes, total, deposit, created_at) VALUES ('71a9b179-abfc-4be2-9fd6-806fd9438bcf', 'BIKE-1', 'B2C3D4E5-F6G7-8901-BCDE-234567890123', 'E5F6G7H8-I9J0-1234-EFGH-567890123456', 'COMPLETED', '2024-04-23', '2024-04-26', 3, 150000, 450000, 45000.0, 36000.0, 531000.0, 300000, '2024-04-20 00:00:00');
INSERT INTO motorbike_booking_history (id, booking_id, status, changed_at) VALUES ('4afe009e-ced7-4caa-8a50-b19ac9900e84', '71a9b179-abfc-4be2-9fd6-806fd9438bcf', 'PENDING', '2024-04-20 00:00:00');
INSERT INTO motorbike_booking_history (id, booking_id, status, changed_at) VALUES ('7d933a1e-6602-4b3b-a645-3c97bd6974e3', '71a9b179-abfc-4be2-9fd6-806fd9438bcf', 'COMPLETED', '2024-04-20 02:00:00');
INSERT INTO motorbike_bookings (id, motorbike_id, renter_id, owner_id, status, start_date, end_date, total_days, price_per_day, base_price, service_fee, taxes, total, deposit, created_at) VALUES ('37bbe1bf-037e-4fd6-beee-49776b44a9a3', 'BIKE-3', 'D4E5F6G7-H8I9-0123-DEFG-456789012345', 'E5F6G7H8-I9J0-1234-EFGH-567890123456', 'COMPLETED', '2023-11-30', '2023-12-05', 5, 120000, 600000, 60000.0, 48000.0, 708000.0, 240000, '2023-11-27 00:00:00');
INSERT INTO motorbike_booking_history (id, booking_id, status, changed_at) VALUES ('645dbb2b-df48-48a2-8e30-e5c71bf74178', '37bbe1bf-037e-4fd6-beee-49776b44a9a3', 'PENDING', '2023-11-27 00:00:00');
INSERT INTO motorbike_booking_history (id, booking_id, status, changed_at) VALUES ('d938cdc6-7af9-4f84-8341-dfbb86ae9cc4', '37bbe1bf-037e-4fd6-beee-49776b44a9a3', 'COMPLETED', '2023-11-27 02:00:00');
INSERT INTO motorbike_bookings (id, motorbike_id, renter_id, owner_id, status, start_date, end_date, total_days, price_per_day, base_price, service_fee, taxes, total, deposit, created_at) VALUES ('6e8f4564-af5d-4a4d-9ff1-40f5c10cf69a', 'BIKE-2', 'B2C3D4E5-F6G7-8901-BCDE-234567890123', 'E5F6G7H8-I9J0-1234-EFGH-567890123456', 'COMPLETED', '2023-04-10', '2023-04-15', 5, 200000, 1000000, 100000.0, 80000.0, 1180000.0, 400000, '2023-03-31 00:00:00');
INSERT INTO motorbike_booking_history (id, booking_id, status, changed_at) VALUES ('c7df03d7-3543-42d5-ba6d-db8072cb6646', '6e8f4564-af5d-4a4d-9ff1-40f5c10cf69a', 'PENDING', '2023-03-31 00:00:00');
INSERT INTO motorbike_booking_history (id, booking_id, status, changed_at) VALUES ('e634996e-3efa-4e53-895b-86ea6cae48f6', '6e8f4564-af5d-4a4d-9ff1-40f5c10cf69a', 'COMPLETED', '2023-03-31 02:00:00');
INSERT INTO motorbike_bookings (id, motorbike_id, renter_id, owner_id, status, start_date, end_date, total_days, price_per_day, base_price, service_fee, taxes, total, deposit, created_at) VALUES ('91d467b0-45b6-42b8-860b-c049bde2c469', 'BIKE-1', 'B2C3D4E5-F6G7-8901-BCDE-234567890123', 'E5F6G7H8-I9J0-1234-EFGH-567890123456', 'COMPLETED', '2023-12-04', '2023-12-11', 7, 150000, 1050000, 105000.0, 84000.0, 1239000.0, 300000, '2023-11-21 00:00:00');
INSERT INTO motorbike_booking_history (id, booking_id, status, changed_at) VALUES ('4d04d447-d68b-4f71-8861-cd8088f399e6', '91d467b0-45b6-42b8-860b-c049bde2c469', 'PENDING', '2023-11-21 00:00:00');
INSERT INTO motorbike_booking_history (id, booking_id, status, changed_at) VALUES ('4f1cbc17-4147-4497-8382-6a65f05521d2', '91d467b0-45b6-42b8-860b-c049bde2c469', 'COMPLETED', '2023-11-21 02:00:00');
INSERT INTO motorbike_bookings (id, motorbike_id, renter_id, owner_id, status, start_date, end_date, total_days, price_per_day, base_price, service_fee, taxes, total, deposit, created_at) VALUES ('8e13aaf5-77a6-4a90-891f-11b801feabe8', 'BIKE-2', 'C3D4E5F6-G7H8-9012-CDEF-345678901234', 'E5F6G7H8-I9J0-1234-EFGH-567890123456', 'COMPLETED', '2023-03-21', '2023-03-29', 8, 200000, 1600000, 160000.0, 128000.0, 1888000.0, 400000, '2023-03-19 00:00:00');
INSERT INTO motorbike_booking_history (id, booking_id, status, changed_at) VALUES ('d60e3587-3fab-4f91-9449-cbd4beddb99f', '8e13aaf5-77a6-4a90-891f-11b801feabe8', 'PENDING', '2023-03-19 00:00:00');
INSERT INTO motorbike_booking_history (id, booking_id, status, changed_at) VALUES ('4ec6c74e-8116-4a47-bb47-12ff2965d9f1', '8e13aaf5-77a6-4a90-891f-11b801feabe8', 'COMPLETED', '2023-03-19 02:00:00');
INSERT INTO motorbike_bookings (id, motorbike_id, renter_id, owner_id, status, start_date, end_date, total_days, price_per_day, base_price, service_fee, taxes, total, deposit, created_at) VALUES ('9ff1b562-ccc2-4a68-9779-c527c5746ced', 'BIKE-2', 'C3D4E5F6-G7H8-9012-CDEF-345678901234', 'E5F6G7H8-I9J0-1234-EFGH-567890123456', 'CANCELLED', '2023-05-12', '2023-05-14', 2, 200000, 400000, 40000.0, 32000.0, 472000.0, 400000, '2023-05-11 00:00:00');
INSERT INTO motorbike_booking_history (id, booking_id, status, changed_at) VALUES ('dbde08c9-4abf-4099-9989-3b66b00f2f6e', '9ff1b562-ccc2-4a68-9779-c527c5746ced', 'PENDING', '2023-05-11 00:00:00');
INSERT INTO motorbike_booking_history (id, booking_id, status, changed_at) VALUES ('dac841a1-e112-4c5b-b218-d38eaf4de699', '9ff1b562-ccc2-4a68-9779-c527c5746ced', 'CANCELLED', '2023-05-11 02:00:00');
INSERT INTO motorbike_bookings (id, motorbike_id, renter_id, owner_id, status, start_date, end_date, total_days, price_per_day, base_price, service_fee, taxes, total, deposit, created_at) VALUES ('3b40da32-845f-45cf-a5cb-a97f858e0468', 'BIKE-1', 'B2C3D4E5-F6G7-8901-BCDE-234567890123', 'E5F6G7H8-I9J0-1234-EFGH-567890123456', 'COMPLETED', '2023-12-13', '2023-12-22', 9, 150000, 1350000, 135000.0, 108000.0, 1593000.0, 300000, '2023-12-02 00:00:00');
INSERT INTO motorbike_booking_history (id, booking_id, status, changed_at) VALUES ('b2614e11-76c6-40b4-8e13-f21f60714743', '3b40da32-845f-45cf-a5cb-a97f858e0468', 'PENDING', '2023-12-02 00:00:00');
INSERT INTO motorbike_booking_history (id, booking_id, status, changed_at) VALUES ('bc1ae6e9-0f85-405e-8bef-20c0b7b8b025', '3b40da32-845f-45cf-a5cb-a97f858e0468', 'COMPLETED', '2023-12-02 02:00:00');
INSERT INTO motorbike_bookings (id, motorbike_id, renter_id, owner_id, status, start_date, end_date, total_days, price_per_day, base_price, service_fee, taxes, total, deposit, created_at) VALUES ('feb353a5-5ef3-4601-9d06-30a3612af017', 'BIKE-3', 'D4E5F6G7-H8I9-0123-DEFG-456789012345', 'E5F6G7H8-I9J0-1234-EFGH-567890123456', 'COMPLETED', '2023-07-14', '2023-07-23', 9, 120000, 1080000, 108000.0, 86400.0, 1274400.0, 240000, '2023-07-02 00:00:00');
INSERT INTO motorbike_booking_history (id, booking_id, status, changed_at) VALUES ('1474e1b3-8dc9-4ab2-9ec4-f8d0696e54cb', 'feb353a5-5ef3-4601-9d06-30a3612af017', 'PENDING', '2023-07-02 00:00:00');
INSERT INTO motorbike_booking_history (id, booking_id, status, changed_at) VALUES ('9c08d79d-2d11-4ce7-acd0-36f1b51a88ec', 'feb353a5-5ef3-4601-9d06-30a3612af017', 'COMPLETED', '2023-07-02 02:00:00');
INSERT INTO motorbike_bookings (id, motorbike_id, renter_id, owner_id, status, start_date, end_date, total_days, price_per_day, base_price, service_fee, taxes, total, deposit, created_at) VALUES ('d2494b60-2f4b-4b22-b962-94f517ad7db1', 'BIKE-3', 'B2C3D4E5-F6G7-8901-BCDE-234567890123', 'E5F6G7H8-I9J0-1234-EFGH-567890123456', 'COMPLETED', '2023-01-02', '2023-01-05', 3, 120000, 360000, 36000.0, 28800.0, 424800.0, 240000, '2022-12-19 00:00:00');
INSERT INTO motorbike_booking_history (id, booking_id, status, changed_at) VALUES ('2f3d27b2-9574-442d-af37-b8bbeb166ac5', 'd2494b60-2f4b-4b22-b962-94f517ad7db1', 'PENDING', '2022-12-19 00:00:00');
INSERT INTO motorbike_booking_history (id, booking_id, status, changed_at) VALUES ('dd37d7b7-1ddf-4e03-a63f-8ed7c0426ceb', 'd2494b60-2f4b-4b22-b962-94f517ad7db1', 'COMPLETED', '2022-12-19 02:00:00');
INSERT INTO motorbike_bookings (id, motorbike_id, renter_id, owner_id, status, start_date, end_date, total_days, price_per_day, base_price, service_fee, taxes, total, deposit, created_at) VALUES ('c0dae047-0861-498d-aa80-01a3c2155f54', 'BIKE-1', 'D4E5F6G7-H8I9-0123-DEFG-456789012345', 'E5F6G7H8-I9J0-1234-EFGH-567890123456', 'CANCELLED', '2024-03-28', '2024-03-30', 2, 150000, 300000, 30000.0, 24000.0, 354000.0, 300000, '2024-03-25 00:00:00');
INSERT INTO motorbike_booking_history (id, booking_id, status, changed_at) VALUES ('cf9cf176-6ee8-4a8a-899b-84b0dbe77bfb', 'c0dae047-0861-498d-aa80-01a3c2155f54', 'PENDING', '2024-03-25 00:00:00');
INSERT INTO motorbike_booking_history (id, booking_id, status, changed_at) VALUES ('0ea7c22e-d9f8-4f42-a073-fb67a5f12a99', 'c0dae047-0861-498d-aa80-01a3c2155f54', 'CANCELLED', '2024-03-25 02:00:00');
INSERT INTO motorbike_bookings (id, motorbike_id, renter_id, owner_id, status, start_date, end_date, total_days, price_per_day, base_price, service_fee, taxes, total, deposit, created_at) VALUES ('b92a4e69-d947-41f8-becf-e6cbceb7cf9b', 'BIKE-3', 'B2C3D4E5-F6G7-8901-BCDE-234567890123', 'E5F6G7H8-I9J0-1234-EFGH-567890123456', 'COMPLETED', '2024-01-28', '2024-02-01', 4, 120000, 480000, 48000.0, 38400.0, 566400.0, 240000, '2024-01-19 00:00:00');
INSERT INTO motorbike_booking_history (id, booking_id, status, changed_at) VALUES ('35b25c51-4a66-4ffa-8340-68dd1e26806b', 'b92a4e69-d947-41f8-becf-e6cbceb7cf9b', 'PENDING', '2024-01-19 00:00:00');
INSERT INTO motorbike_booking_history (id, booking_id, status, changed_at) VALUES ('47ac94de-fa5a-47a5-84ec-5fd04c5e3efb', 'b92a4e69-d947-41f8-becf-e6cbceb7cf9b', 'COMPLETED', '2024-01-19 02:00:00');
INSERT INTO motorbike_bookings (id, motorbike_id, renter_id, owner_id, status, start_date, end_date, total_days, price_per_day, base_price, service_fee, taxes, total, deposit, created_at) VALUES ('0dfe51e5-d1bd-4b0c-b016-23b0bdcd8270', 'BIKE-2', 'D4E5F6G7-H8I9-0123-DEFG-456789012345', 'E5F6G7H8-I9J0-1234-EFGH-567890123456', 'COMPLETED', '2024-02-24', '2024-02-26', 2, 200000, 400000, 40000.0, 32000.0, 472000.0, 400000, '2024-02-13 00:00:00');
INSERT INTO motorbike_booking_history (id, booking_id, status, changed_at) VALUES ('cdaea68f-410e-40a1-9d02-c3af6b1e75f6', '0dfe51e5-d1bd-4b0c-b016-23b0bdcd8270', 'PENDING', '2024-02-13 00:00:00');
INSERT INTO motorbike_booking_history (id, booking_id, status, changed_at) VALUES ('0da18f71-cfed-4535-9ff5-04888c76636b', '0dfe51e5-d1bd-4b0c-b016-23b0bdcd8270', 'COMPLETED', '2024-02-13 02:00:00');
INSERT INTO motorbike_bookings (id, motorbike_id, renter_id, owner_id, status, start_date, end_date, total_days, price_per_day, base_price, service_fee, taxes, total, deposit, created_at) VALUES ('3465db07-609c-4851-bfe8-f4b8567f4de1', 'BIKE-3', 'C3D4E5F6-G7H8-9012-CDEF-345678901234', 'E5F6G7H8-I9J0-1234-EFGH-567890123456', 'COMPLETED', '2023-04-19', '2023-04-26', 7, 120000, 840000, 84000.0, 67200.0, 991200.0, 240000, '2023-04-10 00:00:00');
INSERT INTO motorbike_booking_history (id, booking_id, status, changed_at) VALUES ('982fb2e4-d15c-42e9-b2bf-c09896d17494', '3465db07-609c-4851-bfe8-f4b8567f4de1', 'PENDING', '2023-04-10 00:00:00');
INSERT INTO motorbike_booking_history (id, booking_id, status, changed_at) VALUES ('d4a7d8ee-79ef-433f-9d5c-111edb40b197', '3465db07-609c-4851-bfe8-f4b8567f4de1', 'COMPLETED', '2023-04-10 02:00:00');
INSERT INTO motorbike_bookings (id, motorbike_id, renter_id, owner_id, status, start_date, end_date, total_days, price_per_day, base_price, service_fee, taxes, total, deposit, created_at) VALUES ('4e955454-9b33-4fd9-841e-e8337e1814e3', 'BIKE-3', 'C3D4E5F6-G7H8-9012-CDEF-345678901234', 'E5F6G7H8-I9J0-1234-EFGH-567890123456', 'COMPLETED', '2024-04-21', '2024-04-24', 3, 120000, 360000, 36000.0, 28800.0, 424800.0, 240000, '2024-04-14 00:00:00');
INSERT INTO motorbike_booking_history (id, booking_id, status, changed_at) VALUES ('38f83b10-9aa9-40e1-8db1-2a564f5689a5', '4e955454-9b33-4fd9-841e-e8337e1814e3', 'PENDING', '2024-04-14 00:00:00');
INSERT INTO motorbike_booking_history (id, booking_id, status, changed_at) VALUES ('c885d8bc-ca35-4ea5-8257-33626858efe7', '4e955454-9b33-4fd9-841e-e8337e1814e3', 'COMPLETED', '2024-04-14 02:00:00');
INSERT INTO motorbike_bookings (id, motorbike_id, renter_id, owner_id, status, start_date, end_date, total_days, price_per_day, base_price, service_fee, taxes, total, deposit, created_at) VALUES ('80edd939-41df-4099-8bd2-b747e0933e8b', 'BIKE-1', 'C3D4E5F6-G7H8-9012-CDEF-345678901234', 'E5F6G7H8-I9J0-1234-EFGH-567890123456', 'COMPLETED', '2023-11-17', '2023-11-19', 2, 150000, 300000, 30000.0, 24000.0, 354000.0, 300000, '2023-11-04 00:00:00');
INSERT INTO motorbike_booking_history (id, booking_id, status, changed_at) VALUES ('ae279d49-f623-4a92-a0a0-4c153d89ac97', '80edd939-41df-4099-8bd2-b747e0933e8b', 'PENDING', '2023-11-04 00:00:00');
INSERT INTO motorbike_booking_history (id, booking_id, status, changed_at) VALUES ('cd02938e-0daf-4982-b76e-92c8c86d5987', '80edd939-41df-4099-8bd2-b747e0933e8b', 'COMPLETED', '2023-11-04 02:00:00');
INSERT INTO motorbike_bookings (id, motorbike_id, renter_id, owner_id, status, start_date, end_date, total_days, price_per_day, base_price, service_fee, taxes, total, deposit, created_at) VALUES ('6cb02f11-3434-4cf5-84c6-87f1be677e3c', 'BIKE-3', 'B2C3D4E5-F6G7-8901-BCDE-234567890123', 'E5F6G7H8-I9J0-1234-EFGH-567890123456', 'COMPLETED', '2023-06-30', '2023-07-08', 8, 120000, 960000, 96000.0, 76800.0, 1132800.0, 240000, '2023-06-22 00:00:00');
INSERT INTO motorbike_booking_history (id, booking_id, status, changed_at) VALUES ('3e22d009-e5e6-44e0-bb13-c6269b5a5cf9', '6cb02f11-3434-4cf5-84c6-87f1be677e3c', 'PENDING', '2023-06-22 00:00:00');
INSERT INTO motorbike_booking_history (id, booking_id, status, changed_at) VALUES ('a43e4818-40b7-4436-9a2b-81eb5ca1e9aa', '6cb02f11-3434-4cf5-84c6-87f1be677e3c', 'COMPLETED', '2023-06-22 02:00:00');
INSERT INTO motorbike_bookings (id, motorbike_id, renter_id, owner_id, status, start_date, end_date, total_days, price_per_day, base_price, service_fee, taxes, total, deposit, created_at) VALUES ('6ae5e8b1-22ba-4151-87b7-c00afa87f217', 'BIKE-3', 'D4E5F6G7-H8I9-0123-DEFG-456789012345', 'E5F6G7H8-I9J0-1234-EFGH-567890123456', 'COMPLETED', '2023-12-14', '2023-12-24', 10, 120000, 1200000, 120000.0, 96000.0, 1416000.0, 240000, '2023-12-12 00:00:00');
INSERT INTO motorbike_booking_history (id, booking_id, status, changed_at) VALUES ('b025977a-a486-448f-b322-170b4920cd94', '6ae5e8b1-22ba-4151-87b7-c00afa87f217', 'PENDING', '2023-12-12 00:00:00');
INSERT INTO motorbike_booking_history (id, booking_id, status, changed_at) VALUES ('6742c0e5-5a80-489f-8e76-96a01bae2d65', '6ae5e8b1-22ba-4151-87b7-c00afa87f217', 'COMPLETED', '2023-12-12 02:00:00');
INSERT INTO motorbike_bookings (id, motorbike_id, renter_id, owner_id, status, start_date, end_date, total_days, price_per_day, base_price, service_fee, taxes, total, deposit, created_at) VALUES ('9ccd5dec-75e2-4b69-adcc-1d0186b0747b', 'BIKE-1', 'B2C3D4E5-F6G7-8901-BCDE-234567890123', 'E5F6G7H8-I9J0-1234-EFGH-567890123456', 'COMPLETED', '2023-07-14', '2023-07-16', 2, 150000, 300000, 30000.0, 24000.0, 354000.0, 300000, '2023-07-01 00:00:00');
INSERT INTO motorbike_booking_history (id, booking_id, status, changed_at) VALUES ('8b0e1772-c74e-4429-86c1-c40b75bf2816', '9ccd5dec-75e2-4b69-adcc-1d0186b0747b', 'PENDING', '2023-07-01 00:00:00');
INSERT INTO motorbike_booking_history (id, booking_id, status, changed_at) VALUES ('ce9a0634-c44a-4db4-8aa9-c1170db2005d', '9ccd5dec-75e2-4b69-adcc-1d0186b0747b', 'COMPLETED', '2023-07-01 02:00:00');
INSERT INTO motorbike_bookings (id, motorbike_id, renter_id, owner_id, status, start_date, end_date, total_days, price_per_day, base_price, service_fee, taxes, total, deposit, created_at) VALUES ('55c420b2-edc3-467d-bd1e-d759cbc440bd', 'BIKE-3', 'D4E5F6G7-H8I9-0123-DEFG-456789012345', 'E5F6G7H8-I9J0-1234-EFGH-567890123456', 'CANCELLED', '2023-11-19', '2023-11-29', 10, 120000, 1200000, 120000.0, 96000.0, 1416000.0, 240000, '2023-11-13 00:00:00');
INSERT INTO motorbike_booking_history (id, booking_id, status, changed_at) VALUES ('d182a045-d9ff-43f8-ae34-fe427b15996f', '55c420b2-edc3-467d-bd1e-d759cbc440bd', 'PENDING', '2023-11-13 00:00:00');
INSERT INTO motorbike_booking_history (id, booking_id, status, changed_at) VALUES ('813bc5e2-c9e4-4eb0-9564-2a141f9247cf', '55c420b2-edc3-467d-bd1e-d759cbc440bd', 'CANCELLED', '2023-11-13 02:00:00');
INSERT INTO motorbike_bookings (id, motorbike_id, renter_id, owner_id, status, start_date, end_date, total_days, price_per_day, base_price, service_fee, taxes, total, deposit, created_at) VALUES ('1eb3d5b4-52d6-4520-b212-239131d8b1c8', 'BIKE-3', 'C3D4E5F6-G7H8-9012-CDEF-345678901234', 'E5F6G7H8-I9J0-1234-EFGH-567890123456', 'COMPLETED', '2023-10-08', '2023-10-14', 6, 120000, 720000, 72000.0, 57600.0, 849600.0, 240000, '2023-09-29 00:00:00');
INSERT INTO motorbike_booking_history (id, booking_id, status, changed_at) VALUES ('87c48d84-d785-48eb-9995-2898ddcf1746', '1eb3d5b4-52d6-4520-b212-239131d8b1c8', 'PENDING', '2023-09-29 00:00:00');
INSERT INTO motorbike_booking_history (id, booking_id, status, changed_at) VALUES ('b698f08d-649b-4e94-bac3-afcee1c38dd0', '1eb3d5b4-52d6-4520-b212-239131d8b1c8', 'COMPLETED', '2023-09-29 02:00:00');
INSERT INTO motorbike_bookings (id, motorbike_id, renter_id, owner_id, status, start_date, end_date, total_days, price_per_day, base_price, service_fee, taxes, total, deposit, created_at) VALUES ('d16cc9d5-9e09-4f6b-936a-e9676ce97d83', 'BIKE-1', 'B2C3D4E5-F6G7-8901-BCDE-234567890123', 'E5F6G7H8-I9J0-1234-EFGH-567890123456', 'CANCELLED', '2024-01-09', '2024-01-19', 10, 150000, 1500000, 150000.0, 120000.0, 1770000.0, 300000, '2024-01-07 00:00:00');
INSERT INTO motorbike_booking_history (id, booking_id, status, changed_at) VALUES ('fbb2f0fc-4f78-4319-9101-4065def3b129', 'd16cc9d5-9e09-4f6b-936a-e9676ce97d83', 'PENDING', '2024-01-07 00:00:00');
INSERT INTO motorbike_booking_history (id, booking_id, status, changed_at) VALUES ('6d73a7f9-9dec-4005-8d66-e34f7e70b4ea', 'd16cc9d5-9e09-4f6b-936a-e9676ce97d83', 'CANCELLED', '2024-01-07 02:00:00');
INSERT INTO motorbike_bookings (id, motorbike_id, renter_id, owner_id, status, start_date, end_date, total_days, price_per_day, base_price, service_fee, taxes, total, deposit, created_at) VALUES ('e8725dc4-d8de-440d-a5db-fcb1061c9ace', 'BIKE-1', 'C3D4E5F6-G7H8-9012-CDEF-345678901234', 'E5F6G7H8-I9J0-1234-EFGH-567890123456', 'COMPLETED', '2024-05-07', '2024-05-09', 2, 150000, 300000, 30000.0, 24000.0, 354000.0, 300000, '2024-04-24 00:00:00');
INSERT INTO motorbike_booking_history (id, booking_id, status, changed_at) VALUES ('bf123915-9165-4231-a4fe-f816bda71fbd', 'e8725dc4-d8de-440d-a5db-fcb1061c9ace', 'PENDING', '2024-04-24 00:00:00');
INSERT INTO motorbike_booking_history (id, booking_id, status, changed_at) VALUES ('d8134f4d-364b-40d1-9050-063e9d97497b', 'e8725dc4-d8de-440d-a5db-fcb1061c9ace', 'COMPLETED', '2024-04-24 02:00:00');
INSERT INTO motorbike_bookings (id, motorbike_id, renter_id, owner_id, status, start_date, end_date, total_days, price_per_day, base_price, service_fee, taxes, total, deposit, created_at) VALUES ('9430748a-8a09-403a-9bd0-addb89816c0f', 'BIKE-1', 'B2C3D4E5-F6G7-8901-BCDE-234567890123', 'E5F6G7H8-I9J0-1234-EFGH-567890123456', 'COMPLETED', '2024-01-14', '2024-01-20', 6, 150000, 900000, 90000.0, 72000.0, 1062000.0, 300000, '2024-01-09 00:00:00');
INSERT INTO motorbike_booking_history (id, booking_id, status, changed_at) VALUES ('46f6b6c4-b330-41db-b4f4-c45008de44c5', '9430748a-8a09-403a-9bd0-addb89816c0f', 'PENDING', '2024-01-09 00:00:00');
INSERT INTO motorbike_booking_history (id, booking_id, status, changed_at) VALUES ('239423e2-8e86-461f-8111-b582e67dbeea', '9430748a-8a09-403a-9bd0-addb89816c0f', 'COMPLETED', '2024-01-09 02:00:00');
INSERT INTO motorbike_bookings (id, motorbike_id, renter_id, owner_id, status, start_date, end_date, total_days, price_per_day, base_price, service_fee, taxes, total, deposit, created_at) VALUES ('d6be219c-0d7d-4977-bfd7-293a7684b506', 'BIKE-3', 'D4E5F6G7-H8I9-0123-DEFG-456789012345', 'E5F6G7H8-I9J0-1234-EFGH-567890123456', 'CANCELLED', '2023-02-16', '2023-02-18', 2, 120000, 240000, 24000.0, 19200.0, 283200.0, 240000, '2023-02-03 00:00:00');
INSERT INTO motorbike_booking_history (id, booking_id, status, changed_at) VALUES ('294e76b5-d3ac-4b5f-821e-ad6ba7874b20', 'd6be219c-0d7d-4977-bfd7-293a7684b506', 'PENDING', '2023-02-03 00:00:00');
INSERT INTO motorbike_booking_history (id, booking_id, status, changed_at) VALUES ('b95ec084-29a8-48e3-948c-87e904c15d86', 'd6be219c-0d7d-4977-bfd7-293a7684b506', 'CANCELLED', '2023-02-03 02:00:00');
INSERT INTO motorbike_bookings (id, motorbike_id, renter_id, owner_id, status, start_date, end_date, total_days, price_per_day, base_price, service_fee, taxes, total, deposit, created_at) VALUES ('9c46f2f8-5971-40b4-a2e3-4395c7360234', 'BIKE-2', 'B2C3D4E5-F6G7-8901-BCDE-234567890123', 'E5F6G7H8-I9J0-1234-EFGH-567890123456', 'COMPLETED', '2024-05-26', '2024-06-03', 8, 200000, 1600000, 160000.0, 128000.0, 1888000.0, 400000, '2024-05-19 00:00:00');
INSERT INTO motorbike_booking_history (id, booking_id, status, changed_at) VALUES ('adb64e02-99d3-452a-ab2f-7f0cb354c0ff', '9c46f2f8-5971-40b4-a2e3-4395c7360234', 'PENDING', '2024-05-19 00:00:00');
INSERT INTO motorbike_booking_history (id, booking_id, status, changed_at) VALUES ('90f1ef6b-7e24-4732-87a6-97313acedad9', '9c46f2f8-5971-40b4-a2e3-4395c7360234', 'COMPLETED', '2024-05-19 02:00:00');
INSERT INTO motorbike_bookings (id, motorbike_id, renter_id, owner_id, status, start_date, end_date, total_days, price_per_day, base_price, service_fee, taxes, total, deposit, created_at) VALUES ('90670835-e182-4f82-81ef-393537576825', 'BIKE-3', 'B2C3D4E5-F6G7-8901-BCDE-234567890123', 'E5F6G7H8-I9J0-1234-EFGH-567890123456', 'COMPLETED', '2023-08-25', '2023-08-28', 3, 120000, 360000, 36000.0, 28800.0, 424800.0, 240000, '2023-08-15 00:00:00');
INSERT INTO motorbike_booking_history (id, booking_id, status, changed_at) VALUES ('3f66d1e1-4692-419d-ba96-377adac6606d', '90670835-e182-4f82-81ef-393537576825', 'PENDING', '2023-08-15 00:00:00');
INSERT INTO motorbike_booking_history (id, booking_id, status, changed_at) VALUES ('938f8c54-adf0-4810-b004-acf6c9643b94', '90670835-e182-4f82-81ef-393537576825', 'COMPLETED', '2023-08-15 02:00:00');
INSERT INTO motorbike_bookings (id, motorbike_id, renter_id, owner_id, status, start_date, end_date, total_days, price_per_day, base_price, service_fee, taxes, total, deposit, created_at) VALUES ('1d56e82f-c840-4129-bbbc-9c3728af1339', 'BIKE-1', 'D4E5F6G7-H8I9-0123-DEFG-456789012345', 'E5F6G7H8-I9J0-1234-EFGH-567890123456', 'COMPLETED', '2023-05-25', '2023-05-31', 6, 150000, 900000, 90000.0, 72000.0, 1062000.0, 300000, '2023-05-21 00:00:00');
INSERT INTO motorbike_booking_history (id, booking_id, status, changed_at) VALUES ('abbaa749-c945-47b5-8032-b8f61a914dae', '1d56e82f-c840-4129-bbbc-9c3728af1339', 'PENDING', '2023-05-21 00:00:00');
INSERT INTO motorbike_booking_history (id, booking_id, status, changed_at) VALUES ('d269f859-1ec7-4478-9a4f-0bb7c6144263', '1d56e82f-c840-4129-bbbc-9c3728af1339', 'COMPLETED', '2023-05-21 02:00:00');
INSERT INTO motorbike_bookings (id, motorbike_id, renter_id, owner_id, status, start_date, end_date, total_days, price_per_day, base_price, service_fee, taxes, total, deposit, created_at) VALUES ('19c46a3a-b422-4660-9c10-b09a53896ec5', 'BIKE-2', 'D4E5F6G7-H8I9-0123-DEFG-456789012345', 'E5F6G7H8-I9J0-1234-EFGH-567890123456', 'COMPLETED', '2023-04-14', '2023-04-16', 2, 200000, 400000, 40000.0, 32000.0, 472000.0, 400000, '2023-04-13 00:00:00');
INSERT INTO motorbike_booking_history (id, booking_id, status, changed_at) VALUES ('3fcb2a9d-e77d-40b1-bcd4-7994ee2f5b89', '19c46a3a-b422-4660-9c10-b09a53896ec5', 'PENDING', '2023-04-13 00:00:00');
INSERT INTO motorbike_booking_history (id, booking_id, status, changed_at) VALUES ('7612df0b-37e6-462e-87a0-79077d377e2f', '19c46a3a-b422-4660-9c10-b09a53896ec5', 'COMPLETED', '2023-04-13 02:00:00');
INSERT INTO motorbike_bookings (id, motorbike_id, renter_id, owner_id, status, start_date, end_date, total_days, price_per_day, base_price, service_fee, taxes, total, deposit, created_at) VALUES ('c73e141b-f8fc-4e64-a8c8-436cefa09889', 'BIKE-2', 'C3D4E5F6-G7H8-9012-CDEF-345678901234', 'E5F6G7H8-I9J0-1234-EFGH-567890123456', 'COMPLETED', '2023-04-07', '2023-04-12', 5, 200000, 1000000, 100000.0, 80000.0, 1180000.0, 400000, '2023-03-28 00:00:00');
INSERT INTO motorbike_booking_history (id, booking_id, status, changed_at) VALUES ('6156d80c-33a2-4035-9bde-f590c3530043', 'c73e141b-f8fc-4e64-a8c8-436cefa09889', 'PENDING', '2023-03-28 00:00:00');
INSERT INTO motorbike_booking_history (id, booking_id, status, changed_at) VALUES ('a2f8daeb-27e7-4dc6-bd3d-8f36bc12be52', 'c73e141b-f8fc-4e64-a8c8-436cefa09889', 'COMPLETED', '2023-03-28 02:00:00');
INSERT INTO motorbike_bookings (id, motorbike_id, renter_id, owner_id, status, start_date, end_date, total_days, price_per_day, base_price, service_fee, taxes, total, deposit, created_at) VALUES ('0d645945-b559-4e17-a8c8-d14803e0ea80', 'BIKE-1', 'B2C3D4E5-F6G7-8901-BCDE-234567890123', 'E5F6G7H8-I9J0-1234-EFGH-567890123456', 'COMPLETED', '2024-02-16', '2024-02-19', 3, 150000, 450000, 45000.0, 36000.0, 531000.0, 300000, '2024-02-08 00:00:00');
INSERT INTO motorbike_booking_history (id, booking_id, status, changed_at) VALUES ('c3bf6e8b-ec35-4099-aebf-0e626d74256d', '0d645945-b559-4e17-a8c8-d14803e0ea80', 'PENDING', '2024-02-08 00:00:00');
INSERT INTO motorbike_booking_history (id, booking_id, status, changed_at) VALUES ('8a36fe10-1834-46e9-a2b6-7480c4e2996a', '0d645945-b559-4e17-a8c8-d14803e0ea80', 'COMPLETED', '2024-02-08 02:00:00');
INSERT INTO motorbike_bookings (id, motorbike_id, renter_id, owner_id, status, start_date, end_date, total_days, price_per_day, base_price, service_fee, taxes, total, deposit, created_at) VALUES ('4523b4ad-68b1-4ee8-844b-f1683c15400c', 'BIKE-1', 'D4E5F6G7-H8I9-0123-DEFG-456789012345', 'E5F6G7H8-I9J0-1234-EFGH-567890123456', 'COMPLETED', '2023-04-16', '2023-04-24', 8, 150000, 1200000, 120000.0, 96000.0, 1416000.0, 300000, '2023-04-02 00:00:00');
INSERT INTO motorbike_booking_history (id, booking_id, status, changed_at) VALUES ('a0059297-c260-45f1-b357-ce90b328e864', '4523b4ad-68b1-4ee8-844b-f1683c15400c', 'PENDING', '2023-04-02 00:00:00');
INSERT INTO motorbike_booking_history (id, booking_id, status, changed_at) VALUES ('ae26bd8d-bb63-4a28-8120-064f230f9ed3', '4523b4ad-68b1-4ee8-844b-f1683c15400c', 'COMPLETED', '2023-04-02 02:00:00');
INSERT INTO motorbike_bookings (id, motorbike_id, renter_id, owner_id, status, start_date, end_date, total_days, price_per_day, base_price, service_fee, taxes, total, deposit, created_at) VALUES ('ec63edbf-5885-4056-a67b-9783045d0250', 'BIKE-3', 'D4E5F6G7-H8I9-0123-DEFG-456789012345', 'E5F6G7H8-I9J0-1234-EFGH-567890123456', 'COMPLETED', '2024-01-08', '2024-01-12', 4, 120000, 480000, 48000.0, 38400.0, 566400.0, 240000, '2023-12-28 00:00:00');
INSERT INTO motorbike_booking_history (id, booking_id, status, changed_at) VALUES ('a5b6302d-0be9-4c87-a2de-ce40b87d90ef', 'ec63edbf-5885-4056-a67b-9783045d0250', 'PENDING', '2023-12-28 00:00:00');
INSERT INTO motorbike_booking_history (id, booking_id, status, changed_at) VALUES ('a1ae9347-0f8d-4838-a1b0-8ec750abd614', 'ec63edbf-5885-4056-a67b-9783045d0250', 'COMPLETED', '2023-12-28 02:00:00');
INSERT INTO motorbike_bookings (id, motorbike_id, renter_id, owner_id, status, start_date, end_date, total_days, price_per_day, base_price, service_fee, taxes, total, deposit, created_at) VALUES ('8c6fbcce-adc5-4045-b188-fde37e4d99f2', 'BIKE-3', 'D4E5F6G7-H8I9-0123-DEFG-456789012345', 'E5F6G7H8-I9J0-1234-EFGH-567890123456', 'COMPLETED', '2024-02-22', '2024-03-01', 8, 120000, 960000, 96000.0, 76800.0, 1132800.0, 240000, '2024-02-13 00:00:00');
INSERT INTO motorbike_booking_history (id, booking_id, status, changed_at) VALUES ('4a10fad0-c83d-4173-ad87-92e314fda468', '8c6fbcce-adc5-4045-b188-fde37e4d99f2', 'PENDING', '2024-02-13 00:00:00');
INSERT INTO motorbike_booking_history (id, booking_id, status, changed_at) VALUES ('5d6510ab-c29b-4772-a85e-1ceca4e2e597', '8c6fbcce-adc5-4045-b188-fde37e4d99f2', 'COMPLETED', '2024-02-13 02:00:00');
INSERT INTO motorbike_bookings (id, motorbike_id, renter_id, owner_id, status, start_date, end_date, total_days, price_per_day, base_price, service_fee, taxes, total, deposit, created_at) VALUES ('dac4cd05-40fe-4c17-9cd9-8fd6d1c3c303', 'BIKE-1', 'C3D4E5F6-G7H8-9012-CDEF-345678901234', 'E5F6G7H8-I9J0-1234-EFGH-567890123456', 'COMPLETED', '2024-04-14', '2024-04-23', 9, 150000, 1350000, 135000.0, 108000.0, 1593000.0, 300000, '2024-04-05 00:00:00');
INSERT INTO motorbike_booking_history (id, booking_id, status, changed_at) VALUES ('ac67cdd0-cf11-41bb-95db-afcd1b53f22f', 'dac4cd05-40fe-4c17-9cd9-8fd6d1c3c303', 'PENDING', '2024-04-05 00:00:00');
INSERT INTO motorbike_booking_history (id, booking_id, status, changed_at) VALUES ('2fee1c75-859f-4d20-b15f-08bc94fd0b74', 'dac4cd05-40fe-4c17-9cd9-8fd6d1c3c303', 'COMPLETED', '2024-04-05 02:00:00');
INSERT INTO motorbike_bookings (id, motorbike_id, renter_id, owner_id, status, start_date, end_date, total_days, price_per_day, base_price, service_fee, taxes, total, deposit, created_at) VALUES ('785d1041-455f-4b02-9293-f7355ff0448a', 'BIKE-2', 'D4E5F6G7-H8I9-0123-DEFG-456789012345', 'E5F6G7H8-I9J0-1234-EFGH-567890123456', 'COMPLETED', '2023-03-23', '2023-04-01', 9, 200000, 1800000, 180000.0, 144000.0, 2124000.0, 400000, '2023-03-11 00:00:00');
INSERT INTO motorbike_booking_history (id, booking_id, status, changed_at) VALUES ('98f4f877-e922-4cbc-a647-a71078f65838', '785d1041-455f-4b02-9293-f7355ff0448a', 'PENDING', '2023-03-11 00:00:00');
INSERT INTO motorbike_booking_history (id, booking_id, status, changed_at) VALUES ('d12c0478-c833-4cff-9f19-a9e727a880aa', '785d1041-455f-4b02-9293-f7355ff0448a', 'COMPLETED', '2023-03-11 02:00:00');
INSERT INTO motorbike_bookings (id, motorbike_id, renter_id, owner_id, status, start_date, end_date, total_days, price_per_day, base_price, service_fee, taxes, total, deposit, created_at) VALUES ('866d24f6-0e60-46b8-a926-16275328fcfb', 'BIKE-2', 'B2C3D4E5-F6G7-8901-BCDE-234567890123', 'E5F6G7H8-I9J0-1234-EFGH-567890123456', 'COMPLETED', '2023-10-28', '2023-11-06', 9, 200000, 1800000, 180000.0, 144000.0, 2124000.0, 400000, '2023-10-23 00:00:00');
INSERT INTO motorbike_booking_history (id, booking_id, status, changed_at) VALUES ('7233e350-de0f-45bd-a363-3f95423148a1', '866d24f6-0e60-46b8-a926-16275328fcfb', 'PENDING', '2023-10-23 00:00:00');
INSERT INTO motorbike_booking_history (id, booking_id, status, changed_at) VALUES ('25f193a8-a920-470c-bab2-19a412e2e2f3', '866d24f6-0e60-46b8-a926-16275328fcfb', 'COMPLETED', '2023-10-23 02:00:00');
INSERT INTO motorbike_bookings (id, motorbike_id, renter_id, owner_id, status, start_date, end_date, total_days, price_per_day, base_price, service_fee, taxes, total, deposit, created_at) VALUES ('936fa60c-98aa-4f2b-b782-8bfdc3d12228', 'BIKE-1', 'B2C3D4E5-F6G7-8901-BCDE-234567890123', 'E5F6G7H8-I9J0-1234-EFGH-567890123456', 'COMPLETED', '2023-11-29', '2023-12-01', 2, 150000, 300000, 30000.0, 24000.0, 354000.0, 300000, '2023-11-24 00:00:00');
INSERT INTO motorbike_booking_history (id, booking_id, status, changed_at) VALUES ('11f429e5-8323-49f1-9727-9c49af24d078', '936fa60c-98aa-4f2b-b782-8bfdc3d12228', 'PENDING', '2023-11-24 00:00:00');
INSERT INTO motorbike_booking_history (id, booking_id, status, changed_at) VALUES ('784aaec8-9dfd-47aa-a3e2-e7bb49ea329c', '936fa60c-98aa-4f2b-b782-8bfdc3d12228', 'COMPLETED', '2023-11-24 02:00:00');
INSERT INTO motorbike_bookings (id, motorbike_id, renter_id, owner_id, status, start_date, end_date, total_days, price_per_day, base_price, service_fee, taxes, total, deposit, created_at) VALUES ('aeb0b52f-4bcf-4386-8d80-9d448c7fe3a8', 'BIKE-2', 'B2C3D4E5-F6G7-8901-BCDE-234567890123', 'E5F6G7H8-I9J0-1234-EFGH-567890123456', 'COMPLETED', '2023-04-09', '2023-04-16', 7, 200000, 1400000, 140000.0, 112000.0, 1652000.0, 400000, '2023-04-04 00:00:00');
INSERT INTO motorbike_booking_history (id, booking_id, status, changed_at) VALUES ('8f333469-f45f-4e8d-b597-ec54c2b4372c', 'aeb0b52f-4bcf-4386-8d80-9d448c7fe3a8', 'PENDING', '2023-04-04 00:00:00');
INSERT INTO motorbike_booking_history (id, booking_id, status, changed_at) VALUES ('361a7192-727b-436f-bf9f-8dbc90ae231f', 'aeb0b52f-4bcf-4386-8d80-9d448c7fe3a8', 'COMPLETED', '2023-04-04 02:00:00');
INSERT INTO motorbike_bookings (id, motorbike_id, renter_id, owner_id, status, start_date, end_date, total_days, price_per_day, base_price, service_fee, taxes, total, deposit, created_at) VALUES ('e588e6e4-f437-4785-b2dd-0a067cfa5ead', 'BIKE-3', 'C3D4E5F6-G7H8-9012-CDEF-345678901234', 'E5F6G7H8-I9J0-1234-EFGH-567890123456', 'CANCELLED', '2023-08-04', '2023-08-10', 6, 120000, 720000, 72000.0, 57600.0, 849600.0, 240000, '2023-07-27 00:00:00');
INSERT INTO motorbike_booking_history (id, booking_id, status, changed_at) VALUES ('9df53a1c-7bc5-41dc-b57f-b82a87b7c481', 'e588e6e4-f437-4785-b2dd-0a067cfa5ead', 'PENDING', '2023-07-27 00:00:00');
INSERT INTO motorbike_booking_history (id, booking_id, status, changed_at) VALUES ('bad42dff-fd9e-4f7a-acb2-cf0b7183df72', 'e588e6e4-f437-4785-b2dd-0a067cfa5ead', 'CANCELLED', '2023-07-27 02:00:00');
INSERT INTO motorbike_bookings (id, motorbike_id, renter_id, owner_id, status, start_date, end_date, total_days, price_per_day, base_price, service_fee, taxes, total, deposit, created_at) VALUES ('70cd47a2-db06-4617-9236-8c9a3810b258', 'BIKE-3', 'B2C3D4E5-F6G7-8901-BCDE-234567890123', 'E5F6G7H8-I9J0-1234-EFGH-567890123456', 'CANCELLED', '2023-12-31', '2024-01-09', 9, 120000, 1080000, 108000.0, 86400.0, 1274400.0, 240000, '2023-12-30 00:00:00');
INSERT INTO motorbike_booking_history (id, booking_id, status, changed_at) VALUES ('f9d411a1-27f5-4f35-a399-1e62ec2172a0', '70cd47a2-db06-4617-9236-8c9a3810b258', 'PENDING', '2023-12-30 00:00:00');
INSERT INTO motorbike_booking_history (id, booking_id, status, changed_at) VALUES ('c4540488-1419-4a12-911d-45788a1b5a0d', '70cd47a2-db06-4617-9236-8c9a3810b258', 'CANCELLED', '2023-12-30 02:00:00');
INSERT INTO motorbike_bookings (id, motorbike_id, renter_id, owner_id, status, start_date, end_date, total_days, price_per_day, base_price, service_fee, taxes, total, deposit, created_at) VALUES ('a689bbc0-e820-457b-a65c-5ddcb402adfd', 'BIKE-3', 'B2C3D4E5-F6G7-8901-BCDE-234567890123', 'E5F6G7H8-I9J0-1234-EFGH-567890123456', 'CANCELLED', '2023-07-07', '2023-07-10', 3, 120000, 360000, 36000.0, 28800.0, 424800.0, 240000, '2023-06-25 00:00:00');
INSERT INTO motorbike_booking_history (id, booking_id, status, changed_at) VALUES ('efde02a4-85c3-4d7e-bb92-38c2caea81c6', 'a689bbc0-e820-457b-a65c-5ddcb402adfd', 'PENDING', '2023-06-25 00:00:00');
INSERT INTO motorbike_booking_history (id, booking_id, status, changed_at) VALUES ('043a1454-4483-4bfe-a84b-9d206497cc8e', 'a689bbc0-e820-457b-a65c-5ddcb402adfd', 'CANCELLED', '2023-06-25 02:00:00');
INSERT INTO motorbike_bookings (id, motorbike_id, renter_id, owner_id, status, start_date, end_date, total_days, price_per_day, base_price, service_fee, taxes, total, deposit, created_at) VALUES ('42b380eb-fb00-43ce-a24f-76b2cc57c3d3', 'BIKE-3', 'D4E5F6G7-H8I9-0123-DEFG-456789012345', 'E5F6G7H8-I9J0-1234-EFGH-567890123456', 'COMPLETED', '2023-06-27', '2023-07-04', 7, 120000, 840000, 84000.0, 67200.0, 991200.0, 240000, '2023-06-23 00:00:00');
INSERT INTO motorbike_booking_history (id, booking_id, status, changed_at) VALUES ('82c9a327-149b-4105-a502-24fc8fd9ea0f', '42b380eb-fb00-43ce-a24f-76b2cc57c3d3', 'PENDING', '2023-06-23 00:00:00');
INSERT INTO motorbike_booking_history (id, booking_id, status, changed_at) VALUES ('02c16cb3-40e8-4c77-9834-0476b1f941c2', '42b380eb-fb00-43ce-a24f-76b2cc57c3d3', 'COMPLETED', '2023-06-23 02:00:00');
INSERT INTO motorbike_bookings (id, motorbike_id, renter_id, owner_id, status, start_date, end_date, total_days, price_per_day, base_price, service_fee, taxes, total, deposit, created_at) VALUES ('be3b19b5-c3c6-485b-ad22-63baf03f6369', 'BIKE-1', 'C3D4E5F6-G7H8-9012-CDEF-345678901234', 'E5F6G7H8-I9J0-1234-EFGH-567890123456', 'COMPLETED', '2023-10-10', '2023-10-11', 1, 150000, 150000, 15000.0, 12000.0, 177000.0, 300000, '2023-10-04 00:00:00');
INSERT INTO motorbike_booking_history (id, booking_id, status, changed_at) VALUES ('a6c393fc-4156-44d8-b5c2-033ece325c9b', 'be3b19b5-c3c6-485b-ad22-63baf03f6369', 'PENDING', '2023-10-04 00:00:00');
INSERT INTO motorbike_booking_history (id, booking_id, status, changed_at) VALUES ('e52e9c4d-a82b-42ce-be13-ca3460bf33b4', 'be3b19b5-c3c6-485b-ad22-63baf03f6369', 'COMPLETED', '2023-10-04 02:00:00');
INSERT INTO motorbike_bookings (id, motorbike_id, renter_id, owner_id, status, start_date, end_date, total_days, price_per_day, base_price, service_fee, taxes, total, deposit, created_at) VALUES ('efad7aca-87c2-4a5b-9ced-2392fd88a384', 'BIKE-2', 'C3D4E5F6-G7H8-9012-CDEF-345678901234', 'E5F6G7H8-I9J0-1234-EFGH-567890123456', 'COMPLETED', '2023-04-30', '2023-05-08', 8, 200000, 1600000, 160000.0, 128000.0, 1888000.0, 400000, '2023-04-17 00:00:00');
INSERT INTO motorbike_booking_history (id, booking_id, status, changed_at) VALUES ('302438af-dc64-4756-bc9f-a2639ce487b4', 'efad7aca-87c2-4a5b-9ced-2392fd88a384', 'PENDING', '2023-04-17 00:00:00');
INSERT INTO motorbike_booking_history (id, booking_id, status, changed_at) VALUES ('70ca92a8-8a9d-4fca-b912-46eab68d9795', 'efad7aca-87c2-4a5b-9ced-2392fd88a384', 'COMPLETED', '2023-04-17 02:00:00');
INSERT INTO motorbike_bookings (id, motorbike_id, renter_id, owner_id, status, start_date, end_date, total_days, price_per_day, base_price, service_fee, taxes, total, deposit, created_at) VALUES ('5c7853f5-5c3f-4af1-bce8-654055384a55', 'BIKE-2', 'B2C3D4E5-F6G7-8901-BCDE-234567890123', 'E5F6G7H8-I9J0-1234-EFGH-567890123456', 'COMPLETED', '2023-09-17', '2023-09-22', 5, 200000, 1000000, 100000.0, 80000.0, 1180000.0, 400000, '2023-09-10 00:00:00');
INSERT INTO motorbike_booking_history (id, booking_id, status, changed_at) VALUES ('b04ae5cb-4d39-48ba-b083-275607b0f514', '5c7853f5-5c3f-4af1-bce8-654055384a55', 'PENDING', '2023-09-10 00:00:00');
INSERT INTO motorbike_booking_history (id, booking_id, status, changed_at) VALUES ('12060638-5cde-4969-bd67-e4ddf7f7df6a', '5c7853f5-5c3f-4af1-bce8-654055384a55', 'COMPLETED', '2023-09-10 02:00:00');
INSERT INTO motorbike_bookings (id, motorbike_id, renter_id, owner_id, status, start_date, end_date, total_days, price_per_day, base_price, service_fee, taxes, total, deposit, created_at) VALUES ('18891eab-da41-4fd7-b4ec-4aa682894255', 'BIKE-1', 'D4E5F6G7-H8I9-0123-DEFG-456789012345', 'E5F6G7H8-I9J0-1234-EFGH-567890123456', 'COMPLETED', '2023-03-30', '2023-04-05', 6, 150000, 900000, 90000.0, 72000.0, 1062000.0, 300000, '2023-03-29 00:00:00');
INSERT INTO motorbike_booking_history (id, booking_id, status, changed_at) VALUES ('9b6d3167-897b-4a57-a6a4-637dfd002120', '18891eab-da41-4fd7-b4ec-4aa682894255', 'PENDING', '2023-03-29 00:00:00');
INSERT INTO motorbike_booking_history (id, booking_id, status, changed_at) VALUES ('82558c26-aa80-4797-87fc-5f3d2775093f', '18891eab-da41-4fd7-b4ec-4aa682894255', 'COMPLETED', '2023-03-29 02:00:00');
INSERT INTO motorbike_bookings (id, motorbike_id, renter_id, owner_id, status, start_date, end_date, total_days, price_per_day, base_price, service_fee, taxes, total, deposit, created_at) VALUES ('a880a4bd-c8c9-45a9-a16b-1c01a25c6e88', 'BIKE-1', 'C3D4E5F6-G7H8-9012-CDEF-345678901234', 'E5F6G7H8-I9J0-1234-EFGH-567890123456', 'COMPLETED', '2023-08-19', '2023-08-26', 7, 150000, 1050000, 105000.0, 84000.0, 1239000.0, 300000, '2023-08-18 00:00:00');
INSERT INTO motorbike_booking_history (id, booking_id, status, changed_at) VALUES ('2ec89981-01e5-41e8-a937-a52a5a304a47', 'a880a4bd-c8c9-45a9-a16b-1c01a25c6e88', 'PENDING', '2023-08-18 00:00:00');
INSERT INTO motorbike_booking_history (id, booking_id, status, changed_at) VALUES ('38196fc4-6b38-44d8-9ebe-12736abbc89f', 'a880a4bd-c8c9-45a9-a16b-1c01a25c6e88', 'COMPLETED', '2023-08-18 02:00:00');
INSERT INTO motorbike_bookings (id, motorbike_id, renter_id, owner_id, status, start_date, end_date, total_days, price_per_day, base_price, service_fee, taxes, total, deposit, created_at) VALUES ('aa5918bc-e84c-40ff-9c9d-4945aae4e979', 'BIKE-3', 'D4E5F6G7-H8I9-0123-DEFG-456789012345', 'E5F6G7H8-I9J0-1234-EFGH-567890123456', 'COMPLETED', '2023-03-11', '2023-03-16', 5, 120000, 600000, 60000.0, 48000.0, 708000.0, 240000, '2023-03-07 00:00:00');
INSERT INTO motorbike_booking_history (id, booking_id, status, changed_at) VALUES ('5f3843d7-050a-4b7c-b593-f4de78a3c683', 'aa5918bc-e84c-40ff-9c9d-4945aae4e979', 'PENDING', '2023-03-07 00:00:00');
INSERT INTO motorbike_booking_history (id, booking_id, status, changed_at) VALUES ('3d82bb53-400e-49e2-b0f0-e2605036941f', 'aa5918bc-e84c-40ff-9c9d-4945aae4e979', 'COMPLETED', '2023-03-07 02:00:00');
INSERT INTO motorbike_bookings (id, motorbike_id, renter_id, owner_id, status, start_date, end_date, total_days, price_per_day, base_price, service_fee, taxes, total, deposit, created_at) VALUES ('53bfc87d-d85d-4b54-b7ff-0937f2d560da', 'BIKE-2', 'C3D4E5F6-G7H8-9012-CDEF-345678901234', 'E5F6G7H8-I9J0-1234-EFGH-567890123456', 'COMPLETED', '2024-02-29', '2024-03-10', 10, 200000, 2000000, 200000.0, 160000.0, 2360000.0, 400000, '2024-02-26 00:00:00');
INSERT INTO motorbike_booking_history (id, booking_id, status, changed_at) VALUES ('b245bf5b-0123-4907-9b31-6d8e0cc0f1d6', '53bfc87d-d85d-4b54-b7ff-0937f2d560da', 'PENDING', '2024-02-26 00:00:00');
INSERT INTO motorbike_booking_history (id, booking_id, status, changed_at) VALUES ('867a28ca-7334-4de8-a016-f965ebd094fa', '53bfc87d-d85d-4b54-b7ff-0937f2d560da', 'COMPLETED', '2024-02-26 02:00:00');
INSERT INTO motorbike_bookings (id, motorbike_id, renter_id, owner_id, status, start_date, end_date, total_days, price_per_day, base_price, service_fee, taxes, total, deposit, created_at) VALUES ('4eec29e0-9fd9-4b6b-958c-267ff2946b36', 'BIKE-1', 'B2C3D4E5-F6G7-8901-BCDE-234567890123', 'E5F6G7H8-I9J0-1234-EFGH-567890123456', 'COMPLETED', '2023-01-22', '2023-01-27', 5, 150000, 750000, 75000.0, 60000.0, 885000.0, 300000, '2023-01-16 00:00:00');
INSERT INTO motorbike_booking_history (id, booking_id, status, changed_at) VALUES ('04db74e1-d6e6-42d4-a284-318cd74ced00', '4eec29e0-9fd9-4b6b-958c-267ff2946b36', 'PENDING', '2023-01-16 00:00:00');
INSERT INTO motorbike_booking_history (id, booking_id, status, changed_at) VALUES ('9695ec3a-7a64-4d44-9f6e-f67f6d2228f1', '4eec29e0-9fd9-4b6b-958c-267ff2946b36', 'COMPLETED', '2023-01-16 02:00:00');
INSERT INTO motorbike_bookings (id, motorbike_id, renter_id, owner_id, status, start_date, end_date, total_days, price_per_day, base_price, service_fee, taxes, total, deposit, created_at) VALUES ('726ecc63-956a-4bbf-b7ed-da5c3cad2c2f', 'BIKE-3', 'D4E5F6G7-H8I9-0123-DEFG-456789012345', 'E5F6G7H8-I9J0-1234-EFGH-567890123456', 'COMPLETED', '2023-01-17', '2023-01-26', 9, 120000, 1080000, 108000.0, 86400.0, 1274400.0, 240000, '2023-01-09 00:00:00');
INSERT INTO motorbike_booking_history (id, booking_id, status, changed_at) VALUES ('a048d72d-60ff-4cd5-b317-6f30d1d34889', '726ecc63-956a-4bbf-b7ed-da5c3cad2c2f', 'PENDING', '2023-01-09 00:00:00');
INSERT INTO motorbike_booking_history (id, booking_id, status, changed_at) VALUES ('b5270e4d-f0b6-432e-ad2f-f2a87ccc1c59', '726ecc63-956a-4bbf-b7ed-da5c3cad2c2f', 'COMPLETED', '2023-01-09 02:00:00');
INSERT INTO motorbike_bookings (id, motorbike_id, renter_id, owner_id, status, start_date, end_date, total_days, price_per_day, base_price, service_fee, taxes, total, deposit, created_at) VALUES ('d07280bc-10ae-4bfb-b8fc-539351c9ccbc', 'BIKE-3', 'B2C3D4E5-F6G7-8901-BCDE-234567890123', 'E5F6G7H8-I9J0-1234-EFGH-567890123456', 'COMPLETED', '2023-08-09', '2023-08-15', 6, 120000, 720000, 72000.0, 57600.0, 849600.0, 240000, '2023-08-08 00:00:00');
INSERT INTO motorbike_booking_history (id, booking_id, status, changed_at) VALUES ('6a5cad66-d4ee-400c-9182-c27ef5c28384', 'd07280bc-10ae-4bfb-b8fc-539351c9ccbc', 'PENDING', '2023-08-08 00:00:00');
INSERT INTO motorbike_booking_history (id, booking_id, status, changed_at) VALUES ('97f87cbf-d5cc-4279-a7c4-ba44b226a711', 'd07280bc-10ae-4bfb-b8fc-539351c9ccbc', 'COMPLETED', '2023-08-08 02:00:00');
INSERT INTO motorbike_bookings (id, motorbike_id, renter_id, owner_id, status, start_date, end_date, total_days, price_per_day, base_price, service_fee, taxes, total, deposit, created_at) VALUES ('c396dd67-62bc-4e12-86a5-6bec278b895a', 'BIKE-1', 'B2C3D4E5-F6G7-8901-BCDE-234567890123', 'E5F6G7H8-I9J0-1234-EFGH-567890123456', 'COMPLETED', '2024-04-04', '2024-04-10', 6, 150000, 900000, 90000.0, 72000.0, 1062000.0, 300000, '2024-03-24 00:00:00');
INSERT INTO motorbike_booking_history (id, booking_id, status, changed_at) VALUES ('745f5594-c7c5-426c-8e4b-d2045da76bb3', 'c396dd67-62bc-4e12-86a5-6bec278b895a', 'PENDING', '2024-03-24 00:00:00');
INSERT INTO motorbike_booking_history (id, booking_id, status, changed_at) VALUES ('019bbf7d-cc6a-4fe2-b47a-0bcb8fc559b0', 'c396dd67-62bc-4e12-86a5-6bec278b895a', 'COMPLETED', '2024-03-24 02:00:00');
INSERT INTO motorbike_bookings (id, motorbike_id, renter_id, owner_id, status, start_date, end_date, total_days, price_per_day, base_price, service_fee, taxes, total, deposit, created_at) VALUES ('64d3e44f-dd73-4d9e-8cdf-e58617d225d5', 'BIKE-1', 'C3D4E5F6-G7H8-9012-CDEF-345678901234', 'E5F6G7H8-I9J0-1234-EFGH-567890123456', 'COMPLETED', '2023-08-29', '2023-09-02', 4, 150000, 600000, 60000.0, 48000.0, 708000.0, 300000, '2023-08-20 00:00:00');
INSERT INTO motorbike_booking_history (id, booking_id, status, changed_at) VALUES ('b5d2652f-f1e3-4950-8f49-339c5a7ee8a0', '64d3e44f-dd73-4d9e-8cdf-e58617d225d5', 'PENDING', '2023-08-20 00:00:00');
INSERT INTO motorbike_booking_history (id, booking_id, status, changed_at) VALUES ('879bc505-b990-459f-be41-0629478e5dad', '64d3e44f-dd73-4d9e-8cdf-e58617d225d5', 'COMPLETED', '2023-08-20 02:00:00');
INSERT INTO motorbike_bookings (id, motorbike_id, renter_id, owner_id, status, start_date, end_date, total_days, price_per_day, base_price, service_fee, taxes, total, deposit, created_at) VALUES ('637991a4-b38a-4536-86a7-de8c3e7f5319', 'BIKE-2', 'B2C3D4E5-F6G7-8901-BCDE-234567890123', 'E5F6G7H8-I9J0-1234-EFGH-567890123456', 'COMPLETED', '2023-10-27', '2023-10-28', 1, 200000, 200000, 20000.0, 16000.0, 236000.0, 400000, '2023-10-20 00:00:00');
INSERT INTO motorbike_booking_history (id, booking_id, status, changed_at) VALUES ('14c2a32a-d3e4-4641-820a-a49c2b6a71ca', '637991a4-b38a-4536-86a7-de8c3e7f5319', 'PENDING', '2023-10-20 00:00:00');
INSERT INTO motorbike_booking_history (id, booking_id, status, changed_at) VALUES ('0c607e8f-bce5-4752-a491-d13777d3d6fe', '637991a4-b38a-4536-86a7-de8c3e7f5319', 'COMPLETED', '2023-10-20 02:00:00');
INSERT INTO motorbike_bookings (id, motorbike_id, renter_id, owner_id, status, start_date, end_date, total_days, price_per_day, base_price, service_fee, taxes, total, deposit, created_at) VALUES ('8a568a43-3210-4f69-a214-7347ba594c5f', 'BIKE-1', 'B2C3D4E5-F6G7-8901-BCDE-234567890123', 'E5F6G7H8-I9J0-1234-EFGH-567890123456', 'COMPLETED', '2023-05-20', '2023-05-29', 9, 150000, 1350000, 135000.0, 108000.0, 1593000.0, 300000, '2023-05-12 00:00:00');
INSERT INTO motorbike_booking_history (id, booking_id, status, changed_at) VALUES ('1b95ffa5-ed67-49d4-80f0-feb1504421a4', '8a568a43-3210-4f69-a214-7347ba594c5f', 'PENDING', '2023-05-12 00:00:00');
INSERT INTO motorbike_booking_history (id, booking_id, status, changed_at) VALUES ('42ec4df7-2c94-4877-bc43-c8dc8ebb8cbc', '8a568a43-3210-4f69-a214-7347ba594c5f', 'COMPLETED', '2023-05-12 02:00:00');
INSERT INTO motorbike_bookings (id, motorbike_id, renter_id, owner_id, status, start_date, end_date, total_days, price_per_day, base_price, service_fee, taxes, total, deposit, created_at) VALUES ('378cfad8-17f5-4448-8e61-6ba7e2d8b3e9', 'BIKE-3', 'C3D4E5F6-G7H8-9012-CDEF-345678901234', 'E5F6G7H8-I9J0-1234-EFGH-567890123456', 'COMPLETED', '2024-03-16', '2024-03-23', 7, 120000, 840000, 84000.0, 67200.0, 991200.0, 240000, '2024-03-10 00:00:00');
INSERT INTO motorbike_booking_history (id, booking_id, status, changed_at) VALUES ('9e4e976e-ec05-4ed6-b342-8e7eb06eef56', '378cfad8-17f5-4448-8e61-6ba7e2d8b3e9', 'PENDING', '2024-03-10 00:00:00');
INSERT INTO motorbike_booking_history (id, booking_id, status, changed_at) VALUES ('2a6d49bd-1511-4ca0-8c48-2283500f1cfd', '378cfad8-17f5-4448-8e61-6ba7e2d8b3e9', 'COMPLETED', '2024-03-10 02:00:00');
INSERT INTO motorbike_bookings (id, motorbike_id, renter_id, owner_id, status, start_date, end_date, total_days, price_per_day, base_price, service_fee, taxes, total, deposit, created_at) VALUES ('b39a3b00-267c-45bd-815b-9961b4c52561', 'BIKE-1', 'D4E5F6G7-H8I9-0123-DEFG-456789012345', 'E5F6G7H8-I9J0-1234-EFGH-567890123456', 'COMPLETED', '2023-01-12', '2023-01-13', 1, 150000, 150000, 15000.0, 12000.0, 177000.0, 300000, '2023-01-10 00:00:00');
INSERT INTO motorbike_booking_history (id, booking_id, status, changed_at) VALUES ('82bede20-2aa6-42f8-ab47-6b16289c7fd2', 'b39a3b00-267c-45bd-815b-9961b4c52561', 'PENDING', '2023-01-10 00:00:00');
INSERT INTO motorbike_booking_history (id, booking_id, status, changed_at) VALUES ('833cd112-7682-4e35-b364-153c9a76ead1', 'b39a3b00-267c-45bd-815b-9961b4c52561', 'COMPLETED', '2023-01-10 02:00:00');
INSERT INTO motorbike_bookings (id, motorbike_id, renter_id, owner_id, status, start_date, end_date, total_days, price_per_day, base_price, service_fee, taxes, total, deposit, created_at) VALUES ('36ab3817-824e-4904-b9d9-084fe5d032b7', 'BIKE-3', 'B2C3D4E5-F6G7-8901-BCDE-234567890123', 'E5F6G7H8-I9J0-1234-EFGH-567890123456', 'CANCELLED', '2023-12-07', '2023-12-11', 4, 120000, 480000, 48000.0, 38400.0, 566400.0, 240000, '2023-11-26 00:00:00');
INSERT INTO motorbike_booking_history (id, booking_id, status, changed_at) VALUES ('62c09d41-6d80-43fd-b669-b67df0e5442f', '36ab3817-824e-4904-b9d9-084fe5d032b7', 'PENDING', '2023-11-26 00:00:00');
INSERT INTO motorbike_booking_history (id, booking_id, status, changed_at) VALUES ('90931c20-8056-4e9c-88cc-1069279c1f1c', '36ab3817-824e-4904-b9d9-084fe5d032b7', 'CANCELLED', '2023-11-26 02:00:00');
INSERT INTO motorbike_bookings (id, motorbike_id, renter_id, owner_id, status, start_date, end_date, total_days, price_per_day, base_price, service_fee, taxes, total, deposit, created_at) VALUES ('818cce6d-c287-443d-b34e-dbf80638d9df', 'BIKE-3', 'D4E5F6G7-H8I9-0123-DEFG-456789012345', 'E5F6G7H8-I9J0-1234-EFGH-567890123456', 'COMPLETED', '2023-03-11', '2023-03-21', 10, 120000, 1200000, 120000.0, 96000.0, 1416000.0, 240000, '2023-03-09 00:00:00');
INSERT INTO motorbike_booking_history (id, booking_id, status, changed_at) VALUES ('a1bf733a-eb6b-4378-8fdc-0cd029568cce', '818cce6d-c287-443d-b34e-dbf80638d9df', 'PENDING', '2023-03-09 00:00:00');
INSERT INTO motorbike_booking_history (id, booking_id, status, changed_at) VALUES ('5691c691-111a-44e1-a175-948c64feadfd', '818cce6d-c287-443d-b34e-dbf80638d9df', 'COMPLETED', '2023-03-09 02:00:00');
INSERT INTO motorbike_bookings (id, motorbike_id, renter_id, owner_id, status, start_date, end_date, total_days, price_per_day, base_price, service_fee, taxes, total, deposit, created_at) VALUES ('08c7ec92-b1cc-44a6-ad41-6932569d59dd', 'BIKE-3', 'C3D4E5F6-G7H8-9012-CDEF-345678901234', 'E5F6G7H8-I9J0-1234-EFGH-567890123456', 'CANCELLED', '2023-10-08', '2023-10-13', 5, 120000, 600000, 60000.0, 48000.0, 708000.0, 240000, '2023-10-07 00:00:00');
INSERT INTO motorbike_booking_history (id, booking_id, status, changed_at) VALUES ('f641e3d5-ffe4-4c1f-b123-79f816530305', '08c7ec92-b1cc-44a6-ad41-6932569d59dd', 'PENDING', '2023-10-07 00:00:00');
INSERT INTO motorbike_booking_history (id, booking_id, status, changed_at) VALUES ('65b7843f-7b44-4a4e-be63-459c7a96931f', '08c7ec92-b1cc-44a6-ad41-6932569d59dd', 'CANCELLED', '2023-10-07 02:00:00');
INSERT INTO motorbike_bookings (id, motorbike_id, renter_id, owner_id, status, start_date, end_date, total_days, price_per_day, base_price, service_fee, taxes, total, deposit, created_at) VALUES ('98cc1328-8a66-481c-b1c7-37356a1e6223', 'BIKE-3', 'C3D4E5F6-G7H8-9012-CDEF-345678901234', 'E5F6G7H8-I9J0-1234-EFGH-567890123456', 'COMPLETED', '2023-08-23', '2023-08-30', 7, 120000, 840000, 84000.0, 67200.0, 991200.0, 240000, '2023-08-09 00:00:00');
INSERT INTO motorbike_booking_history (id, booking_id, status, changed_at) VALUES ('3187a226-46d4-40f6-9f2e-79903b75410f', '98cc1328-8a66-481c-b1c7-37356a1e6223', 'PENDING', '2023-08-09 00:00:00');
INSERT INTO motorbike_booking_history (id, booking_id, status, changed_at) VALUES ('a0fd40e1-ac93-48f7-aa93-b5b384c91835', '98cc1328-8a66-481c-b1c7-37356a1e6223', 'COMPLETED', '2023-08-09 02:00:00');
INSERT INTO motorbike_bookings (id, motorbike_id, renter_id, owner_id, status, start_date, end_date, total_days, price_per_day, base_price, service_fee, taxes, total, deposit, created_at) VALUES ('c3292731-3053-44c0-a5c8-0dd6ecdd7419', 'BIKE-2', 'B2C3D4E5-F6G7-8901-BCDE-234567890123', 'E5F6G7H8-I9J0-1234-EFGH-567890123456', 'CANCELLED', '2024-04-28', '2024-04-30', 2, 200000, 400000, 40000.0, 32000.0, 472000.0, 400000, '2024-04-19 00:00:00');
INSERT INTO motorbike_booking_history (id, booking_id, status, changed_at) VALUES ('35994e66-77be-4c50-ae8d-190831cbcc25', 'c3292731-3053-44c0-a5c8-0dd6ecdd7419', 'PENDING', '2024-04-19 00:00:00');
INSERT INTO motorbike_booking_history (id, booking_id, status, changed_at) VALUES ('10d24e95-cd98-41d0-8e80-19eb8318cd38', 'c3292731-3053-44c0-a5c8-0dd6ecdd7419', 'CANCELLED', '2024-04-19 02:00:00');
INSERT INTO motorbike_bookings (id, motorbike_id, renter_id, owner_id, status, start_date, end_date, total_days, price_per_day, base_price, service_fee, taxes, total, deposit, created_at) VALUES ('78ed5625-e7fb-4775-ab15-14c7f556ab7a', 'BIKE-1', 'D4E5F6G7-H8I9-0123-DEFG-456789012345', 'E5F6G7H8-I9J0-1234-EFGH-567890123456', 'COMPLETED', '2023-06-10', '2023-06-14', 4, 150000, 600000, 60000.0, 48000.0, 708000.0, 300000, '2023-06-09 00:00:00');
INSERT INTO motorbike_booking_history (id, booking_id, status, changed_at) VALUES ('90808587-5905-4b33-9604-88b3e6b9e8ca', '78ed5625-e7fb-4775-ab15-14c7f556ab7a', 'PENDING', '2023-06-09 00:00:00');
INSERT INTO motorbike_booking_history (id, booking_id, status, changed_at) VALUES ('fb34e301-3491-4f03-85df-3509e2c5dcd6', '78ed5625-e7fb-4775-ab15-14c7f556ab7a', 'COMPLETED', '2023-06-09 02:00:00');
INSERT INTO motorbike_bookings (id, motorbike_id, renter_id, owner_id, status, start_date, end_date, total_days, price_per_day, base_price, service_fee, taxes, total, deposit, created_at) VALUES ('5c997c29-a35c-425b-a686-6e1cc8a42b3a', 'BIKE-1', 'D4E5F6G7-H8I9-0123-DEFG-456789012345', 'E5F6G7H8-I9J0-1234-EFGH-567890123456', 'COMPLETED', '2023-05-06', '2023-05-14', 8, 150000, 1200000, 120000.0, 96000.0, 1416000.0, 300000, '2023-04-28 00:00:00');
INSERT INTO motorbike_booking_history (id, booking_id, status, changed_at) VALUES ('6ff825c5-c52e-4f36-8eb1-b1e35c4388b4', '5c997c29-a35c-425b-a686-6e1cc8a42b3a', 'PENDING', '2023-04-28 00:00:00');
INSERT INTO motorbike_booking_history (id, booking_id, status, changed_at) VALUES ('904c648a-2b3f-42c9-bac5-1f2b2b8d9dd6', '5c997c29-a35c-425b-a686-6e1cc8a42b3a', 'COMPLETED', '2023-04-28 02:00:00');
INSERT INTO motorbike_bookings (id, motorbike_id, renter_id, owner_id, status, start_date, end_date, total_days, price_per_day, base_price, service_fee, taxes, total, deposit, created_at) VALUES ('e3e025dd-b8d1-41c2-a064-2581de389f9b', 'BIKE-1', 'B2C3D4E5-F6G7-8901-BCDE-234567890123', 'E5F6G7H8-I9J0-1234-EFGH-567890123456', 'COMPLETED', '2024-05-18', '2024-05-21', 3, 150000, 450000, 45000.0, 36000.0, 531000.0, 300000, '2024-05-06 00:00:00');
INSERT INTO motorbike_booking_history (id, booking_id, status, changed_at) VALUES ('7cdc2061-f8e5-44f0-86ca-8e21f537e8f5', 'e3e025dd-b8d1-41c2-a064-2581de389f9b', 'PENDING', '2024-05-06 00:00:00');
INSERT INTO motorbike_booking_history (id, booking_id, status, changed_at) VALUES ('24806ad9-3ff1-4c01-af5e-4f15268a2223', 'e3e025dd-b8d1-41c2-a064-2581de389f9b', 'COMPLETED', '2024-05-06 02:00:00');
INSERT INTO motorbike_bookings (id, motorbike_id, renter_id, owner_id, status, start_date, end_date, total_days, price_per_day, base_price, service_fee, taxes, total, deposit, created_at) VALUES ('3d3d2a5d-783a-4467-812b-c52e362acd52', 'BIKE-1', 'B2C3D4E5-F6G7-8901-BCDE-234567890123', 'E5F6G7H8-I9J0-1234-EFGH-567890123456', 'COMPLETED', '2024-03-03', '2024-03-08', 5, 150000, 750000, 75000.0, 60000.0, 885000.0, 300000, '2024-02-19 00:00:00');
INSERT INTO motorbike_booking_history (id, booking_id, status, changed_at) VALUES ('86689bd3-b25b-4306-9f69-3547b0b7d872', '3d3d2a5d-783a-4467-812b-c52e362acd52', 'PENDING', '2024-02-19 00:00:00');
INSERT INTO motorbike_booking_history (id, booking_id, status, changed_at) VALUES ('238a4645-7353-4a32-b727-109740d94918', '3d3d2a5d-783a-4467-812b-c52e362acd52', 'COMPLETED', '2024-02-19 02:00:00');
INSERT INTO motorbike_bookings (id, motorbike_id, renter_id, owner_id, status, start_date, end_date, total_days, price_per_day, base_price, service_fee, taxes, total, deposit, created_at) VALUES ('79966621-eeaa-4996-8268-126217a79fa7', 'BIKE-3', 'C3D4E5F6-G7H8-9012-CDEF-345678901234', 'E5F6G7H8-I9J0-1234-EFGH-567890123456', 'COMPLETED', '2023-01-14', '2023-01-21', 7, 120000, 840000, 84000.0, 67200.0, 991200.0, 240000, '2023-01-09 00:00:00');
INSERT INTO motorbike_booking_history (id, booking_id, status, changed_at) VALUES ('51a36025-0fb9-4240-8434-c5140e054c20', '79966621-eeaa-4996-8268-126217a79fa7', 'PENDING', '2023-01-09 00:00:00');
INSERT INTO motorbike_booking_history (id, booking_id, status, changed_at) VALUES ('fc393759-4095-4bc6-8fb3-c79a38910f70', '79966621-eeaa-4996-8268-126217a79fa7', 'COMPLETED', '2023-01-09 02:00:00');
INSERT INTO motorbike_bookings (id, motorbike_id, renter_id, owner_id, status, start_date, end_date, total_days, price_per_day, base_price, service_fee, taxes, total, deposit, created_at) VALUES ('722a51c3-e6ab-4386-8b71-cfb968dc0807', 'BIKE-1', 'D4E5F6G7-H8I9-0123-DEFG-456789012345', 'E5F6G7H8-I9J0-1234-EFGH-567890123456', 'COMPLETED', '2023-05-19', '2023-05-25', 6, 150000, 900000, 90000.0, 72000.0, 1062000.0, 300000, '2023-05-17 00:00:00');
INSERT INTO motorbike_booking_history (id, booking_id, status, changed_at) VALUES ('9e15c14b-5ce7-4d00-8a0d-4f920bcf4c5a', '722a51c3-e6ab-4386-8b71-cfb968dc0807', 'PENDING', '2023-05-17 00:00:00');
INSERT INTO motorbike_booking_history (id, booking_id, status, changed_at) VALUES ('6ed6c900-233d-4404-bd93-626d62a25def', '722a51c3-e6ab-4386-8b71-cfb968dc0807', 'COMPLETED', '2023-05-17 02:00:00');
INSERT INTO motorbike_bookings (id, motorbike_id, renter_id, owner_id, status, start_date, end_date, total_days, price_per_day, base_price, service_fee, taxes, total, deposit, created_at) VALUES ('425a8e77-a535-4783-9a93-f8dcdd8bd0d4', 'BIKE-2', 'D4E5F6G7-H8I9-0123-DEFG-456789012345', 'E5F6G7H8-I9J0-1234-EFGH-567890123456', 'CANCELLED', '2023-11-11', '2023-11-19', 8, 200000, 1600000, 160000.0, 128000.0, 1888000.0, 400000, '2023-10-28 00:00:00');
INSERT INTO motorbike_booking_history (id, booking_id, status, changed_at) VALUES ('88490584-76ed-4e64-bf26-65b737791ea8', '425a8e77-a535-4783-9a93-f8dcdd8bd0d4', 'PENDING', '2023-10-28 00:00:00');
INSERT INTO motorbike_booking_history (id, booking_id, status, changed_at) VALUES ('343f1dd4-a854-43b7-bdfb-20cb3a7b8f80', '425a8e77-a535-4783-9a93-f8dcdd8bd0d4', 'CANCELLED', '2023-10-28 02:00:00');
INSERT INTO motorbike_bookings (id, motorbike_id, renter_id, owner_id, status, start_date, end_date, total_days, price_per_day, base_price, service_fee, taxes, total, deposit, created_at) VALUES ('3bfc8828-a35d-4563-82e4-678fcadbd662', 'BIKE-3', 'D4E5F6G7-H8I9-0123-DEFG-456789012345', 'E5F6G7H8-I9J0-1234-EFGH-567890123456', 'COMPLETED', '2023-05-25', '2023-05-31', 6, 120000, 720000, 72000.0, 57600.0, 849600.0, 240000, '2023-05-21 00:00:00');
INSERT INTO motorbike_booking_history (id, booking_id, status, changed_at) VALUES ('c5bcc9c1-91d1-49ec-8262-e00eb5ac5984', '3bfc8828-a35d-4563-82e4-678fcadbd662', 'PENDING', '2023-05-21 00:00:00');
INSERT INTO motorbike_booking_history (id, booking_id, status, changed_at) VALUES ('6a98830c-1cd6-4a23-9913-736bdb914e8a', '3bfc8828-a35d-4563-82e4-678fcadbd662', 'COMPLETED', '2023-05-21 02:00:00');
INSERT INTO motorbike_bookings (id, motorbike_id, renter_id, owner_id, status, start_date, end_date, total_days, price_per_day, base_price, service_fee, taxes, total, deposit, created_at) VALUES ('4aa4c320-c86f-4372-876b-df0f860d1310', 'BIKE-2', 'B2C3D4E5-F6G7-8901-BCDE-234567890123', 'E5F6G7H8-I9J0-1234-EFGH-567890123456', 'COMPLETED', '2023-11-01', '2023-11-11', 10, 200000, 2000000, 200000.0, 160000.0, 2360000.0, 400000, '2023-10-24 00:00:00');
INSERT INTO motorbike_booking_history (id, booking_id, status, changed_at) VALUES ('6ce802c6-27cb-4da6-8249-24a62eb75a3a', '4aa4c320-c86f-4372-876b-df0f860d1310', 'PENDING', '2023-10-24 00:00:00');
INSERT INTO motorbike_booking_history (id, booking_id, status, changed_at) VALUES ('2554a852-4660-44f4-996a-54ca82bb673d', '4aa4c320-c86f-4372-876b-df0f860d1310', 'COMPLETED', '2023-10-24 02:00:00');
INSERT INTO motorbike_bookings (id, motorbike_id, renter_id, owner_id, status, start_date, end_date, total_days, price_per_day, base_price, service_fee, taxes, total, deposit, created_at) VALUES ('98001802-841e-45f9-812b-f00182337028', 'BIKE-1', 'C3D4E5F6-G7H8-9012-CDEF-345678901234', 'E5F6G7H8-I9J0-1234-EFGH-567890123456', 'COMPLETED', '2023-04-01', '2023-04-11', 10, 150000, 1500000, 150000.0, 120000.0, 1770000.0, 300000, '2023-03-31 00:00:00');
INSERT INTO motorbike_booking_history (id, booking_id, status, changed_at) VALUES ('bab44aef-7ef1-46b2-a8a5-690a2c289f97', '98001802-841e-45f9-812b-f00182337028', 'PENDING', '2023-03-31 00:00:00');
INSERT INTO motorbike_booking_history (id, booking_id, status, changed_at) VALUES ('35410351-7f97-4ce4-ae45-637aadcbc44d', '98001802-841e-45f9-812b-f00182337028', 'COMPLETED', '2023-03-31 02:00:00');
INSERT INTO motorbike_bookings (id, motorbike_id, renter_id, owner_id, status, start_date, end_date, total_days, price_per_day, base_price, service_fee, taxes, total, deposit, created_at) VALUES ('4050007b-cb74-4464-bcd7-b7b7d125dd18', 'BIKE-1', 'D4E5F6G7-H8I9-0123-DEFG-456789012345', 'E5F6G7H8-I9J0-1234-EFGH-567890123456', 'COMPLETED', '2023-07-18', '2023-07-26', 8, 150000, 1200000, 120000.0, 96000.0, 1416000.0, 300000, '2023-07-10 00:00:00');
INSERT INTO motorbike_booking_history (id, booking_id, status, changed_at) VALUES ('60bcd6f8-b152-4310-b0bb-3103babe962e', '4050007b-cb74-4464-bcd7-b7b7d125dd18', 'PENDING', '2023-07-10 00:00:00');
INSERT INTO motorbike_booking_history (id, booking_id, status, changed_at) VALUES ('43ce82c4-85af-4759-b82b-c1bce3bad372', '4050007b-cb74-4464-bcd7-b7b7d125dd18', 'COMPLETED', '2023-07-10 02:00:00');
INSERT INTO motorbike_bookings (id, motorbike_id, renter_id, owner_id, status, start_date, end_date, total_days, price_per_day, base_price, service_fee, taxes, total, deposit, created_at) VALUES ('a8aaecdd-2fb5-4c78-b0f8-32b72aa2fd88', 'BIKE-3', 'D4E5F6G7-H8I9-0123-DEFG-456789012345', 'E5F6G7H8-I9J0-1234-EFGH-567890123456', 'COMPLETED', '2023-12-06', '2023-12-13', 7, 120000, 840000, 84000.0, 67200.0, 991200.0, 240000, '2023-11-27 00:00:00');
INSERT INTO motorbike_booking_history (id, booking_id, status, changed_at) VALUES ('21f50e25-f9bf-44dc-b02b-5ea3926c1bf6', 'a8aaecdd-2fb5-4c78-b0f8-32b72aa2fd88', 'PENDING', '2023-11-27 00:00:00');
INSERT INTO motorbike_booking_history (id, booking_id, status, changed_at) VALUES ('29f83fb5-303a-4798-825f-c9a1990933d0', 'a8aaecdd-2fb5-4c78-b0f8-32b72aa2fd88', 'COMPLETED', '2023-11-27 02:00:00');
INSERT INTO motorbike_bookings (id, motorbike_id, renter_id, owner_id, status, start_date, end_date, total_days, price_per_day, base_price, service_fee, taxes, total, deposit, created_at) VALUES ('87a2b68c-730a-4063-9203-3e1887fdea35', 'BIKE-3', 'B2C3D4E5-F6G7-8901-BCDE-234567890123', 'E5F6G7H8-I9J0-1234-EFGH-567890123456', 'COMPLETED', '2023-03-29', '2023-03-30', 1, 120000, 120000, 12000.0, 9600.0, 141600.0, 240000, '2023-03-18 00:00:00');
INSERT INTO motorbike_booking_history (id, booking_id, status, changed_at) VALUES ('4cc829ec-1a5d-443d-8926-02b7990c754b', '87a2b68c-730a-4063-9203-3e1887fdea35', 'PENDING', '2023-03-18 00:00:00');
INSERT INTO motorbike_booking_history (id, booking_id, status, changed_at) VALUES ('749f0fc6-3d40-4f57-b163-e752b873f081', '87a2b68c-730a-4063-9203-3e1887fdea35', 'COMPLETED', '2023-03-18 02:00:00');
INSERT INTO motorbike_bookings (id, motorbike_id, renter_id, owner_id, status, start_date, end_date, total_days, price_per_day, base_price, service_fee, taxes, total, deposit, created_at) VALUES ('f4cdc647-be9e-4cee-9fa1-fda2ef8dfbce', 'BIKE-1', 'B2C3D4E5-F6G7-8901-BCDE-234567890123', 'E5F6G7H8-I9J0-1234-EFGH-567890123456', 'CANCELLED', '2023-02-08', '2023-02-09', 1, 150000, 150000, 15000.0, 12000.0, 177000.0, 300000, '2023-01-28 00:00:00');
INSERT INTO motorbike_booking_history (id, booking_id, status, changed_at) VALUES ('dafe0fd7-2e13-4de6-aa54-5f6132a69769', 'f4cdc647-be9e-4cee-9fa1-fda2ef8dfbce', 'PENDING', '2023-01-28 00:00:00');
INSERT INTO motorbike_booking_history (id, booking_id, status, changed_at) VALUES ('f4dd15fc-8ee3-4672-9e99-b8eb2e5fb3b1', 'f4cdc647-be9e-4cee-9fa1-fda2ef8dfbce', 'CANCELLED', '2023-01-28 02:00:00');
INSERT INTO motorbike_bookings (id, motorbike_id, renter_id, owner_id, status, start_date, end_date, total_days, price_per_day, base_price, service_fee, taxes, total, deposit, created_at) VALUES ('224c1013-73f4-4fdc-9e60-75e3fa436651', 'BIKE-3', 'C3D4E5F6-G7H8-9012-CDEF-345678901234', 'E5F6G7H8-I9J0-1234-EFGH-567890123456', 'COMPLETED', '2023-09-05', '2023-09-10', 5, 120000, 600000, 60000.0, 48000.0, 708000.0, 240000, '2023-09-03 00:00:00');
INSERT INTO motorbike_booking_history (id, booking_id, status, changed_at) VALUES ('222d5bda-d3ad-4b96-bd80-f1b9f9a908e2', '224c1013-73f4-4fdc-9e60-75e3fa436651', 'PENDING', '2023-09-03 00:00:00');
INSERT INTO motorbike_booking_history (id, booking_id, status, changed_at) VALUES ('45943ddd-c319-43df-9e7e-cc4463fe615c', '224c1013-73f4-4fdc-9e60-75e3fa436651', 'COMPLETED', '2023-09-03 02:00:00');
INSERT INTO motorbike_bookings (id, motorbike_id, renter_id, owner_id, status, start_date, end_date, total_days, price_per_day, base_price, service_fee, taxes, total, deposit, created_at) VALUES ('3f3b7b3f-6d30-4b80-83fa-cb2619d32e31', 'BIKE-2', 'B2C3D4E5-F6G7-8901-BCDE-234567890123', 'E5F6G7H8-I9J0-1234-EFGH-567890123456', 'COMPLETED', '2024-05-11', '2024-05-18', 7, 200000, 1400000, 140000.0, 112000.0, 1652000.0, 400000, '2024-04-28 00:00:00');
INSERT INTO motorbike_booking_history (id, booking_id, status, changed_at) VALUES ('669aff7a-a7f3-420b-a1a5-2c002d10da76', '3f3b7b3f-6d30-4b80-83fa-cb2619d32e31', 'PENDING', '2024-04-28 00:00:00');
INSERT INTO motorbike_booking_history (id, booking_id, status, changed_at) VALUES ('c600bdea-0960-497d-a3c9-3f086faa5817', '3f3b7b3f-6d30-4b80-83fa-cb2619d32e31', 'COMPLETED', '2024-04-28 02:00:00');
INSERT INTO motorbike_bookings (id, motorbike_id, renter_id, owner_id, status, start_date, end_date, total_days, price_per_day, base_price, service_fee, taxes, total, deposit, created_at) VALUES ('2b67a4c9-793e-4f30-bafa-421b3c560609', 'BIKE-2', 'C3D4E5F6-G7H8-9012-CDEF-345678901234', 'E5F6G7H8-I9J0-1234-EFGH-567890123456', 'COMPLETED', '2023-01-12', '2023-01-14', 2, 200000, 400000, 40000.0, 32000.0, 472000.0, 400000, '2023-01-07 00:00:00');
INSERT INTO motorbike_booking_history (id, booking_id, status, changed_at) VALUES ('8b539638-b45f-42c6-a8d8-d0127193393b', '2b67a4c9-793e-4f30-bafa-421b3c560609', 'PENDING', '2023-01-07 00:00:00');
INSERT INTO motorbike_booking_history (id, booking_id, status, changed_at) VALUES ('e6e4303c-7495-4d39-9626-028959c6f08e', '2b67a4c9-793e-4f30-bafa-421b3c560609', 'COMPLETED', '2023-01-07 02:00:00');
INSERT INTO motorbike_bookings (id, motorbike_id, renter_id, owner_id, status, start_date, end_date, total_days, price_per_day, base_price, service_fee, taxes, total, deposit, created_at) VALUES ('87f44f9d-2a16-4638-b63a-03cec353da78', 'BIKE-3', 'D4E5F6G7-H8I9-0123-DEFG-456789012345', 'E5F6G7H8-I9J0-1234-EFGH-567890123456', 'COMPLETED', '2024-04-04', '2024-04-06', 2, 120000, 240000, 24000.0, 19200.0, 283200.0, 240000, '2024-03-22 00:00:00');
INSERT INTO motorbike_booking_history (id, booking_id, status, changed_at) VALUES ('142443d1-0436-400a-b84d-888f56718c2f', '87f44f9d-2a16-4638-b63a-03cec353da78', 'PENDING', '2024-03-22 00:00:00');
INSERT INTO motorbike_booking_history (id, booking_id, status, changed_at) VALUES ('5e8f0425-224f-4403-bfbb-704c7595a3cc', '87f44f9d-2a16-4638-b63a-03cec353da78', 'COMPLETED', '2024-03-22 02:00:00');
INSERT INTO motorbike_bookings (id, motorbike_id, renter_id, owner_id, status, start_date, end_date, total_days, price_per_day, base_price, service_fee, taxes, total, deposit, created_at) VALUES ('bb61b242-0117-4cd8-9053-ba851a2fcae5', 'BIKE-3', 'C3D4E5F6-G7H8-9012-CDEF-345678901234', 'E5F6G7H8-I9J0-1234-EFGH-567890123456', 'COMPLETED', '2023-04-02', '2023-04-11', 9, 120000, 1080000, 108000.0, 86400.0, 1274400.0, 240000, '2023-03-21 00:00:00');
INSERT INTO motorbike_booking_history (id, booking_id, status, changed_at) VALUES ('0b27c412-1b1c-4635-a881-3c67b2a41c2e', 'bb61b242-0117-4cd8-9053-ba851a2fcae5', 'PENDING', '2023-03-21 00:00:00');
INSERT INTO motorbike_booking_history (id, booking_id, status, changed_at) VALUES ('de159657-18eb-4121-aca2-e9b229178b19', 'bb61b242-0117-4cd8-9053-ba851a2fcae5', 'COMPLETED', '2023-03-21 02:00:00');
INSERT INTO motorbike_bookings (id, motorbike_id, renter_id, owner_id, status, start_date, end_date, total_days, price_per_day, base_price, service_fee, taxes, total, deposit, created_at) VALUES ('bc7e003d-6fb8-429f-8a7b-f3a27c8dcfce', 'BIKE-1', 'B2C3D4E5-F6G7-8901-BCDE-234567890123', 'E5F6G7H8-I9J0-1234-EFGH-567890123456', 'COMPLETED', '2023-07-29', '2023-08-02', 4, 150000, 600000, 60000.0, 48000.0, 708000.0, 300000, '2023-07-26 00:00:00');
INSERT INTO motorbike_booking_history (id, booking_id, status, changed_at) VALUES ('588548d4-d65a-4884-b044-576dfb5bb86d', 'bc7e003d-6fb8-429f-8a7b-f3a27c8dcfce', 'PENDING', '2023-07-26 00:00:00');
INSERT INTO motorbike_booking_history (id, booking_id, status, changed_at) VALUES ('adfdd183-6be7-4c4b-b0da-a1946d89d326', 'bc7e003d-6fb8-429f-8a7b-f3a27c8dcfce', 'COMPLETED', '2023-07-26 02:00:00');
INSERT INTO motorbike_bookings (id, motorbike_id, renter_id, owner_id, status, start_date, end_date, total_days, price_per_day, base_price, service_fee, taxes, total, deposit, created_at) VALUES ('3d390a1e-1ebd-4979-9f96-6a307f562ba5', 'BIKE-1', 'D4E5F6G7-H8I9-0123-DEFG-456789012345', 'E5F6G7H8-I9J0-1234-EFGH-567890123456', 'COMPLETED', '2023-01-09', '2023-01-17', 8, 150000, 1200000, 120000.0, 96000.0, 1416000.0, 300000, '2022-12-26 00:00:00');
INSERT INTO motorbike_booking_history (id, booking_id, status, changed_at) VALUES ('aef38056-c26c-4200-b25f-a3397535bcb2', '3d390a1e-1ebd-4979-9f96-6a307f562ba5', 'PENDING', '2022-12-26 00:00:00');
INSERT INTO motorbike_booking_history (id, booking_id, status, changed_at) VALUES ('82c7788d-60d7-499e-b3e9-48d7bd8bd5e8', '3d390a1e-1ebd-4979-9f96-6a307f562ba5', 'COMPLETED', '2022-12-26 02:00:00');
INSERT INTO motorbike_bookings (id, motorbike_id, renter_id, owner_id, status, start_date, end_date, total_days, price_per_day, base_price, service_fee, taxes, total, deposit, created_at) VALUES ('7b046445-7141-453d-b0fd-888512365ec5', 'BIKE-1', 'D4E5F6G7-H8I9-0123-DEFG-456789012345', 'E5F6G7H8-I9J0-1234-EFGH-567890123456', 'COMPLETED', '2024-05-03', '2024-05-09', 6, 150000, 900000, 90000.0, 72000.0, 1062000.0, 300000, '2024-04-24 00:00:00');
INSERT INTO motorbike_booking_history (id, booking_id, status, changed_at) VALUES ('50be0ef1-05e4-432f-9210-f41d74552cbb', '7b046445-7141-453d-b0fd-888512365ec5', 'PENDING', '2024-04-24 00:00:00');
INSERT INTO motorbike_booking_history (id, booking_id, status, changed_at) VALUES ('51bb6e0a-4bd9-4bdd-bd7b-8da3df6ecd6a', '7b046445-7141-453d-b0fd-888512365ec5', 'COMPLETED', '2024-04-24 02:00:00');
INSERT INTO motorbike_bookings (id, motorbike_id, renter_id, owner_id, status, start_date, end_date, total_days, price_per_day, base_price, service_fee, taxes, total, deposit, created_at) VALUES ('51475186-5df0-4428-a239-d459082716ec', 'BIKE-3', 'C3D4E5F6-G7H8-9012-CDEF-345678901234', 'E5F6G7H8-I9J0-1234-EFGH-567890123456', 'COMPLETED', '2023-07-01', '2023-07-08', 7, 120000, 840000, 84000.0, 67200.0, 991200.0, 240000, '2023-06-24 00:00:00');
INSERT INTO motorbike_booking_history (id, booking_id, status, changed_at) VALUES ('11f7c22d-bfb5-4186-bd36-f2ee187dbf4e', '51475186-5df0-4428-a239-d459082716ec', 'PENDING', '2023-06-24 00:00:00');
INSERT INTO motorbike_booking_history (id, booking_id, status, changed_at) VALUES ('d9a5c5fc-8aee-41ff-9974-55bb876230b9', '51475186-5df0-4428-a239-d459082716ec', 'COMPLETED', '2023-06-24 02:00:00');
INSERT INTO motorbike_bookings (id, motorbike_id, renter_id, owner_id, status, start_date, end_date, total_days, price_per_day, base_price, service_fee, taxes, total, deposit, created_at) VALUES ('5f8d956b-04a0-4ab4-8d22-b9cfa8d95f94', 'BIKE-2', 'B2C3D4E5-F6G7-8901-BCDE-234567890123', 'E5F6G7H8-I9J0-1234-EFGH-567890123456', 'COMPLETED', '2023-07-09', '2023-07-13', 4, 200000, 800000, 80000.0, 64000.0, 944000.0, 400000, '2023-07-08 00:00:00');
INSERT INTO motorbike_booking_history (id, booking_id, status, changed_at) VALUES ('13c21d65-f7ee-4451-9978-eb8f00d1bffb', '5f8d956b-04a0-4ab4-8d22-b9cfa8d95f94', 'PENDING', '2023-07-08 00:00:00');
INSERT INTO motorbike_booking_history (id, booking_id, status, changed_at) VALUES ('ac98f0f2-cf7f-4373-ae2d-491c79ccc5c0', '5f8d956b-04a0-4ab4-8d22-b9cfa8d95f94', 'COMPLETED', '2023-07-08 02:00:00');
INSERT INTO motorbike_bookings (id, motorbike_id, renter_id, owner_id, status, start_date, end_date, total_days, price_per_day, base_price, service_fee, taxes, total, deposit, created_at) VALUES ('5171ca06-4634-4b5c-81d1-9b2a585dd71b', 'BIKE-1', 'C3D4E5F6-G7H8-9012-CDEF-345678901234', 'E5F6G7H8-I9J0-1234-EFGH-567890123456', 'COMPLETED', '2023-08-27', '2023-08-31', 4, 150000, 600000, 60000.0, 48000.0, 708000.0, 300000, '2023-08-26 00:00:00');
INSERT INTO motorbike_booking_history (id, booking_id, status, changed_at) VALUES ('52de8cdb-f827-4dcf-86ad-f68470ac419c', '5171ca06-4634-4b5c-81d1-9b2a585dd71b', 'PENDING', '2023-08-26 00:00:00');
INSERT INTO motorbike_booking_history (id, booking_id, status, changed_at) VALUES ('81b192b4-e974-4b6a-b6ba-247373aedca9', '5171ca06-4634-4b5c-81d1-9b2a585dd71b', 'COMPLETED', '2023-08-26 02:00:00');
INSERT INTO motorbike_bookings (id, motorbike_id, renter_id, owner_id, status, start_date, end_date, total_days, price_per_day, base_price, service_fee, taxes, total, deposit, created_at) VALUES ('8af2ea41-cc92-4cf4-bd24-1284f429554a', 'BIKE-2', 'C3D4E5F6-G7H8-9012-CDEF-345678901234', 'E5F6G7H8-I9J0-1234-EFGH-567890123456', 'COMPLETED', '2024-03-12', '2024-03-16', 4, 200000, 800000, 80000.0, 64000.0, 944000.0, 400000, '2024-02-27 00:00:00');
INSERT INTO motorbike_booking_history (id, booking_id, status, changed_at) VALUES ('3773aa60-e20c-43c5-8af6-3a1b71f2532d', '8af2ea41-cc92-4cf4-bd24-1284f429554a', 'PENDING', '2024-02-27 00:00:00');
INSERT INTO motorbike_booking_history (id, booking_id, status, changed_at) VALUES ('789d7c40-ee3f-4647-bc2b-178748b7201b', '8af2ea41-cc92-4cf4-bd24-1284f429554a', 'COMPLETED', '2024-02-27 02:00:00');
INSERT INTO motorbike_bookings (id, motorbike_id, renter_id, owner_id, status, start_date, end_date, total_days, price_per_day, base_price, service_fee, taxes, total, deposit, created_at) VALUES ('3921c662-27d3-4c95-9b87-8ce3e4d97ec6', 'BIKE-2', 'B2C3D4E5-F6G7-8901-BCDE-234567890123', 'E5F6G7H8-I9J0-1234-EFGH-567890123456', 'COMPLETED', '2023-03-11', '2023-03-14', 3, 200000, 600000, 60000.0, 48000.0, 708000.0, 400000, '2023-03-06 00:00:00');
INSERT INTO motorbike_booking_history (id, booking_id, status, changed_at) VALUES ('17178679-c49d-43c7-9bb9-7452125088e1', '3921c662-27d3-4c95-9b87-8ce3e4d97ec6', 'PENDING', '2023-03-06 00:00:00');
INSERT INTO motorbike_booking_history (id, booking_id, status, changed_at) VALUES ('9dc80f0b-fb85-4492-bddb-c748da93b480', '3921c662-27d3-4c95-9b87-8ce3e4d97ec6', 'COMPLETED', '2023-03-06 02:00:00');
INSERT INTO motorbike_bookings (id, motorbike_id, renter_id, owner_id, status, start_date, end_date, total_days, price_per_day, base_price, service_fee, taxes, total, deposit, created_at) VALUES ('484182d1-7a6f-47c5-a1b7-4218596e38e4', 'BIKE-3', 'D4E5F6G7-H8I9-0123-DEFG-456789012345', 'E5F6G7H8-I9J0-1234-EFGH-567890123456', 'COMPLETED', '2023-03-22', '2023-03-24', 2, 120000, 240000, 24000.0, 19200.0, 283200.0, 240000, '2023-03-20 00:00:00');
INSERT INTO motorbike_booking_history (id, booking_id, status, changed_at) VALUES ('264dff72-c479-4943-a1f0-5731f570e4d2', '484182d1-7a6f-47c5-a1b7-4218596e38e4', 'PENDING', '2023-03-20 00:00:00');
INSERT INTO motorbike_booking_history (id, booking_id, status, changed_at) VALUES ('2e245f38-43e4-4544-8558-4475abfb4f27', '484182d1-7a6f-47c5-a1b7-4218596e38e4', 'COMPLETED', '2023-03-20 02:00:00');
INSERT INTO motorbike_bookings (id, motorbike_id, renter_id, owner_id, status, start_date, end_date, total_days, price_per_day, base_price, service_fee, taxes, total, deposit, created_at) VALUES ('aa27cadb-2476-4dec-88d2-10ce9c7134a7', 'BIKE-3', 'B2C3D4E5-F6G7-8901-BCDE-234567890123', 'E5F6G7H8-I9J0-1234-EFGH-567890123456', 'COMPLETED', '2023-03-20', '2023-03-28', 8, 120000, 960000, 96000.0, 76800.0, 1132800.0, 240000, '2023-03-16 00:00:00');
INSERT INTO motorbike_booking_history (id, booking_id, status, changed_at) VALUES ('7587320e-dd19-40c4-af31-60db071c90c0', 'aa27cadb-2476-4dec-88d2-10ce9c7134a7', 'PENDING', '2023-03-16 00:00:00');
INSERT INTO motorbike_booking_history (id, booking_id, status, changed_at) VALUES ('6d702d45-0f28-41a0-b3a6-d8b67426807e', 'aa27cadb-2476-4dec-88d2-10ce9c7134a7', 'COMPLETED', '2023-03-16 02:00:00');
INSERT INTO motorbike_bookings (id, motorbike_id, renter_id, owner_id, status, start_date, end_date, total_days, price_per_day, base_price, service_fee, taxes, total, deposit, created_at) VALUES ('6c83fcd5-e28d-4638-86a4-afb115290b35', 'BIKE-3', 'D4E5F6G7-H8I9-0123-DEFG-456789012345', 'E5F6G7H8-I9J0-1234-EFGH-567890123456', 'COMPLETED', '2023-10-23', '2023-10-25', 2, 120000, 240000, 24000.0, 19200.0, 283200.0, 240000, '2023-10-12 00:00:00');
INSERT INTO motorbike_booking_history (id, booking_id, status, changed_at) VALUES ('1c28a254-448c-4e69-949f-c83b757f76a8', '6c83fcd5-e28d-4638-86a4-afb115290b35', 'PENDING', '2023-10-12 00:00:00');
INSERT INTO motorbike_booking_history (id, booking_id, status, changed_at) VALUES ('86000b72-4af3-408a-9793-ca512b0608b0', '6c83fcd5-e28d-4638-86a4-afb115290b35', 'COMPLETED', '2023-10-12 02:00:00');
INSERT INTO motorbike_bookings (id, motorbike_id, renter_id, owner_id, status, start_date, end_date, total_days, price_per_day, base_price, service_fee, taxes, total, deposit, created_at) VALUES ('7fa65137-bb92-4b10-a29a-1cb69ac3e566', 'BIKE-1', 'B2C3D4E5-F6G7-8901-BCDE-234567890123', 'E5F6G7H8-I9J0-1234-EFGH-567890123456', 'CANCELLED', '2024-02-01', '2024-02-09', 8, 150000, 1200000, 120000.0, 96000.0, 1416000.0, 300000, '2024-01-19 00:00:00');
INSERT INTO motorbike_booking_history (id, booking_id, status, changed_at) VALUES ('7cb4881b-47c2-4817-bf17-57b1b311e5a0', '7fa65137-bb92-4b10-a29a-1cb69ac3e566', 'PENDING', '2024-01-19 00:00:00');
INSERT INTO motorbike_booking_history (id, booking_id, status, changed_at) VALUES ('4e9e69a3-f690-4585-aade-bb9b858c267c', '7fa65137-bb92-4b10-a29a-1cb69ac3e566', 'CANCELLED', '2024-01-19 02:00:00');
INSERT INTO motorbike_bookings (id, motorbike_id, renter_id, owner_id, status, start_date, end_date, total_days, price_per_day, base_price, service_fee, taxes, total, deposit, created_at) VALUES ('e3aef3d6-6ead-4bbd-aa6d-84f9c1fc1eb3', 'BIKE-3', 'C3D4E5F6-G7H8-9012-CDEF-345678901234', 'E5F6G7H8-I9J0-1234-EFGH-567890123456', 'CANCELLED', '2023-02-10', '2023-02-11', 1, 120000, 120000, 12000.0, 9600.0, 141600.0, 240000, '2023-02-09 00:00:00');
INSERT INTO motorbike_booking_history (id, booking_id, status, changed_at) VALUES ('2a03ff9d-06b7-4206-9a9c-46302589622f', 'e3aef3d6-6ead-4bbd-aa6d-84f9c1fc1eb3', 'PENDING', '2023-02-09 00:00:00');
INSERT INTO motorbike_booking_history (id, booking_id, status, changed_at) VALUES ('93d7ab40-c016-4558-a042-3d372d3eec48', 'e3aef3d6-6ead-4bbd-aa6d-84f9c1fc1eb3', 'CANCELLED', '2023-02-09 02:00:00');
INSERT INTO motorbike_bookings (id, motorbike_id, renter_id, owner_id, status, start_date, end_date, total_days, price_per_day, base_price, service_fee, taxes, total, deposit, created_at) VALUES ('91ac1d39-4180-4c53-943c-0feb19dfcc5a', 'BIKE-3', 'C3D4E5F6-G7H8-9012-CDEF-345678901234', 'E5F6G7H8-I9J0-1234-EFGH-567890123456', 'COMPLETED', '2023-10-22', '2023-11-01', 10, 120000, 1200000, 120000.0, 96000.0, 1416000.0, 240000, '2023-10-18 00:00:00');
INSERT INTO motorbike_booking_history (id, booking_id, status, changed_at) VALUES ('2bad65b2-57bc-4aa8-a28c-2ba93480482b', '91ac1d39-4180-4c53-943c-0feb19dfcc5a', 'PENDING', '2023-10-18 00:00:00');
INSERT INTO motorbike_booking_history (id, booking_id, status, changed_at) VALUES ('f5d58a3d-a78b-4846-ace9-4326fbed33d2', '91ac1d39-4180-4c53-943c-0feb19dfcc5a', 'COMPLETED', '2023-10-18 02:00:00');
INSERT INTO motorbike_bookings (id, motorbike_id, renter_id, owner_id, status, start_date, end_date, total_days, price_per_day, base_price, service_fee, taxes, total, deposit, created_at) VALUES ('f18ecfa7-edba-4812-add4-36ea0923e5d0', 'BIKE-1', 'D4E5F6G7-H8I9-0123-DEFG-456789012345', 'E5F6G7H8-I9J0-1234-EFGH-567890123456', 'CANCELLED', '2023-05-03', '2023-05-09', 6, 150000, 900000, 90000.0, 72000.0, 1062000.0, 300000, '2023-05-02 00:00:00');
INSERT INTO motorbike_booking_history (id, booking_id, status, changed_at) VALUES ('4764e03f-43ef-4b5c-8cbf-b93b6e3f4efc', 'f18ecfa7-edba-4812-add4-36ea0923e5d0', 'PENDING', '2023-05-02 00:00:00');
INSERT INTO motorbike_booking_history (id, booking_id, status, changed_at) VALUES ('70e0cae9-cc0a-4e03-a4af-483f3158b5ae', 'f18ecfa7-edba-4812-add4-36ea0923e5d0', 'CANCELLED', '2023-05-02 02:00:00');
INSERT INTO motorbike_bookings (id, motorbike_id, renter_id, owner_id, status, start_date, end_date, total_days, price_per_day, base_price, service_fee, taxes, total, deposit, created_at) VALUES ('0acf68e5-b560-4153-b925-8416cef9609d', 'BIKE-3', 'B2C3D4E5-F6G7-8901-BCDE-234567890123', 'E5F6G7H8-I9J0-1234-EFGH-567890123456', 'COMPLETED', '2023-11-05', '2023-11-07', 2, 120000, 240000, 24000.0, 19200.0, 283200.0, 240000, '2023-11-04 00:00:00');
INSERT INTO motorbike_booking_history (id, booking_id, status, changed_at) VALUES ('57656e7d-120b-422f-a854-bd7647f30b25', '0acf68e5-b560-4153-b925-8416cef9609d', 'PENDING', '2023-11-04 00:00:00');
INSERT INTO motorbike_booking_history (id, booking_id, status, changed_at) VALUES ('0c959886-0c96-4c89-9774-d236551b2bb8', '0acf68e5-b560-4153-b925-8416cef9609d', 'COMPLETED', '2023-11-04 02:00:00');
INSERT INTO motorbike_bookings (id, motorbike_id, renter_id, owner_id, status, start_date, end_date, total_days, price_per_day, base_price, service_fee, taxes, total, deposit, created_at) VALUES ('2e84bebd-d599-4966-a290-b92440e85d1b', 'BIKE-1', 'B2C3D4E5-F6G7-8901-BCDE-234567890123', 'E5F6G7H8-I9J0-1234-EFGH-567890123456', 'COMPLETED', '2023-12-24', '2023-12-28', 4, 150000, 600000, 60000.0, 48000.0, 708000.0, 300000, '2023-12-11 00:00:00');
INSERT INTO motorbike_booking_history (id, booking_id, status, changed_at) VALUES ('b41eb88b-940c-436e-9c2d-f4c0d48e2968', '2e84bebd-d599-4966-a290-b92440e85d1b', 'PENDING', '2023-12-11 00:00:00');
INSERT INTO motorbike_booking_history (id, booking_id, status, changed_at) VALUES ('4c01a884-000d-4a52-85eb-c3cb79b2602e', '2e84bebd-d599-4966-a290-b92440e85d1b', 'COMPLETED', '2023-12-11 02:00:00');
INSERT INTO motorbike_bookings (id, motorbike_id, renter_id, owner_id, status, start_date, end_date, total_days, price_per_day, base_price, service_fee, taxes, total, deposit, created_at) VALUES ('8c7818e5-9ad2-4f31-b4b8-b012841d39c0', 'BIKE-1', 'C3D4E5F6-G7H8-9012-CDEF-345678901234', 'E5F6G7H8-I9J0-1234-EFGH-567890123456', 'CANCELLED', '2023-01-25', '2023-01-30', 5, 150000, 750000, 75000.0, 60000.0, 885000.0, 300000, '2023-01-13 00:00:00');
INSERT INTO motorbike_booking_history (id, booking_id, status, changed_at) VALUES ('6070aec0-b406-4f50-a01b-f19c95525263', '8c7818e5-9ad2-4f31-b4b8-b012841d39c0', 'PENDING', '2023-01-13 00:00:00');
INSERT INTO motorbike_booking_history (id, booking_id, status, changed_at) VALUES ('80a590fa-3b04-4ae7-a47f-99ed824f8286', '8c7818e5-9ad2-4f31-b4b8-b012841d39c0', 'CANCELLED', '2023-01-13 02:00:00');
INSERT INTO motorbike_bookings (id, motorbike_id, renter_id, owner_id, status, start_date, end_date, total_days, price_per_day, base_price, service_fee, taxes, total, deposit, created_at) VALUES ('fd9d7833-421a-45d4-98c4-992305bd30f3', 'BIKE-2', 'B2C3D4E5-F6G7-8901-BCDE-234567890123', 'E5F6G7H8-I9J0-1234-EFGH-567890123456', 'COMPLETED', '2023-05-29', '2023-06-05', 7, 200000, 1400000, 140000.0, 112000.0, 1652000.0, 400000, '2023-05-18 00:00:00');
INSERT INTO motorbike_booking_history (id, booking_id, status, changed_at) VALUES ('4399da3f-d54c-46f6-afd8-02d78504b969', 'fd9d7833-421a-45d4-98c4-992305bd30f3', 'PENDING', '2023-05-18 00:00:00');
INSERT INTO motorbike_booking_history (id, booking_id, status, changed_at) VALUES ('448ce5e3-2a1d-46c1-92ae-27fcd648fc4c', 'fd9d7833-421a-45d4-98c4-992305bd30f3', 'COMPLETED', '2023-05-18 02:00:00');
INSERT INTO motorbike_bookings (id, motorbike_id, renter_id, owner_id, status, start_date, end_date, total_days, price_per_day, base_price, service_fee, taxes, total, deposit, created_at) VALUES ('67cb252b-9031-4a23-a7b9-38d33abc80d7', 'BIKE-1', 'D4E5F6G7-H8I9-0123-DEFG-456789012345', 'E5F6G7H8-I9J0-1234-EFGH-567890123456', 'CANCELLED', '2024-05-26', '2024-06-03', 8, 150000, 1200000, 120000.0, 96000.0, 1416000.0, 300000, '2024-05-18 00:00:00');
INSERT INTO motorbike_booking_history (id, booking_id, status, changed_at) VALUES ('0624a6d4-b18a-4fea-bb8d-878ad22253a0', '67cb252b-9031-4a23-a7b9-38d33abc80d7', 'PENDING', '2024-05-18 00:00:00');
INSERT INTO motorbike_booking_history (id, booking_id, status, changed_at) VALUES ('fbad914a-e485-43dd-8833-308cf475e414', '67cb252b-9031-4a23-a7b9-38d33abc80d7', 'CANCELLED', '2024-05-18 02:00:00');
INSERT INTO motorbike_bookings (id, motorbike_id, renter_id, owner_id, status, start_date, end_date, total_days, price_per_day, base_price, service_fee, taxes, total, deposit, created_at) VALUES ('d2d13c42-9cdc-4f42-a18b-95d7120244e2', 'BIKE-2', 'B2C3D4E5-F6G7-8901-BCDE-234567890123', 'E5F6G7H8-I9J0-1234-EFGH-567890123456', 'CANCELLED', '2023-08-02', '2023-08-05', 3, 200000, 600000, 60000.0, 48000.0, 708000.0, 400000, '2023-07-19 00:00:00');
INSERT INTO motorbike_booking_history (id, booking_id, status, changed_at) VALUES ('02169f40-e232-4bd9-9ff7-bb8af728b636', 'd2d13c42-9cdc-4f42-a18b-95d7120244e2', 'PENDING', '2023-07-19 00:00:00');
INSERT INTO motorbike_booking_history (id, booking_id, status, changed_at) VALUES ('329f92ee-2d1a-4d53-84c4-d6979f381159', 'd2d13c42-9cdc-4f42-a18b-95d7120244e2', 'CANCELLED', '2023-07-19 02:00:00');
INSERT INTO motorbike_bookings (id, motorbike_id, renter_id, owner_id, status, start_date, end_date, total_days, price_per_day, base_price, service_fee, taxes, total, deposit, created_at) VALUES ('8c387877-d065-4f92-9689-29b96abe2421', 'BIKE-2', 'C3D4E5F6-G7H8-9012-CDEF-345678901234', 'E5F6G7H8-I9J0-1234-EFGH-567890123456', 'COMPLETED', '2023-11-27', '2023-11-30', 3, 200000, 600000, 60000.0, 48000.0, 708000.0, 400000, '2023-11-26 00:00:00');
INSERT INTO motorbike_booking_history (id, booking_id, status, changed_at) VALUES ('bba521c7-d023-41eb-8f86-62a246564bef', '8c387877-d065-4f92-9689-29b96abe2421', 'PENDING', '2023-11-26 00:00:00');
INSERT INTO motorbike_booking_history (id, booking_id, status, changed_at) VALUES ('8f97d6eb-1246-4263-b88d-7195688bb03c', '8c387877-d065-4f92-9689-29b96abe2421', 'COMPLETED', '2023-11-26 02:00:00');
INSERT INTO motorbike_bookings (id, motorbike_id, renter_id, owner_id, status, start_date, end_date, total_days, price_per_day, base_price, service_fee, taxes, total, deposit, created_at) VALUES ('ab2ae259-aad1-45ee-bf5d-750950dfcc86', 'BIKE-3', 'B2C3D4E5-F6G7-8901-BCDE-234567890123', 'E5F6G7H8-I9J0-1234-EFGH-567890123456', 'COMPLETED', '2023-08-24', '2023-09-01', 8, 120000, 960000, 96000.0, 76800.0, 1132800.0, 240000, '2023-08-19 00:00:00');
INSERT INTO motorbike_booking_history (id, booking_id, status, changed_at) VALUES ('abc24ea8-160e-4c62-83e2-21927fa7d4e7', 'ab2ae259-aad1-45ee-bf5d-750950dfcc86', 'PENDING', '2023-08-19 00:00:00');
INSERT INTO motorbike_booking_history (id, booking_id, status, changed_at) VALUES ('e8c5c1f9-85a7-4fb1-97d5-e68458a1d6eb', 'ab2ae259-aad1-45ee-bf5d-750950dfcc86', 'COMPLETED', '2023-08-19 02:00:00');
INSERT INTO motorbike_bookings (id, motorbike_id, renter_id, owner_id, status, start_date, end_date, total_days, price_per_day, base_price, service_fee, taxes, total, deposit, created_at) VALUES ('c9ae794e-f8a1-4a2f-abd9-f99aad32bb66', 'BIKE-2', 'D4E5F6G7-H8I9-0123-DEFG-456789012345', 'E5F6G7H8-I9J0-1234-EFGH-567890123456', 'COMPLETED', '2023-11-15', '2023-11-19', 4, 200000, 800000, 80000.0, 64000.0, 944000.0, 400000, '2023-11-05 00:00:00');
INSERT INTO motorbike_booking_history (id, booking_id, status, changed_at) VALUES ('ba188f3c-0702-47e6-a9e4-8185ad72bf21', 'c9ae794e-f8a1-4a2f-abd9-f99aad32bb66', 'PENDING', '2023-11-05 00:00:00');
INSERT INTO motorbike_booking_history (id, booking_id, status, changed_at) VALUES ('9d945d5a-86be-4d9c-9b9d-3ea296312333', 'c9ae794e-f8a1-4a2f-abd9-f99aad32bb66', 'COMPLETED', '2023-11-05 02:00:00');
INSERT INTO motorbike_bookings (id, motorbike_id, renter_id, owner_id, status, start_date, end_date, total_days, price_per_day, base_price, service_fee, taxes, total, deposit, created_at) VALUES ('ad2a36f7-6d59-4303-9009-d7a373ccee59', 'BIKE-2', 'D4E5F6G7-H8I9-0123-DEFG-456789012345', 'E5F6G7H8-I9J0-1234-EFGH-567890123456', 'COMPLETED', '2024-01-28', '2024-02-01', 4, 200000, 800000, 80000.0, 64000.0, 944000.0, 400000, '2024-01-23 00:00:00');
INSERT INTO motorbike_booking_history (id, booking_id, status, changed_at) VALUES ('9e881b80-a71a-4040-ab2c-e02e4026ccab', 'ad2a36f7-6d59-4303-9009-d7a373ccee59', 'PENDING', '2024-01-23 00:00:00');
INSERT INTO motorbike_booking_history (id, booking_id, status, changed_at) VALUES ('398f8f6a-c431-40bd-8f8c-13e031e5a9de', 'ad2a36f7-6d59-4303-9009-d7a373ccee59', 'COMPLETED', '2024-01-23 02:00:00');
INSERT INTO motorbike_bookings (id, motorbike_id, renter_id, owner_id, status, start_date, end_date, total_days, price_per_day, base_price, service_fee, taxes, total, deposit, created_at) VALUES ('9e16a0d2-fd6b-41b7-aebb-a67b343b49b5', 'BIKE-2', 'C3D4E5F6-G7H8-9012-CDEF-345678901234', 'E5F6G7H8-I9J0-1234-EFGH-567890123456', 'COMPLETED', '2024-03-31', '2024-04-03', 3, 200000, 600000, 60000.0, 48000.0, 708000.0, 400000, '2024-03-30 00:00:00');
INSERT INTO motorbike_booking_history (id, booking_id, status, changed_at) VALUES ('4acd9061-31fa-445b-b125-75310fecf320', '9e16a0d2-fd6b-41b7-aebb-a67b343b49b5', 'PENDING', '2024-03-30 00:00:00');
INSERT INTO motorbike_booking_history (id, booking_id, status, changed_at) VALUES ('218970bd-7671-4f4d-b27b-bb975f7667ff', '9e16a0d2-fd6b-41b7-aebb-a67b343b49b5', 'COMPLETED', '2024-03-30 02:00:00');
INSERT INTO motorbike_bookings (id, motorbike_id, renter_id, owner_id, status, start_date, end_date, total_days, price_per_day, base_price, service_fee, taxes, total, deposit, created_at) VALUES ('6ba59852-7cc2-4b8a-a209-767e5da0b6a0', 'BIKE-3', 'D4E5F6G7-H8I9-0123-DEFG-456789012345', 'E5F6G7H8-I9J0-1234-EFGH-567890123456', 'COMPLETED', '2023-09-27', '2023-10-03', 6, 120000, 720000, 72000.0, 57600.0, 849600.0, 240000, '2023-09-20 00:00:00');
INSERT INTO motorbike_booking_history (id, booking_id, status, changed_at) VALUES ('d64d6491-cd99-489b-9459-4d07e9570b7f', '6ba59852-7cc2-4b8a-a209-767e5da0b6a0', 'PENDING', '2023-09-20 00:00:00');
INSERT INTO motorbike_booking_history (id, booking_id, status, changed_at) VALUES ('c07cf6a5-a774-43d0-a548-229e1384afb8', '6ba59852-7cc2-4b8a-a209-767e5da0b6a0', 'COMPLETED', '2023-09-20 02:00:00');
INSERT INTO motorbike_bookings (id, motorbike_id, renter_id, owner_id, status, start_date, end_date, total_days, price_per_day, base_price, service_fee, taxes, total, deposit, created_at) VALUES ('db15fc0c-24ed-40a8-85dd-aad2eb7de655', 'BIKE-1', 'C3D4E5F6-G7H8-9012-CDEF-345678901234', 'E5F6G7H8-I9J0-1234-EFGH-567890123456', 'COMPLETED', '2023-09-05', '2023-09-08', 3, 150000, 450000, 45000.0, 36000.0, 531000.0, 300000, '2023-09-04 00:00:00');
INSERT INTO motorbike_booking_history (id, booking_id, status, changed_at) VALUES ('8bc5df32-9dee-444d-be16-96961884cd40', 'db15fc0c-24ed-40a8-85dd-aad2eb7de655', 'PENDING', '2023-09-04 00:00:00');
INSERT INTO motorbike_booking_history (id, booking_id, status, changed_at) VALUES ('e09ec0c5-f730-42cf-bc84-8b2b5b6d3df5', 'db15fc0c-24ed-40a8-85dd-aad2eb7de655', 'COMPLETED', '2023-09-04 02:00:00');
INSERT INTO motorbike_bookings (id, motorbike_id, renter_id, owner_id, status, start_date, end_date, total_days, price_per_day, base_price, service_fee, taxes, total, deposit, created_at) VALUES ('42048010-49b5-4532-b199-cc83a2b98b09', 'BIKE-2', 'C3D4E5F6-G7H8-9012-CDEF-345678901234', 'E5F6G7H8-I9J0-1234-EFGH-567890123456', 'COMPLETED', '2023-07-24', '2023-08-02', 9, 200000, 1800000, 180000.0, 144000.0, 2124000.0, 400000, '2023-07-23 00:00:00');
INSERT INTO motorbike_booking_history (id, booking_id, status, changed_at) VALUES ('42db9e1d-a459-4699-afb8-f267464bf844', '42048010-49b5-4532-b199-cc83a2b98b09', 'PENDING', '2023-07-23 00:00:00');
INSERT INTO motorbike_booking_history (id, booking_id, status, changed_at) VALUES ('9dffa94f-d3a8-40d2-8ce3-51af9434ec67', '42048010-49b5-4532-b199-cc83a2b98b09', 'COMPLETED', '2023-07-23 02:00:00');
INSERT INTO motorbike_bookings (id, motorbike_id, renter_id, owner_id, status, start_date, end_date, total_days, price_per_day, base_price, service_fee, taxes, total, deposit, created_at) VALUES ('d40fa653-3bc1-4d94-897e-e8c252e9d39c', 'BIKE-3', 'C3D4E5F6-G7H8-9012-CDEF-345678901234', 'E5F6G7H8-I9J0-1234-EFGH-567890123456', 'COMPLETED', '2023-05-31', '2023-06-06', 6, 120000, 720000, 72000.0, 57600.0, 849600.0, 240000, '2023-05-19 00:00:00');
INSERT INTO motorbike_booking_history (id, booking_id, status, changed_at) VALUES ('1a3513de-8b3e-4bf7-9600-f3217364ca07', 'd40fa653-3bc1-4d94-897e-e8c252e9d39c', 'PENDING', '2023-05-19 00:00:00');
INSERT INTO motorbike_booking_history (id, booking_id, status, changed_at) VALUES ('203395c1-b32a-4f9a-aa3d-04d6499242cd', 'd40fa653-3bc1-4d94-897e-e8c252e9d39c', 'COMPLETED', '2023-05-19 02:00:00');
INSERT INTO motorbike_bookings (id, motorbike_id, renter_id, owner_id, status, start_date, end_date, total_days, price_per_day, base_price, service_fee, taxes, total, deposit, created_at) VALUES ('58f0767e-bdf0-4f85-b3b8-705321f484d0', 'BIKE-1', 'C3D4E5F6-G7H8-9012-CDEF-345678901234', 'E5F6G7H8-I9J0-1234-EFGH-567890123456', 'COMPLETED', '2023-08-29', '2023-09-02', 4, 150000, 600000, 60000.0, 48000.0, 708000.0, 300000, '2023-08-27 00:00:00');
INSERT INTO motorbike_booking_history (id, booking_id, status, changed_at) VALUES ('6901be68-3a1a-40a1-9c71-a9a589678bdd', '58f0767e-bdf0-4f85-b3b8-705321f484d0', 'PENDING', '2023-08-27 00:00:00');
INSERT INTO motorbike_booking_history (id, booking_id, status, changed_at) VALUES ('bc7b69f9-f741-45b4-95af-6ba0b93b2889', '58f0767e-bdf0-4f85-b3b8-705321f484d0', 'COMPLETED', '2023-08-27 02:00:00');
INSERT INTO motorbike_bookings (id, motorbike_id, renter_id, owner_id, status, start_date, end_date, total_days, price_per_day, base_price, service_fee, taxes, total, deposit, created_at) VALUES ('1b6addf4-10a1-4895-810b-a77b2bf2dc16', 'BIKE-2', 'D4E5F6G7-H8I9-0123-DEFG-456789012345', 'E5F6G7H8-I9J0-1234-EFGH-567890123456', 'COMPLETED', '2023-05-02', '2023-05-03', 1, 200000, 200000, 20000.0, 16000.0, 236000.0, 400000, '2023-04-23 00:00:00');
INSERT INTO motorbike_booking_history (id, booking_id, status, changed_at) VALUES ('31516ac2-3e46-4988-a6d7-a41c35ef60bd', '1b6addf4-10a1-4895-810b-a77b2bf2dc16', 'PENDING', '2023-04-23 00:00:00');
INSERT INTO motorbike_booking_history (id, booking_id, status, changed_at) VALUES ('a714cf0a-bf4e-4f68-84a7-bebae61eb58f', '1b6addf4-10a1-4895-810b-a77b2bf2dc16', 'COMPLETED', '2023-04-23 02:00:00');
INSERT INTO motorbike_bookings (id, motorbike_id, renter_id, owner_id, status, start_date, end_date, total_days, price_per_day, base_price, service_fee, taxes, total, deposit, created_at) VALUES ('8c48cef2-2925-4378-89ba-3e443b8e6644', 'BIKE-3', 'C3D4E5F6-G7H8-9012-CDEF-345678901234', 'E5F6G7H8-I9J0-1234-EFGH-567890123456', 'COMPLETED', '2023-01-09', '2023-01-12', 3, 120000, 360000, 36000.0, 28800.0, 424800.0, 240000, '2023-01-01 00:00:00');
INSERT INTO motorbike_booking_history (id, booking_id, status, changed_at) VALUES ('e17de55e-1190-4140-a9f6-0aa84837b6ae', '8c48cef2-2925-4378-89ba-3e443b8e6644', 'PENDING', '2023-01-01 00:00:00');
INSERT INTO motorbike_booking_history (id, booking_id, status, changed_at) VALUES ('2eaf608b-5498-4520-8e8f-a43c001b6a47', '8c48cef2-2925-4378-89ba-3e443b8e6644', 'COMPLETED', '2023-01-01 02:00:00');
INSERT INTO motorbike_bookings (id, motorbike_id, renter_id, owner_id, status, start_date, end_date, total_days, price_per_day, base_price, service_fee, taxes, total, deposit, created_at) VALUES ('4a88f70c-d7e3-408a-acf5-c328d81ade07', 'BIKE-1', 'B2C3D4E5-F6G7-8901-BCDE-234567890123', 'E5F6G7H8-I9J0-1234-EFGH-567890123456', 'CANCELLED', '2023-12-17', '2023-12-25', 8, 150000, 1200000, 120000.0, 96000.0, 1416000.0, 300000, '2023-12-03 00:00:00');
INSERT INTO motorbike_booking_history (id, booking_id, status, changed_at) VALUES ('ced7244e-a72b-4c74-9479-a19203579191', '4a88f70c-d7e3-408a-acf5-c328d81ade07', 'PENDING', '2023-12-03 00:00:00');
INSERT INTO motorbike_booking_history (id, booking_id, status, changed_at) VALUES ('10710a29-2535-4ff6-8b68-7faf7f218131', '4a88f70c-d7e3-408a-acf5-c328d81ade07', 'CANCELLED', '2023-12-03 02:00:00');
INSERT INTO motorbike_bookings (id, motorbike_id, renter_id, owner_id, status, start_date, end_date, total_days, price_per_day, base_price, service_fee, taxes, total, deposit, created_at) VALUES ('c4a2982c-1bdf-4375-be12-500a0b489fd8', 'BIKE-2', 'B2C3D4E5-F6G7-8901-BCDE-234567890123', 'E5F6G7H8-I9J0-1234-EFGH-567890123456', 'COMPLETED', '2024-03-21', '2024-03-24', 3, 200000, 600000, 60000.0, 48000.0, 708000.0, 400000, '2024-03-12 00:00:00');
INSERT INTO motorbike_booking_history (id, booking_id, status, changed_at) VALUES ('8cfc68b8-908a-4ae2-b316-46c6b2f22ce0', 'c4a2982c-1bdf-4375-be12-500a0b489fd8', 'PENDING', '2024-03-12 00:00:00');
INSERT INTO motorbike_booking_history (id, booking_id, status, changed_at) VALUES ('8aa13246-60d6-4cfa-a5cc-296352a7ef5f', 'c4a2982c-1bdf-4375-be12-500a0b489fd8', 'COMPLETED', '2024-03-12 02:00:00');
INSERT INTO motorbike_bookings (id, motorbike_id, renter_id, owner_id, status, start_date, end_date, total_days, price_per_day, base_price, service_fee, taxes, total, deposit, created_at) VALUES ('44f9e14e-6d50-4da8-bda2-74b4a3a6608e', 'BIKE-3', 'C3D4E5F6-G7H8-9012-CDEF-345678901234', 'E5F6G7H8-I9J0-1234-EFGH-567890123456', 'COMPLETED', '2024-01-18', '2024-01-23', 5, 120000, 600000, 60000.0, 48000.0, 708000.0, 240000, '2024-01-13 00:00:00');
INSERT INTO motorbike_booking_history (id, booking_id, status, changed_at) VALUES ('82efa4c0-3a07-462b-8807-4d7999789fc4', '44f9e14e-6d50-4da8-bda2-74b4a3a6608e', 'PENDING', '2024-01-13 00:00:00');
INSERT INTO motorbike_booking_history (id, booking_id, status, changed_at) VALUES ('f2de4dad-1929-45be-9887-7c9b1b250363', '44f9e14e-6d50-4da8-bda2-74b4a3a6608e', 'COMPLETED', '2024-01-13 02:00:00');
INSERT INTO motorbike_bookings (id, motorbike_id, renter_id, owner_id, status, start_date, end_date, total_days, price_per_day, base_price, service_fee, taxes, total, deposit, created_at) VALUES ('9279b4d7-dbb2-4967-aeb6-026df44503ef', 'BIKE-2', 'D4E5F6G7-H8I9-0123-DEFG-456789012345', 'E5F6G7H8-I9J0-1234-EFGH-567890123456', 'COMPLETED', '2024-03-15', '2024-03-17', 2, 200000, 400000, 40000.0, 32000.0, 472000.0, 400000, '2024-03-01 00:00:00');
INSERT INTO motorbike_booking_history (id, booking_id, status, changed_at) VALUES ('d653dd41-0a50-491d-8145-00b289ccb0dd', '9279b4d7-dbb2-4967-aeb6-026df44503ef', 'PENDING', '2024-03-01 00:00:00');
INSERT INTO motorbike_booking_history (id, booking_id, status, changed_at) VALUES ('15f73be8-b41f-410f-843e-fcd0567b6c95', '9279b4d7-dbb2-4967-aeb6-026df44503ef', 'COMPLETED', '2024-03-01 02:00:00');
INSERT INTO motorbike_bookings (id, motorbike_id, renter_id, owner_id, status, start_date, end_date, total_days, price_per_day, base_price, service_fee, taxes, total, deposit, created_at) VALUES ('99fee5cf-9d96-47fb-a6ae-6847042aacf7', 'BIKE-3', 'B2C3D4E5-F6G7-8901-BCDE-234567890123', 'E5F6G7H8-I9J0-1234-EFGH-567890123456', 'COMPLETED', '2023-03-07', '2023-03-12', 5, 120000, 600000, 60000.0, 48000.0, 708000.0, 240000, '2023-03-02 00:00:00');
INSERT INTO motorbike_booking_history (id, booking_id, status, changed_at) VALUES ('8e40f57a-f5b8-4ea0-bc8b-852a89abf82f', '99fee5cf-9d96-47fb-a6ae-6847042aacf7', 'PENDING', '2023-03-02 00:00:00');
INSERT INTO motorbike_booking_history (id, booking_id, status, changed_at) VALUES ('13c7be01-b86b-42ff-9659-f1434a8ba4a6', '99fee5cf-9d96-47fb-a6ae-6847042aacf7', 'COMPLETED', '2023-03-02 02:00:00');
INSERT INTO motorbike_bookings (id, motorbike_id, renter_id, owner_id, status, start_date, end_date, total_days, price_per_day, base_price, service_fee, taxes, total, deposit, created_at) VALUES ('256aa922-77e8-4eca-b545-5e6fc9e1e3ce', 'BIKE-1', 'D4E5F6G7-H8I9-0123-DEFG-456789012345', 'E5F6G7H8-I9J0-1234-EFGH-567890123456', 'CANCELLED', '2023-11-03', '2023-11-12', 9, 150000, 1350000, 135000.0, 108000.0, 1593000.0, 300000, '2023-10-24 00:00:00');
INSERT INTO motorbike_booking_history (id, booking_id, status, changed_at) VALUES ('947ecab6-90ed-4439-85d1-ace9acf76dd2', '256aa922-77e8-4eca-b545-5e6fc9e1e3ce', 'PENDING', '2023-10-24 00:00:00');
INSERT INTO motorbike_booking_history (id, booking_id, status, changed_at) VALUES ('4f27020c-b141-4aed-872d-3ad96b5c3ef3', '256aa922-77e8-4eca-b545-5e6fc9e1e3ce', 'CANCELLED', '2023-10-24 02:00:00');
INSERT INTO motorbike_bookings (id, motorbike_id, renter_id, owner_id, status, start_date, end_date, total_days, price_per_day, base_price, service_fee, taxes, total, deposit, created_at) VALUES ('c71ff9a0-e309-4ec9-8467-e6e5afad2887', 'BIKE-1', 'B2C3D4E5-F6G7-8901-BCDE-234567890123', 'E5F6G7H8-I9J0-1234-EFGH-567890123456', 'COMPLETED', '2024-03-30', '2024-04-06', 7, 150000, 1050000, 105000.0, 84000.0, 1239000.0, 300000, '2024-03-23 00:00:00');
INSERT INTO motorbike_booking_history (id, booking_id, status, changed_at) VALUES ('3df3313b-30de-4360-98e2-b2c969f587a3', 'c71ff9a0-e309-4ec9-8467-e6e5afad2887', 'PENDING', '2024-03-23 00:00:00');
INSERT INTO motorbike_booking_history (id, booking_id, status, changed_at) VALUES ('36475420-0e0e-409f-983e-9d4d94b9edd9', 'c71ff9a0-e309-4ec9-8467-e6e5afad2887', 'COMPLETED', '2024-03-23 02:00:00');
INSERT INTO motorbike_bookings (id, motorbike_id, renter_id, owner_id, status, start_date, end_date, total_days, price_per_day, base_price, service_fee, taxes, total, deposit, created_at) VALUES ('13a8e8a1-1312-452c-9f7c-14a9d9a8a3bc', 'BIKE-3', 'D4E5F6G7-H8I9-0123-DEFG-456789012345', 'E5F6G7H8-I9J0-1234-EFGH-567890123456', 'CANCELLED', '2023-04-20', '2023-04-25', 5, 120000, 600000, 60000.0, 48000.0, 708000.0, 240000, '2023-04-06 00:00:00');
INSERT INTO motorbike_booking_history (id, booking_id, status, changed_at) VALUES ('bef62397-d4ed-4790-8399-e80b0cf1f0da', '13a8e8a1-1312-452c-9f7c-14a9d9a8a3bc', 'PENDING', '2023-04-06 00:00:00');
INSERT INTO motorbike_booking_history (id, booking_id, status, changed_at) VALUES ('5045b797-e130-48e5-ad09-3776d3adde69', '13a8e8a1-1312-452c-9f7c-14a9d9a8a3bc', 'CANCELLED', '2023-04-06 02:00:00');
INSERT INTO motorbike_bookings (id, motorbike_id, renter_id, owner_id, status, start_date, end_date, total_days, price_per_day, base_price, service_fee, taxes, total, deposit, created_at) VALUES ('ae060cff-2e4e-4c0d-b857-45ac88de4ebe', 'BIKE-2', 'C3D4E5F6-G7H8-9012-CDEF-345678901234', 'E5F6G7H8-I9J0-1234-EFGH-567890123456', 'CANCELLED', '2023-09-13', '2023-09-15', 2, 200000, 400000, 40000.0, 32000.0, 472000.0, 400000, '2023-09-03 00:00:00');
INSERT INTO motorbike_booking_history (id, booking_id, status, changed_at) VALUES ('077e1141-43aa-472d-91c6-646c1092522d', 'ae060cff-2e4e-4c0d-b857-45ac88de4ebe', 'PENDING', '2023-09-03 00:00:00');
INSERT INTO motorbike_booking_history (id, booking_id, status, changed_at) VALUES ('0216adde-7801-4b43-96df-e99920044747', 'ae060cff-2e4e-4c0d-b857-45ac88de4ebe', 'CANCELLED', '2023-09-03 02:00:00');
INSERT INTO motorbike_bookings (id, motorbike_id, renter_id, owner_id, status, start_date, end_date, total_days, price_per_day, base_price, service_fee, taxes, total, deposit, created_at) VALUES ('ff2fe0e4-16e0-4a64-ba3a-a15de6a1baba', 'BIKE-2', 'B2C3D4E5-F6G7-8901-BCDE-234567890123', 'E5F6G7H8-I9J0-1234-EFGH-567890123456', 'COMPLETED', '2023-08-07', '2023-08-09', 2, 200000, 400000, 40000.0, 32000.0, 472000.0, 400000, '2023-08-06 00:00:00');
INSERT INTO motorbike_booking_history (id, booking_id, status, changed_at) VALUES ('11db940f-efe6-459e-b5cd-9d72da37ad48', 'ff2fe0e4-16e0-4a64-ba3a-a15de6a1baba', 'PENDING', '2023-08-06 00:00:00');
INSERT INTO motorbike_booking_history (id, booking_id, status, changed_at) VALUES ('44ce3df9-e79b-4f0b-9c13-3abe559ee381', 'ff2fe0e4-16e0-4a64-ba3a-a15de6a1baba', 'COMPLETED', '2023-08-06 02:00:00');
INSERT INTO motorbike_bookings (id, motorbike_id, renter_id, owner_id, status, start_date, end_date, total_days, price_per_day, base_price, service_fee, taxes, total, deposit, created_at) VALUES ('d0a9f782-ebd6-4af1-bdb8-98534c521a2e', 'BIKE-2', 'B2C3D4E5-F6G7-8901-BCDE-234567890123', 'E5F6G7H8-I9J0-1234-EFGH-567890123456', 'CANCELLED', '2023-01-25', '2023-02-03', 9, 200000, 1800000, 180000.0, 144000.0, 2124000.0, 400000, '2023-01-11 00:00:00');
INSERT INTO motorbike_booking_history (id, booking_id, status, changed_at) VALUES ('26c30767-3dd0-4fe3-ba3f-1a14aba0b079', 'd0a9f782-ebd6-4af1-bdb8-98534c521a2e', 'PENDING', '2023-01-11 00:00:00');
INSERT INTO motorbike_booking_history (id, booking_id, status, changed_at) VALUES ('4d1a9a79-b0bb-440d-8340-bc204d65b7f8', 'd0a9f782-ebd6-4af1-bdb8-98534c521a2e', 'CANCELLED', '2023-01-11 02:00:00');
INSERT INTO motorbike_bookings (id, motorbike_id, renter_id, owner_id, status, start_date, end_date, total_days, price_per_day, base_price, service_fee, taxes, total, deposit, created_at) VALUES ('1ff20a33-1b03-4120-bf1e-3e612b0d90eb', 'BIKE-2', 'B2C3D4E5-F6G7-8901-BCDE-234567890123', 'E5F6G7H8-I9J0-1234-EFGH-567890123456', 'COMPLETED', '2023-06-21', '2023-06-28', 7, 200000, 1400000, 140000.0, 112000.0, 1652000.0, 400000, '2023-06-17 00:00:00');
INSERT INTO motorbike_booking_history (id, booking_id, status, changed_at) VALUES ('28d32a29-d678-4e23-beed-2daed18fc1b3', '1ff20a33-1b03-4120-bf1e-3e612b0d90eb', 'PENDING', '2023-06-17 00:00:00');
INSERT INTO motorbike_booking_history (id, booking_id, status, changed_at) VALUES ('71094a29-ef2d-44b9-ab6a-c71f16d0bca8', '1ff20a33-1b03-4120-bf1e-3e612b0d90eb', 'COMPLETED', '2023-06-17 02:00:00');
INSERT INTO motorbike_bookings (id, motorbike_id, renter_id, owner_id, status, start_date, end_date, total_days, price_per_day, base_price, service_fee, taxes, total, deposit, created_at) VALUES ('a08daa5f-bc59-4992-8b24-65c5ccfec64c', 'BIKE-2', 'C3D4E5F6-G7H8-9012-CDEF-345678901234', 'E5F6G7H8-I9J0-1234-EFGH-567890123456', 'COMPLETED', '2023-09-16', '2023-09-25', 9, 200000, 1800000, 180000.0, 144000.0, 2124000.0, 400000, '2023-09-02 00:00:00');
INSERT INTO motorbike_booking_history (id, booking_id, status, changed_at) VALUES ('e3de7cd5-8a48-4f0b-a3eb-d28ddcc54f21', 'a08daa5f-bc59-4992-8b24-65c5ccfec64c', 'PENDING', '2023-09-02 00:00:00');
INSERT INTO motorbike_booking_history (id, booking_id, status, changed_at) VALUES ('724533ba-470d-43c0-a0f6-aa3a037abefc', 'a08daa5f-bc59-4992-8b24-65c5ccfec64c', 'COMPLETED', '2023-09-02 02:00:00');
INSERT INTO motorbike_bookings (id, motorbike_id, renter_id, owner_id, status, start_date, end_date, total_days, price_per_day, base_price, service_fee, taxes, total, deposit, created_at) VALUES ('087c8a76-d98f-4f5d-96f6-d9fa6793681f', 'BIKE-2', 'D4E5F6G7-H8I9-0123-DEFG-456789012345', 'E5F6G7H8-I9J0-1234-EFGH-567890123456', 'COMPLETED', '2024-05-08', '2024-05-16', 8, 200000, 1600000, 160000.0, 128000.0, 1888000.0, 400000, '2024-04-29 00:00:00');
INSERT INTO motorbike_booking_history (id, booking_id, status, changed_at) VALUES ('3f0b3a60-10ab-4b05-a962-676fb8f2a575', '087c8a76-d98f-4f5d-96f6-d9fa6793681f', 'PENDING', '2024-04-29 00:00:00');
INSERT INTO motorbike_booking_history (id, booking_id, status, changed_at) VALUES ('80ffcc8f-096f-4a99-a906-5b51d2c01b14', '087c8a76-d98f-4f5d-96f6-d9fa6793681f', 'COMPLETED', '2024-04-29 02:00:00');
INSERT INTO motorbike_bookings (id, motorbike_id, renter_id, owner_id, status, start_date, end_date, total_days, price_per_day, base_price, service_fee, taxes, total, deposit, created_at) VALUES ('425d5b4d-6f2e-4d6c-9249-81cb6b3bc1d8', 'BIKE-2', 'D4E5F6G7-H8I9-0123-DEFG-456789012345', 'E5F6G7H8-I9J0-1234-EFGH-567890123456', 'COMPLETED', '2024-04-25', '2024-05-04', 9, 200000, 1800000, 180000.0, 144000.0, 2124000.0, 400000, '2024-04-13 00:00:00');
INSERT INTO motorbike_booking_history (id, booking_id, status, changed_at) VALUES ('82da125d-a527-4cac-8844-9a4df1d8e9c9', '425d5b4d-6f2e-4d6c-9249-81cb6b3bc1d8', 'PENDING', '2024-04-13 00:00:00');
INSERT INTO motorbike_booking_history (id, booking_id, status, changed_at) VALUES ('46bba9cf-7533-4994-a6c1-cd6a1e618b2a', '425d5b4d-6f2e-4d6c-9249-81cb6b3bc1d8', 'COMPLETED', '2024-04-13 02:00:00');
INSERT INTO motorbike_bookings (id, motorbike_id, renter_id, owner_id, status, start_date, end_date, total_days, price_per_day, base_price, service_fee, taxes, total, deposit, created_at) VALUES ('cde40c82-0267-449d-81b4-4808df6dbf98', 'BIKE-3', 'C3D4E5F6-G7H8-9012-CDEF-345678901234', 'E5F6G7H8-I9J0-1234-EFGH-567890123456', 'CANCELLED', '2023-09-25', '2023-10-01', 6, 120000, 720000, 72000.0, 57600.0, 849600.0, 240000, '2023-09-11 00:00:00');
INSERT INTO motorbike_booking_history (id, booking_id, status, changed_at) VALUES ('6de42490-6bd1-47c1-80ae-fe205a7033fa', 'cde40c82-0267-449d-81b4-4808df6dbf98', 'PENDING', '2023-09-11 00:00:00');
INSERT INTO motorbike_booking_history (id, booking_id, status, changed_at) VALUES ('7ce725f8-f1e6-45f3-8529-8284899c2e32', 'cde40c82-0267-449d-81b4-4808df6dbf98', 'CANCELLED', '2023-09-11 02:00:00');
INSERT INTO motorbike_bookings (id, motorbike_id, renter_id, owner_id, status, start_date, end_date, total_days, price_per_day, base_price, service_fee, taxes, total, deposit, created_at) VALUES ('b78628dc-f0b6-47bf-85de-04754c656b21', 'BIKE-3', 'D4E5F6G7-H8I9-0123-DEFG-456789012345', 'E5F6G7H8-I9J0-1234-EFGH-567890123456', 'COMPLETED', '2023-06-01', '2023-06-06', 5, 120000, 600000, 60000.0, 48000.0, 708000.0, 240000, '2023-05-23 00:00:00');
INSERT INTO motorbike_booking_history (id, booking_id, status, changed_at) VALUES ('46c80d94-c82c-4e65-8a02-aa23a3e4140d', 'b78628dc-f0b6-47bf-85de-04754c656b21', 'PENDING', '2023-05-23 00:00:00');
INSERT INTO motorbike_booking_history (id, booking_id, status, changed_at) VALUES ('0db88fe5-3728-49dd-b257-6529f56fb82e', 'b78628dc-f0b6-47bf-85de-04754c656b21', 'COMPLETED', '2023-05-23 02:00:00');
INSERT INTO motorbike_bookings (id, motorbike_id, renter_id, owner_id, status, start_date, end_date, total_days, price_per_day, base_price, service_fee, taxes, total, deposit, created_at) VALUES ('cb43fb85-e332-456a-aae7-ca8e4f33fa35', 'BIKE-2', 'D4E5F6G7-H8I9-0123-DEFG-456789012345', 'E5F6G7H8-I9J0-1234-EFGH-567890123456', 'COMPLETED', '2023-02-22', '2023-03-01', 7, 200000, 1400000, 140000.0, 112000.0, 1652000.0, 400000, '2023-02-09 00:00:00');
INSERT INTO motorbike_booking_history (id, booking_id, status, changed_at) VALUES ('a6ae6803-5b1c-4ced-9d7d-900c42de0052', 'cb43fb85-e332-456a-aae7-ca8e4f33fa35', 'PENDING', '2023-02-09 00:00:00');
INSERT INTO motorbike_booking_history (id, booking_id, status, changed_at) VALUES ('69483d16-2b55-4474-a45e-5dd3adb89b0b', 'cb43fb85-e332-456a-aae7-ca8e4f33fa35', 'COMPLETED', '2023-02-09 02:00:00');
INSERT INTO motorbike_bookings (id, motorbike_id, renter_id, owner_id, status, start_date, end_date, total_days, price_per_day, base_price, service_fee, taxes, total, deposit, created_at) VALUES ('589069d1-a18d-4e6d-a7d0-45258d1928a8', 'BIKE-2', 'C3D4E5F6-G7H8-9012-CDEF-345678901234', 'E5F6G7H8-I9J0-1234-EFGH-567890123456', 'CANCELLED', '2023-04-16', '2023-04-19', 3, 200000, 600000, 60000.0, 48000.0, 708000.0, 400000, '2023-04-15 00:00:00');
INSERT INTO motorbike_booking_history (id, booking_id, status, changed_at) VALUES ('87968fca-c610-4f46-81b2-c3a7d087b431', '589069d1-a18d-4e6d-a7d0-45258d1928a8', 'PENDING', '2023-04-15 00:00:00');
INSERT INTO motorbike_booking_history (id, booking_id, status, changed_at) VALUES ('375e4362-0dde-4ca3-a1bc-de3d20b847b3', '589069d1-a18d-4e6d-a7d0-45258d1928a8', 'CANCELLED', '2023-04-15 02:00:00');
INSERT INTO motorbike_bookings (id, motorbike_id, renter_id, owner_id, status, start_date, end_date, total_days, price_per_day, base_price, service_fee, taxes, total, deposit, created_at) VALUES ('4ea4dacf-39ea-4d0c-b1dd-b8550cc91a55', 'BIKE-3', 'D4E5F6G7-H8I9-0123-DEFG-456789012345', 'E5F6G7H8-I9J0-1234-EFGH-567890123456', 'COMPLETED', '2024-03-01', '2024-03-03', 2, 120000, 240000, 24000.0, 19200.0, 283200.0, 240000, '2024-02-28 00:00:00');
INSERT INTO motorbike_booking_history (id, booking_id, status, changed_at) VALUES ('cfb13543-d888-47f8-a2eb-d8d326c50ddd', '4ea4dacf-39ea-4d0c-b1dd-b8550cc91a55', 'PENDING', '2024-02-28 00:00:00');
INSERT INTO motorbike_booking_history (id, booking_id, status, changed_at) VALUES ('5da1b126-a54f-48bd-a830-7d6547d1b459', '4ea4dacf-39ea-4d0c-b1dd-b8550cc91a55', 'COMPLETED', '2024-02-28 02:00:00');
INSERT INTO motorbike_bookings (id, motorbike_id, renter_id, owner_id, status, start_date, end_date, total_days, price_per_day, base_price, service_fee, taxes, total, deposit, created_at) VALUES ('b80239ec-f58a-4d61-8524-a1f28780f6a2', 'BIKE-1', 'D4E5F6G7-H8I9-0123-DEFG-456789012345', 'E5F6G7H8-I9J0-1234-EFGH-567890123456', 'CANCELLED', '2024-01-01', '2024-01-06', 5, 150000, 750000, 75000.0, 60000.0, 885000.0, 300000, '2023-12-29 00:00:00');
INSERT INTO motorbike_booking_history (id, booking_id, status, changed_at) VALUES ('a3897c0f-72fe-4c0a-a59f-9d096d91c598', 'b80239ec-f58a-4d61-8524-a1f28780f6a2', 'PENDING', '2023-12-29 00:00:00');
INSERT INTO motorbike_booking_history (id, booking_id, status, changed_at) VALUES ('c5e02eeb-efb2-4bf3-b49e-e684d55eba33', 'b80239ec-f58a-4d61-8524-a1f28780f6a2', 'CANCELLED', '2023-12-29 02:00:00');
INSERT INTO motorbike_bookings (id, motorbike_id, renter_id, owner_id, status, start_date, end_date, total_days, price_per_day, base_price, service_fee, taxes, total, deposit, created_at) VALUES ('3d8f2241-3b08-4e1a-96b0-7774d1214e80', 'BIKE-3', 'D4E5F6G7-H8I9-0123-DEFG-456789012345', 'E5F6G7H8-I9J0-1234-EFGH-567890123456', 'COMPLETED', '2023-05-19', '2023-05-29', 10, 120000, 1200000, 120000.0, 96000.0, 1416000.0, 240000, '2023-05-17 00:00:00');
INSERT INTO motorbike_booking_history (id, booking_id, status, changed_at) VALUES ('9948d3d5-a2b3-4e3e-8d4a-f0452026bbeb', '3d8f2241-3b08-4e1a-96b0-7774d1214e80', 'PENDING', '2023-05-17 00:00:00');
INSERT INTO motorbike_booking_history (id, booking_id, status, changed_at) VALUES ('579fad99-f3c8-4e84-abdc-d0c193c9e288', '3d8f2241-3b08-4e1a-96b0-7774d1214e80', 'COMPLETED', '2023-05-17 02:00:00');
INSERT INTO motorbike_bookings (id, motorbike_id, renter_id, owner_id, status, start_date, end_date, total_days, price_per_day, base_price, service_fee, taxes, total, deposit, created_at) VALUES ('d4adf4a4-256a-4f8d-965f-3d285f933e0c', 'BIKE-1', 'B2C3D4E5-F6G7-8901-BCDE-234567890123', 'E5F6G7H8-I9J0-1234-EFGH-567890123456', 'COMPLETED', '2023-02-28', '2023-03-06', 6, 150000, 900000, 90000.0, 72000.0, 1062000.0, 300000, '2023-02-22 00:00:00');
INSERT INTO motorbike_booking_history (id, booking_id, status, changed_at) VALUES ('db6a1405-04b2-4009-be30-defde98cdb0b', 'd4adf4a4-256a-4f8d-965f-3d285f933e0c', 'PENDING', '2023-02-22 00:00:00');
INSERT INTO motorbike_booking_history (id, booking_id, status, changed_at) VALUES ('0c3b0ce3-0eb7-48f9-b3b5-0ee232b99b70', 'd4adf4a4-256a-4f8d-965f-3d285f933e0c', 'COMPLETED', '2023-02-22 02:00:00');
INSERT INTO motorbike_bookings (id, motorbike_id, renter_id, owner_id, status, start_date, end_date, total_days, price_per_day, base_price, service_fee, taxes, total, deposit, created_at) VALUES ('1633f848-9e2b-4400-abf1-d2129fdc1d3c', 'BIKE-2', 'C3D4E5F6-G7H8-9012-CDEF-345678901234', 'E5F6G7H8-I9J0-1234-EFGH-567890123456', 'CANCELLED', '2023-05-26', '2023-05-29', 3, 200000, 600000, 60000.0, 48000.0, 708000.0, 400000, '2023-05-12 00:00:00');
INSERT INTO motorbike_booking_history (id, booking_id, status, changed_at) VALUES ('326acf7f-71cc-46c2-9372-313fb034920b', '1633f848-9e2b-4400-abf1-d2129fdc1d3c', 'PENDING', '2023-05-12 00:00:00');
INSERT INTO motorbike_booking_history (id, booking_id, status, changed_at) VALUES ('248ce720-04b2-4133-82d4-68f8872a1a97', '1633f848-9e2b-4400-abf1-d2129fdc1d3c', 'CANCELLED', '2023-05-12 02:00:00');
INSERT INTO motorbike_bookings (id, motorbike_id, renter_id, owner_id, status, start_date, end_date, total_days, price_per_day, base_price, service_fee, taxes, total, deposit, created_at) VALUES ('c3a24be8-2808-4af5-935a-5e1a60db81af', 'BIKE-1', 'D4E5F6G7-H8I9-0123-DEFG-456789012345', 'E5F6G7H8-I9J0-1234-EFGH-567890123456', 'COMPLETED', '2024-02-19', '2024-02-29', 10, 150000, 1500000, 150000.0, 120000.0, 1770000.0, 300000, '2024-02-16 00:00:00');
INSERT INTO motorbike_booking_history (id, booking_id, status, changed_at) VALUES ('c0688b82-02a5-49af-860b-d85b98f2c5df', 'c3a24be8-2808-4af5-935a-5e1a60db81af', 'PENDING', '2024-02-16 00:00:00');
INSERT INTO motorbike_booking_history (id, booking_id, status, changed_at) VALUES ('faa803d9-523c-4de3-ad30-e6190a9f0c05', 'c3a24be8-2808-4af5-935a-5e1a60db81af', 'COMPLETED', '2024-02-16 02:00:00');
INSERT INTO motorbike_bookings (id, motorbike_id, renter_id, owner_id, status, start_date, end_date, total_days, price_per_day, base_price, service_fee, taxes, total, deposit, created_at) VALUES ('8648136a-7298-45c7-9c92-77fcb3c91c56', 'BIKE-2', 'C3D4E5F6-G7H8-9012-CDEF-345678901234', 'E5F6G7H8-I9J0-1234-EFGH-567890123456', 'COMPLETED', '2024-04-12', '2024-04-15', 3, 200000, 600000, 60000.0, 48000.0, 708000.0, 400000, '2024-04-01 00:00:00');
INSERT INTO motorbike_booking_history (id, booking_id, status, changed_at) VALUES ('41cb0f2c-3f84-457a-866b-abb1c3a3f0f7', '8648136a-7298-45c7-9c92-77fcb3c91c56', 'PENDING', '2024-04-01 00:00:00');
INSERT INTO motorbike_booking_history (id, booking_id, status, changed_at) VALUES ('1865ea5b-487f-4b21-8168-762cd6a71f2c', '8648136a-7298-45c7-9c92-77fcb3c91c56', 'COMPLETED', '2024-04-01 02:00:00');
INSERT INTO motorbike_bookings (id, motorbike_id, renter_id, owner_id, status, start_date, end_date, total_days, price_per_day, base_price, service_fee, taxes, total, deposit, created_at) VALUES ('84a01729-368f-4bd7-8fb4-05b6bdacb4d9', 'BIKE-1', 'B2C3D4E5-F6G7-8901-BCDE-234567890123', 'E5F6G7H8-I9J0-1234-EFGH-567890123456', 'COMPLETED', '2024-02-10', '2024-02-11', 1, 150000, 150000, 15000.0, 12000.0, 177000.0, 300000, '2024-02-07 00:00:00');
INSERT INTO motorbike_booking_history (id, booking_id, status, changed_at) VALUES ('738d3f9e-9856-468c-b324-109f417a986b', '84a01729-368f-4bd7-8fb4-05b6bdacb4d9', 'PENDING', '2024-02-07 00:00:00');
INSERT INTO motorbike_booking_history (id, booking_id, status, changed_at) VALUES ('01c487d2-588a-4f0b-86ce-3572264e36c2', '84a01729-368f-4bd7-8fb4-05b6bdacb4d9', 'COMPLETED', '2024-02-07 02:00:00');
INSERT INTO motorbike_bookings (id, motorbike_id, renter_id, owner_id, status, start_date, end_date, total_days, price_per_day, base_price, service_fee, taxes, total, deposit, created_at) VALUES ('8639635c-8598-4602-a1fb-716e3f10d74f', 'BIKE-1', 'B2C3D4E5-F6G7-8901-BCDE-234567890123', 'E5F6G7H8-I9J0-1234-EFGH-567890123456', 'COMPLETED', '2024-04-15', '2024-04-25', 10, 150000, 1500000, 150000.0, 120000.0, 1770000.0, 300000, '2024-04-05 00:00:00');
INSERT INTO motorbike_booking_history (id, booking_id, status, changed_at) VALUES ('f7f5c1a1-c242-4a00-970b-bc91e3e1cb28', '8639635c-8598-4602-a1fb-716e3f10d74f', 'PENDING', '2024-04-05 00:00:00');
INSERT INTO motorbike_booking_history (id, booking_id, status, changed_at) VALUES ('908ea5f7-f2fe-4579-b34c-8ed373ee1a10', '8639635c-8598-4602-a1fb-716e3f10d74f', 'COMPLETED', '2024-04-05 02:00:00');
INSERT INTO motorbike_bookings (id, motorbike_id, renter_id, owner_id, status, start_date, end_date, total_days, price_per_day, base_price, service_fee, taxes, total, deposit, created_at) VALUES ('bc7ba0e2-7906-4fc8-b413-87d9145f1c20', 'BIKE-1', 'B2C3D4E5-F6G7-8901-BCDE-234567890123', 'E5F6G7H8-I9J0-1234-EFGH-567890123456', 'COMPLETED', '2023-05-06', '2023-05-11', 5, 150000, 750000, 75000.0, 60000.0, 885000.0, 300000, '2023-05-04 00:00:00');
INSERT INTO motorbike_booking_history (id, booking_id, status, changed_at) VALUES ('d846ee73-4e36-40b1-9175-cea00988884c', 'bc7ba0e2-7906-4fc8-b413-87d9145f1c20', 'PENDING', '2023-05-04 00:00:00');
INSERT INTO motorbike_booking_history (id, booking_id, status, changed_at) VALUES ('aebdd488-fcac-442e-b6ce-0ff62800471e', 'bc7ba0e2-7906-4fc8-b413-87d9145f1c20', 'COMPLETED', '2023-05-04 02:00:00');
INSERT INTO motorbike_bookings (id, motorbike_id, renter_id, owner_id, status, start_date, end_date, total_days, price_per_day, base_price, service_fee, taxes, total, deposit, created_at) VALUES ('4390387e-a772-415d-bcdd-ba6e5c694eb4', 'BIKE-3', 'B2C3D4E5-F6G7-8901-BCDE-234567890123', 'E5F6G7H8-I9J0-1234-EFGH-567890123456', 'COMPLETED', '2023-05-21', '2023-05-30', 9, 120000, 1080000, 108000.0, 86400.0, 1274400.0, 240000, '2023-05-11 00:00:00');
INSERT INTO motorbike_booking_history (id, booking_id, status, changed_at) VALUES ('5121d87d-59d7-4d46-bf92-850977ecb0f2', '4390387e-a772-415d-bcdd-ba6e5c694eb4', 'PENDING', '2023-05-11 00:00:00');
INSERT INTO motorbike_booking_history (id, booking_id, status, changed_at) VALUES ('ef5c9643-3bd1-4add-ba14-33880c784b1c', '4390387e-a772-415d-bcdd-ba6e5c694eb4', 'COMPLETED', '2023-05-11 02:00:00');
INSERT INTO motorbike_bookings (id, motorbike_id, renter_id, owner_id, status, start_date, end_date, total_days, price_per_day, base_price, service_fee, taxes, total, deposit, created_at) VALUES ('079aaba0-ec0d-486a-b4c2-326f380cac49', 'BIKE-2', 'C3D4E5F6-G7H8-9012-CDEF-345678901234', 'E5F6G7H8-I9J0-1234-EFGH-567890123456', 'COMPLETED', '2023-08-25', '2023-08-28', 3, 200000, 600000, 60000.0, 48000.0, 708000.0, 400000, '2023-08-21 00:00:00');
INSERT INTO motorbike_booking_history (id, booking_id, status, changed_at) VALUES ('c11e4ea9-9456-46cf-ae44-332a1d4b4221', '079aaba0-ec0d-486a-b4c2-326f380cac49', 'PENDING', '2023-08-21 00:00:00');
INSERT INTO motorbike_booking_history (id, booking_id, status, changed_at) VALUES ('651c3adc-6ec5-4891-9f78-e2052b3d01e6', '079aaba0-ec0d-486a-b4c2-326f380cac49', 'COMPLETED', '2023-08-21 02:00:00');
INSERT INTO motorbike_bookings (id, motorbike_id, renter_id, owner_id, status, start_date, end_date, total_days, price_per_day, base_price, service_fee, taxes, total, deposit, created_at) VALUES ('7e3622d4-e017-4a1d-b448-ef09cdca65e1', 'BIKE-2', 'B2C3D4E5-F6G7-8901-BCDE-234567890123', 'E5F6G7H8-I9J0-1234-EFGH-567890123456', 'COMPLETED', '2023-05-01', '2023-05-08', 7, 200000, 1400000, 140000.0, 112000.0, 1652000.0, 400000, '2023-04-26 00:00:00');
INSERT INTO motorbike_booking_history (id, booking_id, status, changed_at) VALUES ('a59a64e9-b50e-4b4d-85e9-9450d7632242', '7e3622d4-e017-4a1d-b448-ef09cdca65e1', 'PENDING', '2023-04-26 00:00:00');
INSERT INTO motorbike_booking_history (id, booking_id, status, changed_at) VALUES ('bdafad3c-dcc4-49d5-9f17-efed69e59033', '7e3622d4-e017-4a1d-b448-ef09cdca65e1', 'COMPLETED', '2023-04-26 02:00:00');
INSERT INTO motorbike_bookings (id, motorbike_id, renter_id, owner_id, status, start_date, end_date, total_days, price_per_day, base_price, service_fee, taxes, total, deposit, created_at) VALUES ('453c441d-7872-4727-8d7e-59645c5e036e', 'BIKE-2', 'D4E5F6G7-H8I9-0123-DEFG-456789012345', 'E5F6G7H8-I9J0-1234-EFGH-567890123456', 'COMPLETED', '2023-08-14', '2023-08-15', 1, 200000, 200000, 20000.0, 16000.0, 236000.0, 400000, '2023-08-10 00:00:00');
INSERT INTO motorbike_booking_history (id, booking_id, status, changed_at) VALUES ('6d05cd59-2ef3-4ef2-8fa4-2e74092a2d19', '453c441d-7872-4727-8d7e-59645c5e036e', 'PENDING', '2023-08-10 00:00:00');
INSERT INTO motorbike_booking_history (id, booking_id, status, changed_at) VALUES ('6a4cba0a-d547-4d39-84ac-0815dabce624', '453c441d-7872-4727-8d7e-59645c5e036e', 'COMPLETED', '2023-08-10 02:00:00');
INSERT INTO motorbike_bookings (id, motorbike_id, renter_id, owner_id, status, start_date, end_date, total_days, price_per_day, base_price, service_fee, taxes, total, deposit, created_at) VALUES ('571593a4-6540-4edd-a08c-508888f24ab6', 'BIKE-1', 'D4E5F6G7-H8I9-0123-DEFG-456789012345', 'E5F6G7H8-I9J0-1234-EFGH-567890123456', 'COMPLETED', '2023-05-23', '2023-05-25', 2, 150000, 300000, 30000.0, 24000.0, 354000.0, 300000, '2023-05-13 00:00:00');
INSERT INTO motorbike_booking_history (id, booking_id, status, changed_at) VALUES ('d6481df2-10c3-44a9-8ec8-9b3f2baa5016', '571593a4-6540-4edd-a08c-508888f24ab6', 'PENDING', '2023-05-13 00:00:00');
INSERT INTO motorbike_booking_history (id, booking_id, status, changed_at) VALUES ('58f88df6-61b0-44b7-820c-32c2cc271a48', '571593a4-6540-4edd-a08c-508888f24ab6', 'COMPLETED', '2023-05-13 02:00:00');
INSERT INTO motorbike_bookings (id, motorbike_id, renter_id, owner_id, status, start_date, end_date, total_days, price_per_day, base_price, service_fee, taxes, total, deposit, created_at) VALUES ('8a774904-39b1-4afa-9174-18c646100075', 'BIKE-1', 'D4E5F6G7-H8I9-0123-DEFG-456789012345', 'E5F6G7H8-I9J0-1234-EFGH-567890123456', 'CANCELLED', '2024-03-27', '2024-04-05', 9, 150000, 1350000, 135000.0, 108000.0, 1593000.0, 300000, '2024-03-26 00:00:00');
INSERT INTO motorbike_booking_history (id, booking_id, status, changed_at) VALUES ('909e96a6-8015-48c4-a458-714cc46a59b4', '8a774904-39b1-4afa-9174-18c646100075', 'PENDING', '2024-03-26 00:00:00');
INSERT INTO motorbike_booking_history (id, booking_id, status, changed_at) VALUES ('5e68a890-ce09-40cc-9551-dfd119927b05', '8a774904-39b1-4afa-9174-18c646100075', 'CANCELLED', '2024-03-26 02:00:00');
INSERT INTO motorbike_bookings (id, motorbike_id, renter_id, owner_id, status, start_date, end_date, total_days, price_per_day, base_price, service_fee, taxes, total, deposit, created_at) VALUES ('cd01a8cf-1f8b-4313-b601-b3643290889a', 'BIKE-3', 'B2C3D4E5-F6G7-8901-BCDE-234567890123', 'E5F6G7H8-I9J0-1234-EFGH-567890123456', 'COMPLETED', '2023-04-14', '2023-04-24', 10, 120000, 1200000, 120000.0, 96000.0, 1416000.0, 240000, '2023-04-05 00:00:00');
INSERT INTO motorbike_booking_history (id, booking_id, status, changed_at) VALUES ('9601744d-48be-4141-a89c-22d872982c12', 'cd01a8cf-1f8b-4313-b601-b3643290889a', 'PENDING', '2023-04-05 00:00:00');
INSERT INTO motorbike_booking_history (id, booking_id, status, changed_at) VALUES ('57657215-7c41-4496-9225-f7d3eccd980f', 'cd01a8cf-1f8b-4313-b601-b3643290889a', 'COMPLETED', '2023-04-05 02:00:00');
INSERT INTO motorbike_bookings (id, motorbike_id, renter_id, owner_id, status, start_date, end_date, total_days, price_per_day, base_price, service_fee, taxes, total, deposit, created_at) VALUES ('36641278-3752-4391-a937-5b5d6cd6775d', 'BIKE-3', 'C3D4E5F6-G7H8-9012-CDEF-345678901234', 'E5F6G7H8-I9J0-1234-EFGH-567890123456', 'COMPLETED', '2024-01-29', '2024-02-04', 6, 120000, 720000, 72000.0, 57600.0, 849600.0, 240000, '2024-01-22 00:00:00');
INSERT INTO motorbike_booking_history (id, booking_id, status, changed_at) VALUES ('f043e519-1bda-4f3b-8ab8-4c929d70222e', '36641278-3752-4391-a937-5b5d6cd6775d', 'PENDING', '2024-01-22 00:00:00');
INSERT INTO motorbike_booking_history (id, booking_id, status, changed_at) VALUES ('b695a24f-3614-40ba-9aac-94d6a8d42144', '36641278-3752-4391-a937-5b5d6cd6775d', 'COMPLETED', '2024-01-22 02:00:00');
INSERT INTO motorbike_bookings (id, motorbike_id, renter_id, owner_id, status, start_date, end_date, total_days, price_per_day, base_price, service_fee, taxes, total, deposit, created_at) VALUES ('23745840-22df-4670-aed9-095ceafd4901', 'BIKE-1', 'C3D4E5F6-G7H8-9012-CDEF-345678901234', 'E5F6G7H8-I9J0-1234-EFGH-567890123456', 'COMPLETED', '2023-08-10', '2023-08-12', 2, 150000, 300000, 30000.0, 24000.0, 354000.0, 300000, '2023-07-27 00:00:00');
INSERT INTO motorbike_booking_history (id, booking_id, status, changed_at) VALUES ('52b37885-12a1-45f2-988e-cd930c53efad', '23745840-22df-4670-aed9-095ceafd4901', 'PENDING', '2023-07-27 00:00:00');
INSERT INTO motorbike_booking_history (id, booking_id, status, changed_at) VALUES ('b82c2239-26c6-4e9f-a769-32d2908ae45c', '23745840-22df-4670-aed9-095ceafd4901', 'COMPLETED', '2023-07-27 02:00:00');
INSERT INTO motorbike_bookings (id, motorbike_id, renter_id, owner_id, status, start_date, end_date, total_days, price_per_day, base_price, service_fee, taxes, total, deposit, created_at) VALUES ('8a6e8e49-90e7-4ff3-ad97-5af8c6d4abec', 'BIKE-1', 'D4E5F6G7-H8I9-0123-DEFG-456789012345', 'E5F6G7H8-I9J0-1234-EFGH-567890123456', 'COMPLETED', '2024-03-12', '2024-03-17', 5, 150000, 750000, 75000.0, 60000.0, 885000.0, 300000, '2024-02-29 00:00:00');
INSERT INTO motorbike_booking_history (id, booking_id, status, changed_at) VALUES ('059b26be-6029-4e72-b06f-8595d87f8ea2', '8a6e8e49-90e7-4ff3-ad97-5af8c6d4abec', 'PENDING', '2024-02-29 00:00:00');
INSERT INTO motorbike_booking_history (id, booking_id, status, changed_at) VALUES ('8ba90f87-fd82-4987-8a1c-9911ec39b7d6', '8a6e8e49-90e7-4ff3-ad97-5af8c6d4abec', 'COMPLETED', '2024-02-29 02:00:00');
INSERT INTO motorbike_bookings (id, motorbike_id, renter_id, owner_id, status, start_date, end_date, total_days, price_per_day, base_price, service_fee, taxes, total, deposit, created_at) VALUES ('6d72ffb0-0585-4775-aefb-573fb5e91452', 'BIKE-3', 'C3D4E5F6-G7H8-9012-CDEF-345678901234', 'E5F6G7H8-I9J0-1234-EFGH-567890123456', 'COMPLETED', '2023-10-29', '2023-11-08', 10, 120000, 1200000, 120000.0, 96000.0, 1416000.0, 240000, '2023-10-19 00:00:00');
INSERT INTO motorbike_booking_history (id, booking_id, status, changed_at) VALUES ('cf2fee89-1815-4d8c-98aa-fba31fac1e79', '6d72ffb0-0585-4775-aefb-573fb5e91452', 'PENDING', '2023-10-19 00:00:00');
INSERT INTO motorbike_booking_history (id, booking_id, status, changed_at) VALUES ('fb13c5a8-e88f-4567-919c-502073304ae0', '6d72ffb0-0585-4775-aefb-573fb5e91452', 'COMPLETED', '2023-10-19 02:00:00');
INSERT INTO motorbike_bookings (id, motorbike_id, renter_id, owner_id, status, start_date, end_date, total_days, price_per_day, base_price, service_fee, taxes, total, deposit, created_at) VALUES ('6e5b2daf-e9a3-4ce6-84a1-7c2ac4b2edca', 'BIKE-3', 'C3D4E5F6-G7H8-9012-CDEF-345678901234', 'E5F6G7H8-I9J0-1234-EFGH-567890123456', 'COMPLETED', '2024-01-31', '2024-02-04', 4, 120000, 480000, 48000.0, 38400.0, 566400.0, 240000, '2024-01-24 00:00:00');
INSERT INTO motorbike_booking_history (id, booking_id, status, changed_at) VALUES ('2ffc3776-b09d-4374-b341-9559ba7e04e4', '6e5b2daf-e9a3-4ce6-84a1-7c2ac4b2edca', 'PENDING', '2024-01-24 00:00:00');
INSERT INTO motorbike_booking_history (id, booking_id, status, changed_at) VALUES ('ef2a03e3-082b-4e4d-8663-7373e4aa926e', '6e5b2daf-e9a3-4ce6-84a1-7c2ac4b2edca', 'COMPLETED', '2024-01-24 02:00:00');
INSERT INTO motorbike_bookings (id, motorbike_id, renter_id, owner_id, status, start_date, end_date, total_days, price_per_day, base_price, service_fee, taxes, total, deposit, created_at) VALUES ('ef211b15-01a9-4229-bbd8-f79041dbf632', 'BIKE-3', 'C3D4E5F6-G7H8-9012-CDEF-345678901234', 'E5F6G7H8-I9J0-1234-EFGH-567890123456', 'CANCELLED', '2023-02-26', '2023-03-03', 5, 120000, 600000, 60000.0, 48000.0, 708000.0, 240000, '2023-02-18 00:00:00');
INSERT INTO motorbike_booking_history (id, booking_id, status, changed_at) VALUES ('5ec0bfae-ad15-46bc-a272-6c8ee9ce1c0d', 'ef211b15-01a9-4229-bbd8-f79041dbf632', 'PENDING', '2023-02-18 00:00:00');
INSERT INTO motorbike_booking_history (id, booking_id, status, changed_at) VALUES ('97f4f8a5-0f83-4ae5-8426-42453f5bbd80', 'ef211b15-01a9-4229-bbd8-f79041dbf632', 'CANCELLED', '2023-02-18 02:00:00');
INSERT INTO motorbike_bookings (id, motorbike_id, renter_id, owner_id, status, start_date, end_date, total_days, price_per_day, base_price, service_fee, taxes, total, deposit, created_at) VALUES ('f07cccaf-5729-46de-8ac7-bd515b50f866', 'BIKE-3', 'C3D4E5F6-G7H8-9012-CDEF-345678901234', 'E5F6G7H8-I9J0-1234-EFGH-567890123456', 'CANCELLED', '2023-05-30', '2023-06-02', 3, 120000, 360000, 36000.0, 28800.0, 424800.0, 240000, '2023-05-19 00:00:00');
INSERT INTO motorbike_booking_history (id, booking_id, status, changed_at) VALUES ('9172455e-7df4-473e-aaad-b440debbd653', 'f07cccaf-5729-46de-8ac7-bd515b50f866', 'PENDING', '2023-05-19 00:00:00');
INSERT INTO motorbike_booking_history (id, booking_id, status, changed_at) VALUES ('0d2daf39-5172-4dcb-93bd-0e454527c851', 'f07cccaf-5729-46de-8ac7-bd515b50f866', 'CANCELLED', '2023-05-19 02:00:00');
INSERT INTO motorbike_bookings (id, motorbike_id, renter_id, owner_id, status, start_date, end_date, total_days, price_per_day, base_price, service_fee, taxes, total, deposit, created_at) VALUES ('9b91e915-1f5b-436e-b027-3e59019b7da4', 'BIKE-1', 'D4E5F6G7-H8I9-0123-DEFG-456789012345', 'E5F6G7H8-I9J0-1234-EFGH-567890123456', 'COMPLETED', '2023-11-25', '2023-11-29', 4, 150000, 600000, 60000.0, 48000.0, 708000.0, 300000, '2023-11-16 00:00:00');
INSERT INTO motorbike_booking_history (id, booking_id, status, changed_at) VALUES ('49667a07-e006-4b87-96d9-7fe17fd5964f', '9b91e915-1f5b-436e-b027-3e59019b7da4', 'PENDING', '2023-11-16 00:00:00');
INSERT INTO motorbike_booking_history (id, booking_id, status, changed_at) VALUES ('9fca0c30-c31b-49a1-abaf-41c8239568af', '9b91e915-1f5b-436e-b027-3e59019b7da4', 'COMPLETED', '2023-11-16 02:00:00');
INSERT INTO motorbike_bookings (id, motorbike_id, renter_id, owner_id, status, start_date, end_date, total_days, price_per_day, base_price, service_fee, taxes, total, deposit, created_at) VALUES ('19e5908b-bbea-4111-be5b-d70d444ae8c6', 'BIKE-2', 'D4E5F6G7-H8I9-0123-DEFG-456789012345', 'E5F6G7H8-I9J0-1234-EFGH-567890123456', 'COMPLETED', '2023-04-22', '2023-04-28', 6, 200000, 1200000, 120000.0, 96000.0, 1416000.0, 400000, '2023-04-18 00:00:00');
INSERT INTO motorbike_booking_history (id, booking_id, status, changed_at) VALUES ('89f5771f-9c76-4325-b33a-c8fc6d1b3a62', '19e5908b-bbea-4111-be5b-d70d444ae8c6', 'PENDING', '2023-04-18 00:00:00');
INSERT INTO motorbike_booking_history (id, booking_id, status, changed_at) VALUES ('91e5363f-16d0-4513-a714-44ae88d428f8', '19e5908b-bbea-4111-be5b-d70d444ae8c6', 'COMPLETED', '2023-04-18 02:00:00');
INSERT INTO motorbike_bookings (id, motorbike_id, renter_id, owner_id, status, start_date, end_date, total_days, price_per_day, base_price, service_fee, taxes, total, deposit, created_at) VALUES ('6dbec01d-d9a4-43bb-91b0-e05faf205138', 'BIKE-3', 'B2C3D4E5-F6G7-8901-BCDE-234567890123', 'E5F6G7H8-I9J0-1234-EFGH-567890123456', 'CANCELLED', '2023-05-15', '2023-05-21', 6, 120000, 720000, 72000.0, 57600.0, 849600.0, 240000, '2023-05-02 00:00:00');
INSERT INTO motorbike_booking_history (id, booking_id, status, changed_at) VALUES ('9585cab3-a4a7-4e1a-a1fb-34a288012d61', '6dbec01d-d9a4-43bb-91b0-e05faf205138', 'PENDING', '2023-05-02 00:00:00');
INSERT INTO motorbike_booking_history (id, booking_id, status, changed_at) VALUES ('5da04c16-27ce-45d7-8184-b610ce5057d8', '6dbec01d-d9a4-43bb-91b0-e05faf205138', 'CANCELLED', '2023-05-02 02:00:00');
INSERT INTO motorbike_bookings (id, motorbike_id, renter_id, owner_id, status, start_date, end_date, total_days, price_per_day, base_price, service_fee, taxes, total, deposit, created_at) VALUES ('3df439b5-b541-4a29-b8b1-9622540aad6f', 'BIKE-1', 'B2C3D4E5-F6G7-8901-BCDE-234567890123', 'E5F6G7H8-I9J0-1234-EFGH-567890123456', 'COMPLETED', '2023-07-14', '2023-07-15', 1, 150000, 150000, 15000.0, 12000.0, 177000.0, 300000, '2023-07-05 00:00:00');
INSERT INTO motorbike_booking_history (id, booking_id, status, changed_at) VALUES ('b70186fe-d84a-4443-9a24-0ec2fbbc1bc8', '3df439b5-b541-4a29-b8b1-9622540aad6f', 'PENDING', '2023-07-05 00:00:00');
INSERT INTO motorbike_booking_history (id, booking_id, status, changed_at) VALUES ('7c14183c-1dce-4f63-b0f9-a24ac28e25e3', '3df439b5-b541-4a29-b8b1-9622540aad6f', 'COMPLETED', '2023-07-05 02:00:00');
INSERT INTO motorbike_bookings (id, motorbike_id, renter_id, owner_id, status, start_date, end_date, total_days, price_per_day, base_price, service_fee, taxes, total, deposit, created_at) VALUES ('4c18568e-936a-48ea-92ca-632a2d8833a3', 'BIKE-2', 'C3D4E5F6-G7H8-9012-CDEF-345678901234', 'E5F6G7H8-I9J0-1234-EFGH-567890123456', 'CANCELLED', '2023-12-07', '2023-12-13', 6, 200000, 1200000, 120000.0, 96000.0, 1416000.0, 400000, '2023-12-05 00:00:00');
INSERT INTO motorbike_booking_history (id, booking_id, status, changed_at) VALUES ('71ea85c1-c931-4f94-8af2-25c2ecb76095', '4c18568e-936a-48ea-92ca-632a2d8833a3', 'PENDING', '2023-12-05 00:00:00');
INSERT INTO motorbike_booking_history (id, booking_id, status, changed_at) VALUES ('350d3e98-1655-4a78-984e-027d43ba57cf', '4c18568e-936a-48ea-92ca-632a2d8833a3', 'CANCELLED', '2023-12-05 02:00:00');
INSERT INTO motorbike_bookings (id, motorbike_id, renter_id, owner_id, status, start_date, end_date, total_days, price_per_day, base_price, service_fee, taxes, total, deposit, created_at) VALUES ('e731e16e-3d38-4cc5-810b-4fac38b4f312', 'BIKE-2', 'B2C3D4E5-F6G7-8901-BCDE-234567890123', 'E5F6G7H8-I9J0-1234-EFGH-567890123456', 'COMPLETED', '2024-04-29', '2024-05-06', 7, 200000, 1400000, 140000.0, 112000.0, 1652000.0, 400000, '2024-04-24 00:00:00');
INSERT INTO motorbike_booking_history (id, booking_id, status, changed_at) VALUES ('c94bd07f-320b-4624-bce1-4dfefc7f9ecf', 'e731e16e-3d38-4cc5-810b-4fac38b4f312', 'PENDING', '2024-04-24 00:00:00');
INSERT INTO motorbike_booking_history (id, booking_id, status, changed_at) VALUES ('b2311383-2a0f-43ae-b4d3-f6e53befb75d', 'e731e16e-3d38-4cc5-810b-4fac38b4f312', 'COMPLETED', '2024-04-24 02:00:00');
INSERT INTO motorbike_bookings (id, motorbike_id, renter_id, owner_id, status, start_date, end_date, total_days, price_per_day, base_price, service_fee, taxes, total, deposit, created_at) VALUES ('7ae4bae9-ac69-4f4c-bad5-2c3fd5c1f7c5', 'BIKE-1', 'B2C3D4E5-F6G7-8901-BCDE-234567890123', 'E5F6G7H8-I9J0-1234-EFGH-567890123456', 'COMPLETED', '2023-02-22', '2023-02-25', 3, 150000, 450000, 45000.0, 36000.0, 531000.0, 300000, '2023-02-11 00:00:00');
INSERT INTO motorbike_booking_history (id, booking_id, status, changed_at) VALUES ('85fdbde6-ff2c-4ad5-9ff9-336298b7b3c0', '7ae4bae9-ac69-4f4c-bad5-2c3fd5c1f7c5', 'PENDING', '2023-02-11 00:00:00');
INSERT INTO motorbike_booking_history (id, booking_id, status, changed_at) VALUES ('4d97d4e6-09f3-4c91-a30f-73ab679ef4fb', '7ae4bae9-ac69-4f4c-bad5-2c3fd5c1f7c5', 'COMPLETED', '2023-02-11 02:00:00');
INSERT INTO motorbike_bookings (id, motorbike_id, renter_id, owner_id, status, start_date, end_date, total_days, price_per_day, base_price, service_fee, taxes, total, deposit, created_at) VALUES ('80e1f6f4-4edc-4ef3-96db-445533274cbb', 'BIKE-3', 'C3D4E5F6-G7H8-9012-CDEF-345678901234', 'E5F6G7H8-I9J0-1234-EFGH-567890123456', 'COMPLETED', '2023-06-12', '2023-06-14', 2, 120000, 240000, 24000.0, 19200.0, 283200.0, 240000, '2023-06-09 00:00:00');
INSERT INTO motorbike_booking_history (id, booking_id, status, changed_at) VALUES ('44c61ef6-26d6-4cca-b6b0-1253699f6498', '80e1f6f4-4edc-4ef3-96db-445533274cbb', 'PENDING', '2023-06-09 00:00:00');
INSERT INTO motorbike_booking_history (id, booking_id, status, changed_at) VALUES ('d8b5c706-c062-49ad-bc89-8cb8bcfc6ff9', '80e1f6f4-4edc-4ef3-96db-445533274cbb', 'COMPLETED', '2023-06-09 02:00:00');
INSERT INTO motorbike_bookings (id, motorbike_id, renter_id, owner_id, status, start_date, end_date, total_days, price_per_day, base_price, service_fee, taxes, total, deposit, created_at) VALUES ('5320c697-1f7a-471a-b99f-0fcb60b2c1cb', 'BIKE-1', 'C3D4E5F6-G7H8-9012-CDEF-345678901234', 'E5F6G7H8-I9J0-1234-EFGH-567890123456', 'COMPLETED', '2023-06-15', '2023-06-21', 6, 150000, 900000, 90000.0, 72000.0, 1062000.0, 300000, '2023-06-05 00:00:00');
INSERT INTO motorbike_booking_history (id, booking_id, status, changed_at) VALUES ('a5ff4543-1e6c-4eb9-bf51-e11f63032eec', '5320c697-1f7a-471a-b99f-0fcb60b2c1cb', 'PENDING', '2023-06-05 00:00:00');
INSERT INTO motorbike_booking_history (id, booking_id, status, changed_at) VALUES ('e18b6268-ceee-4ff0-870e-6033399f851f', '5320c697-1f7a-471a-b99f-0fcb60b2c1cb', 'COMPLETED', '2023-06-05 02:00:00');
INSERT INTO motorbike_bookings (id, motorbike_id, renter_id, owner_id, status, start_date, end_date, total_days, price_per_day, base_price, service_fee, taxes, total, deposit, created_at) VALUES ('9ca833f7-4797-4788-844c-56699a55a15d', 'BIKE-2', 'D4E5F6G7-H8I9-0123-DEFG-456789012345', 'E5F6G7H8-I9J0-1234-EFGH-567890123456', 'COMPLETED', '2023-10-12', '2023-10-16', 4, 200000, 800000, 80000.0, 64000.0, 944000.0, 400000, '2023-10-10 00:00:00');
INSERT INTO motorbike_booking_history (id, booking_id, status, changed_at) VALUES ('e6a9a5af-4087-4426-85f9-5a2e86bd8286', '9ca833f7-4797-4788-844c-56699a55a15d', 'PENDING', '2023-10-10 00:00:00');
INSERT INTO motorbike_booking_history (id, booking_id, status, changed_at) VALUES ('f5507bb2-3e83-4da5-b359-73a786c12469', '9ca833f7-4797-4788-844c-56699a55a15d', 'COMPLETED', '2023-10-10 02:00:00');
INSERT INTO motorbike_bookings (id, motorbike_id, renter_id, owner_id, status, start_date, end_date, total_days, price_per_day, base_price, service_fee, taxes, total, deposit, created_at) VALUES ('b8ac1679-4ecb-4502-83ae-fe1af3fd850f', 'BIKE-3', 'C3D4E5F6-G7H8-9012-CDEF-345678901234', 'E5F6G7H8-I9J0-1234-EFGH-567890123456', 'COMPLETED', '2024-02-28', '2024-03-04', 5, 120000, 600000, 60000.0, 48000.0, 708000.0, 240000, '2024-02-22 00:00:00');
INSERT INTO motorbike_booking_history (id, booking_id, status, changed_at) VALUES ('47829d26-5104-46c1-a84c-96c30187396c', 'b8ac1679-4ecb-4502-83ae-fe1af3fd850f', 'PENDING', '2024-02-22 00:00:00');
INSERT INTO motorbike_booking_history (id, booking_id, status, changed_at) VALUES ('0233af98-525c-4624-81f4-82cde34bb2c7', 'b8ac1679-4ecb-4502-83ae-fe1af3fd850f', 'COMPLETED', '2024-02-22 02:00:00');
INSERT INTO motorbike_bookings (id, motorbike_id, renter_id, owner_id, status, start_date, end_date, total_days, price_per_day, base_price, service_fee, taxes, total, deposit, created_at) VALUES ('b8809f14-ad27-4d9d-9ab6-a85287dc2f39', 'BIKE-2', 'B2C3D4E5-F6G7-8901-BCDE-234567890123', 'E5F6G7H8-I9J0-1234-EFGH-567890123456', 'CANCELLED', '2023-06-04', '2023-06-10', 6, 200000, 1200000, 120000.0, 96000.0, 1416000.0, 400000, '2023-06-01 00:00:00');
INSERT INTO motorbike_booking_history (id, booking_id, status, changed_at) VALUES ('55c17e7a-c50c-401e-8ecf-0c5700635e4b', 'b8809f14-ad27-4d9d-9ab6-a85287dc2f39', 'PENDING', '2023-06-01 00:00:00');
INSERT INTO motorbike_booking_history (id, booking_id, status, changed_at) VALUES ('3d6625e4-6e20-455b-973c-2bfa289fe822', 'b8809f14-ad27-4d9d-9ab6-a85287dc2f39', 'CANCELLED', '2023-06-01 02:00:00');
INSERT INTO motorbike_bookings (id, motorbike_id, renter_id, owner_id, status, start_date, end_date, total_days, price_per_day, base_price, service_fee, taxes, total, deposit, created_at) VALUES ('01f7992b-d7d9-4765-97a6-c22d0cd2f91c', 'BIKE-1', 'C3D4E5F6-G7H8-9012-CDEF-345678901234', 'E5F6G7H8-I9J0-1234-EFGH-567890123456', 'COMPLETED', '2023-02-12', '2023-02-22', 10, 150000, 1500000, 150000.0, 120000.0, 1770000.0, 300000, '2023-02-06 00:00:00');
INSERT INTO motorbike_booking_history (id, booking_id, status, changed_at) VALUES ('89b4413d-8503-4c2c-a0f9-6d9fd1f43387', '01f7992b-d7d9-4765-97a6-c22d0cd2f91c', 'PENDING', '2023-02-06 00:00:00');
INSERT INTO motorbike_booking_history (id, booking_id, status, changed_at) VALUES ('ce543fef-c528-4828-a21f-2ae8e40c571f', '01f7992b-d7d9-4765-97a6-c22d0cd2f91c', 'COMPLETED', '2023-02-06 02:00:00');
INSERT INTO motorbike_bookings (id, motorbike_id, renter_id, owner_id, status, start_date, end_date, total_days, price_per_day, base_price, service_fee, taxes, total, deposit, created_at) VALUES ('8c14602d-feba-4883-989b-dbc49cfbb83c', 'BIKE-3', 'D4E5F6G7-H8I9-0123-DEFG-456789012345', 'E5F6G7H8-I9J0-1234-EFGH-567890123456', 'COMPLETED', '2023-04-08', '2023-04-12', 4, 120000, 480000, 48000.0, 38400.0, 566400.0, 240000, '2023-03-25 00:00:00');
INSERT INTO motorbike_booking_history (id, booking_id, status, changed_at) VALUES ('fbc9b3c5-fce2-439c-8d71-6dd85e655617', '8c14602d-feba-4883-989b-dbc49cfbb83c', 'PENDING', '2023-03-25 00:00:00');
INSERT INTO motorbike_booking_history (id, booking_id, status, changed_at) VALUES ('6cc0de02-12a9-42d4-9009-19a7b2d7a690', '8c14602d-feba-4883-989b-dbc49cfbb83c', 'COMPLETED', '2023-03-25 02:00:00');
INSERT INTO motorbike_bookings (id, motorbike_id, renter_id, owner_id, status, start_date, end_date, total_days, price_per_day, base_price, service_fee, taxes, total, deposit, created_at) VALUES ('38bc846d-32e4-48ce-8617-bb11d45e3409', 'BIKE-3', 'C3D4E5F6-G7H8-9012-CDEF-345678901234', 'E5F6G7H8-I9J0-1234-EFGH-567890123456', 'COMPLETED', '2023-01-20', '2023-01-28', 8, 120000, 960000, 96000.0, 76800.0, 1132800.0, 240000, '2023-01-14 00:00:00');
INSERT INTO motorbike_booking_history (id, booking_id, status, changed_at) VALUES ('9ed15c33-f91b-4930-8157-8993708205fd', '38bc846d-32e4-48ce-8617-bb11d45e3409', 'PENDING', '2023-01-14 00:00:00');
INSERT INTO motorbike_booking_history (id, booking_id, status, changed_at) VALUES ('cddb7baf-b9bf-42e4-90d1-acf2c29a77d0', '38bc846d-32e4-48ce-8617-bb11d45e3409', 'COMPLETED', '2023-01-14 02:00:00');
INSERT INTO motorbike_bookings (id, motorbike_id, renter_id, owner_id, status, start_date, end_date, total_days, price_per_day, base_price, service_fee, taxes, total, deposit, created_at) VALUES ('0c9f5bd6-25f0-4e9e-bc14-4eaef3cc4c22', 'BIKE-2', 'B2C3D4E5-F6G7-8901-BCDE-234567890123', 'E5F6G7H8-I9J0-1234-EFGH-567890123456', 'COMPLETED', '2023-06-04', '2023-06-10', 6, 200000, 1200000, 120000.0, 96000.0, 1416000.0, 400000, '2023-05-22 00:00:00');
INSERT INTO motorbike_booking_history (id, booking_id, status, changed_at) VALUES ('71d58294-7bb7-4cd0-80b2-4c4638cbd55f', '0c9f5bd6-25f0-4e9e-bc14-4eaef3cc4c22', 'PENDING', '2023-05-22 00:00:00');
INSERT INTO motorbike_booking_history (id, booking_id, status, changed_at) VALUES ('93a25a70-64a5-4118-b88a-b0c3dc76206a', '0c9f5bd6-25f0-4e9e-bc14-4eaef3cc4c22', 'COMPLETED', '2023-05-22 02:00:00');
INSERT INTO motorbike_bookings (id, motorbike_id, renter_id, owner_id, status, start_date, end_date, total_days, price_per_day, base_price, service_fee, taxes, total, deposit, created_at) VALUES ('c1fb647c-282a-4d51-874c-4b8628af8e7a', 'BIKE-1', 'B2C3D4E5-F6G7-8901-BCDE-234567890123', 'E5F6G7H8-I9J0-1234-EFGH-567890123456', 'COMPLETED', '2023-10-03', '2023-10-06', 3, 150000, 450000, 45000.0, 36000.0, 531000.0, 300000, '2023-09-27 00:00:00');
INSERT INTO motorbike_booking_history (id, booking_id, status, changed_at) VALUES ('81414fb8-4d59-4232-8458-b306ffe7dea9', 'c1fb647c-282a-4d51-874c-4b8628af8e7a', 'PENDING', '2023-09-27 00:00:00');
INSERT INTO motorbike_booking_history (id, booking_id, status, changed_at) VALUES ('da8016db-a9ac-4e04-aa23-cead5250e14f', 'c1fb647c-282a-4d51-874c-4b8628af8e7a', 'COMPLETED', '2023-09-27 02:00:00');
INSERT INTO motorbike_bookings (id, motorbike_id, renter_id, owner_id, status, start_date, end_date, total_days, price_per_day, base_price, service_fee, taxes, total, deposit, created_at) VALUES ('142412ad-1ddd-4bd1-8354-8a9cd42fb97e', 'BIKE-3', 'D4E5F6G7-H8I9-0123-DEFG-456789012345', 'E5F6G7H8-I9J0-1234-EFGH-567890123456', 'COMPLETED', '2023-01-13', '2023-01-14', 1, 120000, 120000, 12000.0, 9600.0, 141600.0, 240000, '2023-01-02 00:00:00');
INSERT INTO motorbike_booking_history (id, booking_id, status, changed_at) VALUES ('ab8eb319-5356-48e5-b5a4-292c74503c33', '142412ad-1ddd-4bd1-8354-8a9cd42fb97e', 'PENDING', '2023-01-02 00:00:00');
INSERT INTO motorbike_booking_history (id, booking_id, status, changed_at) VALUES ('f79e67e9-1c54-43fc-8351-4bff1e6639b4', '142412ad-1ddd-4bd1-8354-8a9cd42fb97e', 'COMPLETED', '2023-01-02 02:00:00');
INSERT INTO motorbike_bookings (id, motorbike_id, renter_id, owner_id, status, start_date, end_date, total_days, price_per_day, base_price, service_fee, taxes, total, deposit, created_at) VALUES ('c080dff5-e855-4a92-88db-b176b111516b', 'BIKE-3', 'D4E5F6G7-H8I9-0123-DEFG-456789012345', 'E5F6G7H8-I9J0-1234-EFGH-567890123456', 'COMPLETED', '2023-11-28', '2023-12-08', 10, 120000, 1200000, 120000.0, 96000.0, 1416000.0, 240000, '2023-11-19 00:00:00');
INSERT INTO motorbike_booking_history (id, booking_id, status, changed_at) VALUES ('83903ae7-fc49-45cc-a2bd-341ef0b31b3a', 'c080dff5-e855-4a92-88db-b176b111516b', 'PENDING', '2023-11-19 00:00:00');
INSERT INTO motorbike_booking_history (id, booking_id, status, changed_at) VALUES ('c52b9ea4-d835-44a0-a284-19cbeeb0f913', 'c080dff5-e855-4a92-88db-b176b111516b', 'COMPLETED', '2023-11-19 02:00:00');
INSERT INTO motorbike_bookings (id, motorbike_id, renter_id, owner_id, status, start_date, end_date, total_days, price_per_day, base_price, service_fee, taxes, total, deposit, created_at) VALUES ('7e1db596-866a-4bca-8eb6-becd826e8cb5', 'BIKE-1', 'D4E5F6G7-H8I9-0123-DEFG-456789012345', 'E5F6G7H8-I9J0-1234-EFGH-567890123456', 'COMPLETED', '2023-04-06', '2023-04-08', 2, 150000, 300000, 30000.0, 24000.0, 354000.0, 300000, '2023-04-03 00:00:00');
INSERT INTO motorbike_booking_history (id, booking_id, status, changed_at) VALUES ('7ef1847c-2864-460e-afc3-cba8eec0cf86', '7e1db596-866a-4bca-8eb6-becd826e8cb5', 'PENDING', '2023-04-03 00:00:00');
INSERT INTO motorbike_booking_history (id, booking_id, status, changed_at) VALUES ('08da19bf-b87a-4509-8b69-ef0c9ece3dfc', '7e1db596-866a-4bca-8eb6-becd826e8cb5', 'COMPLETED', '2023-04-03 02:00:00');
INSERT INTO motorbike_bookings (id, motorbike_id, renter_id, owner_id, status, start_date, end_date, total_days, price_per_day, base_price, service_fee, taxes, total, deposit, created_at) VALUES ('a1da3717-049b-4f43-9bdf-1b27160a1a48', 'BIKE-2', 'B2C3D4E5-F6G7-8901-BCDE-234567890123', 'E5F6G7H8-I9J0-1234-EFGH-567890123456', 'COMPLETED', '2023-09-22', '2023-09-30', 8, 200000, 1600000, 160000.0, 128000.0, 1888000.0, 400000, '2023-09-17 00:00:00');
INSERT INTO motorbike_booking_history (id, booking_id, status, changed_at) VALUES ('406206a2-89de-4e33-a36e-e61126ce13b3', 'a1da3717-049b-4f43-9bdf-1b27160a1a48', 'PENDING', '2023-09-17 00:00:00');
INSERT INTO motorbike_booking_history (id, booking_id, status, changed_at) VALUES ('1d280d85-347b-4e85-90c8-6a0e56e873bf', 'a1da3717-049b-4f43-9bdf-1b27160a1a48', 'COMPLETED', '2023-09-17 02:00:00');
INSERT INTO motorbike_bookings (id, motorbike_id, renter_id, owner_id, status, start_date, end_date, total_days, price_per_day, base_price, service_fee, taxes, total, deposit, created_at) VALUES ('b894b2c1-792d-4c61-aa6f-9c2790a641a9', 'BIKE-2', 'B2C3D4E5-F6G7-8901-BCDE-234567890123', 'E5F6G7H8-I9J0-1234-EFGH-567890123456', 'COMPLETED', '2023-08-30', '2023-09-09', 10, 200000, 2000000, 200000.0, 160000.0, 2360000.0, 400000, '2023-08-27 00:00:00');
INSERT INTO motorbike_booking_history (id, booking_id, status, changed_at) VALUES ('eba84385-764a-40f6-8fe2-cb85d5739934', 'b894b2c1-792d-4c61-aa6f-9c2790a641a9', 'PENDING', '2023-08-27 00:00:00');
INSERT INTO motorbike_booking_history (id, booking_id, status, changed_at) VALUES ('1447ea1a-3951-4188-b8e9-1fd2b65a0daf', 'b894b2c1-792d-4c61-aa6f-9c2790a641a9', 'COMPLETED', '2023-08-27 02:00:00');
INSERT INTO motorbike_bookings (id, motorbike_id, renter_id, owner_id, status, start_date, end_date, total_days, price_per_day, base_price, service_fee, taxes, total, deposit, created_at) VALUES ('dddff384-0c3e-4830-bcce-321e85ef9af1', 'BIKE-3', 'D4E5F6G7-H8I9-0123-DEFG-456789012345', 'E5F6G7H8-I9J0-1234-EFGH-567890123456', 'CANCELLED', '2023-08-27', '2023-09-01', 5, 120000, 600000, 60000.0, 48000.0, 708000.0, 240000, '2023-08-26 00:00:00');
INSERT INTO motorbike_booking_history (id, booking_id, status, changed_at) VALUES ('ebf527f6-7f7c-47b8-8fb2-ef81dc50bf98', 'dddff384-0c3e-4830-bcce-321e85ef9af1', 'PENDING', '2023-08-26 00:00:00');
INSERT INTO motorbike_booking_history (id, booking_id, status, changed_at) VALUES ('98bd0142-da02-4980-9fad-3a065b1da8a7', 'dddff384-0c3e-4830-bcce-321e85ef9af1', 'CANCELLED', '2023-08-26 02:00:00');
INSERT INTO motorbike_bookings (id, motorbike_id, renter_id, owner_id, status, start_date, end_date, total_days, price_per_day, base_price, service_fee, taxes, total, deposit, created_at) VALUES ('f13900a6-044d-4b16-8e36-92bb1402189d', 'BIKE-1', 'B2C3D4E5-F6G7-8901-BCDE-234567890123', 'E5F6G7H8-I9J0-1234-EFGH-567890123456', 'COMPLETED', '2023-07-15', '2023-07-18', 3, 150000, 450000, 45000.0, 36000.0, 531000.0, 300000, '2023-07-07 00:00:00');
INSERT INTO motorbike_booking_history (id, booking_id, status, changed_at) VALUES ('eba57216-88eb-4db1-912d-23a01b9f641f', 'f13900a6-044d-4b16-8e36-92bb1402189d', 'PENDING', '2023-07-07 00:00:00');
INSERT INTO motorbike_booking_history (id, booking_id, status, changed_at) VALUES ('9b261c38-76f2-4449-91de-bc68cb46aab5', 'f13900a6-044d-4b16-8e36-92bb1402189d', 'COMPLETED', '2023-07-07 02:00:00');
INSERT INTO motorbike_bookings (id, motorbike_id, renter_id, owner_id, status, start_date, end_date, total_days, price_per_day, base_price, service_fee, taxes, total, deposit, created_at) VALUES ('b20f20e8-4812-4dd7-953e-909f1ee48e25', 'BIKE-3', 'D4E5F6G7-H8I9-0123-DEFG-456789012345', 'E5F6G7H8-I9J0-1234-EFGH-567890123456', 'COMPLETED', '2024-03-31', '2024-04-09', 9, 120000, 1080000, 108000.0, 86400.0, 1274400.0, 240000, '2024-03-19 00:00:00');
INSERT INTO motorbike_booking_history (id, booking_id, status, changed_at) VALUES ('18d1294c-7412-4810-845d-3440fd1e5b9b', 'b20f20e8-4812-4dd7-953e-909f1ee48e25', 'PENDING', '2024-03-19 00:00:00');
INSERT INTO motorbike_booking_history (id, booking_id, status, changed_at) VALUES ('ca2d5d4a-7c7b-48fd-a58b-a41540a0375f', 'b20f20e8-4812-4dd7-953e-909f1ee48e25', 'COMPLETED', '2024-03-19 02:00:00');
INSERT INTO motorbike_bookings (id, motorbike_id, renter_id, owner_id, status, start_date, end_date, total_days, price_per_day, base_price, service_fee, taxes, total, deposit, created_at) VALUES ('ac66f5d8-658d-4ace-95b3-acbc683fbf9d', 'BIKE-1', 'B2C3D4E5-F6G7-8901-BCDE-234567890123', 'E5F6G7H8-I9J0-1234-EFGH-567890123456', 'COMPLETED', '2023-11-23', '2023-11-28', 5, 150000, 750000, 75000.0, 60000.0, 885000.0, 300000, '2023-11-17 00:00:00');
INSERT INTO motorbike_booking_history (id, booking_id, status, changed_at) VALUES ('06f44f9b-1080-4710-9612-9d50cccb8577', 'ac66f5d8-658d-4ace-95b3-acbc683fbf9d', 'PENDING', '2023-11-17 00:00:00');
INSERT INTO motorbike_booking_history (id, booking_id, status, changed_at) VALUES ('e27ccb1e-4ec4-4321-8054-8a3f9830bee8', 'ac66f5d8-658d-4ace-95b3-acbc683fbf9d', 'COMPLETED', '2023-11-17 02:00:00');
INSERT INTO motorbike_bookings (id, motorbike_id, renter_id, owner_id, status, start_date, end_date, total_days, price_per_day, base_price, service_fee, taxes, total, deposit, created_at) VALUES ('6ad767d3-742b-49fe-9e19-60995a7968e1', 'BIKE-1', 'B2C3D4E5-F6G7-8901-BCDE-234567890123', 'E5F6G7H8-I9J0-1234-EFGH-567890123456', 'COMPLETED', '2023-04-11', '2023-04-14', 3, 150000, 450000, 45000.0, 36000.0, 531000.0, 300000, '2023-04-06 00:00:00');
INSERT INTO motorbike_booking_history (id, booking_id, status, changed_at) VALUES ('05b365e6-a6c0-41f6-b971-07fcd921f3d5', '6ad767d3-742b-49fe-9e19-60995a7968e1', 'PENDING', '2023-04-06 00:00:00');
INSERT INTO motorbike_booking_history (id, booking_id, status, changed_at) VALUES ('5c28b3b6-26d6-4520-8f59-00596d0b7b63', '6ad767d3-742b-49fe-9e19-60995a7968e1', 'COMPLETED', '2023-04-06 02:00:00');
INSERT INTO motorbike_bookings (id, motorbike_id, renter_id, owner_id, status, start_date, end_date, total_days, price_per_day, base_price, service_fee, taxes, total, deposit, created_at) VALUES ('0eb4bcf9-bfa3-4d6b-922f-bc0a3f71bf31', 'BIKE-3', 'B2C3D4E5-F6G7-8901-BCDE-234567890123', 'E5F6G7H8-I9J0-1234-EFGH-567890123456', 'COMPLETED', '2024-01-24', '2024-02-01', 8, 120000, 960000, 96000.0, 76800.0, 1132800.0, 240000, '2024-01-23 00:00:00');
INSERT INTO motorbike_booking_history (id, booking_id, status, changed_at) VALUES ('2111cde9-cfe7-4cce-b1d3-d7cba89fb178', '0eb4bcf9-bfa3-4d6b-922f-bc0a3f71bf31', 'PENDING', '2024-01-23 00:00:00');
INSERT INTO motorbike_booking_history (id, booking_id, status, changed_at) VALUES ('c57366a2-e2e3-477a-98f0-5e26e6c834fc', '0eb4bcf9-bfa3-4d6b-922f-bc0a3f71bf31', 'COMPLETED', '2024-01-23 02:00:00');
INSERT INTO motorbike_bookings (id, motorbike_id, renter_id, owner_id, status, start_date, end_date, total_days, price_per_day, base_price, service_fee, taxes, total, deposit, created_at) VALUES ('050faa5b-efa0-4340-a49c-94e45ca9f8eb', 'BIKE-3', 'D4E5F6G7-H8I9-0123-DEFG-456789012345', 'E5F6G7H8-I9J0-1234-EFGH-567890123456', 'CANCELLED', '2023-06-06', '2023-06-13', 7, 120000, 840000, 84000.0, 67200.0, 991200.0, 240000, '2023-06-01 00:00:00');
INSERT INTO motorbike_booking_history (id, booking_id, status, changed_at) VALUES ('d62edd12-3340-4858-a466-3a15bc69755f', '050faa5b-efa0-4340-a49c-94e45ca9f8eb', 'PENDING', '2023-06-01 00:00:00');
INSERT INTO motorbike_booking_history (id, booking_id, status, changed_at) VALUES ('43c2a20c-113b-4254-a645-9bc3adf47ba1', '050faa5b-efa0-4340-a49c-94e45ca9f8eb', 'CANCELLED', '2023-06-01 02:00:00');
INSERT INTO motorbike_bookings (id, motorbike_id, renter_id, owner_id, status, start_date, end_date, total_days, price_per_day, base_price, service_fee, taxes, total, deposit, created_at) VALUES ('b61826e3-229a-456e-9b75-83c8eb09d4fd', 'BIKE-2', 'B2C3D4E5-F6G7-8901-BCDE-234567890123', 'E5F6G7H8-I9J0-1234-EFGH-567890123456', 'COMPLETED', '2024-02-23', '2024-02-25', 2, 200000, 400000, 40000.0, 32000.0, 472000.0, 400000, '2024-02-10 00:00:00');
INSERT INTO motorbike_booking_history (id, booking_id, status, changed_at) VALUES ('ebd9dd32-f70a-41ed-afa7-2654791dea2b', 'b61826e3-229a-456e-9b75-83c8eb09d4fd', 'PENDING', '2024-02-10 00:00:00');
INSERT INTO motorbike_booking_history (id, booking_id, status, changed_at) VALUES ('8d797617-3ee3-42f5-9560-1d9ab72b1242', 'b61826e3-229a-456e-9b75-83c8eb09d4fd', 'COMPLETED', '2024-02-10 02:00:00');
INSERT INTO motorbike_bookings (id, motorbike_id, renter_id, owner_id, status, start_date, end_date, total_days, price_per_day, base_price, service_fee, taxes, total, deposit, created_at) VALUES ('9894b64d-4b89-4ba7-9379-526d1e0364d2', 'BIKE-3', 'B2C3D4E5-F6G7-8901-BCDE-234567890123', 'E5F6G7H8-I9J0-1234-EFGH-567890123456', 'COMPLETED', '2023-02-10', '2023-02-15', 5, 120000, 600000, 60000.0, 48000.0, 708000.0, 240000, '2023-02-06 00:00:00');
INSERT INTO motorbike_booking_history (id, booking_id, status, changed_at) VALUES ('3f0092a2-6ebe-41b8-aab3-d7fd86d771bd', '9894b64d-4b89-4ba7-9379-526d1e0364d2', 'PENDING', '2023-02-06 00:00:00');
INSERT INTO motorbike_booking_history (id, booking_id, status, changed_at) VALUES ('05240bc1-cbf9-4764-8095-d9a3a5e6e486', '9894b64d-4b89-4ba7-9379-526d1e0364d2', 'COMPLETED', '2023-02-06 02:00:00');
INSERT INTO motorbike_bookings (id, motorbike_id, renter_id, owner_id, status, start_date, end_date, total_days, price_per_day, base_price, service_fee, taxes, total, deposit, created_at) VALUES ('24e74aea-8eeb-4568-9f0a-07c49a20db63', 'BIKE-3', 'D4E5F6G7-H8I9-0123-DEFG-456789012345', 'E5F6G7H8-I9J0-1234-EFGH-567890123456', 'COMPLETED', '2023-06-17', '2023-06-18', 1, 120000, 120000, 12000.0, 9600.0, 141600.0, 240000, '2023-06-05 00:00:00');
INSERT INTO motorbike_booking_history (id, booking_id, status, changed_at) VALUES ('ce68b972-5852-4d19-8923-422b5c9b3b68', '24e74aea-8eeb-4568-9f0a-07c49a20db63', 'PENDING', '2023-06-05 00:00:00');
INSERT INTO motorbike_booking_history (id, booking_id, status, changed_at) VALUES ('045fb011-5b0c-471e-ab00-b10a794e4a48', '24e74aea-8eeb-4568-9f0a-07c49a20db63', 'COMPLETED', '2023-06-05 02:00:00');
INSERT INTO motorbike_bookings (id, motorbike_id, renter_id, owner_id, status, start_date, end_date, total_days, price_per_day, base_price, service_fee, taxes, total, deposit, created_at) VALUES ('c6be12c6-c23c-42f4-bab6-e5443d2487c3', 'BIKE-1', 'B2C3D4E5-F6G7-8901-BCDE-234567890123', 'E5F6G7H8-I9J0-1234-EFGH-567890123456', 'CANCELLED', '2023-11-07', '2023-11-13', 6, 150000, 900000, 90000.0, 72000.0, 1062000.0, 300000, '2023-11-03 00:00:00');
INSERT INTO motorbike_booking_history (id, booking_id, status, changed_at) VALUES ('4757885e-834c-4c7d-bba0-cd92babd410a', 'c6be12c6-c23c-42f4-bab6-e5443d2487c3', 'PENDING', '2023-11-03 00:00:00');
INSERT INTO motorbike_booking_history (id, booking_id, status, changed_at) VALUES ('a9ab0ced-92af-44f2-8478-4f0b7184fd9d', 'c6be12c6-c23c-42f4-bab6-e5443d2487c3', 'CANCELLED', '2023-11-03 02:00:00');
INSERT INTO motorbike_bookings (id, motorbike_id, renter_id, owner_id, status, start_date, end_date, total_days, price_per_day, base_price, service_fee, taxes, total, deposit, created_at) VALUES ('36b893f8-0f3c-49f0-ab3c-3d046a795c9d', 'BIKE-1', 'B2C3D4E5-F6G7-8901-BCDE-234567890123', 'E5F6G7H8-I9J0-1234-EFGH-567890123456', 'COMPLETED', '2023-01-02', '2023-01-05', 3, 150000, 450000, 45000.0, 36000.0, 531000.0, 300000, '2022-12-26 00:00:00');
INSERT INTO motorbike_booking_history (id, booking_id, status, changed_at) VALUES ('8addcde0-8374-451c-91a1-930ab629e73d', '36b893f8-0f3c-49f0-ab3c-3d046a795c9d', 'PENDING', '2022-12-26 00:00:00');
INSERT INTO motorbike_booking_history (id, booking_id, status, changed_at) VALUES ('74ec103f-d932-4d0c-8456-93f3b8bb594a', '36b893f8-0f3c-49f0-ab3c-3d046a795c9d', 'COMPLETED', '2022-12-26 02:00:00');
INSERT INTO motorbike_bookings (id, motorbike_id, renter_id, owner_id, status, start_date, end_date, total_days, price_per_day, base_price, service_fee, taxes, total, deposit, created_at) VALUES ('0a7f4c56-6844-4ce5-8071-47b7d5869030', 'BIKE-3', 'C3D4E5F6-G7H8-9012-CDEF-345678901234', 'E5F6G7H8-I9J0-1234-EFGH-567890123456', 'COMPLETED', '2024-02-02', '2024-02-10', 8, 120000, 960000, 96000.0, 76800.0, 1132800.0, 240000, '2024-01-23 00:00:00');
INSERT INTO motorbike_booking_history (id, booking_id, status, changed_at) VALUES ('33ea4c8a-40df-4266-a44b-af88c1c3da1c', '0a7f4c56-6844-4ce5-8071-47b7d5869030', 'PENDING', '2024-01-23 00:00:00');
INSERT INTO motorbike_booking_history (id, booking_id, status, changed_at) VALUES ('379aa032-fd9e-48d7-b2ca-0fbca33c7b1f', '0a7f4c56-6844-4ce5-8071-47b7d5869030', 'COMPLETED', '2024-01-23 02:00:00');
INSERT INTO motorbike_bookings (id, motorbike_id, renter_id, owner_id, status, start_date, end_date, total_days, price_per_day, base_price, service_fee, taxes, total, deposit, created_at) VALUES ('f762a56e-70af-462e-98bf-1d13c02a4585', 'BIKE-3', 'B2C3D4E5-F6G7-8901-BCDE-234567890123', 'E5F6G7H8-I9J0-1234-EFGH-567890123456', 'COMPLETED', '2023-01-21', '2023-01-28', 7, 120000, 840000, 84000.0, 67200.0, 991200.0, 240000, '2023-01-14 00:00:00');
INSERT INTO motorbike_booking_history (id, booking_id, status, changed_at) VALUES ('db681cda-a272-4c8f-9639-58182f78ed3e', 'f762a56e-70af-462e-98bf-1d13c02a4585', 'PENDING', '2023-01-14 00:00:00');
INSERT INTO motorbike_booking_history (id, booking_id, status, changed_at) VALUES ('ee436124-46a9-4797-91c8-c970d108155f', 'f762a56e-70af-462e-98bf-1d13c02a4585', 'COMPLETED', '2023-01-14 02:00:00');
INSERT INTO motorbike_bookings (id, motorbike_id, renter_id, owner_id, status, start_date, end_date, total_days, price_per_day, base_price, service_fee, taxes, total, deposit, created_at) VALUES ('aa6f0921-e8c0-4585-91ec-bff7aac8d570', 'BIKE-1', 'C3D4E5F6-G7H8-9012-CDEF-345678901234', 'E5F6G7H8-I9J0-1234-EFGH-567890123456', 'COMPLETED', '2023-01-27', '2023-02-01', 5, 150000, 750000, 75000.0, 60000.0, 885000.0, 300000, '2023-01-14 00:00:00');
INSERT INTO motorbike_booking_history (id, booking_id, status, changed_at) VALUES ('39fdf15b-725e-4dc1-80bc-94819ff5d7d0', 'aa6f0921-e8c0-4585-91ec-bff7aac8d570', 'PENDING', '2023-01-14 00:00:00');
INSERT INTO motorbike_booking_history (id, booking_id, status, changed_at) VALUES ('48b208ef-306c-4a13-a1c8-9f4d4a4f6a6e', 'aa6f0921-e8c0-4585-91ec-bff7aac8d570', 'COMPLETED', '2023-01-14 02:00:00');
INSERT INTO motorbike_bookings (id, motorbike_id, renter_id, owner_id, status, start_date, end_date, total_days, price_per_day, base_price, service_fee, taxes, total, deposit, created_at) VALUES ('588b2a81-a2ba-4352-9eb0-cf82556bfb39', 'BIKE-3', 'B2C3D4E5-F6G7-8901-BCDE-234567890123', 'E5F6G7H8-I9J0-1234-EFGH-567890123456', 'COMPLETED', '2023-10-02', '2023-10-09', 7, 120000, 840000, 84000.0, 67200.0, 991200.0, 240000, '2023-09-21 00:00:00');
INSERT INTO motorbike_booking_history (id, booking_id, status, changed_at) VALUES ('81aab740-e81f-437d-8caf-20b63732f974', '588b2a81-a2ba-4352-9eb0-cf82556bfb39', 'PENDING', '2023-09-21 00:00:00');
INSERT INTO motorbike_booking_history (id, booking_id, status, changed_at) VALUES ('e30ff9f1-958c-428c-bfd9-fa234b158474', '588b2a81-a2ba-4352-9eb0-cf82556bfb39', 'COMPLETED', '2023-09-21 02:00:00');
INSERT INTO motorbike_bookings (id, motorbike_id, renter_id, owner_id, status, start_date, end_date, total_days, price_per_day, base_price, service_fee, taxes, total, deposit, created_at) VALUES ('bbf31a59-1920-4beb-a617-6be5a00ebd89', 'BIKE-2', 'D4E5F6G7-H8I9-0123-DEFG-456789012345', 'E5F6G7H8-I9J0-1234-EFGH-567890123456', 'COMPLETED', '2023-10-20', '2023-10-29', 9, 200000, 1800000, 180000.0, 144000.0, 2124000.0, 400000, '2023-10-06 00:00:00');
INSERT INTO motorbike_booking_history (id, booking_id, status, changed_at) VALUES ('92cac8e8-0492-4a5c-8a79-192eb3494992', 'bbf31a59-1920-4beb-a617-6be5a00ebd89', 'PENDING', '2023-10-06 00:00:00');
INSERT INTO motorbike_booking_history (id, booking_id, status, changed_at) VALUES ('83093685-6de2-44c7-a722-f0ffe78cc112', 'bbf31a59-1920-4beb-a617-6be5a00ebd89', 'COMPLETED', '2023-10-06 02:00:00');
INSERT INTO motorbike_bookings (id, motorbike_id, renter_id, owner_id, status, start_date, end_date, total_days, price_per_day, base_price, service_fee, taxes, total, deposit, created_at) VALUES ('a8a01697-a3b3-4f6c-a2ca-4f312611c25e', 'BIKE-1', 'C3D4E5F6-G7H8-9012-CDEF-345678901234', 'E5F6G7H8-I9J0-1234-EFGH-567890123456', 'COMPLETED', '2023-12-28', '2024-01-07', 10, 150000, 1500000, 150000.0, 120000.0, 1770000.0, 300000, '2023-12-19 00:00:00');
INSERT INTO motorbike_booking_history (id, booking_id, status, changed_at) VALUES ('d50f6fb5-212b-4bb8-b65d-ff17f1a689b5', 'a8a01697-a3b3-4f6c-a2ca-4f312611c25e', 'PENDING', '2023-12-19 00:00:00');
INSERT INTO motorbike_booking_history (id, booking_id, status, changed_at) VALUES ('063792f6-270b-4a2b-b9c3-fbef0da005d2', 'a8a01697-a3b3-4f6c-a2ca-4f312611c25e', 'COMPLETED', '2023-12-19 02:00:00');
INSERT INTO motorbike_bookings (id, motorbike_id, renter_id, owner_id, status, start_date, end_date, total_days, price_per_day, base_price, service_fee, taxes, total, deposit, created_at) VALUES ('b1ecbad7-689f-4a1c-a2ef-94246903659c', 'BIKE-3', 'D4E5F6G7-H8I9-0123-DEFG-456789012345', 'E5F6G7H8-I9J0-1234-EFGH-567890123456', 'COMPLETED', '2023-03-22', '2023-04-01', 10, 120000, 1200000, 120000.0, 96000.0, 1416000.0, 240000, '2023-03-14 00:00:00');
INSERT INTO motorbike_booking_history (id, booking_id, status, changed_at) VALUES ('90d5306a-9790-4a94-9fe5-260755e82ba2', 'b1ecbad7-689f-4a1c-a2ef-94246903659c', 'PENDING', '2023-03-14 00:00:00');
INSERT INTO motorbike_booking_history (id, booking_id, status, changed_at) VALUES ('0908fa3a-026b-4bfb-b0ff-71d99bf1838c', 'b1ecbad7-689f-4a1c-a2ef-94246903659c', 'COMPLETED', '2023-03-14 02:00:00');
INSERT INTO motorbike_bookings (id, motorbike_id, renter_id, owner_id, status, start_date, end_date, total_days, price_per_day, base_price, service_fee, taxes, total, deposit, created_at) VALUES ('e2f4b85f-4c47-42f8-b932-005040e42ba1', 'BIKE-3', 'C3D4E5F6-G7H8-9012-CDEF-345678901234', 'E5F6G7H8-I9J0-1234-EFGH-567890123456', 'COMPLETED', '2024-02-07', '2024-02-11', 4, 120000, 480000, 48000.0, 38400.0, 566400.0, 240000, '2024-01-27 00:00:00');
INSERT INTO motorbike_booking_history (id, booking_id, status, changed_at) VALUES ('1792c745-cd24-4389-9580-5b7c1a5f820e', 'e2f4b85f-4c47-42f8-b932-005040e42ba1', 'PENDING', '2024-01-27 00:00:00');
INSERT INTO motorbike_booking_history (id, booking_id, status, changed_at) VALUES ('496e262d-b5c8-4a53-8a9b-1ffd27885765', 'e2f4b85f-4c47-42f8-b932-005040e42ba1', 'COMPLETED', '2024-01-27 02:00:00');
INSERT INTO motorbike_bookings (id, motorbike_id, renter_id, owner_id, status, start_date, end_date, total_days, price_per_day, base_price, service_fee, taxes, total, deposit, created_at) VALUES ('e85833e8-738b-4597-b71a-8f66018fc6e9', 'BIKE-1', 'D4E5F6G7-H8I9-0123-DEFG-456789012345', 'E5F6G7H8-I9J0-1234-EFGH-567890123456', 'COMPLETED', '2023-04-01', '2023-04-05', 4, 150000, 600000, 60000.0, 48000.0, 708000.0, 300000, '2023-03-27 00:00:00');
INSERT INTO motorbike_booking_history (id, booking_id, status, changed_at) VALUES ('7781cde1-674a-438e-88e6-3ba62267980f', 'e85833e8-738b-4597-b71a-8f66018fc6e9', 'PENDING', '2023-03-27 00:00:00');
INSERT INTO motorbike_booking_history (id, booking_id, status, changed_at) VALUES ('cf60ec82-6ba4-47d4-9ac8-71e9b6ae312e', 'e85833e8-738b-4597-b71a-8f66018fc6e9', 'COMPLETED', '2023-03-27 02:00:00');
INSERT INTO motorbike_bookings (id, motorbike_id, renter_id, owner_id, status, start_date, end_date, total_days, price_per_day, base_price, service_fee, taxes, total, deposit, created_at) VALUES ('43023260-aa7e-4a46-ab1b-070234680112', 'BIKE-3', 'C3D4E5F6-G7H8-9012-CDEF-345678901234', 'E5F6G7H8-I9J0-1234-EFGH-567890123456', 'CANCELLED', '2023-10-03', '2023-10-11', 8, 120000, 960000, 96000.0, 76800.0, 1132800.0, 240000, '2023-09-21 00:00:00');
INSERT INTO motorbike_booking_history (id, booking_id, status, changed_at) VALUES ('0bfb66e6-42cd-497e-a710-a73d1ba23f83', '43023260-aa7e-4a46-ab1b-070234680112', 'PENDING', '2023-09-21 00:00:00');
INSERT INTO motorbike_booking_history (id, booking_id, status, changed_at) VALUES ('9c944a3f-0178-4f89-a5b0-d1e8e4ef1fac', '43023260-aa7e-4a46-ab1b-070234680112', 'CANCELLED', '2023-09-21 02:00:00');
INSERT INTO motorbike_bookings (id, motorbike_id, renter_id, owner_id, status, start_date, end_date, total_days, price_per_day, base_price, service_fee, taxes, total, deposit, created_at) VALUES ('dff527bb-91dd-4738-a4d2-dfd9317b7cc1', 'BIKE-2', 'B2C3D4E5-F6G7-8901-BCDE-234567890123', 'E5F6G7H8-I9J0-1234-EFGH-567890123456', 'COMPLETED', '2024-01-27', '2024-02-05', 9, 200000, 1800000, 180000.0, 144000.0, 2124000.0, 400000, '2024-01-18 00:00:00');
INSERT INTO motorbike_booking_history (id, booking_id, status, changed_at) VALUES ('08c478b5-56db-4da2-9953-1474ae5ba9ce', 'dff527bb-91dd-4738-a4d2-dfd9317b7cc1', 'PENDING', '2024-01-18 00:00:00');
INSERT INTO motorbike_booking_history (id, booking_id, status, changed_at) VALUES ('b308661f-9411-4708-98fa-8e3aec9b92fb', 'dff527bb-91dd-4738-a4d2-dfd9317b7cc1', 'COMPLETED', '2024-01-18 02:00:00');
INSERT INTO motorbike_bookings (id, motorbike_id, renter_id, owner_id, status, start_date, end_date, total_days, price_per_day, base_price, service_fee, taxes, total, deposit, created_at) VALUES ('6e5b83ce-941f-42b0-9c63-03633710233a', 'BIKE-1', 'B2C3D4E5-F6G7-8901-BCDE-234567890123', 'E5F6G7H8-I9J0-1234-EFGH-567890123456', 'COMPLETED', '2023-06-28', '2023-07-07', 9, 150000, 1350000, 135000.0, 108000.0, 1593000.0, 300000, '2023-06-19 00:00:00');
INSERT INTO motorbike_booking_history (id, booking_id, status, changed_at) VALUES ('982aed53-01ad-46c8-9ec1-f2e3f1e4d5ec', '6e5b83ce-941f-42b0-9c63-03633710233a', 'PENDING', '2023-06-19 00:00:00');
INSERT INTO motorbike_booking_history (id, booking_id, status, changed_at) VALUES ('dc46cd51-a98a-4d69-9ae6-e580641f9703', '6e5b83ce-941f-42b0-9c63-03633710233a', 'COMPLETED', '2023-06-19 02:00:00');
INSERT INTO motorbike_bookings (id, motorbike_id, renter_id, owner_id, status, start_date, end_date, total_days, price_per_day, base_price, service_fee, taxes, total, deposit, created_at) VALUES ('4166c4c1-2512-481f-8df8-ac207260b4ae', 'BIKE-3', 'D4E5F6G7-H8I9-0123-DEFG-456789012345', 'E5F6G7H8-I9J0-1234-EFGH-567890123456', 'COMPLETED', '2023-03-12', '2023-03-21', 9, 120000, 1080000, 108000.0, 86400.0, 1274400.0, 240000, '2023-03-04 00:00:00');
INSERT INTO motorbike_booking_history (id, booking_id, status, changed_at) VALUES ('fff05849-7790-416b-8dcb-9f2f6a355ff0', '4166c4c1-2512-481f-8df8-ac207260b4ae', 'PENDING', '2023-03-04 00:00:00');
INSERT INTO motorbike_booking_history (id, booking_id, status, changed_at) VALUES ('4419084b-8a68-48ec-91dd-3a8bcd7f541c', '4166c4c1-2512-481f-8df8-ac207260b4ae', 'COMPLETED', '2023-03-04 02:00:00');
INSERT INTO motorbike_bookings (id, motorbike_id, renter_id, owner_id, status, start_date, end_date, total_days, price_per_day, base_price, service_fee, taxes, total, deposit, created_at) VALUES ('ba9e2cbf-1030-4fad-b729-416dee108df1', 'BIKE-1', 'D4E5F6G7-H8I9-0123-DEFG-456789012345', 'E5F6G7H8-I9J0-1234-EFGH-567890123456', 'COMPLETED', '2023-06-21', '2023-06-22', 1, 150000, 150000, 15000.0, 12000.0, 177000.0, 300000, '2023-06-09 00:00:00');
INSERT INTO motorbike_booking_history (id, booking_id, status, changed_at) VALUES ('54fbc705-5bd0-4481-986d-055524912048', 'ba9e2cbf-1030-4fad-b729-416dee108df1', 'PENDING', '2023-06-09 00:00:00');
INSERT INTO motorbike_booking_history (id, booking_id, status, changed_at) VALUES ('7e3e1977-a3cb-4b9c-b3a8-f010a21f5c30', 'ba9e2cbf-1030-4fad-b729-416dee108df1', 'COMPLETED', '2023-06-09 02:00:00');
INSERT INTO motorbike_bookings (id, motorbike_id, renter_id, owner_id, status, start_date, end_date, total_days, price_per_day, base_price, service_fee, taxes, total, deposit, created_at) VALUES ('cbb43398-080f-4f24-a8b2-2b1d1e01d8eb', 'BIKE-3', 'D4E5F6G7-H8I9-0123-DEFG-456789012345', 'E5F6G7H8-I9J0-1234-EFGH-567890123456', 'COMPLETED', '2023-11-18', '2023-11-26', 8, 120000, 960000, 96000.0, 76800.0, 1132800.0, 240000, '2023-11-14 00:00:00');
INSERT INTO motorbike_booking_history (id, booking_id, status, changed_at) VALUES ('8db16392-48c3-4be7-868b-8f389d29001c', 'cbb43398-080f-4f24-a8b2-2b1d1e01d8eb', 'PENDING', '2023-11-14 00:00:00');
INSERT INTO motorbike_booking_history (id, booking_id, status, changed_at) VALUES ('e665779d-b4cb-400f-af12-fa0fa472a3e8', 'cbb43398-080f-4f24-a8b2-2b1d1e01d8eb', 'COMPLETED', '2023-11-14 02:00:00');
INSERT INTO motorbike_bookings (id, motorbike_id, renter_id, owner_id, status, start_date, end_date, total_days, price_per_day, base_price, service_fee, taxes, total, deposit, created_at) VALUES ('cf2c2b5f-f7dc-441b-8d1d-4e6bb8491528', 'BIKE-2', 'B2C3D4E5-F6G7-8901-BCDE-234567890123', 'E5F6G7H8-I9J0-1234-EFGH-567890123456', 'COMPLETED', '2023-06-16', '2023-06-21', 5, 200000, 1000000, 100000.0, 80000.0, 1180000.0, 400000, '2023-06-05 00:00:00');
INSERT INTO motorbike_booking_history (id, booking_id, status, changed_at) VALUES ('0942f70b-79d0-41e9-bf94-f956e9534cec', 'cf2c2b5f-f7dc-441b-8d1d-4e6bb8491528', 'PENDING', '2023-06-05 00:00:00');
INSERT INTO motorbike_booking_history (id, booking_id, status, changed_at) VALUES ('60743820-0a92-4b95-a168-2f9ca9258514', 'cf2c2b5f-f7dc-441b-8d1d-4e6bb8491528', 'COMPLETED', '2023-06-05 02:00:00');
INSERT INTO motorbike_bookings (id, motorbike_id, renter_id, owner_id, status, start_date, end_date, total_days, price_per_day, base_price, service_fee, taxes, total, deposit, created_at) VALUES ('3295d7b4-26da-4794-8ee2-a03e6cd83e98', 'BIKE-3', 'B2C3D4E5-F6G7-8901-BCDE-234567890123', 'E5F6G7H8-I9J0-1234-EFGH-567890123456', 'COMPLETED', '2023-06-22', '2023-06-25', 3, 120000, 360000, 36000.0, 28800.0, 424800.0, 240000, '2023-06-09 00:00:00');
INSERT INTO motorbike_booking_history (id, booking_id, status, changed_at) VALUES ('366bc0ef-e67d-4d07-be59-69e65066a09a', '3295d7b4-26da-4794-8ee2-a03e6cd83e98', 'PENDING', '2023-06-09 00:00:00');
INSERT INTO motorbike_booking_history (id, booking_id, status, changed_at) VALUES ('5c50a7e5-fe12-4814-8991-7d9afbbae43f', '3295d7b4-26da-4794-8ee2-a03e6cd83e98', 'COMPLETED', '2023-06-09 02:00:00');
INSERT INTO motorbike_bookings (id, motorbike_id, renter_id, owner_id, status, start_date, end_date, total_days, price_per_day, base_price, service_fee, taxes, total, deposit, created_at) VALUES ('07afec35-5170-4669-871d-53c52b24d645', 'BIKE-3', 'B2C3D4E5-F6G7-8901-BCDE-234567890123', 'E5F6G7H8-I9J0-1234-EFGH-567890123456', 'COMPLETED', '2024-01-22', '2024-01-28', 6, 120000, 720000, 72000.0, 57600.0, 849600.0, 240000, '2024-01-10 00:00:00');
INSERT INTO motorbike_booking_history (id, booking_id, status, changed_at) VALUES ('c6777643-80fa-48ac-a7ea-881e25515d76', '07afec35-5170-4669-871d-53c52b24d645', 'PENDING', '2024-01-10 00:00:00');
INSERT INTO motorbike_booking_history (id, booking_id, status, changed_at) VALUES ('d3b74610-c09b-4fbe-85fe-a98013b3ad90', '07afec35-5170-4669-871d-53c52b24d645', 'COMPLETED', '2024-01-10 02:00:00');
INSERT INTO motorbike_bookings (id, motorbike_id, renter_id, owner_id, status, start_date, end_date, total_days, price_per_day, base_price, service_fee, taxes, total, deposit, created_at) VALUES ('f10a1d68-da49-445a-8b02-4c0850bd18a8', 'BIKE-2', 'B2C3D4E5-F6G7-8901-BCDE-234567890123', 'E5F6G7H8-I9J0-1234-EFGH-567890123456', 'CANCELLED', '2023-02-17', '2023-02-26', 9, 200000, 1800000, 180000.0, 144000.0, 2124000.0, 400000, '2023-02-14 00:00:00');
INSERT INTO motorbike_booking_history (id, booking_id, status, changed_at) VALUES ('66261c2d-b47c-4e1b-81ee-bdfd07528689', 'f10a1d68-da49-445a-8b02-4c0850bd18a8', 'PENDING', '2023-02-14 00:00:00');
INSERT INTO motorbike_booking_history (id, booking_id, status, changed_at) VALUES ('06b12287-6fcf-46f0-800f-385b400ed455', 'f10a1d68-da49-445a-8b02-4c0850bd18a8', 'CANCELLED', '2023-02-14 02:00:00');
INSERT INTO motorbike_bookings (id, motorbike_id, renter_id, owner_id, status, start_date, end_date, total_days, price_per_day, base_price, service_fee, taxes, total, deposit, created_at) VALUES ('583bae85-587c-4d6b-a8d1-7a3de81b765a', 'BIKE-2', 'B2C3D4E5-F6G7-8901-BCDE-234567890123', 'E5F6G7H8-I9J0-1234-EFGH-567890123456', 'COMPLETED', '2023-04-28', '2023-05-05', 7, 200000, 1400000, 140000.0, 112000.0, 1652000.0, 400000, '2023-04-15 00:00:00');
INSERT INTO motorbike_booking_history (id, booking_id, status, changed_at) VALUES ('3a4cde2a-2a9b-4899-a884-2f443e39435d', '583bae85-587c-4d6b-a8d1-7a3de81b765a', 'PENDING', '2023-04-15 00:00:00');
INSERT INTO motorbike_booking_history (id, booking_id, status, changed_at) VALUES ('43158a2e-7aea-4c65-b6d9-67030e008c87', '583bae85-587c-4d6b-a8d1-7a3de81b765a', 'COMPLETED', '2023-04-15 02:00:00');
INSERT INTO motorbike_bookings (id, motorbike_id, renter_id, owner_id, status, start_date, end_date, total_days, price_per_day, base_price, service_fee, taxes, total, deposit, created_at) VALUES ('ce42302d-320e-4091-99ae-4d6f67469820', 'BIKE-1', 'D4E5F6G7-H8I9-0123-DEFG-456789012345', 'E5F6G7H8-I9J0-1234-EFGH-567890123456', 'COMPLETED', '2023-11-11', '2023-11-18', 7, 150000, 1050000, 105000.0, 84000.0, 1239000.0, 300000, '2023-11-08 00:00:00');
INSERT INTO motorbike_booking_history (id, booking_id, status, changed_at) VALUES ('659c5b16-4b8f-4bb1-84f6-9a95243d41a5', 'ce42302d-320e-4091-99ae-4d6f67469820', 'PENDING', '2023-11-08 00:00:00');
INSERT INTO motorbike_booking_history (id, booking_id, status, changed_at) VALUES ('e6aaa923-a033-4a8e-8b45-a1bdb9866038', 'ce42302d-320e-4091-99ae-4d6f67469820', 'COMPLETED', '2023-11-08 02:00:00');
INSERT INTO motorbike_bookings (id, motorbike_id, renter_id, owner_id, status, start_date, end_date, total_days, price_per_day, base_price, service_fee, taxes, total, deposit, created_at) VALUES ('e9729a04-f003-470f-82bf-586274a214a1', 'BIKE-1', 'D4E5F6G7-H8I9-0123-DEFG-456789012345', 'E5F6G7H8-I9J0-1234-EFGH-567890123456', 'COMPLETED', '2023-11-19', '2023-11-26', 7, 150000, 1050000, 105000.0, 84000.0, 1239000.0, 300000, '2023-11-16 00:00:00');
INSERT INTO motorbike_booking_history (id, booking_id, status, changed_at) VALUES ('90e3121a-7cc6-4824-82e6-7f7cd9d8bbe7', 'e9729a04-f003-470f-82bf-586274a214a1', 'PENDING', '2023-11-16 00:00:00');
INSERT INTO motorbike_booking_history (id, booking_id, status, changed_at) VALUES ('ef1ba330-b79e-4123-b170-e4cb8ddfabf4', 'e9729a04-f003-470f-82bf-586274a214a1', 'COMPLETED', '2023-11-16 02:00:00');
INSERT INTO motorbike_bookings (id, motorbike_id, renter_id, owner_id, status, start_date, end_date, total_days, price_per_day, base_price, service_fee, taxes, total, deposit, created_at) VALUES ('de9e7c3a-6bbc-454a-aafd-93637369ff90', 'BIKE-3', 'C3D4E5F6-G7H8-9012-CDEF-345678901234', 'E5F6G7H8-I9J0-1234-EFGH-567890123456', 'COMPLETED', '2023-05-11', '2023-05-17', 6, 120000, 720000, 72000.0, 57600.0, 849600.0, 240000, '2023-04-27 00:00:00');
INSERT INTO motorbike_booking_history (id, booking_id, status, changed_at) VALUES ('1666829d-b8d0-457b-93b0-5d34c29b8757', 'de9e7c3a-6bbc-454a-aafd-93637369ff90', 'PENDING', '2023-04-27 00:00:00');
INSERT INTO motorbike_booking_history (id, booking_id, status, changed_at) VALUES ('9c2578f6-1eb8-4438-97af-0a76c78f2724', 'de9e7c3a-6bbc-454a-aafd-93637369ff90', 'COMPLETED', '2023-04-27 02:00:00');
INSERT INTO motorbike_bookings (id, motorbike_id, renter_id, owner_id, status, start_date, end_date, total_days, price_per_day, base_price, service_fee, taxes, total, deposit, created_at) VALUES ('f55fa028-320d-45a1-9fa1-dfc9f9d034bd', 'BIKE-2', 'D4E5F6G7-H8I9-0123-DEFG-456789012345', 'E5F6G7H8-I9J0-1234-EFGH-567890123456', 'CANCELLED', '2024-05-14', '2024-05-23', 9, 200000, 1800000, 180000.0, 144000.0, 2124000.0, 400000, '2024-05-03 00:00:00');
INSERT INTO motorbike_booking_history (id, booking_id, status, changed_at) VALUES ('d288a324-a5bb-43c4-899e-b7670f346890', 'f55fa028-320d-45a1-9fa1-dfc9f9d034bd', 'PENDING', '2024-05-03 00:00:00');
INSERT INTO motorbike_booking_history (id, booking_id, status, changed_at) VALUES ('e3194f6e-b59e-435e-a9cc-9859495e7e6a', 'f55fa028-320d-45a1-9fa1-dfc9f9d034bd', 'CANCELLED', '2024-05-03 02:00:00');
INSERT INTO motorbike_bookings (id, motorbike_id, renter_id, owner_id, status, start_date, end_date, total_days, price_per_day, base_price, service_fee, taxes, total, deposit, created_at) VALUES ('113890fa-9409-4ff2-bf5e-2fbd366e9011', 'BIKE-3', 'B2C3D4E5-F6G7-8901-BCDE-234567890123', 'E5F6G7H8-I9J0-1234-EFGH-567890123456', 'CANCELLED', '2023-04-05', '2023-04-14', 9, 120000, 1080000, 108000.0, 86400.0, 1274400.0, 240000, '2023-03-30 00:00:00');
INSERT INTO motorbike_booking_history (id, booking_id, status, changed_at) VALUES ('2386d1db-dbca-492a-a601-ded78e530796', '113890fa-9409-4ff2-bf5e-2fbd366e9011', 'PENDING', '2023-03-30 00:00:00');
INSERT INTO motorbike_booking_history (id, booking_id, status, changed_at) VALUES ('95cd6dc9-20bc-41a5-8a71-ba37d1274d3b', '113890fa-9409-4ff2-bf5e-2fbd366e9011', 'CANCELLED', '2023-03-30 02:00:00');
INSERT INTO motorbike_bookings (id, motorbike_id, renter_id, owner_id, status, start_date, end_date, total_days, price_per_day, base_price, service_fee, taxes, total, deposit, created_at) VALUES ('242f9b26-a6a2-4958-8f85-ac1bd0ed4b9f', 'BIKE-3', 'B2C3D4E5-F6G7-8901-BCDE-234567890123', 'E5F6G7H8-I9J0-1234-EFGH-567890123456', 'COMPLETED', '2023-07-04', '2023-07-10', 6, 120000, 720000, 72000.0, 57600.0, 849600.0, 240000, '2023-06-28 00:00:00');
INSERT INTO motorbike_booking_history (id, booking_id, status, changed_at) VALUES ('cd49354e-a1bf-481d-a4db-847743232f99', '242f9b26-a6a2-4958-8f85-ac1bd0ed4b9f', 'PENDING', '2023-06-28 00:00:00');
INSERT INTO motorbike_booking_history (id, booking_id, status, changed_at) VALUES ('74dc04b4-752b-4c62-b8c8-eecb302261f4', '242f9b26-a6a2-4958-8f85-ac1bd0ed4b9f', 'COMPLETED', '2023-06-28 02:00:00');
INSERT INTO motorbike_bookings (id, motorbike_id, renter_id, owner_id, status, start_date, end_date, total_days, price_per_day, base_price, service_fee, taxes, total, deposit, created_at) VALUES ('fd2fff4a-9f5d-4874-a1fe-b7b047cd1ac9', 'BIKE-1', 'C3D4E5F6-G7H8-9012-CDEF-345678901234', 'E5F6G7H8-I9J0-1234-EFGH-567890123456', 'COMPLETED', '2024-03-02', '2024-03-04', 2, 150000, 300000, 30000.0, 24000.0, 354000.0, 300000, '2024-02-25 00:00:00');
INSERT INTO motorbike_booking_history (id, booking_id, status, changed_at) VALUES ('55bd5b33-53b6-4d8e-96e3-9f2044cd2552', 'fd2fff4a-9f5d-4874-a1fe-b7b047cd1ac9', 'PENDING', '2024-02-25 00:00:00');
INSERT INTO motorbike_booking_history (id, booking_id, status, changed_at) VALUES ('b0e034f0-bcdb-4d27-a6ab-d4980bce7eba', 'fd2fff4a-9f5d-4874-a1fe-b7b047cd1ac9', 'COMPLETED', '2024-02-25 02:00:00');
INSERT INTO motorbike_bookings (id, motorbike_id, renter_id, owner_id, status, start_date, end_date, total_days, price_per_day, base_price, service_fee, taxes, total, deposit, created_at) VALUES ('b7b75458-88ca-41e2-9610-cf469d6a7a5f', 'BIKE-3', 'B2C3D4E5-F6G7-8901-BCDE-234567890123', 'E5F6G7H8-I9J0-1234-EFGH-567890123456', 'CANCELLED', '2023-04-23', '2023-04-30', 7, 120000, 840000, 84000.0, 67200.0, 991200.0, 240000, '2023-04-20 00:00:00');
INSERT INTO motorbike_booking_history (id, booking_id, status, changed_at) VALUES ('89de29b0-7cab-4c16-b4c2-cbe053af5a25', 'b7b75458-88ca-41e2-9610-cf469d6a7a5f', 'PENDING', '2023-04-20 00:00:00');
INSERT INTO motorbike_booking_history (id, booking_id, status, changed_at) VALUES ('f9e55e1e-5c1d-4a98-b7f6-1bd78d131c5e', 'b7b75458-88ca-41e2-9610-cf469d6a7a5f', 'CANCELLED', '2023-04-20 02:00:00');
INSERT INTO motorbike_bookings (id, motorbike_id, renter_id, owner_id, status, start_date, end_date, total_days, price_per_day, base_price, service_fee, taxes, total, deposit, created_at) VALUES ('e24e5170-2905-4310-8ac5-e9667b0603f2', 'BIKE-1', 'D4E5F6G7-H8I9-0123-DEFG-456789012345', 'E5F6G7H8-I9J0-1234-EFGH-567890123456', 'COMPLETED', '2023-03-16', '2023-03-22', 6, 150000, 900000, 90000.0, 72000.0, 1062000.0, 300000, '2023-03-12 00:00:00');
INSERT INTO motorbike_booking_history (id, booking_id, status, changed_at) VALUES ('2901efcd-7bbe-40a4-bdb7-06a7c7eb199b', 'e24e5170-2905-4310-8ac5-e9667b0603f2', 'PENDING', '2023-03-12 00:00:00');
INSERT INTO motorbike_booking_history (id, booking_id, status, changed_at) VALUES ('69bb8462-ab7e-4996-a820-ae7a7ce50f66', 'e24e5170-2905-4310-8ac5-e9667b0603f2', 'COMPLETED', '2023-03-12 02:00:00');
INSERT INTO motorbike_bookings (id, motorbike_id, renter_id, owner_id, status, start_date, end_date, total_days, price_per_day, base_price, service_fee, taxes, total, deposit, created_at) VALUES ('495b3681-4d18-48d7-b5ee-585efa555a86', 'BIKE-3', 'C3D4E5F6-G7H8-9012-CDEF-345678901234', 'E5F6G7H8-I9J0-1234-EFGH-567890123456', 'COMPLETED', '2023-06-12', '2023-06-21', 9, 120000, 1080000, 108000.0, 86400.0, 1274400.0, 240000, '2023-06-10 00:00:00');
INSERT INTO motorbike_booking_history (id, booking_id, status, changed_at) VALUES ('1c264209-715b-4910-bff8-d8d7953528cc', '495b3681-4d18-48d7-b5ee-585efa555a86', 'PENDING', '2023-06-10 00:00:00');
INSERT INTO motorbike_booking_history (id, booking_id, status, changed_at) VALUES ('edf9f8b8-b609-426c-91a7-04e4ed7f8cbc', '495b3681-4d18-48d7-b5ee-585efa555a86', 'COMPLETED', '2023-06-10 02:00:00');
INSERT INTO motorbike_bookings (id, motorbike_id, renter_id, owner_id, status, start_date, end_date, total_days, price_per_day, base_price, service_fee, taxes, total, deposit, created_at) VALUES ('dae6cbd4-bc53-465b-a9de-ce89ed0cd937', 'BIKE-3', 'C3D4E5F6-G7H8-9012-CDEF-345678901234', 'E5F6G7H8-I9J0-1234-EFGH-567890123456', 'COMPLETED', '2023-02-14', '2023-02-21', 7, 120000, 840000, 84000.0, 67200.0, 991200.0, 240000, '2023-02-03 00:00:00');
INSERT INTO motorbike_booking_history (id, booking_id, status, changed_at) VALUES ('7fc30019-5610-464b-ba6f-844514cfc9ec', 'dae6cbd4-bc53-465b-a9de-ce89ed0cd937', 'PENDING', '2023-02-03 00:00:00');
INSERT INTO motorbike_booking_history (id, booking_id, status, changed_at) VALUES ('12f768b9-8aaa-48f1-9099-8bda7e41ffa7', 'dae6cbd4-bc53-465b-a9de-ce89ed0cd937', 'COMPLETED', '2023-02-03 02:00:00');
INSERT INTO motorbike_bookings (id, motorbike_id, renter_id, owner_id, status, start_date, end_date, total_days, price_per_day, base_price, service_fee, taxes, total, deposit, created_at) VALUES ('58a1c921-2e04-4fad-af89-e51982eac4a8', 'BIKE-2', 'B2C3D4E5-F6G7-8901-BCDE-234567890123', 'E5F6G7H8-I9J0-1234-EFGH-567890123456', 'COMPLETED', '2023-03-16', '2023-03-23', 7, 200000, 1400000, 140000.0, 112000.0, 1652000.0, 400000, '2023-03-10 00:00:00');
INSERT INTO motorbike_booking_history (id, booking_id, status, changed_at) VALUES ('bd76a008-4789-48c4-8a89-977de8b5e831', '58a1c921-2e04-4fad-af89-e51982eac4a8', 'PENDING', '2023-03-10 00:00:00');
INSERT INTO motorbike_booking_history (id, booking_id, status, changed_at) VALUES ('f77a7bbf-da28-440f-9e6a-9c7c9da370dd', '58a1c921-2e04-4fad-af89-e51982eac4a8', 'COMPLETED', '2023-03-10 02:00:00');
INSERT INTO motorbike_bookings (id, motorbike_id, renter_id, owner_id, status, start_date, end_date, total_days, price_per_day, base_price, service_fee, taxes, total, deposit, created_at) VALUES ('1e121adf-61e8-428c-918f-77aba9bac0d1', 'BIKE-2', 'D4E5F6G7-H8I9-0123-DEFG-456789012345', 'E5F6G7H8-I9J0-1234-EFGH-567890123456', 'CANCELLED', '2024-03-04', '2024-03-13', 9, 200000, 1800000, 180000.0, 144000.0, 2124000.0, 400000, '2024-02-27 00:00:00');
INSERT INTO motorbike_booking_history (id, booking_id, status, changed_at) VALUES ('4fae757d-649e-4e26-8e3b-4bfa7cd7c73d', '1e121adf-61e8-428c-918f-77aba9bac0d1', 'PENDING', '2024-02-27 00:00:00');
INSERT INTO motorbike_booking_history (id, booking_id, status, changed_at) VALUES ('0324033b-923f-478a-a9c8-b12cd9437292', '1e121adf-61e8-428c-918f-77aba9bac0d1', 'CANCELLED', '2024-02-27 02:00:00');
INSERT INTO motorbike_bookings (id, motorbike_id, renter_id, owner_id, status, start_date, end_date, total_days, price_per_day, base_price, service_fee, taxes, total, deposit, created_at) VALUES ('5b6f48c1-f919-482c-90d9-53ec746edb99', 'BIKE-3', 'D4E5F6G7-H8I9-0123-DEFG-456789012345', 'E5F6G7H8-I9J0-1234-EFGH-567890123456', 'COMPLETED', '2023-11-22', '2023-11-24', 2, 120000, 240000, 24000.0, 19200.0, 283200.0, 240000, '2023-11-09 00:00:00');
INSERT INTO motorbike_booking_history (id, booking_id, status, changed_at) VALUES ('b3240e62-fd86-417a-9860-5bbfc9484149', '5b6f48c1-f919-482c-90d9-53ec746edb99', 'PENDING', '2023-11-09 00:00:00');
INSERT INTO motorbike_booking_history (id, booking_id, status, changed_at) VALUES ('93fc2fb7-2949-4a44-acd3-760577450ac6', '5b6f48c1-f919-482c-90d9-53ec746edb99', 'COMPLETED', '2023-11-09 02:00:00');
INSERT INTO motorbike_bookings (id, motorbike_id, renter_id, owner_id, status, start_date, end_date, total_days, price_per_day, base_price, service_fee, taxes, total, deposit, created_at) VALUES ('8976184c-a745-4e72-96aa-bc09b883c474', 'BIKE-3', 'C3D4E5F6-G7H8-9012-CDEF-345678901234', 'E5F6G7H8-I9J0-1234-EFGH-567890123456', 'COMPLETED', '2024-03-23', '2024-03-30', 7, 120000, 840000, 84000.0, 67200.0, 991200.0, 240000, '2024-03-14 00:00:00');
INSERT INTO motorbike_booking_history (id, booking_id, status, changed_at) VALUES ('4c377b81-de16-4c84-98ff-8337b63efe34', '8976184c-a745-4e72-96aa-bc09b883c474', 'PENDING', '2024-03-14 00:00:00');
INSERT INTO motorbike_booking_history (id, booking_id, status, changed_at) VALUES ('67e8808b-4feb-4201-83ca-bdd61374888d', '8976184c-a745-4e72-96aa-bc09b883c474', 'COMPLETED', '2024-03-14 02:00:00');
INSERT INTO motorbike_bookings (id, motorbike_id, renter_id, owner_id, status, start_date, end_date, total_days, price_per_day, base_price, service_fee, taxes, total, deposit, created_at) VALUES ('43164910-5a8a-4627-b813-63b98e78fb36', 'BIKE-1', 'C3D4E5F6-G7H8-9012-CDEF-345678901234', 'E5F6G7H8-I9J0-1234-EFGH-567890123456', 'COMPLETED', '2024-05-15', '2024-05-21', 6, 150000, 900000, 90000.0, 72000.0, 1062000.0, 300000, '2024-05-11 00:00:00');
INSERT INTO motorbike_booking_history (id, booking_id, status, changed_at) VALUES ('244b7f22-79d1-4a6d-983f-887b5d912404', '43164910-5a8a-4627-b813-63b98e78fb36', 'PENDING', '2024-05-11 00:00:00');
INSERT INTO motorbike_booking_history (id, booking_id, status, changed_at) VALUES ('b0b16c34-176d-4ada-b45b-bf258ac1a1ad', '43164910-5a8a-4627-b813-63b98e78fb36', 'COMPLETED', '2024-05-11 02:00:00');
INSERT INTO motorbike_bookings (id, motorbike_id, renter_id, owner_id, status, start_date, end_date, total_days, price_per_day, base_price, service_fee, taxes, total, deposit, created_at) VALUES ('32be850d-0a3c-4915-aff6-30e785aae096', 'BIKE-3', 'C3D4E5F6-G7H8-9012-CDEF-345678901234', 'E5F6G7H8-I9J0-1234-EFGH-567890123456', 'COMPLETED', '2023-07-17', '2023-07-23', 6, 120000, 720000, 72000.0, 57600.0, 849600.0, 240000, '2023-07-09 00:00:00');
INSERT INTO motorbike_booking_history (id, booking_id, status, changed_at) VALUES ('90ade03f-a9bc-4f23-b5d8-f3d37a08bebe', '32be850d-0a3c-4915-aff6-30e785aae096', 'PENDING', '2023-07-09 00:00:00');
INSERT INTO motorbike_booking_history (id, booking_id, status, changed_at) VALUES ('21feaaab-3d1c-441e-8c6d-559740cfa070', '32be850d-0a3c-4915-aff6-30e785aae096', 'COMPLETED', '2023-07-09 02:00:00');
INSERT INTO motorbike_bookings (id, motorbike_id, renter_id, owner_id, status, start_date, end_date, total_days, price_per_day, base_price, service_fee, taxes, total, deposit, created_at) VALUES ('ea4dab0e-9e00-4d39-9024-d5860d64c3be', 'BIKE-3', 'B2C3D4E5-F6G7-8901-BCDE-234567890123', 'E5F6G7H8-I9J0-1234-EFGH-567890123456', 'CANCELLED', '2023-06-02', '2023-06-03', 1, 120000, 120000, 12000.0, 9600.0, 141600.0, 240000, '2023-05-28 00:00:00');
INSERT INTO motorbike_booking_history (id, booking_id, status, changed_at) VALUES ('e5bb8fa3-b616-4205-a95a-2c6e8472858d', 'ea4dab0e-9e00-4d39-9024-d5860d64c3be', 'PENDING', '2023-05-28 00:00:00');
INSERT INTO motorbike_booking_history (id, booking_id, status, changed_at) VALUES ('20b41e02-35f8-458a-8906-ddf2bf8bdd46', 'ea4dab0e-9e00-4d39-9024-d5860d64c3be', 'CANCELLED', '2023-05-28 02:00:00');
INSERT INTO motorbike_bookings (id, motorbike_id, renter_id, owner_id, status, start_date, end_date, total_days, price_per_day, base_price, service_fee, taxes, total, deposit, created_at) VALUES ('42daaab1-d5eb-403a-a02b-ab4e75da8c03', 'BIKE-1', 'C3D4E5F6-G7H8-9012-CDEF-345678901234', 'E5F6G7H8-I9J0-1234-EFGH-567890123456', 'COMPLETED', '2023-04-30', '2023-05-07', 7, 150000, 1050000, 105000.0, 84000.0, 1239000.0, 300000, '2023-04-24 00:00:00');
INSERT INTO motorbike_booking_history (id, booking_id, status, changed_at) VALUES ('79fdf7bd-19ae-4f0d-a843-6a86dff13423', '42daaab1-d5eb-403a-a02b-ab4e75da8c03', 'PENDING', '2023-04-24 00:00:00');
INSERT INTO motorbike_booking_history (id, booking_id, status, changed_at) VALUES ('97f2263c-3263-4885-8bf7-35caecf02749', '42daaab1-d5eb-403a-a02b-ab4e75da8c03', 'COMPLETED', '2023-04-24 02:00:00');
INSERT INTO motorbike_bookings (id, motorbike_id, renter_id, owner_id, status, start_date, end_date, total_days, price_per_day, base_price, service_fee, taxes, total, deposit, created_at) VALUES ('9702a45d-bec2-46c3-af42-d398e75be903', 'BIKE-1', 'C3D4E5F6-G7H8-9012-CDEF-345678901234', 'E5F6G7H8-I9J0-1234-EFGH-567890123456', 'COMPLETED', '2024-05-05', '2024-05-14', 9, 150000, 1350000, 135000.0, 108000.0, 1593000.0, 300000, '2024-05-03 00:00:00');
INSERT INTO motorbike_booking_history (id, booking_id, status, changed_at) VALUES ('414b9bb7-b9d5-45cb-8420-701fcb85f419', '9702a45d-bec2-46c3-af42-d398e75be903', 'PENDING', '2024-05-03 00:00:00');
INSERT INTO motorbike_booking_history (id, booking_id, status, changed_at) VALUES ('4b40347a-b89b-47e2-9858-a2608c6fe119', '9702a45d-bec2-46c3-af42-d398e75be903', 'COMPLETED', '2024-05-03 02:00:00');
INSERT INTO motorbike_bookings (id, motorbike_id, renter_id, owner_id, status, start_date, end_date, total_days, price_per_day, base_price, service_fee, taxes, total, deposit, created_at) VALUES ('1789ecd0-72f9-4af1-afbe-613588729258', 'BIKE-2', 'B2C3D4E5-F6G7-8901-BCDE-234567890123', 'E5F6G7H8-I9J0-1234-EFGH-567890123456', 'COMPLETED', '2023-01-05', '2023-01-09', 4, 200000, 800000, 80000.0, 64000.0, 944000.0, 400000, '2022-12-28 00:00:00');
INSERT INTO motorbike_booking_history (id, booking_id, status, changed_at) VALUES ('513a36b0-0dab-4814-aa13-9880aef7aec2', '1789ecd0-72f9-4af1-afbe-613588729258', 'PENDING', '2022-12-28 00:00:00');
INSERT INTO motorbike_booking_history (id, booking_id, status, changed_at) VALUES ('3196e038-684a-49bb-9723-b9bf5b9a7cf8', '1789ecd0-72f9-4af1-afbe-613588729258', 'COMPLETED', '2022-12-28 02:00:00');
INSERT INTO motorbike_bookings (id, motorbike_id, renter_id, owner_id, status, start_date, end_date, total_days, price_per_day, base_price, service_fee, taxes, total, deposit, created_at) VALUES ('3b1c875a-3a0e-4d80-b5d3-1f58ea24e96f', 'BIKE-1', 'C3D4E5F6-G7H8-9012-CDEF-345678901234', 'E5F6G7H8-I9J0-1234-EFGH-567890123456', 'COMPLETED', '2023-01-13', '2023-01-15', 2, 150000, 300000, 30000.0, 24000.0, 354000.0, 300000, '2023-01-06 00:00:00');
INSERT INTO motorbike_booking_history (id, booking_id, status, changed_at) VALUES ('bc77118b-0a02-49e2-aedf-87436e062d3e', '3b1c875a-3a0e-4d80-b5d3-1f58ea24e96f', 'PENDING', '2023-01-06 00:00:00');
INSERT INTO motorbike_booking_history (id, booking_id, status, changed_at) VALUES ('39be3f85-bbd4-4bca-b673-8e366a5ea659', '3b1c875a-3a0e-4d80-b5d3-1f58ea24e96f', 'COMPLETED', '2023-01-06 02:00:00');
INSERT INTO motorbike_bookings (id, motorbike_id, renter_id, owner_id, status, start_date, end_date, total_days, price_per_day, base_price, service_fee, taxes, total, deposit, created_at) VALUES ('4a46ab4a-377a-441d-9134-b85c06cce4d5', 'BIKE-3', 'B2C3D4E5-F6G7-8901-BCDE-234567890123', 'E5F6G7H8-I9J0-1234-EFGH-567890123456', 'COMPLETED', '2023-08-10', '2023-08-18', 8, 120000, 960000, 96000.0, 76800.0, 1132800.0, 240000, '2023-08-05 00:00:00');
INSERT INTO motorbike_booking_history (id, booking_id, status, changed_at) VALUES ('d75d0a8d-10de-46de-84b0-1ab80f45ca5d', '4a46ab4a-377a-441d-9134-b85c06cce4d5', 'PENDING', '2023-08-05 00:00:00');
INSERT INTO motorbike_booking_history (id, booking_id, status, changed_at) VALUES ('c6c7d23a-1ad8-458b-bba2-98fec15cdd25', '4a46ab4a-377a-441d-9134-b85c06cce4d5', 'COMPLETED', '2023-08-05 02:00:00');
INSERT INTO motorbike_bookings (id, motorbike_id, renter_id, owner_id, status, start_date, end_date, total_days, price_per_day, base_price, service_fee, taxes, total, deposit, created_at) VALUES ('9de8cf2d-f752-417c-9541-dc04da36ef42', 'BIKE-1', 'C3D4E5F6-G7H8-9012-CDEF-345678901234', 'E5F6G7H8-I9J0-1234-EFGH-567890123456', 'CANCELLED', '2024-05-07', '2024-05-15', 8, 150000, 1200000, 120000.0, 96000.0, 1416000.0, 300000, '2024-05-04 00:00:00');
INSERT INTO motorbike_booking_history (id, booking_id, status, changed_at) VALUES ('a6d8575d-8959-409f-9dc1-94cb176e9b4d', '9de8cf2d-f752-417c-9541-dc04da36ef42', 'PENDING', '2024-05-04 00:00:00');
INSERT INTO motorbike_booking_history (id, booking_id, status, changed_at) VALUES ('35b2a88a-2e0c-4bda-9088-26b41250df6e', '9de8cf2d-f752-417c-9541-dc04da36ef42', 'CANCELLED', '2024-05-04 02:00:00');
INSERT INTO motorbike_bookings (id, motorbike_id, renter_id, owner_id, status, start_date, end_date, total_days, price_per_day, base_price, service_fee, taxes, total, deposit, created_at) VALUES ('74693fae-40fa-4584-b966-45f87ae7f55e', 'BIKE-1', 'B2C3D4E5-F6G7-8901-BCDE-234567890123', 'E5F6G7H8-I9J0-1234-EFGH-567890123456', 'CANCELLED', '2023-11-16', '2023-11-21', 5, 150000, 750000, 75000.0, 60000.0, 885000.0, 300000, '2023-11-14 00:00:00');
INSERT INTO motorbike_booking_history (id, booking_id, status, changed_at) VALUES ('2b175f27-b7f3-4ebc-a515-427ab42929ae', '74693fae-40fa-4584-b966-45f87ae7f55e', 'PENDING', '2023-11-14 00:00:00');
INSERT INTO motorbike_booking_history (id, booking_id, status, changed_at) VALUES ('26fbb3b1-96b5-47d9-ac51-d7f5c562585f', '74693fae-40fa-4584-b966-45f87ae7f55e', 'CANCELLED', '2023-11-14 02:00:00');
INSERT INTO motorbike_bookings (id, motorbike_id, renter_id, owner_id, status, start_date, end_date, total_days, price_per_day, base_price, service_fee, taxes, total, deposit, created_at) VALUES ('ac53cbfc-8155-4abb-8cd0-fe4ca274decb', 'BIKE-2', 'D4E5F6G7-H8I9-0123-DEFG-456789012345', 'E5F6G7H8-I9J0-1234-EFGH-567890123456', 'COMPLETED', '2023-12-11', '2023-12-12', 1, 200000, 200000, 20000.0, 16000.0, 236000.0, 400000, '2023-11-30 00:00:00');
INSERT INTO motorbike_booking_history (id, booking_id, status, changed_at) VALUES ('406ee52c-0391-40bd-8963-69e4d6a47b6c', 'ac53cbfc-8155-4abb-8cd0-fe4ca274decb', 'PENDING', '2023-11-30 00:00:00');
INSERT INTO motorbike_booking_history (id, booking_id, status, changed_at) VALUES ('f72d4ce7-7a3d-4550-94c6-41208907c68d', 'ac53cbfc-8155-4abb-8cd0-fe4ca274decb', 'COMPLETED', '2023-11-30 02:00:00');
INSERT INTO motorbike_bookings (id, motorbike_id, renter_id, owner_id, status, start_date, end_date, total_days, price_per_day, base_price, service_fee, taxes, total, deposit, created_at) VALUES ('8fc6bf64-111a-48c9-abf0-c9cb9f04bde4', 'BIKE-3', 'C3D4E5F6-G7H8-9012-CDEF-345678901234', 'E5F6G7H8-I9J0-1234-EFGH-567890123456', 'CANCELLED', '2024-04-07', '2024-04-12', 5, 120000, 600000, 60000.0, 48000.0, 708000.0, 240000, '2024-04-01 00:00:00');
INSERT INTO motorbike_booking_history (id, booking_id, status, changed_at) VALUES ('88997874-5d05-4a59-acaa-b6d5c36565d9', '8fc6bf64-111a-48c9-abf0-c9cb9f04bde4', 'PENDING', '2024-04-01 00:00:00');
INSERT INTO motorbike_booking_history (id, booking_id, status, changed_at) VALUES ('ce577a0e-755f-4af8-b441-c0a7c0c46667', '8fc6bf64-111a-48c9-abf0-c9cb9f04bde4', 'CANCELLED', '2024-04-01 02:00:00');
INSERT INTO motorbike_bookings (id, motorbike_id, renter_id, owner_id, status, start_date, end_date, total_days, price_per_day, base_price, service_fee, taxes, total, deposit, created_at) VALUES ('59b3ffbd-86f9-48e1-a235-9e44d6f4fca3', 'BIKE-1', 'D4E5F6G7-H8I9-0123-DEFG-456789012345', 'E5F6G7H8-I9J0-1234-EFGH-567890123456', 'COMPLETED', '2023-02-27', '2023-03-08', 9, 150000, 1350000, 135000.0, 108000.0, 1593000.0, 300000, '2023-02-13 00:00:00');
INSERT INTO motorbike_booking_history (id, booking_id, status, changed_at) VALUES ('d45858c3-9235-4458-b168-0f94100e58a0', '59b3ffbd-86f9-48e1-a235-9e44d6f4fca3', 'PENDING', '2023-02-13 00:00:00');
INSERT INTO motorbike_booking_history (id, booking_id, status, changed_at) VALUES ('1c713967-fad6-489c-aac3-feea626da2be', '59b3ffbd-86f9-48e1-a235-9e44d6f4fca3', 'COMPLETED', '2023-02-13 02:00:00');
INSERT INTO motorbike_bookings (id, motorbike_id, renter_id, owner_id, status, start_date, end_date, total_days, price_per_day, base_price, service_fee, taxes, total, deposit, created_at) VALUES ('9ff2d523-d89d-4da3-ad38-3632e1dd7b78', 'BIKE-2', 'C3D4E5F6-G7H8-9012-CDEF-345678901234', 'E5F6G7H8-I9J0-1234-EFGH-567890123456', 'COMPLETED', '2023-08-28', '2023-09-02', 5, 200000, 1000000, 100000.0, 80000.0, 1180000.0, 400000, '2023-08-27 00:00:00');
INSERT INTO motorbike_booking_history (id, booking_id, status, changed_at) VALUES ('801022bd-5cf9-4e54-8ec6-c6edb1cf252a', '9ff2d523-d89d-4da3-ad38-3632e1dd7b78', 'PENDING', '2023-08-27 00:00:00');
INSERT INTO motorbike_booking_history (id, booking_id, status, changed_at) VALUES ('0eed7665-b9e9-4c43-ab1d-385135949ad4', '9ff2d523-d89d-4da3-ad38-3632e1dd7b78', 'COMPLETED', '2023-08-27 02:00:00');
INSERT INTO motorbike_bookings (id, motorbike_id, renter_id, owner_id, status, start_date, end_date, total_days, price_per_day, base_price, service_fee, taxes, total, deposit, created_at) VALUES ('d96e47e7-b98f-4026-98de-e7b83291f3f2', 'BIKE-3', 'C3D4E5F6-G7H8-9012-CDEF-345678901234', 'E5F6G7H8-I9J0-1234-EFGH-567890123456', 'COMPLETED', '2023-03-08', '2023-03-13', 5, 120000, 600000, 60000.0, 48000.0, 708000.0, 240000, '2023-03-02 00:00:00');
INSERT INTO motorbike_booking_history (id, booking_id, status, changed_at) VALUES ('f2e20488-b20f-4ec4-844d-3754bdacdf5a', 'd96e47e7-b98f-4026-98de-e7b83291f3f2', 'PENDING', '2023-03-02 00:00:00');
INSERT INTO motorbike_booking_history (id, booking_id, status, changed_at) VALUES ('ff0c29de-990a-4cd0-bc60-5ad1496f7647', 'd96e47e7-b98f-4026-98de-e7b83291f3f2', 'COMPLETED', '2023-03-02 02:00:00');
INSERT INTO motorbike_bookings (id, motorbike_id, renter_id, owner_id, status, start_date, end_date, total_days, price_per_day, base_price, service_fee, taxes, total, deposit, created_at) VALUES ('e1708082-b38b-449b-a707-182b3f8c28b0', 'BIKE-1', 'B2C3D4E5-F6G7-8901-BCDE-234567890123', 'E5F6G7H8-I9J0-1234-EFGH-567890123456', 'COMPLETED', '2023-07-12', '2023-07-13', 1, 150000, 150000, 15000.0, 12000.0, 177000.0, 300000, '2023-07-03 00:00:00');
INSERT INTO motorbike_booking_history (id, booking_id, status, changed_at) VALUES ('da95e198-9387-40a7-b865-cf464f4b3886', 'e1708082-b38b-449b-a707-182b3f8c28b0', 'PENDING', '2023-07-03 00:00:00');
INSERT INTO motorbike_booking_history (id, booking_id, status, changed_at) VALUES ('094e6cb1-f4e3-4786-9aed-02c00693ed74', 'e1708082-b38b-449b-a707-182b3f8c28b0', 'COMPLETED', '2023-07-03 02:00:00');
INSERT INTO motorbike_bookings (id, motorbike_id, renter_id, owner_id, status, start_date, end_date, total_days, price_per_day, base_price, service_fee, taxes, total, deposit, created_at) VALUES ('ff2e6a9d-b82f-402e-8ee0-a1317dcbc9c7', 'BIKE-3', 'B2C3D4E5-F6G7-8901-BCDE-234567890123', 'E5F6G7H8-I9J0-1234-EFGH-567890123456', 'COMPLETED', '2023-05-18', '2023-05-27', 9, 120000, 1080000, 108000.0, 86400.0, 1274400.0, 240000, '2023-05-10 00:00:00');
INSERT INTO motorbike_booking_history (id, booking_id, status, changed_at) VALUES ('39f320e4-ea85-473c-840c-3e38eba9f1c8', 'ff2e6a9d-b82f-402e-8ee0-a1317dcbc9c7', 'PENDING', '2023-05-10 00:00:00');
INSERT INTO motorbike_booking_history (id, booking_id, status, changed_at) VALUES ('c6f02612-00ac-4e79-ad33-40783d7d9b79', 'ff2e6a9d-b82f-402e-8ee0-a1317dcbc9c7', 'COMPLETED', '2023-05-10 02:00:00');
INSERT INTO motorbike_bookings (id, motorbike_id, renter_id, owner_id, status, start_date, end_date, total_days, price_per_day, base_price, service_fee, taxes, total, deposit, created_at) VALUES ('97d482d1-f466-4174-bf00-5724a5171cff', 'BIKE-2', 'B2C3D4E5-F6G7-8901-BCDE-234567890123', 'E5F6G7H8-I9J0-1234-EFGH-567890123456', 'CANCELLED', '2023-04-14', '2023-04-21', 7, 200000, 1400000, 140000.0, 112000.0, 1652000.0, 400000, '2023-04-06 00:00:00');
INSERT INTO motorbike_booking_history (id, booking_id, status, changed_at) VALUES ('88917d30-b1c0-4df0-96da-5940b6ea078e', '97d482d1-f466-4174-bf00-5724a5171cff', 'PENDING', '2023-04-06 00:00:00');
INSERT INTO motorbike_booking_history (id, booking_id, status, changed_at) VALUES ('8c18ebf3-2bf5-40f6-a616-43329a4a7e84', '97d482d1-f466-4174-bf00-5724a5171cff', 'CANCELLED', '2023-04-06 02:00:00');
INSERT INTO motorbike_bookings (id, motorbike_id, renter_id, owner_id, status, start_date, end_date, total_days, price_per_day, base_price, service_fee, taxes, total, deposit, created_at) VALUES ('6ca0d535-1155-41a9-9e51-9cc6af6b577f', 'BIKE-1', 'B2C3D4E5-F6G7-8901-BCDE-234567890123', 'E5F6G7H8-I9J0-1234-EFGH-567890123456', 'COMPLETED', '2023-08-04', '2023-08-08', 4, 150000, 600000, 60000.0, 48000.0, 708000.0, 300000, '2023-08-01 00:00:00');
INSERT INTO motorbike_booking_history (id, booking_id, status, changed_at) VALUES ('faf8b73d-9252-40ac-a446-49ff6cb715ba', '6ca0d535-1155-41a9-9e51-9cc6af6b577f', 'PENDING', '2023-08-01 00:00:00');
INSERT INTO motorbike_booking_history (id, booking_id, status, changed_at) VALUES ('69d09c72-8d48-4a5e-bf21-62deac94a027', '6ca0d535-1155-41a9-9e51-9cc6af6b577f', 'COMPLETED', '2023-08-01 02:00:00');
INSERT INTO motorbike_bookings (id, motorbike_id, renter_id, owner_id, status, start_date, end_date, total_days, price_per_day, base_price, service_fee, taxes, total, deposit, created_at) VALUES ('20e0cbda-06f8-45d0-a3b7-a33606be709f', 'BIKE-3', 'D4E5F6G7-H8I9-0123-DEFG-456789012345', 'E5F6G7H8-I9J0-1234-EFGH-567890123456', 'CANCELLED', '2024-02-22', '2024-03-01', 8, 120000, 960000, 96000.0, 76800.0, 1132800.0, 240000, '2024-02-14 00:00:00');
INSERT INTO motorbike_booking_history (id, booking_id, status, changed_at) VALUES ('3fbcf482-362c-4534-bd53-f7a49daf3b30', '20e0cbda-06f8-45d0-a3b7-a33606be709f', 'PENDING', '2024-02-14 00:00:00');
INSERT INTO motorbike_booking_history (id, booking_id, status, changed_at) VALUES ('7878ca18-24b0-43c7-aa36-2afee858e976', '20e0cbda-06f8-45d0-a3b7-a33606be709f', 'CANCELLED', '2024-02-14 02:00:00');
INSERT INTO motorbike_bookings (id, motorbike_id, renter_id, owner_id, status, start_date, end_date, total_days, price_per_day, base_price, service_fee, taxes, total, deposit, created_at) VALUES ('eba3ec5b-8251-4e7e-ba96-e60c456b300d', 'BIKE-2', 'D4E5F6G7-H8I9-0123-DEFG-456789012345', 'E5F6G7H8-I9J0-1234-EFGH-567890123456', 'COMPLETED', '2024-01-06', '2024-01-14', 8, 200000, 1600000, 160000.0, 128000.0, 1888000.0, 400000, '2023-12-31 00:00:00');
INSERT INTO motorbike_booking_history (id, booking_id, status, changed_at) VALUES ('db814226-def3-41f3-b3a8-2c3a6fd7c284', 'eba3ec5b-8251-4e7e-ba96-e60c456b300d', 'PENDING', '2023-12-31 00:00:00');
INSERT INTO motorbike_booking_history (id, booking_id, status, changed_at) VALUES ('8415a14a-7435-4cc7-8e11-a965fbc0dde7', 'eba3ec5b-8251-4e7e-ba96-e60c456b300d', 'COMPLETED', '2023-12-31 02:00:00');
INSERT INTO motorbike_bookings (id, motorbike_id, renter_id, owner_id, status, start_date, end_date, total_days, price_per_day, base_price, service_fee, taxes, total, deposit, created_at) VALUES ('d3004ac8-f73d-49fe-8ffc-edfc6d3b0230', 'BIKE-1', 'C3D4E5F6-G7H8-9012-CDEF-345678901234', 'E5F6G7H8-I9J0-1234-EFGH-567890123456', 'COMPLETED', '2023-09-19', '2023-09-26', 7, 150000, 1050000, 105000.0, 84000.0, 1239000.0, 300000, '2023-09-10 00:00:00');
INSERT INTO motorbike_booking_history (id, booking_id, status, changed_at) VALUES ('e3aabe2b-c64c-4f1c-91d8-ca27fcd25253', 'd3004ac8-f73d-49fe-8ffc-edfc6d3b0230', 'PENDING', '2023-09-10 00:00:00');
INSERT INTO motorbike_booking_history (id, booking_id, status, changed_at) VALUES ('ad719f07-cbeb-47a5-920d-dd4e0e77a2d1', 'd3004ac8-f73d-49fe-8ffc-edfc6d3b0230', 'COMPLETED', '2023-09-10 02:00:00');
INSERT INTO motorbike_bookings (id, motorbike_id, renter_id, owner_id, status, start_date, end_date, total_days, price_per_day, base_price, service_fee, taxes, total, deposit, created_at) VALUES ('b885a3b0-3c4e-49ee-ab76-b0a694fbf31c', 'BIKE-2', 'C3D4E5F6-G7H8-9012-CDEF-345678901234', 'E5F6G7H8-I9J0-1234-EFGH-567890123456', 'COMPLETED', '2023-03-16', '2023-03-18', 2, 200000, 400000, 40000.0, 32000.0, 472000.0, 400000, '2023-03-06 00:00:00');
INSERT INTO motorbike_booking_history (id, booking_id, status, changed_at) VALUES ('8143ffd2-1670-4715-810e-a05f2f3c089c', 'b885a3b0-3c4e-49ee-ab76-b0a694fbf31c', 'PENDING', '2023-03-06 00:00:00');
INSERT INTO motorbike_booking_history (id, booking_id, status, changed_at) VALUES ('ffec9825-2e9e-4875-948d-6f5213826f58', 'b885a3b0-3c4e-49ee-ab76-b0a694fbf31c', 'COMPLETED', '2023-03-06 02:00:00');
INSERT INTO motorbike_bookings (id, motorbike_id, renter_id, owner_id, status, start_date, end_date, total_days, price_per_day, base_price, service_fee, taxes, total, deposit, created_at) VALUES ('8d2a8d87-9f34-4ac8-9b8a-35ac208758ed', 'BIKE-1', 'B2C3D4E5-F6G7-8901-BCDE-234567890123', 'E5F6G7H8-I9J0-1234-EFGH-567890123456', 'COMPLETED', '2023-10-29', '2023-11-03', 5, 150000, 750000, 75000.0, 60000.0, 885000.0, 300000, '2023-10-26 00:00:00');
INSERT INTO motorbike_booking_history (id, booking_id, status, changed_at) VALUES ('b0c4e482-33cd-46cf-b96b-48ffe9388f5d', '8d2a8d87-9f34-4ac8-9b8a-35ac208758ed', 'PENDING', '2023-10-26 00:00:00');
INSERT INTO motorbike_booking_history (id, booking_id, status, changed_at) VALUES ('369c2fcf-d352-4bbc-a99a-7f3f16bda903', '8d2a8d87-9f34-4ac8-9b8a-35ac208758ed', 'COMPLETED', '2023-10-26 02:00:00');
INSERT INTO motorbike_bookings (id, motorbike_id, renter_id, owner_id, status, start_date, end_date, total_days, price_per_day, base_price, service_fee, taxes, total, deposit, created_at) VALUES ('761e5b6f-ec55-4321-8bb1-0fedbda8ba14', 'BIKE-3', 'B2C3D4E5-F6G7-8901-BCDE-234567890123', 'E5F6G7H8-I9J0-1234-EFGH-567890123456', 'COMPLETED', '2024-05-02', '2024-05-11', 9, 120000, 1080000, 108000.0, 86400.0, 1274400.0, 240000, '2024-04-30 00:00:00');
INSERT INTO motorbike_booking_history (id, booking_id, status, changed_at) VALUES ('99ba2c4e-0868-4815-8b89-67e272f3d177', '761e5b6f-ec55-4321-8bb1-0fedbda8ba14', 'PENDING', '2024-04-30 00:00:00');
INSERT INTO motorbike_booking_history (id, booking_id, status, changed_at) VALUES ('a8a6d08b-f150-46e0-a73a-7b23f7725d44', '761e5b6f-ec55-4321-8bb1-0fedbda8ba14', 'COMPLETED', '2024-04-30 02:00:00');
INSERT INTO motorbike_bookings (id, motorbike_id, renter_id, owner_id, status, start_date, end_date, total_days, price_per_day, base_price, service_fee, taxes, total, deposit, created_at) VALUES ('d7d9f133-6e76-48de-bcb6-5dbd86e9e97e', 'BIKE-1', 'D4E5F6G7-H8I9-0123-DEFG-456789012345', 'E5F6G7H8-I9J0-1234-EFGH-567890123456', 'COMPLETED', '2023-08-03', '2023-08-07', 4, 150000, 600000, 60000.0, 48000.0, 708000.0, 300000, '2023-07-22 00:00:00');
INSERT INTO motorbike_booking_history (id, booking_id, status, changed_at) VALUES ('52859bc8-fd03-4036-ae0b-63e4f9b81cb2', 'd7d9f133-6e76-48de-bcb6-5dbd86e9e97e', 'PENDING', '2023-07-22 00:00:00');
INSERT INTO motorbike_booking_history (id, booking_id, status, changed_at) VALUES ('0872b38b-4c35-444a-b3b1-9efa8580cc16', 'd7d9f133-6e76-48de-bcb6-5dbd86e9e97e', 'COMPLETED', '2023-07-22 02:00:00');
INSERT INTO motorbike_bookings (id, motorbike_id, renter_id, owner_id, status, start_date, end_date, total_days, price_per_day, base_price, service_fee, taxes, total, deposit, created_at) VALUES ('b39191e8-810a-4a3b-8230-d1196c127d9c', 'BIKE-1', 'D4E5F6G7-H8I9-0123-DEFG-456789012345', 'E5F6G7H8-I9J0-1234-EFGH-567890123456', 'COMPLETED', '2024-02-14', '2024-02-19', 5, 150000, 750000, 75000.0, 60000.0, 885000.0, 300000, '2024-02-13 00:00:00');
INSERT INTO motorbike_booking_history (id, booking_id, status, changed_at) VALUES ('395f9b3e-f785-4444-80ae-d8364f7b494c', 'b39191e8-810a-4a3b-8230-d1196c127d9c', 'PENDING', '2024-02-13 00:00:00');
INSERT INTO motorbike_booking_history (id, booking_id, status, changed_at) VALUES ('22970d85-51fd-4b58-8da3-2c577da7b6e4', 'b39191e8-810a-4a3b-8230-d1196c127d9c', 'COMPLETED', '2024-02-13 02:00:00');
INSERT INTO motorbike_bookings (id, motorbike_id, renter_id, owner_id, status, start_date, end_date, total_days, price_per_day, base_price, service_fee, taxes, total, deposit, created_at) VALUES ('2322f84e-abe0-45c3-a328-e31f7645bb9c', 'BIKE-3', 'D4E5F6G7-H8I9-0123-DEFG-456789012345', 'E5F6G7H8-I9J0-1234-EFGH-567890123456', 'COMPLETED', '2023-09-12', '2023-09-13', 1, 120000, 120000, 12000.0, 9600.0, 141600.0, 240000, '2023-09-02 00:00:00');
INSERT INTO motorbike_booking_history (id, booking_id, status, changed_at) VALUES ('40092878-78b1-47de-8066-239e540900b0', '2322f84e-abe0-45c3-a328-e31f7645bb9c', 'PENDING', '2023-09-02 00:00:00');
INSERT INTO motorbike_booking_history (id, booking_id, status, changed_at) VALUES ('9a0535f2-72ab-48fc-bf0c-f2f7a2a55580', '2322f84e-abe0-45c3-a328-e31f7645bb9c', 'COMPLETED', '2023-09-02 02:00:00');
INSERT INTO motorbike_bookings (id, motorbike_id, renter_id, owner_id, status, start_date, end_date, total_days, price_per_day, base_price, service_fee, taxes, total, deposit, created_at) VALUES ('af879a31-9ddd-4969-a5ef-88cc4cd55fef', 'BIKE-1', 'C3D4E5F6-G7H8-9012-CDEF-345678901234', 'E5F6G7H8-I9J0-1234-EFGH-567890123456', 'COMPLETED', '2023-04-09', '2023-04-16', 7, 150000, 1050000, 105000.0, 84000.0, 1239000.0, 300000, '2023-03-27 00:00:00');
INSERT INTO motorbike_booking_history (id, booking_id, status, changed_at) VALUES ('a18731b9-d5f4-4192-8dbd-9aec21e33156', 'af879a31-9ddd-4969-a5ef-88cc4cd55fef', 'PENDING', '2023-03-27 00:00:00');
INSERT INTO motorbike_booking_history (id, booking_id, status, changed_at) VALUES ('b83f5bd1-f5d6-4d46-841c-91cfd627f46d', 'af879a31-9ddd-4969-a5ef-88cc4cd55fef', 'COMPLETED', '2023-03-27 02:00:00');
INSERT INTO motorbike_bookings (id, motorbike_id, renter_id, owner_id, status, start_date, end_date, total_days, price_per_day, base_price, service_fee, taxes, total, deposit, created_at) VALUES ('0ea661ee-2191-4f17-a4ee-a81b34a020f2', 'BIKE-3', 'B2C3D4E5-F6G7-8901-BCDE-234567890123', 'E5F6G7H8-I9J0-1234-EFGH-567890123456', 'COMPLETED', '2024-02-07', '2024-02-14', 7, 120000, 840000, 84000.0, 67200.0, 991200.0, 240000, '2024-01-29 00:00:00');
INSERT INTO motorbike_booking_history (id, booking_id, status, changed_at) VALUES ('5add5e1a-858d-4794-8f15-a1145eebdeac', '0ea661ee-2191-4f17-a4ee-a81b34a020f2', 'PENDING', '2024-01-29 00:00:00');
INSERT INTO motorbike_booking_history (id, booking_id, status, changed_at) VALUES ('730c5b3a-bfa7-472e-8879-0f9fdac993cc', '0ea661ee-2191-4f17-a4ee-a81b34a020f2', 'COMPLETED', '2024-01-29 02:00:00');
INSERT INTO motorbike_bookings (id, motorbike_id, renter_id, owner_id, status, start_date, end_date, total_days, price_per_day, base_price, service_fee, taxes, total, deposit, created_at) VALUES ('37599e9e-7a02-45da-8985-646fdcc41d2d', 'BIKE-3', 'B2C3D4E5-F6G7-8901-BCDE-234567890123', 'E5F6G7H8-I9J0-1234-EFGH-567890123456', 'COMPLETED', '2024-01-02', '2024-01-07', 5, 120000, 600000, 60000.0, 48000.0, 708000.0, 240000, '2023-12-20 00:00:00');
INSERT INTO motorbike_booking_history (id, booking_id, status, changed_at) VALUES ('15de5757-8a01-41dc-9b20-28ad2d486013', '37599e9e-7a02-45da-8985-646fdcc41d2d', 'PENDING', '2023-12-20 00:00:00');
INSERT INTO motorbike_booking_history (id, booking_id, status, changed_at) VALUES ('10e05ce9-4524-4d46-b60c-c7056f2c7aa7', '37599e9e-7a02-45da-8985-646fdcc41d2d', 'COMPLETED', '2023-12-20 02:00:00');
INSERT INTO motorbike_bookings (id, motorbike_id, renter_id, owner_id, status, start_date, end_date, total_days, price_per_day, base_price, service_fee, taxes, total, deposit, created_at) VALUES ('2980cc0c-7023-4875-8b3d-a5326ef6ac5c', 'BIKE-1', 'B2C3D4E5-F6G7-8901-BCDE-234567890123', 'E5F6G7H8-I9J0-1234-EFGH-567890123456', 'COMPLETED', '2023-06-17', '2023-06-22', 5, 150000, 750000, 75000.0, 60000.0, 885000.0, 300000, '2023-06-11 00:00:00');
INSERT INTO motorbike_booking_history (id, booking_id, status, changed_at) VALUES ('24df0efe-0671-4801-babc-e6f264597f17', '2980cc0c-7023-4875-8b3d-a5326ef6ac5c', 'PENDING', '2023-06-11 00:00:00');
INSERT INTO motorbike_booking_history (id, booking_id, status, changed_at) VALUES ('63b8e3e5-6c7c-44ec-b993-ef25b1639e48', '2980cc0c-7023-4875-8b3d-a5326ef6ac5c', 'COMPLETED', '2023-06-11 02:00:00');
INSERT INTO motorbike_bookings (id, motorbike_id, renter_id, owner_id, status, start_date, end_date, total_days, price_per_day, base_price, service_fee, taxes, total, deposit, created_at) VALUES ('d0490ffd-2997-48c9-ae2b-19ad7fe5a1ab', 'BIKE-2', 'B2C3D4E5-F6G7-8901-BCDE-234567890123', 'E5F6G7H8-I9J0-1234-EFGH-567890123456', 'CANCELLED', '2023-03-03', '2023-03-05', 2, 200000, 400000, 40000.0, 32000.0, 472000.0, 400000, '2023-02-18 00:00:00');
INSERT INTO motorbike_booking_history (id, booking_id, status, changed_at) VALUES ('40c21753-ed6c-40f2-bcc3-99db731b3647', 'd0490ffd-2997-48c9-ae2b-19ad7fe5a1ab', 'PENDING', '2023-02-18 00:00:00');
INSERT INTO motorbike_booking_history (id, booking_id, status, changed_at) VALUES ('b60fcc1f-445e-4399-b55d-5e28e1d1af72', 'd0490ffd-2997-48c9-ae2b-19ad7fe5a1ab', 'CANCELLED', '2023-02-18 02:00:00');
INSERT INTO motorbike_bookings (id, motorbike_id, renter_id, owner_id, status, start_date, end_date, total_days, price_per_day, base_price, service_fee, taxes, total, deposit, created_at) VALUES ('b3d4f3b6-4c44-48e5-96e2-8db509d93976', 'BIKE-2', 'D4E5F6G7-H8I9-0123-DEFG-456789012345', 'E5F6G7H8-I9J0-1234-EFGH-567890123456', 'CANCELLED', '2023-02-28', '2023-03-05', 5, 200000, 1000000, 100000.0, 80000.0, 1180000.0, 400000, '2023-02-22 00:00:00');
INSERT INTO motorbike_booking_history (id, booking_id, status, changed_at) VALUES ('66aec9ae-fdc9-4022-8f3b-2bc528af6aee', 'b3d4f3b6-4c44-48e5-96e2-8db509d93976', 'PENDING', '2023-02-22 00:00:00');
INSERT INTO motorbike_booking_history (id, booking_id, status, changed_at) VALUES ('969e30b0-d010-4620-b5eb-60578e6df624', 'b3d4f3b6-4c44-48e5-96e2-8db509d93976', 'CANCELLED', '2023-02-22 02:00:00');
INSERT INTO motorbike_bookings (id, motorbike_id, renter_id, owner_id, status, start_date, end_date, total_days, price_per_day, base_price, service_fee, taxes, total, deposit, created_at) VALUES ('bea81379-a8b9-421a-947c-ca7b24d9f877', 'BIKE-2', 'B2C3D4E5-F6G7-8901-BCDE-234567890123', 'E5F6G7H8-I9J0-1234-EFGH-567890123456', 'COMPLETED', '2023-12-19', '2023-12-20', 1, 200000, 200000, 20000.0, 16000.0, 236000.0, 400000, '2023-12-15 00:00:00');
INSERT INTO motorbike_booking_history (id, booking_id, status, changed_at) VALUES ('5fb4b904-4baf-4bd4-b0bc-696dec642ab2', 'bea81379-a8b9-421a-947c-ca7b24d9f877', 'PENDING', '2023-12-15 00:00:00');
INSERT INTO motorbike_booking_history (id, booking_id, status, changed_at) VALUES ('4d89132f-b568-40ce-84ec-8ea97ee63af7', 'bea81379-a8b9-421a-947c-ca7b24d9f877', 'COMPLETED', '2023-12-15 02:00:00');
INSERT INTO motorbike_bookings (id, motorbike_id, renter_id, owner_id, status, start_date, end_date, total_days, price_per_day, base_price, service_fee, taxes, total, deposit, created_at) VALUES ('54e3a531-6f5c-4808-bc69-d11344f45aa0', 'BIKE-2', 'D4E5F6G7-H8I9-0123-DEFG-456789012345', 'E5F6G7H8-I9J0-1234-EFGH-567890123456', 'COMPLETED', '2024-04-24', '2024-04-28', 4, 200000, 800000, 80000.0, 64000.0, 944000.0, 400000, '2024-04-23 00:00:00');
INSERT INTO motorbike_booking_history (id, booking_id, status, changed_at) VALUES ('12a505fa-8c4b-44d4-84c2-e09aea593728', '54e3a531-6f5c-4808-bc69-d11344f45aa0', 'PENDING', '2024-04-23 00:00:00');
INSERT INTO motorbike_booking_history (id, booking_id, status, changed_at) VALUES ('619a8ff0-9fd0-4634-8e95-4f1347ebcf5a', '54e3a531-6f5c-4808-bc69-d11344f45aa0', 'COMPLETED', '2024-04-23 02:00:00');
INSERT INTO motorbike_bookings (id, motorbike_id, renter_id, owner_id, status, start_date, end_date, total_days, price_per_day, base_price, service_fee, taxes, total, deposit, created_at) VALUES ('7da9524c-05bf-4b96-920e-c9e1a09da353', 'BIKE-2', 'C3D4E5F6-G7H8-9012-CDEF-345678901234', 'E5F6G7H8-I9J0-1234-EFGH-567890123456', 'COMPLETED', '2024-02-16', '2024-02-26', 10, 200000, 2000000, 200000.0, 160000.0, 2360000.0, 400000, '2024-02-10 00:00:00');
INSERT INTO motorbike_booking_history (id, booking_id, status, changed_at) VALUES ('553a13b7-c102-4250-984c-b70dd55fa75b', '7da9524c-05bf-4b96-920e-c9e1a09da353', 'PENDING', '2024-02-10 00:00:00');
INSERT INTO motorbike_booking_history (id, booking_id, status, changed_at) VALUES ('1d210ca7-54af-4a46-a188-c37a132163b2', '7da9524c-05bf-4b96-920e-c9e1a09da353', 'COMPLETED', '2024-02-10 02:00:00');
INSERT INTO motorbike_bookings (id, motorbike_id, renter_id, owner_id, status, start_date, end_date, total_days, price_per_day, base_price, service_fee, taxes, total, deposit, created_at) VALUES ('0b50d175-729f-4d0c-9e04-f0cbbcd7cb82', 'BIKE-1', 'B2C3D4E5-F6G7-8901-BCDE-234567890123', 'E5F6G7H8-I9J0-1234-EFGH-567890123456', 'COMPLETED', '2024-04-23', '2024-05-02', 9, 150000, 1350000, 135000.0, 108000.0, 1593000.0, 300000, '2024-04-16 00:00:00');
INSERT INTO motorbike_booking_history (id, booking_id, status, changed_at) VALUES ('b75d580b-4304-458c-900d-366d04bddd1e', '0b50d175-729f-4d0c-9e04-f0cbbcd7cb82', 'PENDING', '2024-04-16 00:00:00');
INSERT INTO motorbike_booking_history (id, booking_id, status, changed_at) VALUES ('5d352f6a-9031-419e-99bf-89ac00a5e7fc', '0b50d175-729f-4d0c-9e04-f0cbbcd7cb82', 'COMPLETED', '2024-04-16 02:00:00');
INSERT INTO motorbike_bookings (id, motorbike_id, renter_id, owner_id, status, start_date, end_date, total_days, price_per_day, base_price, service_fee, taxes, total, deposit, created_at) VALUES ('55397a51-8a8b-417b-bac9-bba609d2271f', 'BIKE-2', 'C3D4E5F6-G7H8-9012-CDEF-345678901234', 'E5F6G7H8-I9J0-1234-EFGH-567890123456', 'CANCELLED', '2023-12-20', '2023-12-23', 3, 200000, 600000, 60000.0, 48000.0, 708000.0, 400000, '2023-12-13 00:00:00');
INSERT INTO motorbike_booking_history (id, booking_id, status, changed_at) VALUES ('d2fd64a1-2648-40cb-9eb6-87e7ea278a29', '55397a51-8a8b-417b-bac9-bba609d2271f', 'PENDING', '2023-12-13 00:00:00');
INSERT INTO motorbike_booking_history (id, booking_id, status, changed_at) VALUES ('b30462bf-9a0c-416a-a121-aa8376a6459f', '55397a51-8a8b-417b-bac9-bba609d2271f', 'CANCELLED', '2023-12-13 02:00:00');
INSERT INTO motorbike_bookings (id, motorbike_id, renter_id, owner_id, status, start_date, end_date, total_days, price_per_day, base_price, service_fee, taxes, total, deposit, created_at) VALUES ('11daa328-a7e7-4ec6-afe3-ad98205faa45', 'BIKE-3', 'D4E5F6G7-H8I9-0123-DEFG-456789012345', 'E5F6G7H8-I9J0-1234-EFGH-567890123456', 'CANCELLED', '2023-02-04', '2023-02-08', 4, 120000, 480000, 48000.0, 38400.0, 566400.0, 240000, '2023-01-22 00:00:00');
INSERT INTO motorbike_booking_history (id, booking_id, status, changed_at) VALUES ('42d5dda9-ae5c-4398-8b33-d6d0b76c10a0', '11daa328-a7e7-4ec6-afe3-ad98205faa45', 'PENDING', '2023-01-22 00:00:00');
INSERT INTO motorbike_booking_history (id, booking_id, status, changed_at) VALUES ('88c111f1-7b6f-4696-9b57-df81e5020973', '11daa328-a7e7-4ec6-afe3-ad98205faa45', 'CANCELLED', '2023-01-22 02:00:00');
INSERT INTO motorbike_bookings (id, motorbike_id, renter_id, owner_id, status, start_date, end_date, total_days, price_per_day, base_price, service_fee, taxes, total, deposit, created_at) VALUES ('92aaf367-b198-4491-9696-cf4115a3fd5e', 'BIKE-3', 'C3D4E5F6-G7H8-9012-CDEF-345678901234', 'E5F6G7H8-I9J0-1234-EFGH-567890123456', 'COMPLETED', '2024-06-01', '2024-06-06', 5, 120000, 600000, 60000.0, 48000.0, 708000.0, 240000, '2024-05-20 00:00:00');
INSERT INTO motorbike_booking_history (id, booking_id, status, changed_at) VALUES ('2ce44401-f306-4e90-9116-d200b3647be7', '92aaf367-b198-4491-9696-cf4115a3fd5e', 'PENDING', '2024-05-20 00:00:00');
INSERT INTO motorbike_booking_history (id, booking_id, status, changed_at) VALUES ('ea265b0a-8324-4a0b-a4f2-39bc41b83cba', '92aaf367-b198-4491-9696-cf4115a3fd5e', 'COMPLETED', '2024-05-20 02:00:00');
INSERT INTO motorbike_bookings (id, motorbike_id, renter_id, owner_id, status, start_date, end_date, total_days, price_per_day, base_price, service_fee, taxes, total, deposit, created_at) VALUES ('954c07ef-240d-49d0-a9ac-d38059a81727', 'BIKE-2', 'D4E5F6G7-H8I9-0123-DEFG-456789012345', 'E5F6G7H8-I9J0-1234-EFGH-567890123456', 'COMPLETED', '2024-02-26', '2024-03-04', 7, 200000, 1400000, 140000.0, 112000.0, 1652000.0, 400000, '2024-02-14 00:00:00');
INSERT INTO motorbike_booking_history (id, booking_id, status, changed_at) VALUES ('d2c2d29e-99a0-4ddc-80cb-c4be49fd90c6', '954c07ef-240d-49d0-a9ac-d38059a81727', 'PENDING', '2024-02-14 00:00:00');
INSERT INTO motorbike_booking_history (id, booking_id, status, changed_at) VALUES ('f532de97-c9e9-4c2c-a94c-13934f5b72e5', '954c07ef-240d-49d0-a9ac-d38059a81727', 'COMPLETED', '2024-02-14 02:00:00');
INSERT INTO motorbike_bookings (id, motorbike_id, renter_id, owner_id, status, start_date, end_date, total_days, price_per_day, base_price, service_fee, taxes, total, deposit, created_at) VALUES ('650932d7-14f3-4848-8599-cdf2b500c2c7', 'BIKE-1', 'D4E5F6G7-H8I9-0123-DEFG-456789012345', 'E5F6G7H8-I9J0-1234-EFGH-567890123456', 'COMPLETED', '2023-09-01', '2023-09-05', 4, 150000, 600000, 60000.0, 48000.0, 708000.0, 300000, '2023-08-26 00:00:00');
INSERT INTO motorbike_booking_history (id, booking_id, status, changed_at) VALUES ('ccf4d5f0-2ac4-4eee-a69d-547a62a3d0e4', '650932d7-14f3-4848-8599-cdf2b500c2c7', 'PENDING', '2023-08-26 00:00:00');
INSERT INTO motorbike_booking_history (id, booking_id, status, changed_at) VALUES ('a488f850-d0c7-4c2e-a538-3f1fdf4b860e', '650932d7-14f3-4848-8599-cdf2b500c2c7', 'COMPLETED', '2023-08-26 02:00:00');
INSERT INTO motorbike_bookings (id, motorbike_id, renter_id, owner_id, status, start_date, end_date, total_days, price_per_day, base_price, service_fee, taxes, total, deposit, created_at) VALUES ('6bec5337-d3b8-4380-bef0-802b514c7e37', 'BIKE-3', 'D4E5F6G7-H8I9-0123-DEFG-456789012345', 'E5F6G7H8-I9J0-1234-EFGH-567890123456', 'COMPLETED', '2024-04-01', '2024-04-10', 9, 120000, 1080000, 108000.0, 86400.0, 1274400.0, 240000, '2024-03-31 00:00:00');
INSERT INTO motorbike_booking_history (id, booking_id, status, changed_at) VALUES ('af82e98f-3f89-4fe7-becd-8f2f51a5e525', '6bec5337-d3b8-4380-bef0-802b514c7e37', 'PENDING', '2024-03-31 00:00:00');
INSERT INTO motorbike_booking_history (id, booking_id, status, changed_at) VALUES ('85930cc8-ae8a-43dc-a352-369c024be297', '6bec5337-d3b8-4380-bef0-802b514c7e37', 'COMPLETED', '2024-03-31 02:00:00');
INSERT INTO motorbike_bookings (id, motorbike_id, renter_id, owner_id, status, start_date, end_date, total_days, price_per_day, base_price, service_fee, taxes, total, deposit, created_at) VALUES ('e031779b-59f0-4ca8-888d-7d7373ab702b', 'BIKE-3', 'B2C3D4E5-F6G7-8901-BCDE-234567890123', 'E5F6G7H8-I9J0-1234-EFGH-567890123456', 'COMPLETED', '2024-05-06', '2024-05-10', 4, 120000, 480000, 48000.0, 38400.0, 566400.0, 240000, '2024-04-27 00:00:00');
INSERT INTO motorbike_booking_history (id, booking_id, status, changed_at) VALUES ('9c57d2a5-a625-43b1-9ea0-dac6dcc5fa07', 'e031779b-59f0-4ca8-888d-7d7373ab702b', 'PENDING', '2024-04-27 00:00:00');
INSERT INTO motorbike_booking_history (id, booking_id, status, changed_at) VALUES ('61133820-64b7-4f4b-939a-04755df153b6', 'e031779b-59f0-4ca8-888d-7d7373ab702b', 'COMPLETED', '2024-04-27 02:00:00');
INSERT INTO motorbike_bookings (id, motorbike_id, renter_id, owner_id, status, start_date, end_date, total_days, price_per_day, base_price, service_fee, taxes, total, deposit, created_at) VALUES ('301f885d-ec75-468e-b316-27ecd487a691', 'BIKE-2', 'B2C3D4E5-F6G7-8901-BCDE-234567890123', 'E5F6G7H8-I9J0-1234-EFGH-567890123456', 'COMPLETED', '2023-01-17', '2023-01-24', 7, 200000, 1400000, 140000.0, 112000.0, 1652000.0, 400000, '2023-01-04 00:00:00');
INSERT INTO motorbike_booking_history (id, booking_id, status, changed_at) VALUES ('510e0020-e318-482e-996f-ce9f08bd25a7', '301f885d-ec75-468e-b316-27ecd487a691', 'PENDING', '2023-01-04 00:00:00');
INSERT INTO motorbike_booking_history (id, booking_id, status, changed_at) VALUES ('d974eeb9-7aaa-4ca7-ac80-abd0beb5772a', '301f885d-ec75-468e-b316-27ecd487a691', 'COMPLETED', '2023-01-04 02:00:00');
INSERT INTO motorbike_bookings (id, motorbike_id, renter_id, owner_id, status, start_date, end_date, total_days, price_per_day, base_price, service_fee, taxes, total, deposit, created_at) VALUES ('bea40ae9-324b-43c1-a37a-aeb1eee3fc0b', 'BIKE-2', 'D4E5F6G7-H8I9-0123-DEFG-456789012345', 'E5F6G7H8-I9J0-1234-EFGH-567890123456', 'CANCELLED', '2023-11-23', '2023-12-02', 9, 200000, 1800000, 180000.0, 144000.0, 2124000.0, 400000, '2023-11-16 00:00:00');
INSERT INTO motorbike_booking_history (id, booking_id, status, changed_at) VALUES ('fe1966b5-08ac-475e-9345-f4406d322bdd', 'bea40ae9-324b-43c1-a37a-aeb1eee3fc0b', 'PENDING', '2023-11-16 00:00:00');
INSERT INTO motorbike_booking_history (id, booking_id, status, changed_at) VALUES ('0a7ce557-c36e-4e96-84e9-5a8c70ea5856', 'bea40ae9-324b-43c1-a37a-aeb1eee3fc0b', 'CANCELLED', '2023-11-16 02:00:00');
INSERT INTO motorbike_bookings (id, motorbike_id, renter_id, owner_id, status, start_date, end_date, total_days, price_per_day, base_price, service_fee, taxes, total, deposit, created_at) VALUES ('fe36244c-37f6-4b97-adff-e626cafb2152', 'BIKE-1', 'D4E5F6G7-H8I9-0123-DEFG-456789012345', 'E5F6G7H8-I9J0-1234-EFGH-567890123456', 'COMPLETED', '2023-01-25', '2023-01-29', 4, 150000, 600000, 60000.0, 48000.0, 708000.0, 300000, '2023-01-18 00:00:00');
INSERT INTO motorbike_booking_history (id, booking_id, status, changed_at) VALUES ('2bff376d-aa35-4baa-b627-bd9597c4c03c', 'fe36244c-37f6-4b97-adff-e626cafb2152', 'PENDING', '2023-01-18 00:00:00');
INSERT INTO motorbike_booking_history (id, booking_id, status, changed_at) VALUES ('39e077ab-a699-475c-9d23-f7e573575d61', 'fe36244c-37f6-4b97-adff-e626cafb2152', 'COMPLETED', '2023-01-18 02:00:00');
INSERT INTO motorbike_bookings (id, motorbike_id, renter_id, owner_id, status, start_date, end_date, total_days, price_per_day, base_price, service_fee, taxes, total, deposit, created_at) VALUES ('22356a53-2578-4dd9-8adc-28f5ad4807d1', 'BIKE-1', 'D4E5F6G7-H8I9-0123-DEFG-456789012345', 'E5F6G7H8-I9J0-1234-EFGH-567890123456', 'COMPLETED', '2024-04-16', '2024-04-25', 9, 150000, 1350000, 135000.0, 108000.0, 1593000.0, 300000, '2024-04-11 00:00:00');
INSERT INTO motorbike_booking_history (id, booking_id, status, changed_at) VALUES ('7cf8cc7c-6e69-4371-8b71-175e4afeea15', '22356a53-2578-4dd9-8adc-28f5ad4807d1', 'PENDING', '2024-04-11 00:00:00');
INSERT INTO motorbike_booking_history (id, booking_id, status, changed_at) VALUES ('6b774a2c-21a8-4edd-ac2a-58718c7dff41', '22356a53-2578-4dd9-8adc-28f5ad4807d1', 'COMPLETED', '2024-04-11 02:00:00');
INSERT INTO motorbike_bookings (id, motorbike_id, renter_id, owner_id, status, start_date, end_date, total_days, price_per_day, base_price, service_fee, taxes, total, deposit, created_at) VALUES ('d6a627e8-d3b1-45a8-87d0-40064b6d8478', 'BIKE-2', 'C3D4E5F6-G7H8-9012-CDEF-345678901234', 'E5F6G7H8-I9J0-1234-EFGH-567890123456', 'COMPLETED', '2024-03-04', '2024-03-08', 4, 200000, 800000, 80000.0, 64000.0, 944000.0, 400000, '2024-02-26 00:00:00');
INSERT INTO motorbike_booking_history (id, booking_id, status, changed_at) VALUES ('bf614ac9-660f-4abf-bfbf-38175f5d010c', 'd6a627e8-d3b1-45a8-87d0-40064b6d8478', 'PENDING', '2024-02-26 00:00:00');
INSERT INTO motorbike_booking_history (id, booking_id, status, changed_at) VALUES ('817dbaa1-0ac3-4cdf-8eb4-60372fb5ecdc', 'd6a627e8-d3b1-45a8-87d0-40064b6d8478', 'COMPLETED', '2024-02-26 02:00:00');
INSERT INTO motorbike_bookings (id, motorbike_id, renter_id, owner_id, status, start_date, end_date, total_days, price_per_day, base_price, service_fee, taxes, total, deposit, created_at) VALUES ('aa374f66-615a-400e-97f9-d8a16b35b5e9', 'BIKE-2', 'C3D4E5F6-G7H8-9012-CDEF-345678901234', 'E5F6G7H8-I9J0-1234-EFGH-567890123456', 'COMPLETED', '2023-02-28', '2023-03-01', 1, 200000, 200000, 20000.0, 16000.0, 236000.0, 400000, '2023-02-20 00:00:00');
INSERT INTO motorbike_booking_history (id, booking_id, status, changed_at) VALUES ('902823a8-d21e-48e3-b912-772b6e482db8', 'aa374f66-615a-400e-97f9-d8a16b35b5e9', 'PENDING', '2023-02-20 00:00:00');
INSERT INTO motorbike_booking_history (id, booking_id, status, changed_at) VALUES ('79f87a16-09e8-4986-a061-03c385dc3280', 'aa374f66-615a-400e-97f9-d8a16b35b5e9', 'COMPLETED', '2023-02-20 02:00:00');
INSERT INTO motorbike_bookings (id, motorbike_id, renter_id, owner_id, status, start_date, end_date, total_days, price_per_day, base_price, service_fee, taxes, total, deposit, created_at) VALUES ('a55a63b6-c1bf-41bd-aa5c-90bb0568c017', 'BIKE-3', 'D4E5F6G7-H8I9-0123-DEFG-456789012345', 'E5F6G7H8-I9J0-1234-EFGH-567890123456', 'CANCELLED', '2023-09-18', '2023-09-23', 5, 120000, 600000, 60000.0, 48000.0, 708000.0, 240000, '2023-09-15 00:00:00');
INSERT INTO motorbike_booking_history (id, booking_id, status, changed_at) VALUES ('057ff55c-6e28-4d8f-bfbd-bc88613bab88', 'a55a63b6-c1bf-41bd-aa5c-90bb0568c017', 'PENDING', '2023-09-15 00:00:00');
INSERT INTO motorbike_booking_history (id, booking_id, status, changed_at) VALUES ('a92896ee-29e0-4226-90a6-1e940b1b301e', 'a55a63b6-c1bf-41bd-aa5c-90bb0568c017', 'CANCELLED', '2023-09-15 02:00:00');
INSERT INTO motorbike_bookings (id, motorbike_id, renter_id, owner_id, status, start_date, end_date, total_days, price_per_day, base_price, service_fee, taxes, total, deposit, created_at) VALUES ('39d08cab-9198-4af6-98fe-a54edda05e06', 'BIKE-2', 'C3D4E5F6-G7H8-9012-CDEF-345678901234', 'E5F6G7H8-I9J0-1234-EFGH-567890123456', 'COMPLETED', '2024-04-22', '2024-05-02', 10, 200000, 2000000, 200000.0, 160000.0, 2360000.0, 400000, '2024-04-20 00:00:00');
INSERT INTO motorbike_booking_history (id, booking_id, status, changed_at) VALUES ('fb60e881-9b7b-44e2-91ba-811d82e4a0fa', '39d08cab-9198-4af6-98fe-a54edda05e06', 'PENDING', '2024-04-20 00:00:00');
INSERT INTO motorbike_booking_history (id, booking_id, status, changed_at) VALUES ('2a442995-e288-498d-889c-3672140aa0a5', '39d08cab-9198-4af6-98fe-a54edda05e06', 'COMPLETED', '2024-04-20 02:00:00');
INSERT INTO motorbike_bookings (id, motorbike_id, renter_id, owner_id, status, start_date, end_date, total_days, price_per_day, base_price, service_fee, taxes, total, deposit, created_at) VALUES ('26925076-b818-45b1-b4a6-c2b6ddbbd7be', 'BIKE-2', 'D4E5F6G7-H8I9-0123-DEFG-456789012345', 'E5F6G7H8-I9J0-1234-EFGH-567890123456', 'CANCELLED', '2023-04-13', '2023-04-23', 10, 200000, 2000000, 200000.0, 160000.0, 2360000.0, 400000, '2023-04-09 00:00:00');
INSERT INTO motorbike_booking_history (id, booking_id, status, changed_at) VALUES ('66c4dca9-ed16-4589-b5cf-47e03b818cda', '26925076-b818-45b1-b4a6-c2b6ddbbd7be', 'PENDING', '2023-04-09 00:00:00');
INSERT INTO motorbike_booking_history (id, booking_id, status, changed_at) VALUES ('1533b05f-3120-429c-9284-dce8565ea2e3', '26925076-b818-45b1-b4a6-c2b6ddbbd7be', 'CANCELLED', '2023-04-09 02:00:00');
INSERT INTO motorbike_bookings (id, motorbike_id, renter_id, owner_id, status, start_date, end_date, total_days, price_per_day, base_price, service_fee, taxes, total, deposit, created_at) VALUES ('36549931-7d98-4207-925e-e59bbf352abe', 'BIKE-2', 'D4E5F6G7-H8I9-0123-DEFG-456789012345', 'E5F6G7H8-I9J0-1234-EFGH-567890123456', 'COMPLETED', '2023-07-29', '2023-08-08', 10, 200000, 2000000, 200000.0, 160000.0, 2360000.0, 400000, '2023-07-23 00:00:00');
INSERT INTO motorbike_booking_history (id, booking_id, status, changed_at) VALUES ('6ad05f20-4177-4540-a143-89d054c4a07c', '36549931-7d98-4207-925e-e59bbf352abe', 'PENDING', '2023-07-23 00:00:00');
INSERT INTO motorbike_booking_history (id, booking_id, status, changed_at) VALUES ('e1808161-fcaf-468a-afef-6af7a5fd7d8c', '36549931-7d98-4207-925e-e59bbf352abe', 'COMPLETED', '2023-07-23 02:00:00');
INSERT INTO motorbike_bookings (id, motorbike_id, renter_id, owner_id, status, start_date, end_date, total_days, price_per_day, base_price, service_fee, taxes, total, deposit, created_at) VALUES ('b51f6b3b-bc93-4c07-81ba-6c78c8abe8a3', 'BIKE-1', 'C3D4E5F6-G7H8-9012-CDEF-345678901234', 'E5F6G7H8-I9J0-1234-EFGH-567890123456', 'COMPLETED', '2023-04-30', '2023-05-03', 3, 150000, 450000, 45000.0, 36000.0, 531000.0, 300000, '2023-04-23 00:00:00');
INSERT INTO motorbike_booking_history (id, booking_id, status, changed_at) VALUES ('ddf6d8fe-12a8-45d9-a5fe-7fbe2b0894d8', 'b51f6b3b-bc93-4c07-81ba-6c78c8abe8a3', 'PENDING', '2023-04-23 00:00:00');
INSERT INTO motorbike_booking_history (id, booking_id, status, changed_at) VALUES ('31cf414d-d032-44da-b98e-8b7499f5998e', 'b51f6b3b-bc93-4c07-81ba-6c78c8abe8a3', 'COMPLETED', '2023-04-23 02:00:00');
INSERT INTO motorbike_bookings (id, motorbike_id, renter_id, owner_id, status, start_date, end_date, total_days, price_per_day, base_price, service_fee, taxes, total, deposit, created_at) VALUES ('c3a1b2ad-fae9-4d02-b5a6-33ab9ab38e86', 'BIKE-3', 'C3D4E5F6-G7H8-9012-CDEF-345678901234', 'E5F6G7H8-I9J0-1234-EFGH-567890123456', 'COMPLETED', '2023-08-31', '2023-09-03', 3, 120000, 360000, 36000.0, 28800.0, 424800.0, 240000, '2023-08-29 00:00:00');
INSERT INTO motorbike_booking_history (id, booking_id, status, changed_at) VALUES ('78fcaabb-9a89-4218-85a4-d393053fa751', 'c3a1b2ad-fae9-4d02-b5a6-33ab9ab38e86', 'PENDING', '2023-08-29 00:00:00');
INSERT INTO motorbike_booking_history (id, booking_id, status, changed_at) VALUES ('61b72b2a-35ff-4d35-b9d5-fe87148671b8', 'c3a1b2ad-fae9-4d02-b5a6-33ab9ab38e86', 'COMPLETED', '2023-08-29 02:00:00');
INSERT INTO motorbike_bookings (id, motorbike_id, renter_id, owner_id, status, start_date, end_date, total_days, price_per_day, base_price, service_fee, taxes, total, deposit, created_at) VALUES ('fd13b8e3-87ea-4964-80f3-0fa504ddf7e0', 'BIKE-2', 'C3D4E5F6-G7H8-9012-CDEF-345678901234', 'E5F6G7H8-I9J0-1234-EFGH-567890123456', 'COMPLETED', '2023-04-15', '2023-04-23', 8, 200000, 1600000, 160000.0, 128000.0, 1888000.0, 400000, '2023-04-04 00:00:00');
INSERT INTO motorbike_booking_history (id, booking_id, status, changed_at) VALUES ('1f09870d-c027-4b06-aabc-c404f24395cd', 'fd13b8e3-87ea-4964-80f3-0fa504ddf7e0', 'PENDING', '2023-04-04 00:00:00');
INSERT INTO motorbike_booking_history (id, booking_id, status, changed_at) VALUES ('ef24c614-bc6c-4c08-a2e3-b8c42eb5344e', 'fd13b8e3-87ea-4964-80f3-0fa504ddf7e0', 'COMPLETED', '2023-04-04 02:00:00');
INSERT INTO motorbike_bookings (id, motorbike_id, renter_id, owner_id, status, start_date, end_date, total_days, price_per_day, base_price, service_fee, taxes, total, deposit, created_at) VALUES ('b36a6cb0-2ece-4393-abf7-b79145036083', 'BIKE-3', 'D4E5F6G7-H8I9-0123-DEFG-456789012345', 'E5F6G7H8-I9J0-1234-EFGH-567890123456', 'COMPLETED', '2024-02-10', '2024-02-14', 4, 120000, 480000, 48000.0, 38400.0, 566400.0, 240000, '2024-02-05 00:00:00');
INSERT INTO motorbike_booking_history (id, booking_id, status, changed_at) VALUES ('ec239542-765a-410c-886a-72e1bd3f0da9', 'b36a6cb0-2ece-4393-abf7-b79145036083', 'PENDING', '2024-02-05 00:00:00');
INSERT INTO motorbike_booking_history (id, booking_id, status, changed_at) VALUES ('abf4fa77-6e3d-428f-96dc-ed81c8af6841', 'b36a6cb0-2ece-4393-abf7-b79145036083', 'COMPLETED', '2024-02-05 02:00:00');
INSERT INTO motorbike_bookings (id, motorbike_id, renter_id, owner_id, status, start_date, end_date, total_days, price_per_day, base_price, service_fee, taxes, total, deposit, created_at) VALUES ('500d00a2-fe46-46b8-9b46-6c02f2bf1f51', 'BIKE-3', 'C3D4E5F6-G7H8-9012-CDEF-345678901234', 'E5F6G7H8-I9J0-1234-EFGH-567890123456', 'COMPLETED', '2023-05-12', '2023-05-21', 9, 120000, 1080000, 108000.0, 86400.0, 1274400.0, 240000, '2023-05-04 00:00:00');
INSERT INTO motorbike_booking_history (id, booking_id, status, changed_at) VALUES ('3f86baed-b0ca-448e-b51a-7b96cdf650f3', '500d00a2-fe46-46b8-9b46-6c02f2bf1f51', 'PENDING', '2023-05-04 00:00:00');
INSERT INTO motorbike_booking_history (id, booking_id, status, changed_at) VALUES ('bf86d662-7cf1-4a0a-9881-4007544d0122', '500d00a2-fe46-46b8-9b46-6c02f2bf1f51', 'COMPLETED', '2023-05-04 02:00:00');
INSERT INTO motorbike_bookings (id, motorbike_id, renter_id, owner_id, status, start_date, end_date, total_days, price_per_day, base_price, service_fee, taxes, total, deposit, created_at) VALUES ('d1adc79d-22d0-4012-949f-40522d16dad9', 'BIKE-3', 'B2C3D4E5-F6G7-8901-BCDE-234567890123', 'E5F6G7H8-I9J0-1234-EFGH-567890123456', 'COMPLETED', '2024-04-05', '2024-04-06', 1, 120000, 120000, 12000.0, 9600.0, 141600.0, 240000, '2024-03-28 00:00:00');
INSERT INTO motorbike_booking_history (id, booking_id, status, changed_at) VALUES ('0cabc90f-e952-43d0-bdae-95b1a212f380', 'd1adc79d-22d0-4012-949f-40522d16dad9', 'PENDING', '2024-03-28 00:00:00');
INSERT INTO motorbike_booking_history (id, booking_id, status, changed_at) VALUES ('c940a59b-0f5c-4c94-a443-2e538c27bfb4', 'd1adc79d-22d0-4012-949f-40522d16dad9', 'COMPLETED', '2024-03-28 02:00:00');
INSERT INTO motorbike_bookings (id, motorbike_id, renter_id, owner_id, status, start_date, end_date, total_days, price_per_day, base_price, service_fee, taxes, total, deposit, created_at) VALUES ('d739bf7f-67d3-4249-863b-dc67c64540df', 'BIKE-1', 'C3D4E5F6-G7H8-9012-CDEF-345678901234', 'E5F6G7H8-I9J0-1234-EFGH-567890123456', 'CANCELLED', '2024-01-26', '2024-01-29', 3, 150000, 450000, 45000.0, 36000.0, 531000.0, 300000, '2024-01-25 00:00:00');
INSERT INTO motorbike_booking_history (id, booking_id, status, changed_at) VALUES ('3a1dfe92-6fe6-4881-956c-79be608c2d70', 'd739bf7f-67d3-4249-863b-dc67c64540df', 'PENDING', '2024-01-25 00:00:00');
INSERT INTO motorbike_booking_history (id, booking_id, status, changed_at) VALUES ('1cec8a19-cff5-486d-a72d-aaa351704847', 'd739bf7f-67d3-4249-863b-dc67c64540df', 'CANCELLED', '2024-01-25 02:00:00');
INSERT INTO motorbike_bookings (id, motorbike_id, renter_id, owner_id, status, start_date, end_date, total_days, price_per_day, base_price, service_fee, taxes, total, deposit, created_at) VALUES ('544f8c46-cade-482e-86dd-87b2ce82fbe2', 'BIKE-3', 'D4E5F6G7-H8I9-0123-DEFG-456789012345', 'E5F6G7H8-I9J0-1234-EFGH-567890123456', 'COMPLETED', '2024-01-09', '2024-01-17', 8, 120000, 960000, 96000.0, 76800.0, 1132800.0, 240000, '2024-01-03 00:00:00');
INSERT INTO motorbike_booking_history (id, booking_id, status, changed_at) VALUES ('290c5090-6a13-42ee-96a3-57f0165c1c72', '544f8c46-cade-482e-86dd-87b2ce82fbe2', 'PENDING', '2024-01-03 00:00:00');
INSERT INTO motorbike_booking_history (id, booking_id, status, changed_at) VALUES ('ca6c3a88-a8ca-4090-aa9c-584133db98fb', '544f8c46-cade-482e-86dd-87b2ce82fbe2', 'COMPLETED', '2024-01-03 02:00:00');
INSERT INTO bookings (id, vehicle_id, renter_id, owner_id, status, start_date, end_date, total_days, base_price, price_per_day, service_fee, taxes, total, deposit, created_at, updated_at) VALUES ('6e09b2d2-b528-4e69-b92a-7f40bf989252', 'V1A2B3C4-D5E6-7890-VHCL-111111111111', 'C3D4E5F6-G7H8-9012-CDEF-345678901234', 'E5F6G7H8-I9J0-1234-EFGH-567890123456', 'COMPLETED', '2023-10-10', '2023-10-12', 2, 1600000, 800000, 160000.0, 128000.0, 1888000.0, 3000000, '2023-10-09 00:00:00', '2023-10-09 00:00:00');
INSERT INTO payments (id, booking_id, user_id, amount, currency, status, method, created_at, processed_at) VALUES ('492638fe-070a-423a-aca4-9e90eacaeda6', '6e09b2d2-b528-4e69-b92a-7f40bf989252', 'C3D4E5F6-G7H8-9012-CDEF-345678901234', 1888000.0, 'VND', 'SUCCEEDED', 'VNPAY', '2023-10-09 00:00:00', '2023-10-09 00:00:00');
INSERT INTO reviews (id, vehicle_id, booking_id, reviewer_id, owner_id, rating, cleanliness, accuracy, communication, value_rating, comment, created_at, updated_at) VALUES ('6ffd3a9b-b7f5-46d2-a850-f964ab0de415', 'V1A2B3C4-D5E6-7890-VHCL-111111111111', '6e09b2d2-b528-4e69-b92a-7f40bf989252', 'C3D4E5F6-G7H8-9012-CDEF-345678901234', 'E5F6G7H8-I9J0-1234-EFGH-567890123456', 4, 4, 4, 4, 4, N'Trải nghiệm tuyệt vời!', '2023-10-12 00:00:00', '2023-10-12 00:00:00');
INSERT INTO bookings (id, vehicle_id, renter_id, owner_id, status, start_date, end_date, total_days, base_price, price_per_day, service_fee, taxes, total, deposit, created_at, updated_at) VALUES ('4a0b08b8-f488-4bf2-ba14-85d81d997302', 'V1A2B3C4-D5E6-7890-VHCL-111111111111', 'B2C3D4E5-F6G7-8901-BCDE-234567890123', 'E5F6G7H8-I9J0-1234-EFGH-567890123456', 'COMPLETED', '2023-03-31', '2023-04-05', 5, 4000000, 800000, 400000.0, 320000.0, 4720000.0, 3000000, '2023-03-26 00:00:00', '2023-03-26 00:00:00');
INSERT INTO payments (id, booking_id, user_id, amount, currency, status, method, created_at, processed_at) VALUES ('6bedade7-39fc-4700-89ec-72d43ff7e61e', '4a0b08b8-f488-4bf2-ba14-85d81d997302', 'B2C3D4E5-F6G7-8901-BCDE-234567890123', 4720000.0, 'VND', 'SUCCEEDED', 'VNPAY', '2023-03-26 00:00:00', '2023-03-26 00:00:00');
INSERT INTO reviews (id, vehicle_id, booking_id, reviewer_id, owner_id, rating, cleanliness, accuracy, communication, value_rating, comment, created_at, updated_at) VALUES ('7fe33125-cb0f-4dde-a856-5a9c1f59c055', 'V1A2B3C4-D5E6-7890-VHCL-111111111111', '4a0b08b8-f488-4bf2-ba14-85d81d997302', 'B2C3D4E5-F6G7-8901-BCDE-234567890123', 'E5F6G7H8-I9J0-1234-EFGH-567890123456', 3, 3, 3, 3, 3, N'Trải nghiệm tuyệt vời!', '2023-04-05 00:00:00', '2023-04-05 00:00:00');
INSERT INTO bookings (id, vehicle_id, renter_id, owner_id, status, start_date, end_date, total_days, base_price, price_per_day, service_fee, taxes, total, deposit, created_at, updated_at) VALUES ('c3523afd-4abe-4278-a026-1b596994798a', 'V1A2B3C4-D5E6-7890-VHCL-111111111111', 'D4E5F6G7-H8I9-0123-DEFG-456789012345', 'E5F6G7H8-I9J0-1234-EFGH-567890123456', 'COMPLETED', '2023-05-08', '2023-05-18', 10, 8000000, 800000, 800000.0, 640000.0, 9440000.0, 3000000, '2023-04-29 00:00:00', '2023-04-29 00:00:00');
INSERT INTO payments (id, booking_id, user_id, amount, currency, status, method, created_at, processed_at) VALUES ('713ee81e-f028-46d7-bc18-cba7094a0ef6', 'c3523afd-4abe-4278-a026-1b596994798a', 'D4E5F6G7-H8I9-0123-DEFG-456789012345', 9440000.0, 'VND', 'SUCCEEDED', 'VNPAY', '2023-04-29 00:00:00', '2023-04-29 00:00:00');
INSERT INTO reviews (id, vehicle_id, booking_id, reviewer_id, owner_id, rating, cleanliness, accuracy, communication, value_rating, comment, created_at, updated_at) VALUES ('ea39312f-050f-43ae-9be8-735f31799ca3', 'V1A2B3C4-D5E6-7890-VHCL-111111111111', 'c3523afd-4abe-4278-a026-1b596994798a', 'D4E5F6G7-H8I9-0123-DEFG-456789012345', 'E5F6G7H8-I9J0-1234-EFGH-567890123456', 3, 3, 3, 3, 3, N'Trải nghiệm tuyệt vời!', '2023-05-18 00:00:00', '2023-05-18 00:00:00');
INSERT INTO bookings (id, vehicle_id, renter_id, owner_id, status, start_date, end_date, total_days, base_price, price_per_day, service_fee, taxes, total, deposit, created_at, updated_at) VALUES ('ab247b55-f456-433d-95ab-423e78fddb34', 'V1A2B3C4-D5E6-7890-VHCL-111111111111', 'D4E5F6G7-H8I9-0123-DEFG-456789012345', 'E5F6G7H8-I9J0-1234-EFGH-567890123456', 'COMPLETED', '2023-05-06', '2023-05-15', 9, 7200000, 800000, 720000.0, 576000.0, 8496000.0, 3000000, '2023-04-23 00:00:00', '2023-04-23 00:00:00');
INSERT INTO payments (id, booking_id, user_id, amount, currency, status, method, created_at, processed_at) VALUES ('6c5120d0-73ec-4ea3-9250-ccb16b05f493', 'ab247b55-f456-433d-95ab-423e78fddb34', 'D4E5F6G7-H8I9-0123-DEFG-456789012345', 8496000.0, 'VND', 'SUCCEEDED', 'VNPAY', '2023-04-23 00:00:00', '2023-04-23 00:00:00');
INSERT INTO reviews (id, vehicle_id, booking_id, reviewer_id, owner_id, rating, cleanliness, accuracy, communication, value_rating, comment, created_at, updated_at) VALUES ('8284edf6-2fc0-4e6d-942d-fac14586c690', 'V1A2B3C4-D5E6-7890-VHCL-111111111111', 'ab247b55-f456-433d-95ab-423e78fddb34', 'D4E5F6G7-H8I9-0123-DEFG-456789012345', 'E5F6G7H8-I9J0-1234-EFGH-567890123456', 4, 4, 4, 4, 4, N'Trải nghiệm tuyệt vời!', '2023-05-15 00:00:00', '2023-05-15 00:00:00');
INSERT INTO bookings (id, vehicle_id, renter_id, owner_id, status, start_date, end_date, total_days, base_price, price_per_day, service_fee, taxes, total, deposit, created_at, updated_at) VALUES ('1f09eaf4-460e-4bf8-8245-c9f8a6a8feaf', 'V1A2B3C4-D5E6-7890-VHCL-111111111111', 'C3D4E5F6-G7H8-9012-CDEF-345678901234', 'E5F6G7H8-I9J0-1234-EFGH-567890123456', 'COMPLETED', '2024-05-26', '2024-06-03', 8, 6400000, 800000, 640000.0, 512000.0, 7552000.0, 3000000, '2024-05-14 00:00:00', '2024-05-14 00:00:00');
INSERT INTO payments (id, booking_id, user_id, amount, currency, status, method, created_at, processed_at) VALUES ('56b2f639-81f1-48ad-892d-8c3ba6fc19f9', '1f09eaf4-460e-4bf8-8245-c9f8a6a8feaf', 'C3D4E5F6-G7H8-9012-CDEF-345678901234', 7552000.0, 'VND', 'SUCCEEDED', 'VNPAY', '2024-05-14 00:00:00', '2024-05-14 00:00:00');
INSERT INTO reviews (id, vehicle_id, booking_id, reviewer_id, owner_id, rating, cleanliness, accuracy, communication, value_rating, comment, created_at, updated_at) VALUES ('64e0d952-bc69-4211-8237-94934cebfdb4', 'V1A2B3C4-D5E6-7890-VHCL-111111111111', '1f09eaf4-460e-4bf8-8245-c9f8a6a8feaf', 'C3D4E5F6-G7H8-9012-CDEF-345678901234', 'E5F6G7H8-I9J0-1234-EFGH-567890123456', 3, 3, 3, 3, 3, N'Trải nghiệm tuyệt vời!', '2024-06-03 00:00:00', '2024-06-03 00:00:00');
INSERT INTO bookings (id, vehicle_id, renter_id, owner_id, status, start_date, end_date, total_days, base_price, price_per_day, service_fee, taxes, total, deposit, created_at, updated_at) VALUES ('0728bb23-5bb9-45d8-9432-500dc7a1b24e', 'V1A2B3C4-D5E6-7890-VHCL-111111111111', 'B2C3D4E5-F6G7-8901-BCDE-234567890123', 'E5F6G7H8-I9J0-1234-EFGH-567890123456', 'COMPLETED', '2023-04-24', '2023-05-03', 9, 7200000, 800000, 720000.0, 576000.0, 8496000.0, 3000000, '2023-04-20 00:00:00', '2023-04-20 00:00:00');
INSERT INTO payments (id, booking_id, user_id, amount, currency, status, method, created_at, processed_at) VALUES ('429375b2-9492-493f-91ba-f4e7143caf7f', '0728bb23-5bb9-45d8-9432-500dc7a1b24e', 'B2C3D4E5-F6G7-8901-BCDE-234567890123', 8496000.0, 'VND', 'SUCCEEDED', 'VNPAY', '2023-04-20 00:00:00', '2023-04-20 00:00:00');
INSERT INTO reviews (id, vehicle_id, booking_id, reviewer_id, owner_id, rating, cleanliness, accuracy, communication, value_rating, comment, created_at, updated_at) VALUES ('f09caba0-f3d6-4ac7-91ea-b0009915e4fb', 'V1A2B3C4-D5E6-7890-VHCL-111111111111', '0728bb23-5bb9-45d8-9432-500dc7a1b24e', 'B2C3D4E5-F6G7-8901-BCDE-234567890123', 'E5F6G7H8-I9J0-1234-EFGH-567890123456', 4, 4, 4, 4, 4, N'Trải nghiệm tuyệt vời!', '2023-05-03 00:00:00', '2023-05-03 00:00:00');
INSERT INTO bookings (id, vehicle_id, renter_id, owner_id, status, start_date, end_date, total_days, base_price, price_per_day, service_fee, taxes, total, deposit, created_at, updated_at) VALUES ('05b52f7a-ed8d-416f-9752-94059f0a61c1', 'V1A2B3C4-D5E6-7890-VHCL-111111111111', 'C3D4E5F6-G7H8-9012-CDEF-345678901234', 'E5F6G7H8-I9J0-1234-EFGH-567890123456', 'COMPLETED', '2024-05-26', '2024-05-30', 4, 3200000, 800000, 320000.0, 256000.0, 3776000.0, 3000000, '2024-05-17 00:00:00', '2024-05-17 00:00:00');
INSERT INTO payments (id, booking_id, user_id, amount, currency, status, method, created_at, processed_at) VALUES ('20eba94e-69e6-47d2-865d-8552675d0cbd', '05b52f7a-ed8d-416f-9752-94059f0a61c1', 'C3D4E5F6-G7H8-9012-CDEF-345678901234', 3776000.0, 'VND', 'SUCCEEDED', 'VNPAY', '2024-05-17 00:00:00', '2024-05-17 00:00:00');
INSERT INTO reviews (id, vehicle_id, booking_id, reviewer_id, owner_id, rating, cleanliness, accuracy, communication, value_rating, comment, created_at, updated_at) VALUES ('bcf572e7-dee1-41f4-9204-5c8caa6a1eb2', 'V1A2B3C4-D5E6-7890-VHCL-111111111111', '05b52f7a-ed8d-416f-9752-94059f0a61c1', 'C3D4E5F6-G7H8-9012-CDEF-345678901234', 'E5F6G7H8-I9J0-1234-EFGH-567890123456', 4, 4, 4, 4, 4, N'Trải nghiệm tuyệt vời!', '2024-05-30 00:00:00', '2024-05-30 00:00:00');
INSERT INTO bookings (id, vehicle_id, renter_id, owner_id, status, start_date, end_date, total_days, base_price, price_per_day, service_fee, taxes, total, deposit, created_at, updated_at) VALUES ('35a92a26-0882-443d-a3a7-29b03719dbf9', 'V1A2B3C4-D5E6-7890-VHCL-111111111111', 'C3D4E5F6-G7H8-9012-CDEF-345678901234', 'E5F6G7H8-I9J0-1234-EFGH-567890123456', 'COMPLETED', '2024-05-19', '2024-05-20', 1, 800000, 800000, 80000.0, 64000.0, 944000.0, 3000000, '2024-05-08 00:00:00', '2024-05-08 00:00:00');
INSERT INTO payments (id, booking_id, user_id, amount, currency, status, method, created_at, processed_at) VALUES ('8609537c-a9af-4127-a161-d684613dfabd', '35a92a26-0882-443d-a3a7-29b03719dbf9', 'C3D4E5F6-G7H8-9012-CDEF-345678901234', 944000.0, 'VND', 'SUCCEEDED', 'VNPAY', '2024-05-08 00:00:00', '2024-05-08 00:00:00');
INSERT INTO reviews (id, vehicle_id, booking_id, reviewer_id, owner_id, rating, cleanliness, accuracy, communication, value_rating, comment, created_at, updated_at) VALUES ('20e840e6-e847-4968-97ab-5320f4f9b320', 'V1A2B3C4-D5E6-7890-VHCL-111111111111', '35a92a26-0882-443d-a3a7-29b03719dbf9', 'C3D4E5F6-G7H8-9012-CDEF-345678901234', 'E5F6G7H8-I9J0-1234-EFGH-567890123456', 4, 4, 4, 4, 4, N'Trải nghiệm tuyệt vời!', '2024-05-20 00:00:00', '2024-05-20 00:00:00');
INSERT INTO bookings (id, vehicle_id, renter_id, owner_id, status, start_date, end_date, total_days, base_price, price_per_day, service_fee, taxes, total, deposit, created_at, updated_at) VALUES ('9fc4c415-a114-4088-9545-bfde2682eef8', 'V1A2B3C4-D5E6-7890-VHCL-111111111111', 'B2C3D4E5-F6G7-8901-BCDE-234567890123', 'E5F6G7H8-I9J0-1234-EFGH-567890123456', 'COMPLETED', '2023-11-06', '2023-11-14', 8, 6400000, 800000, 640000.0, 512000.0, 7552000.0, 3000000, '2023-10-24 00:00:00', '2023-10-24 00:00:00');
INSERT INTO payments (id, booking_id, user_id, amount, currency, status, method, created_at, processed_at) VALUES ('b6278b6d-f785-4e44-b64a-76a1f7add3db', '9fc4c415-a114-4088-9545-bfde2682eef8', 'B2C3D4E5-F6G7-8901-BCDE-234567890123', 7552000.0, 'VND', 'SUCCEEDED', 'VNPAY', '2023-10-24 00:00:00', '2023-10-24 00:00:00');
INSERT INTO reviews (id, vehicle_id, booking_id, reviewer_id, owner_id, rating, cleanliness, accuracy, communication, value_rating, comment, created_at, updated_at) VALUES ('08b7d946-704f-465a-a175-8aab7c0b0037', 'V1A2B3C4-D5E6-7890-VHCL-111111111111', '9fc4c415-a114-4088-9545-bfde2682eef8', 'B2C3D4E5-F6G7-8901-BCDE-234567890123', 'E5F6G7H8-I9J0-1234-EFGH-567890123456', 3, 3, 3, 3, 3, N'Trải nghiệm tuyệt vời!', '2023-11-14 00:00:00', '2023-11-14 00:00:00');
INSERT INTO bookings (id, vehicle_id, renter_id, owner_id, status, start_date, end_date, total_days, base_price, price_per_day, service_fee, taxes, total, deposit, created_at, updated_at) VALUES ('babd399a-769c-4ad5-ad99-1cdf2be709b4', 'V1A2B3C4-D5E6-7890-VHCL-111111111111', 'D4E5F6G7-H8I9-0123-DEFG-456789012345', 'E5F6G7H8-I9J0-1234-EFGH-567890123456', 'COMPLETED', '2023-03-22', '2023-04-01', 10, 8000000, 800000, 800000.0, 640000.0, 9440000.0, 3000000, '2023-03-10 00:00:00', '2023-03-10 00:00:00');
INSERT INTO payments (id, booking_id, user_id, amount, currency, status, method, created_at, processed_at) VALUES ('c098cde8-1c11-41d5-8900-d40c07a7f2ad', 'babd399a-769c-4ad5-ad99-1cdf2be709b4', 'D4E5F6G7-H8I9-0123-DEFG-456789012345', 9440000.0, 'VND', 'SUCCEEDED', 'VNPAY', '2023-03-10 00:00:00', '2023-03-10 00:00:00');
INSERT INTO reviews (id, vehicle_id, booking_id, reviewer_id, owner_id, rating, cleanliness, accuracy, communication, value_rating, comment, created_at, updated_at) VALUES ('62182c9b-5c0f-41a0-88b4-68f13167a3bd', 'V1A2B3C4-D5E6-7890-VHCL-111111111111', 'babd399a-769c-4ad5-ad99-1cdf2be709b4', 'D4E5F6G7-H8I9-0123-DEFG-456789012345', 'E5F6G7H8-I9J0-1234-EFGH-567890123456', 4, 4, 4, 4, 4, N'Trải nghiệm tuyệt vời!', '2023-04-01 00:00:00', '2023-04-01 00:00:00');
INSERT INTO bookings (id, vehicle_id, renter_id, owner_id, status, start_date, end_date, total_days, base_price, price_per_day, service_fee, taxes, total, deposit, created_at, updated_at) VALUES ('6b32559a-e8b9-4978-bf7f-40f403ca555a', 'V1A2B3C4-D5E6-7890-VHCL-111111111111', 'D4E5F6G7-H8I9-0123-DEFG-456789012345', 'E5F6G7H8-I9J0-1234-EFGH-567890123456', 'COMPLETED', '2023-01-15', '2023-01-16', 1, 800000, 800000, 80000.0, 64000.0, 944000.0, 3000000, '2023-01-05 00:00:00', '2023-01-05 00:00:00');
INSERT INTO payments (id, booking_id, user_id, amount, currency, status, method, created_at, processed_at) VALUES ('862d2409-cf03-40aa-a66e-18b7aa20ade6', '6b32559a-e8b9-4978-bf7f-40f403ca555a', 'D4E5F6G7-H8I9-0123-DEFG-456789012345', 944000.0, 'VND', 'SUCCEEDED', 'VNPAY', '2023-01-05 00:00:00', '2023-01-05 00:00:00');
INSERT INTO reviews (id, vehicle_id, booking_id, reviewer_id, owner_id, rating, cleanliness, accuracy, communication, value_rating, comment, created_at, updated_at) VALUES ('2b60bd4c-093d-4df1-9c74-2f18b6c18614', 'V1A2B3C4-D5E6-7890-VHCL-111111111111', '6b32559a-e8b9-4978-bf7f-40f403ca555a', 'D4E5F6G7-H8I9-0123-DEFG-456789012345', 'E5F6G7H8-I9J0-1234-EFGH-567890123456', 5, 5, 5, 5, 5, N'Trải nghiệm tuyệt vời!', '2023-01-16 00:00:00', '2023-01-16 00:00:00');
INSERT INTO bookings (id, vehicle_id, renter_id, owner_id, status, start_date, end_date, total_days, base_price, price_per_day, service_fee, taxes, total, deposit, created_at, updated_at) VALUES ('cc660d6a-56f5-4d14-bb22-709f6fc21c72', 'V1A2B3C4-D5E6-7890-VHCL-111111111111', 'B2C3D4E5-F6G7-8901-BCDE-234567890123', 'E5F6G7H8-I9J0-1234-EFGH-567890123456', 'COMPLETED', '2023-01-06', '2023-01-16', 10, 8000000, 800000, 800000.0, 640000.0, 9440000.0, 3000000, '2022-12-24 00:00:00', '2022-12-24 00:00:00');
INSERT INTO payments (id, booking_id, user_id, amount, currency, status, method, created_at, processed_at) VALUES ('26e17397-fac8-4280-a4bd-07a4e59d2a24', 'cc660d6a-56f5-4d14-bb22-709f6fc21c72', 'B2C3D4E5-F6G7-8901-BCDE-234567890123', 9440000.0, 'VND', 'SUCCEEDED', 'VNPAY', '2022-12-24 00:00:00', '2022-12-24 00:00:00');
INSERT INTO reviews (id, vehicle_id, booking_id, reviewer_id, owner_id, rating, cleanliness, accuracy, communication, value_rating, comment, created_at, updated_at) VALUES ('ae50782f-f153-46e5-a618-e3748e25cdaa', 'V1A2B3C4-D5E6-7890-VHCL-111111111111', 'cc660d6a-56f5-4d14-bb22-709f6fc21c72', 'B2C3D4E5-F6G7-8901-BCDE-234567890123', 'E5F6G7H8-I9J0-1234-EFGH-567890123456', 3, 3, 3, 3, 3, N'Trải nghiệm tuyệt vời!', '2023-01-16 00:00:00', '2023-01-16 00:00:00');
INSERT INTO bookings (id, vehicle_id, renter_id, owner_id, status, start_date, end_date, total_days, base_price, price_per_day, service_fee, taxes, total, deposit, created_at, updated_at) VALUES ('b24ffa88-a0a6-4d81-8031-bd8750330807', 'V1A2B3C4-D5E6-7890-VHCL-111111111111', 'B2C3D4E5-F6G7-8901-BCDE-234567890123', 'E5F6G7H8-I9J0-1234-EFGH-567890123456', 'COMPLETED', '2023-08-11', '2023-08-21', 10, 8000000, 800000, 800000.0, 640000.0, 9440000.0, 3000000, '2023-08-10 00:00:00', '2023-08-10 00:00:00');
INSERT INTO payments (id, booking_id, user_id, amount, currency, status, method, created_at, processed_at) VALUES ('a43d8476-aa06-4f9b-9b77-ae34b028ece3', 'b24ffa88-a0a6-4d81-8031-bd8750330807', 'B2C3D4E5-F6G7-8901-BCDE-234567890123', 9440000.0, 'VND', 'SUCCEEDED', 'VNPAY', '2023-08-10 00:00:00', '2023-08-10 00:00:00');
INSERT INTO reviews (id, vehicle_id, booking_id, reviewer_id, owner_id, rating, cleanliness, accuracy, communication, value_rating, comment, created_at, updated_at) VALUES ('b02182cd-8daa-4ae8-865f-210a2058d7fa', 'V1A2B3C4-D5E6-7890-VHCL-111111111111', 'b24ffa88-a0a6-4d81-8031-bd8750330807', 'B2C3D4E5-F6G7-8901-BCDE-234567890123', 'E5F6G7H8-I9J0-1234-EFGH-567890123456', 4, 4, 4, 4, 4, N'Trải nghiệm tuyệt vời!', '2023-08-21 00:00:00', '2023-08-21 00:00:00');
INSERT INTO bookings (id, vehicle_id, renter_id, owner_id, status, start_date, end_date, total_days, base_price, price_per_day, service_fee, taxes, total, deposit, created_at, updated_at) VALUES ('38c7e58e-8b0e-4cd9-8e14-cf8a6fd3c60a', 'V1A2B3C4-D5E6-7890-VHCL-111111111111', 'C3D4E5F6-G7H8-9012-CDEF-345678901234', 'E5F6G7H8-I9J0-1234-EFGH-567890123456', 'COMPLETED', '2023-01-06', '2023-01-11', 5, 4000000, 800000, 400000.0, 320000.0, 4720000.0, 3000000, '2022-12-28 00:00:00', '2022-12-28 00:00:00');
INSERT INTO payments (id, booking_id, user_id, amount, currency, status, method, created_at, processed_at) VALUES ('83fd1081-679c-4294-a67a-6bec62f72e56', '38c7e58e-8b0e-4cd9-8e14-cf8a6fd3c60a', 'C3D4E5F6-G7H8-9012-CDEF-345678901234', 4720000.0, 'VND', 'SUCCEEDED', 'VNPAY', '2022-12-28 00:00:00', '2022-12-28 00:00:00');
INSERT INTO reviews (id, vehicle_id, booking_id, reviewer_id, owner_id, rating, cleanliness, accuracy, communication, value_rating, comment, created_at, updated_at) VALUES ('f3021dd5-b328-46a6-9c0b-67a353ebefef', 'V1A2B3C4-D5E6-7890-VHCL-111111111111', '38c7e58e-8b0e-4cd9-8e14-cf8a6fd3c60a', 'C3D4E5F6-G7H8-9012-CDEF-345678901234', 'E5F6G7H8-I9J0-1234-EFGH-567890123456', 5, 5, 5, 5, 5, N'Trải nghiệm tuyệt vời!', '2023-01-11 00:00:00', '2023-01-11 00:00:00');
INSERT INTO bookings (id, vehicle_id, renter_id, owner_id, status, start_date, end_date, total_days, base_price, price_per_day, service_fee, taxes, total, deposit, created_at, updated_at) VALUES ('245bce95-f8c1-4cc5-9c86-35125c370a62', 'V1A2B3C4-D5E6-7890-VHCL-111111111111', 'C3D4E5F6-G7H8-9012-CDEF-345678901234', 'E5F6G7H8-I9J0-1234-EFGH-567890123456', 'COMPLETED', '2023-05-24', '2023-06-03', 10, 8000000, 800000, 800000.0, 640000.0, 9440000.0, 3000000, '2023-05-19 00:00:00', '2023-05-19 00:00:00');
INSERT INTO payments (id, booking_id, user_id, amount, currency, status, method, created_at, processed_at) VALUES ('e4deb958-0642-42f2-88b8-b5fa253275b7', '245bce95-f8c1-4cc5-9c86-35125c370a62', 'C3D4E5F6-G7H8-9012-CDEF-345678901234', 9440000.0, 'VND', 'SUCCEEDED', 'VNPAY', '2023-05-19 00:00:00', '2023-05-19 00:00:00');
INSERT INTO reviews (id, vehicle_id, booking_id, reviewer_id, owner_id, rating, cleanliness, accuracy, communication, value_rating, comment, created_at, updated_at) VALUES ('07bac410-0859-4f87-b1a5-95b82ec57873', 'V1A2B3C4-D5E6-7890-VHCL-111111111111', '245bce95-f8c1-4cc5-9c86-35125c370a62', 'C3D4E5F6-G7H8-9012-CDEF-345678901234', 'E5F6G7H8-I9J0-1234-EFGH-567890123456', 3, 3, 3, 3, 3, N'Trải nghiệm tuyệt vời!', '2023-06-03 00:00:00', '2023-06-03 00:00:00');
INSERT INTO bookings (id, vehicle_id, renter_id, owner_id, status, start_date, end_date, total_days, base_price, price_per_day, service_fee, taxes, total, deposit, created_at, updated_at) VALUES ('9700bbb5-cced-45f5-be62-69459a3506b3', 'V1A2B3C4-D5E6-7890-VHCL-111111111111', 'C3D4E5F6-G7H8-9012-CDEF-345678901234', 'E5F6G7H8-I9J0-1234-EFGH-567890123456', 'COMPLETED', '2023-02-02', '2023-02-07', 5, 4000000, 800000, 400000.0, 320000.0, 4720000.0, 3000000, '2023-01-22 00:00:00', '2023-01-22 00:00:00');
INSERT INTO payments (id, booking_id, user_id, amount, currency, status, method, created_at, processed_at) VALUES ('8ea898a5-593a-4edb-94c3-1a6695212dc2', '9700bbb5-cced-45f5-be62-69459a3506b3', 'C3D4E5F6-G7H8-9012-CDEF-345678901234', 4720000.0, 'VND', 'SUCCEEDED', 'VNPAY', '2023-01-22 00:00:00', '2023-01-22 00:00:00');
INSERT INTO reviews (id, vehicle_id, booking_id, reviewer_id, owner_id, rating, cleanliness, accuracy, communication, value_rating, comment, created_at, updated_at) VALUES ('7e2ece56-8d0b-4964-a395-2765454fc76b', 'V1A2B3C4-D5E6-7890-VHCL-111111111111', '9700bbb5-cced-45f5-be62-69459a3506b3', 'C3D4E5F6-G7H8-9012-CDEF-345678901234', 'E5F6G7H8-I9J0-1234-EFGH-567890123456', 3, 3, 3, 3, 3, N'Trải nghiệm tuyệt vời!', '2023-02-07 00:00:00', '2023-02-07 00:00:00');
INSERT INTO bookings (id, vehicle_id, renter_id, owner_id, status, start_date, end_date, total_days, base_price, price_per_day, service_fee, taxes, total, deposit, created_at, updated_at) VALUES ('1286f6c2-c5ae-4718-bedd-e558b8f8d7ba', 'V1A2B3C4-D5E6-7890-VHCL-111111111111', 'D4E5F6G7-H8I9-0123-DEFG-456789012345', 'E5F6G7H8-I9J0-1234-EFGH-567890123456', 'COMPLETED', '2023-04-18', '2023-04-25', 7, 5600000, 800000, 560000.0, 448000.0, 6608000.0, 3000000, '2023-04-15 00:00:00', '2023-04-15 00:00:00');
INSERT INTO payments (id, booking_id, user_id, amount, currency, status, method, created_at, processed_at) VALUES ('30db060e-1e50-44a7-83ff-e83b16f9c559', '1286f6c2-c5ae-4718-bedd-e558b8f8d7ba', 'D4E5F6G7-H8I9-0123-DEFG-456789012345', 6608000.0, 'VND', 'SUCCEEDED', 'VNPAY', '2023-04-15 00:00:00', '2023-04-15 00:00:00');
INSERT INTO reviews (id, vehicle_id, booking_id, reviewer_id, owner_id, rating, cleanliness, accuracy, communication, value_rating, comment, created_at, updated_at) VALUES ('8fc6114f-6ba8-46e5-a431-560bcd785576', 'V1A2B3C4-D5E6-7890-VHCL-111111111111', '1286f6c2-c5ae-4718-bedd-e558b8f8d7ba', 'D4E5F6G7-H8I9-0123-DEFG-456789012345', 'E5F6G7H8-I9J0-1234-EFGH-567890123456', 5, 5, 5, 5, 5, N'Trải nghiệm tuyệt vời!', '2023-04-25 00:00:00', '2023-04-25 00:00:00');
INSERT INTO bookings (id, vehicle_id, renter_id, owner_id, status, start_date, end_date, total_days, base_price, price_per_day, service_fee, taxes, total, deposit, created_at, updated_at) VALUES ('84cafa16-e7aa-48e4-b2f9-b0944504334a', 'V1A2B3C4-D5E6-7890-VHCL-111111111111', 'D4E5F6G7-H8I9-0123-DEFG-456789012345', 'E5F6G7H8-I9J0-1234-EFGH-567890123456', 'COMPLETED', '2023-03-19', '2023-03-22', 3, 2400000, 800000, 240000.0, 192000.0, 2832000.0, 3000000, '2023-03-17 00:00:00', '2023-03-17 00:00:00');
INSERT INTO payments (id, booking_id, user_id, amount, currency, status, method, created_at, processed_at) VALUES ('33a41b5b-4c94-4466-acbc-5280fad135d7', '84cafa16-e7aa-48e4-b2f9-b0944504334a', 'D4E5F6G7-H8I9-0123-DEFG-456789012345', 2832000.0, 'VND', 'SUCCEEDED', 'VNPAY', '2023-03-17 00:00:00', '2023-03-17 00:00:00');
INSERT INTO reviews (id, vehicle_id, booking_id, reviewer_id, owner_id, rating, cleanliness, accuracy, communication, value_rating, comment, created_at, updated_at) VALUES ('20b3db53-d60a-418e-9a28-a45d1ab1171d', 'V1A2B3C4-D5E6-7890-VHCL-111111111111', '84cafa16-e7aa-48e4-b2f9-b0944504334a', 'D4E5F6G7-H8I9-0123-DEFG-456789012345', 'E5F6G7H8-I9J0-1234-EFGH-567890123456', 4, 4, 4, 4, 4, N'Trải nghiệm tuyệt vời!', '2023-03-22 00:00:00', '2023-03-22 00:00:00');
INSERT INTO bookings (id, vehicle_id, renter_id, owner_id, status, start_date, end_date, total_days, base_price, price_per_day, service_fee, taxes, total, deposit, created_at, updated_at) VALUES ('f21bd192-6adf-4bf4-9cc4-54ecba237c65', 'V1A2B3C4-D5E6-7890-VHCL-111111111111', 'C3D4E5F6-G7H8-9012-CDEF-345678901234', 'E5F6G7H8-I9J0-1234-EFGH-567890123456', 'COMPLETED', '2023-05-24', '2023-05-29', 5, 4000000, 800000, 400000.0, 320000.0, 4720000.0, 3000000, '2023-05-16 00:00:00', '2023-05-16 00:00:00');
INSERT INTO payments (id, booking_id, user_id, amount, currency, status, method, created_at, processed_at) VALUES ('f781f7e0-08e9-4572-bc5d-ae25eb5d9bb2', 'f21bd192-6adf-4bf4-9cc4-54ecba237c65', 'C3D4E5F6-G7H8-9012-CDEF-345678901234', 4720000.0, 'VND', 'SUCCEEDED', 'VNPAY', '2023-05-16 00:00:00', '2023-05-16 00:00:00');
INSERT INTO reviews (id, vehicle_id, booking_id, reviewer_id, owner_id, rating, cleanliness, accuracy, communication, value_rating, comment, created_at, updated_at) VALUES ('5d046cee-a804-439e-b896-10b777af8566', 'V1A2B3C4-D5E6-7890-VHCL-111111111111', 'f21bd192-6adf-4bf4-9cc4-54ecba237c65', 'C3D4E5F6-G7H8-9012-CDEF-345678901234', 'E5F6G7H8-I9J0-1234-EFGH-567890123456', 3, 3, 3, 3, 3, N'Trải nghiệm tuyệt vời!', '2023-05-29 00:00:00', '2023-05-29 00:00:00');
INSERT INTO bookings (id, vehicle_id, renter_id, owner_id, status, start_date, end_date, total_days, base_price, price_per_day, service_fee, taxes, total, deposit, created_at, updated_at) VALUES ('498ee530-7672-4451-9d52-f660a9934432', 'V1A2B3C4-D5E6-7890-VHCL-111111111111', 'D4E5F6G7-H8I9-0123-DEFG-456789012345', 'E5F6G7H8-I9J0-1234-EFGH-567890123456', 'COMPLETED', '2023-10-09', '2023-10-17', 8, 6400000, 800000, 640000.0, 512000.0, 7552000.0, 3000000, '2023-10-06 00:00:00', '2023-10-06 00:00:00');
INSERT INTO payments (id, booking_id, user_id, amount, currency, status, method, created_at, processed_at) VALUES ('eaefdf51-b73d-49ce-b0a7-1be553b1c49d', '498ee530-7672-4451-9d52-f660a9934432', 'D4E5F6G7-H8I9-0123-DEFG-456789012345', 7552000.0, 'VND', 'SUCCEEDED', 'VNPAY', '2023-10-06 00:00:00', '2023-10-06 00:00:00');
INSERT INTO reviews (id, vehicle_id, booking_id, reviewer_id, owner_id, rating, cleanliness, accuracy, communication, value_rating, comment, created_at, updated_at) VALUES ('c8b29c58-e641-453b-b655-1abce01a8952', 'V1A2B3C4-D5E6-7890-VHCL-111111111111', '498ee530-7672-4451-9d52-f660a9934432', 'D4E5F6G7-H8I9-0123-DEFG-456789012345', 'E5F6G7H8-I9J0-1234-EFGH-567890123456', 3, 3, 3, 3, 3, N'Trải nghiệm tuyệt vời!', '2023-10-17 00:00:00', '2023-10-17 00:00:00');
INSERT INTO bookings (id, vehicle_id, renter_id, owner_id, status, start_date, end_date, total_days, base_price, price_per_day, service_fee, taxes, total, deposit, created_at, updated_at) VALUES ('285ba8a6-e2e7-4432-8cc3-77360bf39aa7', 'V1A2B3C4-D5E6-7890-VHCL-111111111111', 'C3D4E5F6-G7H8-9012-CDEF-345678901234', 'E5F6G7H8-I9J0-1234-EFGH-567890123456', 'CANCELLED', '2024-05-29', '2024-06-06', 8, 6400000, 800000, 640000.0, 512000.0, 7552000.0, 3000000, '2024-05-19 00:00:00', '2024-05-19 00:00:00');
INSERT INTO payments (id, booking_id, user_id, amount, currency, status, method, created_at, processed_at) VALUES ('82bb7928-95bc-4ea7-bef6-a07a78275773', '285ba8a6-e2e7-4432-8cc3-77360bf39aa7', 'C3D4E5F6-G7H8-9012-CDEF-345678901234', 7552000.0, 'VND', 'REFUNDED', 'VNPAY', '2024-05-19 00:00:00', '2024-05-19 00:00:00');
INSERT INTO bookings (id, vehicle_id, renter_id, owner_id, status, start_date, end_date, total_days, base_price, price_per_day, service_fee, taxes, total, deposit, created_at, updated_at) VALUES ('fb0692c4-bbc7-41d3-84e8-f0653f3eb75a', 'V1A2B3C4-D5E6-7890-VHCL-111111111111', 'C3D4E5F6-G7H8-9012-CDEF-345678901234', 'E5F6G7H8-I9J0-1234-EFGH-567890123456', 'COMPLETED', '2024-05-30', '2024-06-02', 3, 2400000, 800000, 240000.0, 192000.0, 2832000.0, 3000000, '2024-05-27 00:00:00', '2024-05-27 00:00:00');
INSERT INTO payments (id, booking_id, user_id, amount, currency, status, method, created_at, processed_at) VALUES ('a747d752-d019-463c-983b-c0bf2ac02adf', 'fb0692c4-bbc7-41d3-84e8-f0653f3eb75a', 'C3D4E5F6-G7H8-9012-CDEF-345678901234', 2832000.0, 'VND', 'SUCCEEDED', 'VNPAY', '2024-05-27 00:00:00', '2024-05-27 00:00:00');
INSERT INTO reviews (id, vehicle_id, booking_id, reviewer_id, owner_id, rating, cleanliness, accuracy, communication, value_rating, comment, created_at, updated_at) VALUES ('e02443a3-9a2e-4e4b-aabf-748e73ef45d8', 'V1A2B3C4-D5E6-7890-VHCL-111111111111', 'fb0692c4-bbc7-41d3-84e8-f0653f3eb75a', 'C3D4E5F6-G7H8-9012-CDEF-345678901234', 'E5F6G7H8-I9J0-1234-EFGH-567890123456', 4, 4, 4, 4, 4, N'Trải nghiệm tuyệt vời!', '2024-06-02 00:00:00', '2024-06-02 00:00:00');
INSERT INTO bookings (id, vehicle_id, renter_id, owner_id, status, start_date, end_date, total_days, base_price, price_per_day, service_fee, taxes, total, deposit, created_at, updated_at) VALUES ('9021cc8c-04a2-4ae2-bd32-8bea9be6f3ce', 'V1A2B3C4-D5E6-7890-VHCL-111111111111', 'C3D4E5F6-G7H8-9012-CDEF-345678901234', 'E5F6G7H8-I9J0-1234-EFGH-567890123456', 'COMPLETED', '2023-12-16', '2023-12-24', 8, 6400000, 800000, 640000.0, 512000.0, 7552000.0, 3000000, '2023-12-09 00:00:00', '2023-12-09 00:00:00');
INSERT INTO payments (id, booking_id, user_id, amount, currency, status, method, created_at, processed_at) VALUES ('04866883-0d10-4492-a77e-990acc6439dc', '9021cc8c-04a2-4ae2-bd32-8bea9be6f3ce', 'C3D4E5F6-G7H8-9012-CDEF-345678901234', 7552000.0, 'VND', 'SUCCEEDED', 'VNPAY', '2023-12-09 00:00:00', '2023-12-09 00:00:00');
INSERT INTO reviews (id, vehicle_id, booking_id, reviewer_id, owner_id, rating, cleanliness, accuracy, communication, value_rating, comment, created_at, updated_at) VALUES ('d20833fe-a74e-49d1-b993-4f95b1aa583a', 'V1A2B3C4-D5E6-7890-VHCL-111111111111', '9021cc8c-04a2-4ae2-bd32-8bea9be6f3ce', 'C3D4E5F6-G7H8-9012-CDEF-345678901234', 'E5F6G7H8-I9J0-1234-EFGH-567890123456', 3, 3, 3, 3, 3, N'Trải nghiệm tuyệt vời!', '2023-12-24 00:00:00', '2023-12-24 00:00:00');
INSERT INTO bookings (id, vehicle_id, renter_id, owner_id, status, start_date, end_date, total_days, base_price, price_per_day, service_fee, taxes, total, deposit, created_at, updated_at) VALUES ('82e979fe-3aa3-4883-ac41-afc24ab7809d', 'V1A2B3C4-D5E6-7890-VHCL-111111111111', 'C3D4E5F6-G7H8-9012-CDEF-345678901234', 'E5F6G7H8-I9J0-1234-EFGH-567890123456', 'COMPLETED', '2023-11-05', '2023-11-15', 10, 8000000, 800000, 800000.0, 640000.0, 9440000.0, 3000000, '2023-11-02 00:00:00', '2023-11-02 00:00:00');
INSERT INTO payments (id, booking_id, user_id, amount, currency, status, method, created_at, processed_at) VALUES ('6af1dab3-8242-4cf2-84d9-39d399350712', '82e979fe-3aa3-4883-ac41-afc24ab7809d', 'C3D4E5F6-G7H8-9012-CDEF-345678901234', 9440000.0, 'VND', 'SUCCEEDED', 'VNPAY', '2023-11-02 00:00:00', '2023-11-02 00:00:00');
INSERT INTO reviews (id, vehicle_id, booking_id, reviewer_id, owner_id, rating, cleanliness, accuracy, communication, value_rating, comment, created_at, updated_at) VALUES ('12598772-d088-41bf-9449-3c047a841874', 'V1A2B3C4-D5E6-7890-VHCL-111111111111', '82e979fe-3aa3-4883-ac41-afc24ab7809d', 'C3D4E5F6-G7H8-9012-CDEF-345678901234', 'E5F6G7H8-I9J0-1234-EFGH-567890123456', 5, 5, 5, 5, 5, N'Trải nghiệm tuyệt vời!', '2023-11-15 00:00:00', '2023-11-15 00:00:00');
INSERT INTO bookings (id, vehicle_id, renter_id, owner_id, status, start_date, end_date, total_days, base_price, price_per_day, service_fee, taxes, total, deposit, created_at, updated_at) VALUES ('80ef6571-453a-45b1-8e03-e4d7d5483f27', 'V1A2B3C4-D5E6-7890-VHCL-111111111111', 'D4E5F6G7-H8I9-0123-DEFG-456789012345', 'E5F6G7H8-I9J0-1234-EFGH-567890123456', 'COMPLETED', '2024-04-08', '2024-04-18', 10, 8000000, 800000, 800000.0, 640000.0, 9440000.0, 3000000, '2024-04-02 00:00:00', '2024-04-02 00:00:00');
INSERT INTO payments (id, booking_id, user_id, amount, currency, status, method, created_at, processed_at) VALUES ('eabf5739-5afb-43e4-abaa-05630aef29d3', '80ef6571-453a-45b1-8e03-e4d7d5483f27', 'D4E5F6G7-H8I9-0123-DEFG-456789012345', 9440000.0, 'VND', 'SUCCEEDED', 'VNPAY', '2024-04-02 00:00:00', '2024-04-02 00:00:00');
INSERT INTO reviews (id, vehicle_id, booking_id, reviewer_id, owner_id, rating, cleanliness, accuracy, communication, value_rating, comment, created_at, updated_at) VALUES ('974d33f1-8d17-44b3-b610-3b92caa6cfca', 'V1A2B3C4-D5E6-7890-VHCL-111111111111', '80ef6571-453a-45b1-8e03-e4d7d5483f27', 'D4E5F6G7-H8I9-0123-DEFG-456789012345', 'E5F6G7H8-I9J0-1234-EFGH-567890123456', 4, 4, 4, 4, 4, N'Trải nghiệm tuyệt vời!', '2024-04-18 00:00:00', '2024-04-18 00:00:00');
INSERT INTO bookings (id, vehicle_id, renter_id, owner_id, status, start_date, end_date, total_days, base_price, price_per_day, service_fee, taxes, total, deposit, created_at, updated_at) VALUES ('6ade5168-9aee-46e4-b60e-9960d546b37d', 'V1A2B3C4-D5E6-7890-VHCL-111111111111', 'D4E5F6G7-H8I9-0123-DEFG-456789012345', 'E5F6G7H8-I9J0-1234-EFGH-567890123456', 'COMPLETED', '2023-12-03', '2023-12-06', 3, 2400000, 800000, 240000.0, 192000.0, 2832000.0, 3000000, '2023-11-30 00:00:00', '2023-11-30 00:00:00');
INSERT INTO payments (id, booking_id, user_id, amount, currency, status, method, created_at, processed_at) VALUES ('79ff2511-0a3b-4b3b-9af4-87ab07fc275c', '6ade5168-9aee-46e4-b60e-9960d546b37d', 'D4E5F6G7-H8I9-0123-DEFG-456789012345', 2832000.0, 'VND', 'SUCCEEDED', 'VNPAY', '2023-11-30 00:00:00', '2023-11-30 00:00:00');
INSERT INTO reviews (id, vehicle_id, booking_id, reviewer_id, owner_id, rating, cleanliness, accuracy, communication, value_rating, comment, created_at, updated_at) VALUES ('01d8965a-9f79-42bd-96e5-cad92a10ec47', 'V1A2B3C4-D5E6-7890-VHCL-111111111111', '6ade5168-9aee-46e4-b60e-9960d546b37d', 'D4E5F6G7-H8I9-0123-DEFG-456789012345', 'E5F6G7H8-I9J0-1234-EFGH-567890123456', 4, 4, 4, 4, 4, N'Trải nghiệm tuyệt vời!', '2023-12-06 00:00:00', '2023-12-06 00:00:00');
INSERT INTO bookings (id, vehicle_id, renter_id, owner_id, status, start_date, end_date, total_days, base_price, price_per_day, service_fee, taxes, total, deposit, created_at, updated_at) VALUES ('82ee295b-9e0b-4d5c-abe2-30d576289d01', 'V1A2B3C4-D5E6-7890-VHCL-111111111111', 'C3D4E5F6-G7H8-9012-CDEF-345678901234', 'E5F6G7H8-I9J0-1234-EFGH-567890123456', 'COMPLETED', '2023-04-01', '2023-04-06', 5, 4000000, 800000, 400000.0, 320000.0, 4720000.0, 3000000, '2023-03-30 00:00:00', '2023-03-30 00:00:00');
INSERT INTO payments (id, booking_id, user_id, amount, currency, status, method, created_at, processed_at) VALUES ('31e83b78-784a-4570-9e21-de4e4750ba87', '82ee295b-9e0b-4d5c-abe2-30d576289d01', 'C3D4E5F6-G7H8-9012-CDEF-345678901234', 4720000.0, 'VND', 'SUCCEEDED', 'VNPAY', '2023-03-30 00:00:00', '2023-03-30 00:00:00');
INSERT INTO reviews (id, vehicle_id, booking_id, reviewer_id, owner_id, rating, cleanliness, accuracy, communication, value_rating, comment, created_at, updated_at) VALUES ('29593b7a-07b3-47f5-9846-ecb1ddae13ba', 'V1A2B3C4-D5E6-7890-VHCL-111111111111', '82ee295b-9e0b-4d5c-abe2-30d576289d01', 'C3D4E5F6-G7H8-9012-CDEF-345678901234', 'E5F6G7H8-I9J0-1234-EFGH-567890123456', 4, 4, 4, 4, 4, N'Trải nghiệm tuyệt vời!', '2023-04-06 00:00:00', '2023-04-06 00:00:00');
INSERT INTO bookings (id, vehicle_id, renter_id, owner_id, status, start_date, end_date, total_days, base_price, price_per_day, service_fee, taxes, total, deposit, created_at, updated_at) VALUES ('530c3728-d2ee-46a9-ada4-cf9b8f1dea66', 'V1A2B3C4-D5E6-7890-VHCL-111111111111', 'C3D4E5F6-G7H8-9012-CDEF-345678901234', 'E5F6G7H8-I9J0-1234-EFGH-567890123456', 'COMPLETED', '2023-05-28', '2023-06-07', 10, 8000000, 800000, 800000.0, 640000.0, 9440000.0, 3000000, '2023-05-22 00:00:00', '2023-05-22 00:00:00');
INSERT INTO payments (id, booking_id, user_id, amount, currency, status, method, created_at, processed_at) VALUES ('6fbd690c-d590-494d-8f52-d6ea2fca2fb6', '530c3728-d2ee-46a9-ada4-cf9b8f1dea66', 'C3D4E5F6-G7H8-9012-CDEF-345678901234', 9440000.0, 'VND', 'SUCCEEDED', 'VNPAY', '2023-05-22 00:00:00', '2023-05-22 00:00:00');
INSERT INTO reviews (id, vehicle_id, booking_id, reviewer_id, owner_id, rating, cleanliness, accuracy, communication, value_rating, comment, created_at, updated_at) VALUES ('2af31b8d-da21-4ba0-9f4f-5a740814b99e', 'V1A2B3C4-D5E6-7890-VHCL-111111111111', '530c3728-d2ee-46a9-ada4-cf9b8f1dea66', 'C3D4E5F6-G7H8-9012-CDEF-345678901234', 'E5F6G7H8-I9J0-1234-EFGH-567890123456', 4, 4, 4, 4, 4, N'Trải nghiệm tuyệt vời!', '2023-06-07 00:00:00', '2023-06-07 00:00:00');
INSERT INTO bookings (id, vehicle_id, renter_id, owner_id, status, start_date, end_date, total_days, base_price, price_per_day, service_fee, taxes, total, deposit, created_at, updated_at) VALUES ('9d120f41-ca93-4146-a1e1-3d56fbefef81', 'V1A2B3C4-D5E6-7890-VHCL-111111111111', 'D4E5F6G7-H8I9-0123-DEFG-456789012345', 'E5F6G7H8-I9J0-1234-EFGH-567890123456', 'COMPLETED', '2024-05-11', '2024-05-18', 7, 5600000, 800000, 560000.0, 448000.0, 6608000.0, 3000000, '2024-05-10 00:00:00', '2024-05-10 00:00:00');
INSERT INTO payments (id, booking_id, user_id, amount, currency, status, method, created_at, processed_at) VALUES ('ffb9380e-1973-49e6-b1b3-c645f9ad349f', '9d120f41-ca93-4146-a1e1-3d56fbefef81', 'D4E5F6G7-H8I9-0123-DEFG-456789012345', 6608000.0, 'VND', 'SUCCEEDED', 'VNPAY', '2024-05-10 00:00:00', '2024-05-10 00:00:00');
INSERT INTO reviews (id, vehicle_id, booking_id, reviewer_id, owner_id, rating, cleanliness, accuracy, communication, value_rating, comment, created_at, updated_at) VALUES ('4d04dafb-191f-4cbe-8ba5-d4f08441976f', 'V1A2B3C4-D5E6-7890-VHCL-111111111111', '9d120f41-ca93-4146-a1e1-3d56fbefef81', 'D4E5F6G7-H8I9-0123-DEFG-456789012345', 'E5F6G7H8-I9J0-1234-EFGH-567890123456', 3, 3, 3, 3, 3, N'Trải nghiệm tuyệt vời!', '2024-05-18 00:00:00', '2024-05-18 00:00:00');
INSERT INTO bookings (id, vehicle_id, renter_id, owner_id, status, start_date, end_date, total_days, base_price, price_per_day, service_fee, taxes, total, deposit, created_at, updated_at) VALUES ('5e39051f-c80a-4c18-b467-d0b26e44bf15', 'V1A2B3C4-D5E6-7890-VHCL-111111111111', 'C3D4E5F6-G7H8-9012-CDEF-345678901234', 'E5F6G7H8-I9J0-1234-EFGH-567890123456', 'COMPLETED', '2023-09-30', '2023-10-09', 9, 7200000, 800000, 720000.0, 576000.0, 8496000.0, 3000000, '2023-09-25 00:00:00', '2023-09-25 00:00:00');
INSERT INTO payments (id, booking_id, user_id, amount, currency, status, method, created_at, processed_at) VALUES ('59660d78-c670-47ab-a240-19e32afe9ffc', '5e39051f-c80a-4c18-b467-d0b26e44bf15', 'C3D4E5F6-G7H8-9012-CDEF-345678901234', 8496000.0, 'VND', 'SUCCEEDED', 'VNPAY', '2023-09-25 00:00:00', '2023-09-25 00:00:00');
INSERT INTO reviews (id, vehicle_id, booking_id, reviewer_id, owner_id, rating, cleanliness, accuracy, communication, value_rating, comment, created_at, updated_at) VALUES ('0fe5169a-0242-4b2b-a16a-417f72c82f8f', 'V1A2B3C4-D5E6-7890-VHCL-111111111111', '5e39051f-c80a-4c18-b467-d0b26e44bf15', 'C3D4E5F6-G7H8-9012-CDEF-345678901234', 'E5F6G7H8-I9J0-1234-EFGH-567890123456', 3, 3, 3, 3, 3, N'Trải nghiệm tuyệt vời!', '2023-10-09 00:00:00', '2023-10-09 00:00:00');
INSERT INTO bookings (id, vehicle_id, renter_id, owner_id, status, start_date, end_date, total_days, base_price, price_per_day, service_fee, taxes, total, deposit, created_at, updated_at) VALUES ('5148c80b-81aa-4d65-9226-318ddd1dfe38', 'V1A2B3C4-D5E6-7890-VHCL-111111111111', 'D4E5F6G7-H8I9-0123-DEFG-456789012345', 'E5F6G7H8-I9J0-1234-EFGH-567890123456', 'COMPLETED', '2023-11-27', '2023-12-03', 6, 4800000, 800000, 480000.0, 384000.0, 5664000.0, 3000000, '2023-11-14 00:00:00', '2023-11-14 00:00:00');
INSERT INTO payments (id, booking_id, user_id, amount, currency, status, method, created_at, processed_at) VALUES ('8e43382a-c03c-4b0b-9e9d-5ceef6ac18a7', '5148c80b-81aa-4d65-9226-318ddd1dfe38', 'D4E5F6G7-H8I9-0123-DEFG-456789012345', 5664000.0, 'VND', 'SUCCEEDED', 'VNPAY', '2023-11-14 00:00:00', '2023-11-14 00:00:00');
INSERT INTO reviews (id, vehicle_id, booking_id, reviewer_id, owner_id, rating, cleanliness, accuracy, communication, value_rating, comment, created_at, updated_at) VALUES ('abfb1878-ab51-42ac-a7ab-a738ab025c3c', 'V1A2B3C4-D5E6-7890-VHCL-111111111111', '5148c80b-81aa-4d65-9226-318ddd1dfe38', 'D4E5F6G7-H8I9-0123-DEFG-456789012345', 'E5F6G7H8-I9J0-1234-EFGH-567890123456', 4, 4, 4, 4, 4, N'Trải nghiệm tuyệt vời!', '2023-12-03 00:00:00', '2023-12-03 00:00:00');
INSERT INTO bookings (id, vehicle_id, renter_id, owner_id, status, start_date, end_date, total_days, base_price, price_per_day, service_fee, taxes, total, deposit, created_at, updated_at) VALUES ('b1c83a56-a033-4911-bc70-5bb8ebee586f', 'V1A2B3C4-D5E6-7890-VHCL-111111111111', 'C3D4E5F6-G7H8-9012-CDEF-345678901234', 'E5F6G7H8-I9J0-1234-EFGH-567890123456', 'COMPLETED', '2023-09-01', '2023-09-05', 4, 3200000, 800000, 320000.0, 256000.0, 3776000.0, 3000000, '2023-08-18 00:00:00', '2023-08-18 00:00:00');
INSERT INTO payments (id, booking_id, user_id, amount, currency, status, method, created_at, processed_at) VALUES ('e43e9b26-a960-4867-ad79-395fb910e657', 'b1c83a56-a033-4911-bc70-5bb8ebee586f', 'C3D4E5F6-G7H8-9012-CDEF-345678901234', 3776000.0, 'VND', 'SUCCEEDED', 'VNPAY', '2023-08-18 00:00:00', '2023-08-18 00:00:00');
INSERT INTO reviews (id, vehicle_id, booking_id, reviewer_id, owner_id, rating, cleanliness, accuracy, communication, value_rating, comment, created_at, updated_at) VALUES ('9fc9d168-511a-4cfb-b873-2a56e4d329e4', 'V1A2B3C4-D5E6-7890-VHCL-111111111111', 'b1c83a56-a033-4911-bc70-5bb8ebee586f', 'C3D4E5F6-G7H8-9012-CDEF-345678901234', 'E5F6G7H8-I9J0-1234-EFGH-567890123456', 5, 5, 5, 5, 5, N'Trải nghiệm tuyệt vời!', '2023-09-05 00:00:00', '2023-09-05 00:00:00');
INSERT INTO bookings (id, vehicle_id, renter_id, owner_id, status, start_date, end_date, total_days, base_price, price_per_day, service_fee, taxes, total, deposit, created_at, updated_at) VALUES ('5c6daea5-0196-4687-b163-b1e72e01df52', 'V1A2B3C4-D5E6-7890-VHCL-111111111111', 'D4E5F6G7-H8I9-0123-DEFG-456789012345', 'E5F6G7H8-I9J0-1234-EFGH-567890123456', 'COMPLETED', '2024-04-12', '2024-04-21', 9, 7200000, 800000, 720000.0, 576000.0, 8496000.0, 3000000, '2024-04-11 00:00:00', '2024-04-11 00:00:00');
INSERT INTO payments (id, booking_id, user_id, amount, currency, status, method, created_at, processed_at) VALUES ('894b3e33-3ba6-479e-aa09-58b94b5b8b3e', '5c6daea5-0196-4687-b163-b1e72e01df52', 'D4E5F6G7-H8I9-0123-DEFG-456789012345', 8496000.0, 'VND', 'SUCCEEDED', 'VNPAY', '2024-04-11 00:00:00', '2024-04-11 00:00:00');
INSERT INTO reviews (id, vehicle_id, booking_id, reviewer_id, owner_id, rating, cleanliness, accuracy, communication, value_rating, comment, created_at, updated_at) VALUES ('3c962419-a23a-4c71-b82e-209f8e81cc17', 'V1A2B3C4-D5E6-7890-VHCL-111111111111', '5c6daea5-0196-4687-b163-b1e72e01df52', 'D4E5F6G7-H8I9-0123-DEFG-456789012345', 'E5F6G7H8-I9J0-1234-EFGH-567890123456', 4, 4, 4, 4, 4, N'Trải nghiệm tuyệt vời!', '2024-04-21 00:00:00', '2024-04-21 00:00:00');
INSERT INTO bookings (id, vehicle_id, renter_id, owner_id, status, start_date, end_date, total_days, base_price, price_per_day, service_fee, taxes, total, deposit, created_at, updated_at) VALUES ('0e0af37c-1801-4c4f-8a88-fe234e62ea3d', 'V1A2B3C4-D5E6-7890-VHCL-111111111111', 'C3D4E5F6-G7H8-9012-CDEF-345678901234', 'E5F6G7H8-I9J0-1234-EFGH-567890123456', 'CANCELLED', '2023-05-25', '2023-05-28', 3, 2400000, 800000, 240000.0, 192000.0, 2832000.0, 3000000, '2023-05-15 00:00:00', '2023-05-15 00:00:00');
INSERT INTO payments (id, booking_id, user_id, amount, currency, status, method, created_at, processed_at) VALUES ('745d3f5e-7539-43b6-a12f-b3f9a36a06f7', '0e0af37c-1801-4c4f-8a88-fe234e62ea3d', 'C3D4E5F6-G7H8-9012-CDEF-345678901234', 2832000.0, 'VND', 'REFUNDED', 'VNPAY', '2023-05-15 00:00:00', '2023-05-15 00:00:00');
INSERT INTO bookings (id, vehicle_id, renter_id, owner_id, status, start_date, end_date, total_days, base_price, price_per_day, service_fee, taxes, total, deposit, created_at, updated_at) VALUES ('3eac6c57-ae36-4840-9de0-16fb3b58976f', 'V1A2B3C4-D5E6-7890-VHCL-111111111111', 'C3D4E5F6-G7H8-9012-CDEF-345678901234', 'E5F6G7H8-I9J0-1234-EFGH-567890123456', 'COMPLETED', '2023-05-15', '2023-05-25', 10, 8000000, 800000, 800000.0, 640000.0, 9440000.0, 3000000, '2023-05-14 00:00:00', '2023-05-14 00:00:00');
INSERT INTO payments (id, booking_id, user_id, amount, currency, status, method, created_at, processed_at) VALUES ('ada7c4e3-cf4c-4123-82b3-e3d4f0c866b4', '3eac6c57-ae36-4840-9de0-16fb3b58976f', 'C3D4E5F6-G7H8-9012-CDEF-345678901234', 9440000.0, 'VND', 'SUCCEEDED', 'VNPAY', '2023-05-14 00:00:00', '2023-05-14 00:00:00');
INSERT INTO reviews (id, vehicle_id, booking_id, reviewer_id, owner_id, rating, cleanliness, accuracy, communication, value_rating, comment, created_at, updated_at) VALUES ('201e50aa-c9fd-4631-945e-b8ec059376df', 'V1A2B3C4-D5E6-7890-VHCL-111111111111', '3eac6c57-ae36-4840-9de0-16fb3b58976f', 'C3D4E5F6-G7H8-9012-CDEF-345678901234', 'E5F6G7H8-I9J0-1234-EFGH-567890123456', 4, 4, 4, 4, 4, N'Trải nghiệm tuyệt vời!', '2023-05-25 00:00:00', '2023-05-25 00:00:00');
INSERT INTO bookings (id, vehicle_id, renter_id, owner_id, status, start_date, end_date, total_days, base_price, price_per_day, service_fee, taxes, total, deposit, created_at, updated_at) VALUES ('36d6fd31-07ee-442a-8ff8-2ad543d25e5e', 'V1A2B3C4-D5E6-7890-VHCL-111111111111', 'D4E5F6G7-H8I9-0123-DEFG-456789012345', 'E5F6G7H8-I9J0-1234-EFGH-567890123456', 'COMPLETED', '2023-12-22', '2023-12-26', 4, 3200000, 800000, 320000.0, 256000.0, 3776000.0, 3000000, '2023-12-11 00:00:00', '2023-12-11 00:00:00');
INSERT INTO payments (id, booking_id, user_id, amount, currency, status, method, created_at, processed_at) VALUES ('66bed74b-31d8-4fdd-8d41-5c55554e9b1a', '36d6fd31-07ee-442a-8ff8-2ad543d25e5e', 'D4E5F6G7-H8I9-0123-DEFG-456789012345', 3776000.0, 'VND', 'SUCCEEDED', 'VNPAY', '2023-12-11 00:00:00', '2023-12-11 00:00:00');
INSERT INTO reviews (id, vehicle_id, booking_id, reviewer_id, owner_id, rating, cleanliness, accuracy, communication, value_rating, comment, created_at, updated_at) VALUES ('6ae34b34-c32a-425e-923d-4dd8dc59d533', 'V1A2B3C4-D5E6-7890-VHCL-111111111111', '36d6fd31-07ee-442a-8ff8-2ad543d25e5e', 'D4E5F6G7-H8I9-0123-DEFG-456789012345', 'E5F6G7H8-I9J0-1234-EFGH-567890123456', 4, 4, 4, 4, 4, N'Trải nghiệm tuyệt vời!', '2023-12-26 00:00:00', '2023-12-26 00:00:00');
INSERT INTO bookings (id, vehicle_id, renter_id, owner_id, status, start_date, end_date, total_days, base_price, price_per_day, service_fee, taxes, total, deposit, created_at, updated_at) VALUES ('c473d711-34d2-493d-a2e8-1a165fffc08c', 'V1A2B3C4-D5E6-7890-VHCL-111111111111', 'B2C3D4E5-F6G7-8901-BCDE-234567890123', 'E5F6G7H8-I9J0-1234-EFGH-567890123456', 'COMPLETED', '2023-02-21', '2023-02-27', 6, 4800000, 800000, 480000.0, 384000.0, 5664000.0, 3000000, '2023-02-16 00:00:00', '2023-02-16 00:00:00');
INSERT INTO payments (id, booking_id, user_id, amount, currency, status, method, created_at, processed_at) VALUES ('03139524-e1fc-47a6-9ff7-cdee1e7c162a', 'c473d711-34d2-493d-a2e8-1a165fffc08c', 'B2C3D4E5-F6G7-8901-BCDE-234567890123', 5664000.0, 'VND', 'SUCCEEDED', 'VNPAY', '2023-02-16 00:00:00', '2023-02-16 00:00:00');
INSERT INTO reviews (id, vehicle_id, booking_id, reviewer_id, owner_id, rating, cleanliness, accuracy, communication, value_rating, comment, created_at, updated_at) VALUES ('85356725-d494-42d2-a0ff-d2a7eac34823', 'V1A2B3C4-D5E6-7890-VHCL-111111111111', 'c473d711-34d2-493d-a2e8-1a165fffc08c', 'B2C3D4E5-F6G7-8901-BCDE-234567890123', 'E5F6G7H8-I9J0-1234-EFGH-567890123456', 4, 4, 4, 4, 4, N'Trải nghiệm tuyệt vời!', '2023-02-27 00:00:00', '2023-02-27 00:00:00');
INSERT INTO bookings (id, vehicle_id, renter_id, owner_id, status, start_date, end_date, total_days, base_price, price_per_day, service_fee, taxes, total, deposit, created_at, updated_at) VALUES ('0c86f7cb-85cf-4a69-9762-ddb30e9df08c', 'V1A2B3C4-D5E6-7890-VHCL-111111111111', 'C3D4E5F6-G7H8-9012-CDEF-345678901234', 'E5F6G7H8-I9J0-1234-EFGH-567890123456', 'COMPLETED', '2023-12-08', '2023-12-18', 10, 8000000, 800000, 800000.0, 640000.0, 9440000.0, 3000000, '2023-11-26 00:00:00', '2023-11-26 00:00:00');
INSERT INTO payments (id, booking_id, user_id, amount, currency, status, method, created_at, processed_at) VALUES ('61499d7b-674f-403a-af10-320e663a1639', '0c86f7cb-85cf-4a69-9762-ddb30e9df08c', 'C3D4E5F6-G7H8-9012-CDEF-345678901234', 9440000.0, 'VND', 'SUCCEEDED', 'VNPAY', '2023-11-26 00:00:00', '2023-11-26 00:00:00');
INSERT INTO reviews (id, vehicle_id, booking_id, reviewer_id, owner_id, rating, cleanliness, accuracy, communication, value_rating, comment, created_at, updated_at) VALUES ('aa69804d-75d6-4397-9cd6-dc6a470a6a94', 'V1A2B3C4-D5E6-7890-VHCL-111111111111', '0c86f7cb-85cf-4a69-9762-ddb30e9df08c', 'C3D4E5F6-G7H8-9012-CDEF-345678901234', 'E5F6G7H8-I9J0-1234-EFGH-567890123456', 4, 4, 4, 4, 4, N'Trải nghiệm tuyệt vời!', '2023-12-18 00:00:00', '2023-12-18 00:00:00');
INSERT INTO bookings (id, vehicle_id, renter_id, owner_id, status, start_date, end_date, total_days, base_price, price_per_day, service_fee, taxes, total, deposit, created_at, updated_at) VALUES ('400704f0-59ff-4b7f-ae4a-b36fa057b849', 'V1A2B3C4-D5E6-7890-VHCL-111111111111', 'D4E5F6G7-H8I9-0123-DEFG-456789012345', 'E5F6G7H8-I9J0-1234-EFGH-567890123456', 'COMPLETED', '2023-08-06', '2023-08-08', 2, 1600000, 800000, 160000.0, 128000.0, 1888000.0, 3000000, '2023-07-28 00:00:00', '2023-07-28 00:00:00');
INSERT INTO payments (id, booking_id, user_id, amount, currency, status, method, created_at, processed_at) VALUES ('7a315d49-e625-43d0-976d-0b8ff146bc1b', '400704f0-59ff-4b7f-ae4a-b36fa057b849', 'D4E5F6G7-H8I9-0123-DEFG-456789012345', 1888000.0, 'VND', 'SUCCEEDED', 'VNPAY', '2023-07-28 00:00:00', '2023-07-28 00:00:00');
INSERT INTO reviews (id, vehicle_id, booking_id, reviewer_id, owner_id, rating, cleanliness, accuracy, communication, value_rating, comment, created_at, updated_at) VALUES ('a4235450-2d12-4c70-8112-8bbac2d3a84b', 'V1A2B3C4-D5E6-7890-VHCL-111111111111', '400704f0-59ff-4b7f-ae4a-b36fa057b849', 'D4E5F6G7-H8I9-0123-DEFG-456789012345', 'E5F6G7H8-I9J0-1234-EFGH-567890123456', 5, 5, 5, 5, 5, N'Trải nghiệm tuyệt vời!', '2023-08-08 00:00:00', '2023-08-08 00:00:00');
INSERT INTO bookings (id, vehicle_id, renter_id, owner_id, status, start_date, end_date, total_days, base_price, price_per_day, service_fee, taxes, total, deposit, created_at, updated_at) VALUES ('4aa0f5f3-8a89-45b8-a25c-f885d45764fa', 'V1A2B3C4-D5E6-7890-VHCL-111111111111', 'D4E5F6G7-H8I9-0123-DEFG-456789012345', 'E5F6G7H8-I9J0-1234-EFGH-567890123456', 'COMPLETED', '2023-07-21', '2023-07-25', 4, 3200000, 800000, 320000.0, 256000.0, 3776000.0, 3000000, '2023-07-15 00:00:00', '2023-07-15 00:00:00');
INSERT INTO payments (id, booking_id, user_id, amount, currency, status, method, created_at, processed_at) VALUES ('bb1e4bcd-c9ba-4af6-a51d-28cf696df0c4', '4aa0f5f3-8a89-45b8-a25c-f885d45764fa', 'D4E5F6G7-H8I9-0123-DEFG-456789012345', 3776000.0, 'VND', 'SUCCEEDED', 'VNPAY', '2023-07-15 00:00:00', '2023-07-15 00:00:00');
INSERT INTO reviews (id, vehicle_id, booking_id, reviewer_id, owner_id, rating, cleanliness, accuracy, communication, value_rating, comment, created_at, updated_at) VALUES ('4a5d1814-35f4-401d-8908-b72e1d14be67', 'V1A2B3C4-D5E6-7890-VHCL-111111111111', '4aa0f5f3-8a89-45b8-a25c-f885d45764fa', 'D4E5F6G7-H8I9-0123-DEFG-456789012345', 'E5F6G7H8-I9J0-1234-EFGH-567890123456', 3, 3, 3, 3, 3, N'Trải nghiệm tuyệt vời!', '2023-07-25 00:00:00', '2023-07-25 00:00:00');
INSERT INTO bookings (id, vehicle_id, renter_id, owner_id, status, start_date, end_date, total_days, base_price, price_per_day, service_fee, taxes, total, deposit, created_at, updated_at) VALUES ('ac1d6d70-e804-4d13-95c5-8c22a64c20bb', 'V1A2B3C4-D5E6-7890-VHCL-111111111111', 'B2C3D4E5-F6G7-8901-BCDE-234567890123', 'E5F6G7H8-I9J0-1234-EFGH-567890123456', 'COMPLETED', '2023-12-22', '2023-12-27', 5, 4000000, 800000, 400000.0, 320000.0, 4720000.0, 3000000, '2023-12-20 00:00:00', '2023-12-20 00:00:00');
INSERT INTO payments (id, booking_id, user_id, amount, currency, status, method, created_at, processed_at) VALUES ('b4d91d9a-8812-4049-9c57-94fa92207e9b', 'ac1d6d70-e804-4d13-95c5-8c22a64c20bb', 'B2C3D4E5-F6G7-8901-BCDE-234567890123', 4720000.0, 'VND', 'SUCCEEDED', 'VNPAY', '2023-12-20 00:00:00', '2023-12-20 00:00:00');
INSERT INTO reviews (id, vehicle_id, booking_id, reviewer_id, owner_id, rating, cleanliness, accuracy, communication, value_rating, comment, created_at, updated_at) VALUES ('e970bc27-5cf8-4217-bcf4-d302ce1e7e4c', 'V1A2B3C4-D5E6-7890-VHCL-111111111111', 'ac1d6d70-e804-4d13-95c5-8c22a64c20bb', 'B2C3D4E5-F6G7-8901-BCDE-234567890123', 'E5F6G7H8-I9J0-1234-EFGH-567890123456', 3, 3, 3, 3, 3, N'Trải nghiệm tuyệt vời!', '2023-12-27 00:00:00', '2023-12-27 00:00:00');
INSERT INTO bookings (id, vehicle_id, renter_id, owner_id, status, start_date, end_date, total_days, base_price, price_per_day, service_fee, taxes, total, deposit, created_at, updated_at) VALUES ('45f1c8cf-55d3-4e1d-b130-0ad578e778b6', 'V1A2B3C4-D5E6-7890-VHCL-111111111111', 'D4E5F6G7-H8I9-0123-DEFG-456789012345', 'E5F6G7H8-I9J0-1234-EFGH-567890123456', 'CANCELLED', '2024-04-23', '2024-04-25', 2, 1600000, 800000, 160000.0, 128000.0, 1888000.0, 3000000, '2024-04-17 00:00:00', '2024-04-17 00:00:00');
INSERT INTO payments (id, booking_id, user_id, amount, currency, status, method, created_at, processed_at) VALUES ('456e5d9e-b19f-4272-b012-438916112245', '45f1c8cf-55d3-4e1d-b130-0ad578e778b6', 'D4E5F6G7-H8I9-0123-DEFG-456789012345', 1888000.0, 'VND', 'REFUNDED', 'VNPAY', '2024-04-17 00:00:00', '2024-04-17 00:00:00');
INSERT INTO bookings (id, vehicle_id, renter_id, owner_id, status, start_date, end_date, total_days, base_price, price_per_day, service_fee, taxes, total, deposit, created_at, updated_at) VALUES ('c38f90e0-7504-4593-8b0c-889bc830fe0a', 'V1A2B3C4-D5E6-7890-VHCL-111111111111', 'B2C3D4E5-F6G7-8901-BCDE-234567890123', 'E5F6G7H8-I9J0-1234-EFGH-567890123456', 'CANCELLED', '2024-05-05', '2024-05-13', 8, 6400000, 800000, 640000.0, 512000.0, 7552000.0, 3000000, '2024-04-26 00:00:00', '2024-04-26 00:00:00');
INSERT INTO payments (id, booking_id, user_id, amount, currency, status, method, created_at, processed_at) VALUES ('189c5b1c-9f76-4b6d-ab43-115d44069478', 'c38f90e0-7504-4593-8b0c-889bc830fe0a', 'B2C3D4E5-F6G7-8901-BCDE-234567890123', 7552000.0, 'VND', 'REFUNDED', 'VNPAY', '2024-04-26 00:00:00', '2024-04-26 00:00:00');
INSERT INTO bookings (id, vehicle_id, renter_id, owner_id, status, start_date, end_date, total_days, base_price, price_per_day, service_fee, taxes, total, deposit, created_at, updated_at) VALUES ('e3dd43a0-26e1-4c59-910f-bc560b4f115f', 'V1A2B3C4-D5E6-7890-VHCL-111111111111', 'C3D4E5F6-G7H8-9012-CDEF-345678901234', 'E5F6G7H8-I9J0-1234-EFGH-567890123456', 'CANCELLED', '2023-03-03', '2023-03-10', 7, 5600000, 800000, 560000.0, 448000.0, 6608000.0, 3000000, '2023-02-17 00:00:00', '2023-02-17 00:00:00');
INSERT INTO payments (id, booking_id, user_id, amount, currency, status, method, created_at, processed_at) VALUES ('de0dc42e-6736-49d0-b6c6-8ed2d6b449d2', 'e3dd43a0-26e1-4c59-910f-bc560b4f115f', 'C3D4E5F6-G7H8-9012-CDEF-345678901234', 6608000.0, 'VND', 'REFUNDED', 'VNPAY', '2023-02-17 00:00:00', '2023-02-17 00:00:00');
INSERT INTO bookings (id, vehicle_id, renter_id, owner_id, status, start_date, end_date, total_days, base_price, price_per_day, service_fee, taxes, total, deposit, created_at, updated_at) VALUES ('824e854a-fdf4-41af-94b3-9ca5561d232f', 'V1A2B3C4-D5E6-7890-VHCL-111111111111', 'C3D4E5F6-G7H8-9012-CDEF-345678901234', 'E5F6G7H8-I9J0-1234-EFGH-567890123456', 'COMPLETED', '2023-05-28', '2023-06-03', 6, 4800000, 800000, 480000.0, 384000.0, 5664000.0, 3000000, '2023-05-24 00:00:00', '2023-05-24 00:00:00');
INSERT INTO payments (id, booking_id, user_id, amount, currency, status, method, created_at, processed_at) VALUES ('22941d50-847e-438f-bad8-c808faaf145b', '824e854a-fdf4-41af-94b3-9ca5561d232f', 'C3D4E5F6-G7H8-9012-CDEF-345678901234', 5664000.0, 'VND', 'SUCCEEDED', 'VNPAY', '2023-05-24 00:00:00', '2023-05-24 00:00:00');
INSERT INTO reviews (id, vehicle_id, booking_id, reviewer_id, owner_id, rating, cleanliness, accuracy, communication, value_rating, comment, created_at, updated_at) VALUES ('6eaf328e-b475-4736-a9d4-c199da2ebe3e', 'V1A2B3C4-D5E6-7890-VHCL-111111111111', '824e854a-fdf4-41af-94b3-9ca5561d232f', 'C3D4E5F6-G7H8-9012-CDEF-345678901234', 'E5F6G7H8-I9J0-1234-EFGH-567890123456', 4, 4, 4, 4, 4, N'Trải nghiệm tuyệt vời!', '2023-06-03 00:00:00', '2023-06-03 00:00:00');
INSERT INTO bookings (id, vehicle_id, renter_id, owner_id, status, start_date, end_date, total_days, base_price, price_per_day, service_fee, taxes, total, deposit, created_at, updated_at) VALUES ('36bd4f23-f4e0-4096-80b5-a7f231fa0f6c', 'V1A2B3C4-D5E6-7890-VHCL-111111111111', 'C3D4E5F6-G7H8-9012-CDEF-345678901234', 'E5F6G7H8-I9J0-1234-EFGH-567890123456', 'CANCELLED', '2023-07-15', '2023-07-24', 9, 7200000, 800000, 720000.0, 576000.0, 8496000.0, 3000000, '2023-07-02 00:00:00', '2023-07-02 00:00:00');
INSERT INTO payments (id, booking_id, user_id, amount, currency, status, method, created_at, processed_at) VALUES ('d7077d41-d344-46b2-b194-e77e04a8f0f8', '36bd4f23-f4e0-4096-80b5-a7f231fa0f6c', 'C3D4E5F6-G7H8-9012-CDEF-345678901234', 8496000.0, 'VND', 'REFUNDED', 'VNPAY', '2023-07-02 00:00:00', '2023-07-02 00:00:00');
INSERT INTO bookings (id, vehicle_id, renter_id, owner_id, status, start_date, end_date, total_days, base_price, price_per_day, service_fee, taxes, total, deposit, created_at, updated_at) VALUES ('3c048c2a-0515-42e4-8ec3-390cbeb624c3', 'V1A2B3C4-D5E6-7890-VHCL-111111111111', 'D4E5F6G7-H8I9-0123-DEFG-456789012345', 'E5F6G7H8-I9J0-1234-EFGH-567890123456', 'COMPLETED', '2023-03-17', '2023-03-22', 5, 4000000, 800000, 400000.0, 320000.0, 4720000.0, 3000000, '2023-03-15 00:00:00', '2023-03-15 00:00:00');
INSERT INTO payments (id, booking_id, user_id, amount, currency, status, method, created_at, processed_at) VALUES ('caf0a2bd-ca04-409a-8da5-d4d4101bbeed', '3c048c2a-0515-42e4-8ec3-390cbeb624c3', 'D4E5F6G7-H8I9-0123-DEFG-456789012345', 4720000.0, 'VND', 'SUCCEEDED', 'VNPAY', '2023-03-15 00:00:00', '2023-03-15 00:00:00');
INSERT INTO reviews (id, vehicle_id, booking_id, reviewer_id, owner_id, rating, cleanliness, accuracy, communication, value_rating, comment, created_at, updated_at) VALUES ('46843fc2-9d23-4498-a48e-bed99baaf3d8', 'V1A2B3C4-D5E6-7890-VHCL-111111111111', '3c048c2a-0515-42e4-8ec3-390cbeb624c3', 'D4E5F6G7-H8I9-0123-DEFG-456789012345', 'E5F6G7H8-I9J0-1234-EFGH-567890123456', 4, 4, 4, 4, 4, N'Trải nghiệm tuyệt vời!', '2023-03-22 00:00:00', '2023-03-22 00:00:00');
INSERT INTO bookings (id, vehicle_id, renter_id, owner_id, status, start_date, end_date, total_days, base_price, price_per_day, service_fee, taxes, total, deposit, created_at, updated_at) VALUES ('93626df3-8362-4169-8e3f-e1491c2115ad', 'V1A2B3C4-D5E6-7890-VHCL-111111111111', 'B2C3D4E5-F6G7-8901-BCDE-234567890123', 'E5F6G7H8-I9J0-1234-EFGH-567890123456', 'CANCELLED', '2023-06-05', '2023-06-13', 8, 6400000, 800000, 640000.0, 512000.0, 7552000.0, 3000000, '2023-05-28 00:00:00', '2023-05-28 00:00:00');
INSERT INTO payments (id, booking_id, user_id, amount, currency, status, method, created_at, processed_at) VALUES ('e5809c13-7ecc-431c-b243-87b64e558b5a', '93626df3-8362-4169-8e3f-e1491c2115ad', 'B2C3D4E5-F6G7-8901-BCDE-234567890123', 7552000.0, 'VND', 'REFUNDED', 'VNPAY', '2023-05-28 00:00:00', '2023-05-28 00:00:00');
INSERT INTO bookings (id, vehicle_id, renter_id, owner_id, status, start_date, end_date, total_days, base_price, price_per_day, service_fee, taxes, total, deposit, created_at, updated_at) VALUES ('02cc6cd4-362e-4f65-a761-a79893a4e127', 'V1A2B3C4-D5E6-7890-VHCL-111111111111', 'B2C3D4E5-F6G7-8901-BCDE-234567890123', 'E5F6G7H8-I9J0-1234-EFGH-567890123456', 'COMPLETED', '2024-03-03', '2024-03-04', 1, 800000, 800000, 80000.0, 64000.0, 944000.0, 3000000, '2024-02-24 00:00:00', '2024-02-24 00:00:00');
INSERT INTO payments (id, booking_id, user_id, amount, currency, status, method, created_at, processed_at) VALUES ('0b9c35ef-3b2e-4f74-9bc1-e2736c2d1c0a', '02cc6cd4-362e-4f65-a761-a79893a4e127', 'B2C3D4E5-F6G7-8901-BCDE-234567890123', 944000.0, 'VND', 'SUCCEEDED', 'VNPAY', '2024-02-24 00:00:00', '2024-02-24 00:00:00');
INSERT INTO reviews (id, vehicle_id, booking_id, reviewer_id, owner_id, rating, cleanliness, accuracy, communication, value_rating, comment, created_at, updated_at) VALUES ('dafc27ca-acee-4cc9-a781-87e9a6e5b77e', 'V1A2B3C4-D5E6-7890-VHCL-111111111111', '02cc6cd4-362e-4f65-a761-a79893a4e127', 'B2C3D4E5-F6G7-8901-BCDE-234567890123', 'E5F6G7H8-I9J0-1234-EFGH-567890123456', 5, 5, 5, 5, 5, N'Trải nghiệm tuyệt vời!', '2024-03-04 00:00:00', '2024-03-04 00:00:00');
INSERT INTO bookings (id, vehicle_id, renter_id, owner_id, status, start_date, end_date, total_days, base_price, price_per_day, service_fee, taxes, total, deposit, created_at, updated_at) VALUES ('40e63421-2b17-4486-88c1-8cc4ea80be84', 'V1A2B3C4-D5E6-7890-VHCL-111111111111', 'B2C3D4E5-F6G7-8901-BCDE-234567890123', 'E5F6G7H8-I9J0-1234-EFGH-567890123456', 'COMPLETED', '2023-09-20', '2023-09-27', 7, 5600000, 800000, 560000.0, 448000.0, 6608000.0, 3000000, '2023-09-13 00:00:00', '2023-09-13 00:00:00');
INSERT INTO payments (id, booking_id, user_id, amount, currency, status, method, created_at, processed_at) VALUES ('1a981966-0aeb-4d76-a38b-43d1effa6c89', '40e63421-2b17-4486-88c1-8cc4ea80be84', 'B2C3D4E5-F6G7-8901-BCDE-234567890123', 6608000.0, 'VND', 'SUCCEEDED', 'VNPAY', '2023-09-13 00:00:00', '2023-09-13 00:00:00');
INSERT INTO reviews (id, vehicle_id, booking_id, reviewer_id, owner_id, rating, cleanliness, accuracy, communication, value_rating, comment, created_at, updated_at) VALUES ('a924901a-6b6e-48cb-9da3-6e89682b6e21', 'V1A2B3C4-D5E6-7890-VHCL-111111111111', '40e63421-2b17-4486-88c1-8cc4ea80be84', 'B2C3D4E5-F6G7-8901-BCDE-234567890123', 'E5F6G7H8-I9J0-1234-EFGH-567890123456', 4, 4, 4, 4, 4, N'Trải nghiệm tuyệt vời!', '2023-09-27 00:00:00', '2023-09-27 00:00:00');
INSERT INTO bookings (id, vehicle_id, renter_id, owner_id, status, start_date, end_date, total_days, base_price, price_per_day, service_fee, taxes, total, deposit, created_at, updated_at) VALUES ('be030a21-f27c-46a1-8935-fb7a95ede724', 'V1A2B3C4-D5E6-7890-VHCL-111111111111', 'B2C3D4E5-F6G7-8901-BCDE-234567890123', 'E5F6G7H8-I9J0-1234-EFGH-567890123456', 'COMPLETED', '2023-01-28', '2023-02-07', 10, 8000000, 800000, 800000.0, 640000.0, 9440000.0, 3000000, '2023-01-17 00:00:00', '2023-01-17 00:00:00');
INSERT INTO payments (id, booking_id, user_id, amount, currency, status, method, created_at, processed_at) VALUES ('16c65b5b-17e3-402b-bd63-8b6a8cec81a9', 'be030a21-f27c-46a1-8935-fb7a95ede724', 'B2C3D4E5-F6G7-8901-BCDE-234567890123', 9440000.0, 'VND', 'SUCCEEDED', 'VNPAY', '2023-01-17 00:00:00', '2023-01-17 00:00:00');
INSERT INTO reviews (id, vehicle_id, booking_id, reviewer_id, owner_id, rating, cleanliness, accuracy, communication, value_rating, comment, created_at, updated_at) VALUES ('abcffda6-542f-4b93-b137-c09d3a7a5575', 'V1A2B3C4-D5E6-7890-VHCL-111111111111', 'be030a21-f27c-46a1-8935-fb7a95ede724', 'B2C3D4E5-F6G7-8901-BCDE-234567890123', 'E5F6G7H8-I9J0-1234-EFGH-567890123456', 3, 3, 3, 3, 3, N'Trải nghiệm tuyệt vời!', '2023-02-07 00:00:00', '2023-02-07 00:00:00');
INSERT INTO bookings (id, vehicle_id, renter_id, owner_id, status, start_date, end_date, total_days, base_price, price_per_day, service_fee, taxes, total, deposit, created_at, updated_at) VALUES ('d5d930d1-a8e3-4b8a-b608-9cd8cb756798', 'V1A2B3C4-D5E6-7890-VHCL-111111111111', 'C3D4E5F6-G7H8-9012-CDEF-345678901234', 'E5F6G7H8-I9J0-1234-EFGH-567890123456', 'COMPLETED', '2023-05-06', '2023-05-08', 2, 1600000, 800000, 160000.0, 128000.0, 1888000.0, 3000000, '2023-05-02 00:00:00', '2023-05-02 00:00:00');
INSERT INTO payments (id, booking_id, user_id, amount, currency, status, method, created_at, processed_at) VALUES ('fea38de4-5ed8-4149-ab8e-9d5ffc65d281', 'd5d930d1-a8e3-4b8a-b608-9cd8cb756798', 'C3D4E5F6-G7H8-9012-CDEF-345678901234', 1888000.0, 'VND', 'SUCCEEDED', 'VNPAY', '2023-05-02 00:00:00', '2023-05-02 00:00:00');
INSERT INTO reviews (id, vehicle_id, booking_id, reviewer_id, owner_id, rating, cleanliness, accuracy, communication, value_rating, comment, created_at, updated_at) VALUES ('5b061948-0f17-4998-a0c8-e5a9d670de82', 'V1A2B3C4-D5E6-7890-VHCL-111111111111', 'd5d930d1-a8e3-4b8a-b608-9cd8cb756798', 'C3D4E5F6-G7H8-9012-CDEF-345678901234', 'E5F6G7H8-I9J0-1234-EFGH-567890123456', 5, 5, 5, 5, 5, N'Trải nghiệm tuyệt vời!', '2023-05-08 00:00:00', '2023-05-08 00:00:00');
INSERT INTO bookings (id, vehicle_id, renter_id, owner_id, status, start_date, end_date, total_days, base_price, price_per_day, service_fee, taxes, total, deposit, created_at, updated_at) VALUES ('f0fa0202-6487-4187-a8c3-e6c9b6d010c2', 'V1A2B3C4-D5E6-7890-VHCL-111111111111', 'C3D4E5F6-G7H8-9012-CDEF-345678901234', 'E5F6G7H8-I9J0-1234-EFGH-567890123456', 'COMPLETED', '2023-02-11', '2023-02-19', 8, 6400000, 800000, 640000.0, 512000.0, 7552000.0, 3000000, '2023-02-10 00:00:00', '2023-02-10 00:00:00');
INSERT INTO payments (id, booking_id, user_id, amount, currency, status, method, created_at, processed_at) VALUES ('79787398-b1a6-466d-b48f-41981f76eb30', 'f0fa0202-6487-4187-a8c3-e6c9b6d010c2', 'C3D4E5F6-G7H8-9012-CDEF-345678901234', 7552000.0, 'VND', 'SUCCEEDED', 'VNPAY', '2023-02-10 00:00:00', '2023-02-10 00:00:00');
INSERT INTO reviews (id, vehicle_id, booking_id, reviewer_id, owner_id, rating, cleanliness, accuracy, communication, value_rating, comment, created_at, updated_at) VALUES ('77c687f1-ce58-4be4-97a3-f5fe12c08013', 'V1A2B3C4-D5E6-7890-VHCL-111111111111', 'f0fa0202-6487-4187-a8c3-e6c9b6d010c2', 'C3D4E5F6-G7H8-9012-CDEF-345678901234', 'E5F6G7H8-I9J0-1234-EFGH-567890123456', 4, 4, 4, 4, 4, N'Trải nghiệm tuyệt vời!', '2023-02-19 00:00:00', '2023-02-19 00:00:00');
INSERT INTO bookings (id, vehicle_id, renter_id, owner_id, status, start_date, end_date, total_days, base_price, price_per_day, service_fee, taxes, total, deposit, created_at, updated_at) VALUES ('32137bc8-b463-46ec-8bdb-9b5c657f35f5', 'V1A2B3C4-D5E6-7890-VHCL-111111111111', 'C3D4E5F6-G7H8-9012-CDEF-345678901234', 'E5F6G7H8-I9J0-1234-EFGH-567890123456', 'COMPLETED', '2024-02-15', '2024-02-25', 10, 8000000, 800000, 800000.0, 640000.0, 9440000.0, 3000000, '2024-02-05 00:00:00', '2024-02-05 00:00:00');
INSERT INTO payments (id, booking_id, user_id, amount, currency, status, method, created_at, processed_at) VALUES ('29806d60-92d8-406f-9386-88523ed42390', '32137bc8-b463-46ec-8bdb-9b5c657f35f5', 'C3D4E5F6-G7H8-9012-CDEF-345678901234', 9440000.0, 'VND', 'SUCCEEDED', 'VNPAY', '2024-02-05 00:00:00', '2024-02-05 00:00:00');
INSERT INTO reviews (id, vehicle_id, booking_id, reviewer_id, owner_id, rating, cleanliness, accuracy, communication, value_rating, comment, created_at, updated_at) VALUES ('9adcbe14-307b-444d-b2e9-30464f80a324', 'V1A2B3C4-D5E6-7890-VHCL-111111111111', '32137bc8-b463-46ec-8bdb-9b5c657f35f5', 'C3D4E5F6-G7H8-9012-CDEF-345678901234', 'E5F6G7H8-I9J0-1234-EFGH-567890123456', 5, 5, 5, 5, 5, N'Trải nghiệm tuyệt vời!', '2024-02-25 00:00:00', '2024-02-25 00:00:00');
INSERT INTO bookings (id, vehicle_id, renter_id, owner_id, status, start_date, end_date, total_days, base_price, price_per_day, service_fee, taxes, total, deposit, created_at, updated_at) VALUES ('da15519e-0379-4ba2-ac89-29af08eb1382', 'V1A2B3C4-D5E6-7890-VHCL-111111111111', 'C3D4E5F6-G7H8-9012-CDEF-345678901234', 'E5F6G7H8-I9J0-1234-EFGH-567890123456', 'COMPLETED', '2023-09-19', '2023-09-27', 8, 6400000, 800000, 640000.0, 512000.0, 7552000.0, 3000000, '2023-09-07 00:00:00', '2023-09-07 00:00:00');
INSERT INTO payments (id, booking_id, user_id, amount, currency, status, method, created_at, processed_at) VALUES ('e68a7b9c-123e-4436-aa07-e23d8f7aaf95', 'da15519e-0379-4ba2-ac89-29af08eb1382', 'C3D4E5F6-G7H8-9012-CDEF-345678901234', 7552000.0, 'VND', 'SUCCEEDED', 'VNPAY', '2023-09-07 00:00:00', '2023-09-07 00:00:00');
INSERT INTO reviews (id, vehicle_id, booking_id, reviewer_id, owner_id, rating, cleanliness, accuracy, communication, value_rating, comment, created_at, updated_at) VALUES ('7d9cd48c-4d1a-41f0-bde5-eba86d87f1e8', 'V1A2B3C4-D5E6-7890-VHCL-111111111111', 'da15519e-0379-4ba2-ac89-29af08eb1382', 'C3D4E5F6-G7H8-9012-CDEF-345678901234', 'E5F6G7H8-I9J0-1234-EFGH-567890123456', 5, 5, 5, 5, 5, N'Trải nghiệm tuyệt vời!', '2023-09-27 00:00:00', '2023-09-27 00:00:00');
INSERT INTO bookings (id, vehicle_id, renter_id, owner_id, status, start_date, end_date, total_days, base_price, price_per_day, service_fee, taxes, total, deposit, created_at, updated_at) VALUES ('10a292b0-f58a-4591-8e82-567ea17cae1a', 'V1A2B3C4-D5E6-7890-VHCL-111111111111', 'D4E5F6G7-H8I9-0123-DEFG-456789012345', 'E5F6G7H8-I9J0-1234-EFGH-567890123456', 'CANCELLED', '2023-11-23', '2023-11-25', 2, 1600000, 800000, 160000.0, 128000.0, 1888000.0, 3000000, '2023-11-09 00:00:00', '2023-11-09 00:00:00');
INSERT INTO payments (id, booking_id, user_id, amount, currency, status, method, created_at, processed_at) VALUES ('6244c10d-9ea9-40b5-9755-7c90d12aa528', '10a292b0-f58a-4591-8e82-567ea17cae1a', 'D4E5F6G7-H8I9-0123-DEFG-456789012345', 1888000.0, 'VND', 'REFUNDED', 'VNPAY', '2023-11-09 00:00:00', '2023-11-09 00:00:00');
INSERT INTO bookings (id, vehicle_id, renter_id, owner_id, status, start_date, end_date, total_days, base_price, price_per_day, service_fee, taxes, total, deposit, created_at, updated_at) VALUES ('6dc4cfe2-6b56-475d-9332-18b15fe93929', 'V1A2B3C4-D5E6-7890-VHCL-111111111111', 'C3D4E5F6-G7H8-9012-CDEF-345678901234', 'E5F6G7H8-I9J0-1234-EFGH-567890123456', 'COMPLETED', '2023-03-27', '2023-04-01', 5, 4000000, 800000, 400000.0, 320000.0, 4720000.0, 3000000, '2023-03-20 00:00:00', '2023-03-20 00:00:00');
INSERT INTO payments (id, booking_id, user_id, amount, currency, status, method, created_at, processed_at) VALUES ('e603b3fb-23a9-44af-ab74-46d05c9c90ce', '6dc4cfe2-6b56-475d-9332-18b15fe93929', 'C3D4E5F6-G7H8-9012-CDEF-345678901234', 4720000.0, 'VND', 'SUCCEEDED', 'VNPAY', '2023-03-20 00:00:00', '2023-03-20 00:00:00');
INSERT INTO reviews (id, vehicle_id, booking_id, reviewer_id, owner_id, rating, cleanliness, accuracy, communication, value_rating, comment, created_at, updated_at) VALUES ('10d36963-b07a-4e81-a301-d52b2530107e', 'V1A2B3C4-D5E6-7890-VHCL-111111111111', '6dc4cfe2-6b56-475d-9332-18b15fe93929', 'C3D4E5F6-G7H8-9012-CDEF-345678901234', 'E5F6G7H8-I9J0-1234-EFGH-567890123456', 4, 4, 4, 4, 4, N'Trải nghiệm tuyệt vời!', '2023-04-01 00:00:00', '2023-04-01 00:00:00');
INSERT INTO bookings (id, vehicle_id, renter_id, owner_id, status, start_date, end_date, total_days, base_price, price_per_day, service_fee, taxes, total, deposit, created_at, updated_at) VALUES ('392ab9b0-2373-40d4-a0d9-b70dd0fc09b2', 'V1A2B3C4-D5E6-7890-VHCL-111111111111', 'B2C3D4E5-F6G7-8901-BCDE-234567890123', 'E5F6G7H8-I9J0-1234-EFGH-567890123456', 'COMPLETED', '2024-04-26', '2024-05-02', 6, 4800000, 800000, 480000.0, 384000.0, 5664000.0, 3000000, '2024-04-18 00:00:00', '2024-04-18 00:00:00');
INSERT INTO payments (id, booking_id, user_id, amount, currency, status, method, created_at, processed_at) VALUES ('57987055-82a8-42ad-9d60-8fdd01b30346', '392ab9b0-2373-40d4-a0d9-b70dd0fc09b2', 'B2C3D4E5-F6G7-8901-BCDE-234567890123', 5664000.0, 'VND', 'SUCCEEDED', 'VNPAY', '2024-04-18 00:00:00', '2024-04-18 00:00:00');
INSERT INTO reviews (id, vehicle_id, booking_id, reviewer_id, owner_id, rating, cleanliness, accuracy, communication, value_rating, comment, created_at, updated_at) VALUES ('e2c7befe-6c1f-4d10-b1aa-42cf6b87bf5a', 'V1A2B3C4-D5E6-7890-VHCL-111111111111', '392ab9b0-2373-40d4-a0d9-b70dd0fc09b2', 'B2C3D4E5-F6G7-8901-BCDE-234567890123', 'E5F6G7H8-I9J0-1234-EFGH-567890123456', 4, 4, 4, 4, 4, N'Trải nghiệm tuyệt vời!', '2024-05-02 00:00:00', '2024-05-02 00:00:00');
INSERT INTO bookings (id, vehicle_id, renter_id, owner_id, status, start_date, end_date, total_days, base_price, price_per_day, service_fee, taxes, total, deposit, created_at, updated_at) VALUES ('0c22633b-a424-4600-a8c5-9189b7459ba5', 'V1A2B3C4-D5E6-7890-VHCL-111111111111', 'B2C3D4E5-F6G7-8901-BCDE-234567890123', 'E5F6G7H8-I9J0-1234-EFGH-567890123456', 'COMPLETED', '2024-04-24', '2024-04-27', 3, 2400000, 800000, 240000.0, 192000.0, 2832000.0, 3000000, '2024-04-18 00:00:00', '2024-04-18 00:00:00');
INSERT INTO payments (id, booking_id, user_id, amount, currency, status, method, created_at, processed_at) VALUES ('7368342a-91c0-4d1a-9d85-1ecada473feb', '0c22633b-a424-4600-a8c5-9189b7459ba5', 'B2C3D4E5-F6G7-8901-BCDE-234567890123', 2832000.0, 'VND', 'SUCCEEDED', 'VNPAY', '2024-04-18 00:00:00', '2024-04-18 00:00:00');
INSERT INTO reviews (id, vehicle_id, booking_id, reviewer_id, owner_id, rating, cleanliness, accuracy, communication, value_rating, comment, created_at, updated_at) VALUES ('8da0d0cd-31a3-4c31-aedd-ec0aef126c4e', 'V1A2B3C4-D5E6-7890-VHCL-111111111111', '0c22633b-a424-4600-a8c5-9189b7459ba5', 'B2C3D4E5-F6G7-8901-BCDE-234567890123', 'E5F6G7H8-I9J0-1234-EFGH-567890123456', 3, 3, 3, 3, 3, N'Trải nghiệm tuyệt vời!', '2024-04-27 00:00:00', '2024-04-27 00:00:00');
INSERT INTO bookings (id, vehicle_id, renter_id, owner_id, status, start_date, end_date, total_days, base_price, price_per_day, service_fee, taxes, total, deposit, created_at, updated_at) VALUES ('3873062a-eed3-4f50-8af0-125508613afc', 'V1A2B3C4-D5E6-7890-VHCL-111111111111', 'B2C3D4E5-F6G7-8901-BCDE-234567890123', 'E5F6G7H8-I9J0-1234-EFGH-567890123456', 'COMPLETED', '2024-04-19', '2024-04-28', 9, 7200000, 800000, 720000.0, 576000.0, 8496000.0, 3000000, '2024-04-14 00:00:00', '2024-04-14 00:00:00');
INSERT INTO payments (id, booking_id, user_id, amount, currency, status, method, created_at, processed_at) VALUES ('f1c3bae7-4b41-4383-9684-d38f8e551d28', '3873062a-eed3-4f50-8af0-125508613afc', 'B2C3D4E5-F6G7-8901-BCDE-234567890123', 8496000.0, 'VND', 'SUCCEEDED', 'VNPAY', '2024-04-14 00:00:00', '2024-04-14 00:00:00');
INSERT INTO reviews (id, vehicle_id, booking_id, reviewer_id, owner_id, rating, cleanliness, accuracy, communication, value_rating, comment, created_at, updated_at) VALUES ('b58a1b23-8313-4e0a-991a-8f0c30b506a8', 'V1A2B3C4-D5E6-7890-VHCL-111111111111', '3873062a-eed3-4f50-8af0-125508613afc', 'B2C3D4E5-F6G7-8901-BCDE-234567890123', 'E5F6G7H8-I9J0-1234-EFGH-567890123456', 5, 5, 5, 5, 5, N'Trải nghiệm tuyệt vời!', '2024-04-28 00:00:00', '2024-04-28 00:00:00');
INSERT INTO bookings (id, vehicle_id, renter_id, owner_id, status, start_date, end_date, total_days, base_price, price_per_day, service_fee, taxes, total, deposit, created_at, updated_at) VALUES ('2ad35940-b1fd-4d43-bad2-4e5316a747bb', 'V1A2B3C4-D5E6-7890-VHCL-111111111111', 'B2C3D4E5-F6G7-8901-BCDE-234567890123', 'E5F6G7H8-I9J0-1234-EFGH-567890123456', 'COMPLETED', '2023-12-13', '2023-12-15', 2, 1600000, 800000, 160000.0, 128000.0, 1888000.0, 3000000, '2023-12-05 00:00:00', '2023-12-05 00:00:00');
INSERT INTO payments (id, booking_id, user_id, amount, currency, status, method, created_at, processed_at) VALUES ('7e871abf-b652-46aa-8ed6-bc2e10ea3ac2', '2ad35940-b1fd-4d43-bad2-4e5316a747bb', 'B2C3D4E5-F6G7-8901-BCDE-234567890123', 1888000.0, 'VND', 'SUCCEEDED', 'VNPAY', '2023-12-05 00:00:00', '2023-12-05 00:00:00');
INSERT INTO reviews (id, vehicle_id, booking_id, reviewer_id, owner_id, rating, cleanliness, accuracy, communication, value_rating, comment, created_at, updated_at) VALUES ('c23e25db-4cc5-4b5e-9a75-d9f26d5fb398', 'V1A2B3C4-D5E6-7890-VHCL-111111111111', '2ad35940-b1fd-4d43-bad2-4e5316a747bb', 'B2C3D4E5-F6G7-8901-BCDE-234567890123', 'E5F6G7H8-I9J0-1234-EFGH-567890123456', 3, 3, 3, 3, 3, N'Trải nghiệm tuyệt vời!', '2023-12-15 00:00:00', '2023-12-15 00:00:00');
INSERT INTO bookings (id, vehicle_id, renter_id, owner_id, status, start_date, end_date, total_days, base_price, price_per_day, service_fee, taxes, total, deposit, created_at, updated_at) VALUES ('8370d2c4-6d49-4d4f-9d3c-9138bf5b84b6', 'V1A2B3C4-D5E6-7890-VHCL-111111111111', 'C3D4E5F6-G7H8-9012-CDEF-345678901234', 'E5F6G7H8-I9J0-1234-EFGH-567890123456', 'COMPLETED', '2023-05-29', '2023-06-07', 9, 7200000, 800000, 720000.0, 576000.0, 8496000.0, 3000000, '2023-05-26 00:00:00', '2023-05-26 00:00:00');
INSERT INTO payments (id, booking_id, user_id, amount, currency, status, method, created_at, processed_at) VALUES ('89d63fe9-3c34-4f4f-a74f-eb0634ed3b11', '8370d2c4-6d49-4d4f-9d3c-9138bf5b84b6', 'C3D4E5F6-G7H8-9012-CDEF-345678901234', 8496000.0, 'VND', 'SUCCEEDED', 'VNPAY', '2023-05-26 00:00:00', '2023-05-26 00:00:00');
INSERT INTO reviews (id, vehicle_id, booking_id, reviewer_id, owner_id, rating, cleanliness, accuracy, communication, value_rating, comment, created_at, updated_at) VALUES ('9dcf2732-0eb8-4647-ba57-3fd91b9d488f', 'V1A2B3C4-D5E6-7890-VHCL-111111111111', '8370d2c4-6d49-4d4f-9d3c-9138bf5b84b6', 'C3D4E5F6-G7H8-9012-CDEF-345678901234', 'E5F6G7H8-I9J0-1234-EFGH-567890123456', 4, 4, 4, 4, 4, N'Trải nghiệm tuyệt vời!', '2023-06-07 00:00:00', '2023-06-07 00:00:00');
INSERT INTO bookings (id, vehicle_id, renter_id, owner_id, status, start_date, end_date, total_days, base_price, price_per_day, service_fee, taxes, total, deposit, created_at, updated_at) VALUES ('d294349f-ef01-437f-8f71-4b4199d166e1', 'V1A2B3C4-D5E6-7890-VHCL-111111111111', 'D4E5F6G7-H8I9-0123-DEFG-456789012345', 'E5F6G7H8-I9J0-1234-EFGH-567890123456', 'COMPLETED', '2023-10-25', '2023-11-01', 7, 5600000, 800000, 560000.0, 448000.0, 6608000.0, 3000000, '2023-10-14 00:00:00', '2023-10-14 00:00:00');
INSERT INTO payments (id, booking_id, user_id, amount, currency, status, method, created_at, processed_at) VALUES ('b43f0021-d165-4b07-9bf3-73d391d7433b', 'd294349f-ef01-437f-8f71-4b4199d166e1', 'D4E5F6G7-H8I9-0123-DEFG-456789012345', 6608000.0, 'VND', 'SUCCEEDED', 'VNPAY', '2023-10-14 00:00:00', '2023-10-14 00:00:00');
INSERT INTO reviews (id, vehicle_id, booking_id, reviewer_id, owner_id, rating, cleanliness, accuracy, communication, value_rating, comment, created_at, updated_at) VALUES ('df7a1dd1-55ac-4471-bb38-0df693dd6a7e', 'V1A2B3C4-D5E6-7890-VHCL-111111111111', 'd294349f-ef01-437f-8f71-4b4199d166e1', 'D4E5F6G7-H8I9-0123-DEFG-456789012345', 'E5F6G7H8-I9J0-1234-EFGH-567890123456', 4, 4, 4, 4, 4, N'Trải nghiệm tuyệt vời!', '2023-11-01 00:00:00', '2023-11-01 00:00:00');
INSERT INTO bookings (id, vehicle_id, renter_id, owner_id, status, start_date, end_date, total_days, base_price, price_per_day, service_fee, taxes, total, deposit, created_at, updated_at) VALUES ('198b0396-ad3c-4665-b9cd-024e9b1ba62a', 'V1A2B3C4-D5E6-7890-VHCL-111111111111', 'C3D4E5F6-G7H8-9012-CDEF-345678901234', 'E5F6G7H8-I9J0-1234-EFGH-567890123456', 'COMPLETED', '2024-05-27', '2024-06-06', 10, 8000000, 800000, 800000.0, 640000.0, 9440000.0, 3000000, '2024-05-18 00:00:00', '2024-05-18 00:00:00');
INSERT INTO payments (id, booking_id, user_id, amount, currency, status, method, created_at, processed_at) VALUES ('03b4f49e-ec62-4b72-815c-bd8687e83ec6', '198b0396-ad3c-4665-b9cd-024e9b1ba62a', 'C3D4E5F6-G7H8-9012-CDEF-345678901234', 9440000.0, 'VND', 'SUCCEEDED', 'VNPAY', '2024-05-18 00:00:00', '2024-05-18 00:00:00');
INSERT INTO reviews (id, vehicle_id, booking_id, reviewer_id, owner_id, rating, cleanliness, accuracy, communication, value_rating, comment, created_at, updated_at) VALUES ('10273ecc-0c08-4db6-ac60-208afc0b50d4', 'V1A2B3C4-D5E6-7890-VHCL-111111111111', '198b0396-ad3c-4665-b9cd-024e9b1ba62a', 'C3D4E5F6-G7H8-9012-CDEF-345678901234', 'E5F6G7H8-I9J0-1234-EFGH-567890123456', 3, 3, 3, 3, 3, N'Trải nghiệm tuyệt vời!', '2024-06-06 00:00:00', '2024-06-06 00:00:00');
INSERT INTO bookings (id, vehicle_id, renter_id, owner_id, status, start_date, end_date, total_days, base_price, price_per_day, service_fee, taxes, total, deposit, created_at, updated_at) VALUES ('6b1bf25d-1a7b-464c-8862-7c57acf95b4d', 'V1A2B3C4-D5E6-7890-VHCL-111111111111', 'C3D4E5F6-G7H8-9012-CDEF-345678901234', 'E5F6G7H8-I9J0-1234-EFGH-567890123456', 'COMPLETED', '2023-07-11', '2023-07-12', 1, 800000, 800000, 80000.0, 64000.0, 944000.0, 3000000, '2023-07-03 00:00:00', '2023-07-03 00:00:00');
INSERT INTO payments (id, booking_id, user_id, amount, currency, status, method, created_at, processed_at) VALUES ('2dbd78b8-4abc-4c67-a0a3-583fd514b05a', '6b1bf25d-1a7b-464c-8862-7c57acf95b4d', 'C3D4E5F6-G7H8-9012-CDEF-345678901234', 944000.0, 'VND', 'SUCCEEDED', 'VNPAY', '2023-07-03 00:00:00', '2023-07-03 00:00:00');
INSERT INTO reviews (id, vehicle_id, booking_id, reviewer_id, owner_id, rating, cleanliness, accuracy, communication, value_rating, comment, created_at, updated_at) VALUES ('c2753bf8-c6cc-40f5-b35c-b7abee4fd613', 'V1A2B3C4-D5E6-7890-VHCL-111111111111', '6b1bf25d-1a7b-464c-8862-7c57acf95b4d', 'C3D4E5F6-G7H8-9012-CDEF-345678901234', 'E5F6G7H8-I9J0-1234-EFGH-567890123456', 3, 3, 3, 3, 3, N'Trải nghiệm tuyệt vời!', '2023-07-12 00:00:00', '2023-07-12 00:00:00');
INSERT INTO bookings (id, vehicle_id, renter_id, owner_id, status, start_date, end_date, total_days, base_price, price_per_day, service_fee, taxes, total, deposit, created_at, updated_at) VALUES ('9db0519e-2e64-489f-ae2f-5dee973ac253', 'V1A2B3C4-D5E6-7890-VHCL-111111111111', 'B2C3D4E5-F6G7-8901-BCDE-234567890123', 'E5F6G7H8-I9J0-1234-EFGH-567890123456', 'COMPLETED', '2024-04-30', '2024-05-03', 3, 2400000, 800000, 240000.0, 192000.0, 2832000.0, 3000000, '2024-04-21 00:00:00', '2024-04-21 00:00:00');
INSERT INTO payments (id, booking_id, user_id, amount, currency, status, method, created_at, processed_at) VALUES ('75f98cf0-a7ee-4d1f-bf1a-86c0835ea8e3', '9db0519e-2e64-489f-ae2f-5dee973ac253', 'B2C3D4E5-F6G7-8901-BCDE-234567890123', 2832000.0, 'VND', 'SUCCEEDED', 'VNPAY', '2024-04-21 00:00:00', '2024-04-21 00:00:00');
INSERT INTO reviews (id, vehicle_id, booking_id, reviewer_id, owner_id, rating, cleanliness, accuracy, communication, value_rating, comment, created_at, updated_at) VALUES ('cbf9f0dd-7efe-4487-a263-3214de819cbb', 'V1A2B3C4-D5E6-7890-VHCL-111111111111', '9db0519e-2e64-489f-ae2f-5dee973ac253', 'B2C3D4E5-F6G7-8901-BCDE-234567890123', 'E5F6G7H8-I9J0-1234-EFGH-567890123456', 3, 3, 3, 3, 3, N'Trải nghiệm tuyệt vời!', '2024-05-03 00:00:00', '2024-05-03 00:00:00');
INSERT INTO bookings (id, vehicle_id, renter_id, owner_id, status, start_date, end_date, total_days, base_price, price_per_day, service_fee, taxes, total, deposit, created_at, updated_at) VALUES ('5e251fe1-229a-4082-a2b3-3510d2ab0624', 'V1A2B3C4-D5E6-7890-VHCL-111111111111', 'B2C3D4E5-F6G7-8901-BCDE-234567890123', 'E5F6G7H8-I9J0-1234-EFGH-567890123456', 'COMPLETED', '2023-08-24', '2023-09-01', 8, 6400000, 800000, 640000.0, 512000.0, 7552000.0, 3000000, '2023-08-23 00:00:00', '2023-08-23 00:00:00');
INSERT INTO payments (id, booking_id, user_id, amount, currency, status, method, created_at, processed_at) VALUES ('48eba41f-4906-4626-bcb4-fa30472768fc', '5e251fe1-229a-4082-a2b3-3510d2ab0624', 'B2C3D4E5-F6G7-8901-BCDE-234567890123', 7552000.0, 'VND', 'SUCCEEDED', 'VNPAY', '2023-08-23 00:00:00', '2023-08-23 00:00:00');
INSERT INTO reviews (id, vehicle_id, booking_id, reviewer_id, owner_id, rating, cleanliness, accuracy, communication, value_rating, comment, created_at, updated_at) VALUES ('ec51750d-f108-46f9-987f-50c6caec63e9', 'V1A2B3C4-D5E6-7890-VHCL-111111111111', '5e251fe1-229a-4082-a2b3-3510d2ab0624', 'B2C3D4E5-F6G7-8901-BCDE-234567890123', 'E5F6G7H8-I9J0-1234-EFGH-567890123456', 3, 3, 3, 3, 3, N'Trải nghiệm tuyệt vời!', '2023-09-01 00:00:00', '2023-09-01 00:00:00');
INSERT INTO bookings (id, vehicle_id, renter_id, owner_id, status, start_date, end_date, total_days, base_price, price_per_day, service_fee, taxes, total, deposit, created_at, updated_at) VALUES ('c84227f8-ffd2-4984-83e6-65d19c931809', 'V1A2B3C4-D5E6-7890-VHCL-111111111111', 'C3D4E5F6-G7H8-9012-CDEF-345678901234', 'E5F6G7H8-I9J0-1234-EFGH-567890123456', 'COMPLETED', '2024-03-16', '2024-03-23', 7, 5600000, 800000, 560000.0, 448000.0, 6608000.0, 3000000, '2024-03-09 00:00:00', '2024-03-09 00:00:00');
INSERT INTO payments (id, booking_id, user_id, amount, currency, status, method, created_at, processed_at) VALUES ('d4832eb7-6770-4a27-a566-f5a8a9f5f787', 'c84227f8-ffd2-4984-83e6-65d19c931809', 'C3D4E5F6-G7H8-9012-CDEF-345678901234', 6608000.0, 'VND', 'SUCCEEDED', 'VNPAY', '2024-03-09 00:00:00', '2024-03-09 00:00:00');
INSERT INTO reviews (id, vehicle_id, booking_id, reviewer_id, owner_id, rating, cleanliness, accuracy, communication, value_rating, comment, created_at, updated_at) VALUES ('9bbf32c7-146a-4fdd-8d3b-9509ee92a229', 'V1A2B3C4-D5E6-7890-VHCL-111111111111', 'c84227f8-ffd2-4984-83e6-65d19c931809', 'C3D4E5F6-G7H8-9012-CDEF-345678901234', 'E5F6G7H8-I9J0-1234-EFGH-567890123456', 4, 4, 4, 4, 4, N'Trải nghiệm tuyệt vời!', '2024-03-23 00:00:00', '2024-03-23 00:00:00');
INSERT INTO bookings (id, vehicle_id, renter_id, owner_id, status, start_date, end_date, total_days, base_price, price_per_day, service_fee, taxes, total, deposit, created_at, updated_at) VALUES ('a82a93a7-1401-4807-b857-bd384b8b6b5b', 'V1A2B3C4-D5E6-7890-VHCL-111111111111', 'B2C3D4E5-F6G7-8901-BCDE-234567890123', 'E5F6G7H8-I9J0-1234-EFGH-567890123456', 'COMPLETED', '2024-02-24', '2024-02-27', 3, 2400000, 800000, 240000.0, 192000.0, 2832000.0, 3000000, '2024-02-23 00:00:00', '2024-02-23 00:00:00');
INSERT INTO payments (id, booking_id, user_id, amount, currency, status, method, created_at, processed_at) VALUES ('d0a3d6cb-48eb-4d4b-a100-a3a736709fd7', 'a82a93a7-1401-4807-b857-bd384b8b6b5b', 'B2C3D4E5-F6G7-8901-BCDE-234567890123', 2832000.0, 'VND', 'SUCCEEDED', 'VNPAY', '2024-02-23 00:00:00', '2024-02-23 00:00:00');
INSERT INTO reviews (id, vehicle_id, booking_id, reviewer_id, owner_id, rating, cleanliness, accuracy, communication, value_rating, comment, created_at, updated_at) VALUES ('98342a51-43a0-427d-a311-a47cb41db86f', 'V1A2B3C4-D5E6-7890-VHCL-111111111111', 'a82a93a7-1401-4807-b857-bd384b8b6b5b', 'B2C3D4E5-F6G7-8901-BCDE-234567890123', 'E5F6G7H8-I9J0-1234-EFGH-567890123456', 4, 4, 4, 4, 4, N'Trải nghiệm tuyệt vời!', '2024-02-27 00:00:00', '2024-02-27 00:00:00');
INSERT INTO bookings (id, vehicle_id, renter_id, owner_id, status, start_date, end_date, total_days, base_price, price_per_day, service_fee, taxes, total, deposit, created_at, updated_at) VALUES ('de946dea-6bf9-4637-b53e-e3afa0b6d474', 'V1A2B3C4-D5E6-7890-VHCL-111111111111', 'D4E5F6G7-H8I9-0123-DEFG-456789012345', 'E5F6G7H8-I9J0-1234-EFGH-567890123456', 'COMPLETED', '2023-01-08', '2023-01-14', 6, 4800000, 800000, 480000.0, 384000.0, 5664000.0, 3000000, '2023-01-02 00:00:00', '2023-01-02 00:00:00');
INSERT INTO payments (id, booking_id, user_id, amount, currency, status, method, created_at, processed_at) VALUES ('f2207ad1-4707-422a-aff7-dd341d9f4a19', 'de946dea-6bf9-4637-b53e-e3afa0b6d474', 'D4E5F6G7-H8I9-0123-DEFG-456789012345', 5664000.0, 'VND', 'SUCCEEDED', 'VNPAY', '2023-01-02 00:00:00', '2023-01-02 00:00:00');
INSERT INTO reviews (id, vehicle_id, booking_id, reviewer_id, owner_id, rating, cleanliness, accuracy, communication, value_rating, comment, created_at, updated_at) VALUES ('fa40d480-b7be-4766-8aa0-f6bc161cc2c2', 'V1A2B3C4-D5E6-7890-VHCL-111111111111', 'de946dea-6bf9-4637-b53e-e3afa0b6d474', 'D4E5F6G7-H8I9-0123-DEFG-456789012345', 'E5F6G7H8-I9J0-1234-EFGH-567890123456', 4, 4, 4, 4, 4, N'Trải nghiệm tuyệt vời!', '2023-01-14 00:00:00', '2023-01-14 00:00:00');
INSERT INTO bookings (id, vehicle_id, renter_id, owner_id, status, start_date, end_date, total_days, base_price, price_per_day, service_fee, taxes, total, deposit, created_at, updated_at) VALUES ('e420117c-53b5-4762-b5eb-18b5527ef4fc', 'V1A2B3C4-D5E6-7890-VHCL-111111111111', 'C3D4E5F6-G7H8-9012-CDEF-345678901234', 'E5F6G7H8-I9J0-1234-EFGH-567890123456', 'COMPLETED', '2024-01-07', '2024-01-12', 5, 4000000, 800000, 400000.0, 320000.0, 4720000.0, 3000000, '2023-12-31 00:00:00', '2023-12-31 00:00:00');
INSERT INTO payments (id, booking_id, user_id, amount, currency, status, method, created_at, processed_at) VALUES ('471e6235-d796-4399-b945-7dd7f9f7b3b1', 'e420117c-53b5-4762-b5eb-18b5527ef4fc', 'C3D4E5F6-G7H8-9012-CDEF-345678901234', 4720000.0, 'VND', 'SUCCEEDED', 'VNPAY', '2023-12-31 00:00:00', '2023-12-31 00:00:00');
INSERT INTO reviews (id, vehicle_id, booking_id, reviewer_id, owner_id, rating, cleanliness, accuracy, communication, value_rating, comment, created_at, updated_at) VALUES ('fb4928d2-7430-42e0-8fb5-4ae1f73916cc', 'V1A2B3C4-D5E6-7890-VHCL-111111111111', 'e420117c-53b5-4762-b5eb-18b5527ef4fc', 'C3D4E5F6-G7H8-9012-CDEF-345678901234', 'E5F6G7H8-I9J0-1234-EFGH-567890123456', 3, 3, 3, 3, 3, N'Trải nghiệm tuyệt vời!', '2024-01-12 00:00:00', '2024-01-12 00:00:00');
INSERT INTO bookings (id, vehicle_id, renter_id, owner_id, status, start_date, end_date, total_days, base_price, price_per_day, service_fee, taxes, total, deposit, created_at, updated_at) VALUES ('0733d90d-54c0-4321-b666-09ed9a09508d', 'V1A2B3C4-D5E6-7890-VHCL-111111111111', 'D4E5F6G7-H8I9-0123-DEFG-456789012345', 'E5F6G7H8-I9J0-1234-EFGH-567890123456', 'COMPLETED', '2023-03-14', '2023-03-20', 6, 4800000, 800000, 480000.0, 384000.0, 5664000.0, 3000000, '2023-03-03 00:00:00', '2023-03-03 00:00:00');
INSERT INTO payments (id, booking_id, user_id, amount, currency, status, method, created_at, processed_at) VALUES ('8a97fadb-177f-47ab-b7e9-032387b5ac6e', '0733d90d-54c0-4321-b666-09ed9a09508d', 'D4E5F6G7-H8I9-0123-DEFG-456789012345', 5664000.0, 'VND', 'SUCCEEDED', 'VNPAY', '2023-03-03 00:00:00', '2023-03-03 00:00:00');
INSERT INTO reviews (id, vehicle_id, booking_id, reviewer_id, owner_id, rating, cleanliness, accuracy, communication, value_rating, comment, created_at, updated_at) VALUES ('3a5fa5df-a09e-44e8-916e-66b70bbcd167', 'V1A2B3C4-D5E6-7890-VHCL-111111111111', '0733d90d-54c0-4321-b666-09ed9a09508d', 'D4E5F6G7-H8I9-0123-DEFG-456789012345', 'E5F6G7H8-I9J0-1234-EFGH-567890123456', 4, 4, 4, 4, 4, N'Trải nghiệm tuyệt vời!', '2023-03-20 00:00:00', '2023-03-20 00:00:00');
INSERT INTO bookings (id, vehicle_id, renter_id, owner_id, status, start_date, end_date, total_days, base_price, price_per_day, service_fee, taxes, total, deposit, created_at, updated_at) VALUES ('f927f519-078f-4672-a63c-5d55e2405364', 'V1A2B3C4-D5E6-7890-VHCL-111111111111', 'D4E5F6G7-H8I9-0123-DEFG-456789012345', 'E5F6G7H8-I9J0-1234-EFGH-567890123456', 'CANCELLED', '2023-11-28', '2023-11-29', 1, 800000, 800000, 80000.0, 64000.0, 944000.0, 3000000, '2023-11-26 00:00:00', '2023-11-26 00:00:00');
INSERT INTO payments (id, booking_id, user_id, amount, currency, status, method, created_at, processed_at) VALUES ('1697bd6f-ea07-4a78-9cc3-559f21741080', 'f927f519-078f-4672-a63c-5d55e2405364', 'D4E5F6G7-H8I9-0123-DEFG-456789012345', 944000.0, 'VND', 'REFUNDED', 'VNPAY', '2023-11-26 00:00:00', '2023-11-26 00:00:00');
INSERT INTO bookings (id, vehicle_id, renter_id, owner_id, status, start_date, end_date, total_days, base_price, price_per_day, service_fee, taxes, total, deposit, created_at, updated_at) VALUES ('1766f834-bce0-4174-a09c-d98143a409aa', 'V1A2B3C4-D5E6-7890-VHCL-111111111111', 'C3D4E5F6-G7H8-9012-CDEF-345678901234', 'E5F6G7H8-I9J0-1234-EFGH-567890123456', 'CANCELLED', '2023-10-11', '2023-10-19', 8, 6400000, 800000, 640000.0, 512000.0, 7552000.0, 3000000, '2023-10-01 00:00:00', '2023-10-01 00:00:00');
INSERT INTO payments (id, booking_id, user_id, amount, currency, status, method, created_at, processed_at) VALUES ('37bba037-77cb-4fd9-9c5a-f6c77c098d75', '1766f834-bce0-4174-a09c-d98143a409aa', 'C3D4E5F6-G7H8-9012-CDEF-345678901234', 7552000.0, 'VND', 'REFUNDED', 'VNPAY', '2023-10-01 00:00:00', '2023-10-01 00:00:00');
INSERT INTO bookings (id, vehicle_id, renter_id, owner_id, status, start_date, end_date, total_days, base_price, price_per_day, service_fee, taxes, total, deposit, created_at, updated_at) VALUES ('40f02659-9faa-4600-ac71-327409c55e65', 'V1A2B3C4-D5E6-7890-VHCL-111111111111', 'D4E5F6G7-H8I9-0123-DEFG-456789012345', 'E5F6G7H8-I9J0-1234-EFGH-567890123456', 'COMPLETED', '2024-01-03', '2024-01-13', 10, 8000000, 800000, 800000.0, 640000.0, 9440000.0, 3000000, '2023-12-30 00:00:00', '2023-12-30 00:00:00');
INSERT INTO payments (id, booking_id, user_id, amount, currency, status, method, created_at, processed_at) VALUES ('48cb173b-4d95-4053-bfd4-cddd4c06c4cc', '40f02659-9faa-4600-ac71-327409c55e65', 'D4E5F6G7-H8I9-0123-DEFG-456789012345', 9440000.0, 'VND', 'SUCCEEDED', 'VNPAY', '2023-12-30 00:00:00', '2023-12-30 00:00:00');
INSERT INTO reviews (id, vehicle_id, booking_id, reviewer_id, owner_id, rating, cleanliness, accuracy, communication, value_rating, comment, created_at, updated_at) VALUES ('e4ad99aa-ce56-48e1-adf1-92ab60a580c5', 'V1A2B3C4-D5E6-7890-VHCL-111111111111', '40f02659-9faa-4600-ac71-327409c55e65', 'D4E5F6G7-H8I9-0123-DEFG-456789012345', 'E5F6G7H8-I9J0-1234-EFGH-567890123456', 3, 3, 3, 3, 3, N'Trải nghiệm tuyệt vời!', '2024-01-13 00:00:00', '2024-01-13 00:00:00');
INSERT INTO bookings (id, vehicle_id, renter_id, owner_id, status, start_date, end_date, total_days, base_price, price_per_day, service_fee, taxes, total, deposit, created_at, updated_at) VALUES ('c504f7e2-56df-4e63-81bf-df12f8dab419', 'V1A2B3C4-D5E6-7890-VHCL-111111111111', 'C3D4E5F6-G7H8-9012-CDEF-345678901234', 'E5F6G7H8-I9J0-1234-EFGH-567890123456', 'COMPLETED', '2023-04-30', '2023-05-07', 7, 5600000, 800000, 560000.0, 448000.0, 6608000.0, 3000000, '2023-04-16 00:00:00', '2023-04-16 00:00:00');
INSERT INTO payments (id, booking_id, user_id, amount, currency, status, method, created_at, processed_at) VALUES ('cb6f681d-63cd-4726-8da6-f8a73f327366', 'c504f7e2-56df-4e63-81bf-df12f8dab419', 'C3D4E5F6-G7H8-9012-CDEF-345678901234', 6608000.0, 'VND', 'SUCCEEDED', 'VNPAY', '2023-04-16 00:00:00', '2023-04-16 00:00:00');
INSERT INTO reviews (id, vehicle_id, booking_id, reviewer_id, owner_id, rating, cleanliness, accuracy, communication, value_rating, comment, created_at, updated_at) VALUES ('a03a1de5-783e-4b95-a817-1819e4ebe1ee', 'V1A2B3C4-D5E6-7890-VHCL-111111111111', 'c504f7e2-56df-4e63-81bf-df12f8dab419', 'C3D4E5F6-G7H8-9012-CDEF-345678901234', 'E5F6G7H8-I9J0-1234-EFGH-567890123456', 3, 3, 3, 3, 3, N'Trải nghiệm tuyệt vời!', '2023-05-07 00:00:00', '2023-05-07 00:00:00');
INSERT INTO bookings (id, vehicle_id, renter_id, owner_id, status, start_date, end_date, total_days, base_price, price_per_day, service_fee, taxes, total, deposit, created_at, updated_at) VALUES ('da75d30b-6747-4f8b-b880-5bc3bf59d501', 'V1A2B3C4-D5E6-7890-VHCL-111111111111', 'D4E5F6G7-H8I9-0123-DEFG-456789012345', 'E5F6G7H8-I9J0-1234-EFGH-567890123456', 'COMPLETED', '2023-03-11', '2023-03-14', 3, 2400000, 800000, 240000.0, 192000.0, 2832000.0, 3000000, '2023-03-01 00:00:00', '2023-03-01 00:00:00');
INSERT INTO payments (id, booking_id, user_id, amount, currency, status, method, created_at, processed_at) VALUES ('098a02ee-173d-42ef-bff9-4de783286629', 'da75d30b-6747-4f8b-b880-5bc3bf59d501', 'D4E5F6G7-H8I9-0123-DEFG-456789012345', 2832000.0, 'VND', 'SUCCEEDED', 'VNPAY', '2023-03-01 00:00:00', '2023-03-01 00:00:00');
INSERT INTO reviews (id, vehicle_id, booking_id, reviewer_id, owner_id, rating, cleanliness, accuracy, communication, value_rating, comment, created_at, updated_at) VALUES ('88015a4e-0f0e-4a6d-a8a4-0b185c39e834', 'V1A2B3C4-D5E6-7890-VHCL-111111111111', 'da75d30b-6747-4f8b-b880-5bc3bf59d501', 'D4E5F6G7-H8I9-0123-DEFG-456789012345', 'E5F6G7H8-I9J0-1234-EFGH-567890123456', 5, 5, 5, 5, 5, N'Trải nghiệm tuyệt vời!', '2023-03-14 00:00:00', '2023-03-14 00:00:00');
INSERT INTO bookings (id, vehicle_id, renter_id, owner_id, status, start_date, end_date, total_days, base_price, price_per_day, service_fee, taxes, total, deposit, created_at, updated_at) VALUES ('7263f7a8-5cc0-4a6d-a0a7-face28b18a7b', 'V1A2B3C4-D5E6-7890-VHCL-111111111111', 'D4E5F6G7-H8I9-0123-DEFG-456789012345', 'E5F6G7H8-I9J0-1234-EFGH-567890123456', 'COMPLETED', '2023-10-01', '2023-10-03', 2, 1600000, 800000, 160000.0, 128000.0, 1888000.0, 3000000, '2023-09-23 00:00:00', '2023-09-23 00:00:00');
INSERT INTO payments (id, booking_id, user_id, amount, currency, status, method, created_at, processed_at) VALUES ('9fe6ade0-91dc-4685-bc21-388c73cacfaa', '7263f7a8-5cc0-4a6d-a0a7-face28b18a7b', 'D4E5F6G7-H8I9-0123-DEFG-456789012345', 1888000.0, 'VND', 'SUCCEEDED', 'VNPAY', '2023-09-23 00:00:00', '2023-09-23 00:00:00');
INSERT INTO reviews (id, vehicle_id, booking_id, reviewer_id, owner_id, rating, cleanliness, accuracy, communication, value_rating, comment, created_at, updated_at) VALUES ('de93f67e-3c19-4a2d-bb41-90d81c3e5995', 'V1A2B3C4-D5E6-7890-VHCL-111111111111', '7263f7a8-5cc0-4a6d-a0a7-face28b18a7b', 'D4E5F6G7-H8I9-0123-DEFG-456789012345', 'E5F6G7H8-I9J0-1234-EFGH-567890123456', 5, 5, 5, 5, 5, N'Trải nghiệm tuyệt vời!', '2023-10-03 00:00:00', '2023-10-03 00:00:00');
INSERT INTO bookings (id, vehicle_id, renter_id, owner_id, status, start_date, end_date, total_days, base_price, price_per_day, service_fee, taxes, total, deposit, created_at, updated_at) VALUES ('fa5683c0-7976-4ad2-ac32-871a40ccaf9e', 'V1A2B3C4-D5E6-7890-VHCL-111111111111', 'C3D4E5F6-G7H8-9012-CDEF-345678901234', 'E5F6G7H8-I9J0-1234-EFGH-567890123456', 'COMPLETED', '2024-05-04', '2024-05-14', 10, 8000000, 800000, 800000.0, 640000.0, 9440000.0, 3000000, '2024-04-26 00:00:00', '2024-04-26 00:00:00');
INSERT INTO payments (id, booking_id, user_id, amount, currency, status, method, created_at, processed_at) VALUES ('82fa9a8c-90ad-4814-965e-905d0b3a337d', 'fa5683c0-7976-4ad2-ac32-871a40ccaf9e', 'C3D4E5F6-G7H8-9012-CDEF-345678901234', 9440000.0, 'VND', 'SUCCEEDED', 'VNPAY', '2024-04-26 00:00:00', '2024-04-26 00:00:00');
INSERT INTO reviews (id, vehicle_id, booking_id, reviewer_id, owner_id, rating, cleanliness, accuracy, communication, value_rating, comment, created_at, updated_at) VALUES ('feea30b0-640e-419d-92d4-575fcc949abc', 'V1A2B3C4-D5E6-7890-VHCL-111111111111', 'fa5683c0-7976-4ad2-ac32-871a40ccaf9e', 'C3D4E5F6-G7H8-9012-CDEF-345678901234', 'E5F6G7H8-I9J0-1234-EFGH-567890123456', 4, 4, 4, 4, 4, N'Trải nghiệm tuyệt vời!', '2024-05-14 00:00:00', '2024-05-14 00:00:00');
INSERT INTO bookings (id, vehicle_id, renter_id, owner_id, status, start_date, end_date, total_days, base_price, price_per_day, service_fee, taxes, total, deposit, created_at, updated_at) VALUES ('f5847f5d-f70c-491b-93de-68256e1e9210', 'V1A2B3C4-D5E6-7890-VHCL-111111111111', 'D4E5F6G7-H8I9-0123-DEFG-456789012345', 'E5F6G7H8-I9J0-1234-EFGH-567890123456', 'COMPLETED', '2024-01-05', '2024-01-14', 9, 7200000, 800000, 720000.0, 576000.0, 8496000.0, 3000000, '2024-01-04 00:00:00', '2024-01-04 00:00:00');
INSERT INTO payments (id, booking_id, user_id, amount, currency, status, method, created_at, processed_at) VALUES ('4cd6cab2-8415-4dd4-bef0-faade718a0df', 'f5847f5d-f70c-491b-93de-68256e1e9210', 'D4E5F6G7-H8I9-0123-DEFG-456789012345', 8496000.0, 'VND', 'SUCCEEDED', 'VNPAY', '2024-01-04 00:00:00', '2024-01-04 00:00:00');
INSERT INTO reviews (id, vehicle_id, booking_id, reviewer_id, owner_id, rating, cleanliness, accuracy, communication, value_rating, comment, created_at, updated_at) VALUES ('d3a14804-cab0-43b8-8e59-eaf07f38baa0', 'V1A2B3C4-D5E6-7890-VHCL-111111111111', 'f5847f5d-f70c-491b-93de-68256e1e9210', 'D4E5F6G7-H8I9-0123-DEFG-456789012345', 'E5F6G7H8-I9J0-1234-EFGH-567890123456', 4, 4, 4, 4, 4, N'Trải nghiệm tuyệt vời!', '2024-01-14 00:00:00', '2024-01-14 00:00:00');
INSERT INTO bookings (id, vehicle_id, renter_id, owner_id, status, start_date, end_date, total_days, base_price, price_per_day, service_fee, taxes, total, deposit, created_at, updated_at) VALUES ('4e551304-50ea-48a4-865e-1d5c4181c554', 'V1A2B3C4-D5E6-7890-VHCL-111111111111', 'B2C3D4E5-F6G7-8901-BCDE-234567890123', 'E5F6G7H8-I9J0-1234-EFGH-567890123456', 'COMPLETED', '2024-01-19', '2024-01-20', 1, 800000, 800000, 80000.0, 64000.0, 944000.0, 3000000, '2024-01-17 00:00:00', '2024-01-17 00:00:00');
INSERT INTO payments (id, booking_id, user_id, amount, currency, status, method, created_at, processed_at) VALUES ('743bc85d-7952-435c-8d6d-c291a9a22cbc', '4e551304-50ea-48a4-865e-1d5c4181c554', 'B2C3D4E5-F6G7-8901-BCDE-234567890123', 944000.0, 'VND', 'SUCCEEDED', 'VNPAY', '2024-01-17 00:00:00', '2024-01-17 00:00:00');
INSERT INTO reviews (id, vehicle_id, booking_id, reviewer_id, owner_id, rating, cleanliness, accuracy, communication, value_rating, comment, created_at, updated_at) VALUES ('ab4c4346-89be-45e8-968f-9c2691a2a1da', 'V1A2B3C4-D5E6-7890-VHCL-111111111111', '4e551304-50ea-48a4-865e-1d5c4181c554', 'B2C3D4E5-F6G7-8901-BCDE-234567890123', 'E5F6G7H8-I9J0-1234-EFGH-567890123456', 4, 4, 4, 4, 4, N'Trải nghiệm tuyệt vời!', '2024-01-20 00:00:00', '2024-01-20 00:00:00');
INSERT INTO bookings (id, vehicle_id, renter_id, owner_id, status, start_date, end_date, total_days, base_price, price_per_day, service_fee, taxes, total, deposit, created_at, updated_at) VALUES ('547bb051-e2e0-40e0-a07a-3f8d9b419f6d', 'V1A2B3C4-D5E6-7890-VHCL-111111111111', 'C3D4E5F6-G7H8-9012-CDEF-345678901234', 'E5F6G7H8-I9J0-1234-EFGH-567890123456', 'COMPLETED', '2023-06-29', '2023-07-08', 9, 7200000, 800000, 720000.0, 576000.0, 8496000.0, 3000000, '2023-06-26 00:00:00', '2023-06-26 00:00:00');
INSERT INTO payments (id, booking_id, user_id, amount, currency, status, method, created_at, processed_at) VALUES ('da7eccf8-03e7-47d8-96c7-45e243aa41ca', '547bb051-e2e0-40e0-a07a-3f8d9b419f6d', 'C3D4E5F6-G7H8-9012-CDEF-345678901234', 8496000.0, 'VND', 'SUCCEEDED', 'VNPAY', '2023-06-26 00:00:00', '2023-06-26 00:00:00');
INSERT INTO reviews (id, vehicle_id, booking_id, reviewer_id, owner_id, rating, cleanliness, accuracy, communication, value_rating, comment, created_at, updated_at) VALUES ('f885ab2b-c10c-41ae-829f-b79b8ed263c6', 'V1A2B3C4-D5E6-7890-VHCL-111111111111', '547bb051-e2e0-40e0-a07a-3f8d9b419f6d', 'C3D4E5F6-G7H8-9012-CDEF-345678901234', 'E5F6G7H8-I9J0-1234-EFGH-567890123456', 3, 3, 3, 3, 3, N'Trải nghiệm tuyệt vời!', '2023-07-08 00:00:00', '2023-07-08 00:00:00');
INSERT INTO bookings (id, vehicle_id, renter_id, owner_id, status, start_date, end_date, total_days, base_price, price_per_day, service_fee, taxes, total, deposit, created_at, updated_at) VALUES ('97478cd3-388e-436d-9319-582ee0226b49', 'V1A2B3C4-D5E6-7890-VHCL-111111111111', 'B2C3D4E5-F6G7-8901-BCDE-234567890123', 'E5F6G7H8-I9J0-1234-EFGH-567890123456', 'COMPLETED', '2023-11-02', '2023-11-11', 9, 7200000, 800000, 720000.0, 576000.0, 8496000.0, 3000000, '2023-10-30 00:00:00', '2023-10-30 00:00:00');
INSERT INTO payments (id, booking_id, user_id, amount, currency, status, method, created_at, processed_at) VALUES ('a187dcc4-dfa2-423c-8457-0fe7a1214cad', '97478cd3-388e-436d-9319-582ee0226b49', 'B2C3D4E5-F6G7-8901-BCDE-234567890123', 8496000.0, 'VND', 'SUCCEEDED', 'VNPAY', '2023-10-30 00:00:00', '2023-10-30 00:00:00');
INSERT INTO reviews (id, vehicle_id, booking_id, reviewer_id, owner_id, rating, cleanliness, accuracy, communication, value_rating, comment, created_at, updated_at) VALUES ('714485e4-f2b8-409b-8fed-f6f8c0257f0d', 'V1A2B3C4-D5E6-7890-VHCL-111111111111', '97478cd3-388e-436d-9319-582ee0226b49', 'B2C3D4E5-F6G7-8901-BCDE-234567890123', 'E5F6G7H8-I9J0-1234-EFGH-567890123456', 3, 3, 3, 3, 3, N'Trải nghiệm tuyệt vời!', '2023-11-11 00:00:00', '2023-11-11 00:00:00');
INSERT INTO bookings (id, vehicle_id, renter_id, owner_id, status, start_date, end_date, total_days, base_price, price_per_day, service_fee, taxes, total, deposit, created_at, updated_at) VALUES ('dea83445-4274-4b40-ba84-18f639068d3f', 'V1A2B3C4-D5E6-7890-VHCL-111111111111', 'B2C3D4E5-F6G7-8901-BCDE-234567890123', 'E5F6G7H8-I9J0-1234-EFGH-567890123456', 'CANCELLED', '2023-06-03', '2023-06-06', 3, 2400000, 800000, 240000.0, 192000.0, 2832000.0, 3000000, '2023-05-20 00:00:00', '2023-05-20 00:00:00');
INSERT INTO payments (id, booking_id, user_id, amount, currency, status, method, created_at, processed_at) VALUES ('a8785d25-cffb-4a88-9ad5-644d70c6f52b', 'dea83445-4274-4b40-ba84-18f639068d3f', 'B2C3D4E5-F6G7-8901-BCDE-234567890123', 2832000.0, 'VND', 'REFUNDED', 'VNPAY', '2023-05-20 00:00:00', '2023-05-20 00:00:00');
INSERT INTO bookings (id, vehicle_id, renter_id, owner_id, status, start_date, end_date, total_days, base_price, price_per_day, service_fee, taxes, total, deposit, created_at, updated_at) VALUES ('825711ff-f712-44fe-95a2-54ba8c76faeb', 'V1A2B3C4-D5E6-7890-VHCL-111111111111', 'C3D4E5F6-G7H8-9012-CDEF-345678901234', 'E5F6G7H8-I9J0-1234-EFGH-567890123456', 'CANCELLED', '2023-04-13', '2023-04-20', 7, 5600000, 800000, 560000.0, 448000.0, 6608000.0, 3000000, '2023-04-04 00:00:00', '2023-04-04 00:00:00');
INSERT INTO payments (id, booking_id, user_id, amount, currency, status, method, created_at, processed_at) VALUES ('44620dc9-5685-4cdd-8c5f-101c40a4b725', '825711ff-f712-44fe-95a2-54ba8c76faeb', 'C3D4E5F6-G7H8-9012-CDEF-345678901234', 6608000.0, 'VND', 'REFUNDED', 'VNPAY', '2023-04-04 00:00:00', '2023-04-04 00:00:00');
INSERT INTO bookings (id, vehicle_id, renter_id, owner_id, status, start_date, end_date, total_days, base_price, price_per_day, service_fee, taxes, total, deposit, created_at, updated_at) VALUES ('e1413153-48a3-447a-9375-47ffa8c4538e', 'V1A2B3C4-D5E6-7890-VHCL-111111111111', 'C3D4E5F6-G7H8-9012-CDEF-345678901234', 'E5F6G7H8-I9J0-1234-EFGH-567890123456', 'COMPLETED', '2023-07-14', '2023-07-15', 1, 800000, 800000, 80000.0, 64000.0, 944000.0, 3000000, '2023-07-06 00:00:00', '2023-07-06 00:00:00');
INSERT INTO payments (id, booking_id, user_id, amount, currency, status, method, created_at, processed_at) VALUES ('1b998943-017e-4d0d-b48b-dba961f5e847', 'e1413153-48a3-447a-9375-47ffa8c4538e', 'C3D4E5F6-G7H8-9012-CDEF-345678901234', 944000.0, 'VND', 'SUCCEEDED', 'VNPAY', '2023-07-06 00:00:00', '2023-07-06 00:00:00');
INSERT INTO reviews (id, vehicle_id, booking_id, reviewer_id, owner_id, rating, cleanliness, accuracy, communication, value_rating, comment, created_at, updated_at) VALUES ('812769c3-56c5-4c6e-81e5-eff3983a9e92', 'V1A2B3C4-D5E6-7890-VHCL-111111111111', 'e1413153-48a3-447a-9375-47ffa8c4538e', 'C3D4E5F6-G7H8-9012-CDEF-345678901234', 'E5F6G7H8-I9J0-1234-EFGH-567890123456', 3, 3, 3, 3, 3, N'Trải nghiệm tuyệt vời!', '2023-07-15 00:00:00', '2023-07-15 00:00:00');
INSERT INTO bookings (id, vehicle_id, renter_id, owner_id, status, start_date, end_date, total_days, base_price, price_per_day, service_fee, taxes, total, deposit, created_at, updated_at) VALUES ('1c4ecae9-f6fb-4627-a81f-520dcf204ba4', 'V1A2B3C4-D5E6-7890-VHCL-111111111111', 'C3D4E5F6-G7H8-9012-CDEF-345678901234', 'E5F6G7H8-I9J0-1234-EFGH-567890123456', 'COMPLETED', '2023-11-24', '2023-11-29', 5, 4000000, 800000, 400000.0, 320000.0, 4720000.0, 3000000, '2023-11-11 00:00:00', '2023-11-11 00:00:00');
INSERT INTO payments (id, booking_id, user_id, amount, currency, status, method, created_at, processed_at) VALUES ('b7311c7d-fb31-4b9a-ab50-bbe30a043514', '1c4ecae9-f6fb-4627-a81f-520dcf204ba4', 'C3D4E5F6-G7H8-9012-CDEF-345678901234', 4720000.0, 'VND', 'SUCCEEDED', 'VNPAY', '2023-11-11 00:00:00', '2023-11-11 00:00:00');
INSERT INTO reviews (id, vehicle_id, booking_id, reviewer_id, owner_id, rating, cleanliness, accuracy, communication, value_rating, comment, created_at, updated_at) VALUES ('01309330-ec4e-4b55-8bc6-1ba1154b2b4f', 'V1A2B3C4-D5E6-7890-VHCL-111111111111', '1c4ecae9-f6fb-4627-a81f-520dcf204ba4', 'C3D4E5F6-G7H8-9012-CDEF-345678901234', 'E5F6G7H8-I9J0-1234-EFGH-567890123456', 5, 5, 5, 5, 5, N'Trải nghiệm tuyệt vời!', '2023-11-29 00:00:00', '2023-11-29 00:00:00');
INSERT INTO bookings (id, vehicle_id, renter_id, owner_id, status, start_date, end_date, total_days, base_price, price_per_day, service_fee, taxes, total, deposit, created_at, updated_at) VALUES ('d774ff59-fdfa-4c7f-b88a-4f0b66008b52', 'V1A2B3C4-D5E6-7890-VHCL-111111111111', 'C3D4E5F6-G7H8-9012-CDEF-345678901234', 'E5F6G7H8-I9J0-1234-EFGH-567890123456', 'COMPLETED', '2023-12-19', '2023-12-28', 9, 7200000, 800000, 720000.0, 576000.0, 8496000.0, 3000000, '2023-12-09 00:00:00', '2023-12-09 00:00:00');
INSERT INTO payments (id, booking_id, user_id, amount, currency, status, method, created_at, processed_at) VALUES ('8ef9892a-29c8-4481-b06c-851c4e3c6205', 'd774ff59-fdfa-4c7f-b88a-4f0b66008b52', 'C3D4E5F6-G7H8-9012-CDEF-345678901234', 8496000.0, 'VND', 'SUCCEEDED', 'VNPAY', '2023-12-09 00:00:00', '2023-12-09 00:00:00');
INSERT INTO reviews (id, vehicle_id, booking_id, reviewer_id, owner_id, rating, cleanliness, accuracy, communication, value_rating, comment, created_at, updated_at) VALUES ('c89b34aa-ed2e-4a65-9074-d647fa895c07', 'V1A2B3C4-D5E6-7890-VHCL-111111111111', 'd774ff59-fdfa-4c7f-b88a-4f0b66008b52', 'C3D4E5F6-G7H8-9012-CDEF-345678901234', 'E5F6G7H8-I9J0-1234-EFGH-567890123456', 3, 3, 3, 3, 3, N'Trải nghiệm tuyệt vời!', '2023-12-28 00:00:00', '2023-12-28 00:00:00');
INSERT INTO bookings (id, vehicle_id, renter_id, owner_id, status, start_date, end_date, total_days, base_price, price_per_day, service_fee, taxes, total, deposit, created_at, updated_at) VALUES ('b4e0fb84-a798-494e-969b-f5f23f8f69bf', 'V1A2B3C4-D5E6-7890-VHCL-111111111111', 'C3D4E5F6-G7H8-9012-CDEF-345678901234', 'E5F6G7H8-I9J0-1234-EFGH-567890123456', 'CANCELLED', '2024-04-14', '2024-04-23', 9, 7200000, 800000, 720000.0, 576000.0, 8496000.0, 3000000, '2024-04-11 00:00:00', '2024-04-11 00:00:00');
INSERT INTO payments (id, booking_id, user_id, amount, currency, status, method, created_at, processed_at) VALUES ('8c7b259c-a86f-466a-9e5b-06f3cc34e026', 'b4e0fb84-a798-494e-969b-f5f23f8f69bf', 'C3D4E5F6-G7H8-9012-CDEF-345678901234', 8496000.0, 'VND', 'REFUNDED', 'VNPAY', '2024-04-11 00:00:00', '2024-04-11 00:00:00');
INSERT INTO bookings (id, vehicle_id, renter_id, owner_id, status, start_date, end_date, total_days, base_price, price_per_day, service_fee, taxes, total, deposit, created_at, updated_at) VALUES ('0d9180d5-01aa-43ca-8117-3bbe8ae8702c', 'V1A2B3C4-D5E6-7890-VHCL-111111111111', 'D4E5F6G7-H8I9-0123-DEFG-456789012345', 'E5F6G7H8-I9J0-1234-EFGH-567890123456', 'COMPLETED', '2023-11-12', '2023-11-15', 3, 2400000, 800000, 240000.0, 192000.0, 2832000.0, 3000000, '2023-10-29 00:00:00', '2023-10-29 00:00:00');
INSERT INTO payments (id, booking_id, user_id, amount, currency, status, method, created_at, processed_at) VALUES ('eafa6fc2-2d8b-431c-9c1c-95b498a7c17a', '0d9180d5-01aa-43ca-8117-3bbe8ae8702c', 'D4E5F6G7-H8I9-0123-DEFG-456789012345', 2832000.0, 'VND', 'SUCCEEDED', 'VNPAY', '2023-10-29 00:00:00', '2023-10-29 00:00:00');
INSERT INTO reviews (id, vehicle_id, booking_id, reviewer_id, owner_id, rating, cleanliness, accuracy, communication, value_rating, comment, created_at, updated_at) VALUES ('ffc791eb-b223-41e6-9b97-1c1fea096b5f', 'V1A2B3C4-D5E6-7890-VHCL-111111111111', '0d9180d5-01aa-43ca-8117-3bbe8ae8702c', 'D4E5F6G7-H8I9-0123-DEFG-456789012345', 'E5F6G7H8-I9J0-1234-EFGH-567890123456', 4, 4, 4, 4, 4, N'Trải nghiệm tuyệt vời!', '2023-11-15 00:00:00', '2023-11-15 00:00:00');
INSERT INTO bookings (id, vehicle_id, renter_id, owner_id, status, start_date, end_date, total_days, base_price, price_per_day, service_fee, taxes, total, deposit, created_at, updated_at) VALUES ('a58d8f93-745c-44a1-bb66-246cc8a3756c', 'V1A2B3C4-D5E6-7890-VHCL-111111111111', 'B2C3D4E5-F6G7-8901-BCDE-234567890123', 'E5F6G7H8-I9J0-1234-EFGH-567890123456', 'COMPLETED', '2024-01-21', '2024-01-23', 2, 1600000, 800000, 160000.0, 128000.0, 1888000.0, 3000000, '2024-01-07 00:00:00', '2024-01-07 00:00:00');
INSERT INTO payments (id, booking_id, user_id, amount, currency, status, method, created_at, processed_at) VALUES ('d3da7570-56c3-4ae9-8b08-78bfb4860b5a', 'a58d8f93-745c-44a1-bb66-246cc8a3756c', 'B2C3D4E5-F6G7-8901-BCDE-234567890123', 1888000.0, 'VND', 'SUCCEEDED', 'VNPAY', '2024-01-07 00:00:00', '2024-01-07 00:00:00');
INSERT INTO reviews (id, vehicle_id, booking_id, reviewer_id, owner_id, rating, cleanliness, accuracy, communication, value_rating, comment, created_at, updated_at) VALUES ('a1d42275-027a-44c5-ab42-efa061c74ccc', 'V1A2B3C4-D5E6-7890-VHCL-111111111111', 'a58d8f93-745c-44a1-bb66-246cc8a3756c', 'B2C3D4E5-F6G7-8901-BCDE-234567890123', 'E5F6G7H8-I9J0-1234-EFGH-567890123456', 3, 3, 3, 3, 3, N'Trải nghiệm tuyệt vời!', '2024-01-23 00:00:00', '2024-01-23 00:00:00');
INSERT INTO bookings (id, vehicle_id, renter_id, owner_id, status, start_date, end_date, total_days, base_price, price_per_day, service_fee, taxes, total, deposit, created_at, updated_at) VALUES ('15712873-b191-42ae-b20f-a2c004455235', 'V1A2B3C4-D5E6-7890-VHCL-111111111111', 'D4E5F6G7-H8I9-0123-DEFG-456789012345', 'E5F6G7H8-I9J0-1234-EFGH-567890123456', 'COMPLETED', '2024-02-26', '2024-03-01', 4, 3200000, 800000, 320000.0, 256000.0, 3776000.0, 3000000, '2024-02-20 00:00:00', '2024-02-20 00:00:00');
INSERT INTO payments (id, booking_id, user_id, amount, currency, status, method, created_at, processed_at) VALUES ('42612db6-b7ec-46bd-a55a-58fd8c6560fe', '15712873-b191-42ae-b20f-a2c004455235', 'D4E5F6G7-H8I9-0123-DEFG-456789012345', 3776000.0, 'VND', 'SUCCEEDED', 'VNPAY', '2024-02-20 00:00:00', '2024-02-20 00:00:00');
INSERT INTO reviews (id, vehicle_id, booking_id, reviewer_id, owner_id, rating, cleanliness, accuracy, communication, value_rating, comment, created_at, updated_at) VALUES ('7b0f511b-d334-46ff-8ff9-d26dd86bebf6', 'V1A2B3C4-D5E6-7890-VHCL-111111111111', '15712873-b191-42ae-b20f-a2c004455235', 'D4E5F6G7-H8I9-0123-DEFG-456789012345', 'E5F6G7H8-I9J0-1234-EFGH-567890123456', 5, 5, 5, 5, 5, N'Trải nghiệm tuyệt vời!', '2024-03-01 00:00:00', '2024-03-01 00:00:00');
INSERT INTO bookings (id, vehicle_id, renter_id, owner_id, status, start_date, end_date, total_days, base_price, price_per_day, service_fee, taxes, total, deposit, created_at, updated_at) VALUES ('2fc50c06-4d10-4a70-b4e4-b1b0dd78ac09', 'V1A2B3C4-D5E6-7890-VHCL-111111111111', 'D4E5F6G7-H8I9-0123-DEFG-456789012345', 'E5F6G7H8-I9J0-1234-EFGH-567890123456', 'COMPLETED', '2024-01-24', '2024-01-29', 5, 4000000, 800000, 400000.0, 320000.0, 4720000.0, 3000000, '2024-01-14 00:00:00', '2024-01-14 00:00:00');
INSERT INTO payments (id, booking_id, user_id, amount, currency, status, method, created_at, processed_at) VALUES ('6dfb60d1-dc51-45b3-9869-27d711e7229f', '2fc50c06-4d10-4a70-b4e4-b1b0dd78ac09', 'D4E5F6G7-H8I9-0123-DEFG-456789012345', 4720000.0, 'VND', 'SUCCEEDED', 'VNPAY', '2024-01-14 00:00:00', '2024-01-14 00:00:00');
INSERT INTO reviews (id, vehicle_id, booking_id, reviewer_id, owner_id, rating, cleanliness, accuracy, communication, value_rating, comment, created_at, updated_at) VALUES ('b31e480b-367c-416c-9d70-0e833e441962', 'V1A2B3C4-D5E6-7890-VHCL-111111111111', '2fc50c06-4d10-4a70-b4e4-b1b0dd78ac09', 'D4E5F6G7-H8I9-0123-DEFG-456789012345', 'E5F6G7H8-I9J0-1234-EFGH-567890123456', 4, 4, 4, 4, 4, N'Trải nghiệm tuyệt vời!', '2024-01-29 00:00:00', '2024-01-29 00:00:00');
INSERT INTO bookings (id, vehicle_id, renter_id, owner_id, status, start_date, end_date, total_days, base_price, price_per_day, service_fee, taxes, total, deposit, created_at, updated_at) VALUES ('6359a521-b6e6-4450-b49c-c438708f0274', 'V1A2B3C4-D5E6-7890-VHCL-111111111111', 'C3D4E5F6-G7H8-9012-CDEF-345678901234', 'E5F6G7H8-I9J0-1234-EFGH-567890123456', 'COMPLETED', '2023-10-18', '2023-10-21', 3, 2400000, 800000, 240000.0, 192000.0, 2832000.0, 3000000, '2023-10-08 00:00:00', '2023-10-08 00:00:00');
INSERT INTO payments (id, booking_id, user_id, amount, currency, status, method, created_at, processed_at) VALUES ('ce247dc9-191c-4e9c-9158-b9062b79be8d', '6359a521-b6e6-4450-b49c-c438708f0274', 'C3D4E5F6-G7H8-9012-CDEF-345678901234', 2832000.0, 'VND', 'SUCCEEDED', 'VNPAY', '2023-10-08 00:00:00', '2023-10-08 00:00:00');
INSERT INTO reviews (id, vehicle_id, booking_id, reviewer_id, owner_id, rating, cleanliness, accuracy, communication, value_rating, comment, created_at, updated_at) VALUES ('943acff9-a25f-45db-881e-30599924d608', 'V1A2B3C4-D5E6-7890-VHCL-111111111111', '6359a521-b6e6-4450-b49c-c438708f0274', 'C3D4E5F6-G7H8-9012-CDEF-345678901234', 'E5F6G7H8-I9J0-1234-EFGH-567890123456', 5, 5, 5, 5, 5, N'Trải nghiệm tuyệt vời!', '2023-10-21 00:00:00', '2023-10-21 00:00:00');
INSERT INTO bookings (id, vehicle_id, renter_id, owner_id, status, start_date, end_date, total_days, base_price, price_per_day, service_fee, taxes, total, deposit, created_at, updated_at) VALUES ('558a7ce3-cc8b-41ad-a3a4-75faf41eeda1', 'V1A2B3C4-D5E6-7890-VHCL-111111111111', 'D4E5F6G7-H8I9-0123-DEFG-456789012345', 'E5F6G7H8-I9J0-1234-EFGH-567890123456', 'COMPLETED', '2024-02-05', '2024-02-15', 10, 8000000, 800000, 800000.0, 640000.0, 9440000.0, 3000000, '2024-01-30 00:00:00', '2024-01-30 00:00:00');
INSERT INTO payments (id, booking_id, user_id, amount, currency, status, method, created_at, processed_at) VALUES ('5098cbaa-4be3-4aaa-bc5f-428fc88ffd66', '558a7ce3-cc8b-41ad-a3a4-75faf41eeda1', 'D4E5F6G7-H8I9-0123-DEFG-456789012345', 9440000.0, 'VND', 'SUCCEEDED', 'VNPAY', '2024-01-30 00:00:00', '2024-01-30 00:00:00');
INSERT INTO reviews (id, vehicle_id, booking_id, reviewer_id, owner_id, rating, cleanliness, accuracy, communication, value_rating, comment, created_at, updated_at) VALUES ('9a5f0200-2e55-4acc-b71c-15be54d303c6', 'V1A2B3C4-D5E6-7890-VHCL-111111111111', '558a7ce3-cc8b-41ad-a3a4-75faf41eeda1', 'D4E5F6G7-H8I9-0123-DEFG-456789012345', 'E5F6G7H8-I9J0-1234-EFGH-567890123456', 4, 4, 4, 4, 4, N'Trải nghiệm tuyệt vời!', '2024-02-15 00:00:00', '2024-02-15 00:00:00');
INSERT INTO bookings (id, vehicle_id, renter_id, owner_id, status, start_date, end_date, total_days, base_price, price_per_day, service_fee, taxes, total, deposit, created_at, updated_at) VALUES ('1c34dd1d-3ffe-4523-bdac-06d01e9afe89', 'V1A2B3C4-D5E6-7890-VHCL-111111111111', 'C3D4E5F6-G7H8-9012-CDEF-345678901234', 'E5F6G7H8-I9J0-1234-EFGH-567890123456', 'COMPLETED', '2023-08-18', '2023-08-25', 7, 5600000, 800000, 560000.0, 448000.0, 6608000.0, 3000000, '2023-08-08 00:00:00', '2023-08-08 00:00:00');
INSERT INTO payments (id, booking_id, user_id, amount, currency, status, method, created_at, processed_at) VALUES ('528e3c1f-f6a2-4e80-b073-d5bb0865c48a', '1c34dd1d-3ffe-4523-bdac-06d01e9afe89', 'C3D4E5F6-G7H8-9012-CDEF-345678901234', 6608000.0, 'VND', 'SUCCEEDED', 'VNPAY', '2023-08-08 00:00:00', '2023-08-08 00:00:00');
INSERT INTO reviews (id, vehicle_id, booking_id, reviewer_id, owner_id, rating, cleanliness, accuracy, communication, value_rating, comment, created_at, updated_at) VALUES ('222f86bd-631b-40da-97a9-250a2bd8e790', 'V1A2B3C4-D5E6-7890-VHCL-111111111111', '1c34dd1d-3ffe-4523-bdac-06d01e9afe89', 'C3D4E5F6-G7H8-9012-CDEF-345678901234', 'E5F6G7H8-I9J0-1234-EFGH-567890123456', 3, 3, 3, 3, 3, N'Trải nghiệm tuyệt vời!', '2023-08-25 00:00:00', '2023-08-25 00:00:00');
INSERT INTO bookings (id, vehicle_id, renter_id, owner_id, status, start_date, end_date, total_days, base_price, price_per_day, service_fee, taxes, total, deposit, created_at, updated_at) VALUES ('2489cd2a-120d-4b7e-a5c2-400a85960437', 'V1A2B3C4-D5E6-7890-VHCL-111111111111', 'C3D4E5F6-G7H8-9012-CDEF-345678901234', 'E5F6G7H8-I9J0-1234-EFGH-567890123456', 'CANCELLED', '2023-03-13', '2023-03-14', 1, 800000, 800000, 80000.0, 64000.0, 944000.0, 3000000, '2023-03-05 00:00:00', '2023-03-05 00:00:00');
INSERT INTO payments (id, booking_id, user_id, amount, currency, status, method, created_at, processed_at) VALUES ('61f9e64c-de6e-45c5-a332-723a70369963', '2489cd2a-120d-4b7e-a5c2-400a85960437', 'C3D4E5F6-G7H8-9012-CDEF-345678901234', 944000.0, 'VND', 'REFUNDED', 'VNPAY', '2023-03-05 00:00:00', '2023-03-05 00:00:00');
INSERT INTO bookings (id, vehicle_id, renter_id, owner_id, status, start_date, end_date, total_days, base_price, price_per_day, service_fee, taxes, total, deposit, created_at, updated_at) VALUES ('f9f01928-659d-4bbd-8911-456f9e28edc7', 'V1A2B3C4-D5E6-7890-VHCL-111111111111', 'D4E5F6G7-H8I9-0123-DEFG-456789012345', 'E5F6G7H8-I9J0-1234-EFGH-567890123456', 'COMPLETED', '2023-09-15', '2023-09-17', 2, 1600000, 800000, 160000.0, 128000.0, 1888000.0, 3000000, '2023-09-01 00:00:00', '2023-09-01 00:00:00');
INSERT INTO payments (id, booking_id, user_id, amount, currency, status, method, created_at, processed_at) VALUES ('ae41d88d-e3f1-4f69-923b-08780907db4f', 'f9f01928-659d-4bbd-8911-456f9e28edc7', 'D4E5F6G7-H8I9-0123-DEFG-456789012345', 1888000.0, 'VND', 'SUCCEEDED', 'VNPAY', '2023-09-01 00:00:00', '2023-09-01 00:00:00');
INSERT INTO reviews (id, vehicle_id, booking_id, reviewer_id, owner_id, rating, cleanliness, accuracy, communication, value_rating, comment, created_at, updated_at) VALUES ('bdfdf0c5-e4b4-427b-bf7b-5dadc53c7e1c', 'V1A2B3C4-D5E6-7890-VHCL-111111111111', 'f9f01928-659d-4bbd-8911-456f9e28edc7', 'D4E5F6G7-H8I9-0123-DEFG-456789012345', 'E5F6G7H8-I9J0-1234-EFGH-567890123456', 3, 3, 3, 3, 3, N'Trải nghiệm tuyệt vời!', '2023-09-17 00:00:00', '2023-09-17 00:00:00');
INSERT INTO bookings (id, vehicle_id, renter_id, owner_id, status, start_date, end_date, total_days, base_price, price_per_day, service_fee, taxes, total, deposit, created_at, updated_at) VALUES ('6af0844f-2bc0-4cea-be92-a7fe3cf48d1a', 'V1A2B3C4-D5E6-7890-VHCL-111111111111', 'D4E5F6G7-H8I9-0123-DEFG-456789012345', 'E5F6G7H8-I9J0-1234-EFGH-567890123456', 'COMPLETED', '2024-05-20', '2024-05-23', 3, 2400000, 800000, 240000.0, 192000.0, 2832000.0, 3000000, '2024-05-08 00:00:00', '2024-05-08 00:00:00');
INSERT INTO payments (id, booking_id, user_id, amount, currency, status, method, created_at, processed_at) VALUES ('2223084f-0fa2-4a76-8345-4344135171d8', '6af0844f-2bc0-4cea-be92-a7fe3cf48d1a', 'D4E5F6G7-H8I9-0123-DEFG-456789012345', 2832000.0, 'VND', 'SUCCEEDED', 'VNPAY', '2024-05-08 00:00:00', '2024-05-08 00:00:00');
INSERT INTO reviews (id, vehicle_id, booking_id, reviewer_id, owner_id, rating, cleanliness, accuracy, communication, value_rating, comment, created_at, updated_at) VALUES ('6c4fb91b-f64d-41e2-b87d-93f1fbc2fe87', 'V1A2B3C4-D5E6-7890-VHCL-111111111111', '6af0844f-2bc0-4cea-be92-a7fe3cf48d1a', 'D4E5F6G7-H8I9-0123-DEFG-456789012345', 'E5F6G7H8-I9J0-1234-EFGH-567890123456', 4, 4, 4, 4, 4, N'Trải nghiệm tuyệt vời!', '2024-05-23 00:00:00', '2024-05-23 00:00:00');
INSERT INTO bookings (id, vehicle_id, renter_id, owner_id, status, start_date, end_date, total_days, base_price, price_per_day, service_fee, taxes, total, deposit, created_at, updated_at) VALUES ('7df68c16-9592-462b-845f-8b2e28a3c55d', 'V1A2B3C4-D5E6-7890-VHCL-111111111111', 'C3D4E5F6-G7H8-9012-CDEF-345678901234', 'E5F6G7H8-I9J0-1234-EFGH-567890123456', 'COMPLETED', '2023-12-17', '2023-12-18', 1, 800000, 800000, 80000.0, 64000.0, 944000.0, 3000000, '2023-12-14 00:00:00', '2023-12-14 00:00:00');
INSERT INTO payments (id, booking_id, user_id, amount, currency, status, method, created_at, processed_at) VALUES ('aa10f4a7-f262-4e11-9ceb-3671943aa213', '7df68c16-9592-462b-845f-8b2e28a3c55d', 'C3D4E5F6-G7H8-9012-CDEF-345678901234', 944000.0, 'VND', 'SUCCEEDED', 'VNPAY', '2023-12-14 00:00:00', '2023-12-14 00:00:00');
INSERT INTO reviews (id, vehicle_id, booking_id, reviewer_id, owner_id, rating, cleanliness, accuracy, communication, value_rating, comment, created_at, updated_at) VALUES ('36145d77-7540-4abf-be52-2263ff73501b', 'V1A2B3C4-D5E6-7890-VHCL-111111111111', '7df68c16-9592-462b-845f-8b2e28a3c55d', 'C3D4E5F6-G7H8-9012-CDEF-345678901234', 'E5F6G7H8-I9J0-1234-EFGH-567890123456', 3, 3, 3, 3, 3, N'Trải nghiệm tuyệt vời!', '2023-12-18 00:00:00', '2023-12-18 00:00:00');
INSERT INTO bookings (id, vehicle_id, renter_id, owner_id, status, start_date, end_date, total_days, base_price, price_per_day, service_fee, taxes, total, deposit, created_at, updated_at) VALUES ('3553725b-e6df-4dbe-bf58-c53ae89af087', 'V1A2B3C4-D5E6-7890-VHCL-111111111111', 'B2C3D4E5-F6G7-8901-BCDE-234567890123', 'E5F6G7H8-I9J0-1234-EFGH-567890123456', 'COMPLETED', '2023-02-12', '2023-02-22', 10, 8000000, 800000, 800000.0, 640000.0, 9440000.0, 3000000, '2023-02-10 00:00:00', '2023-02-10 00:00:00');
INSERT INTO payments (id, booking_id, user_id, amount, currency, status, method, created_at, processed_at) VALUES ('e3641ebf-9950-4807-96a0-ae3b796f0370', '3553725b-e6df-4dbe-bf58-c53ae89af087', 'B2C3D4E5-F6G7-8901-BCDE-234567890123', 9440000.0, 'VND', 'SUCCEEDED', 'VNPAY', '2023-02-10 00:00:00', '2023-02-10 00:00:00');
INSERT INTO reviews (id, vehicle_id, booking_id, reviewer_id, owner_id, rating, cleanliness, accuracy, communication, value_rating, comment, created_at, updated_at) VALUES ('31b1e29b-648e-430a-84bb-b21e3ed9aa47', 'V1A2B3C4-D5E6-7890-VHCL-111111111111', '3553725b-e6df-4dbe-bf58-c53ae89af087', 'B2C3D4E5-F6G7-8901-BCDE-234567890123', 'E5F6G7H8-I9J0-1234-EFGH-567890123456', 3, 3, 3, 3, 3, N'Trải nghiệm tuyệt vời!', '2023-02-22 00:00:00', '2023-02-22 00:00:00');
INSERT INTO bookings (id, vehicle_id, renter_id, owner_id, status, start_date, end_date, total_days, base_price, price_per_day, service_fee, taxes, total, deposit, created_at, updated_at) VALUES ('41d0f9ca-8dfe-49ae-ba08-0e3c2a3bf404', 'V1A2B3C4-D5E6-7890-VHCL-111111111111', 'D4E5F6G7-H8I9-0123-DEFG-456789012345', 'E5F6G7H8-I9J0-1234-EFGH-567890123456', 'COMPLETED', '2023-06-10', '2023-06-20', 10, 8000000, 800000, 800000.0, 640000.0, 9440000.0, 3000000, '2023-06-08 00:00:00', '2023-06-08 00:00:00');
INSERT INTO payments (id, booking_id, user_id, amount, currency, status, method, created_at, processed_at) VALUES ('507948ae-27bf-487f-9c90-fb8c17fe38b4', '41d0f9ca-8dfe-49ae-ba08-0e3c2a3bf404', 'D4E5F6G7-H8I9-0123-DEFG-456789012345', 9440000.0, 'VND', 'SUCCEEDED', 'VNPAY', '2023-06-08 00:00:00', '2023-06-08 00:00:00');
INSERT INTO reviews (id, vehicle_id, booking_id, reviewer_id, owner_id, rating, cleanliness, accuracy, communication, value_rating, comment, created_at, updated_at) VALUES ('863d41cc-49b0-4c8c-9f51-6b6dcaecfa23', 'V1A2B3C4-D5E6-7890-VHCL-111111111111', '41d0f9ca-8dfe-49ae-ba08-0e3c2a3bf404', 'D4E5F6G7-H8I9-0123-DEFG-456789012345', 'E5F6G7H8-I9J0-1234-EFGH-567890123456', 3, 3, 3, 3, 3, N'Trải nghiệm tuyệt vời!', '2023-06-20 00:00:00', '2023-06-20 00:00:00');
INSERT INTO bookings (id, vehicle_id, renter_id, owner_id, status, start_date, end_date, total_days, base_price, price_per_day, service_fee, taxes, total, deposit, created_at, updated_at) VALUES ('ad1ffa50-07f4-4c4a-947f-ee975b3b838b', 'V1A2B3C4-D5E6-7890-VHCL-111111111111', 'C3D4E5F6-G7H8-9012-CDEF-345678901234', 'E5F6G7H8-I9J0-1234-EFGH-567890123456', 'COMPLETED', '2023-04-22', '2023-05-02', 10, 8000000, 800000, 800000.0, 640000.0, 9440000.0, 3000000, '2023-04-12 00:00:00', '2023-04-12 00:00:00');
INSERT INTO payments (id, booking_id, user_id, amount, currency, status, method, created_at, processed_at) VALUES ('7f58f62c-4ded-43ad-8be4-ebc78d725466', 'ad1ffa50-07f4-4c4a-947f-ee975b3b838b', 'C3D4E5F6-G7H8-9012-CDEF-345678901234', 9440000.0, 'VND', 'SUCCEEDED', 'VNPAY', '2023-04-12 00:00:00', '2023-04-12 00:00:00');
INSERT INTO reviews (id, vehicle_id, booking_id, reviewer_id, owner_id, rating, cleanliness, accuracy, communication, value_rating, comment, created_at, updated_at) VALUES ('3a94bb4e-4f08-45f8-974d-3a66c4bf18fd', 'V1A2B3C4-D5E6-7890-VHCL-111111111111', 'ad1ffa50-07f4-4c4a-947f-ee975b3b838b', 'C3D4E5F6-G7H8-9012-CDEF-345678901234', 'E5F6G7H8-I9J0-1234-EFGH-567890123456', 4, 4, 4, 4, 4, N'Trải nghiệm tuyệt vời!', '2023-05-02 00:00:00', '2023-05-02 00:00:00');
INSERT INTO bookings (id, vehicle_id, renter_id, owner_id, status, start_date, end_date, total_days, base_price, price_per_day, service_fee, taxes, total, deposit, created_at, updated_at) VALUES ('f58a8827-5676-42a0-9e6c-d58e3b80567e', 'V1A2B3C4-D5E6-7890-VHCL-111111111111', 'B2C3D4E5-F6G7-8901-BCDE-234567890123', 'E5F6G7H8-I9J0-1234-EFGH-567890123456', 'COMPLETED', '2023-11-30', '2023-12-03', 3, 2400000, 800000, 240000.0, 192000.0, 2832000.0, 3000000, '2023-11-27 00:00:00', '2023-11-27 00:00:00');
INSERT INTO payments (id, booking_id, user_id, amount, currency, status, method, created_at, processed_at) VALUES ('e4a986ad-bc25-4a04-8e0a-5383d24ccc03', 'f58a8827-5676-42a0-9e6c-d58e3b80567e', 'B2C3D4E5-F6G7-8901-BCDE-234567890123', 2832000.0, 'VND', 'SUCCEEDED', 'VNPAY', '2023-11-27 00:00:00', '2023-11-27 00:00:00');
INSERT INTO reviews (id, vehicle_id, booking_id, reviewer_id, owner_id, rating, cleanliness, accuracy, communication, value_rating, comment, created_at, updated_at) VALUES ('389e7ca9-67bc-46b2-9d5d-7530cf440c71', 'V1A2B3C4-D5E6-7890-VHCL-111111111111', 'f58a8827-5676-42a0-9e6c-d58e3b80567e', 'B2C3D4E5-F6G7-8901-BCDE-234567890123', 'E5F6G7H8-I9J0-1234-EFGH-567890123456', 3, 3, 3, 3, 3, N'Trải nghiệm tuyệt vời!', '2023-12-03 00:00:00', '2023-12-03 00:00:00');
INSERT INTO bookings (id, vehicle_id, renter_id, owner_id, status, start_date, end_date, total_days, base_price, price_per_day, service_fee, taxes, total, deposit, created_at, updated_at) VALUES ('4ef949e6-9e55-4bd9-baec-582d1ef32859', 'V1A2B3C4-D5E6-7890-VHCL-111111111111', 'D4E5F6G7-H8I9-0123-DEFG-456789012345', 'E5F6G7H8-I9J0-1234-EFGH-567890123456', 'COMPLETED', '2023-12-11', '2023-12-17', 6, 4800000, 800000, 480000.0, 384000.0, 5664000.0, 3000000, '2023-11-30 00:00:00', '2023-11-30 00:00:00');
INSERT INTO payments (id, booking_id, user_id, amount, currency, status, method, created_at, processed_at) VALUES ('1ca729ca-a6b4-4933-9241-aad13980e37a', '4ef949e6-9e55-4bd9-baec-582d1ef32859', 'D4E5F6G7-H8I9-0123-DEFG-456789012345', 5664000.0, 'VND', 'SUCCEEDED', 'VNPAY', '2023-11-30 00:00:00', '2023-11-30 00:00:00');
INSERT INTO reviews (id, vehicle_id, booking_id, reviewer_id, owner_id, rating, cleanliness, accuracy, communication, value_rating, comment, created_at, updated_at) VALUES ('95b892b1-6d2d-4568-ad55-ed29e82553f6', 'V1A2B3C4-D5E6-7890-VHCL-111111111111', '4ef949e6-9e55-4bd9-baec-582d1ef32859', 'D4E5F6G7-H8I9-0123-DEFG-456789012345', 'E5F6G7H8-I9J0-1234-EFGH-567890123456', 3, 3, 3, 3, 3, N'Trải nghiệm tuyệt vời!', '2023-12-17 00:00:00', '2023-12-17 00:00:00');
INSERT INTO bookings (id, vehicle_id, renter_id, owner_id, status, start_date, end_date, total_days, base_price, price_per_day, service_fee, taxes, total, deposit, created_at, updated_at) VALUES ('0f424763-c815-404a-8c99-5f09ed033a6b', 'V1A2B3C4-D5E6-7890-VHCL-111111111111', 'B2C3D4E5-F6G7-8901-BCDE-234567890123', 'E5F6G7H8-I9J0-1234-EFGH-567890123456', 'COMPLETED', '2024-02-01', '2024-02-11', 10, 8000000, 800000, 800000.0, 640000.0, 9440000.0, 3000000, '2024-01-22 00:00:00', '2024-01-22 00:00:00');
INSERT INTO payments (id, booking_id, user_id, amount, currency, status, method, created_at, processed_at) VALUES ('02881b13-19e4-46e9-868f-a8150c2f36db', '0f424763-c815-404a-8c99-5f09ed033a6b', 'B2C3D4E5-F6G7-8901-BCDE-234567890123', 9440000.0, 'VND', 'SUCCEEDED', 'VNPAY', '2024-01-22 00:00:00', '2024-01-22 00:00:00');
INSERT INTO reviews (id, vehicle_id, booking_id, reviewer_id, owner_id, rating, cleanliness, accuracy, communication, value_rating, comment, created_at, updated_at) VALUES ('2e892424-2675-4019-be41-294ae4396526', 'V1A2B3C4-D5E6-7890-VHCL-111111111111', '0f424763-c815-404a-8c99-5f09ed033a6b', 'B2C3D4E5-F6G7-8901-BCDE-234567890123', 'E5F6G7H8-I9J0-1234-EFGH-567890123456', 5, 5, 5, 5, 5, N'Trải nghiệm tuyệt vời!', '2024-02-11 00:00:00', '2024-02-11 00:00:00');
INSERT INTO bookings (id, vehicle_id, renter_id, owner_id, status, start_date, end_date, total_days, base_price, price_per_day, service_fee, taxes, total, deposit, created_at, updated_at) VALUES ('4c587477-eeb2-4843-8951-0f7d626529d1', 'V1A2B3C4-D5E6-7890-VHCL-111111111111', 'C3D4E5F6-G7H8-9012-CDEF-345678901234', 'E5F6G7H8-I9J0-1234-EFGH-567890123456', 'CANCELLED', '2024-02-29', '2024-03-08', 8, 6400000, 800000, 640000.0, 512000.0, 7552000.0, 3000000, '2024-02-25 00:00:00', '2024-02-25 00:00:00');
INSERT INTO payments (id, booking_id, user_id, amount, currency, status, method, created_at, processed_at) VALUES ('a0703e50-91cc-4172-97d2-63458787754b', '4c587477-eeb2-4843-8951-0f7d626529d1', 'C3D4E5F6-G7H8-9012-CDEF-345678901234', 7552000.0, 'VND', 'REFUNDED', 'VNPAY', '2024-02-25 00:00:00', '2024-02-25 00:00:00');
INSERT INTO bookings (id, vehicle_id, renter_id, owner_id, status, start_date, end_date, total_days, base_price, price_per_day, service_fee, taxes, total, deposit, created_at, updated_at) VALUES ('7f64defd-c5e6-40f3-935a-f5d9e412e4dd', 'V1A2B3C4-D5E6-7890-VHCL-111111111111', 'C3D4E5F6-G7H8-9012-CDEF-345678901234', 'E5F6G7H8-I9J0-1234-EFGH-567890123456', 'COMPLETED', '2024-05-12', '2024-05-13', 1, 800000, 800000, 80000.0, 64000.0, 944000.0, 3000000, '2024-05-08 00:00:00', '2024-05-08 00:00:00');
INSERT INTO payments (id, booking_id, user_id, amount, currency, status, method, created_at, processed_at) VALUES ('ad6e49a7-6825-4f06-9c8f-a31eb251a790', '7f64defd-c5e6-40f3-935a-f5d9e412e4dd', 'C3D4E5F6-G7H8-9012-CDEF-345678901234', 944000.0, 'VND', 'SUCCEEDED', 'VNPAY', '2024-05-08 00:00:00', '2024-05-08 00:00:00');
INSERT INTO reviews (id, vehicle_id, booking_id, reviewer_id, owner_id, rating, cleanliness, accuracy, communication, value_rating, comment, created_at, updated_at) VALUES ('37e4bcff-da39-4265-84db-41f26b0b5bd8', 'V1A2B3C4-D5E6-7890-VHCL-111111111111', '7f64defd-c5e6-40f3-935a-f5d9e412e4dd', 'C3D4E5F6-G7H8-9012-CDEF-345678901234', 'E5F6G7H8-I9J0-1234-EFGH-567890123456', 5, 5, 5, 5, 5, N'Trải nghiệm tuyệt vời!', '2024-05-13 00:00:00', '2024-05-13 00:00:00');
INSERT INTO bookings (id, vehicle_id, renter_id, owner_id, status, start_date, end_date, total_days, base_price, price_per_day, service_fee, taxes, total, deposit, created_at, updated_at) VALUES ('4c3f8cfc-d05d-4cba-b657-7cfadc42b7fe', 'V1A2B3C4-D5E6-7890-VHCL-111111111111', 'D4E5F6G7-H8I9-0123-DEFG-456789012345', 'E5F6G7H8-I9J0-1234-EFGH-567890123456', 'COMPLETED', '2023-09-18', '2023-09-19', 1, 800000, 800000, 80000.0, 64000.0, 944000.0, 3000000, '2023-09-12 00:00:00', '2023-09-12 00:00:00');
INSERT INTO payments (id, booking_id, user_id, amount, currency, status, method, created_at, processed_at) VALUES ('86bed8ee-124c-4709-bd97-be1ea81d4de6', '4c3f8cfc-d05d-4cba-b657-7cfadc42b7fe', 'D4E5F6G7-H8I9-0123-DEFG-456789012345', 944000.0, 'VND', 'SUCCEEDED', 'VNPAY', '2023-09-12 00:00:00', '2023-09-12 00:00:00');
INSERT INTO reviews (id, vehicle_id, booking_id, reviewer_id, owner_id, rating, cleanliness, accuracy, communication, value_rating, comment, created_at, updated_at) VALUES ('adff1f81-9b7d-4af4-bb5a-97d71f1fb2cb', 'V1A2B3C4-D5E6-7890-VHCL-111111111111', '4c3f8cfc-d05d-4cba-b657-7cfadc42b7fe', 'D4E5F6G7-H8I9-0123-DEFG-456789012345', 'E5F6G7H8-I9J0-1234-EFGH-567890123456', 5, 5, 5, 5, 5, N'Trải nghiệm tuyệt vời!', '2023-09-19 00:00:00', '2023-09-19 00:00:00');
INSERT INTO bookings (id, vehicle_id, renter_id, owner_id, status, start_date, end_date, total_days, base_price, price_per_day, service_fee, taxes, total, deposit, created_at, updated_at) VALUES ('8f2c85e5-0f1b-440a-845b-2d4ac704ba6b', 'V1A2B3C4-D5E6-7890-VHCL-111111111111', 'B2C3D4E5-F6G7-8901-BCDE-234567890123', 'E5F6G7H8-I9J0-1234-EFGH-567890123456', 'COMPLETED', '2023-01-12', '2023-01-16', 4, 3200000, 800000, 320000.0, 256000.0, 3776000.0, 3000000, '2022-12-29 00:00:00', '2022-12-29 00:00:00');
INSERT INTO payments (id, booking_id, user_id, amount, currency, status, method, created_at, processed_at) VALUES ('3ddce875-bba2-4813-be27-a890f9e97f29', '8f2c85e5-0f1b-440a-845b-2d4ac704ba6b', 'B2C3D4E5-F6G7-8901-BCDE-234567890123', 3776000.0, 'VND', 'SUCCEEDED', 'VNPAY', '2022-12-29 00:00:00', '2022-12-29 00:00:00');
INSERT INTO reviews (id, vehicle_id, booking_id, reviewer_id, owner_id, rating, cleanliness, accuracy, communication, value_rating, comment, created_at, updated_at) VALUES ('a080b50f-5a2b-4e12-b999-46fddd7fdb29', 'V1A2B3C4-D5E6-7890-VHCL-111111111111', '8f2c85e5-0f1b-440a-845b-2d4ac704ba6b', 'B2C3D4E5-F6G7-8901-BCDE-234567890123', 'E5F6G7H8-I9J0-1234-EFGH-567890123456', 4, 4, 4, 4, 4, N'Trải nghiệm tuyệt vời!', '2023-01-16 00:00:00', '2023-01-16 00:00:00');
INSERT INTO bookings (id, vehicle_id, renter_id, owner_id, status, start_date, end_date, total_days, base_price, price_per_day, service_fee, taxes, total, deposit, created_at, updated_at) VALUES ('b2f37667-98dc-469e-85d1-6cf95db7a488', 'V1A2B3C4-D5E6-7890-VHCL-111111111111', 'B2C3D4E5-F6G7-8901-BCDE-234567890123', 'E5F6G7H8-I9J0-1234-EFGH-567890123456', 'COMPLETED', '2023-07-21', '2023-07-24', 3, 2400000, 800000, 240000.0, 192000.0, 2832000.0, 3000000, '2023-07-16 00:00:00', '2023-07-16 00:00:00');
INSERT INTO payments (id, booking_id, user_id, amount, currency, status, method, created_at, processed_at) VALUES ('5e54ab8f-1645-4aee-a073-a62af315463a', 'b2f37667-98dc-469e-85d1-6cf95db7a488', 'B2C3D4E5-F6G7-8901-BCDE-234567890123', 2832000.0, 'VND', 'SUCCEEDED', 'VNPAY', '2023-07-16 00:00:00', '2023-07-16 00:00:00');
INSERT INTO reviews (id, vehicle_id, booking_id, reviewer_id, owner_id, rating, cleanliness, accuracy, communication, value_rating, comment, created_at, updated_at) VALUES ('97049f27-b348-4e13-b555-7662455f9907', 'V1A2B3C4-D5E6-7890-VHCL-111111111111', 'b2f37667-98dc-469e-85d1-6cf95db7a488', 'B2C3D4E5-F6G7-8901-BCDE-234567890123', 'E5F6G7H8-I9J0-1234-EFGH-567890123456', 4, 4, 4, 4, 4, N'Trải nghiệm tuyệt vời!', '2023-07-24 00:00:00', '2023-07-24 00:00:00');
INSERT INTO bookings (id, vehicle_id, renter_id, owner_id, status, start_date, end_date, total_days, base_price, price_per_day, service_fee, taxes, total, deposit, created_at, updated_at) VALUES ('4232acf4-ddc2-4cae-b276-b0dc2f72a824', 'V1A2B3C4-D5E6-7890-VHCL-111111111111', 'B2C3D4E5-F6G7-8901-BCDE-234567890123', 'E5F6G7H8-I9J0-1234-EFGH-567890123456', 'COMPLETED', '2023-06-16', '2023-06-21', 5, 4000000, 800000, 400000.0, 320000.0, 4720000.0, 3000000, '2023-06-10 00:00:00', '2023-06-10 00:00:00');
INSERT INTO payments (id, booking_id, user_id, amount, currency, status, method, created_at, processed_at) VALUES ('85108ab6-c7aa-40a4-b967-7f19b0555ed7', '4232acf4-ddc2-4cae-b276-b0dc2f72a824', 'B2C3D4E5-F6G7-8901-BCDE-234567890123', 4720000.0, 'VND', 'SUCCEEDED', 'VNPAY', '2023-06-10 00:00:00', '2023-06-10 00:00:00');
INSERT INTO reviews (id, vehicle_id, booking_id, reviewer_id, owner_id, rating, cleanliness, accuracy, communication, value_rating, comment, created_at, updated_at) VALUES ('25511c32-fd11-43a0-912a-dbbaeb9dbb78', 'V1A2B3C4-D5E6-7890-VHCL-111111111111', '4232acf4-ddc2-4cae-b276-b0dc2f72a824', 'B2C3D4E5-F6G7-8901-BCDE-234567890123', 'E5F6G7H8-I9J0-1234-EFGH-567890123456', 4, 4, 4, 4, 4, N'Trải nghiệm tuyệt vời!', '2023-06-21 00:00:00', '2023-06-21 00:00:00');
INSERT INTO bookings (id, vehicle_id, renter_id, owner_id, status, start_date, end_date, total_days, base_price, price_per_day, service_fee, taxes, total, deposit, created_at, updated_at) VALUES ('379d1994-3613-4b5e-82ca-f66488aa157a', 'V1A2B3C4-D5E6-7890-VHCL-111111111111', 'B2C3D4E5-F6G7-8901-BCDE-234567890123', 'E5F6G7H8-I9J0-1234-EFGH-567890123456', 'COMPLETED', '2023-11-15', '2023-11-18', 3, 2400000, 800000, 240000.0, 192000.0, 2832000.0, 3000000, '2023-11-04 00:00:00', '2023-11-04 00:00:00');
INSERT INTO payments (id, booking_id, user_id, amount, currency, status, method, created_at, processed_at) VALUES ('764c5b1d-418c-4ebe-8197-a40da8b86c30', '379d1994-3613-4b5e-82ca-f66488aa157a', 'B2C3D4E5-F6G7-8901-BCDE-234567890123', 2832000.0, 'VND', 'SUCCEEDED', 'VNPAY', '2023-11-04 00:00:00', '2023-11-04 00:00:00');
INSERT INTO reviews (id, vehicle_id, booking_id, reviewer_id, owner_id, rating, cleanliness, accuracy, communication, value_rating, comment, created_at, updated_at) VALUES ('cdc3c9bb-cea2-4bf0-ac29-162b2371e127', 'V1A2B3C4-D5E6-7890-VHCL-111111111111', '379d1994-3613-4b5e-82ca-f66488aa157a', 'B2C3D4E5-F6G7-8901-BCDE-234567890123', 'E5F6G7H8-I9J0-1234-EFGH-567890123456', 3, 3, 3, 3, 3, N'Trải nghiệm tuyệt vời!', '2023-11-18 00:00:00', '2023-11-18 00:00:00');
INSERT INTO bookings (id, vehicle_id, renter_id, owner_id, status, start_date, end_date, total_days, base_price, price_per_day, service_fee, taxes, total, deposit, created_at, updated_at) VALUES ('38dee531-fada-4015-aece-852405f912c0', 'V1A2B3C4-D5E6-7890-VHCL-111111111111', 'D4E5F6G7-H8I9-0123-DEFG-456789012345', 'E5F6G7H8-I9J0-1234-EFGH-567890123456', 'COMPLETED', '2023-03-17', '2023-03-24', 7, 5600000, 800000, 560000.0, 448000.0, 6608000.0, 3000000, '2023-03-11 00:00:00', '2023-03-11 00:00:00');
INSERT INTO payments (id, booking_id, user_id, amount, currency, status, method, created_at, processed_at) VALUES ('1814f428-22ee-43c5-a3ae-bc0a24ff4503', '38dee531-fada-4015-aece-852405f912c0', 'D4E5F6G7-H8I9-0123-DEFG-456789012345', 6608000.0, 'VND', 'SUCCEEDED', 'VNPAY', '2023-03-11 00:00:00', '2023-03-11 00:00:00');
INSERT INTO reviews (id, vehicle_id, booking_id, reviewer_id, owner_id, rating, cleanliness, accuracy, communication, value_rating, comment, created_at, updated_at) VALUES ('39581920-55bc-4efc-ae8f-3d1f5b2a6b84', 'V1A2B3C4-D5E6-7890-VHCL-111111111111', '38dee531-fada-4015-aece-852405f912c0', 'D4E5F6G7-H8I9-0123-DEFG-456789012345', 'E5F6G7H8-I9J0-1234-EFGH-567890123456', 5, 5, 5, 5, 5, N'Trải nghiệm tuyệt vời!', '2023-03-24 00:00:00', '2023-03-24 00:00:00');
INSERT INTO bookings (id, vehicle_id, renter_id, owner_id, status, start_date, end_date, total_days, base_price, price_per_day, service_fee, taxes, total, deposit, created_at, updated_at) VALUES ('742feec8-029e-48da-8d03-48a06b676de4', 'V1A2B3C4-D5E6-7890-VHCL-111111111111', 'D4E5F6G7-H8I9-0123-DEFG-456789012345', 'E5F6G7H8-I9J0-1234-EFGH-567890123456', 'COMPLETED', '2023-01-29', '2023-01-30', 1, 800000, 800000, 80000.0, 64000.0, 944000.0, 3000000, '2023-01-25 00:00:00', '2023-01-25 00:00:00');
INSERT INTO payments (id, booking_id, user_id, amount, currency, status, method, created_at, processed_at) VALUES ('8638f6ef-a3fd-4c7b-a744-810458dbd38f', '742feec8-029e-48da-8d03-48a06b676de4', 'D4E5F6G7-H8I9-0123-DEFG-456789012345', 944000.0, 'VND', 'SUCCEEDED', 'VNPAY', '2023-01-25 00:00:00', '2023-01-25 00:00:00');
INSERT INTO reviews (id, vehicle_id, booking_id, reviewer_id, owner_id, rating, cleanliness, accuracy, communication, value_rating, comment, created_at, updated_at) VALUES ('dfde8c96-bccb-4842-860a-3109154fbc45', 'V1A2B3C4-D5E6-7890-VHCL-111111111111', '742feec8-029e-48da-8d03-48a06b676de4', 'D4E5F6G7-H8I9-0123-DEFG-456789012345', 'E5F6G7H8-I9J0-1234-EFGH-567890123456', 4, 4, 4, 4, 4, N'Trải nghiệm tuyệt vời!', '2023-01-30 00:00:00', '2023-01-30 00:00:00');
INSERT INTO bookings (id, vehicle_id, renter_id, owner_id, status, start_date, end_date, total_days, base_price, price_per_day, service_fee, taxes, total, deposit, created_at, updated_at) VALUES ('1785a017-8fd7-433f-bc64-519187027aa1', 'V1A2B3C4-D5E6-7890-VHCL-111111111111', 'B2C3D4E5-F6G7-8901-BCDE-234567890123', 'E5F6G7H8-I9J0-1234-EFGH-567890123456', 'COMPLETED', '2023-09-06', '2023-09-15', 9, 7200000, 800000, 720000.0, 576000.0, 8496000.0, 3000000, '2023-08-25 00:00:00', '2023-08-25 00:00:00');
INSERT INTO payments (id, booking_id, user_id, amount, currency, status, method, created_at, processed_at) VALUES ('db0abb45-000a-45ee-b8de-147196ab198b', '1785a017-8fd7-433f-bc64-519187027aa1', 'B2C3D4E5-F6G7-8901-BCDE-234567890123', 8496000.0, 'VND', 'SUCCEEDED', 'VNPAY', '2023-08-25 00:00:00', '2023-08-25 00:00:00');
INSERT INTO reviews (id, vehicle_id, booking_id, reviewer_id, owner_id, rating, cleanliness, accuracy, communication, value_rating, comment, created_at, updated_at) VALUES ('1c0e7125-f928-41cc-9d11-f5f97bbe6792', 'V1A2B3C4-D5E6-7890-VHCL-111111111111', '1785a017-8fd7-433f-bc64-519187027aa1', 'B2C3D4E5-F6G7-8901-BCDE-234567890123', 'E5F6G7H8-I9J0-1234-EFGH-567890123456', 4, 4, 4, 4, 4, N'Trải nghiệm tuyệt vời!', '2023-09-15 00:00:00', '2023-09-15 00:00:00');
INSERT INTO bookings (id, vehicle_id, renter_id, owner_id, status, start_date, end_date, total_days, base_price, price_per_day, service_fee, taxes, total, deposit, created_at, updated_at) VALUES ('64b225c0-28e2-47d5-a85c-298563d69fd2', 'V1A2B3C4-D5E6-7890-VHCL-111111111111', 'D4E5F6G7-H8I9-0123-DEFG-456789012345', 'E5F6G7H8-I9J0-1234-EFGH-567890123456', 'COMPLETED', '2023-07-13', '2023-07-21', 8, 6400000, 800000, 640000.0, 512000.0, 7552000.0, 3000000, '2023-07-03 00:00:00', '2023-07-03 00:00:00');
INSERT INTO payments (id, booking_id, user_id, amount, currency, status, method, created_at, processed_at) VALUES ('447adeaa-2620-4994-8d14-1dda46c05958', '64b225c0-28e2-47d5-a85c-298563d69fd2', 'D4E5F6G7-H8I9-0123-DEFG-456789012345', 7552000.0, 'VND', 'SUCCEEDED', 'VNPAY', '2023-07-03 00:00:00', '2023-07-03 00:00:00');
INSERT INTO reviews (id, vehicle_id, booking_id, reviewer_id, owner_id, rating, cleanliness, accuracy, communication, value_rating, comment, created_at, updated_at) VALUES ('78db5381-e966-4ef6-96d7-8fea8e59206c', 'V1A2B3C4-D5E6-7890-VHCL-111111111111', '64b225c0-28e2-47d5-a85c-298563d69fd2', 'D4E5F6G7-H8I9-0123-DEFG-456789012345', 'E5F6G7H8-I9J0-1234-EFGH-567890123456', 5, 5, 5, 5, 5, N'Trải nghiệm tuyệt vời!', '2023-07-21 00:00:00', '2023-07-21 00:00:00');
INSERT INTO bookings (id, vehicle_id, renter_id, owner_id, status, start_date, end_date, total_days, base_price, price_per_day, service_fee, taxes, total, deposit, created_at, updated_at) VALUES ('b2bc93dc-58bf-45a6-a0fc-f7b853faa3dc', 'V1A2B3C4-D5E6-7890-VHCL-111111111111', 'D4E5F6G7-H8I9-0123-DEFG-456789012345', 'E5F6G7H8-I9J0-1234-EFGH-567890123456', 'COMPLETED', '2023-06-26', '2023-07-04', 8, 6400000, 800000, 640000.0, 512000.0, 7552000.0, 3000000, '2023-06-16 00:00:00', '2023-06-16 00:00:00');
INSERT INTO payments (id, booking_id, user_id, amount, currency, status, method, created_at, processed_at) VALUES ('3d12efc9-25f1-485c-91e9-6b309fa9e95e', 'b2bc93dc-58bf-45a6-a0fc-f7b853faa3dc', 'D4E5F6G7-H8I9-0123-DEFG-456789012345', 7552000.0, 'VND', 'SUCCEEDED', 'VNPAY', '2023-06-16 00:00:00', '2023-06-16 00:00:00');
INSERT INTO reviews (id, vehicle_id, booking_id, reviewer_id, owner_id, rating, cleanliness, accuracy, communication, value_rating, comment, created_at, updated_at) VALUES ('295b6ef6-9a60-4985-aec2-c404572a8e1b', 'V1A2B3C4-D5E6-7890-VHCL-111111111111', 'b2bc93dc-58bf-45a6-a0fc-f7b853faa3dc', 'D4E5F6G7-H8I9-0123-DEFG-456789012345', 'E5F6G7H8-I9J0-1234-EFGH-567890123456', 5, 5, 5, 5, 5, N'Trải nghiệm tuyệt vời!', '2023-07-04 00:00:00', '2023-07-04 00:00:00');
INSERT INTO bookings (id, vehicle_id, renter_id, owner_id, status, start_date, end_date, total_days, base_price, price_per_day, service_fee, taxes, total, deposit, created_at, updated_at) VALUES ('a1c6169f-c8f2-431f-9802-7653967d3ffe', 'V1A2B3C4-D5E6-7890-VHCL-111111111111', 'C3D4E5F6-G7H8-9012-CDEF-345678901234', 'E5F6G7H8-I9J0-1234-EFGH-567890123456', 'COMPLETED', '2023-08-10', '2023-08-13', 3, 2400000, 800000, 240000.0, 192000.0, 2832000.0, 3000000, '2023-08-02 00:00:00', '2023-08-02 00:00:00');
INSERT INTO payments (id, booking_id, user_id, amount, currency, status, method, created_at, processed_at) VALUES ('f06cb081-3d85-4e2e-8f39-b8e2336c3ccc', 'a1c6169f-c8f2-431f-9802-7653967d3ffe', 'C3D4E5F6-G7H8-9012-CDEF-345678901234', 2832000.0, 'VND', 'SUCCEEDED', 'VNPAY', '2023-08-02 00:00:00', '2023-08-02 00:00:00');
INSERT INTO reviews (id, vehicle_id, booking_id, reviewer_id, owner_id, rating, cleanliness, accuracy, communication, value_rating, comment, created_at, updated_at) VALUES ('9de554bd-1759-4f04-a03b-8b5d0bada21a', 'V1A2B3C4-D5E6-7890-VHCL-111111111111', 'a1c6169f-c8f2-431f-9802-7653967d3ffe', 'C3D4E5F6-G7H8-9012-CDEF-345678901234', 'E5F6G7H8-I9J0-1234-EFGH-567890123456', 4, 4, 4, 4, 4, N'Trải nghiệm tuyệt vời!', '2023-08-13 00:00:00', '2023-08-13 00:00:00');
INSERT INTO bookings (id, vehicle_id, renter_id, owner_id, status, start_date, end_date, total_days, base_price, price_per_day, service_fee, taxes, total, deposit, created_at, updated_at) VALUES ('298ebc4b-af26-4ddb-baa6-4c040b419880', 'V1A2B3C4-D5E6-7890-VHCL-111111111111', 'D4E5F6G7-H8I9-0123-DEFG-456789012345', 'E5F6G7H8-I9J0-1234-EFGH-567890123456', 'CANCELLED', '2023-06-01', '2023-06-03', 2, 1600000, 800000, 160000.0, 128000.0, 1888000.0, 3000000, '2023-05-29 00:00:00', '2023-05-29 00:00:00');
INSERT INTO payments (id, booking_id, user_id, amount, currency, status, method, created_at, processed_at) VALUES ('14be5049-d467-4cf6-8072-bdc2b1d65f15', '298ebc4b-af26-4ddb-baa6-4c040b419880', 'D4E5F6G7-H8I9-0123-DEFG-456789012345', 1888000.0, 'VND', 'REFUNDED', 'VNPAY', '2023-05-29 00:00:00', '2023-05-29 00:00:00');
INSERT INTO bookings (id, vehicle_id, renter_id, owner_id, status, start_date, end_date, total_days, base_price, price_per_day, service_fee, taxes, total, deposit, created_at, updated_at) VALUES ('2f81e6ff-3630-4767-826b-ba9ba98d9d55', 'V1A2B3C4-D5E6-7890-VHCL-111111111111', 'C3D4E5F6-G7H8-9012-CDEF-345678901234', 'E5F6G7H8-I9J0-1234-EFGH-567890123456', 'COMPLETED', '2023-02-13', '2023-02-21', 8, 6400000, 800000, 640000.0, 512000.0, 7552000.0, 3000000, '2023-02-04 00:00:00', '2023-02-04 00:00:00');
INSERT INTO payments (id, booking_id, user_id, amount, currency, status, method, created_at, processed_at) VALUES ('94ab2627-6c7c-466e-950c-76793375b268', '2f81e6ff-3630-4767-826b-ba9ba98d9d55', 'C3D4E5F6-G7H8-9012-CDEF-345678901234', 7552000.0, 'VND', 'SUCCEEDED', 'VNPAY', '2023-02-04 00:00:00', '2023-02-04 00:00:00');
INSERT INTO reviews (id, vehicle_id, booking_id, reviewer_id, owner_id, rating, cleanliness, accuracy, communication, value_rating, comment, created_at, updated_at) VALUES ('51fe2378-71a9-4d32-bdb1-c5a1e43deed0', 'V1A2B3C4-D5E6-7890-VHCL-111111111111', '2f81e6ff-3630-4767-826b-ba9ba98d9d55', 'C3D4E5F6-G7H8-9012-CDEF-345678901234', 'E5F6G7H8-I9J0-1234-EFGH-567890123456', 4, 4, 4, 4, 4, N'Trải nghiệm tuyệt vời!', '2023-02-21 00:00:00', '2023-02-21 00:00:00');
INSERT INTO bookings (id, vehicle_id, renter_id, owner_id, status, start_date, end_date, total_days, base_price, price_per_day, service_fee, taxes, total, deposit, created_at, updated_at) VALUES ('5397b9e2-b5ea-4f3e-b7b2-4b3068f1ae19', 'V1A2B3C4-D5E6-7890-VHCL-111111111111', 'D4E5F6G7-H8I9-0123-DEFG-456789012345', 'E5F6G7H8-I9J0-1234-EFGH-567890123456', 'CANCELLED', '2023-06-26', '2023-06-27', 1, 800000, 800000, 80000.0, 64000.0, 944000.0, 3000000, '2023-06-24 00:00:00', '2023-06-24 00:00:00');
INSERT INTO payments (id, booking_id, user_id, amount, currency, status, method, created_at, processed_at) VALUES ('cabd208b-7c3b-42ef-b06d-fa362f69d577', '5397b9e2-b5ea-4f3e-b7b2-4b3068f1ae19', 'D4E5F6G7-H8I9-0123-DEFG-456789012345', 944000.0, 'VND', 'REFUNDED', 'VNPAY', '2023-06-24 00:00:00', '2023-06-24 00:00:00');
INSERT INTO bookings (id, vehicle_id, renter_id, owner_id, status, start_date, end_date, total_days, base_price, price_per_day, service_fee, taxes, total, deposit, created_at, updated_at) VALUES ('a90a275a-4664-4f20-8e6f-148e48214091', 'V1A2B3C4-D5E6-7890-VHCL-111111111111', 'B2C3D4E5-F6G7-8901-BCDE-234567890123', 'E5F6G7H8-I9J0-1234-EFGH-567890123456', 'COMPLETED', '2023-11-30', '2023-12-07', 7, 5600000, 800000, 560000.0, 448000.0, 6608000.0, 3000000, '2023-11-21 00:00:00', '2023-11-21 00:00:00');
INSERT INTO payments (id, booking_id, user_id, amount, currency, status, method, created_at, processed_at) VALUES ('003e2bdc-79fd-480a-9805-deab705fe150', 'a90a275a-4664-4f20-8e6f-148e48214091', 'B2C3D4E5-F6G7-8901-BCDE-234567890123', 6608000.0, 'VND', 'SUCCEEDED', 'VNPAY', '2023-11-21 00:00:00', '2023-11-21 00:00:00');
INSERT INTO reviews (id, vehicle_id, booking_id, reviewer_id, owner_id, rating, cleanliness, accuracy, communication, value_rating, comment, created_at, updated_at) VALUES ('0b57e03f-8219-4ee7-beb0-9cf3a4defbab', 'V1A2B3C4-D5E6-7890-VHCL-111111111111', 'a90a275a-4664-4f20-8e6f-148e48214091', 'B2C3D4E5-F6G7-8901-BCDE-234567890123', 'E5F6G7H8-I9J0-1234-EFGH-567890123456', 5, 5, 5, 5, 5, N'Trải nghiệm tuyệt vời!', '2023-12-07 00:00:00', '2023-12-07 00:00:00');
INSERT INTO bookings (id, vehicle_id, renter_id, owner_id, status, start_date, end_date, total_days, base_price, price_per_day, service_fee, taxes, total, deposit, created_at, updated_at) VALUES ('fe1509dc-d1d6-4f11-b622-4abec2fccfe8', 'V1A2B3C4-D5E6-7890-VHCL-111111111111', 'B2C3D4E5-F6G7-8901-BCDE-234567890123', 'E5F6G7H8-I9J0-1234-EFGH-567890123456', 'COMPLETED', '2023-06-17', '2023-06-19', 2, 1600000, 800000, 160000.0, 128000.0, 1888000.0, 3000000, '2023-06-11 00:00:00', '2023-06-11 00:00:00');
INSERT INTO payments (id, booking_id, user_id, amount, currency, status, method, created_at, processed_at) VALUES ('99a97f17-e848-4963-983f-9a61eb9598e3', 'fe1509dc-d1d6-4f11-b622-4abec2fccfe8', 'B2C3D4E5-F6G7-8901-BCDE-234567890123', 1888000.0, 'VND', 'SUCCEEDED', 'VNPAY', '2023-06-11 00:00:00', '2023-06-11 00:00:00');
INSERT INTO reviews (id, vehicle_id, booking_id, reviewer_id, owner_id, rating, cleanliness, accuracy, communication, value_rating, comment, created_at, updated_at) VALUES ('809399e7-e781-4ad0-96a2-0586a9cb0c9f', 'V1A2B3C4-D5E6-7890-VHCL-111111111111', 'fe1509dc-d1d6-4f11-b622-4abec2fccfe8', 'B2C3D4E5-F6G7-8901-BCDE-234567890123', 'E5F6G7H8-I9J0-1234-EFGH-567890123456', 5, 5, 5, 5, 5, N'Trải nghiệm tuyệt vời!', '2023-06-19 00:00:00', '2023-06-19 00:00:00');
INSERT INTO bookings (id, vehicle_id, renter_id, owner_id, status, start_date, end_date, total_days, base_price, price_per_day, service_fee, taxes, total, deposit, created_at, updated_at) VALUES ('12d100b1-b35f-4139-8961-9b168ce85480', 'V1A2B3C4-D5E6-7890-VHCL-111111111111', 'B2C3D4E5-F6G7-8901-BCDE-234567890123', 'E5F6G7H8-I9J0-1234-EFGH-567890123456', 'COMPLETED', '2023-08-19', '2023-08-27', 8, 6400000, 800000, 640000.0, 512000.0, 7552000.0, 3000000, '2023-08-18 00:00:00', '2023-08-18 00:00:00');
INSERT INTO payments (id, booking_id, user_id, amount, currency, status, method, created_at, processed_at) VALUES ('71fcacd4-fbb6-485a-aab6-9626b440f04d', '12d100b1-b35f-4139-8961-9b168ce85480', 'B2C3D4E5-F6G7-8901-BCDE-234567890123', 7552000.0, 'VND', 'SUCCEEDED', 'VNPAY', '2023-08-18 00:00:00', '2023-08-18 00:00:00');
INSERT INTO reviews (id, vehicle_id, booking_id, reviewer_id, owner_id, rating, cleanliness, accuracy, communication, value_rating, comment, created_at, updated_at) VALUES ('0c74e4ad-fec0-4cb5-ab72-ef29a3e9c528', 'V1A2B3C4-D5E6-7890-VHCL-111111111111', '12d100b1-b35f-4139-8961-9b168ce85480', 'B2C3D4E5-F6G7-8901-BCDE-234567890123', 'E5F6G7H8-I9J0-1234-EFGH-567890123456', 4, 4, 4, 4, 4, N'Trải nghiệm tuyệt vời!', '2023-08-27 00:00:00', '2023-08-27 00:00:00');
INSERT INTO bookings (id, vehicle_id, renter_id, owner_id, status, start_date, end_date, total_days, base_price, price_per_day, service_fee, taxes, total, deposit, created_at, updated_at) VALUES ('5543eaa6-7c4b-45a9-92be-630ad9845417', 'V1A2B3C4-D5E6-7890-VHCL-111111111111', 'C3D4E5F6-G7H8-9012-CDEF-345678901234', 'E5F6G7H8-I9J0-1234-EFGH-567890123456', 'COMPLETED', '2023-02-20', '2023-02-27', 7, 5600000, 800000, 560000.0, 448000.0, 6608000.0, 3000000, '2023-02-12 00:00:00', '2023-02-12 00:00:00');
INSERT INTO payments (id, booking_id, user_id, amount, currency, status, method, created_at, processed_at) VALUES ('42d6775c-bcf8-4c23-bbd7-07dbcfd75aac', '5543eaa6-7c4b-45a9-92be-630ad9845417', 'C3D4E5F6-G7H8-9012-CDEF-345678901234', 6608000.0, 'VND', 'SUCCEEDED', 'VNPAY', '2023-02-12 00:00:00', '2023-02-12 00:00:00');
INSERT INTO reviews (id, vehicle_id, booking_id, reviewer_id, owner_id, rating, cleanliness, accuracy, communication, value_rating, comment, created_at, updated_at) VALUES ('ae4f5313-3068-4551-9d56-f86b27b6a84c', 'V1A2B3C4-D5E6-7890-VHCL-111111111111', '5543eaa6-7c4b-45a9-92be-630ad9845417', 'C3D4E5F6-G7H8-9012-CDEF-345678901234', 'E5F6G7H8-I9J0-1234-EFGH-567890123456', 3, 3, 3, 3, 3, N'Trải nghiệm tuyệt vời!', '2023-02-27 00:00:00', '2023-02-27 00:00:00');
INSERT INTO bookings (id, vehicle_id, renter_id, owner_id, status, start_date, end_date, total_days, base_price, price_per_day, service_fee, taxes, total, deposit, created_at, updated_at) VALUES ('22248e8f-4860-424b-af7b-988bac570a84', 'V1A2B3C4-D5E6-7890-VHCL-111111111111', 'B2C3D4E5-F6G7-8901-BCDE-234567890123', 'E5F6G7H8-I9J0-1234-EFGH-567890123456', 'COMPLETED', '2023-10-27', '2023-11-05', 9, 7200000, 800000, 720000.0, 576000.0, 8496000.0, 3000000, '2023-10-21 00:00:00', '2023-10-21 00:00:00');
INSERT INTO payments (id, booking_id, user_id, amount, currency, status, method, created_at, processed_at) VALUES ('1bf9b2d9-d5fe-462d-9ff1-48657c42415b', '22248e8f-4860-424b-af7b-988bac570a84', 'B2C3D4E5-F6G7-8901-BCDE-234567890123', 8496000.0, 'VND', 'SUCCEEDED', 'VNPAY', '2023-10-21 00:00:00', '2023-10-21 00:00:00');
INSERT INTO reviews (id, vehicle_id, booking_id, reviewer_id, owner_id, rating, cleanliness, accuracy, communication, value_rating, comment, created_at, updated_at) VALUES ('c96d294e-f29e-4983-ae2b-e124ba3a5737', 'V1A2B3C4-D5E6-7890-VHCL-111111111111', '22248e8f-4860-424b-af7b-988bac570a84', 'B2C3D4E5-F6G7-8901-BCDE-234567890123', 'E5F6G7H8-I9J0-1234-EFGH-567890123456', 4, 4, 4, 4, 4, N'Trải nghiệm tuyệt vời!', '2023-11-05 00:00:00', '2023-11-05 00:00:00');
INSERT INTO bookings (id, vehicle_id, renter_id, owner_id, status, start_date, end_date, total_days, base_price, price_per_day, service_fee, taxes, total, deposit, created_at, updated_at) VALUES ('d692f078-5f23-4ea8-94ae-bf9bb206ac72', 'V1A2B3C4-D5E6-7890-VHCL-111111111111', 'D4E5F6G7-H8I9-0123-DEFG-456789012345', 'E5F6G7H8-I9J0-1234-EFGH-567890123456', 'COMPLETED', '2023-12-22', '2023-12-24', 2, 1600000, 800000, 160000.0, 128000.0, 1888000.0, 3000000, '2023-12-15 00:00:00', '2023-12-15 00:00:00');
INSERT INTO payments (id, booking_id, user_id, amount, currency, status, method, created_at, processed_at) VALUES ('d57a15bd-9a3d-4e8e-a8ee-853fdf7edc40', 'd692f078-5f23-4ea8-94ae-bf9bb206ac72', 'D4E5F6G7-H8I9-0123-DEFG-456789012345', 1888000.0, 'VND', 'SUCCEEDED', 'VNPAY', '2023-12-15 00:00:00', '2023-12-15 00:00:00');
INSERT INTO reviews (id, vehicle_id, booking_id, reviewer_id, owner_id, rating, cleanliness, accuracy, communication, value_rating, comment, created_at, updated_at) VALUES ('35200286-8797-4dc5-a611-8bdee8ada40a', 'V1A2B3C4-D5E6-7890-VHCL-111111111111', 'd692f078-5f23-4ea8-94ae-bf9bb206ac72', 'D4E5F6G7-H8I9-0123-DEFG-456789012345', 'E5F6G7H8-I9J0-1234-EFGH-567890123456', 5, 5, 5, 5, 5, N'Trải nghiệm tuyệt vời!', '2023-12-24 00:00:00', '2023-12-24 00:00:00');
INSERT INTO bookings (id, vehicle_id, renter_id, owner_id, status, start_date, end_date, total_days, base_price, price_per_day, service_fee, taxes, total, deposit, created_at, updated_at) VALUES ('fa454684-c7bc-4838-af05-c1fca336bac3', 'V1A2B3C4-D5E6-7890-VHCL-111111111111', 'C3D4E5F6-G7H8-9012-CDEF-345678901234', 'E5F6G7H8-I9J0-1234-EFGH-567890123456', 'COMPLETED', '2023-06-18', '2023-06-28', 10, 8000000, 800000, 800000.0, 640000.0, 9440000.0, 3000000, '2023-06-06 00:00:00', '2023-06-06 00:00:00');
INSERT INTO payments (id, booking_id, user_id, amount, currency, status, method, created_at, processed_at) VALUES ('b487777b-7e43-463f-a784-01a56b2d1349', 'fa454684-c7bc-4838-af05-c1fca336bac3', 'C3D4E5F6-G7H8-9012-CDEF-345678901234', 9440000.0, 'VND', 'SUCCEEDED', 'VNPAY', '2023-06-06 00:00:00', '2023-06-06 00:00:00');
INSERT INTO reviews (id, vehicle_id, booking_id, reviewer_id, owner_id, rating, cleanliness, accuracy, communication, value_rating, comment, created_at, updated_at) VALUES ('f152121b-01ca-4a22-ac38-0b20bcc8a488', 'V1A2B3C4-D5E6-7890-VHCL-111111111111', 'fa454684-c7bc-4838-af05-c1fca336bac3', 'C3D4E5F6-G7H8-9012-CDEF-345678901234', 'E5F6G7H8-I9J0-1234-EFGH-567890123456', 4, 4, 4, 4, 4, N'Trải nghiệm tuyệt vời!', '2023-06-28 00:00:00', '2023-06-28 00:00:00');
INSERT INTO bookings (id, vehicle_id, renter_id, owner_id, status, start_date, end_date, total_days, base_price, price_per_day, service_fee, taxes, total, deposit, created_at, updated_at) VALUES ('950c2011-b0ec-4a1a-8c2d-20354b807096', 'V1A2B3C4-D5E6-7890-VHCL-111111111111', 'C3D4E5F6-G7H8-9012-CDEF-345678901234', 'E5F6G7H8-I9J0-1234-EFGH-567890123456', 'COMPLETED', '2023-05-06', '2023-05-15', 9, 7200000, 800000, 720000.0, 576000.0, 8496000.0, 3000000, '2023-04-28 00:00:00', '2023-04-28 00:00:00');
INSERT INTO payments (id, booking_id, user_id, amount, currency, status, method, created_at, processed_at) VALUES ('6f012406-12fd-45a4-bd13-c0b2f1376bc6', '950c2011-b0ec-4a1a-8c2d-20354b807096', 'C3D4E5F6-G7H8-9012-CDEF-345678901234', 8496000.0, 'VND', 'SUCCEEDED', 'VNPAY', '2023-04-28 00:00:00', '2023-04-28 00:00:00');
INSERT INTO reviews (id, vehicle_id, booking_id, reviewer_id, owner_id, rating, cleanliness, accuracy, communication, value_rating, comment, created_at, updated_at) VALUES ('3dbb5044-ac20-4db7-991e-58cd4a3c0025', 'V1A2B3C4-D5E6-7890-VHCL-111111111111', '950c2011-b0ec-4a1a-8c2d-20354b807096', 'C3D4E5F6-G7H8-9012-CDEF-345678901234', 'E5F6G7H8-I9J0-1234-EFGH-567890123456', 5, 5, 5, 5, 5, N'Trải nghiệm tuyệt vời!', '2023-05-15 00:00:00', '2023-05-15 00:00:00');
INSERT INTO bookings (id, vehicle_id, renter_id, owner_id, status, start_date, end_date, total_days, base_price, price_per_day, service_fee, taxes, total, deposit, created_at, updated_at) VALUES ('80c50594-c828-4e86-9b5c-536c28d1c273', 'V1A2B3C4-D5E6-7890-VHCL-111111111111', 'D4E5F6G7-H8I9-0123-DEFG-456789012345', 'E5F6G7H8-I9J0-1234-EFGH-567890123456', 'COMPLETED', '2023-07-03', '2023-07-04', 1, 800000, 800000, 80000.0, 64000.0, 944000.0, 3000000, '2023-06-21 00:00:00', '2023-06-21 00:00:00');
INSERT INTO payments (id, booking_id, user_id, amount, currency, status, method, created_at, processed_at) VALUES ('94bf5dbc-cea6-413d-a6c8-fea874867b79', '80c50594-c828-4e86-9b5c-536c28d1c273', 'D4E5F6G7-H8I9-0123-DEFG-456789012345', 944000.0, 'VND', 'SUCCEEDED', 'VNPAY', '2023-06-21 00:00:00', '2023-06-21 00:00:00');
INSERT INTO reviews (id, vehicle_id, booking_id, reviewer_id, owner_id, rating, cleanliness, accuracy, communication, value_rating, comment, created_at, updated_at) VALUES ('73aea61a-2388-4e23-851c-845e89d41deb', 'V1A2B3C4-D5E6-7890-VHCL-111111111111', '80c50594-c828-4e86-9b5c-536c28d1c273', 'D4E5F6G7-H8I9-0123-DEFG-456789012345', 'E5F6G7H8-I9J0-1234-EFGH-567890123456', 3, 3, 3, 3, 3, N'Trải nghiệm tuyệt vời!', '2023-07-04 00:00:00', '2023-07-04 00:00:00');
INSERT INTO bookings (id, vehicle_id, renter_id, owner_id, status, start_date, end_date, total_days, base_price, price_per_day, service_fee, taxes, total, deposit, created_at, updated_at) VALUES ('1dc8067a-1dbe-45f8-9e09-eef3e7e53619', 'V1A2B3C4-D5E6-7890-VHCL-111111111111', 'C3D4E5F6-G7H8-9012-CDEF-345678901234', 'E5F6G7H8-I9J0-1234-EFGH-567890123456', 'COMPLETED', '2023-03-02', '2023-03-05', 3, 2400000, 800000, 240000.0, 192000.0, 2832000.0, 3000000, '2023-02-20 00:00:00', '2023-02-20 00:00:00');
INSERT INTO payments (id, booking_id, user_id, amount, currency, status, method, created_at, processed_at) VALUES ('a6438d69-4809-4ae5-a32c-2c9d27cda248', '1dc8067a-1dbe-45f8-9e09-eef3e7e53619', 'C3D4E5F6-G7H8-9012-CDEF-345678901234', 2832000.0, 'VND', 'SUCCEEDED', 'VNPAY', '2023-02-20 00:00:00', '2023-02-20 00:00:00');
INSERT INTO reviews (id, vehicle_id, booking_id, reviewer_id, owner_id, rating, cleanliness, accuracy, communication, value_rating, comment, created_at, updated_at) VALUES ('1945d721-68be-4e12-b75b-00c536a192b7', 'V1A2B3C4-D5E6-7890-VHCL-111111111111', '1dc8067a-1dbe-45f8-9e09-eef3e7e53619', 'C3D4E5F6-G7H8-9012-CDEF-345678901234', 'E5F6G7H8-I9J0-1234-EFGH-567890123456', 3, 3, 3, 3, 3, N'Trải nghiệm tuyệt vời!', '2023-03-05 00:00:00', '2023-03-05 00:00:00');
INSERT INTO bookings (id, vehicle_id, renter_id, owner_id, status, start_date, end_date, total_days, base_price, price_per_day, service_fee, taxes, total, deposit, created_at, updated_at) VALUES ('72bba56d-c2dd-4118-8fe7-caa86d6464a3', 'V1A2B3C4-D5E6-7890-VHCL-111111111111', 'B2C3D4E5-F6G7-8901-BCDE-234567890123', 'E5F6G7H8-I9J0-1234-EFGH-567890123456', 'COMPLETED', '2023-06-12', '2023-06-14', 2, 1600000, 800000, 160000.0, 128000.0, 1888000.0, 3000000, '2023-06-04 00:00:00', '2023-06-04 00:00:00');
INSERT INTO payments (id, booking_id, user_id, amount, currency, status, method, created_at, processed_at) VALUES ('0db3954c-0c0f-44fc-bb66-1e3229fd4bb8', '72bba56d-c2dd-4118-8fe7-caa86d6464a3', 'B2C3D4E5-F6G7-8901-BCDE-234567890123', 1888000.0, 'VND', 'SUCCEEDED', 'VNPAY', '2023-06-04 00:00:00', '2023-06-04 00:00:00');
INSERT INTO reviews (id, vehicle_id, booking_id, reviewer_id, owner_id, rating, cleanliness, accuracy, communication, value_rating, comment, created_at, updated_at) VALUES ('1ca4f4cf-5a9d-4e26-bf20-bf282beb0a34', 'V1A2B3C4-D5E6-7890-VHCL-111111111111', '72bba56d-c2dd-4118-8fe7-caa86d6464a3', 'B2C3D4E5-F6G7-8901-BCDE-234567890123', 'E5F6G7H8-I9J0-1234-EFGH-567890123456', 5, 5, 5, 5, 5, N'Trải nghiệm tuyệt vời!', '2023-06-14 00:00:00', '2023-06-14 00:00:00');
INSERT INTO bookings (id, vehicle_id, renter_id, owner_id, status, start_date, end_date, total_days, base_price, price_per_day, service_fee, taxes, total, deposit, created_at, updated_at) VALUES ('7a3b1af4-8aa1-4fd4-92df-f1233166151c', 'V1A2B3C4-D5E6-7890-VHCL-111111111111', 'D4E5F6G7-H8I9-0123-DEFG-456789012345', 'E5F6G7H8-I9J0-1234-EFGH-567890123456', 'COMPLETED', '2023-11-04', '2023-11-12', 8, 6400000, 800000, 640000.0, 512000.0, 7552000.0, 3000000, '2023-10-27 00:00:00', '2023-10-27 00:00:00');
INSERT INTO payments (id, booking_id, user_id, amount, currency, status, method, created_at, processed_at) VALUES ('cbfbd50e-102b-43f3-adf7-8f4441138f29', '7a3b1af4-8aa1-4fd4-92df-f1233166151c', 'D4E5F6G7-H8I9-0123-DEFG-456789012345', 7552000.0, 'VND', 'SUCCEEDED', 'VNPAY', '2023-10-27 00:00:00', '2023-10-27 00:00:00');
INSERT INTO reviews (id, vehicle_id, booking_id, reviewer_id, owner_id, rating, cleanliness, accuracy, communication, value_rating, comment, created_at, updated_at) VALUES ('3a18258f-d069-4eb4-9eff-f71ec7602ef1', 'V1A2B3C4-D5E6-7890-VHCL-111111111111', '7a3b1af4-8aa1-4fd4-92df-f1233166151c', 'D4E5F6G7-H8I9-0123-DEFG-456789012345', 'E5F6G7H8-I9J0-1234-EFGH-567890123456', 3, 3, 3, 3, 3, N'Trải nghiệm tuyệt vời!', '2023-11-12 00:00:00', '2023-11-12 00:00:00');
INSERT INTO bookings (id, vehicle_id, renter_id, owner_id, status, start_date, end_date, total_days, base_price, price_per_day, service_fee, taxes, total, deposit, created_at, updated_at) VALUES ('1ce45f7c-2837-42d1-b644-5b1c4b096c4d', 'V1A2B3C4-D5E6-7890-VHCL-111111111111', 'B2C3D4E5-F6G7-8901-BCDE-234567890123', 'E5F6G7H8-I9J0-1234-EFGH-567890123456', 'COMPLETED', '2024-03-03', '2024-03-10', 7, 5600000, 800000, 560000.0, 448000.0, 6608000.0, 3000000, '2024-02-27 00:00:00', '2024-02-27 00:00:00');
INSERT INTO payments (id, booking_id, user_id, amount, currency, status, method, created_at, processed_at) VALUES ('d8adac70-174b-4917-ae7c-31e964f45cc7', '1ce45f7c-2837-42d1-b644-5b1c4b096c4d', 'B2C3D4E5-F6G7-8901-BCDE-234567890123', 6608000.0, 'VND', 'SUCCEEDED', 'VNPAY', '2024-02-27 00:00:00', '2024-02-27 00:00:00');
INSERT INTO reviews (id, vehicle_id, booking_id, reviewer_id, owner_id, rating, cleanliness, accuracy, communication, value_rating, comment, created_at, updated_at) VALUES ('b539eed2-06d5-4758-996c-89b08a3f30e6', 'V1A2B3C4-D5E6-7890-VHCL-111111111111', '1ce45f7c-2837-42d1-b644-5b1c4b096c4d', 'B2C3D4E5-F6G7-8901-BCDE-234567890123', 'E5F6G7H8-I9J0-1234-EFGH-567890123456', 5, 5, 5, 5, 5, N'Trải nghiệm tuyệt vời!', '2024-03-10 00:00:00', '2024-03-10 00:00:00');
INSERT INTO bookings (id, vehicle_id, renter_id, owner_id, status, start_date, end_date, total_days, base_price, price_per_day, service_fee, taxes, total, deposit, created_at, updated_at) VALUES ('0dc6c5f8-4c01-458d-8f82-db8190336f39', 'V1A2B3C4-D5E6-7890-VHCL-111111111111', 'B2C3D4E5-F6G7-8901-BCDE-234567890123', 'E5F6G7H8-I9J0-1234-EFGH-567890123456', 'CANCELLED', '2023-03-14', '2023-03-16', 2, 1600000, 800000, 160000.0, 128000.0, 1888000.0, 3000000, '2023-02-28 00:00:00', '2023-02-28 00:00:00');
INSERT INTO payments (id, booking_id, user_id, amount, currency, status, method, created_at, processed_at) VALUES ('04de8f7c-3aa4-40af-af65-8d2bb1e37902', '0dc6c5f8-4c01-458d-8f82-db8190336f39', 'B2C3D4E5-F6G7-8901-BCDE-234567890123', 1888000.0, 'VND', 'REFUNDED', 'VNPAY', '2023-02-28 00:00:00', '2023-02-28 00:00:00');
INSERT INTO bookings (id, vehicle_id, renter_id, owner_id, status, start_date, end_date, total_days, base_price, price_per_day, service_fee, taxes, total, deposit, created_at, updated_at) VALUES ('dd763462-45d0-42c3-93db-829121181361', 'V1A2B3C4-D5E6-7890-VHCL-111111111111', 'C3D4E5F6-G7H8-9012-CDEF-345678901234', 'E5F6G7H8-I9J0-1234-EFGH-567890123456', 'COMPLETED', '2023-03-22', '2023-03-29', 7, 5600000, 800000, 560000.0, 448000.0, 6608000.0, 3000000, '2023-03-21 00:00:00', '2023-03-21 00:00:00');
INSERT INTO payments (id, booking_id, user_id, amount, currency, status, method, created_at, processed_at) VALUES ('da70ec8b-a091-44ce-ac98-45ed3d30b0c5', 'dd763462-45d0-42c3-93db-829121181361', 'C3D4E5F6-G7H8-9012-CDEF-345678901234', 6608000.0, 'VND', 'SUCCEEDED', 'VNPAY', '2023-03-21 00:00:00', '2023-03-21 00:00:00');
INSERT INTO reviews (id, vehicle_id, booking_id, reviewer_id, owner_id, rating, cleanliness, accuracy, communication, value_rating, comment, created_at, updated_at) VALUES ('cd1622b9-4239-4b7c-b672-b44cd5fb68bd', 'V1A2B3C4-D5E6-7890-VHCL-111111111111', 'dd763462-45d0-42c3-93db-829121181361', 'C3D4E5F6-G7H8-9012-CDEF-345678901234', 'E5F6G7H8-I9J0-1234-EFGH-567890123456', 3, 3, 3, 3, 3, N'Trải nghiệm tuyệt vời!', '2023-03-29 00:00:00', '2023-03-29 00:00:00');
INSERT INTO bookings (id, vehicle_id, renter_id, owner_id, status, start_date, end_date, total_days, base_price, price_per_day, service_fee, taxes, total, deposit, created_at, updated_at) VALUES ('96eb6deb-2946-4927-afd2-7ddbf511dbcb', 'V1A2B3C4-D5E6-7890-VHCL-111111111111', 'B2C3D4E5-F6G7-8901-BCDE-234567890123', 'E5F6G7H8-I9J0-1234-EFGH-567890123456', 'COMPLETED', '2024-04-02', '2024-04-08', 6, 4800000, 800000, 480000.0, 384000.0, 5664000.0, 3000000, '2024-03-31 00:00:00', '2024-03-31 00:00:00');
INSERT INTO payments (id, booking_id, user_id, amount, currency, status, method, created_at, processed_at) VALUES ('3bc0b87e-3a24-479f-81fc-4fdfb9974de6', '96eb6deb-2946-4927-afd2-7ddbf511dbcb', 'B2C3D4E5-F6G7-8901-BCDE-234567890123', 5664000.0, 'VND', 'SUCCEEDED', 'VNPAY', '2024-03-31 00:00:00', '2024-03-31 00:00:00');
INSERT INTO reviews (id, vehicle_id, booking_id, reviewer_id, owner_id, rating, cleanliness, accuracy, communication, value_rating, comment, created_at, updated_at) VALUES ('399c2057-8a74-400a-ad9a-9d202badf6b4', 'V1A2B3C4-D5E6-7890-VHCL-111111111111', '96eb6deb-2946-4927-afd2-7ddbf511dbcb', 'B2C3D4E5-F6G7-8901-BCDE-234567890123', 'E5F6G7H8-I9J0-1234-EFGH-567890123456', 5, 5, 5, 5, 5, N'Trải nghiệm tuyệt vời!', '2024-04-08 00:00:00', '2024-04-08 00:00:00');
INSERT INTO bookings (id, vehicle_id, renter_id, owner_id, status, start_date, end_date, total_days, base_price, price_per_day, service_fee, taxes, total, deposit, created_at, updated_at) VALUES ('429cf02f-a544-4b95-b33a-53137399a588', 'V1A2B3C4-D5E6-7890-VHCL-111111111111', 'B2C3D4E5-F6G7-8901-BCDE-234567890123', 'E5F6G7H8-I9J0-1234-EFGH-567890123456', 'CANCELLED', '2024-02-22', '2024-02-29', 7, 5600000, 800000, 560000.0, 448000.0, 6608000.0, 3000000, '2024-02-21 00:00:00', '2024-02-21 00:00:00');
INSERT INTO payments (id, booking_id, user_id, amount, currency, status, method, created_at, processed_at) VALUES ('6dfdd479-03f9-4950-8685-40f7fb203fad', '429cf02f-a544-4b95-b33a-53137399a588', 'B2C3D4E5-F6G7-8901-BCDE-234567890123', 6608000.0, 'VND', 'REFUNDED', 'VNPAY', '2024-02-21 00:00:00', '2024-02-21 00:00:00');
INSERT INTO bookings (id, vehicle_id, renter_id, owner_id, status, start_date, end_date, total_days, base_price, price_per_day, service_fee, taxes, total, deposit, created_at, updated_at) VALUES ('cd8471d4-b42b-40aa-8808-a2ac028815ba', 'V1A2B3C4-D5E6-7890-VHCL-111111111111', 'B2C3D4E5-F6G7-8901-BCDE-234567890123', 'E5F6G7H8-I9J0-1234-EFGH-567890123456', 'COMPLETED', '2023-12-13', '2023-12-23', 10, 8000000, 800000, 800000.0, 640000.0, 9440000.0, 3000000, '2023-11-29 00:00:00', '2023-11-29 00:00:00');
INSERT INTO payments (id, booking_id, user_id, amount, currency, status, method, created_at, processed_at) VALUES ('68a1a7e3-f11d-4960-be54-907f96b14962', 'cd8471d4-b42b-40aa-8808-a2ac028815ba', 'B2C3D4E5-F6G7-8901-BCDE-234567890123', 9440000.0, 'VND', 'SUCCEEDED', 'VNPAY', '2023-11-29 00:00:00', '2023-11-29 00:00:00');
INSERT INTO reviews (id, vehicle_id, booking_id, reviewer_id, owner_id, rating, cleanliness, accuracy, communication, value_rating, comment, created_at, updated_at) VALUES ('d0fa7be6-9f17-485c-b72c-5fc99a46edc9', 'V1A2B3C4-D5E6-7890-VHCL-111111111111', 'cd8471d4-b42b-40aa-8808-a2ac028815ba', 'B2C3D4E5-F6G7-8901-BCDE-234567890123', 'E5F6G7H8-I9J0-1234-EFGH-567890123456', 5, 5, 5, 5, 5, N'Trải nghiệm tuyệt vời!', '2023-12-23 00:00:00', '2023-12-23 00:00:00');
INSERT INTO bookings (id, vehicle_id, renter_id, owner_id, status, start_date, end_date, total_days, base_price, price_per_day, service_fee, taxes, total, deposit, created_at, updated_at) VALUES ('938824a0-9e45-45ea-8271-5f993c55b56f', 'V1A2B3C4-D5E6-7890-VHCL-111111111111', 'C3D4E5F6-G7H8-9012-CDEF-345678901234', 'E5F6G7H8-I9J0-1234-EFGH-567890123456', 'CANCELLED', '2024-05-23', '2024-05-29', 6, 4800000, 800000, 480000.0, 384000.0, 5664000.0, 3000000, '2024-05-21 00:00:00', '2024-05-21 00:00:00');
INSERT INTO payments (id, booking_id, user_id, amount, currency, status, method, created_at, processed_at) VALUES ('576a5aad-3d62-45fe-aec1-ba18a29bf813', '938824a0-9e45-45ea-8271-5f993c55b56f', 'C3D4E5F6-G7H8-9012-CDEF-345678901234', 5664000.0, 'VND', 'REFUNDED', 'VNPAY', '2024-05-21 00:00:00', '2024-05-21 00:00:00');
INSERT INTO bookings (id, vehicle_id, renter_id, owner_id, status, start_date, end_date, total_days, base_price, price_per_day, service_fee, taxes, total, deposit, created_at, updated_at) VALUES ('31fe14a4-29e8-41dd-8f77-038313547bd8', 'V1A2B3C4-D5E6-7890-VHCL-111111111111', 'B2C3D4E5-F6G7-8901-BCDE-234567890123', 'E5F6G7H8-I9J0-1234-EFGH-567890123456', 'CANCELLED', '2023-12-11', '2023-12-20', 9, 7200000, 800000, 720000.0, 576000.0, 8496000.0, 3000000, '2023-11-30 00:00:00', '2023-11-30 00:00:00');
INSERT INTO payments (id, booking_id, user_id, amount, currency, status, method, created_at, processed_at) VALUES ('8436a1a6-9232-4063-ada0-70929733c702', '31fe14a4-29e8-41dd-8f77-038313547bd8', 'B2C3D4E5-F6G7-8901-BCDE-234567890123', 8496000.0, 'VND', 'REFUNDED', 'VNPAY', '2023-11-30 00:00:00', '2023-11-30 00:00:00');
INSERT INTO bookings (id, vehicle_id, renter_id, owner_id, status, start_date, end_date, total_days, base_price, price_per_day, service_fee, taxes, total, deposit, created_at, updated_at) VALUES ('0a08013a-b53f-4c8a-9275-b2a289864a5a', 'V1A2B3C4-D5E6-7890-VHCL-111111111111', 'C3D4E5F6-G7H8-9012-CDEF-345678901234', 'E5F6G7H8-I9J0-1234-EFGH-567890123456', 'COMPLETED', '2023-01-31', '2023-02-06', 6, 4800000, 800000, 480000.0, 384000.0, 5664000.0, 3000000, '2023-01-25 00:00:00', '2023-01-25 00:00:00');
INSERT INTO payments (id, booking_id, user_id, amount, currency, status, method, created_at, processed_at) VALUES ('e469f8d3-bfa8-43e9-8004-c22b0c18ae07', '0a08013a-b53f-4c8a-9275-b2a289864a5a', 'C3D4E5F6-G7H8-9012-CDEF-345678901234', 5664000.0, 'VND', 'SUCCEEDED', 'VNPAY', '2023-01-25 00:00:00', '2023-01-25 00:00:00');
INSERT INTO reviews (id, vehicle_id, booking_id, reviewer_id, owner_id, rating, cleanliness, accuracy, communication, value_rating, comment, created_at, updated_at) VALUES ('9a94f90a-7f2c-4f81-a2cf-6155fe0ce7e4', 'V1A2B3C4-D5E6-7890-VHCL-111111111111', '0a08013a-b53f-4c8a-9275-b2a289864a5a', 'C3D4E5F6-G7H8-9012-CDEF-345678901234', 'E5F6G7H8-I9J0-1234-EFGH-567890123456', 5, 5, 5, 5, 5, N'Trải nghiệm tuyệt vời!', '2023-02-06 00:00:00', '2023-02-06 00:00:00');
INSERT INTO bookings (id, vehicle_id, renter_id, owner_id, status, start_date, end_date, total_days, base_price, price_per_day, service_fee, taxes, total, deposit, created_at, updated_at) VALUES ('c53eccc1-c086-4054-a148-cf8cdd8509eb', 'V1A2B3C4-D5E6-7890-VHCL-111111111111', 'B2C3D4E5-F6G7-8901-BCDE-234567890123', 'E5F6G7H8-I9J0-1234-EFGH-567890123456', 'COMPLETED', '2023-11-18', '2023-11-23', 5, 4000000, 800000, 400000.0, 320000.0, 4720000.0, 3000000, '2023-11-05 00:00:00', '2023-11-05 00:00:00');
INSERT INTO payments (id, booking_id, user_id, amount, currency, status, method, created_at, processed_at) VALUES ('32792263-a2d3-458c-9bd4-f079fbc2ea92', 'c53eccc1-c086-4054-a148-cf8cdd8509eb', 'B2C3D4E5-F6G7-8901-BCDE-234567890123', 4720000.0, 'VND', 'SUCCEEDED', 'VNPAY', '2023-11-05 00:00:00', '2023-11-05 00:00:00');
INSERT INTO reviews (id, vehicle_id, booking_id, reviewer_id, owner_id, rating, cleanliness, accuracy, communication, value_rating, comment, created_at, updated_at) VALUES ('5ffbee6e-3f73-4bb8-8fec-7a3e6fb00c33', 'V1A2B3C4-D5E6-7890-VHCL-111111111111', 'c53eccc1-c086-4054-a148-cf8cdd8509eb', 'B2C3D4E5-F6G7-8901-BCDE-234567890123', 'E5F6G7H8-I9J0-1234-EFGH-567890123456', 5, 5, 5, 5, 5, N'Trải nghiệm tuyệt vời!', '2023-11-23 00:00:00', '2023-11-23 00:00:00');
INSERT INTO bookings (id, vehicle_id, renter_id, owner_id, status, start_date, end_date, total_days, base_price, price_per_day, service_fee, taxes, total, deposit, created_at, updated_at) VALUES ('606199c0-4c9d-4af5-9f31-3899750b8b1c', 'V1A2B3C4-D5E6-7890-VHCL-111111111111', 'B2C3D4E5-F6G7-8901-BCDE-234567890123', 'E5F6G7H8-I9J0-1234-EFGH-567890123456', 'COMPLETED', '2024-04-30', '2024-05-04', 4, 3200000, 800000, 320000.0, 256000.0, 3776000.0, 3000000, '2024-04-18 00:00:00', '2024-04-18 00:00:00');
INSERT INTO payments (id, booking_id, user_id, amount, currency, status, method, created_at, processed_at) VALUES ('f933d4e0-e99b-4726-a84d-19399d67b476', '606199c0-4c9d-4af5-9f31-3899750b8b1c', 'B2C3D4E5-F6G7-8901-BCDE-234567890123', 3776000.0, 'VND', 'SUCCEEDED', 'VNPAY', '2024-04-18 00:00:00', '2024-04-18 00:00:00');
INSERT INTO reviews (id, vehicle_id, booking_id, reviewer_id, owner_id, rating, cleanliness, accuracy, communication, value_rating, comment, created_at, updated_at) VALUES ('70ecdbbf-3fc8-48b3-859f-c33c74b7765d', 'V1A2B3C4-D5E6-7890-VHCL-111111111111', '606199c0-4c9d-4af5-9f31-3899750b8b1c', 'B2C3D4E5-F6G7-8901-BCDE-234567890123', 'E5F6G7H8-I9J0-1234-EFGH-567890123456', 3, 3, 3, 3, 3, N'Trải nghiệm tuyệt vời!', '2024-05-04 00:00:00', '2024-05-04 00:00:00');
INSERT INTO bookings (id, vehicle_id, renter_id, owner_id, status, start_date, end_date, total_days, base_price, price_per_day, service_fee, taxes, total, deposit, created_at, updated_at) VALUES ('4a121704-6b15-46c6-9e69-684709e50531', 'V1A2B3C4-D5E6-7890-VHCL-111111111111', 'B2C3D4E5-F6G7-8901-BCDE-234567890123', 'E5F6G7H8-I9J0-1234-EFGH-567890123456', 'CANCELLED', '2024-04-14', '2024-04-20', 6, 4800000, 800000, 480000.0, 384000.0, 5664000.0, 3000000, '2024-04-11 00:00:00', '2024-04-11 00:00:00');
INSERT INTO payments (id, booking_id, user_id, amount, currency, status, method, created_at, processed_at) VALUES ('756e214d-68e5-4906-9889-5182d2478913', '4a121704-6b15-46c6-9e69-684709e50531', 'B2C3D4E5-F6G7-8901-BCDE-234567890123', 5664000.0, 'VND', 'REFUNDED', 'VNPAY', '2024-04-11 00:00:00', '2024-04-11 00:00:00');
INSERT INTO bookings (id, vehicle_id, renter_id, owner_id, status, start_date, end_date, total_days, base_price, price_per_day, service_fee, taxes, total, deposit, created_at, updated_at) VALUES ('fb310123-20d0-403b-ac28-01e837353b40', 'V1A2B3C4-D5E6-7890-VHCL-111111111111', 'D4E5F6G7-H8I9-0123-DEFG-456789012345', 'E5F6G7H8-I9J0-1234-EFGH-567890123456', 'COMPLETED', '2024-03-30', '2024-04-07', 8, 6400000, 800000, 640000.0, 512000.0, 7552000.0, 3000000, '2024-03-20 00:00:00', '2024-03-20 00:00:00');
INSERT INTO payments (id, booking_id, user_id, amount, currency, status, method, created_at, processed_at) VALUES ('493d4d28-fb14-4698-a809-40bbbcc65eb0', 'fb310123-20d0-403b-ac28-01e837353b40', 'D4E5F6G7-H8I9-0123-DEFG-456789012345', 7552000.0, 'VND', 'SUCCEEDED', 'VNPAY', '2024-03-20 00:00:00', '2024-03-20 00:00:00');
INSERT INTO reviews (id, vehicle_id, booking_id, reviewer_id, owner_id, rating, cleanliness, accuracy, communication, value_rating, comment, created_at, updated_at) VALUES ('e53faf83-4579-404d-8684-40c7395203f4', 'V1A2B3C4-D5E6-7890-VHCL-111111111111', 'fb310123-20d0-403b-ac28-01e837353b40', 'D4E5F6G7-H8I9-0123-DEFG-456789012345', 'E5F6G7H8-I9J0-1234-EFGH-567890123456', 3, 3, 3, 3, 3, N'Trải nghiệm tuyệt vời!', '2024-04-07 00:00:00', '2024-04-07 00:00:00');
INSERT INTO bookings (id, vehicle_id, renter_id, owner_id, status, start_date, end_date, total_days, base_price, price_per_day, service_fee, taxes, total, deposit, created_at, updated_at) VALUES ('ed7387f2-4c71-4736-b6c7-069a1b9cd708', 'V1A2B3C4-D5E6-7890-VHCL-111111111111', 'C3D4E5F6-G7H8-9012-CDEF-345678901234', 'E5F6G7H8-I9J0-1234-EFGH-567890123456', 'COMPLETED', '2023-09-18', '2023-09-21', 3, 2400000, 800000, 240000.0, 192000.0, 2832000.0, 3000000, '2023-09-07 00:00:00', '2023-09-07 00:00:00');
INSERT INTO payments (id, booking_id, user_id, amount, currency, status, method, created_at, processed_at) VALUES ('c7694c99-8c13-4225-91a4-0985d70239a5', 'ed7387f2-4c71-4736-b6c7-069a1b9cd708', 'C3D4E5F6-G7H8-9012-CDEF-345678901234', 2832000.0, 'VND', 'SUCCEEDED', 'VNPAY', '2023-09-07 00:00:00', '2023-09-07 00:00:00');
INSERT INTO reviews (id, vehicle_id, booking_id, reviewer_id, owner_id, rating, cleanliness, accuracy, communication, value_rating, comment, created_at, updated_at) VALUES ('ef3c247e-927e-4dd2-927f-d23e52b431ab', 'V1A2B3C4-D5E6-7890-VHCL-111111111111', 'ed7387f2-4c71-4736-b6c7-069a1b9cd708', 'C3D4E5F6-G7H8-9012-CDEF-345678901234', 'E5F6G7H8-I9J0-1234-EFGH-567890123456', 5, 5, 5, 5, 5, N'Trải nghiệm tuyệt vời!', '2023-09-21 00:00:00', '2023-09-21 00:00:00');
INSERT INTO bookings (id, vehicle_id, renter_id, owner_id, status, start_date, end_date, total_days, base_price, price_per_day, service_fee, taxes, total, deposit, created_at, updated_at) VALUES ('6d46fac2-e131-4f2d-b6d3-c0d48cddc333', 'V1A2B3C4-D5E6-7890-VHCL-111111111111', 'C3D4E5F6-G7H8-9012-CDEF-345678901234', 'E5F6G7H8-I9J0-1234-EFGH-567890123456', 'COMPLETED', '2023-08-29', '2023-09-07', 9, 7200000, 800000, 720000.0, 576000.0, 8496000.0, 3000000, '2023-08-15 00:00:00', '2023-08-15 00:00:00');
INSERT INTO payments (id, booking_id, user_id, amount, currency, status, method, created_at, processed_at) VALUES ('74410e9a-71d2-47ec-b52e-9d1255f42c76', '6d46fac2-e131-4f2d-b6d3-c0d48cddc333', 'C3D4E5F6-G7H8-9012-CDEF-345678901234', 8496000.0, 'VND', 'SUCCEEDED', 'VNPAY', '2023-08-15 00:00:00', '2023-08-15 00:00:00');
INSERT INTO reviews (id, vehicle_id, booking_id, reviewer_id, owner_id, rating, cleanliness, accuracy, communication, value_rating, comment, created_at, updated_at) VALUES ('385e5ff3-0de8-4299-8d05-c7ebf94b7410', 'V1A2B3C4-D5E6-7890-VHCL-111111111111', '6d46fac2-e131-4f2d-b6d3-c0d48cddc333', 'C3D4E5F6-G7H8-9012-CDEF-345678901234', 'E5F6G7H8-I9J0-1234-EFGH-567890123456', 5, 5, 5, 5, 5, N'Trải nghiệm tuyệt vời!', '2023-09-07 00:00:00', '2023-09-07 00:00:00');
INSERT INTO bookings (id, vehicle_id, renter_id, owner_id, status, start_date, end_date, total_days, base_price, price_per_day, service_fee, taxes, total, deposit, created_at, updated_at) VALUES ('0c1d07b5-cd95-4ead-8366-75046e15c8e8', 'V1A2B3C4-D5E6-7890-VHCL-111111111111', 'D4E5F6G7-H8I9-0123-DEFG-456789012345', 'E5F6G7H8-I9J0-1234-EFGH-567890123456', 'COMPLETED', '2024-04-14', '2024-04-21', 7, 5600000, 800000, 560000.0, 448000.0, 6608000.0, 3000000, '2024-04-12 00:00:00', '2024-04-12 00:00:00');
INSERT INTO payments (id, booking_id, user_id, amount, currency, status, method, created_at, processed_at) VALUES ('6088bf35-b8d6-4b9f-b5a0-21bce60be3a7', '0c1d07b5-cd95-4ead-8366-75046e15c8e8', 'D4E5F6G7-H8I9-0123-DEFG-456789012345', 6608000.0, 'VND', 'SUCCEEDED', 'VNPAY', '2024-04-12 00:00:00', '2024-04-12 00:00:00');
INSERT INTO reviews (id, vehicle_id, booking_id, reviewer_id, owner_id, rating, cleanliness, accuracy, communication, value_rating, comment, created_at, updated_at) VALUES ('a7f2f6c3-8d4e-442c-b244-ccfa8b3bbada', 'V1A2B3C4-D5E6-7890-VHCL-111111111111', '0c1d07b5-cd95-4ead-8366-75046e15c8e8', 'D4E5F6G7-H8I9-0123-DEFG-456789012345', 'E5F6G7H8-I9J0-1234-EFGH-567890123456', 5, 5, 5, 5, 5, N'Trải nghiệm tuyệt vời!', '2024-04-21 00:00:00', '2024-04-21 00:00:00');
INSERT INTO bookings (id, vehicle_id, renter_id, owner_id, status, start_date, end_date, total_days, base_price, price_per_day, service_fee, taxes, total, deposit, created_at, updated_at) VALUES ('d5162a46-a3d1-44e1-981e-aa6d7e910297', 'V1A2B3C4-D5E6-7890-VHCL-111111111111', 'D4E5F6G7-H8I9-0123-DEFG-456789012345', 'E5F6G7H8-I9J0-1234-EFGH-567890123456', 'COMPLETED', '2023-04-03', '2023-04-10', 7, 5600000, 800000, 560000.0, 448000.0, 6608000.0, 3000000, '2023-03-20 00:00:00', '2023-03-20 00:00:00');
INSERT INTO payments (id, booking_id, user_id, amount, currency, status, method, created_at, processed_at) VALUES ('4106ee0c-4204-470c-83b7-0ad44bcba821', 'd5162a46-a3d1-44e1-981e-aa6d7e910297', 'D4E5F6G7-H8I9-0123-DEFG-456789012345', 6608000.0, 'VND', 'SUCCEEDED', 'VNPAY', '2023-03-20 00:00:00', '2023-03-20 00:00:00');
INSERT INTO reviews (id, vehicle_id, booking_id, reviewer_id, owner_id, rating, cleanliness, accuracy, communication, value_rating, comment, created_at, updated_at) VALUES ('f844371f-e58f-4c5a-84fc-598988b76fd2', 'V1A2B3C4-D5E6-7890-VHCL-111111111111', 'd5162a46-a3d1-44e1-981e-aa6d7e910297', 'D4E5F6G7-H8I9-0123-DEFG-456789012345', 'E5F6G7H8-I9J0-1234-EFGH-567890123456', 4, 4, 4, 4, 4, N'Trải nghiệm tuyệt vời!', '2023-04-10 00:00:00', '2023-04-10 00:00:00');
INSERT INTO bookings (id, vehicle_id, renter_id, owner_id, status, start_date, end_date, total_days, base_price, price_per_day, service_fee, taxes, total, deposit, created_at, updated_at) VALUES ('c2773e9f-0dd9-4be3-9982-92dcc56b0a33', 'V1A2B3C4-D5E6-7890-VHCL-111111111111', 'B2C3D4E5-F6G7-8901-BCDE-234567890123', 'E5F6G7H8-I9J0-1234-EFGH-567890123456', 'COMPLETED', '2023-06-01', '2023-06-09', 8, 6400000, 800000, 640000.0, 512000.0, 7552000.0, 3000000, '2023-05-23 00:00:00', '2023-05-23 00:00:00');
INSERT INTO payments (id, booking_id, user_id, amount, currency, status, method, created_at, processed_at) VALUES ('403ae090-f330-41d0-963c-0d63fa7ca08b', 'c2773e9f-0dd9-4be3-9982-92dcc56b0a33', 'B2C3D4E5-F6G7-8901-BCDE-234567890123', 7552000.0, 'VND', 'SUCCEEDED', 'VNPAY', '2023-05-23 00:00:00', '2023-05-23 00:00:00');
INSERT INTO reviews (id, vehicle_id, booking_id, reviewer_id, owner_id, rating, cleanliness, accuracy, communication, value_rating, comment, created_at, updated_at) VALUES ('b7d4da0b-ab23-440f-a0ba-b2ce8540e5ed', 'V1A2B3C4-D5E6-7890-VHCL-111111111111', 'c2773e9f-0dd9-4be3-9982-92dcc56b0a33', 'B2C3D4E5-F6G7-8901-BCDE-234567890123', 'E5F6G7H8-I9J0-1234-EFGH-567890123456', 4, 4, 4, 4, 4, N'Trải nghiệm tuyệt vời!', '2023-06-09 00:00:00', '2023-06-09 00:00:00');
INSERT INTO bookings (id, vehicle_id, renter_id, owner_id, status, start_date, end_date, total_days, base_price, price_per_day, service_fee, taxes, total, deposit, created_at, updated_at) VALUES ('466e4da5-e2a8-4abe-b63d-d1d2374ee71a', 'V1A2B3C4-D5E6-7890-VHCL-111111111111', 'C3D4E5F6-G7H8-9012-CDEF-345678901234', 'E5F6G7H8-I9J0-1234-EFGH-567890123456', 'COMPLETED', '2024-04-10', '2024-04-15', 5, 4000000, 800000, 400000.0, 320000.0, 4720000.0, 3000000, '2024-04-05 00:00:00', '2024-04-05 00:00:00');
INSERT INTO payments (id, booking_id, user_id, amount, currency, status, method, created_at, processed_at) VALUES ('98d06b45-8319-4b1d-b1c2-a46846068a0c', '466e4da5-e2a8-4abe-b63d-d1d2374ee71a', 'C3D4E5F6-G7H8-9012-CDEF-345678901234', 4720000.0, 'VND', 'SUCCEEDED', 'VNPAY', '2024-04-05 00:00:00', '2024-04-05 00:00:00');
INSERT INTO reviews (id, vehicle_id, booking_id, reviewer_id, owner_id, rating, cleanliness, accuracy, communication, value_rating, comment, created_at, updated_at) VALUES ('58fc266a-a114-4130-abcb-dc3fa74387c3', 'V1A2B3C4-D5E6-7890-VHCL-111111111111', '466e4da5-e2a8-4abe-b63d-d1d2374ee71a', 'C3D4E5F6-G7H8-9012-CDEF-345678901234', 'E5F6G7H8-I9J0-1234-EFGH-567890123456', 5, 5, 5, 5, 5, N'Trải nghiệm tuyệt vời!', '2024-04-15 00:00:00', '2024-04-15 00:00:00');
INSERT INTO bookings (id, vehicle_id, renter_id, owner_id, status, start_date, end_date, total_days, base_price, price_per_day, service_fee, taxes, total, deposit, created_at, updated_at) VALUES ('a0c7b956-df4b-450d-891d-d8e76e6ccfe0', 'V1A2B3C4-D5E6-7890-VHCL-111111111111', 'B2C3D4E5-F6G7-8901-BCDE-234567890123', 'E5F6G7H8-I9J0-1234-EFGH-567890123456', 'COMPLETED', '2024-01-08', '2024-01-13', 5, 4000000, 800000, 400000.0, 320000.0, 4720000.0, 3000000, '2024-01-03 00:00:00', '2024-01-03 00:00:00');
INSERT INTO payments (id, booking_id, user_id, amount, currency, status, method, created_at, processed_at) VALUES ('80922726-c815-4159-b931-50d538b819bb', 'a0c7b956-df4b-450d-891d-d8e76e6ccfe0', 'B2C3D4E5-F6G7-8901-BCDE-234567890123', 4720000.0, 'VND', 'SUCCEEDED', 'VNPAY', '2024-01-03 00:00:00', '2024-01-03 00:00:00');
INSERT INTO reviews (id, vehicle_id, booking_id, reviewer_id, owner_id, rating, cleanliness, accuracy, communication, value_rating, comment, created_at, updated_at) VALUES ('732f1c4d-d155-4a6f-9d19-7f6a6abb8995', 'V1A2B3C4-D5E6-7890-VHCL-111111111111', 'a0c7b956-df4b-450d-891d-d8e76e6ccfe0', 'B2C3D4E5-F6G7-8901-BCDE-234567890123', 'E5F6G7H8-I9J0-1234-EFGH-567890123456', 3, 3, 3, 3, 3, N'Trải nghiệm tuyệt vời!', '2024-01-13 00:00:00', '2024-01-13 00:00:00');
INSERT INTO bookings (id, vehicle_id, renter_id, owner_id, status, start_date, end_date, total_days, base_price, price_per_day, service_fee, taxes, total, deposit, created_at, updated_at) VALUES ('c98360ef-2f12-4b9f-8489-e23889fa2f28', 'V1A2B3C4-D5E6-7890-VHCL-111111111111', 'D4E5F6G7-H8I9-0123-DEFG-456789012345', 'E5F6G7H8-I9J0-1234-EFGH-567890123456', 'COMPLETED', '2023-10-22', '2023-10-26', 4, 3200000, 800000, 320000.0, 256000.0, 3776000.0, 3000000, '2023-10-09 00:00:00', '2023-10-09 00:00:00');
INSERT INTO payments (id, booking_id, user_id, amount, currency, status, method, created_at, processed_at) VALUES ('f4d8b00b-b812-4cf0-a868-ab12fe1b3092', 'c98360ef-2f12-4b9f-8489-e23889fa2f28', 'D4E5F6G7-H8I9-0123-DEFG-456789012345', 3776000.0, 'VND', 'SUCCEEDED', 'VNPAY', '2023-10-09 00:00:00', '2023-10-09 00:00:00');
INSERT INTO reviews (id, vehicle_id, booking_id, reviewer_id, owner_id, rating, cleanliness, accuracy, communication, value_rating, comment, created_at, updated_at) VALUES ('f46f772c-d14f-4739-ae3f-97c2d6af2bb1', 'V1A2B3C4-D5E6-7890-VHCL-111111111111', 'c98360ef-2f12-4b9f-8489-e23889fa2f28', 'D4E5F6G7-H8I9-0123-DEFG-456789012345', 'E5F6G7H8-I9J0-1234-EFGH-567890123456', 3, 3, 3, 3, 3, N'Trải nghiệm tuyệt vời!', '2023-10-26 00:00:00', '2023-10-26 00:00:00');
INSERT INTO bookings (id, vehicle_id, renter_id, owner_id, status, start_date, end_date, total_days, base_price, price_per_day, service_fee, taxes, total, deposit, created_at, updated_at) VALUES ('4b49dfa5-a4b0-49d6-9a8e-a4abecdc2a60', 'V1A2B3C4-D5E6-7890-VHCL-111111111111', 'B2C3D4E5-F6G7-8901-BCDE-234567890123', 'E5F6G7H8-I9J0-1234-EFGH-567890123456', 'COMPLETED', '2023-02-07', '2023-02-17', 10, 8000000, 800000, 800000.0, 640000.0, 9440000.0, 3000000, '2023-02-04 00:00:00', '2023-02-04 00:00:00');
INSERT INTO payments (id, booking_id, user_id, amount, currency, status, method, created_at, processed_at) VALUES ('4f89fba0-5308-46f5-a656-01b44c34ef9c', '4b49dfa5-a4b0-49d6-9a8e-a4abecdc2a60', 'B2C3D4E5-F6G7-8901-BCDE-234567890123', 9440000.0, 'VND', 'SUCCEEDED', 'VNPAY', '2023-02-04 00:00:00', '2023-02-04 00:00:00');
INSERT INTO reviews (id, vehicle_id, booking_id, reviewer_id, owner_id, rating, cleanliness, accuracy, communication, value_rating, comment, created_at, updated_at) VALUES ('6f8d6525-e41d-4f19-881a-3ef6e985e6e4', 'V1A2B3C4-D5E6-7890-VHCL-111111111111', '4b49dfa5-a4b0-49d6-9a8e-a4abecdc2a60', 'B2C3D4E5-F6G7-8901-BCDE-234567890123', 'E5F6G7H8-I9J0-1234-EFGH-567890123456', 4, 4, 4, 4, 4, N'Trải nghiệm tuyệt vời!', '2023-02-17 00:00:00', '2023-02-17 00:00:00');
INSERT INTO bookings (id, vehicle_id, renter_id, owner_id, status, start_date, end_date, total_days, base_price, price_per_day, service_fee, taxes, total, deposit, created_at, updated_at) VALUES ('710016ce-50d9-4de1-8e8b-c7b2217daf64', 'V1A2B3C4-D5E6-7890-VHCL-111111111111', 'D4E5F6G7-H8I9-0123-DEFG-456789012345', 'E5F6G7H8-I9J0-1234-EFGH-567890123456', 'COMPLETED', '2023-12-31', '2024-01-03', 3, 2400000, 800000, 240000.0, 192000.0, 2832000.0, 3000000, '2023-12-29 00:00:00', '2023-12-29 00:00:00');
INSERT INTO payments (id, booking_id, user_id, amount, currency, status, method, created_at, processed_at) VALUES ('c5c5f290-0986-43b3-b934-3e8feed03d7c', '710016ce-50d9-4de1-8e8b-c7b2217daf64', 'D4E5F6G7-H8I9-0123-DEFG-456789012345', 2832000.0, 'VND', 'SUCCEEDED', 'VNPAY', '2023-12-29 00:00:00', '2023-12-29 00:00:00');
INSERT INTO reviews (id, vehicle_id, booking_id, reviewer_id, owner_id, rating, cleanliness, accuracy, communication, value_rating, comment, created_at, updated_at) VALUES ('7b5ef844-b5f9-44ee-aaed-7ace872efa76', 'V1A2B3C4-D5E6-7890-VHCL-111111111111', '710016ce-50d9-4de1-8e8b-c7b2217daf64', 'D4E5F6G7-H8I9-0123-DEFG-456789012345', 'E5F6G7H8-I9J0-1234-EFGH-567890123456', 4, 4, 4, 4, 4, N'Trải nghiệm tuyệt vời!', '2024-01-03 00:00:00', '2024-01-03 00:00:00');
INSERT INTO bookings (id, vehicle_id, renter_id, owner_id, status, start_date, end_date, total_days, base_price, price_per_day, service_fee, taxes, total, deposit, created_at, updated_at) VALUES ('c0e4d7ee-dd38-4293-84e7-e927687ce4a0', 'V1A2B3C4-D5E6-7890-VHCL-111111111111', 'B2C3D4E5-F6G7-8901-BCDE-234567890123', 'E5F6G7H8-I9J0-1234-EFGH-567890123456', 'COMPLETED', '2024-04-26', '2024-05-05', 9, 7200000, 800000, 720000.0, 576000.0, 8496000.0, 3000000, '2024-04-20 00:00:00', '2024-04-20 00:00:00');
INSERT INTO payments (id, booking_id, user_id, amount, currency, status, method, created_at, processed_at) VALUES ('98afc38b-5535-4264-9727-8853d728f27a', 'c0e4d7ee-dd38-4293-84e7-e927687ce4a0', 'B2C3D4E5-F6G7-8901-BCDE-234567890123', 8496000.0, 'VND', 'SUCCEEDED', 'VNPAY', '2024-04-20 00:00:00', '2024-04-20 00:00:00');
INSERT INTO reviews (id, vehicle_id, booking_id, reviewer_id, owner_id, rating, cleanliness, accuracy, communication, value_rating, comment, created_at, updated_at) VALUES ('5fec933d-38c4-4b60-9314-9faca31fe9f1', 'V1A2B3C4-D5E6-7890-VHCL-111111111111', 'c0e4d7ee-dd38-4293-84e7-e927687ce4a0', 'B2C3D4E5-F6G7-8901-BCDE-234567890123', 'E5F6G7H8-I9J0-1234-EFGH-567890123456', 5, 5, 5, 5, 5, N'Trải nghiệm tuyệt vời!', '2024-05-05 00:00:00', '2024-05-05 00:00:00');
INSERT INTO bookings (id, vehicle_id, renter_id, owner_id, status, start_date, end_date, total_days, base_price, price_per_day, service_fee, taxes, total, deposit, created_at, updated_at) VALUES ('50d53ee4-0bda-44c2-ac33-08248a3f443a', 'V1A2B3C4-D5E6-7890-VHCL-111111111111', 'C3D4E5F6-G7H8-9012-CDEF-345678901234', 'E5F6G7H8-I9J0-1234-EFGH-567890123456', 'COMPLETED', '2023-02-08', '2023-02-11', 3, 2400000, 800000, 240000.0, 192000.0, 2832000.0, 3000000, '2023-01-31 00:00:00', '2023-01-31 00:00:00');
INSERT INTO payments (id, booking_id, user_id, amount, currency, status, method, created_at, processed_at) VALUES ('34af5d6a-b7a9-420b-b938-d2d3e671170a', '50d53ee4-0bda-44c2-ac33-08248a3f443a', 'C3D4E5F6-G7H8-9012-CDEF-345678901234', 2832000.0, 'VND', 'SUCCEEDED', 'VNPAY', '2023-01-31 00:00:00', '2023-01-31 00:00:00');
INSERT INTO reviews (id, vehicle_id, booking_id, reviewer_id, owner_id, rating, cleanliness, accuracy, communication, value_rating, comment, created_at, updated_at) VALUES ('49814c86-beed-4410-82db-ee4e40605c1d', 'V1A2B3C4-D5E6-7890-VHCL-111111111111', '50d53ee4-0bda-44c2-ac33-08248a3f443a', 'C3D4E5F6-G7H8-9012-CDEF-345678901234', 'E5F6G7H8-I9J0-1234-EFGH-567890123456', 5, 5, 5, 5, 5, N'Trải nghiệm tuyệt vời!', '2023-02-11 00:00:00', '2023-02-11 00:00:00');
INSERT INTO bookings (id, vehicle_id, renter_id, owner_id, status, start_date, end_date, total_days, base_price, price_per_day, service_fee, taxes, total, deposit, created_at, updated_at) VALUES ('322e0c9c-1a8c-4029-9aa0-b62d96dca045', 'V1A2B3C4-D5E6-7890-VHCL-111111111111', 'D4E5F6G7-H8I9-0123-DEFG-456789012345', 'E5F6G7H8-I9J0-1234-EFGH-567890123456', 'CANCELLED', '2023-07-15', '2023-07-25', 10, 8000000, 800000, 800000.0, 640000.0, 9440000.0, 3000000, '2023-07-08 00:00:00', '2023-07-08 00:00:00');
INSERT INTO payments (id, booking_id, user_id, amount, currency, status, method, created_at, processed_at) VALUES ('c1256652-fe0d-4469-9dd2-8a5f2231ba72', '322e0c9c-1a8c-4029-9aa0-b62d96dca045', 'D4E5F6G7-H8I9-0123-DEFG-456789012345', 9440000.0, 'VND', 'REFUNDED', 'VNPAY', '2023-07-08 00:00:00', '2023-07-08 00:00:00');
INSERT INTO bookings (id, vehicle_id, renter_id, owner_id, status, start_date, end_date, total_days, base_price, price_per_day, service_fee, taxes, total, deposit, created_at, updated_at) VALUES ('153d17dd-5f96-4195-8b25-12022f45a71c', 'V1A2B3C4-D5E6-7890-VHCL-111111111111', 'B2C3D4E5-F6G7-8901-BCDE-234567890123', 'E5F6G7H8-I9J0-1234-EFGH-567890123456', 'COMPLETED', '2023-08-14', '2023-08-23', 9, 7200000, 800000, 720000.0, 576000.0, 8496000.0, 3000000, '2023-08-09 00:00:00', '2023-08-09 00:00:00');
INSERT INTO payments (id, booking_id, user_id, amount, currency, status, method, created_at, processed_at) VALUES ('134e3f88-e46e-44c3-a9aa-76542a50eac0', '153d17dd-5f96-4195-8b25-12022f45a71c', 'B2C3D4E5-F6G7-8901-BCDE-234567890123', 8496000.0, 'VND', 'SUCCEEDED', 'VNPAY', '2023-08-09 00:00:00', '2023-08-09 00:00:00');
INSERT INTO reviews (id, vehicle_id, booking_id, reviewer_id, owner_id, rating, cleanliness, accuracy, communication, value_rating, comment, created_at, updated_at) VALUES ('4a637e88-6249-4198-8732-6d27986b1748', 'V1A2B3C4-D5E6-7890-VHCL-111111111111', '153d17dd-5f96-4195-8b25-12022f45a71c', 'B2C3D4E5-F6G7-8901-BCDE-234567890123', 'E5F6G7H8-I9J0-1234-EFGH-567890123456', 5, 5, 5, 5, 5, N'Trải nghiệm tuyệt vời!', '2023-08-23 00:00:00', '2023-08-23 00:00:00');
INSERT INTO bookings (id, vehicle_id, renter_id, owner_id, status, start_date, end_date, total_days, base_price, price_per_day, service_fee, taxes, total, deposit, created_at, updated_at) VALUES ('9c0967bb-7c49-4365-b765-ef145a104b57', 'V1A2B3C4-D5E6-7890-VHCL-111111111111', 'D4E5F6G7-H8I9-0123-DEFG-456789012345', 'E5F6G7H8-I9J0-1234-EFGH-567890123456', 'COMPLETED', '2023-02-12', '2023-02-19', 7, 5600000, 800000, 560000.0, 448000.0, 6608000.0, 3000000, '2023-02-11 00:00:00', '2023-02-11 00:00:00');
INSERT INTO payments (id, booking_id, user_id, amount, currency, status, method, created_at, processed_at) VALUES ('85a58854-605e-40f6-9e55-f5e00d0f5bfb', '9c0967bb-7c49-4365-b765-ef145a104b57', 'D4E5F6G7-H8I9-0123-DEFG-456789012345', 6608000.0, 'VND', 'SUCCEEDED', 'VNPAY', '2023-02-11 00:00:00', '2023-02-11 00:00:00');
INSERT INTO reviews (id, vehicle_id, booking_id, reviewer_id, owner_id, rating, cleanliness, accuracy, communication, value_rating, comment, created_at, updated_at) VALUES ('ee396b10-9f00-40b8-a1e2-2cbae86ab686', 'V1A2B3C4-D5E6-7890-VHCL-111111111111', '9c0967bb-7c49-4365-b765-ef145a104b57', 'D4E5F6G7-H8I9-0123-DEFG-456789012345', 'E5F6G7H8-I9J0-1234-EFGH-567890123456', 5, 5, 5, 5, 5, N'Trải nghiệm tuyệt vời!', '2023-02-19 00:00:00', '2023-02-19 00:00:00');
INSERT INTO bookings (id, vehicle_id, renter_id, owner_id, status, start_date, end_date, total_days, base_price, price_per_day, service_fee, taxes, total, deposit, created_at, updated_at) VALUES ('17d389ae-e3ed-4736-9ece-2a35df52671e', 'V1A2B3C4-D5E6-7890-VHCL-111111111111', 'D4E5F6G7-H8I9-0123-DEFG-456789012345', 'E5F6G7H8-I9J0-1234-EFGH-567890123456', 'COMPLETED', '2023-09-08', '2023-09-18', 10, 8000000, 800000, 800000.0, 640000.0, 9440000.0, 3000000, '2023-08-26 00:00:00', '2023-08-26 00:00:00');
INSERT INTO payments (id, booking_id, user_id, amount, currency, status, method, created_at, processed_at) VALUES ('41321db5-7b0d-415f-bb56-529e49103e41', '17d389ae-e3ed-4736-9ece-2a35df52671e', 'D4E5F6G7-H8I9-0123-DEFG-456789012345', 9440000.0, 'VND', 'SUCCEEDED', 'VNPAY', '2023-08-26 00:00:00', '2023-08-26 00:00:00');
INSERT INTO reviews (id, vehicle_id, booking_id, reviewer_id, owner_id, rating, cleanliness, accuracy, communication, value_rating, comment, created_at, updated_at) VALUES ('4cef3905-1849-478b-a72b-ee80afe176c1', 'V1A2B3C4-D5E6-7890-VHCL-111111111111', '17d389ae-e3ed-4736-9ece-2a35df52671e', 'D4E5F6G7-H8I9-0123-DEFG-456789012345', 'E5F6G7H8-I9J0-1234-EFGH-567890123456', 4, 4, 4, 4, 4, N'Trải nghiệm tuyệt vời!', '2023-09-18 00:00:00', '2023-09-18 00:00:00');
INSERT INTO bookings (id, vehicle_id, renter_id, owner_id, status, start_date, end_date, total_days, base_price, price_per_day, service_fee, taxes, total, deposit, created_at, updated_at) VALUES ('8515e4bc-dda7-45de-b436-ba1b8778c582', 'V1A2B3C4-D5E6-7890-VHCL-111111111111', 'B2C3D4E5-F6G7-8901-BCDE-234567890123', 'E5F6G7H8-I9J0-1234-EFGH-567890123456', 'COMPLETED', '2023-04-14', '2023-04-20', 6, 4800000, 800000, 480000.0, 384000.0, 5664000.0, 3000000, '2023-03-31 00:00:00', '2023-03-31 00:00:00');
INSERT INTO payments (id, booking_id, user_id, amount, currency, status, method, created_at, processed_at) VALUES ('2ecf43b6-8bc4-4193-929d-7529e52c471b', '8515e4bc-dda7-45de-b436-ba1b8778c582', 'B2C3D4E5-F6G7-8901-BCDE-234567890123', 5664000.0, 'VND', 'SUCCEEDED', 'VNPAY', '2023-03-31 00:00:00', '2023-03-31 00:00:00');
INSERT INTO reviews (id, vehicle_id, booking_id, reviewer_id, owner_id, rating, cleanliness, accuracy, communication, value_rating, comment, created_at, updated_at) VALUES ('4fb9b5a5-0a8d-4081-8f06-0f68bf305aed', 'V1A2B3C4-D5E6-7890-VHCL-111111111111', '8515e4bc-dda7-45de-b436-ba1b8778c582', 'B2C3D4E5-F6G7-8901-BCDE-234567890123', 'E5F6G7H8-I9J0-1234-EFGH-567890123456', 5, 5, 5, 5, 5, N'Trải nghiệm tuyệt vời!', '2023-04-20 00:00:00', '2023-04-20 00:00:00');
INSERT INTO bookings (id, vehicle_id, renter_id, owner_id, status, start_date, end_date, total_days, base_price, price_per_day, service_fee, taxes, total, deposit, created_at, updated_at) VALUES ('65d5c318-c60b-493d-915c-db6db46d6f65', 'V1A2B3C4-D5E6-7890-VHCL-111111111111', 'D4E5F6G7-H8I9-0123-DEFG-456789012345', 'E5F6G7H8-I9J0-1234-EFGH-567890123456', 'COMPLETED', '2023-12-17', '2023-12-23', 6, 4800000, 800000, 480000.0, 384000.0, 5664000.0, 3000000, '2023-12-15 00:00:00', '2023-12-15 00:00:00');
INSERT INTO payments (id, booking_id, user_id, amount, currency, status, method, created_at, processed_at) VALUES ('19707e27-7f9d-4cf7-aacd-7580dc6b2b3f', '65d5c318-c60b-493d-915c-db6db46d6f65', 'D4E5F6G7-H8I9-0123-DEFG-456789012345', 5664000.0, 'VND', 'SUCCEEDED', 'VNPAY', '2023-12-15 00:00:00', '2023-12-15 00:00:00');
INSERT INTO reviews (id, vehicle_id, booking_id, reviewer_id, owner_id, rating, cleanliness, accuracy, communication, value_rating, comment, created_at, updated_at) VALUES ('372e84d6-801e-46ec-b03d-c258ad09f174', 'V1A2B3C4-D5E6-7890-VHCL-111111111111', '65d5c318-c60b-493d-915c-db6db46d6f65', 'D4E5F6G7-H8I9-0123-DEFG-456789012345', 'E5F6G7H8-I9J0-1234-EFGH-567890123456', 5, 5, 5, 5, 5, N'Trải nghiệm tuyệt vời!', '2023-12-23 00:00:00', '2023-12-23 00:00:00');
INSERT INTO bookings (id, vehicle_id, renter_id, owner_id, status, start_date, end_date, total_days, base_price, price_per_day, service_fee, taxes, total, deposit, created_at, updated_at) VALUES ('33bf62fe-a0fb-4751-890d-ae311ac66719', 'V1A2B3C4-D5E6-7890-VHCL-111111111111', 'C3D4E5F6-G7H8-9012-CDEF-345678901234', 'E5F6G7H8-I9J0-1234-EFGH-567890123456', 'COMPLETED', '2023-07-04', '2023-07-08', 4, 3200000, 800000, 320000.0, 256000.0, 3776000.0, 3000000, '2023-06-23 00:00:00', '2023-06-23 00:00:00');
INSERT INTO payments (id, booking_id, user_id, amount, currency, status, method, created_at, processed_at) VALUES ('836fe829-3fc4-4539-ba7d-713a5aaf9fc0', '33bf62fe-a0fb-4751-890d-ae311ac66719', 'C3D4E5F6-G7H8-9012-CDEF-345678901234', 3776000.0, 'VND', 'SUCCEEDED', 'VNPAY', '2023-06-23 00:00:00', '2023-06-23 00:00:00');
INSERT INTO reviews (id, vehicle_id, booking_id, reviewer_id, owner_id, rating, cleanliness, accuracy, communication, value_rating, comment, created_at, updated_at) VALUES ('71a0dbcf-9931-482c-a8b7-36a8a14a1376', 'V1A2B3C4-D5E6-7890-VHCL-111111111111', '33bf62fe-a0fb-4751-890d-ae311ac66719', 'C3D4E5F6-G7H8-9012-CDEF-345678901234', 'E5F6G7H8-I9J0-1234-EFGH-567890123456', 5, 5, 5, 5, 5, N'Trải nghiệm tuyệt vời!', '2023-07-08 00:00:00', '2023-07-08 00:00:00');
INSERT INTO bookings (id, vehicle_id, renter_id, owner_id, status, start_date, end_date, total_days, base_price, price_per_day, service_fee, taxes, total, deposit, created_at, updated_at) VALUES ('09cc021a-928a-4a4a-9f01-d42a32bab082', 'V1A2B3C4-D5E6-7890-VHCL-111111111111', 'B2C3D4E5-F6G7-8901-BCDE-234567890123', 'E5F6G7H8-I9J0-1234-EFGH-567890123456', 'COMPLETED', '2024-03-24', '2024-03-27', 3, 2400000, 800000, 240000.0, 192000.0, 2832000.0, 3000000, '2024-03-20 00:00:00', '2024-03-20 00:00:00');
INSERT INTO payments (id, booking_id, user_id, amount, currency, status, method, created_at, processed_at) VALUES ('f2a0df3a-af41-4d87-bb46-5f77dee827ce', '09cc021a-928a-4a4a-9f01-d42a32bab082', 'B2C3D4E5-F6G7-8901-BCDE-234567890123', 2832000.0, 'VND', 'SUCCEEDED', 'VNPAY', '2024-03-20 00:00:00', '2024-03-20 00:00:00');
INSERT INTO reviews (id, vehicle_id, booking_id, reviewer_id, owner_id, rating, cleanliness, accuracy, communication, value_rating, comment, created_at, updated_at) VALUES ('1fe4d997-97f4-4aa2-b7b9-a40633a0ef12', 'V1A2B3C4-D5E6-7890-VHCL-111111111111', '09cc021a-928a-4a4a-9f01-d42a32bab082', 'B2C3D4E5-F6G7-8901-BCDE-234567890123', 'E5F6G7H8-I9J0-1234-EFGH-567890123456', 3, 3, 3, 3, 3, N'Trải nghiệm tuyệt vời!', '2024-03-27 00:00:00', '2024-03-27 00:00:00');
INSERT INTO bookings (id, vehicle_id, renter_id, owner_id, status, start_date, end_date, total_days, base_price, price_per_day, service_fee, taxes, total, deposit, created_at, updated_at) VALUES ('0ece5a77-3938-44b4-a627-89f16a75ca25', 'V1A2B3C4-D5E6-7890-VHCL-111111111111', 'B2C3D4E5-F6G7-8901-BCDE-234567890123', 'E5F6G7H8-I9J0-1234-EFGH-567890123456', 'COMPLETED', '2024-01-14', '2024-01-21', 7, 5600000, 800000, 560000.0, 448000.0, 6608000.0, 3000000, '2024-01-01 00:00:00', '2024-01-01 00:00:00');
INSERT INTO payments (id, booking_id, user_id, amount, currency, status, method, created_at, processed_at) VALUES ('70314257-dfa8-4922-9ac5-4089cbacd659', '0ece5a77-3938-44b4-a627-89f16a75ca25', 'B2C3D4E5-F6G7-8901-BCDE-234567890123', 6608000.0, 'VND', 'SUCCEEDED', 'VNPAY', '2024-01-01 00:00:00', '2024-01-01 00:00:00');
INSERT INTO reviews (id, vehicle_id, booking_id, reviewer_id, owner_id, rating, cleanliness, accuracy, communication, value_rating, comment, created_at, updated_at) VALUES ('2a417be4-aead-4186-a289-0caff3588753', 'V1A2B3C4-D5E6-7890-VHCL-111111111111', '0ece5a77-3938-44b4-a627-89f16a75ca25', 'B2C3D4E5-F6G7-8901-BCDE-234567890123', 'E5F6G7H8-I9J0-1234-EFGH-567890123456', 4, 4, 4, 4, 4, N'Trải nghiệm tuyệt vời!', '2024-01-21 00:00:00', '2024-01-21 00:00:00');
INSERT INTO bookings (id, vehicle_id, renter_id, owner_id, status, start_date, end_date, total_days, base_price, price_per_day, service_fee, taxes, total, deposit, created_at, updated_at) VALUES ('e63bf455-b981-4294-9d19-c5d0ff9c7d0b', 'V1A2B3C4-D5E6-7890-VHCL-111111111111', 'B2C3D4E5-F6G7-8901-BCDE-234567890123', 'E5F6G7H8-I9J0-1234-EFGH-567890123456', 'COMPLETED', '2023-06-08', '2023-06-10', 2, 1600000, 800000, 160000.0, 128000.0, 1888000.0, 3000000, '2023-06-04 00:00:00', '2023-06-04 00:00:00');
INSERT INTO payments (id, booking_id, user_id, amount, currency, status, method, created_at, processed_at) VALUES ('645390ed-fa2b-44bd-acf6-3dadd9ab1875', 'e63bf455-b981-4294-9d19-c5d0ff9c7d0b', 'B2C3D4E5-F6G7-8901-BCDE-234567890123', 1888000.0, 'VND', 'SUCCEEDED', 'VNPAY', '2023-06-04 00:00:00', '2023-06-04 00:00:00');
INSERT INTO reviews (id, vehicle_id, booking_id, reviewer_id, owner_id, rating, cleanliness, accuracy, communication, value_rating, comment, created_at, updated_at) VALUES ('62a7efdd-121e-4fec-883c-4e58fed888aa', 'V1A2B3C4-D5E6-7890-VHCL-111111111111', 'e63bf455-b981-4294-9d19-c5d0ff9c7d0b', 'B2C3D4E5-F6G7-8901-BCDE-234567890123', 'E5F6G7H8-I9J0-1234-EFGH-567890123456', 5, 5, 5, 5, 5, N'Trải nghiệm tuyệt vời!', '2023-06-10 00:00:00', '2023-06-10 00:00:00');
INSERT INTO bookings (id, vehicle_id, renter_id, owner_id, status, start_date, end_date, total_days, base_price, price_per_day, service_fee, taxes, total, deposit, created_at, updated_at) VALUES ('1e1829e8-9aae-4036-a146-8d8f6b8c9a67', 'V1A2B3C4-D5E6-7890-VHCL-111111111111', 'B2C3D4E5-F6G7-8901-BCDE-234567890123', 'E5F6G7H8-I9J0-1234-EFGH-567890123456', 'COMPLETED', '2023-10-30', '2023-11-08', 9, 7200000, 800000, 720000.0, 576000.0, 8496000.0, 3000000, '2023-10-27 00:00:00', '2023-10-27 00:00:00');
INSERT INTO payments (id, booking_id, user_id, amount, currency, status, method, created_at, processed_at) VALUES ('ac8685f8-735f-47a9-8e8a-e2ecdccd8cd4', '1e1829e8-9aae-4036-a146-8d8f6b8c9a67', 'B2C3D4E5-F6G7-8901-BCDE-234567890123', 8496000.0, 'VND', 'SUCCEEDED', 'VNPAY', '2023-10-27 00:00:00', '2023-10-27 00:00:00');
INSERT INTO reviews (id, vehicle_id, booking_id, reviewer_id, owner_id, rating, cleanliness, accuracy, communication, value_rating, comment, created_at, updated_at) VALUES ('38965072-84c9-4e7d-90dd-a48f80bd33ea', 'V1A2B3C4-D5E6-7890-VHCL-111111111111', '1e1829e8-9aae-4036-a146-8d8f6b8c9a67', 'B2C3D4E5-F6G7-8901-BCDE-234567890123', 'E5F6G7H8-I9J0-1234-EFGH-567890123456', 5, 5, 5, 5, 5, N'Trải nghiệm tuyệt vời!', '2023-11-08 00:00:00', '2023-11-08 00:00:00');
INSERT INTO bookings (id, vehicle_id, renter_id, owner_id, status, start_date, end_date, total_days, base_price, price_per_day, service_fee, taxes, total, deposit, created_at, updated_at) VALUES ('97fad9a7-c17d-4322-b107-6a18b5fa674b', 'V1A2B3C4-D5E6-7890-VHCL-111111111111', 'B2C3D4E5-F6G7-8901-BCDE-234567890123', 'E5F6G7H8-I9J0-1234-EFGH-567890123456', 'COMPLETED', '2024-05-22', '2024-05-23', 1, 800000, 800000, 80000.0, 64000.0, 944000.0, 3000000, '2024-05-20 00:00:00', '2024-05-20 00:00:00');
INSERT INTO payments (id, booking_id, user_id, amount, currency, status, method, created_at, processed_at) VALUES ('93c8b82a-d9b5-48a1-b9b0-7a8dc096ff01', '97fad9a7-c17d-4322-b107-6a18b5fa674b', 'B2C3D4E5-F6G7-8901-BCDE-234567890123', 944000.0, 'VND', 'SUCCEEDED', 'VNPAY', '2024-05-20 00:00:00', '2024-05-20 00:00:00');
INSERT INTO reviews (id, vehicle_id, booking_id, reviewer_id, owner_id, rating, cleanliness, accuracy, communication, value_rating, comment, created_at, updated_at) VALUES ('b2317c9f-7d67-4a53-bf72-2062d1230fed', 'V1A2B3C4-D5E6-7890-VHCL-111111111111', '97fad9a7-c17d-4322-b107-6a18b5fa674b', 'B2C3D4E5-F6G7-8901-BCDE-234567890123', 'E5F6G7H8-I9J0-1234-EFGH-567890123456', 3, 3, 3, 3, 3, N'Trải nghiệm tuyệt vời!', '2024-05-23 00:00:00', '2024-05-23 00:00:00');
INSERT INTO bookings (id, vehicle_id, renter_id, owner_id, status, start_date, end_date, total_days, base_price, price_per_day, service_fee, taxes, total, deposit, created_at, updated_at) VALUES ('3dbc44ee-0f7f-4b60-8acc-9d8b6e8fc31f', 'V1A2B3C4-D5E6-7890-VHCL-111111111111', 'D4E5F6G7-H8I9-0123-DEFG-456789012345', 'E5F6G7H8-I9J0-1234-EFGH-567890123456', 'COMPLETED', '2023-12-11', '2023-12-13', 2, 1600000, 800000, 160000.0, 128000.0, 1888000.0, 3000000, '2023-11-30 00:00:00', '2023-11-30 00:00:00');
INSERT INTO payments (id, booking_id, user_id, amount, currency, status, method, created_at, processed_at) VALUES ('e85514c2-c1e5-4d2d-85e0-8e9917bc7b73', '3dbc44ee-0f7f-4b60-8acc-9d8b6e8fc31f', 'D4E5F6G7-H8I9-0123-DEFG-456789012345', 1888000.0, 'VND', 'SUCCEEDED', 'VNPAY', '2023-11-30 00:00:00', '2023-11-30 00:00:00');
INSERT INTO reviews (id, vehicle_id, booking_id, reviewer_id, owner_id, rating, cleanliness, accuracy, communication, value_rating, comment, created_at, updated_at) VALUES ('d2a90bb5-b5a6-417c-a732-398e4be16508', 'V1A2B3C4-D5E6-7890-VHCL-111111111111', '3dbc44ee-0f7f-4b60-8acc-9d8b6e8fc31f', 'D4E5F6G7-H8I9-0123-DEFG-456789012345', 'E5F6G7H8-I9J0-1234-EFGH-567890123456', 5, 5, 5, 5, 5, N'Trải nghiệm tuyệt vời!', '2023-12-13 00:00:00', '2023-12-13 00:00:00');
INSERT INTO bookings (id, vehicle_id, renter_id, owner_id, status, start_date, end_date, total_days, base_price, price_per_day, service_fee, taxes, total, deposit, created_at, updated_at) VALUES ('33f8c5ac-8fbb-4bb8-bc31-2e8e037aab5d', 'V1A2B3C4-D5E6-7890-VHCL-111111111111', 'C3D4E5F6-G7H8-9012-CDEF-345678901234', 'E5F6G7H8-I9J0-1234-EFGH-567890123456', 'CANCELLED', '2023-03-14', '2023-03-19', 5, 4000000, 800000, 400000.0, 320000.0, 4720000.0, 3000000, '2023-03-01 00:00:00', '2023-03-01 00:00:00');
INSERT INTO payments (id, booking_id, user_id, amount, currency, status, method, created_at, processed_at) VALUES ('ff5773e6-56b5-4eac-99e7-de36518491b5', '33f8c5ac-8fbb-4bb8-bc31-2e8e037aab5d', 'C3D4E5F6-G7H8-9012-CDEF-345678901234', 4720000.0, 'VND', 'REFUNDED', 'VNPAY', '2023-03-01 00:00:00', '2023-03-01 00:00:00');
INSERT INTO bookings (id, vehicle_id, renter_id, owner_id, status, start_date, end_date, total_days, base_price, price_per_day, service_fee, taxes, total, deposit, created_at, updated_at) VALUES ('32d3ca78-259f-43ae-9784-f30c8872037a', 'V1A2B3C4-D5E6-7890-VHCL-111111111111', 'B2C3D4E5-F6G7-8901-BCDE-234567890123', 'E5F6G7H8-I9J0-1234-EFGH-567890123456', 'COMPLETED', '2024-05-19', '2024-05-22', 3, 2400000, 800000, 240000.0, 192000.0, 2832000.0, 3000000, '2024-05-11 00:00:00', '2024-05-11 00:00:00');
INSERT INTO payments (id, booking_id, user_id, amount, currency, status, method, created_at, processed_at) VALUES ('e0ca8ace-4dab-4047-94c6-35481496ecbf', '32d3ca78-259f-43ae-9784-f30c8872037a', 'B2C3D4E5-F6G7-8901-BCDE-234567890123', 2832000.0, 'VND', 'SUCCEEDED', 'VNPAY', '2024-05-11 00:00:00', '2024-05-11 00:00:00');
INSERT INTO reviews (id, vehicle_id, booking_id, reviewer_id, owner_id, rating, cleanliness, accuracy, communication, value_rating, comment, created_at, updated_at) VALUES ('2b52c871-ec76-4e3a-add0-a20f54959926', 'V1A2B3C4-D5E6-7890-VHCL-111111111111', '32d3ca78-259f-43ae-9784-f30c8872037a', 'B2C3D4E5-F6G7-8901-BCDE-234567890123', 'E5F6G7H8-I9J0-1234-EFGH-567890123456', 4, 4, 4, 4, 4, N'Trải nghiệm tuyệt vời!', '2024-05-22 00:00:00', '2024-05-22 00:00:00');
INSERT INTO bookings (id, vehicle_id, renter_id, owner_id, status, start_date, end_date, total_days, base_price, price_per_day, service_fee, taxes, total, deposit, created_at, updated_at) VALUES ('a87b210b-42e7-4d14-ae98-6c647872635a', 'V1A2B3C4-D5E6-7890-VHCL-111111111111', 'B2C3D4E5-F6G7-8901-BCDE-234567890123', 'E5F6G7H8-I9J0-1234-EFGH-567890123456', 'COMPLETED', '2023-12-03', '2023-12-08', 5, 4000000, 800000, 400000.0, 320000.0, 4720000.0, 3000000, '2023-11-20 00:00:00', '2023-11-20 00:00:00');
INSERT INTO payments (id, booking_id, user_id, amount, currency, status, method, created_at, processed_at) VALUES ('92c1a69d-b442-4554-9280-98f0705de2f1', 'a87b210b-42e7-4d14-ae98-6c647872635a', 'B2C3D4E5-F6G7-8901-BCDE-234567890123', 4720000.0, 'VND', 'SUCCEEDED', 'VNPAY', '2023-11-20 00:00:00', '2023-11-20 00:00:00');
INSERT INTO reviews (id, vehicle_id, booking_id, reviewer_id, owner_id, rating, cleanliness, accuracy, communication, value_rating, comment, created_at, updated_at) VALUES ('846ecb20-b789-427c-abef-f626d7f13796', 'V1A2B3C4-D5E6-7890-VHCL-111111111111', 'a87b210b-42e7-4d14-ae98-6c647872635a', 'B2C3D4E5-F6G7-8901-BCDE-234567890123', 'E5F6G7H8-I9J0-1234-EFGH-567890123456', 4, 4, 4, 4, 4, N'Trải nghiệm tuyệt vời!', '2023-12-08 00:00:00', '2023-12-08 00:00:00');
INSERT INTO bookings (id, vehicle_id, renter_id, owner_id, status, start_date, end_date, total_days, base_price, price_per_day, service_fee, taxes, total, deposit, created_at, updated_at) VALUES ('7472ac8e-4075-41c9-a894-26c4e78a13a3', 'V1A2B3C4-D5E6-7890-VHCL-111111111111', 'C3D4E5F6-G7H8-9012-CDEF-345678901234', 'E5F6G7H8-I9J0-1234-EFGH-567890123456', 'COMPLETED', '2023-09-27', '2023-10-03', 6, 4800000, 800000, 480000.0, 384000.0, 5664000.0, 3000000, '2023-09-24 00:00:00', '2023-09-24 00:00:00');
INSERT INTO payments (id, booking_id, user_id, amount, currency, status, method, created_at, processed_at) VALUES ('2ad1807e-a100-4aa0-8720-441b2e3ec1bb', '7472ac8e-4075-41c9-a894-26c4e78a13a3', 'C3D4E5F6-G7H8-9012-CDEF-345678901234', 5664000.0, 'VND', 'SUCCEEDED', 'VNPAY', '2023-09-24 00:00:00', '2023-09-24 00:00:00');
INSERT INTO reviews (id, vehicle_id, booking_id, reviewer_id, owner_id, rating, cleanliness, accuracy, communication, value_rating, comment, created_at, updated_at) VALUES ('cead7b53-8ed6-4da3-9d80-aae508861101', 'V1A2B3C4-D5E6-7890-VHCL-111111111111', '7472ac8e-4075-41c9-a894-26c4e78a13a3', 'C3D4E5F6-G7H8-9012-CDEF-345678901234', 'E5F6G7H8-I9J0-1234-EFGH-567890123456', 5, 5, 5, 5, 5, N'Trải nghiệm tuyệt vời!', '2023-10-03 00:00:00', '2023-10-03 00:00:00');
INSERT INTO bookings (id, vehicle_id, renter_id, owner_id, status, start_date, end_date, total_days, base_price, price_per_day, service_fee, taxes, total, deposit, created_at, updated_at) VALUES ('149cf5b3-0627-4fec-8510-c5f4a9b81b0f', 'V1A2B3C4-D5E6-7890-VHCL-111111111111', 'B2C3D4E5-F6G7-8901-BCDE-234567890123', 'E5F6G7H8-I9J0-1234-EFGH-567890123456', 'COMPLETED', '2023-07-03', '2023-07-07', 4, 3200000, 800000, 320000.0, 256000.0, 3776000.0, 3000000, '2023-06-22 00:00:00', '2023-06-22 00:00:00');
INSERT INTO payments (id, booking_id, user_id, amount, currency, status, method, created_at, processed_at) VALUES ('1754da11-26e1-4c45-881c-4d91553b9d01', '149cf5b3-0627-4fec-8510-c5f4a9b81b0f', 'B2C3D4E5-F6G7-8901-BCDE-234567890123', 3776000.0, 'VND', 'SUCCEEDED', 'VNPAY', '2023-06-22 00:00:00', '2023-06-22 00:00:00');
INSERT INTO reviews (id, vehicle_id, booking_id, reviewer_id, owner_id, rating, cleanliness, accuracy, communication, value_rating, comment, created_at, updated_at) VALUES ('ca687e63-e5ea-4e41-a690-9960060e5c46', 'V1A2B3C4-D5E6-7890-VHCL-111111111111', '149cf5b3-0627-4fec-8510-c5f4a9b81b0f', 'B2C3D4E5-F6G7-8901-BCDE-234567890123', 'E5F6G7H8-I9J0-1234-EFGH-567890123456', 3, 3, 3, 3, 3, N'Trải nghiệm tuyệt vời!', '2023-07-07 00:00:00', '2023-07-07 00:00:00');
INSERT INTO bookings (id, vehicle_id, renter_id, owner_id, status, start_date, end_date, total_days, base_price, price_per_day, service_fee, taxes, total, deposit, created_at, updated_at) VALUES ('87851c3a-6b56-4e5f-a4b2-b9a990390a2c', 'V1A2B3C4-D5E6-7890-VHCL-111111111111', 'C3D4E5F6-G7H8-9012-CDEF-345678901234', 'E5F6G7H8-I9J0-1234-EFGH-567890123456', 'COMPLETED', '2024-02-11', '2024-02-14', 3, 2400000, 800000, 240000.0, 192000.0, 2832000.0, 3000000, '2024-01-29 00:00:00', '2024-01-29 00:00:00');
INSERT INTO payments (id, booking_id, user_id, amount, currency, status, method, created_at, processed_at) VALUES ('1c72b3a7-7cab-43aa-b0a2-1e3c7050a1ba', '87851c3a-6b56-4e5f-a4b2-b9a990390a2c', 'C3D4E5F6-G7H8-9012-CDEF-345678901234', 2832000.0, 'VND', 'SUCCEEDED', 'VNPAY', '2024-01-29 00:00:00', '2024-01-29 00:00:00');
INSERT INTO reviews (id, vehicle_id, booking_id, reviewer_id, owner_id, rating, cleanliness, accuracy, communication, value_rating, comment, created_at, updated_at) VALUES ('394eaf22-8da5-481f-ba5e-6f8eef66a2be', 'V1A2B3C4-D5E6-7890-VHCL-111111111111', '87851c3a-6b56-4e5f-a4b2-b9a990390a2c', 'C3D4E5F6-G7H8-9012-CDEF-345678901234', 'E5F6G7H8-I9J0-1234-EFGH-567890123456', 3, 3, 3, 3, 3, N'Trải nghiệm tuyệt vời!', '2024-02-14 00:00:00', '2024-02-14 00:00:00');
INSERT INTO bookings (id, vehicle_id, renter_id, owner_id, status, start_date, end_date, total_days, base_price, price_per_day, service_fee, taxes, total, deposit, created_at, updated_at) VALUES ('249394c2-479a-4b9e-825a-e52948e149ad', 'V1A2B3C4-D5E6-7890-VHCL-111111111111', 'C3D4E5F6-G7H8-9012-CDEF-345678901234', 'E5F6G7H8-I9J0-1234-EFGH-567890123456', 'COMPLETED', '2023-04-17', '2023-04-24', 7, 5600000, 800000, 560000.0, 448000.0, 6608000.0, 3000000, '2023-04-05 00:00:00', '2023-04-05 00:00:00');
INSERT INTO payments (id, booking_id, user_id, amount, currency, status, method, created_at, processed_at) VALUES ('87f85b4b-325a-444c-b786-07f6bb7da202', '249394c2-479a-4b9e-825a-e52948e149ad', 'C3D4E5F6-G7H8-9012-CDEF-345678901234', 6608000.0, 'VND', 'SUCCEEDED', 'VNPAY', '2023-04-05 00:00:00', '2023-04-05 00:00:00');
INSERT INTO reviews (id, vehicle_id, booking_id, reviewer_id, owner_id, rating, cleanliness, accuracy, communication, value_rating, comment, created_at, updated_at) VALUES ('24cc5fd4-264e-4f0e-9007-49bcfda743df', 'V1A2B3C4-D5E6-7890-VHCL-111111111111', '249394c2-479a-4b9e-825a-e52948e149ad', 'C3D4E5F6-G7H8-9012-CDEF-345678901234', 'E5F6G7H8-I9J0-1234-EFGH-567890123456', 3, 3, 3, 3, 3, N'Trải nghiệm tuyệt vời!', '2023-04-24 00:00:00', '2023-04-24 00:00:00');
INSERT INTO bookings (id, vehicle_id, renter_id, owner_id, status, start_date, end_date, total_days, base_price, price_per_day, service_fee, taxes, total, deposit, created_at, updated_at) VALUES ('a5e84bf1-d3f3-4ef4-8b97-cbcc65a79e7a', 'V1A2B3C4-D5E6-7890-VHCL-111111111111', 'C3D4E5F6-G7H8-9012-CDEF-345678901234', 'E5F6G7H8-I9J0-1234-EFGH-567890123456', 'COMPLETED', '2024-03-26', '2024-03-28', 2, 1600000, 800000, 160000.0, 128000.0, 1888000.0, 3000000, '2024-03-14 00:00:00', '2024-03-14 00:00:00');
INSERT INTO payments (id, booking_id, user_id, amount, currency, status, method, created_at, processed_at) VALUES ('c2d19ac9-bd9a-4320-80aa-2c0fa95dc272', 'a5e84bf1-d3f3-4ef4-8b97-cbcc65a79e7a', 'C3D4E5F6-G7H8-9012-CDEF-345678901234', 1888000.0, 'VND', 'SUCCEEDED', 'VNPAY', '2024-03-14 00:00:00', '2024-03-14 00:00:00');
INSERT INTO reviews (id, vehicle_id, booking_id, reviewer_id, owner_id, rating, cleanliness, accuracy, communication, value_rating, comment, created_at, updated_at) VALUES ('f923f8df-8adb-412b-8c59-b799f39bb7b1', 'V1A2B3C4-D5E6-7890-VHCL-111111111111', 'a5e84bf1-d3f3-4ef4-8b97-cbcc65a79e7a', 'C3D4E5F6-G7H8-9012-CDEF-345678901234', 'E5F6G7H8-I9J0-1234-EFGH-567890123456', 4, 4, 4, 4, 4, N'Trải nghiệm tuyệt vời!', '2024-03-28 00:00:00', '2024-03-28 00:00:00');
INSERT INTO bookings (id, vehicle_id, renter_id, owner_id, status, start_date, end_date, total_days, base_price, price_per_day, service_fee, taxes, total, deposit, created_at, updated_at) VALUES ('f08ac987-eca2-43e2-8753-803923e59c06', 'V1A2B3C4-D5E6-7890-VHCL-111111111111', 'C3D4E5F6-G7H8-9012-CDEF-345678901234', 'E5F6G7H8-I9J0-1234-EFGH-567890123456', 'COMPLETED', '2024-06-01', '2024-06-05', 4, 3200000, 800000, 320000.0, 256000.0, 3776000.0, 3000000, '2024-05-25 00:00:00', '2024-05-25 00:00:00');
INSERT INTO payments (id, booking_id, user_id, amount, currency, status, method, created_at, processed_at) VALUES ('8a137abb-71ca-463a-a3f0-a5c87710d938', 'f08ac987-eca2-43e2-8753-803923e59c06', 'C3D4E5F6-G7H8-9012-CDEF-345678901234', 3776000.0, 'VND', 'SUCCEEDED', 'VNPAY', '2024-05-25 00:00:00', '2024-05-25 00:00:00');
INSERT INTO reviews (id, vehicle_id, booking_id, reviewer_id, owner_id, rating, cleanliness, accuracy, communication, value_rating, comment, created_at, updated_at) VALUES ('ae9a917f-eddd-4aeb-a0e8-d986cedd3a13', 'V1A2B3C4-D5E6-7890-VHCL-111111111111', 'f08ac987-eca2-43e2-8753-803923e59c06', 'C3D4E5F6-G7H8-9012-CDEF-345678901234', 'E5F6G7H8-I9J0-1234-EFGH-567890123456', 3, 3, 3, 3, 3, N'Trải nghiệm tuyệt vời!', '2024-06-05 00:00:00', '2024-06-05 00:00:00');
INSERT INTO bookings (id, vehicle_id, renter_id, owner_id, status, start_date, end_date, total_days, base_price, price_per_day, service_fee, taxes, total, deposit, created_at, updated_at) VALUES ('258655b0-e55d-4b96-9e5e-87b5e0c1f231', 'V1A2B3C4-D5E6-7890-VHCL-111111111111', 'C3D4E5F6-G7H8-9012-CDEF-345678901234', 'E5F6G7H8-I9J0-1234-EFGH-567890123456', 'COMPLETED', '2023-05-24', '2023-05-29', 5, 4000000, 800000, 400000.0, 320000.0, 4720000.0, 3000000, '2023-05-15 00:00:00', '2023-05-15 00:00:00');
INSERT INTO payments (id, booking_id, user_id, amount, currency, status, method, created_at, processed_at) VALUES ('866342cb-7ae1-47d8-bd43-8d7bbf4e4c94', '258655b0-e55d-4b96-9e5e-87b5e0c1f231', 'C3D4E5F6-G7H8-9012-CDEF-345678901234', 4720000.0, 'VND', 'SUCCEEDED', 'VNPAY', '2023-05-15 00:00:00', '2023-05-15 00:00:00');
INSERT INTO reviews (id, vehicle_id, booking_id, reviewer_id, owner_id, rating, cleanliness, accuracy, communication, value_rating, comment, created_at, updated_at) VALUES ('38ef8fbf-5ca6-4a8a-87d3-859611b10c7a', 'V1A2B3C4-D5E6-7890-VHCL-111111111111', '258655b0-e55d-4b96-9e5e-87b5e0c1f231', 'C3D4E5F6-G7H8-9012-CDEF-345678901234', 'E5F6G7H8-I9J0-1234-EFGH-567890123456', 4, 4, 4, 4, 4, N'Trải nghiệm tuyệt vời!', '2023-05-29 00:00:00', '2023-05-29 00:00:00');
INSERT INTO bookings (id, vehicle_id, renter_id, owner_id, status, start_date, end_date, total_days, base_price, price_per_day, service_fee, taxes, total, deposit, created_at, updated_at) VALUES ('d817e248-3405-4087-abb2-d2bc9fb84d2b', 'V1A2B3C4-D5E6-7890-VHCL-111111111111', 'C3D4E5F6-G7H8-9012-CDEF-345678901234', 'E5F6G7H8-I9J0-1234-EFGH-567890123456', 'COMPLETED', '2024-02-02', '2024-02-06', 4, 3200000, 800000, 320000.0, 256000.0, 3776000.0, 3000000, '2024-01-19 00:00:00', '2024-01-19 00:00:00');
INSERT INTO payments (id, booking_id, user_id, amount, currency, status, method, created_at, processed_at) VALUES ('a920a486-872e-4272-8628-016d2a4368fe', 'd817e248-3405-4087-abb2-d2bc9fb84d2b', 'C3D4E5F6-G7H8-9012-CDEF-345678901234', 3776000.0, 'VND', 'SUCCEEDED', 'VNPAY', '2024-01-19 00:00:00', '2024-01-19 00:00:00');
INSERT INTO reviews (id, vehicle_id, booking_id, reviewer_id, owner_id, rating, cleanliness, accuracy, communication, value_rating, comment, created_at, updated_at) VALUES ('1f91a399-031c-4461-8e0f-3c807eab93a7', 'V1A2B3C4-D5E6-7890-VHCL-111111111111', 'd817e248-3405-4087-abb2-d2bc9fb84d2b', 'C3D4E5F6-G7H8-9012-CDEF-345678901234', 'E5F6G7H8-I9J0-1234-EFGH-567890123456', 4, 4, 4, 4, 4, N'Trải nghiệm tuyệt vời!', '2024-02-06 00:00:00', '2024-02-06 00:00:00');
INSERT INTO bookings (id, vehicle_id, renter_id, owner_id, status, start_date, end_date, total_days, base_price, price_per_day, service_fee, taxes, total, deposit, created_at, updated_at) VALUES ('8558d83b-d0fc-4e71-babf-182eac0b2106', 'V1A2B3C4-D5E6-7890-VHCL-111111111111', 'B2C3D4E5-F6G7-8901-BCDE-234567890123', 'E5F6G7H8-I9J0-1234-EFGH-567890123456', 'COMPLETED', '2023-12-12', '2023-12-21', 9, 7200000, 800000, 720000.0, 576000.0, 8496000.0, 3000000, '2023-12-05 00:00:00', '2023-12-05 00:00:00');
INSERT INTO payments (id, booking_id, user_id, amount, currency, status, method, created_at, processed_at) VALUES ('3ca5bed3-8f02-444b-94f6-5a55199c7927', '8558d83b-d0fc-4e71-babf-182eac0b2106', 'B2C3D4E5-F6G7-8901-BCDE-234567890123', 8496000.0, 'VND', 'SUCCEEDED', 'VNPAY', '2023-12-05 00:00:00', '2023-12-05 00:00:00');
INSERT INTO reviews (id, vehicle_id, booking_id, reviewer_id, owner_id, rating, cleanliness, accuracy, communication, value_rating, comment, created_at, updated_at) VALUES ('6aded1b1-ed9a-434f-ac36-e669c5974ee0', 'V1A2B3C4-D5E6-7890-VHCL-111111111111', '8558d83b-d0fc-4e71-babf-182eac0b2106', 'B2C3D4E5-F6G7-8901-BCDE-234567890123', 'E5F6G7H8-I9J0-1234-EFGH-567890123456', 4, 4, 4, 4, 4, N'Trải nghiệm tuyệt vời!', '2023-12-21 00:00:00', '2023-12-21 00:00:00');
INSERT INTO bookings (id, vehicle_id, renter_id, owner_id, status, start_date, end_date, total_days, base_price, price_per_day, service_fee, taxes, total, deposit, created_at, updated_at) VALUES ('0873a6f0-67f5-4111-ae82-d5132251b7bc', 'V1A2B3C4-D5E6-7890-VHCL-111111111111', 'D4E5F6G7-H8I9-0123-DEFG-456789012345', 'E5F6G7H8-I9J0-1234-EFGH-567890123456', 'COMPLETED', '2023-01-06', '2023-01-11', 5, 4000000, 800000, 400000.0, 320000.0, 4720000.0, 3000000, '2022-12-27 00:00:00', '2022-12-27 00:00:00');
INSERT INTO payments (id, booking_id, user_id, amount, currency, status, method, created_at, processed_at) VALUES ('c99501df-1a3f-4ffb-8ae4-eb32eef52ff0', '0873a6f0-67f5-4111-ae82-d5132251b7bc', 'D4E5F6G7-H8I9-0123-DEFG-456789012345', 4720000.0, 'VND', 'SUCCEEDED', 'VNPAY', '2022-12-27 00:00:00', '2022-12-27 00:00:00');
INSERT INTO reviews (id, vehicle_id, booking_id, reviewer_id, owner_id, rating, cleanliness, accuracy, communication, value_rating, comment, created_at, updated_at) VALUES ('aa3ef6d9-910c-4668-a8a4-07872edffb13', 'V1A2B3C4-D5E6-7890-VHCL-111111111111', '0873a6f0-67f5-4111-ae82-d5132251b7bc', 'D4E5F6G7-H8I9-0123-DEFG-456789012345', 'E5F6G7H8-I9J0-1234-EFGH-567890123456', 5, 5, 5, 5, 5, N'Trải nghiệm tuyệt vời!', '2023-01-11 00:00:00', '2023-01-11 00:00:00');
INSERT INTO bookings (id, vehicle_id, renter_id, owner_id, status, start_date, end_date, total_days, base_price, price_per_day, service_fee, taxes, total, deposit, created_at, updated_at) VALUES ('d0282436-f19f-4395-8393-7fab9884d28b', 'V1A2B3C4-D5E6-7890-VHCL-111111111111', 'D4E5F6G7-H8I9-0123-DEFG-456789012345', 'E5F6G7H8-I9J0-1234-EFGH-567890123456', 'COMPLETED', '2023-08-17', '2023-08-25', 8, 6400000, 800000, 640000.0, 512000.0, 7552000.0, 3000000, '2023-08-06 00:00:00', '2023-08-06 00:00:00');
INSERT INTO payments (id, booking_id, user_id, amount, currency, status, method, created_at, processed_at) VALUES ('4423a30f-1b12-4364-8036-27a92e1a556f', 'd0282436-f19f-4395-8393-7fab9884d28b', 'D4E5F6G7-H8I9-0123-DEFG-456789012345', 7552000.0, 'VND', 'SUCCEEDED', 'VNPAY', '2023-08-06 00:00:00', '2023-08-06 00:00:00');
INSERT INTO reviews (id, vehicle_id, booking_id, reviewer_id, owner_id, rating, cleanliness, accuracy, communication, value_rating, comment, created_at, updated_at) VALUES ('f346241c-42a4-4ba9-abb8-ee5ecf018cd1', 'V1A2B3C4-D5E6-7890-VHCL-111111111111', 'd0282436-f19f-4395-8393-7fab9884d28b', 'D4E5F6G7-H8I9-0123-DEFG-456789012345', 'E5F6G7H8-I9J0-1234-EFGH-567890123456', 3, 3, 3, 3, 3, N'Trải nghiệm tuyệt vời!', '2023-08-25 00:00:00', '2023-08-25 00:00:00');
INSERT INTO bookings (id, vehicle_id, renter_id, owner_id, status, start_date, end_date, total_days, base_price, price_per_day, service_fee, taxes, total, deposit, created_at, updated_at) VALUES ('98a408bc-3d92-4d6a-b578-a49e38a3a5bd', 'V1A2B3C4-D5E6-7890-VHCL-111111111111', 'D4E5F6G7-H8I9-0123-DEFG-456789012345', 'E5F6G7H8-I9J0-1234-EFGH-567890123456', 'COMPLETED', '2023-07-31', '2023-08-08', 8, 6400000, 800000, 640000.0, 512000.0, 7552000.0, 3000000, '2023-07-20 00:00:00', '2023-07-20 00:00:00');
INSERT INTO payments (id, booking_id, user_id, amount, currency, status, method, created_at, processed_at) VALUES ('c563f75e-f7cc-42f2-b747-daaee6bfbb29', '98a408bc-3d92-4d6a-b578-a49e38a3a5bd', 'D4E5F6G7-H8I9-0123-DEFG-456789012345', 7552000.0, 'VND', 'SUCCEEDED', 'VNPAY', '2023-07-20 00:00:00', '2023-07-20 00:00:00');
INSERT INTO reviews (id, vehicle_id, booking_id, reviewer_id, owner_id, rating, cleanliness, accuracy, communication, value_rating, comment, created_at, updated_at) VALUES ('17d6ce39-13a3-4acc-933c-1251a566cb65', 'V1A2B3C4-D5E6-7890-VHCL-111111111111', '98a408bc-3d92-4d6a-b578-a49e38a3a5bd', 'D4E5F6G7-H8I9-0123-DEFG-456789012345', 'E5F6G7H8-I9J0-1234-EFGH-567890123456', 5, 5, 5, 5, 5, N'Trải nghiệm tuyệt vời!', '2023-08-08 00:00:00', '2023-08-08 00:00:00');
INSERT INTO bookings (id, vehicle_id, renter_id, owner_id, status, start_date, end_date, total_days, base_price, price_per_day, service_fee, taxes, total, deposit, created_at, updated_at) VALUES ('60849771-be81-4a94-abc9-119223df71e1', 'V1A2B3C4-D5E6-7890-VHCL-111111111111', 'D4E5F6G7-H8I9-0123-DEFG-456789012345', 'E5F6G7H8-I9J0-1234-EFGH-567890123456', 'COMPLETED', '2023-06-22', '2023-06-25', 3, 2400000, 800000, 240000.0, 192000.0, 2832000.0, 3000000, '2023-06-11 00:00:00', '2023-06-11 00:00:00');
INSERT INTO payments (id, booking_id, user_id, amount, currency, status, method, created_at, processed_at) VALUES ('0afbeb13-9b84-4939-97d7-6b28abc5cdc2', '60849771-be81-4a94-abc9-119223df71e1', 'D4E5F6G7-H8I9-0123-DEFG-456789012345', 2832000.0, 'VND', 'SUCCEEDED', 'VNPAY', '2023-06-11 00:00:00', '2023-06-11 00:00:00');
INSERT INTO reviews (id, vehicle_id, booking_id, reviewer_id, owner_id, rating, cleanliness, accuracy, communication, value_rating, comment, created_at, updated_at) VALUES ('a2998fa6-31de-435e-a078-8ecac4002925', 'V1A2B3C4-D5E6-7890-VHCL-111111111111', '60849771-be81-4a94-abc9-119223df71e1', 'D4E5F6G7-H8I9-0123-DEFG-456789012345', 'E5F6G7H8-I9J0-1234-EFGH-567890123456', 3, 3, 3, 3, 3, N'Trải nghiệm tuyệt vời!', '2023-06-25 00:00:00', '2023-06-25 00:00:00');
INSERT INTO bookings (id, vehicle_id, renter_id, owner_id, status, start_date, end_date, total_days, base_price, price_per_day, service_fee, taxes, total, deposit, created_at, updated_at) VALUES ('eee08f18-71b6-451e-becd-c2e614e6842f', 'V1A2B3C4-D5E6-7890-VHCL-111111111111', 'B2C3D4E5-F6G7-8901-BCDE-234567890123', 'E5F6G7H8-I9J0-1234-EFGH-567890123456', 'COMPLETED', '2023-06-27', '2023-07-03', 6, 4800000, 800000, 480000.0, 384000.0, 5664000.0, 3000000, '2023-06-19 00:00:00', '2023-06-19 00:00:00');
INSERT INTO payments (id, booking_id, user_id, amount, currency, status, method, created_at, processed_at) VALUES ('1502c50b-8787-4a2f-870d-e406f87675dc', 'eee08f18-71b6-451e-becd-c2e614e6842f', 'B2C3D4E5-F6G7-8901-BCDE-234567890123', 5664000.0, 'VND', 'SUCCEEDED', 'VNPAY', '2023-06-19 00:00:00', '2023-06-19 00:00:00');
INSERT INTO reviews (id, vehicle_id, booking_id, reviewer_id, owner_id, rating, cleanliness, accuracy, communication, value_rating, comment, created_at, updated_at) VALUES ('f72ecc17-5272-4b5d-8e94-6c109c3e5c48', 'V1A2B3C4-D5E6-7890-VHCL-111111111111', 'eee08f18-71b6-451e-becd-c2e614e6842f', 'B2C3D4E5-F6G7-8901-BCDE-234567890123', 'E5F6G7H8-I9J0-1234-EFGH-567890123456', 3, 3, 3, 3, 3, N'Trải nghiệm tuyệt vời!', '2023-07-03 00:00:00', '2023-07-03 00:00:00');
INSERT INTO bookings (id, vehicle_id, renter_id, owner_id, status, start_date, end_date, total_days, base_price, price_per_day, service_fee, taxes, total, deposit, created_at, updated_at) VALUES ('5362815f-cca6-4241-8aa3-5ad07e77bd29', 'V1A2B3C4-D5E6-7890-VHCL-111111111111', 'B2C3D4E5-F6G7-8901-BCDE-234567890123', 'E5F6G7H8-I9J0-1234-EFGH-567890123456', 'COMPLETED', '2023-10-23', '2023-10-26', 3, 2400000, 800000, 240000.0, 192000.0, 2832000.0, 3000000, '2023-10-14 00:00:00', '2023-10-14 00:00:00');
INSERT INTO payments (id, booking_id, user_id, amount, currency, status, method, created_at, processed_at) VALUES ('ab225274-eae9-4f48-a9b8-e9a216d1da3a', '5362815f-cca6-4241-8aa3-5ad07e77bd29', 'B2C3D4E5-F6G7-8901-BCDE-234567890123', 2832000.0, 'VND', 'SUCCEEDED', 'VNPAY', '2023-10-14 00:00:00', '2023-10-14 00:00:00');
INSERT INTO reviews (id, vehicle_id, booking_id, reviewer_id, owner_id, rating, cleanliness, accuracy, communication, value_rating, comment, created_at, updated_at) VALUES ('469c4115-e96b-46eb-918c-111d155f111d', 'V1A2B3C4-D5E6-7890-VHCL-111111111111', '5362815f-cca6-4241-8aa3-5ad07e77bd29', 'B2C3D4E5-F6G7-8901-BCDE-234567890123', 'E5F6G7H8-I9J0-1234-EFGH-567890123456', 4, 4, 4, 4, 4, N'Trải nghiệm tuyệt vời!', '2023-10-26 00:00:00', '2023-10-26 00:00:00');
INSERT INTO bookings (id, vehicle_id, renter_id, owner_id, status, start_date, end_date, total_days, base_price, price_per_day, service_fee, taxes, total, deposit, created_at, updated_at) VALUES ('8bff84b0-472d-47ab-a33b-5d99ae288fa7', 'V1A2B3C4-D5E6-7890-VHCL-111111111111', 'C3D4E5F6-G7H8-9012-CDEF-345678901234', 'E5F6G7H8-I9J0-1234-EFGH-567890123456', 'COMPLETED', '2024-02-28', '2024-03-09', 10, 8000000, 800000, 800000.0, 640000.0, 9440000.0, 3000000, '2024-02-25 00:00:00', '2024-02-25 00:00:00');
INSERT INTO payments (id, booking_id, user_id, amount, currency, status, method, created_at, processed_at) VALUES ('5f05c50d-9d1b-410a-877d-bdc9a040c8ce', '8bff84b0-472d-47ab-a33b-5d99ae288fa7', 'C3D4E5F6-G7H8-9012-CDEF-345678901234', 9440000.0, 'VND', 'SUCCEEDED', 'VNPAY', '2024-02-25 00:00:00', '2024-02-25 00:00:00');
INSERT INTO reviews (id, vehicle_id, booking_id, reviewer_id, owner_id, rating, cleanliness, accuracy, communication, value_rating, comment, created_at, updated_at) VALUES ('d56d9a59-d1fe-4d7b-be73-2325d1ac3f44', 'V1A2B3C4-D5E6-7890-VHCL-111111111111', '8bff84b0-472d-47ab-a33b-5d99ae288fa7', 'C3D4E5F6-G7H8-9012-CDEF-345678901234', 'E5F6G7H8-I9J0-1234-EFGH-567890123456', 5, 5, 5, 5, 5, N'Trải nghiệm tuyệt vời!', '2024-03-09 00:00:00', '2024-03-09 00:00:00');
INSERT INTO bookings (id, vehicle_id, renter_id, owner_id, status, start_date, end_date, total_days, base_price, price_per_day, service_fee, taxes, total, deposit, created_at, updated_at) VALUES ('af492bab-8475-4108-9422-76f53f4ba6e3', 'V1A2B3C4-D5E6-7890-VHCL-111111111111', 'B2C3D4E5-F6G7-8901-BCDE-234567890123', 'E5F6G7H8-I9J0-1234-EFGH-567890123456', 'COMPLETED', '2023-08-25', '2023-08-28', 3, 2400000, 800000, 240000.0, 192000.0, 2832000.0, 3000000, '2023-08-19 00:00:00', '2023-08-19 00:00:00');
INSERT INTO payments (id, booking_id, user_id, amount, currency, status, method, created_at, processed_at) VALUES ('611a3ac1-584c-4738-b845-a84cf55a3b7b', 'af492bab-8475-4108-9422-76f53f4ba6e3', 'B2C3D4E5-F6G7-8901-BCDE-234567890123', 2832000.0, 'VND', 'SUCCEEDED', 'VNPAY', '2023-08-19 00:00:00', '2023-08-19 00:00:00');
INSERT INTO reviews (id, vehicle_id, booking_id, reviewer_id, owner_id, rating, cleanliness, accuracy, communication, value_rating, comment, created_at, updated_at) VALUES ('64f2824b-a137-4c50-a6a2-7d45fd8c400e', 'V1A2B3C4-D5E6-7890-VHCL-111111111111', 'af492bab-8475-4108-9422-76f53f4ba6e3', 'B2C3D4E5-F6G7-8901-BCDE-234567890123', 'E5F6G7H8-I9J0-1234-EFGH-567890123456', 5, 5, 5, 5, 5, N'Trải nghiệm tuyệt vời!', '2023-08-28 00:00:00', '2023-08-28 00:00:00');
INSERT INTO bookings (id, vehicle_id, renter_id, owner_id, status, start_date, end_date, total_days, base_price, price_per_day, service_fee, taxes, total, deposit, created_at, updated_at) VALUES ('eb7f5a73-9827-4f16-af10-e07b1a91c496', 'V1A2B3C4-D5E6-7890-VHCL-111111111111', 'D4E5F6G7-H8I9-0123-DEFG-456789012345', 'E5F6G7H8-I9J0-1234-EFGH-567890123456', 'COMPLETED', '2024-04-16', '2024-04-21', 5, 4000000, 800000, 400000.0, 320000.0, 4720000.0, 3000000, '2024-04-06 00:00:00', '2024-04-06 00:00:00');
INSERT INTO payments (id, booking_id, user_id, amount, currency, status, method, created_at, processed_at) VALUES ('8e6cd73b-7b30-4470-9f26-c2988ff3a4d9', 'eb7f5a73-9827-4f16-af10-e07b1a91c496', 'D4E5F6G7-H8I9-0123-DEFG-456789012345', 4720000.0, 'VND', 'SUCCEEDED', 'VNPAY', '2024-04-06 00:00:00', '2024-04-06 00:00:00');
INSERT INTO reviews (id, vehicle_id, booking_id, reviewer_id, owner_id, rating, cleanliness, accuracy, communication, value_rating, comment, created_at, updated_at) VALUES ('af1ac0c9-733d-4be6-b720-4d9cbfbce7a4', 'V1A2B3C4-D5E6-7890-VHCL-111111111111', 'eb7f5a73-9827-4f16-af10-e07b1a91c496', 'D4E5F6G7-H8I9-0123-DEFG-456789012345', 'E5F6G7H8-I9J0-1234-EFGH-567890123456', 4, 4, 4, 4, 4, N'Trải nghiệm tuyệt vời!', '2024-04-21 00:00:00', '2024-04-21 00:00:00');
INSERT INTO bookings (id, vehicle_id, renter_id, owner_id, status, start_date, end_date, total_days, base_price, price_per_day, service_fee, taxes, total, deposit, created_at, updated_at) VALUES ('63e64af1-80b9-4ff2-a1c6-47ae132570d4', 'V1A2B3C4-D5E6-7890-VHCL-111111111111', 'D4E5F6G7-H8I9-0123-DEFG-456789012345', 'E5F6G7H8-I9J0-1234-EFGH-567890123456', 'COMPLETED', '2023-07-10', '2023-07-17', 7, 5600000, 800000, 560000.0, 448000.0, 6608000.0, 3000000, '2023-07-03 00:00:00', '2023-07-03 00:00:00');
INSERT INTO payments (id, booking_id, user_id, amount, currency, status, method, created_at, processed_at) VALUES ('ec73b530-fc3e-4c17-b966-a9fc02dd8417', '63e64af1-80b9-4ff2-a1c6-47ae132570d4', 'D4E5F6G7-H8I9-0123-DEFG-456789012345', 6608000.0, 'VND', 'SUCCEEDED', 'VNPAY', '2023-07-03 00:00:00', '2023-07-03 00:00:00');
INSERT INTO reviews (id, vehicle_id, booking_id, reviewer_id, owner_id, rating, cleanliness, accuracy, communication, value_rating, comment, created_at, updated_at) VALUES ('fff01594-d434-4f6a-916a-bafd1f059c96', 'V1A2B3C4-D5E6-7890-VHCL-111111111111', '63e64af1-80b9-4ff2-a1c6-47ae132570d4', 'D4E5F6G7-H8I9-0123-DEFG-456789012345', 'E5F6G7H8-I9J0-1234-EFGH-567890123456', 4, 4, 4, 4, 4, N'Trải nghiệm tuyệt vời!', '2023-07-17 00:00:00', '2023-07-17 00:00:00');
INSERT INTO bookings (id, vehicle_id, renter_id, owner_id, status, start_date, end_date, total_days, base_price, price_per_day, service_fee, taxes, total, deposit, created_at, updated_at) VALUES ('ab4152b1-5cbd-4155-b367-ef20294adc54', 'V1A2B3C4-D5E6-7890-VHCL-111111111111', 'B2C3D4E5-F6G7-8901-BCDE-234567890123', 'E5F6G7H8-I9J0-1234-EFGH-567890123456', 'COMPLETED', '2023-06-07', '2023-06-17', 10, 8000000, 800000, 800000.0, 640000.0, 9440000.0, 3000000, '2023-05-25 00:00:00', '2023-05-25 00:00:00');
INSERT INTO payments (id, booking_id, user_id, amount, currency, status, method, created_at, processed_at) VALUES ('ede32b65-e9b6-4eb6-98f4-b818283ecacd', 'ab4152b1-5cbd-4155-b367-ef20294adc54', 'B2C3D4E5-F6G7-8901-BCDE-234567890123', 9440000.0, 'VND', 'SUCCEEDED', 'VNPAY', '2023-05-25 00:00:00', '2023-05-25 00:00:00');
INSERT INTO reviews (id, vehicle_id, booking_id, reviewer_id, owner_id, rating, cleanliness, accuracy, communication, value_rating, comment, created_at, updated_at) VALUES ('28c66609-73f1-4b26-b8a8-2a2394c3666a', 'V1A2B3C4-D5E6-7890-VHCL-111111111111', 'ab4152b1-5cbd-4155-b367-ef20294adc54', 'B2C3D4E5-F6G7-8901-BCDE-234567890123', 'E5F6G7H8-I9J0-1234-EFGH-567890123456', 4, 4, 4, 4, 4, N'Trải nghiệm tuyệt vời!', '2023-06-17 00:00:00', '2023-06-17 00:00:00');
INSERT INTO bookings (id, vehicle_id, renter_id, owner_id, status, start_date, end_date, total_days, base_price, price_per_day, service_fee, taxes, total, deposit, created_at, updated_at) VALUES ('4de0531e-3dfc-4513-8ca9-a17b788292e8', 'V1A2B3C4-D5E6-7890-VHCL-111111111111', 'C3D4E5F6-G7H8-9012-CDEF-345678901234', 'E5F6G7H8-I9J0-1234-EFGH-567890123456', 'COMPLETED', '2023-01-31', '2023-02-08', 8, 6400000, 800000, 640000.0, 512000.0, 7552000.0, 3000000, '2023-01-30 00:00:00', '2023-01-30 00:00:00');
INSERT INTO payments (id, booking_id, user_id, amount, currency, status, method, created_at, processed_at) VALUES ('eb89e588-0e4e-4b60-9990-e6b925bc856f', '4de0531e-3dfc-4513-8ca9-a17b788292e8', 'C3D4E5F6-G7H8-9012-CDEF-345678901234', 7552000.0, 'VND', 'SUCCEEDED', 'VNPAY', '2023-01-30 00:00:00', '2023-01-30 00:00:00');
INSERT INTO reviews (id, vehicle_id, booking_id, reviewer_id, owner_id, rating, cleanliness, accuracy, communication, value_rating, comment, created_at, updated_at) VALUES ('37f6488b-6df5-47b9-b313-7ec2a1c6d691', 'V1A2B3C4-D5E6-7890-VHCL-111111111111', '4de0531e-3dfc-4513-8ca9-a17b788292e8', 'C3D4E5F6-G7H8-9012-CDEF-345678901234', 'E5F6G7H8-I9J0-1234-EFGH-567890123456', 5, 5, 5, 5, 5, N'Trải nghiệm tuyệt vời!', '2023-02-08 00:00:00', '2023-02-08 00:00:00');
INSERT INTO bookings (id, vehicle_id, renter_id, owner_id, status, start_date, end_date, total_days, base_price, price_per_day, service_fee, taxes, total, deposit, created_at, updated_at) VALUES ('d6c0a04b-e9d7-4581-9e0f-6c6431f541fc', 'V1A2B3C4-D5E6-7890-VHCL-111111111111', 'B2C3D4E5-F6G7-8901-BCDE-234567890123', 'E5F6G7H8-I9J0-1234-EFGH-567890123456', 'COMPLETED', '2024-03-09', '2024-03-10', 1, 800000, 800000, 80000.0, 64000.0, 944000.0, 3000000, '2024-03-03 00:00:00', '2024-03-03 00:00:00');
INSERT INTO payments (id, booking_id, user_id, amount, currency, status, method, created_at, processed_at) VALUES ('49e87713-6c19-4596-9735-682b1ffeaddd', 'd6c0a04b-e9d7-4581-9e0f-6c6431f541fc', 'B2C3D4E5-F6G7-8901-BCDE-234567890123', 944000.0, 'VND', 'SUCCEEDED', 'VNPAY', '2024-03-03 00:00:00', '2024-03-03 00:00:00');
INSERT INTO reviews (id, vehicle_id, booking_id, reviewer_id, owner_id, rating, cleanliness, accuracy, communication, value_rating, comment, created_at, updated_at) VALUES ('8d903616-44b4-4f0f-93bd-0e1f5677449f', 'V1A2B3C4-D5E6-7890-VHCL-111111111111', 'd6c0a04b-e9d7-4581-9e0f-6c6431f541fc', 'B2C3D4E5-F6G7-8901-BCDE-234567890123', 'E5F6G7H8-I9J0-1234-EFGH-567890123456', 4, 4, 4, 4, 4, N'Trải nghiệm tuyệt vời!', '2024-03-10 00:00:00', '2024-03-10 00:00:00');
INSERT INTO bookings (id, vehicle_id, renter_id, owner_id, status, start_date, end_date, total_days, base_price, price_per_day, service_fee, taxes, total, deposit, created_at, updated_at) VALUES ('3ee7d202-e431-4070-aad0-3c309e66fea8', 'V1A2B3C4-D5E6-7890-VHCL-111111111111', 'B2C3D4E5-F6G7-8901-BCDE-234567890123', 'E5F6G7H8-I9J0-1234-EFGH-567890123456', 'COMPLETED', '2023-02-07', '2023-02-16', 9, 7200000, 800000, 720000.0, 576000.0, 8496000.0, 3000000, '2023-02-04 00:00:00', '2023-02-04 00:00:00');
INSERT INTO payments (id, booking_id, user_id, amount, currency, status, method, created_at, processed_at) VALUES ('2c680ca6-708d-4b33-bffd-63171d5c4668', '3ee7d202-e431-4070-aad0-3c309e66fea8', 'B2C3D4E5-F6G7-8901-BCDE-234567890123', 8496000.0, 'VND', 'SUCCEEDED', 'VNPAY', '2023-02-04 00:00:00', '2023-02-04 00:00:00');
INSERT INTO reviews (id, vehicle_id, booking_id, reviewer_id, owner_id, rating, cleanliness, accuracy, communication, value_rating, comment, created_at, updated_at) VALUES ('69c04ab1-e56d-49a4-960c-86809c9f2ef5', 'V1A2B3C4-D5E6-7890-VHCL-111111111111', '3ee7d202-e431-4070-aad0-3c309e66fea8', 'B2C3D4E5-F6G7-8901-BCDE-234567890123', 'E5F6G7H8-I9J0-1234-EFGH-567890123456', 5, 5, 5, 5, 5, N'Trải nghiệm tuyệt vời!', '2023-02-16 00:00:00', '2023-02-16 00:00:00');
INSERT INTO bookings (id, vehicle_id, renter_id, owner_id, status, start_date, end_date, total_days, base_price, price_per_day, service_fee, taxes, total, deposit, created_at, updated_at) VALUES ('df21a88d-9149-4c2f-8190-9468b8038e4e', 'V1A2B3C4-D5E6-7890-VHCL-111111111111', 'D4E5F6G7-H8I9-0123-DEFG-456789012345', 'E5F6G7H8-I9J0-1234-EFGH-567890123456', 'COMPLETED', '2023-08-02', '2023-08-11', 9, 7200000, 800000, 720000.0, 576000.0, 8496000.0, 3000000, '2023-07-31 00:00:00', '2023-07-31 00:00:00');
INSERT INTO payments (id, booking_id, user_id, amount, currency, status, method, created_at, processed_at) VALUES ('b6d99c77-946e-4b6a-86e9-d0a71cd9fe27', 'df21a88d-9149-4c2f-8190-9468b8038e4e', 'D4E5F6G7-H8I9-0123-DEFG-456789012345', 8496000.0, 'VND', 'SUCCEEDED', 'VNPAY', '2023-07-31 00:00:00', '2023-07-31 00:00:00');
INSERT INTO reviews (id, vehicle_id, booking_id, reviewer_id, owner_id, rating, cleanliness, accuracy, communication, value_rating, comment, created_at, updated_at) VALUES ('0ee68fe3-82ac-469d-924e-153f0b1c77f9', 'V1A2B3C4-D5E6-7890-VHCL-111111111111', 'df21a88d-9149-4c2f-8190-9468b8038e4e', 'D4E5F6G7-H8I9-0123-DEFG-456789012345', 'E5F6G7H8-I9J0-1234-EFGH-567890123456', 5, 5, 5, 5, 5, N'Trải nghiệm tuyệt vời!', '2023-08-11 00:00:00', '2023-08-11 00:00:00');
INSERT INTO bookings (id, vehicle_id, renter_id, owner_id, status, start_date, end_date, total_days, base_price, price_per_day, service_fee, taxes, total, deposit, created_at, updated_at) VALUES ('a18c4c6e-22a7-4531-a055-42dfcd892857', 'V1A2B3C4-D5E6-7890-VHCL-111111111111', 'C3D4E5F6-G7H8-9012-CDEF-345678901234', 'E5F6G7H8-I9J0-1234-EFGH-567890123456', 'COMPLETED', '2024-04-16', '2024-04-21', 5, 4000000, 800000, 400000.0, 320000.0, 4720000.0, 3000000, '2024-04-06 00:00:00', '2024-04-06 00:00:00');
INSERT INTO payments (id, booking_id, user_id, amount, currency, status, method, created_at, processed_at) VALUES ('d7807b53-e2a5-4154-888c-54121721c9ab', 'a18c4c6e-22a7-4531-a055-42dfcd892857', 'C3D4E5F6-G7H8-9012-CDEF-345678901234', 4720000.0, 'VND', 'SUCCEEDED', 'VNPAY', '2024-04-06 00:00:00', '2024-04-06 00:00:00');
INSERT INTO reviews (id, vehicle_id, booking_id, reviewer_id, owner_id, rating, cleanliness, accuracy, communication, value_rating, comment, created_at, updated_at) VALUES ('6cf75c8c-d420-4f0d-b19a-5c9a6a52c2cf', 'V1A2B3C4-D5E6-7890-VHCL-111111111111', 'a18c4c6e-22a7-4531-a055-42dfcd892857', 'C3D4E5F6-G7H8-9012-CDEF-345678901234', 'E5F6G7H8-I9J0-1234-EFGH-567890123456', 5, 5, 5, 5, 5, N'Trải nghiệm tuyệt vời!', '2024-04-21 00:00:00', '2024-04-21 00:00:00');
INSERT INTO bookings (id, vehicle_id, renter_id, owner_id, status, start_date, end_date, total_days, base_price, price_per_day, service_fee, taxes, total, deposit, created_at, updated_at) VALUES ('3ec08379-66e4-40dd-ba9b-dfc70546dd0b', 'V1A2B3C4-D5E6-7890-VHCL-111111111111', 'D4E5F6G7-H8I9-0123-DEFG-456789012345', 'E5F6G7H8-I9J0-1234-EFGH-567890123456', 'COMPLETED', '2023-09-20', '2023-09-24', 4, 3200000, 800000, 320000.0, 256000.0, 3776000.0, 3000000, '2023-09-10 00:00:00', '2023-09-10 00:00:00');
INSERT INTO payments (id, booking_id, user_id, amount, currency, status, method, created_at, processed_at) VALUES ('316d1990-19f2-48fc-ac67-3169e0b71ab0', '3ec08379-66e4-40dd-ba9b-dfc70546dd0b', 'D4E5F6G7-H8I9-0123-DEFG-456789012345', 3776000.0, 'VND', 'SUCCEEDED', 'VNPAY', '2023-09-10 00:00:00', '2023-09-10 00:00:00');
INSERT INTO reviews (id, vehicle_id, booking_id, reviewer_id, owner_id, rating, cleanliness, accuracy, communication, value_rating, comment, created_at, updated_at) VALUES ('f6dd0e09-a4ca-413e-8521-00dfddfc1c52', 'V1A2B3C4-D5E6-7890-VHCL-111111111111', '3ec08379-66e4-40dd-ba9b-dfc70546dd0b', 'D4E5F6G7-H8I9-0123-DEFG-456789012345', 'E5F6G7H8-I9J0-1234-EFGH-567890123456', 3, 3, 3, 3, 3, N'Trải nghiệm tuyệt vời!', '2023-09-24 00:00:00', '2023-09-24 00:00:00');
INSERT INTO bookings (id, vehicle_id, renter_id, owner_id, status, start_date, end_date, total_days, base_price, price_per_day, service_fee, taxes, total, deposit, created_at, updated_at) VALUES ('be4b8c3e-9105-4e2c-9a5c-c4fa4dd3ba2c', 'V1A2B3C4-D5E6-7890-VHCL-111111111111', 'B2C3D4E5-F6G7-8901-BCDE-234567890123', 'E5F6G7H8-I9J0-1234-EFGH-567890123456', 'COMPLETED', '2023-11-26', '2023-12-04', 8, 6400000, 800000, 640000.0, 512000.0, 7552000.0, 3000000, '2023-11-20 00:00:00', '2023-11-20 00:00:00');
INSERT INTO payments (id, booking_id, user_id, amount, currency, status, method, created_at, processed_at) VALUES ('274d3bfd-6d54-4886-b221-d1e3e1fc119e', 'be4b8c3e-9105-4e2c-9a5c-c4fa4dd3ba2c', 'B2C3D4E5-F6G7-8901-BCDE-234567890123', 7552000.0, 'VND', 'SUCCEEDED', 'VNPAY', '2023-11-20 00:00:00', '2023-11-20 00:00:00');
INSERT INTO reviews (id, vehicle_id, booking_id, reviewer_id, owner_id, rating, cleanliness, accuracy, communication, value_rating, comment, created_at, updated_at) VALUES ('4849fce4-bd63-4056-baef-adf7f84f6182', 'V1A2B3C4-D5E6-7890-VHCL-111111111111', 'be4b8c3e-9105-4e2c-9a5c-c4fa4dd3ba2c', 'B2C3D4E5-F6G7-8901-BCDE-234567890123', 'E5F6G7H8-I9J0-1234-EFGH-567890123456', 4, 4, 4, 4, 4, N'Trải nghiệm tuyệt vời!', '2023-12-04 00:00:00', '2023-12-04 00:00:00');
INSERT INTO bookings (id, vehicle_id, renter_id, owner_id, status, start_date, end_date, total_days, base_price, price_per_day, service_fee, taxes, total, deposit, created_at, updated_at) VALUES ('395f48ac-b599-4bb2-9355-bf8cb47b96e5', 'V1A2B3C4-D5E6-7890-VHCL-111111111111', 'B2C3D4E5-F6G7-8901-BCDE-234567890123', 'E5F6G7H8-I9J0-1234-EFGH-567890123456', 'COMPLETED', '2024-02-04', '2024-02-13', 9, 7200000, 800000, 720000.0, 576000.0, 8496000.0, 3000000, '2024-01-21 00:00:00', '2024-01-21 00:00:00');
INSERT INTO payments (id, booking_id, user_id, amount, currency, status, method, created_at, processed_at) VALUES ('a303484e-fc83-4ef9-b0d7-b4206c2cd197', '395f48ac-b599-4bb2-9355-bf8cb47b96e5', 'B2C3D4E5-F6G7-8901-BCDE-234567890123', 8496000.0, 'VND', 'SUCCEEDED', 'VNPAY', '2024-01-21 00:00:00', '2024-01-21 00:00:00');
INSERT INTO reviews (id, vehicle_id, booking_id, reviewer_id, owner_id, rating, cleanliness, accuracy, communication, value_rating, comment, created_at, updated_at) VALUES ('b4258315-fc78-4ed1-91d5-cd781bcb5c23', 'V1A2B3C4-D5E6-7890-VHCL-111111111111', '395f48ac-b599-4bb2-9355-bf8cb47b96e5', 'B2C3D4E5-F6G7-8901-BCDE-234567890123', 'E5F6G7H8-I9J0-1234-EFGH-567890123456', 4, 4, 4, 4, 4, N'Trải nghiệm tuyệt vời!', '2024-02-13 00:00:00', '2024-02-13 00:00:00');
INSERT INTO bookings (id, vehicle_id, renter_id, owner_id, status, start_date, end_date, total_days, base_price, price_per_day, service_fee, taxes, total, deposit, created_at, updated_at) VALUES ('67985e99-fc04-482b-b4cc-ea1336fb2a91', 'V1A2B3C4-D5E6-7890-VHCL-111111111111', 'B2C3D4E5-F6G7-8901-BCDE-234567890123', 'E5F6G7H8-I9J0-1234-EFGH-567890123456', 'COMPLETED', '2023-06-12', '2023-06-21', 9, 7200000, 800000, 720000.0, 576000.0, 8496000.0, 3000000, '2023-06-01 00:00:00', '2023-06-01 00:00:00');
INSERT INTO payments (id, booking_id, user_id, amount, currency, status, method, created_at, processed_at) VALUES ('190034fe-6ee8-4b3b-b6dd-946aaa1b4696', '67985e99-fc04-482b-b4cc-ea1336fb2a91', 'B2C3D4E5-F6G7-8901-BCDE-234567890123', 8496000.0, 'VND', 'SUCCEEDED', 'VNPAY', '2023-06-01 00:00:00', '2023-06-01 00:00:00');
INSERT INTO reviews (id, vehicle_id, booking_id, reviewer_id, owner_id, rating, cleanliness, accuracy, communication, value_rating, comment, created_at, updated_at) VALUES ('e459c0dd-61a3-4838-b912-d73f0b9151f9', 'V1A2B3C4-D5E6-7890-VHCL-111111111111', '67985e99-fc04-482b-b4cc-ea1336fb2a91', 'B2C3D4E5-F6G7-8901-BCDE-234567890123', 'E5F6G7H8-I9J0-1234-EFGH-567890123456', 3, 3, 3, 3, 3, N'Trải nghiệm tuyệt vời!', '2023-06-21 00:00:00', '2023-06-21 00:00:00');
INSERT INTO bookings (id, vehicle_id, renter_id, owner_id, status, start_date, end_date, total_days, base_price, price_per_day, service_fee, taxes, total, deposit, created_at, updated_at) VALUES ('cc96fe59-58ee-4177-9fca-c4933f939234', 'V1A2B3C4-D5E6-7890-VHCL-111111111111', 'C3D4E5F6-G7H8-9012-CDEF-345678901234', 'E5F6G7H8-I9J0-1234-EFGH-567890123456', 'COMPLETED', '2023-09-20', '2023-09-26', 6, 4800000, 800000, 480000.0, 384000.0, 5664000.0, 3000000, '2023-09-08 00:00:00', '2023-09-08 00:00:00');
INSERT INTO payments (id, booking_id, user_id, amount, currency, status, method, created_at, processed_at) VALUES ('e7c7f743-5726-4e0f-912e-1ee00bf3fa26', 'cc96fe59-58ee-4177-9fca-c4933f939234', 'C3D4E5F6-G7H8-9012-CDEF-345678901234', 5664000.0, 'VND', 'SUCCEEDED', 'VNPAY', '2023-09-08 00:00:00', '2023-09-08 00:00:00');
INSERT INTO reviews (id, vehicle_id, booking_id, reviewer_id, owner_id, rating, cleanliness, accuracy, communication, value_rating, comment, created_at, updated_at) VALUES ('4bd045aa-8b99-4dc6-9e26-7a5e5ea244d8', 'V1A2B3C4-D5E6-7890-VHCL-111111111111', 'cc96fe59-58ee-4177-9fca-c4933f939234', 'C3D4E5F6-G7H8-9012-CDEF-345678901234', 'E5F6G7H8-I9J0-1234-EFGH-567890123456', 5, 5, 5, 5, 5, N'Trải nghiệm tuyệt vời!', '2023-09-26 00:00:00', '2023-09-26 00:00:00');
INSERT INTO bookings (id, vehicle_id, renter_id, owner_id, status, start_date, end_date, total_days, base_price, price_per_day, service_fee, taxes, total, deposit, created_at, updated_at) VALUES ('56342d09-2da3-4b72-a402-a1a2a87ed3c3', 'V1A2B3C4-D5E6-7890-VHCL-111111111111', 'C3D4E5F6-G7H8-9012-CDEF-345678901234', 'E5F6G7H8-I9J0-1234-EFGH-567890123456', 'COMPLETED', '2023-11-08', '2023-11-13', 5, 4000000, 800000, 400000.0, 320000.0, 4720000.0, 3000000, '2023-11-04 00:00:00', '2023-11-04 00:00:00');
INSERT INTO payments (id, booking_id, user_id, amount, currency, status, method, created_at, processed_at) VALUES ('37fa48a9-8fc1-4118-8b41-3994c5771911', '56342d09-2da3-4b72-a402-a1a2a87ed3c3', 'C3D4E5F6-G7H8-9012-CDEF-345678901234', 4720000.0, 'VND', 'SUCCEEDED', 'VNPAY', '2023-11-04 00:00:00', '2023-11-04 00:00:00');
INSERT INTO reviews (id, vehicle_id, booking_id, reviewer_id, owner_id, rating, cleanliness, accuracy, communication, value_rating, comment, created_at, updated_at) VALUES ('972d2f07-ad6d-4459-9638-004b2b8988ee', 'V1A2B3C4-D5E6-7890-VHCL-111111111111', '56342d09-2da3-4b72-a402-a1a2a87ed3c3', 'C3D4E5F6-G7H8-9012-CDEF-345678901234', 'E5F6G7H8-I9J0-1234-EFGH-567890123456', 3, 3, 3, 3, 3, N'Trải nghiệm tuyệt vời!', '2023-11-13 00:00:00', '2023-11-13 00:00:00');
INSERT INTO bookings (id, vehicle_id, renter_id, owner_id, status, start_date, end_date, total_days, base_price, price_per_day, service_fee, taxes, total, deposit, created_at, updated_at) VALUES ('c934cdf5-b689-412b-893c-fd4c23e5e5c4', 'V1A2B3C4-D5E6-7890-VHCL-111111111111', 'B2C3D4E5-F6G7-8901-BCDE-234567890123', 'E5F6G7H8-I9J0-1234-EFGH-567890123456', 'CANCELLED', '2023-11-19', '2023-11-27', 8, 6400000, 800000, 640000.0, 512000.0, 7552000.0, 3000000, '2023-11-12 00:00:00', '2023-11-12 00:00:00');
INSERT INTO payments (id, booking_id, user_id, amount, currency, status, method, created_at, processed_at) VALUES ('7b9be6e0-ba20-4df1-9d65-78393e8606b9', 'c934cdf5-b689-412b-893c-fd4c23e5e5c4', 'B2C3D4E5-F6G7-8901-BCDE-234567890123', 7552000.0, 'VND', 'REFUNDED', 'VNPAY', '2023-11-12 00:00:00', '2023-11-12 00:00:00');
INSERT INTO bookings (id, vehicle_id, renter_id, owner_id, status, start_date, end_date, total_days, base_price, price_per_day, service_fee, taxes, total, deposit, created_at, updated_at) VALUES ('1b152ce3-a0c5-4641-969f-c641ae20465e', 'V1A2B3C4-D5E6-7890-VHCL-111111111111', 'C3D4E5F6-G7H8-9012-CDEF-345678901234', 'E5F6G7H8-I9J0-1234-EFGH-567890123456', 'CANCELLED', '2023-08-06', '2023-08-14', 8, 6400000, 800000, 640000.0, 512000.0, 7552000.0, 3000000, '2023-07-25 00:00:00', '2023-07-25 00:00:00');
INSERT INTO payments (id, booking_id, user_id, amount, currency, status, method, created_at, processed_at) VALUES ('9bc536ad-fce3-4381-bdee-4df4c06ff18f', '1b152ce3-a0c5-4641-969f-c641ae20465e', 'C3D4E5F6-G7H8-9012-CDEF-345678901234', 7552000.0, 'VND', 'REFUNDED', 'VNPAY', '2023-07-25 00:00:00', '2023-07-25 00:00:00');
INSERT INTO bookings (id, vehicle_id, renter_id, owner_id, status, start_date, end_date, total_days, base_price, price_per_day, service_fee, taxes, total, deposit, created_at, updated_at) VALUES ('8d1aa80b-6bb0-413c-972b-c725d5ccb3f5', 'V1A2B3C4-D5E6-7890-VHCL-111111111111', 'D4E5F6G7-H8I9-0123-DEFG-456789012345', 'E5F6G7H8-I9J0-1234-EFGH-567890123456', 'COMPLETED', '2023-09-22', '2023-10-02', 10, 8000000, 800000, 800000.0, 640000.0, 9440000.0, 3000000, '2023-09-18 00:00:00', '2023-09-18 00:00:00');
INSERT INTO payments (id, booking_id, user_id, amount, currency, status, method, created_at, processed_at) VALUES ('a5aa5576-35e3-44bc-b308-92aaeefd2f47', '8d1aa80b-6bb0-413c-972b-c725d5ccb3f5', 'D4E5F6G7-H8I9-0123-DEFG-456789012345', 9440000.0, 'VND', 'SUCCEEDED', 'VNPAY', '2023-09-18 00:00:00', '2023-09-18 00:00:00');
INSERT INTO reviews (id, vehicle_id, booking_id, reviewer_id, owner_id, rating, cleanliness, accuracy, communication, value_rating, comment, created_at, updated_at) VALUES ('824085ab-f97f-412d-99b3-4656ffc22c3b', 'V1A2B3C4-D5E6-7890-VHCL-111111111111', '8d1aa80b-6bb0-413c-972b-c725d5ccb3f5', 'D4E5F6G7-H8I9-0123-DEFG-456789012345', 'E5F6G7H8-I9J0-1234-EFGH-567890123456', 3, 3, 3, 3, 3, N'Trải nghiệm tuyệt vời!', '2023-10-02 00:00:00', '2023-10-02 00:00:00');
INSERT INTO bookings (id, vehicle_id, renter_id, owner_id, status, start_date, end_date, total_days, base_price, price_per_day, service_fee, taxes, total, deposit, created_at, updated_at) VALUES ('e4433334-a477-4fa9-838c-4a83b05c76ba', 'V1A2B3C4-D5E6-7890-VHCL-111111111111', 'D4E5F6G7-H8I9-0123-DEFG-456789012345', 'E5F6G7H8-I9J0-1234-EFGH-567890123456', 'COMPLETED', '2023-04-27', '2023-05-03', 6, 4800000, 800000, 480000.0, 384000.0, 5664000.0, 3000000, '2023-04-16 00:00:00', '2023-04-16 00:00:00');
INSERT INTO payments (id, booking_id, user_id, amount, currency, status, method, created_at, processed_at) VALUES ('35c8f135-edef-4463-bbb1-9314b85a8956', 'e4433334-a477-4fa9-838c-4a83b05c76ba', 'D4E5F6G7-H8I9-0123-DEFG-456789012345', 5664000.0, 'VND', 'SUCCEEDED', 'VNPAY', '2023-04-16 00:00:00', '2023-04-16 00:00:00');
INSERT INTO reviews (id, vehicle_id, booking_id, reviewer_id, owner_id, rating, cleanliness, accuracy, communication, value_rating, comment, created_at, updated_at) VALUES ('a53123c3-e3dc-46b0-b9ce-4c3488d86c22', 'V1A2B3C4-D5E6-7890-VHCL-111111111111', 'e4433334-a477-4fa9-838c-4a83b05c76ba', 'D4E5F6G7-H8I9-0123-DEFG-456789012345', 'E5F6G7H8-I9J0-1234-EFGH-567890123456', 5, 5, 5, 5, 5, N'Trải nghiệm tuyệt vời!', '2023-05-03 00:00:00', '2023-05-03 00:00:00');
INSERT INTO bookings (id, vehicle_id, renter_id, owner_id, status, start_date, end_date, total_days, base_price, price_per_day, service_fee, taxes, total, deposit, created_at, updated_at) VALUES ('f628492a-0690-4c0e-8d5e-1895bd1d6724', 'V1A2B3C4-D5E6-7890-VHCL-111111111111', 'B2C3D4E5-F6G7-8901-BCDE-234567890123', 'E5F6G7H8-I9J0-1234-EFGH-567890123456', 'CANCELLED', '2023-04-02', '2023-04-06', 4, 3200000, 800000, 320000.0, 256000.0, 3776000.0, 3000000, '2023-03-21 00:00:00', '2023-03-21 00:00:00');
INSERT INTO payments (id, booking_id, user_id, amount, currency, status, method, created_at, processed_at) VALUES ('7703b44d-bf69-4c94-bf5b-9869b0789833', 'f628492a-0690-4c0e-8d5e-1895bd1d6724', 'B2C3D4E5-F6G7-8901-BCDE-234567890123', 3776000.0, 'VND', 'REFUNDED', 'VNPAY', '2023-03-21 00:00:00', '2023-03-21 00:00:00');
INSERT INTO bookings (id, vehicle_id, renter_id, owner_id, status, start_date, end_date, total_days, base_price, price_per_day, service_fee, taxes, total, deposit, created_at, updated_at) VALUES ('2e99f53d-447f-43fe-bd02-d29135145df3', 'V1A2B3C4-D5E6-7890-VHCL-111111111111', 'D4E5F6G7-H8I9-0123-DEFG-456789012345', 'E5F6G7H8-I9J0-1234-EFGH-567890123456', 'CANCELLED', '2023-06-11', '2023-06-15', 4, 3200000, 800000, 320000.0, 256000.0, 3776000.0, 3000000, '2023-06-09 00:00:00', '2023-06-09 00:00:00');
INSERT INTO payments (id, booking_id, user_id, amount, currency, status, method, created_at, processed_at) VALUES ('ebadeded-6367-40f0-b7ad-aa5cdc5865cc', '2e99f53d-447f-43fe-bd02-d29135145df3', 'D4E5F6G7-H8I9-0123-DEFG-456789012345', 3776000.0, 'VND', 'REFUNDED', 'VNPAY', '2023-06-09 00:00:00', '2023-06-09 00:00:00');
INSERT INTO bookings (id, vehicle_id, renter_id, owner_id, status, start_date, end_date, total_days, base_price, price_per_day, service_fee, taxes, total, deposit, created_at, updated_at) VALUES ('c3e0090a-0c5e-40cd-a338-87b1e86cc05c', 'V1A2B3C4-D5E6-7890-VHCL-111111111111', 'D4E5F6G7-H8I9-0123-DEFG-456789012345', 'E5F6G7H8-I9J0-1234-EFGH-567890123456', 'COMPLETED', '2023-04-03', '2023-04-05', 2, 1600000, 800000, 160000.0, 128000.0, 1888000.0, 3000000, '2023-03-29 00:00:00', '2023-03-29 00:00:00');
INSERT INTO payments (id, booking_id, user_id, amount, currency, status, method, created_at, processed_at) VALUES ('2d58f14b-e805-4a13-8480-94a56fdac42d', 'c3e0090a-0c5e-40cd-a338-87b1e86cc05c', 'D4E5F6G7-H8I9-0123-DEFG-456789012345', 1888000.0, 'VND', 'SUCCEEDED', 'VNPAY', '2023-03-29 00:00:00', '2023-03-29 00:00:00');
INSERT INTO reviews (id, vehicle_id, booking_id, reviewer_id, owner_id, rating, cleanliness, accuracy, communication, value_rating, comment, created_at, updated_at) VALUES ('4049c020-1aa5-4f8f-9938-f94da8845754', 'V1A2B3C4-D5E6-7890-VHCL-111111111111', 'c3e0090a-0c5e-40cd-a338-87b1e86cc05c', 'D4E5F6G7-H8I9-0123-DEFG-456789012345', 'E5F6G7H8-I9J0-1234-EFGH-567890123456', 3, 3, 3, 3, 3, N'Trải nghiệm tuyệt vời!', '2023-04-05 00:00:00', '2023-04-05 00:00:00');
INSERT INTO bookings (id, vehicle_id, renter_id, owner_id, status, start_date, end_date, total_days, base_price, price_per_day, service_fee, taxes, total, deposit, created_at, updated_at) VALUES ('48f90a41-d161-436b-a5f4-0c8df42a0136', 'V1A2B3C4-D5E6-7890-VHCL-111111111111', 'B2C3D4E5-F6G7-8901-BCDE-234567890123', 'E5F6G7H8-I9J0-1234-EFGH-567890123456', 'COMPLETED', '2023-03-11', '2023-03-12', 1, 800000, 800000, 80000.0, 64000.0, 944000.0, 3000000, '2023-02-28 00:00:00', '2023-02-28 00:00:00');
INSERT INTO payments (id, booking_id, user_id, amount, currency, status, method, created_at, processed_at) VALUES ('7cef6ffb-170f-4612-91e0-67bde82fec75', '48f90a41-d161-436b-a5f4-0c8df42a0136', 'B2C3D4E5-F6G7-8901-BCDE-234567890123', 944000.0, 'VND', 'SUCCEEDED', 'VNPAY', '2023-02-28 00:00:00', '2023-02-28 00:00:00');
INSERT INTO reviews (id, vehicle_id, booking_id, reviewer_id, owner_id, rating, cleanliness, accuracy, communication, value_rating, comment, created_at, updated_at) VALUES ('361d834a-9bba-4a9d-9db3-eeda2397f872', 'V1A2B3C4-D5E6-7890-VHCL-111111111111', '48f90a41-d161-436b-a5f4-0c8df42a0136', 'B2C3D4E5-F6G7-8901-BCDE-234567890123', 'E5F6G7H8-I9J0-1234-EFGH-567890123456', 4, 4, 4, 4, 4, N'Trải nghiệm tuyệt vời!', '2023-03-12 00:00:00', '2023-03-12 00:00:00');
INSERT INTO bookings (id, vehicle_id, renter_id, owner_id, status, start_date, end_date, total_days, base_price, price_per_day, service_fee, taxes, total, deposit, created_at, updated_at) VALUES ('537b991a-dad6-4c73-83d3-46d8380555e5', 'V1A2B3C4-D5E6-7890-VHCL-111111111111', 'B2C3D4E5-F6G7-8901-BCDE-234567890123', 'E5F6G7H8-I9J0-1234-EFGH-567890123456', 'COMPLETED', '2023-08-16', '2023-08-24', 8, 6400000, 800000, 640000.0, 512000.0, 7552000.0, 3000000, '2023-08-15 00:00:00', '2023-08-15 00:00:00');
INSERT INTO payments (id, booking_id, user_id, amount, currency, status, method, created_at, processed_at) VALUES ('82b5b4fb-3a7b-4704-a919-77e453fd086c', '537b991a-dad6-4c73-83d3-46d8380555e5', 'B2C3D4E5-F6G7-8901-BCDE-234567890123', 7552000.0, 'VND', 'SUCCEEDED', 'VNPAY', '2023-08-15 00:00:00', '2023-08-15 00:00:00');
INSERT INTO reviews (id, vehicle_id, booking_id, reviewer_id, owner_id, rating, cleanliness, accuracy, communication, value_rating, comment, created_at, updated_at) VALUES ('d825896f-bf20-4526-ace2-0ee6385439f3', 'V1A2B3C4-D5E6-7890-VHCL-111111111111', '537b991a-dad6-4c73-83d3-46d8380555e5', 'B2C3D4E5-F6G7-8901-BCDE-234567890123', 'E5F6G7H8-I9J0-1234-EFGH-567890123456', 4, 4, 4, 4, 4, N'Trải nghiệm tuyệt vời!', '2023-08-24 00:00:00', '2023-08-24 00:00:00');
INSERT INTO bookings (id, vehicle_id, renter_id, owner_id, status, start_date, end_date, total_days, base_price, price_per_day, service_fee, taxes, total, deposit, created_at, updated_at) VALUES ('7efb16f1-8389-4c1b-8c82-f76fe78380d8', 'V1A2B3C4-D5E6-7890-VHCL-111111111111', 'D4E5F6G7-H8I9-0123-DEFG-456789012345', 'E5F6G7H8-I9J0-1234-EFGH-567890123456', 'CANCELLED', '2024-03-14', '2024-03-21', 7, 5600000, 800000, 560000.0, 448000.0, 6608000.0, 3000000, '2024-03-06 00:00:00', '2024-03-06 00:00:00');
INSERT INTO payments (id, booking_id, user_id, amount, currency, status, method, created_at, processed_at) VALUES ('04d3314d-7451-4dac-a30c-8f1e192f2fc7', '7efb16f1-8389-4c1b-8c82-f76fe78380d8', 'D4E5F6G7-H8I9-0123-DEFG-456789012345', 6608000.0, 'VND', 'REFUNDED', 'VNPAY', '2024-03-06 00:00:00', '2024-03-06 00:00:00');
INSERT INTO bookings (id, vehicle_id, renter_id, owner_id, status, start_date, end_date, total_days, base_price, price_per_day, service_fee, taxes, total, deposit, created_at, updated_at) VALUES ('e48f4dbd-603f-4437-8796-af5812f19d65', 'V1A2B3C4-D5E6-7890-VHCL-111111111111', 'C3D4E5F6-G7H8-9012-CDEF-345678901234', 'E5F6G7H8-I9J0-1234-EFGH-567890123456', 'COMPLETED', '2023-04-16', '2023-04-21', 5, 4000000, 800000, 400000.0, 320000.0, 4720000.0, 3000000, '2023-04-15 00:00:00', '2023-04-15 00:00:00');
INSERT INTO payments (id, booking_id, user_id, amount, currency, status, method, created_at, processed_at) VALUES ('254ffdfc-2ca9-42b1-9412-20e2239b9585', 'e48f4dbd-603f-4437-8796-af5812f19d65', 'C3D4E5F6-G7H8-9012-CDEF-345678901234', 4720000.0, 'VND', 'SUCCEEDED', 'VNPAY', '2023-04-15 00:00:00', '2023-04-15 00:00:00');
INSERT INTO reviews (id, vehicle_id, booking_id, reviewer_id, owner_id, rating, cleanliness, accuracy, communication, value_rating, comment, created_at, updated_at) VALUES ('3175701b-9ad6-4193-8d2b-7227bea8ad3f', 'V1A2B3C4-D5E6-7890-VHCL-111111111111', 'e48f4dbd-603f-4437-8796-af5812f19d65', 'C3D4E5F6-G7H8-9012-CDEF-345678901234', 'E5F6G7H8-I9J0-1234-EFGH-567890123456', 3, 3, 3, 3, 3, N'Trải nghiệm tuyệt vời!', '2023-04-21 00:00:00', '2023-04-21 00:00:00');
INSERT INTO bookings (id, vehicle_id, renter_id, owner_id, status, start_date, end_date, total_days, base_price, price_per_day, service_fee, taxes, total, deposit, created_at, updated_at) VALUES ('c5e96291-1f89-4da7-b32e-c02407524091', 'V1A2B3C4-D5E6-7890-VHCL-111111111111', 'D4E5F6G7-H8I9-0123-DEFG-456789012345', 'E5F6G7H8-I9J0-1234-EFGH-567890123456', 'COMPLETED', '2023-03-25', '2023-04-01', 7, 5600000, 800000, 560000.0, 448000.0, 6608000.0, 3000000, '2023-03-20 00:00:00', '2023-03-20 00:00:00');
INSERT INTO payments (id, booking_id, user_id, amount, currency, status, method, created_at, processed_at) VALUES ('1f4af83d-7ea5-44b4-8ee4-f5dd18260abc', 'c5e96291-1f89-4da7-b32e-c02407524091', 'D4E5F6G7-H8I9-0123-DEFG-456789012345', 6608000.0, 'VND', 'SUCCEEDED', 'VNPAY', '2023-03-20 00:00:00', '2023-03-20 00:00:00');
INSERT INTO reviews (id, vehicle_id, booking_id, reviewer_id, owner_id, rating, cleanliness, accuracy, communication, value_rating, comment, created_at, updated_at) VALUES ('4c86cb9b-f8ea-4bad-a8b0-0747ee4bd2c4', 'V1A2B3C4-D5E6-7890-VHCL-111111111111', 'c5e96291-1f89-4da7-b32e-c02407524091', 'D4E5F6G7-H8I9-0123-DEFG-456789012345', 'E5F6G7H8-I9J0-1234-EFGH-567890123456', 4, 4, 4, 4, 4, N'Trải nghiệm tuyệt vời!', '2023-04-01 00:00:00', '2023-04-01 00:00:00');
INSERT INTO bookings (id, vehicle_id, renter_id, owner_id, status, start_date, end_date, total_days, base_price, price_per_day, service_fee, taxes, total, deposit, created_at, updated_at) VALUES ('8c257935-e457-4b77-aadb-b7b7304bcb64', 'V1A2B3C4-D5E6-7890-VHCL-111111111111', 'D4E5F6G7-H8I9-0123-DEFG-456789012345', 'E5F6G7H8-I9J0-1234-EFGH-567890123456', 'COMPLETED', '2023-09-09', '2023-09-19', 10, 8000000, 800000, 800000.0, 640000.0, 9440000.0, 3000000, '2023-08-27 00:00:00', '2023-08-27 00:00:00');
INSERT INTO payments (id, booking_id, user_id, amount, currency, status, method, created_at, processed_at) VALUES ('aeb36d68-7fc5-4030-b208-b3c2d13d6710', '8c257935-e457-4b77-aadb-b7b7304bcb64', 'D4E5F6G7-H8I9-0123-DEFG-456789012345', 9440000.0, 'VND', 'SUCCEEDED', 'VNPAY', '2023-08-27 00:00:00', '2023-08-27 00:00:00');
INSERT INTO reviews (id, vehicle_id, booking_id, reviewer_id, owner_id, rating, cleanliness, accuracy, communication, value_rating, comment, created_at, updated_at) VALUES ('102857cf-6ede-4973-9305-c73b071b92b4', 'V1A2B3C4-D5E6-7890-VHCL-111111111111', '8c257935-e457-4b77-aadb-b7b7304bcb64', 'D4E5F6G7-H8I9-0123-DEFG-456789012345', 'E5F6G7H8-I9J0-1234-EFGH-567890123456', 4, 4, 4, 4, 4, N'Trải nghiệm tuyệt vời!', '2023-09-19 00:00:00', '2023-09-19 00:00:00');
INSERT INTO bookings (id, vehicle_id, renter_id, owner_id, status, start_date, end_date, total_days, base_price, price_per_day, service_fee, taxes, total, deposit, created_at, updated_at) VALUES ('48c1568b-6db3-4305-9ab6-bd153057e5f3', 'V1A2B3C4-D5E6-7890-VHCL-111111111111', 'D4E5F6G7-H8I9-0123-DEFG-456789012345', 'E5F6G7H8-I9J0-1234-EFGH-567890123456', 'COMPLETED', '2023-01-24', '2023-01-30', 6, 4800000, 800000, 480000.0, 384000.0, 5664000.0, 3000000, '2023-01-16 00:00:00', '2023-01-16 00:00:00');
INSERT INTO payments (id, booking_id, user_id, amount, currency, status, method, created_at, processed_at) VALUES ('73d5da88-016c-45d8-9295-8f392f6e8ee3', '48c1568b-6db3-4305-9ab6-bd153057e5f3', 'D4E5F6G7-H8I9-0123-DEFG-456789012345', 5664000.0, 'VND', 'SUCCEEDED', 'VNPAY', '2023-01-16 00:00:00', '2023-01-16 00:00:00');
INSERT INTO reviews (id, vehicle_id, booking_id, reviewer_id, owner_id, rating, cleanliness, accuracy, communication, value_rating, comment, created_at, updated_at) VALUES ('0bd692b6-d4ef-4d62-9b9f-fa71414d7f5a', 'V1A2B3C4-D5E6-7890-VHCL-111111111111', '48c1568b-6db3-4305-9ab6-bd153057e5f3', 'D4E5F6G7-H8I9-0123-DEFG-456789012345', 'E5F6G7H8-I9J0-1234-EFGH-567890123456', 3, 3, 3, 3, 3, N'Trải nghiệm tuyệt vời!', '2023-01-30 00:00:00', '2023-01-30 00:00:00');
INSERT INTO bookings (id, vehicle_id, renter_id, owner_id, status, start_date, end_date, total_days, base_price, price_per_day, service_fee, taxes, total, deposit, created_at, updated_at) VALUES ('6722f9dc-e5fc-4305-b5ec-39e86782c238', 'V1A2B3C4-D5E6-7890-VHCL-111111111111', 'C3D4E5F6-G7H8-9012-CDEF-345678901234', 'E5F6G7H8-I9J0-1234-EFGH-567890123456', 'COMPLETED', '2023-07-27', '2023-07-29', 2, 1600000, 800000, 160000.0, 128000.0, 1888000.0, 3000000, '2023-07-13 00:00:00', '2023-07-13 00:00:00');
INSERT INTO payments (id, booking_id, user_id, amount, currency, status, method, created_at, processed_at) VALUES ('7c4930d1-8aad-4976-a123-c1c44c911d1c', '6722f9dc-e5fc-4305-b5ec-39e86782c238', 'C3D4E5F6-G7H8-9012-CDEF-345678901234', 1888000.0, 'VND', 'SUCCEEDED', 'VNPAY', '2023-07-13 00:00:00', '2023-07-13 00:00:00');
INSERT INTO reviews (id, vehicle_id, booking_id, reviewer_id, owner_id, rating, cleanliness, accuracy, communication, value_rating, comment, created_at, updated_at) VALUES ('a608d355-6fc4-4ad3-aa85-39bfb9d0f24f', 'V1A2B3C4-D5E6-7890-VHCL-111111111111', '6722f9dc-e5fc-4305-b5ec-39e86782c238', 'C3D4E5F6-G7H8-9012-CDEF-345678901234', 'E5F6G7H8-I9J0-1234-EFGH-567890123456', 3, 3, 3, 3, 3, N'Trải nghiệm tuyệt vời!', '2023-07-29 00:00:00', '2023-07-29 00:00:00');
INSERT INTO bookings (id, vehicle_id, renter_id, owner_id, status, start_date, end_date, total_days, base_price, price_per_day, service_fee, taxes, total, deposit, created_at, updated_at) VALUES ('ddaa6f46-b7d7-41bf-a745-c3f414489c7c', 'V1A2B3C4-D5E6-7890-VHCL-111111111111', 'B2C3D4E5-F6G7-8901-BCDE-234567890123', 'E5F6G7H8-I9J0-1234-EFGH-567890123456', 'CANCELLED', '2024-04-13', '2024-04-20', 7, 5600000, 800000, 560000.0, 448000.0, 6608000.0, 3000000, '2024-04-08 00:00:00', '2024-04-08 00:00:00');
INSERT INTO payments (id, booking_id, user_id, amount, currency, status, method, created_at, processed_at) VALUES ('de5b41d7-5e26-433e-8adf-c2dfe9735054', 'ddaa6f46-b7d7-41bf-a745-c3f414489c7c', 'B2C3D4E5-F6G7-8901-BCDE-234567890123', 6608000.0, 'VND', 'REFUNDED', 'VNPAY', '2024-04-08 00:00:00', '2024-04-08 00:00:00');
INSERT INTO bookings (id, vehicle_id, renter_id, owner_id, status, start_date, end_date, total_days, base_price, price_per_day, service_fee, taxes, total, deposit, created_at, updated_at) VALUES ('0d409587-30a5-4260-a9cb-46df8f8bffa2', 'V1A2B3C4-D5E6-7890-VHCL-111111111111', 'B2C3D4E5-F6G7-8901-BCDE-234567890123', 'E5F6G7H8-I9J0-1234-EFGH-567890123456', 'CANCELLED', '2023-06-07', '2023-06-11', 4, 3200000, 800000, 320000.0, 256000.0, 3776000.0, 3000000, '2023-06-03 00:00:00', '2023-06-03 00:00:00');
INSERT INTO payments (id, booking_id, user_id, amount, currency, status, method, created_at, processed_at) VALUES ('47b06983-9966-40be-8795-c56eb746f956', '0d409587-30a5-4260-a9cb-46df8f8bffa2', 'B2C3D4E5-F6G7-8901-BCDE-234567890123', 3776000.0, 'VND', 'REFUNDED', 'VNPAY', '2023-06-03 00:00:00', '2023-06-03 00:00:00');
INSERT INTO bookings (id, vehicle_id, renter_id, owner_id, status, start_date, end_date, total_days, base_price, price_per_day, service_fee, taxes, total, deposit, created_at, updated_at) VALUES ('7f164884-2841-45ce-a2e1-0d60b2956b92', 'V1A2B3C4-D5E6-7890-VHCL-111111111111', 'C3D4E5F6-G7H8-9012-CDEF-345678901234', 'E5F6G7H8-I9J0-1234-EFGH-567890123456', 'COMPLETED', '2023-08-08', '2023-08-10', 2, 1600000, 800000, 160000.0, 128000.0, 1888000.0, 3000000, '2023-08-07 00:00:00', '2023-08-07 00:00:00');
INSERT INTO payments (id, booking_id, user_id, amount, currency, status, method, created_at, processed_at) VALUES ('3cce9331-536e-473f-b0ad-645b077c7eb8', '7f164884-2841-45ce-a2e1-0d60b2956b92', 'C3D4E5F6-G7H8-9012-CDEF-345678901234', 1888000.0, 'VND', 'SUCCEEDED', 'VNPAY', '2023-08-07 00:00:00', '2023-08-07 00:00:00');
INSERT INTO reviews (id, vehicle_id, booking_id, reviewer_id, owner_id, rating, cleanliness, accuracy, communication, value_rating, comment, created_at, updated_at) VALUES ('9c44391e-2109-44ab-addd-c04183eb6ac5', 'V1A2B3C4-D5E6-7890-VHCL-111111111111', '7f164884-2841-45ce-a2e1-0d60b2956b92', 'C3D4E5F6-G7H8-9012-CDEF-345678901234', 'E5F6G7H8-I9J0-1234-EFGH-567890123456', 4, 4, 4, 4, 4, N'Trải nghiệm tuyệt vời!', '2023-08-10 00:00:00', '2023-08-10 00:00:00');
INSERT INTO bookings (id, vehicle_id, renter_id, owner_id, status, start_date, end_date, total_days, base_price, price_per_day, service_fee, taxes, total, deposit, created_at, updated_at) VALUES ('5e1152d8-17fa-4875-b29a-ce1d033bfac5', 'V1A2B3C4-D5E6-7890-VHCL-111111111111', 'C3D4E5F6-G7H8-9012-CDEF-345678901234', 'E5F6G7H8-I9J0-1234-EFGH-567890123456', 'COMPLETED', '2023-10-26', '2023-11-03', 8, 6400000, 800000, 640000.0, 512000.0, 7552000.0, 3000000, '2023-10-22 00:00:00', '2023-10-22 00:00:00');
INSERT INTO payments (id, booking_id, user_id, amount, currency, status, method, created_at, processed_at) VALUES ('2251d80a-e28c-49f5-b202-673e7b613406', '5e1152d8-17fa-4875-b29a-ce1d033bfac5', 'C3D4E5F6-G7H8-9012-CDEF-345678901234', 7552000.0, 'VND', 'SUCCEEDED', 'VNPAY', '2023-10-22 00:00:00', '2023-10-22 00:00:00');
INSERT INTO reviews (id, vehicle_id, booking_id, reviewer_id, owner_id, rating, cleanliness, accuracy, communication, value_rating, comment, created_at, updated_at) VALUES ('f813272c-4c9e-4bb1-ae8c-01bc8721336f', 'V1A2B3C4-D5E6-7890-VHCL-111111111111', '5e1152d8-17fa-4875-b29a-ce1d033bfac5', 'C3D4E5F6-G7H8-9012-CDEF-345678901234', 'E5F6G7H8-I9J0-1234-EFGH-567890123456', 3, 3, 3, 3, 3, N'Trải nghiệm tuyệt vời!', '2023-11-03 00:00:00', '2023-11-03 00:00:00');
INSERT INTO bookings (id, vehicle_id, renter_id, owner_id, status, start_date, end_date, total_days, base_price, price_per_day, service_fee, taxes, total, deposit, created_at, updated_at) VALUES ('ff6be85f-52de-4ded-b21b-75b94e474fb7', 'V1A2B3C4-D5E6-7890-VHCL-111111111111', 'B2C3D4E5-F6G7-8901-BCDE-234567890123', 'E5F6G7H8-I9J0-1234-EFGH-567890123456', 'COMPLETED', '2024-04-25', '2024-04-28', 3, 2400000, 800000, 240000.0, 192000.0, 2832000.0, 3000000, '2024-04-20 00:00:00', '2024-04-20 00:00:00');
INSERT INTO payments (id, booking_id, user_id, amount, currency, status, method, created_at, processed_at) VALUES ('72ddb7a8-650c-4d1b-8800-4a7db75f976b', 'ff6be85f-52de-4ded-b21b-75b94e474fb7', 'B2C3D4E5-F6G7-8901-BCDE-234567890123', 2832000.0, 'VND', 'SUCCEEDED', 'VNPAY', '2024-04-20 00:00:00', '2024-04-20 00:00:00');
INSERT INTO reviews (id, vehicle_id, booking_id, reviewer_id, owner_id, rating, cleanliness, accuracy, communication, value_rating, comment, created_at, updated_at) VALUES ('64740b0b-5cc6-4ed6-8e56-e15d27837d30', 'V1A2B3C4-D5E6-7890-VHCL-111111111111', 'ff6be85f-52de-4ded-b21b-75b94e474fb7', 'B2C3D4E5-F6G7-8901-BCDE-234567890123', 'E5F6G7H8-I9J0-1234-EFGH-567890123456', 5, 5, 5, 5, 5, N'Trải nghiệm tuyệt vời!', '2024-04-28 00:00:00', '2024-04-28 00:00:00');
INSERT INTO bookings (id, vehicle_id, renter_id, owner_id, status, start_date, end_date, total_days, base_price, price_per_day, service_fee, taxes, total, deposit, created_at, updated_at) VALUES ('566e8dc1-3517-4cfb-bbfa-9e5b7935100f', 'V1A2B3C4-D5E6-7890-VHCL-111111111111', 'B2C3D4E5-F6G7-8901-BCDE-234567890123', 'E5F6G7H8-I9J0-1234-EFGH-567890123456', 'COMPLETED', '2024-02-04', '2024-02-06', 2, 1600000, 800000, 160000.0, 128000.0, 1888000.0, 3000000, '2024-01-23 00:00:00', '2024-01-23 00:00:00');
INSERT INTO payments (id, booking_id, user_id, amount, currency, status, method, created_at, processed_at) VALUES ('25992f2f-c2e0-4bac-b0d5-0690df0f43d7', '566e8dc1-3517-4cfb-bbfa-9e5b7935100f', 'B2C3D4E5-F6G7-8901-BCDE-234567890123', 1888000.0, 'VND', 'SUCCEEDED', 'VNPAY', '2024-01-23 00:00:00', '2024-01-23 00:00:00');
INSERT INTO reviews (id, vehicle_id, booking_id, reviewer_id, owner_id, rating, cleanliness, accuracy, communication, value_rating, comment, created_at, updated_at) VALUES ('9e912c6f-6a27-47ed-99f0-e52ff44100c0', 'V1A2B3C4-D5E6-7890-VHCL-111111111111', '566e8dc1-3517-4cfb-bbfa-9e5b7935100f', 'B2C3D4E5-F6G7-8901-BCDE-234567890123', 'E5F6G7H8-I9J0-1234-EFGH-567890123456', 5, 5, 5, 5, 5, N'Trải nghiệm tuyệt vời!', '2024-02-06 00:00:00', '2024-02-06 00:00:00');
INSERT INTO bookings (id, vehicle_id, renter_id, owner_id, status, start_date, end_date, total_days, base_price, price_per_day, service_fee, taxes, total, deposit, created_at, updated_at) VALUES ('fbf415bd-f62a-4eb1-84bf-449cecddd8dc', 'V1A2B3C4-D5E6-7890-VHCL-111111111111', 'B2C3D4E5-F6G7-8901-BCDE-234567890123', 'E5F6G7H8-I9J0-1234-EFGH-567890123456', 'CANCELLED', '2023-01-01', '2023-01-03', 2, 1600000, 800000, 160000.0, 128000.0, 1888000.0, 3000000, '2022-12-21 00:00:00', '2022-12-21 00:00:00');
INSERT INTO payments (id, booking_id, user_id, amount, currency, status, method, created_at, processed_at) VALUES ('2cbed5b4-f785-400f-9f93-5aff072fe80c', 'fbf415bd-f62a-4eb1-84bf-449cecddd8dc', 'B2C3D4E5-F6G7-8901-BCDE-234567890123', 1888000.0, 'VND', 'REFUNDED', 'VNPAY', '2022-12-21 00:00:00', '2022-12-21 00:00:00');
INSERT INTO bookings (id, vehicle_id, renter_id, owner_id, status, start_date, end_date, total_days, base_price, price_per_day, service_fee, taxes, total, deposit, created_at, updated_at) VALUES ('ea268774-b49f-407a-a60d-b34d2a86916f', 'V1A2B3C4-D5E6-7890-VHCL-111111111111', 'C3D4E5F6-G7H8-9012-CDEF-345678901234', 'E5F6G7H8-I9J0-1234-EFGH-567890123456', 'COMPLETED', '2023-12-30', '2024-01-03', 4, 3200000, 800000, 320000.0, 256000.0, 3776000.0, 3000000, '2023-12-22 00:00:00', '2023-12-22 00:00:00');
INSERT INTO payments (id, booking_id, user_id, amount, currency, status, method, created_at, processed_at) VALUES ('7a37927e-f5c5-4e01-a0d6-8aea19490448', 'ea268774-b49f-407a-a60d-b34d2a86916f', 'C3D4E5F6-G7H8-9012-CDEF-345678901234', 3776000.0, 'VND', 'SUCCEEDED', 'VNPAY', '2023-12-22 00:00:00', '2023-12-22 00:00:00');
INSERT INTO reviews (id, vehicle_id, booking_id, reviewer_id, owner_id, rating, cleanliness, accuracy, communication, value_rating, comment, created_at, updated_at) VALUES ('e68deff9-e2d8-4399-babe-4448338feeb5', 'V1A2B3C4-D5E6-7890-VHCL-111111111111', 'ea268774-b49f-407a-a60d-b34d2a86916f', 'C3D4E5F6-G7H8-9012-CDEF-345678901234', 'E5F6G7H8-I9J0-1234-EFGH-567890123456', 5, 5, 5, 5, 5, N'Trải nghiệm tuyệt vời!', '2024-01-03 00:00:00', '2024-01-03 00:00:00');
INSERT INTO bookings (id, vehicle_id, renter_id, owner_id, status, start_date, end_date, total_days, base_price, price_per_day, service_fee, taxes, total, deposit, created_at, updated_at) VALUES ('50ff1913-ee1e-4b19-be95-7254f3f477b2', 'V1A2B3C4-D5E6-7890-VHCL-111111111111', 'D4E5F6G7-H8I9-0123-DEFG-456789012345', 'E5F6G7H8-I9J0-1234-EFGH-567890123456', 'COMPLETED', '2023-12-11', '2023-12-14', 3, 2400000, 800000, 240000.0, 192000.0, 2832000.0, 3000000, '2023-12-05 00:00:00', '2023-12-05 00:00:00');
INSERT INTO payments (id, booking_id, user_id, amount, currency, status, method, created_at, processed_at) VALUES ('16fd5dca-33a7-4a8a-9f18-d6bf21fc120f', '50ff1913-ee1e-4b19-be95-7254f3f477b2', 'D4E5F6G7-H8I9-0123-DEFG-456789012345', 2832000.0, 'VND', 'SUCCEEDED', 'VNPAY', '2023-12-05 00:00:00', '2023-12-05 00:00:00');
INSERT INTO reviews (id, vehicle_id, booking_id, reviewer_id, owner_id, rating, cleanliness, accuracy, communication, value_rating, comment, created_at, updated_at) VALUES ('a50268e8-a2b3-4e77-a43d-621939de5f73', 'V1A2B3C4-D5E6-7890-VHCL-111111111111', '50ff1913-ee1e-4b19-be95-7254f3f477b2', 'D4E5F6G7-H8I9-0123-DEFG-456789012345', 'E5F6G7H8-I9J0-1234-EFGH-567890123456', 3, 3, 3, 3, 3, N'Trải nghiệm tuyệt vời!', '2023-12-14 00:00:00', '2023-12-14 00:00:00');
INSERT INTO bookings (id, vehicle_id, renter_id, owner_id, status, start_date, end_date, total_days, base_price, price_per_day, service_fee, taxes, total, deposit, created_at, updated_at) VALUES ('ea6b9619-5462-4813-bb68-8e2488c922cd', 'V1A2B3C4-D5E6-7890-VHCL-111111111111', 'D4E5F6G7-H8I9-0123-DEFG-456789012345', 'E5F6G7H8-I9J0-1234-EFGH-567890123456', 'COMPLETED', '2023-07-31', '2023-08-09', 9, 7200000, 800000, 720000.0, 576000.0, 8496000.0, 3000000, '2023-07-20 00:00:00', '2023-07-20 00:00:00');
INSERT INTO payments (id, booking_id, user_id, amount, currency, status, method, created_at, processed_at) VALUES ('cf5ffdff-c130-41e4-8ab8-036779ab02dd', 'ea6b9619-5462-4813-bb68-8e2488c922cd', 'D4E5F6G7-H8I9-0123-DEFG-456789012345', 8496000.0, 'VND', 'SUCCEEDED', 'VNPAY', '2023-07-20 00:00:00', '2023-07-20 00:00:00');
INSERT INTO reviews (id, vehicle_id, booking_id, reviewer_id, owner_id, rating, cleanliness, accuracy, communication, value_rating, comment, created_at, updated_at) VALUES ('af415324-e7d1-49aa-91b6-e98a0b9184ab', 'V1A2B3C4-D5E6-7890-VHCL-111111111111', 'ea6b9619-5462-4813-bb68-8e2488c922cd', 'D4E5F6G7-H8I9-0123-DEFG-456789012345', 'E5F6G7H8-I9J0-1234-EFGH-567890123456', 4, 4, 4, 4, 4, N'Trải nghiệm tuyệt vời!', '2023-08-09 00:00:00', '2023-08-09 00:00:00');
INSERT INTO bookings (id, vehicle_id, renter_id, owner_id, status, start_date, end_date, total_days, base_price, price_per_day, service_fee, taxes, total, deposit, created_at, updated_at) VALUES ('201de7b9-cc17-4fa0-b5cf-e7f9b112cb96', 'V1A2B3C4-D5E6-7890-VHCL-111111111111', 'C3D4E5F6-G7H8-9012-CDEF-345678901234', 'E5F6G7H8-I9J0-1234-EFGH-567890123456', 'COMPLETED', '2024-03-25', '2024-03-29', 4, 3200000, 800000, 320000.0, 256000.0, 3776000.0, 3000000, '2024-03-16 00:00:00', '2024-03-16 00:00:00');
INSERT INTO payments (id, booking_id, user_id, amount, currency, status, method, created_at, processed_at) VALUES ('a124d32e-17be-4308-9e51-ea7cdc81241f', '201de7b9-cc17-4fa0-b5cf-e7f9b112cb96', 'C3D4E5F6-G7H8-9012-CDEF-345678901234', 3776000.0, 'VND', 'SUCCEEDED', 'VNPAY', '2024-03-16 00:00:00', '2024-03-16 00:00:00');
INSERT INTO reviews (id, vehicle_id, booking_id, reviewer_id, owner_id, rating, cleanliness, accuracy, communication, value_rating, comment, created_at, updated_at) VALUES ('1be93a16-39df-4ea3-aef9-9164f268faf6', 'V1A2B3C4-D5E6-7890-VHCL-111111111111', '201de7b9-cc17-4fa0-b5cf-e7f9b112cb96', 'C3D4E5F6-G7H8-9012-CDEF-345678901234', 'E5F6G7H8-I9J0-1234-EFGH-567890123456', 5, 5, 5, 5, 5, N'Trải nghiệm tuyệt vời!', '2024-03-29 00:00:00', '2024-03-29 00:00:00');
INSERT INTO bookings (id, vehicle_id, renter_id, owner_id, status, start_date, end_date, total_days, base_price, price_per_day, service_fee, taxes, total, deposit, created_at, updated_at) VALUES ('54367b0e-1c82-4418-ae7c-d35d6930b209', 'V1A2B3C4-D5E6-7890-VHCL-111111111111', 'B2C3D4E5-F6G7-8901-BCDE-234567890123', 'E5F6G7H8-I9J0-1234-EFGH-567890123456', 'COMPLETED', '2024-02-24', '2024-02-25', 1, 800000, 800000, 80000.0, 64000.0, 944000.0, 3000000, '2024-02-22 00:00:00', '2024-02-22 00:00:00');
INSERT INTO payments (id, booking_id, user_id, amount, currency, status, method, created_at, processed_at) VALUES ('5951c11d-c368-4fa9-9a7d-4a4b31adb579', '54367b0e-1c82-4418-ae7c-d35d6930b209', 'B2C3D4E5-F6G7-8901-BCDE-234567890123', 944000.0, 'VND', 'SUCCEEDED', 'VNPAY', '2024-02-22 00:00:00', '2024-02-22 00:00:00');
INSERT INTO reviews (id, vehicle_id, booking_id, reviewer_id, owner_id, rating, cleanliness, accuracy, communication, value_rating, comment, created_at, updated_at) VALUES ('9a322959-cde2-43e3-9032-92c4e79f74f2', 'V1A2B3C4-D5E6-7890-VHCL-111111111111', '54367b0e-1c82-4418-ae7c-d35d6930b209', 'B2C3D4E5-F6G7-8901-BCDE-234567890123', 'E5F6G7H8-I9J0-1234-EFGH-567890123456', 3, 3, 3, 3, 3, N'Trải nghiệm tuyệt vời!', '2024-02-25 00:00:00', '2024-02-25 00:00:00');
INSERT INTO bookings (id, vehicle_id, renter_id, owner_id, status, start_date, end_date, total_days, base_price, price_per_day, service_fee, taxes, total, deposit, created_at, updated_at) VALUES ('59f9ccee-7eaf-4956-9fc5-dd138d2cba31', 'V1A2B3C4-D5E6-7890-VHCL-111111111111', 'D4E5F6G7-H8I9-0123-DEFG-456789012345', 'E5F6G7H8-I9J0-1234-EFGH-567890123456', 'COMPLETED', '2023-02-08', '2023-02-16', 8, 6400000, 800000, 640000.0, 512000.0, 7552000.0, 3000000, '2023-01-30 00:00:00', '2023-01-30 00:00:00');
INSERT INTO payments (id, booking_id, user_id, amount, currency, status, method, created_at, processed_at) VALUES ('fa05841a-fa0f-451c-9679-5798a1d6b53d', '59f9ccee-7eaf-4956-9fc5-dd138d2cba31', 'D4E5F6G7-H8I9-0123-DEFG-456789012345', 7552000.0, 'VND', 'SUCCEEDED', 'VNPAY', '2023-01-30 00:00:00', '2023-01-30 00:00:00');
INSERT INTO reviews (id, vehicle_id, booking_id, reviewer_id, owner_id, rating, cleanliness, accuracy, communication, value_rating, comment, created_at, updated_at) VALUES ('93fbe629-0a89-455d-aa3a-4ff36ba330e5', 'V1A2B3C4-D5E6-7890-VHCL-111111111111', '59f9ccee-7eaf-4956-9fc5-dd138d2cba31', 'D4E5F6G7-H8I9-0123-DEFG-456789012345', 'E5F6G7H8-I9J0-1234-EFGH-567890123456', 3, 3, 3, 3, 3, N'Trải nghiệm tuyệt vời!', '2023-02-16 00:00:00', '2023-02-16 00:00:00');
INSERT INTO bookings (id, vehicle_id, renter_id, owner_id, status, start_date, end_date, total_days, base_price, price_per_day, service_fee, taxes, total, deposit, created_at, updated_at) VALUES ('19d949c5-55e5-4e26-ace7-e77e9715b1f1', 'V1A2B3C4-D5E6-7890-VHCL-111111111111', 'B2C3D4E5-F6G7-8901-BCDE-234567890123', 'E5F6G7H8-I9J0-1234-EFGH-567890123456', 'COMPLETED', '2023-11-30', '2023-12-05', 5, 4000000, 800000, 400000.0, 320000.0, 4720000.0, 3000000, '2023-11-26 00:00:00', '2023-11-26 00:00:00');
INSERT INTO payments (id, booking_id, user_id, amount, currency, status, method, created_at, processed_at) VALUES ('0637e082-8a22-4c5b-b10f-a8ac2b06c17c', '19d949c5-55e5-4e26-ace7-e77e9715b1f1', 'B2C3D4E5-F6G7-8901-BCDE-234567890123', 4720000.0, 'VND', 'SUCCEEDED', 'VNPAY', '2023-11-26 00:00:00', '2023-11-26 00:00:00');
INSERT INTO reviews (id, vehicle_id, booking_id, reviewer_id, owner_id, rating, cleanliness, accuracy, communication, value_rating, comment, created_at, updated_at) VALUES ('7b1b144c-78ba-49a0-8355-4f75731bfae5', 'V1A2B3C4-D5E6-7890-VHCL-111111111111', '19d949c5-55e5-4e26-ace7-e77e9715b1f1', 'B2C3D4E5-F6G7-8901-BCDE-234567890123', 'E5F6G7H8-I9J0-1234-EFGH-567890123456', 5, 5, 5, 5, 5, N'Trải nghiệm tuyệt vời!', '2023-12-05 00:00:00', '2023-12-05 00:00:00');
INSERT INTO bookings (id, vehicle_id, renter_id, owner_id, status, start_date, end_date, total_days, base_price, price_per_day, service_fee, taxes, total, deposit, created_at, updated_at) VALUES ('994f9aa6-95b0-4a22-b443-9b69fb0e6dd6', 'V1A2B3C4-D5E6-7890-VHCL-111111111111', 'D4E5F6G7-H8I9-0123-DEFG-456789012345', 'E5F6G7H8-I9J0-1234-EFGH-567890123456', 'COMPLETED', '2024-04-08', '2024-04-17', 9, 7200000, 800000, 720000.0, 576000.0, 8496000.0, 3000000, '2024-03-28 00:00:00', '2024-03-28 00:00:00');
INSERT INTO payments (id, booking_id, user_id, amount, currency, status, method, created_at, processed_at) VALUES ('7d8e1c6b-33a9-4ef5-bed7-a2b15603fcd1', '994f9aa6-95b0-4a22-b443-9b69fb0e6dd6', 'D4E5F6G7-H8I9-0123-DEFG-456789012345', 8496000.0, 'VND', 'SUCCEEDED', 'VNPAY', '2024-03-28 00:00:00', '2024-03-28 00:00:00');
INSERT INTO reviews (id, vehicle_id, booking_id, reviewer_id, owner_id, rating, cleanliness, accuracy, communication, value_rating, comment, created_at, updated_at) VALUES ('4d9e6281-e7f8-425d-a40f-3a32571780f8', 'V1A2B3C4-D5E6-7890-VHCL-111111111111', '994f9aa6-95b0-4a22-b443-9b69fb0e6dd6', 'D4E5F6G7-H8I9-0123-DEFG-456789012345', 'E5F6G7H8-I9J0-1234-EFGH-567890123456', 3, 3, 3, 3, 3, N'Trải nghiệm tuyệt vời!', '2024-04-17 00:00:00', '2024-04-17 00:00:00');
INSERT INTO bookings (id, vehicle_id, renter_id, owner_id, status, start_date, end_date, total_days, base_price, price_per_day, service_fee, taxes, total, deposit, created_at, updated_at) VALUES ('a251a422-3551-4035-b027-ceb5cf92c1aa', 'V1A2B3C4-D5E6-7890-VHCL-111111111111', 'B2C3D4E5-F6G7-8901-BCDE-234567890123', 'E5F6G7H8-I9J0-1234-EFGH-567890123456', 'COMPLETED', '2024-02-29', '2024-03-10', 10, 8000000, 800000, 800000.0, 640000.0, 9440000.0, 3000000, '2024-02-17 00:00:00', '2024-02-17 00:00:00');
INSERT INTO payments (id, booking_id, user_id, amount, currency, status, method, created_at, processed_at) VALUES ('0049e639-cfad-4894-9a61-e968a9b3577e', 'a251a422-3551-4035-b027-ceb5cf92c1aa', 'B2C3D4E5-F6G7-8901-BCDE-234567890123', 9440000.0, 'VND', 'SUCCEEDED', 'VNPAY', '2024-02-17 00:00:00', '2024-02-17 00:00:00');
INSERT INTO reviews (id, vehicle_id, booking_id, reviewer_id, owner_id, rating, cleanliness, accuracy, communication, value_rating, comment, created_at, updated_at) VALUES ('d597260b-1dd3-4aa9-ace6-9f20aec37af8', 'V1A2B3C4-D5E6-7890-VHCL-111111111111', 'a251a422-3551-4035-b027-ceb5cf92c1aa', 'B2C3D4E5-F6G7-8901-BCDE-234567890123', 'E5F6G7H8-I9J0-1234-EFGH-567890123456', 3, 3, 3, 3, 3, N'Trải nghiệm tuyệt vời!', '2024-03-10 00:00:00', '2024-03-10 00:00:00');
INSERT INTO bookings (id, vehicle_id, renter_id, owner_id, status, start_date, end_date, total_days, base_price, price_per_day, service_fee, taxes, total, deposit, created_at, updated_at) VALUES ('7b780ceb-20e5-4f05-b700-66dc76b1e5e4', 'V1A2B3C4-D5E6-7890-VHCL-111111111111', 'D4E5F6G7-H8I9-0123-DEFG-456789012345', 'E5F6G7H8-I9J0-1234-EFGH-567890123456', 'COMPLETED', '2023-09-18', '2023-09-20', 2, 1600000, 800000, 160000.0, 128000.0, 1888000.0, 3000000, '2023-09-12 00:00:00', '2023-09-12 00:00:00');
INSERT INTO payments (id, booking_id, user_id, amount, currency, status, method, created_at, processed_at) VALUES ('62245c27-342d-46b1-bbdd-c2c966e7f3a1', '7b780ceb-20e5-4f05-b700-66dc76b1e5e4', 'D4E5F6G7-H8I9-0123-DEFG-456789012345', 1888000.0, 'VND', 'SUCCEEDED', 'VNPAY', '2023-09-12 00:00:00', '2023-09-12 00:00:00');
INSERT INTO reviews (id, vehicle_id, booking_id, reviewer_id, owner_id, rating, cleanliness, accuracy, communication, value_rating, comment, created_at, updated_at) VALUES ('9a990f8e-4ae2-47a9-a928-fd3f6f97c019', 'V1A2B3C4-D5E6-7890-VHCL-111111111111', '7b780ceb-20e5-4f05-b700-66dc76b1e5e4', 'D4E5F6G7-H8I9-0123-DEFG-456789012345', 'E5F6G7H8-I9J0-1234-EFGH-567890123456', 4, 4, 4, 4, 4, N'Trải nghiệm tuyệt vời!', '2023-09-20 00:00:00', '2023-09-20 00:00:00');
INSERT INTO bookings (id, vehicle_id, renter_id, owner_id, status, start_date, end_date, total_days, base_price, price_per_day, service_fee, taxes, total, deposit, created_at, updated_at) VALUES ('f2a20177-0646-4f3f-a880-db30440baf2e', 'V1A2B3C4-D5E6-7890-VHCL-111111111111', 'D4E5F6G7-H8I9-0123-DEFG-456789012345', 'E5F6G7H8-I9J0-1234-EFGH-567890123456', 'COMPLETED', '2023-10-12', '2023-10-22', 10, 8000000, 800000, 800000.0, 640000.0, 9440000.0, 3000000, '2023-10-02 00:00:00', '2023-10-02 00:00:00');
INSERT INTO payments (id, booking_id, user_id, amount, currency, status, method, created_at, processed_at) VALUES ('73065e88-38d0-4223-b3a1-bd46991d15e6', 'f2a20177-0646-4f3f-a880-db30440baf2e', 'D4E5F6G7-H8I9-0123-DEFG-456789012345', 9440000.0, 'VND', 'SUCCEEDED', 'VNPAY', '2023-10-02 00:00:00', '2023-10-02 00:00:00');
INSERT INTO reviews (id, vehicle_id, booking_id, reviewer_id, owner_id, rating, cleanliness, accuracy, communication, value_rating, comment, created_at, updated_at) VALUES ('1b08b5e0-f34f-46ef-8302-fb0f4b5470dc', 'V1A2B3C4-D5E6-7890-VHCL-111111111111', 'f2a20177-0646-4f3f-a880-db30440baf2e', 'D4E5F6G7-H8I9-0123-DEFG-456789012345', 'E5F6G7H8-I9J0-1234-EFGH-567890123456', 4, 4, 4, 4, 4, N'Trải nghiệm tuyệt vời!', '2023-10-22 00:00:00', '2023-10-22 00:00:00');
INSERT INTO bookings (id, vehicle_id, renter_id, owner_id, status, start_date, end_date, total_days, base_price, price_per_day, service_fee, taxes, total, deposit, created_at, updated_at) VALUES ('8eb23777-9f57-4471-9c86-5e9626531a5f', 'V1A2B3C4-D5E6-7890-VHCL-111111111111', 'B2C3D4E5-F6G7-8901-BCDE-234567890123', 'E5F6G7H8-I9J0-1234-EFGH-567890123456', 'CANCELLED', '2023-01-25', '2023-01-29', 4, 3200000, 800000, 320000.0, 256000.0, 3776000.0, 3000000, '2023-01-24 00:00:00', '2023-01-24 00:00:00');
INSERT INTO payments (id, booking_id, user_id, amount, currency, status, method, created_at, processed_at) VALUES ('374a9e04-2d99-4c9d-a5ad-e8342392ee2d', '8eb23777-9f57-4471-9c86-5e9626531a5f', 'B2C3D4E5-F6G7-8901-BCDE-234567890123', 3776000.0, 'VND', 'REFUNDED', 'VNPAY', '2023-01-24 00:00:00', '2023-01-24 00:00:00');
INSERT INTO bookings (id, vehicle_id, renter_id, owner_id, status, start_date, end_date, total_days, base_price, price_per_day, service_fee, taxes, total, deposit, created_at, updated_at) VALUES ('0ce9a48b-3099-4acc-b1f3-d59fc6ad0dcc', 'V1A2B3C4-D5E6-7890-VHCL-111111111111', 'B2C3D4E5-F6G7-8901-BCDE-234567890123', 'E5F6G7H8-I9J0-1234-EFGH-567890123456', 'COMPLETED', '2023-05-13', '2023-05-15', 2, 1600000, 800000, 160000.0, 128000.0, 1888000.0, 3000000, '2023-05-05 00:00:00', '2023-05-05 00:00:00');
INSERT INTO payments (id, booking_id, user_id, amount, currency, status, method, created_at, processed_at) VALUES ('ce867074-741a-496d-bb70-cf73d2f5ff8c', '0ce9a48b-3099-4acc-b1f3-d59fc6ad0dcc', 'B2C3D4E5-F6G7-8901-BCDE-234567890123', 1888000.0, 'VND', 'SUCCEEDED', 'VNPAY', '2023-05-05 00:00:00', '2023-05-05 00:00:00');
INSERT INTO reviews (id, vehicle_id, booking_id, reviewer_id, owner_id, rating, cleanliness, accuracy, communication, value_rating, comment, created_at, updated_at) VALUES ('0f11c3e5-f8b2-4cea-8b2d-cc08ad814559', 'V1A2B3C4-D5E6-7890-VHCL-111111111111', '0ce9a48b-3099-4acc-b1f3-d59fc6ad0dcc', 'B2C3D4E5-F6G7-8901-BCDE-234567890123', 'E5F6G7H8-I9J0-1234-EFGH-567890123456', 4, 4, 4, 4, 4, N'Trải nghiệm tuyệt vời!', '2023-05-15 00:00:00', '2023-05-15 00:00:00');
INSERT INTO bookings (id, vehicle_id, renter_id, owner_id, status, start_date, end_date, total_days, base_price, price_per_day, service_fee, taxes, total, deposit, created_at, updated_at) VALUES ('b3fddbd3-f444-428c-aafb-7a8f34373971', 'V1A2B3C4-D5E6-7890-VHCL-111111111111', 'B2C3D4E5-F6G7-8901-BCDE-234567890123', 'E5F6G7H8-I9J0-1234-EFGH-567890123456', 'COMPLETED', '2023-02-13', '2023-02-20', 7, 5600000, 800000, 560000.0, 448000.0, 6608000.0, 3000000, '2023-02-03 00:00:00', '2023-02-03 00:00:00');
INSERT INTO payments (id, booking_id, user_id, amount, currency, status, method, created_at, processed_at) VALUES ('227d430a-43df-4515-bcaf-cae92ea5421e', 'b3fddbd3-f444-428c-aafb-7a8f34373971', 'B2C3D4E5-F6G7-8901-BCDE-234567890123', 6608000.0, 'VND', 'SUCCEEDED', 'VNPAY', '2023-02-03 00:00:00', '2023-02-03 00:00:00');
INSERT INTO reviews (id, vehicle_id, booking_id, reviewer_id, owner_id, rating, cleanliness, accuracy, communication, value_rating, comment, created_at, updated_at) VALUES ('a7030414-eb09-4115-ac01-ce98b1745e78', 'V1A2B3C4-D5E6-7890-VHCL-111111111111', 'b3fddbd3-f444-428c-aafb-7a8f34373971', 'B2C3D4E5-F6G7-8901-BCDE-234567890123', 'E5F6G7H8-I9J0-1234-EFGH-567890123456', 3, 3, 3, 3, 3, N'Trải nghiệm tuyệt vời!', '2023-02-20 00:00:00', '2023-02-20 00:00:00');
INSERT INTO bookings (id, vehicle_id, renter_id, owner_id, status, start_date, end_date, total_days, base_price, price_per_day, service_fee, taxes, total, deposit, created_at, updated_at) VALUES ('bb698914-67e4-42aa-a29c-78278b7772c5', 'V1A2B3C4-D5E6-7890-VHCL-111111111111', 'B2C3D4E5-F6G7-8901-BCDE-234567890123', 'E5F6G7H8-I9J0-1234-EFGH-567890123456', 'COMPLETED', '2024-04-01', '2024-04-05', 4, 3200000, 800000, 320000.0, 256000.0, 3776000.0, 3000000, '2024-03-25 00:00:00', '2024-03-25 00:00:00');
INSERT INTO payments (id, booking_id, user_id, amount, currency, status, method, created_at, processed_at) VALUES ('9fa6cccc-4780-4e52-8aeb-b76a260e89ff', 'bb698914-67e4-42aa-a29c-78278b7772c5', 'B2C3D4E5-F6G7-8901-BCDE-234567890123', 3776000.0, 'VND', 'SUCCEEDED', 'VNPAY', '2024-03-25 00:00:00', '2024-03-25 00:00:00');
INSERT INTO reviews (id, vehicle_id, booking_id, reviewer_id, owner_id, rating, cleanliness, accuracy, communication, value_rating, comment, created_at, updated_at) VALUES ('35f617e1-1b3b-4b79-af7c-519caa4b8cbb', 'V1A2B3C4-D5E6-7890-VHCL-111111111111', 'bb698914-67e4-42aa-a29c-78278b7772c5', 'B2C3D4E5-F6G7-8901-BCDE-234567890123', 'E5F6G7H8-I9J0-1234-EFGH-567890123456', 3, 3, 3, 3, 3, N'Trải nghiệm tuyệt vời!', '2024-04-05 00:00:00', '2024-04-05 00:00:00');
INSERT INTO bookings (id, vehicle_id, renter_id, owner_id, status, start_date, end_date, total_days, base_price, price_per_day, service_fee, taxes, total, deposit, created_at, updated_at) VALUES ('f5af068e-e090-43e9-99a2-2be04a4a3910', 'V1A2B3C4-D5E6-7890-VHCL-111111111111', 'C3D4E5F6-G7H8-9012-CDEF-345678901234', 'E5F6G7H8-I9J0-1234-EFGH-567890123456', 'COMPLETED', '2023-04-11', '2023-04-15', 4, 3200000, 800000, 320000.0, 256000.0, 3776000.0, 3000000, '2023-03-29 00:00:00', '2023-03-29 00:00:00');
INSERT INTO payments (id, booking_id, user_id, amount, currency, status, method, created_at, processed_at) VALUES ('63493a1a-aba5-444d-82e7-02a2fd90ae14', 'f5af068e-e090-43e9-99a2-2be04a4a3910', 'C3D4E5F6-G7H8-9012-CDEF-345678901234', 3776000.0, 'VND', 'SUCCEEDED', 'VNPAY', '2023-03-29 00:00:00', '2023-03-29 00:00:00');
INSERT INTO reviews (id, vehicle_id, booking_id, reviewer_id, owner_id, rating, cleanliness, accuracy, communication, value_rating, comment, created_at, updated_at) VALUES ('094da962-28ac-4b3f-b378-b65b48d0dfd5', 'V1A2B3C4-D5E6-7890-VHCL-111111111111', 'f5af068e-e090-43e9-99a2-2be04a4a3910', 'C3D4E5F6-G7H8-9012-CDEF-345678901234', 'E5F6G7H8-I9J0-1234-EFGH-567890123456', 4, 4, 4, 4, 4, N'Trải nghiệm tuyệt vời!', '2023-04-15 00:00:00', '2023-04-15 00:00:00');
INSERT INTO bookings (id, vehicle_id, renter_id, owner_id, status, start_date, end_date, total_days, base_price, price_per_day, service_fee, taxes, total, deposit, created_at, updated_at) VALUES ('5d1d17fb-27aa-4abd-8ed1-882e03a65764', 'V1A2B3C4-D5E6-7890-VHCL-111111111111', 'D4E5F6G7-H8I9-0123-DEFG-456789012345', 'E5F6G7H8-I9J0-1234-EFGH-567890123456', 'COMPLETED', '2024-03-18', '2024-03-23', 5, 4000000, 800000, 400000.0, 320000.0, 4720000.0, 3000000, '2024-03-16 00:00:00', '2024-03-16 00:00:00');
INSERT INTO payments (id, booking_id, user_id, amount, currency, status, method, created_at, processed_at) VALUES ('168ea931-ab55-477c-8864-6482094ddfff', '5d1d17fb-27aa-4abd-8ed1-882e03a65764', 'D4E5F6G7-H8I9-0123-DEFG-456789012345', 4720000.0, 'VND', 'SUCCEEDED', 'VNPAY', '2024-03-16 00:00:00', '2024-03-16 00:00:00');
INSERT INTO reviews (id, vehicle_id, booking_id, reviewer_id, owner_id, rating, cleanliness, accuracy, communication, value_rating, comment, created_at, updated_at) VALUES ('055eb810-9de9-4bcc-9fd9-af26d3400ea2', 'V1A2B3C4-D5E6-7890-VHCL-111111111111', '5d1d17fb-27aa-4abd-8ed1-882e03a65764', 'D4E5F6G7-H8I9-0123-DEFG-456789012345', 'E5F6G7H8-I9J0-1234-EFGH-567890123456', 3, 3, 3, 3, 3, N'Trải nghiệm tuyệt vời!', '2024-03-23 00:00:00', '2024-03-23 00:00:00');
INSERT INTO bookings (id, vehicle_id, renter_id, owner_id, status, start_date, end_date, total_days, base_price, price_per_day, service_fee, taxes, total, deposit, created_at, updated_at) VALUES ('10e9b273-31f1-40ac-98a8-8858936fed30', 'V1A2B3C4-D5E6-7890-VHCL-111111111111', 'C3D4E5F6-G7H8-9012-CDEF-345678901234', 'E5F6G7H8-I9J0-1234-EFGH-567890123456', 'COMPLETED', '2023-10-22', '2023-10-26', 4, 3200000, 800000, 320000.0, 256000.0, 3776000.0, 3000000, '2023-10-20 00:00:00', '2023-10-20 00:00:00');
INSERT INTO payments (id, booking_id, user_id, amount, currency, status, method, created_at, processed_at) VALUES ('1cb7bdab-2e4d-4a86-afbd-530418b7ae95', '10e9b273-31f1-40ac-98a8-8858936fed30', 'C3D4E5F6-G7H8-9012-CDEF-345678901234', 3776000.0, 'VND', 'SUCCEEDED', 'VNPAY', '2023-10-20 00:00:00', '2023-10-20 00:00:00');
INSERT INTO reviews (id, vehicle_id, booking_id, reviewer_id, owner_id, rating, cleanliness, accuracy, communication, value_rating, comment, created_at, updated_at) VALUES ('9106608f-94c2-4544-b9a6-330eb31f5400', 'V1A2B3C4-D5E6-7890-VHCL-111111111111', '10e9b273-31f1-40ac-98a8-8858936fed30', 'C3D4E5F6-G7H8-9012-CDEF-345678901234', 'E5F6G7H8-I9J0-1234-EFGH-567890123456', 3, 3, 3, 3, 3, N'Trải nghiệm tuyệt vời!', '2023-10-26 00:00:00', '2023-10-26 00:00:00');
INSERT INTO bookings (id, vehicle_id, renter_id, owner_id, status, start_date, end_date, total_days, base_price, price_per_day, service_fee, taxes, total, deposit, created_at, updated_at) VALUES ('e8172ea6-41b5-4f09-9619-3323af4caed7', 'V1A2B3C4-D5E6-7890-VHCL-111111111111', 'C3D4E5F6-G7H8-9012-CDEF-345678901234', 'E5F6G7H8-I9J0-1234-EFGH-567890123456', 'COMPLETED', '2023-08-03', '2023-08-13', 10, 8000000, 800000, 800000.0, 640000.0, 9440000.0, 3000000, '2023-07-22 00:00:00', '2023-07-22 00:00:00');
INSERT INTO payments (id, booking_id, user_id, amount, currency, status, method, created_at, processed_at) VALUES ('c7edcce5-0852-4c34-8b66-2c5fe1a6055b', 'e8172ea6-41b5-4f09-9619-3323af4caed7', 'C3D4E5F6-G7H8-9012-CDEF-345678901234', 9440000.0, 'VND', 'SUCCEEDED', 'VNPAY', '2023-07-22 00:00:00', '2023-07-22 00:00:00');
INSERT INTO reviews (id, vehicle_id, booking_id, reviewer_id, owner_id, rating, cleanliness, accuracy, communication, value_rating, comment, created_at, updated_at) VALUES ('409e1ffe-b206-4a8a-bb63-dd2969d4aef9', 'V1A2B3C4-D5E6-7890-VHCL-111111111111', 'e8172ea6-41b5-4f09-9619-3323af4caed7', 'C3D4E5F6-G7H8-9012-CDEF-345678901234', 'E5F6G7H8-I9J0-1234-EFGH-567890123456', 4, 4, 4, 4, 4, N'Trải nghiệm tuyệt vời!', '2023-08-13 00:00:00', '2023-08-13 00:00:00');
INSERT INTO bookings (id, vehicle_id, renter_id, owner_id, status, start_date, end_date, total_days, base_price, price_per_day, service_fee, taxes, total, deposit, created_at, updated_at) VALUES ('24e91926-4cb4-40ab-89d6-fde21acf8424', 'V1A2B3C4-D5E6-7890-VHCL-111111111111', 'B2C3D4E5-F6G7-8901-BCDE-234567890123', 'E5F6G7H8-I9J0-1234-EFGH-567890123456', 'COMPLETED', '2024-05-09', '2024-05-15', 6, 4800000, 800000, 480000.0, 384000.0, 5664000.0, 3000000, '2024-04-26 00:00:00', '2024-04-26 00:00:00');
INSERT INTO payments (id, booking_id, user_id, amount, currency, status, method, created_at, processed_at) VALUES ('1ad5a9a8-fe58-45b2-8918-f299887ae034', '24e91926-4cb4-40ab-89d6-fde21acf8424', 'B2C3D4E5-F6G7-8901-BCDE-234567890123', 5664000.0, 'VND', 'SUCCEEDED', 'VNPAY', '2024-04-26 00:00:00', '2024-04-26 00:00:00');
INSERT INTO reviews (id, vehicle_id, booking_id, reviewer_id, owner_id, rating, cleanliness, accuracy, communication, value_rating, comment, created_at, updated_at) VALUES ('e58de214-7eb7-420c-929a-a9a6648b024e', 'V1A2B3C4-D5E6-7890-VHCL-111111111111', '24e91926-4cb4-40ab-89d6-fde21acf8424', 'B2C3D4E5-F6G7-8901-BCDE-234567890123', 'E5F6G7H8-I9J0-1234-EFGH-567890123456', 3, 3, 3, 3, 3, N'Trải nghiệm tuyệt vời!', '2024-05-15 00:00:00', '2024-05-15 00:00:00');
INSERT INTO bookings (id, vehicle_id, renter_id, owner_id, status, start_date, end_date, total_days, base_price, price_per_day, service_fee, taxes, total, deposit, created_at, updated_at) VALUES ('effab6e8-8ca1-447b-b30b-9a516964b95a', 'V1A2B3C4-D5E6-7890-VHCL-111111111111', 'B2C3D4E5-F6G7-8901-BCDE-234567890123', 'E5F6G7H8-I9J0-1234-EFGH-567890123456', 'COMPLETED', '2023-05-04', '2023-05-06', 2, 1600000, 800000, 160000.0, 128000.0, 1888000.0, 3000000, '2023-04-26 00:00:00', '2023-04-26 00:00:00');
INSERT INTO payments (id, booking_id, user_id, amount, currency, status, method, created_at, processed_at) VALUES ('e419ab7b-be1d-436c-aa04-0c7a3d9e89a4', 'effab6e8-8ca1-447b-b30b-9a516964b95a', 'B2C3D4E5-F6G7-8901-BCDE-234567890123', 1888000.0, 'VND', 'SUCCEEDED', 'VNPAY', '2023-04-26 00:00:00', '2023-04-26 00:00:00');
INSERT INTO reviews (id, vehicle_id, booking_id, reviewer_id, owner_id, rating, cleanliness, accuracy, communication, value_rating, comment, created_at, updated_at) VALUES ('39e735cd-4c13-4481-823f-39a280b40413', 'V1A2B3C4-D5E6-7890-VHCL-111111111111', 'effab6e8-8ca1-447b-b30b-9a516964b95a', 'B2C3D4E5-F6G7-8901-BCDE-234567890123', 'E5F6G7H8-I9J0-1234-EFGH-567890123456', 5, 5, 5, 5, 5, N'Trải nghiệm tuyệt vời!', '2023-05-06 00:00:00', '2023-05-06 00:00:00');
INSERT INTO bookings (id, vehicle_id, renter_id, owner_id, status, start_date, end_date, total_days, base_price, price_per_day, service_fee, taxes, total, deposit, created_at, updated_at) VALUES ('a79f2231-3ce7-40b0-b6ee-3f416cc70a06', 'V1A2B3C4-D5E6-7890-VHCL-111111111111', 'B2C3D4E5-F6G7-8901-BCDE-234567890123', 'E5F6G7H8-I9J0-1234-EFGH-567890123456', 'COMPLETED', '2023-04-26', '2023-04-28', 2, 1600000, 800000, 160000.0, 128000.0, 1888000.0, 3000000, '2023-04-22 00:00:00', '2023-04-22 00:00:00');
INSERT INTO payments (id, booking_id, user_id, amount, currency, status, method, created_at, processed_at) VALUES ('f9b09246-cae7-4270-8cad-178277f24d63', 'a79f2231-3ce7-40b0-b6ee-3f416cc70a06', 'B2C3D4E5-F6G7-8901-BCDE-234567890123', 1888000.0, 'VND', 'SUCCEEDED', 'VNPAY', '2023-04-22 00:00:00', '2023-04-22 00:00:00');
INSERT INTO reviews (id, vehicle_id, booking_id, reviewer_id, owner_id, rating, cleanliness, accuracy, communication, value_rating, comment, created_at, updated_at) VALUES ('b880db43-7678-488e-a284-a3a51d01a276', 'V1A2B3C4-D5E6-7890-VHCL-111111111111', 'a79f2231-3ce7-40b0-b6ee-3f416cc70a06', 'B2C3D4E5-F6G7-8901-BCDE-234567890123', 'E5F6G7H8-I9J0-1234-EFGH-567890123456', 3, 3, 3, 3, 3, N'Trải nghiệm tuyệt vời!', '2023-04-28 00:00:00', '2023-04-28 00:00:00');
INSERT INTO bookings (id, vehicle_id, renter_id, owner_id, status, start_date, end_date, total_days, base_price, price_per_day, service_fee, taxes, total, deposit, created_at, updated_at) VALUES ('06d2aee9-981e-4837-9dd1-3b8732a3001c', 'V1A2B3C4-D5E6-7890-VHCL-111111111111', 'D4E5F6G7-H8I9-0123-DEFG-456789012345', 'E5F6G7H8-I9J0-1234-EFGH-567890123456', 'COMPLETED', '2024-04-01', '2024-04-03', 2, 1600000, 800000, 160000.0, 128000.0, 1888000.0, 3000000, '2024-03-21 00:00:00', '2024-03-21 00:00:00');
INSERT INTO payments (id, booking_id, user_id, amount, currency, status, method, created_at, processed_at) VALUES ('94e63b6f-aff2-40ef-ba3f-5a445ccc2ab6', '06d2aee9-981e-4837-9dd1-3b8732a3001c', 'D4E5F6G7-H8I9-0123-DEFG-456789012345', 1888000.0, 'VND', 'SUCCEEDED', 'VNPAY', '2024-03-21 00:00:00', '2024-03-21 00:00:00');
INSERT INTO reviews (id, vehicle_id, booking_id, reviewer_id, owner_id, rating, cleanliness, accuracy, communication, value_rating, comment, created_at, updated_at) VALUES ('dd74c1a1-48cd-4e95-b8c3-8218eacbf6c4', 'V1A2B3C4-D5E6-7890-VHCL-111111111111', '06d2aee9-981e-4837-9dd1-3b8732a3001c', 'D4E5F6G7-H8I9-0123-DEFG-456789012345', 'E5F6G7H8-I9J0-1234-EFGH-567890123456', 3, 3, 3, 3, 3, N'Trải nghiệm tuyệt vời!', '2024-04-03 00:00:00', '2024-04-03 00:00:00');
INSERT INTO bookings (id, vehicle_id, renter_id, owner_id, status, start_date, end_date, total_days, base_price, price_per_day, service_fee, taxes, total, deposit, created_at, updated_at) VALUES ('7d3831f5-5497-41ee-b1e2-816dc25fc6af', 'V1A2B3C4-D5E6-7890-VHCL-111111111111', 'D4E5F6G7-H8I9-0123-DEFG-456789012345', 'E5F6G7H8-I9J0-1234-EFGH-567890123456', 'CANCELLED', '2023-05-12', '2023-05-18', 6, 4800000, 800000, 480000.0, 384000.0, 5664000.0, 3000000, '2023-05-03 00:00:00', '2023-05-03 00:00:00');
INSERT INTO payments (id, booking_id, user_id, amount, currency, status, method, created_at, processed_at) VALUES ('9b26295e-3e57-4790-9b2c-5ef19104b82d', '7d3831f5-5497-41ee-b1e2-816dc25fc6af', 'D4E5F6G7-H8I9-0123-DEFG-456789012345', 5664000.0, 'VND', 'REFUNDED', 'VNPAY', '2023-05-03 00:00:00', '2023-05-03 00:00:00');
INSERT INTO bookings (id, vehicle_id, renter_id, owner_id, status, start_date, end_date, total_days, base_price, price_per_day, service_fee, taxes, total, deposit, created_at, updated_at) VALUES ('6e70b99f-1a8c-4fb2-8cd7-f1b493419085', 'V1A2B3C4-D5E6-7890-VHCL-111111111111', 'B2C3D4E5-F6G7-8901-BCDE-234567890123', 'E5F6G7H8-I9J0-1234-EFGH-567890123456', 'COMPLETED', '2023-12-22', '2023-12-31', 9, 7200000, 800000, 720000.0, 576000.0, 8496000.0, 3000000, '2023-12-19 00:00:00', '2023-12-19 00:00:00');
INSERT INTO payments (id, booking_id, user_id, amount, currency, status, method, created_at, processed_at) VALUES ('6c346c49-28e2-4c02-9903-265ef025c7fb', '6e70b99f-1a8c-4fb2-8cd7-f1b493419085', 'B2C3D4E5-F6G7-8901-BCDE-234567890123', 8496000.0, 'VND', 'SUCCEEDED', 'VNPAY', '2023-12-19 00:00:00', '2023-12-19 00:00:00');
INSERT INTO reviews (id, vehicle_id, booking_id, reviewer_id, owner_id, rating, cleanliness, accuracy, communication, value_rating, comment, created_at, updated_at) VALUES ('dd241430-a5ba-48a7-8721-a4dba9c9ca35', 'V1A2B3C4-D5E6-7890-VHCL-111111111111', '6e70b99f-1a8c-4fb2-8cd7-f1b493419085', 'B2C3D4E5-F6G7-8901-BCDE-234567890123', 'E5F6G7H8-I9J0-1234-EFGH-567890123456', 5, 5, 5, 5, 5, N'Trải nghiệm tuyệt vời!', '2023-12-31 00:00:00', '2023-12-31 00:00:00');
INSERT INTO bookings (id, vehicle_id, renter_id, owner_id, status, start_date, end_date, total_days, base_price, price_per_day, service_fee, taxes, total, deposit, created_at, updated_at) VALUES ('6c234011-7ac7-4406-8e3a-f440c95bb345', 'V1A2B3C4-D5E6-7890-VHCL-111111111111', 'D4E5F6G7-H8I9-0123-DEFG-456789012345', 'E5F6G7H8-I9J0-1234-EFGH-567890123456', 'COMPLETED', '2024-05-13', '2024-05-23', 10, 8000000, 800000, 800000.0, 640000.0, 9440000.0, 3000000, '2024-05-12 00:00:00', '2024-05-12 00:00:00');
INSERT INTO payments (id, booking_id, user_id, amount, currency, status, method, created_at, processed_at) VALUES ('2580bcc1-2722-49ca-b36a-42a7f5b129ad', '6c234011-7ac7-4406-8e3a-f440c95bb345', 'D4E5F6G7-H8I9-0123-DEFG-456789012345', 9440000.0, 'VND', 'SUCCEEDED', 'VNPAY', '2024-05-12 00:00:00', '2024-05-12 00:00:00');
INSERT INTO reviews (id, vehicle_id, booking_id, reviewer_id, owner_id, rating, cleanliness, accuracy, communication, value_rating, comment, created_at, updated_at) VALUES ('26ed8fa0-6359-4663-abeb-d2ad870cbd08', 'V1A2B3C4-D5E6-7890-VHCL-111111111111', '6c234011-7ac7-4406-8e3a-f440c95bb345', 'D4E5F6G7-H8I9-0123-DEFG-456789012345', 'E5F6G7H8-I9J0-1234-EFGH-567890123456', 4, 4, 4, 4, 4, N'Trải nghiệm tuyệt vời!', '2024-05-23 00:00:00', '2024-05-23 00:00:00');
INSERT INTO bookings (id, vehicle_id, renter_id, owner_id, status, start_date, end_date, total_days, base_price, price_per_day, service_fee, taxes, total, deposit, created_at, updated_at) VALUES ('f66e259e-ec9e-4612-be47-dad2d02cbbfa', 'V1A2B3C4-D5E6-7890-VHCL-111111111111', 'B2C3D4E5-F6G7-8901-BCDE-234567890123', 'E5F6G7H8-I9J0-1234-EFGH-567890123456', 'COMPLETED', '2024-02-13', '2024-02-16', 3, 2400000, 800000, 240000.0, 192000.0, 2832000.0, 3000000, '2024-02-09 00:00:00', '2024-02-09 00:00:00');
INSERT INTO payments (id, booking_id, user_id, amount, currency, status, method, created_at, processed_at) VALUES ('f5078170-bc83-45cb-8cd6-3411ecc2352c', 'f66e259e-ec9e-4612-be47-dad2d02cbbfa', 'B2C3D4E5-F6G7-8901-BCDE-234567890123', 2832000.0, 'VND', 'SUCCEEDED', 'VNPAY', '2024-02-09 00:00:00', '2024-02-09 00:00:00');
INSERT INTO reviews (id, vehicle_id, booking_id, reviewer_id, owner_id, rating, cleanliness, accuracy, communication, value_rating, comment, created_at, updated_at) VALUES ('01ddd1aa-01bd-4091-bbde-599fe193c107', 'V1A2B3C4-D5E6-7890-VHCL-111111111111', 'f66e259e-ec9e-4612-be47-dad2d02cbbfa', 'B2C3D4E5-F6G7-8901-BCDE-234567890123', 'E5F6G7H8-I9J0-1234-EFGH-567890123456', 4, 4, 4, 4, 4, N'Trải nghiệm tuyệt vời!', '2024-02-16 00:00:00', '2024-02-16 00:00:00');
INSERT INTO bookings (id, vehicle_id, renter_id, owner_id, status, start_date, end_date, total_days, base_price, price_per_day, service_fee, taxes, total, deposit, created_at, updated_at) VALUES ('458e6e38-e5ce-458c-9ea1-9e693df1809a', 'V1A2B3C4-D5E6-7890-VHCL-111111111111', 'C3D4E5F6-G7H8-9012-CDEF-345678901234', 'E5F6G7H8-I9J0-1234-EFGH-567890123456', 'COMPLETED', '2023-04-17', '2023-04-25', 8, 6400000, 800000, 640000.0, 512000.0, 7552000.0, 3000000, '2023-04-11 00:00:00', '2023-04-11 00:00:00');
INSERT INTO payments (id, booking_id, user_id, amount, currency, status, method, created_at, processed_at) VALUES ('8f17e3e7-de97-44c2-bad8-57a2be9ccc44', '458e6e38-e5ce-458c-9ea1-9e693df1809a', 'C3D4E5F6-G7H8-9012-CDEF-345678901234', 7552000.0, 'VND', 'SUCCEEDED', 'VNPAY', '2023-04-11 00:00:00', '2023-04-11 00:00:00');
INSERT INTO reviews (id, vehicle_id, booking_id, reviewer_id, owner_id, rating, cleanliness, accuracy, communication, value_rating, comment, created_at, updated_at) VALUES ('29e7af3e-ef50-46aa-a504-755d1f4461ac', 'V1A2B3C4-D5E6-7890-VHCL-111111111111', '458e6e38-e5ce-458c-9ea1-9e693df1809a', 'C3D4E5F6-G7H8-9012-CDEF-345678901234', 'E5F6G7H8-I9J0-1234-EFGH-567890123456', 4, 4, 4, 4, 4, N'Trải nghiệm tuyệt vời!', '2023-04-25 00:00:00', '2023-04-25 00:00:00');
INSERT INTO bookings (id, vehicle_id, renter_id, owner_id, status, start_date, end_date, total_days, base_price, price_per_day, service_fee, taxes, total, deposit, created_at, updated_at) VALUES ('3e8ef856-6c23-465d-8ef5-f6b3739aa659', 'V1A2B3C4-D5E6-7890-VHCL-111111111111', 'C3D4E5F6-G7H8-9012-CDEF-345678901234', 'E5F6G7H8-I9J0-1234-EFGH-567890123456', 'CANCELLED', '2023-02-25', '2023-03-07', 10, 8000000, 800000, 800000.0, 640000.0, 9440000.0, 3000000, '2023-02-18 00:00:00', '2023-02-18 00:00:00');
INSERT INTO payments (id, booking_id, user_id, amount, currency, status, method, created_at, processed_at) VALUES ('475f5432-b9fc-4be1-a320-cb5dea683f7f', '3e8ef856-6c23-465d-8ef5-f6b3739aa659', 'C3D4E5F6-G7H8-9012-CDEF-345678901234', 9440000.0, 'VND', 'REFUNDED', 'VNPAY', '2023-02-18 00:00:00', '2023-02-18 00:00:00');
INSERT INTO bookings (id, vehicle_id, renter_id, owner_id, status, start_date, end_date, total_days, base_price, price_per_day, service_fee, taxes, total, deposit, created_at, updated_at) VALUES ('f826f475-cecf-472d-b3cb-cbce61e98450', 'V1A2B3C4-D5E6-7890-VHCL-111111111111', 'D4E5F6G7-H8I9-0123-DEFG-456789012345', 'E5F6G7H8-I9J0-1234-EFGH-567890123456', 'COMPLETED', '2023-01-29', '2023-01-30', 1, 800000, 800000, 80000.0, 64000.0, 944000.0, 3000000, '2023-01-15 00:00:00', '2023-01-15 00:00:00');
INSERT INTO payments (id, booking_id, user_id, amount, currency, status, method, created_at, processed_at) VALUES ('23128529-6363-4e63-890a-28ab5e3acc73', 'f826f475-cecf-472d-b3cb-cbce61e98450', 'D4E5F6G7-H8I9-0123-DEFG-456789012345', 944000.0, 'VND', 'SUCCEEDED', 'VNPAY', '2023-01-15 00:00:00', '2023-01-15 00:00:00');
INSERT INTO reviews (id, vehicle_id, booking_id, reviewer_id, owner_id, rating, cleanliness, accuracy, communication, value_rating, comment, created_at, updated_at) VALUES ('40e733c7-1626-4a5d-9c22-6479a53a3d3f', 'V1A2B3C4-D5E6-7890-VHCL-111111111111', 'f826f475-cecf-472d-b3cb-cbce61e98450', 'D4E5F6G7-H8I9-0123-DEFG-456789012345', 'E5F6G7H8-I9J0-1234-EFGH-567890123456', 3, 3, 3, 3, 3, N'Trải nghiệm tuyệt vời!', '2023-01-30 00:00:00', '2023-01-30 00:00:00');
INSERT INTO bookings (id, vehicle_id, renter_id, owner_id, status, start_date, end_date, total_days, base_price, price_per_day, service_fee, taxes, total, deposit, created_at, updated_at) VALUES ('6060df27-998c-4a88-ac73-604589c5270f', 'V1A2B3C4-D5E6-7890-VHCL-111111111111', 'C3D4E5F6-G7H8-9012-CDEF-345678901234', 'E5F6G7H8-I9J0-1234-EFGH-567890123456', 'COMPLETED', '2024-02-26', '2024-03-03', 6, 4800000, 800000, 480000.0, 384000.0, 5664000.0, 3000000, '2024-02-17 00:00:00', '2024-02-17 00:00:00');
INSERT INTO payments (id, booking_id, user_id, amount, currency, status, method, created_at, processed_at) VALUES ('17d39d4b-3f5d-4880-b70d-43bbcedf6ec5', '6060df27-998c-4a88-ac73-604589c5270f', 'C3D4E5F6-G7H8-9012-CDEF-345678901234', 5664000.0, 'VND', 'SUCCEEDED', 'VNPAY', '2024-02-17 00:00:00', '2024-02-17 00:00:00');
INSERT INTO reviews (id, vehicle_id, booking_id, reviewer_id, owner_id, rating, cleanliness, accuracy, communication, value_rating, comment, created_at, updated_at) VALUES ('9ab77c39-06d2-46da-a66a-51c1d51f9f8b', 'V1A2B3C4-D5E6-7890-VHCL-111111111111', '6060df27-998c-4a88-ac73-604589c5270f', 'C3D4E5F6-G7H8-9012-CDEF-345678901234', 'E5F6G7H8-I9J0-1234-EFGH-567890123456', 5, 5, 5, 5, 5, N'Trải nghiệm tuyệt vời!', '2024-03-03 00:00:00', '2024-03-03 00:00:00');
INSERT INTO bookings (id, vehicle_id, renter_id, owner_id, status, start_date, end_date, total_days, base_price, price_per_day, service_fee, taxes, total, deposit, created_at, updated_at) VALUES ('c4746834-9a04-4108-80b4-ea1ed360fba7', 'V1A2B3C4-D5E6-7890-VHCL-111111111111', 'C3D4E5F6-G7H8-9012-CDEF-345678901234', 'E5F6G7H8-I9J0-1234-EFGH-567890123456', 'COMPLETED', '2023-12-13', '2023-12-15', 2, 1600000, 800000, 160000.0, 128000.0, 1888000.0, 3000000, '2023-12-10 00:00:00', '2023-12-10 00:00:00');
INSERT INTO payments (id, booking_id, user_id, amount, currency, status, method, created_at, processed_at) VALUES ('e17da930-5e7f-4c44-90bf-18f18e25af48', 'c4746834-9a04-4108-80b4-ea1ed360fba7', 'C3D4E5F6-G7H8-9012-CDEF-345678901234', 1888000.0, 'VND', 'SUCCEEDED', 'VNPAY', '2023-12-10 00:00:00', '2023-12-10 00:00:00');
INSERT INTO reviews (id, vehicle_id, booking_id, reviewer_id, owner_id, rating, cleanliness, accuracy, communication, value_rating, comment, created_at, updated_at) VALUES ('0e6e204c-812a-4192-8033-0d80afb04605', 'V1A2B3C4-D5E6-7890-VHCL-111111111111', 'c4746834-9a04-4108-80b4-ea1ed360fba7', 'C3D4E5F6-G7H8-9012-CDEF-345678901234', 'E5F6G7H8-I9J0-1234-EFGH-567890123456', 3, 3, 3, 3, 3, N'Trải nghiệm tuyệt vời!', '2023-12-15 00:00:00', '2023-12-15 00:00:00');
INSERT INTO bookings (id, vehicle_id, renter_id, owner_id, status, start_date, end_date, total_days, base_price, price_per_day, service_fee, taxes, total, deposit, created_at, updated_at) VALUES ('de4a9333-776a-4a8a-953a-2ca7a6085b04', 'V1A2B3C4-D5E6-7890-VHCL-111111111111', 'C3D4E5F6-G7H8-9012-CDEF-345678901234', 'E5F6G7H8-I9J0-1234-EFGH-567890123456', 'COMPLETED', '2024-03-30', '2024-04-05', 6, 4800000, 800000, 480000.0, 384000.0, 5664000.0, 3000000, '2024-03-21 00:00:00', '2024-03-21 00:00:00');
INSERT INTO payments (id, booking_id, user_id, amount, currency, status, method, created_at, processed_at) VALUES ('60d8e4e8-db7b-4e09-851c-48d15d3714f7', 'de4a9333-776a-4a8a-953a-2ca7a6085b04', 'C3D4E5F6-G7H8-9012-CDEF-345678901234', 5664000.0, 'VND', 'SUCCEEDED', 'VNPAY', '2024-03-21 00:00:00', '2024-03-21 00:00:00');
INSERT INTO reviews (id, vehicle_id, booking_id, reviewer_id, owner_id, rating, cleanliness, accuracy, communication, value_rating, comment, created_at, updated_at) VALUES ('487dcbd6-2ca8-4aad-86a1-1362d6558249', 'V1A2B3C4-D5E6-7890-VHCL-111111111111', 'de4a9333-776a-4a8a-953a-2ca7a6085b04', 'C3D4E5F6-G7H8-9012-CDEF-345678901234', 'E5F6G7H8-I9J0-1234-EFGH-567890123456', 4, 4, 4, 4, 4, N'Trải nghiệm tuyệt vời!', '2024-04-05 00:00:00', '2024-04-05 00:00:00');
INSERT INTO bookings (id, vehicle_id, renter_id, owner_id, status, start_date, end_date, total_days, base_price, price_per_day, service_fee, taxes, total, deposit, created_at, updated_at) VALUES ('1ec92b88-97b5-4b7a-ba9c-6e03eaa804a3', 'V1A2B3C4-D5E6-7890-VHCL-111111111111', 'C3D4E5F6-G7H8-9012-CDEF-345678901234', 'E5F6G7H8-I9J0-1234-EFGH-567890123456', 'COMPLETED', '2023-08-31', '2023-09-01', 1, 800000, 800000, 80000.0, 64000.0, 944000.0, 3000000, '2023-08-18 00:00:00', '2023-08-18 00:00:00');
INSERT INTO payments (id, booking_id, user_id, amount, currency, status, method, created_at, processed_at) VALUES ('c6e715b7-23bb-4a7b-91e6-9e2e76cfefa5', '1ec92b88-97b5-4b7a-ba9c-6e03eaa804a3', 'C3D4E5F6-G7H8-9012-CDEF-345678901234', 944000.0, 'VND', 'SUCCEEDED', 'VNPAY', '2023-08-18 00:00:00', '2023-08-18 00:00:00');
INSERT INTO reviews (id, vehicle_id, booking_id, reviewer_id, owner_id, rating, cleanliness, accuracy, communication, value_rating, comment, created_at, updated_at) VALUES ('c131ac9a-e5ae-43c4-b91a-7008e0885772', 'V1A2B3C4-D5E6-7890-VHCL-111111111111', '1ec92b88-97b5-4b7a-ba9c-6e03eaa804a3', 'C3D4E5F6-G7H8-9012-CDEF-345678901234', 'E5F6G7H8-I9J0-1234-EFGH-567890123456', 3, 3, 3, 3, 3, N'Trải nghiệm tuyệt vời!', '2023-09-01 00:00:00', '2023-09-01 00:00:00');
INSERT INTO bookings (id, vehicle_id, renter_id, owner_id, status, start_date, end_date, total_days, base_price, price_per_day, service_fee, taxes, total, deposit, created_at, updated_at) VALUES ('c3a31c2d-beda-4dd4-b8d8-d6a510df66b3', 'V1A2B3C4-D5E6-7890-VHCL-111111111111', 'B2C3D4E5-F6G7-8901-BCDE-234567890123', 'E5F6G7H8-I9J0-1234-EFGH-567890123456', 'COMPLETED', '2023-04-25', '2023-04-28', 3, 2400000, 800000, 240000.0, 192000.0, 2832000.0, 3000000, '2023-04-11 00:00:00', '2023-04-11 00:00:00');
INSERT INTO payments (id, booking_id, user_id, amount, currency, status, method, created_at, processed_at) VALUES ('a3ec1cfc-bb2a-47b4-a2ca-2f7888238ada', 'c3a31c2d-beda-4dd4-b8d8-d6a510df66b3', 'B2C3D4E5-F6G7-8901-BCDE-234567890123', 2832000.0, 'VND', 'SUCCEEDED', 'VNPAY', '2023-04-11 00:00:00', '2023-04-11 00:00:00');
INSERT INTO reviews (id, vehicle_id, booking_id, reviewer_id, owner_id, rating, cleanliness, accuracy, communication, value_rating, comment, created_at, updated_at) VALUES ('bc598223-f191-4759-9a16-14f3556eacfb', 'V1A2B3C4-D5E6-7890-VHCL-111111111111', 'c3a31c2d-beda-4dd4-b8d8-d6a510df66b3', 'B2C3D4E5-F6G7-8901-BCDE-234567890123', 'E5F6G7H8-I9J0-1234-EFGH-567890123456', 5, 5, 5, 5, 5, N'Trải nghiệm tuyệt vời!', '2023-04-28 00:00:00', '2023-04-28 00:00:00');
INSERT INTO bookings (id, vehicle_id, renter_id, owner_id, status, start_date, end_date, total_days, base_price, price_per_day, service_fee, taxes, total, deposit, created_at, updated_at) VALUES ('eb69c208-3b64-40c9-ab9c-c5ad232a2887', 'V1A2B3C4-D5E6-7890-VHCL-111111111111', 'B2C3D4E5-F6G7-8901-BCDE-234567890123', 'E5F6G7H8-I9J0-1234-EFGH-567890123456', 'COMPLETED', '2023-06-06', '2023-06-16', 10, 8000000, 800000, 800000.0, 640000.0, 9440000.0, 3000000, '2023-05-28 00:00:00', '2023-05-28 00:00:00');
INSERT INTO payments (id, booking_id, user_id, amount, currency, status, method, created_at, processed_at) VALUES ('99f96cad-d29d-48eb-8942-3f7cb148a076', 'eb69c208-3b64-40c9-ab9c-c5ad232a2887', 'B2C3D4E5-F6G7-8901-BCDE-234567890123', 9440000.0, 'VND', 'SUCCEEDED', 'VNPAY', '2023-05-28 00:00:00', '2023-05-28 00:00:00');
INSERT INTO reviews (id, vehicle_id, booking_id, reviewer_id, owner_id, rating, cleanliness, accuracy, communication, value_rating, comment, created_at, updated_at) VALUES ('e23c97bf-4f3b-4e20-8ed0-e42d71fd7310', 'V1A2B3C4-D5E6-7890-VHCL-111111111111', 'eb69c208-3b64-40c9-ab9c-c5ad232a2887', 'B2C3D4E5-F6G7-8901-BCDE-234567890123', 'E5F6G7H8-I9J0-1234-EFGH-567890123456', 4, 4, 4, 4, 4, N'Trải nghiệm tuyệt vời!', '2023-06-16 00:00:00', '2023-06-16 00:00:00');
INSERT INTO bookings (id, vehicle_id, renter_id, owner_id, status, start_date, end_date, total_days, base_price, price_per_day, service_fee, taxes, total, deposit, created_at, updated_at) VALUES ('e90a07c3-3bfb-42dd-985b-7cd9f813a77e', 'V1A2B3C4-D5E6-7890-VHCL-111111111111', 'B2C3D4E5-F6G7-8901-BCDE-234567890123', 'E5F6G7H8-I9J0-1234-EFGH-567890123456', 'COMPLETED', '2023-06-06', '2023-06-10', 4, 3200000, 800000, 320000.0, 256000.0, 3776000.0, 3000000, '2023-05-27 00:00:00', '2023-05-27 00:00:00');
INSERT INTO payments (id, booking_id, user_id, amount, currency, status, method, created_at, processed_at) VALUES ('5dbc3e96-946f-4e79-88a6-5a87927c3f79', 'e90a07c3-3bfb-42dd-985b-7cd9f813a77e', 'B2C3D4E5-F6G7-8901-BCDE-234567890123', 3776000.0, 'VND', 'SUCCEEDED', 'VNPAY', '2023-05-27 00:00:00', '2023-05-27 00:00:00');
INSERT INTO reviews (id, vehicle_id, booking_id, reviewer_id, owner_id, rating, cleanliness, accuracy, communication, value_rating, comment, created_at, updated_at) VALUES ('dd432bc4-07ff-4198-8b4a-209c6ec7751a', 'V1A2B3C4-D5E6-7890-VHCL-111111111111', 'e90a07c3-3bfb-42dd-985b-7cd9f813a77e', 'B2C3D4E5-F6G7-8901-BCDE-234567890123', 'E5F6G7H8-I9J0-1234-EFGH-567890123456', 4, 4, 4, 4, 4, N'Trải nghiệm tuyệt vời!', '2023-06-10 00:00:00', '2023-06-10 00:00:00');
INSERT INTO bookings (id, vehicle_id, renter_id, owner_id, status, start_date, end_date, total_days, base_price, price_per_day, service_fee, taxes, total, deposit, created_at, updated_at) VALUES ('d554f98d-17c7-4a03-95bd-857d83821224', 'V1A2B3C4-D5E6-7890-VHCL-111111111111', 'C3D4E5F6-G7H8-9012-CDEF-345678901234', 'E5F6G7H8-I9J0-1234-EFGH-567890123456', 'CANCELLED', '2023-04-05', '2023-04-08', 3, 2400000, 800000, 240000.0, 192000.0, 2832000.0, 3000000, '2023-04-04 00:00:00', '2023-04-04 00:00:00');
INSERT INTO payments (id, booking_id, user_id, amount, currency, status, method, created_at, processed_at) VALUES ('a450f05c-5d3b-46f8-9b32-4bdc213e14b2', 'd554f98d-17c7-4a03-95bd-857d83821224', 'C3D4E5F6-G7H8-9012-CDEF-345678901234', 2832000.0, 'VND', 'REFUNDED', 'VNPAY', '2023-04-04 00:00:00', '2023-04-04 00:00:00');
INSERT INTO bookings (id, vehicle_id, renter_id, owner_id, status, start_date, end_date, total_days, base_price, price_per_day, service_fee, taxes, total, deposit, created_at, updated_at) VALUES ('7de44502-deb2-4af8-ab98-7967e19d6c94', 'V1A2B3C4-D5E6-7890-VHCL-111111111111', 'D4E5F6G7-H8I9-0123-DEFG-456789012345', 'E5F6G7H8-I9J0-1234-EFGH-567890123456', 'COMPLETED', '2023-05-11', '2023-05-18', 7, 5600000, 800000, 560000.0, 448000.0, 6608000.0, 3000000, '2023-04-29 00:00:00', '2023-04-29 00:00:00');
INSERT INTO payments (id, booking_id, user_id, amount, currency, status, method, created_at, processed_at) VALUES ('4bd0889d-6c9f-4a83-a6f6-aca42f983fa9', '7de44502-deb2-4af8-ab98-7967e19d6c94', 'D4E5F6G7-H8I9-0123-DEFG-456789012345', 6608000.0, 'VND', 'SUCCEEDED', 'VNPAY', '2023-04-29 00:00:00', '2023-04-29 00:00:00');
INSERT INTO reviews (id, vehicle_id, booking_id, reviewer_id, owner_id, rating, cleanliness, accuracy, communication, value_rating, comment, created_at, updated_at) VALUES ('fd064cd6-13b6-4f0b-8b4f-ff6bd3d369de', 'V1A2B3C4-D5E6-7890-VHCL-111111111111', '7de44502-deb2-4af8-ab98-7967e19d6c94', 'D4E5F6G7-H8I9-0123-DEFG-456789012345', 'E5F6G7H8-I9J0-1234-EFGH-567890123456', 4, 4, 4, 4, 4, N'Trải nghiệm tuyệt vời!', '2023-05-18 00:00:00', '2023-05-18 00:00:00');
INSERT INTO bookings (id, vehicle_id, renter_id, owner_id, status, start_date, end_date, total_days, base_price, price_per_day, service_fee, taxes, total, deposit, created_at, updated_at) VALUES ('531e3fc6-0695-4de7-a0d1-c2bbc78ea770', 'V1A2B3C4-D5E6-7890-VHCL-111111111111', 'C3D4E5F6-G7H8-9012-CDEF-345678901234', 'E5F6G7H8-I9J0-1234-EFGH-567890123456', 'COMPLETED', '2023-09-02', '2023-09-10', 8, 6400000, 800000, 640000.0, 512000.0, 7552000.0, 3000000, '2023-08-19 00:00:00', '2023-08-19 00:00:00');
INSERT INTO payments (id, booking_id, user_id, amount, currency, status, method, created_at, processed_at) VALUES ('46e87981-3465-42c2-843c-6c702e2c0929', '531e3fc6-0695-4de7-a0d1-c2bbc78ea770', 'C3D4E5F6-G7H8-9012-CDEF-345678901234', 7552000.0, 'VND', 'SUCCEEDED', 'VNPAY', '2023-08-19 00:00:00', '2023-08-19 00:00:00');
INSERT INTO reviews (id, vehicle_id, booking_id, reviewer_id, owner_id, rating, cleanliness, accuracy, communication, value_rating, comment, created_at, updated_at) VALUES ('fccdfa18-46f5-4ad9-b826-dc906b6d37cf', 'V1A2B3C4-D5E6-7890-VHCL-111111111111', '531e3fc6-0695-4de7-a0d1-c2bbc78ea770', 'C3D4E5F6-G7H8-9012-CDEF-345678901234', 'E5F6G7H8-I9J0-1234-EFGH-567890123456', 4, 4, 4, 4, 4, N'Trải nghiệm tuyệt vời!', '2023-09-10 00:00:00', '2023-09-10 00:00:00');
INSERT INTO bookings (id, vehicle_id, renter_id, owner_id, status, start_date, end_date, total_days, base_price, price_per_day, service_fee, taxes, total, deposit, created_at, updated_at) VALUES ('bcf1ae7b-d546-4099-800a-d620b796450f', 'V1A2B3C4-D5E6-7890-VHCL-111111111111', 'D4E5F6G7-H8I9-0123-DEFG-456789012345', 'E5F6G7H8-I9J0-1234-EFGH-567890123456', 'COMPLETED', '2024-02-10', '2024-02-19', 9, 7200000, 800000, 720000.0, 576000.0, 8496000.0, 3000000, '2024-01-28 00:00:00', '2024-01-28 00:00:00');
INSERT INTO payments (id, booking_id, user_id, amount, currency, status, method, created_at, processed_at) VALUES ('5870c071-38b6-406d-9000-d921350e20ca', 'bcf1ae7b-d546-4099-800a-d620b796450f', 'D4E5F6G7-H8I9-0123-DEFG-456789012345', 8496000.0, 'VND', 'SUCCEEDED', 'VNPAY', '2024-01-28 00:00:00', '2024-01-28 00:00:00');
INSERT INTO reviews (id, vehicle_id, booking_id, reviewer_id, owner_id, rating, cleanliness, accuracy, communication, value_rating, comment, created_at, updated_at) VALUES ('c1da85ba-c66b-4850-9c6d-8a72b88269d5', 'V1A2B3C4-D5E6-7890-VHCL-111111111111', 'bcf1ae7b-d546-4099-800a-d620b796450f', 'D4E5F6G7-H8I9-0123-DEFG-456789012345', 'E5F6G7H8-I9J0-1234-EFGH-567890123456', 3, 3, 3, 3, 3, N'Trải nghiệm tuyệt vời!', '2024-02-19 00:00:00', '2024-02-19 00:00:00');
INSERT INTO bookings (id, vehicle_id, renter_id, owner_id, status, start_date, end_date, total_days, base_price, price_per_day, service_fee, taxes, total, deposit, created_at, updated_at) VALUES ('23b9ef9b-240d-4956-b076-43492f92d9ac', 'V1A2B3C4-D5E6-7890-VHCL-111111111111', 'D4E5F6G7-H8I9-0123-DEFG-456789012345', 'E5F6G7H8-I9J0-1234-EFGH-567890123456', 'COMPLETED', '2024-03-05', '2024-03-09', 4, 3200000, 800000, 320000.0, 256000.0, 3776000.0, 3000000, '2024-02-20 00:00:00', '2024-02-20 00:00:00');
INSERT INTO payments (id, booking_id, user_id, amount, currency, status, method, created_at, processed_at) VALUES ('baae8e8a-9c0e-4250-843e-7138174d564d', '23b9ef9b-240d-4956-b076-43492f92d9ac', 'D4E5F6G7-H8I9-0123-DEFG-456789012345', 3776000.0, 'VND', 'SUCCEEDED', 'VNPAY', '2024-02-20 00:00:00', '2024-02-20 00:00:00');
INSERT INTO reviews (id, vehicle_id, booking_id, reviewer_id, owner_id, rating, cleanliness, accuracy, communication, value_rating, comment, created_at, updated_at) VALUES ('61ec11f5-9f7e-420b-8221-c6bea00e7e1c', 'V1A2B3C4-D5E6-7890-VHCL-111111111111', '23b9ef9b-240d-4956-b076-43492f92d9ac', 'D4E5F6G7-H8I9-0123-DEFG-456789012345', 'E5F6G7H8-I9J0-1234-EFGH-567890123456', 5, 5, 5, 5, 5, N'Trải nghiệm tuyệt vời!', '2024-03-09 00:00:00', '2024-03-09 00:00:00');
INSERT INTO bookings (id, vehicle_id, renter_id, owner_id, status, start_date, end_date, total_days, base_price, price_per_day, service_fee, taxes, total, deposit, created_at, updated_at) VALUES ('3353eb1b-11ce-4265-8fc4-cebec25e92e2', 'V1A2B3C4-D5E6-7890-VHCL-111111111111', 'C3D4E5F6-G7H8-9012-CDEF-345678901234', 'E5F6G7H8-I9J0-1234-EFGH-567890123456', 'COMPLETED', '2024-02-13', '2024-02-17', 4, 3200000, 800000, 320000.0, 256000.0, 3776000.0, 3000000, '2024-02-09 00:00:00', '2024-02-09 00:00:00');
INSERT INTO payments (id, booking_id, user_id, amount, currency, status, method, created_at, processed_at) VALUES ('1d10b4d1-a1a1-4168-9690-1f082be4147d', '3353eb1b-11ce-4265-8fc4-cebec25e92e2', 'C3D4E5F6-G7H8-9012-CDEF-345678901234', 3776000.0, 'VND', 'SUCCEEDED', 'VNPAY', '2024-02-09 00:00:00', '2024-02-09 00:00:00');
INSERT INTO reviews (id, vehicle_id, booking_id, reviewer_id, owner_id, rating, cleanliness, accuracy, communication, value_rating, comment, created_at, updated_at) VALUES ('2bd480f7-16f0-498d-9ca6-f797b7acbe90', 'V1A2B3C4-D5E6-7890-VHCL-111111111111', '3353eb1b-11ce-4265-8fc4-cebec25e92e2', 'C3D4E5F6-G7H8-9012-CDEF-345678901234', 'E5F6G7H8-I9J0-1234-EFGH-567890123456', 5, 5, 5, 5, 5, N'Trải nghiệm tuyệt vời!', '2024-02-17 00:00:00', '2024-02-17 00:00:00');
INSERT INTO bookings (id, vehicle_id, renter_id, owner_id, status, start_date, end_date, total_days, base_price, price_per_day, service_fee, taxes, total, deposit, created_at, updated_at) VALUES ('1c5745b0-6547-4ace-bf1e-59fa1e881efc', 'V1A2B3C4-D5E6-7890-VHCL-111111111111', 'D4E5F6G7-H8I9-0123-DEFG-456789012345', 'E5F6G7H8-I9J0-1234-EFGH-567890123456', 'COMPLETED', '2023-04-09', '2023-04-15', 6, 4800000, 800000, 480000.0, 384000.0, 5664000.0, 3000000, '2023-04-04 00:00:00', '2023-04-04 00:00:00');
INSERT INTO payments (id, booking_id, user_id, amount, currency, status, method, created_at, processed_at) VALUES ('fb33771d-5510-46c6-ab54-dd7ed4b5e6ef', '1c5745b0-6547-4ace-bf1e-59fa1e881efc', 'D4E5F6G7-H8I9-0123-DEFG-456789012345', 5664000.0, 'VND', 'SUCCEEDED', 'VNPAY', '2023-04-04 00:00:00', '2023-04-04 00:00:00');
INSERT INTO reviews (id, vehicle_id, booking_id, reviewer_id, owner_id, rating, cleanliness, accuracy, communication, value_rating, comment, created_at, updated_at) VALUES ('38d6f3e4-44d3-4741-a553-beb6612375a2', 'V1A2B3C4-D5E6-7890-VHCL-111111111111', '1c5745b0-6547-4ace-bf1e-59fa1e881efc', 'D4E5F6G7-H8I9-0123-DEFG-456789012345', 'E5F6G7H8-I9J0-1234-EFGH-567890123456', 3, 3, 3, 3, 3, N'Trải nghiệm tuyệt vời!', '2023-04-15 00:00:00', '2023-04-15 00:00:00');
INSERT INTO bookings (id, vehicle_id, renter_id, owner_id, status, start_date, end_date, total_days, base_price, price_per_day, service_fee, taxes, total, deposit, created_at, updated_at) VALUES ('0204bff1-940a-4ec1-b13b-533b5579d6e2', 'V1A2B3C4-D5E6-7890-VHCL-111111111111', 'C3D4E5F6-G7H8-9012-CDEF-345678901234', 'E5F6G7H8-I9J0-1234-EFGH-567890123456', 'COMPLETED', '2023-02-09', '2023-02-10', 1, 800000, 800000, 80000.0, 64000.0, 944000.0, 3000000, '2023-02-01 00:00:00', '2023-02-01 00:00:00');
INSERT INTO payments (id, booking_id, user_id, amount, currency, status, method, created_at, processed_at) VALUES ('aaa1fe58-cd55-4ae6-ae9f-09ace1bc2b5d', '0204bff1-940a-4ec1-b13b-533b5579d6e2', 'C3D4E5F6-G7H8-9012-CDEF-345678901234', 944000.0, 'VND', 'SUCCEEDED', 'VNPAY', '2023-02-01 00:00:00', '2023-02-01 00:00:00');
INSERT INTO reviews (id, vehicle_id, booking_id, reviewer_id, owner_id, rating, cleanliness, accuracy, communication, value_rating, comment, created_at, updated_at) VALUES ('d4b61388-f539-40af-b71b-c50456e941ab', 'V1A2B3C4-D5E6-7890-VHCL-111111111111', '0204bff1-940a-4ec1-b13b-533b5579d6e2', 'C3D4E5F6-G7H8-9012-CDEF-345678901234', 'E5F6G7H8-I9J0-1234-EFGH-567890123456', 3, 3, 3, 3, 3, N'Trải nghiệm tuyệt vời!', '2023-02-10 00:00:00', '2023-02-10 00:00:00');
INSERT INTO bookings (id, vehicle_id, renter_id, owner_id, status, start_date, end_date, total_days, base_price, price_per_day, service_fee, taxes, total, deposit, created_at, updated_at) VALUES ('a3064200-9904-41de-9c61-04781a5f3b85', 'V1A2B3C4-D5E6-7890-VHCL-111111111111', 'D4E5F6G7-H8I9-0123-DEFG-456789012345', 'E5F6G7H8-I9J0-1234-EFGH-567890123456', 'COMPLETED', '2023-03-17', '2023-03-27', 10, 8000000, 800000, 800000.0, 640000.0, 9440000.0, 3000000, '2023-03-09 00:00:00', '2023-03-09 00:00:00');
INSERT INTO payments (id, booking_id, user_id, amount, currency, status, method, created_at, processed_at) VALUES ('e44b2742-e3c7-4de0-993a-f2bffb9783e9', 'a3064200-9904-41de-9c61-04781a5f3b85', 'D4E5F6G7-H8I9-0123-DEFG-456789012345', 9440000.0, 'VND', 'SUCCEEDED', 'VNPAY', '2023-03-09 00:00:00', '2023-03-09 00:00:00');
INSERT INTO reviews (id, vehicle_id, booking_id, reviewer_id, owner_id, rating, cleanliness, accuracy, communication, value_rating, comment, created_at, updated_at) VALUES ('67d57d3c-d25d-423f-a2d2-89dffe9de6bc', 'V1A2B3C4-D5E6-7890-VHCL-111111111111', 'a3064200-9904-41de-9c61-04781a5f3b85', 'D4E5F6G7-H8I9-0123-DEFG-456789012345', 'E5F6G7H8-I9J0-1234-EFGH-567890123456', 5, 5, 5, 5, 5, N'Trải nghiệm tuyệt vời!', '2023-03-27 00:00:00', '2023-03-27 00:00:00');
INSERT INTO bookings (id, vehicle_id, renter_id, owner_id, status, start_date, end_date, total_days, base_price, price_per_day, service_fee, taxes, total, deposit, created_at, updated_at) VALUES ('20fad6f9-0544-4f34-818a-4b1d55c1001a', 'V1A2B3C4-D5E6-7890-VHCL-111111111111', 'D4E5F6G7-H8I9-0123-DEFG-456789012345', 'E5F6G7H8-I9J0-1234-EFGH-567890123456', 'COMPLETED', '2023-05-29', '2023-06-03', 5, 4000000, 800000, 400000.0, 320000.0, 4720000.0, 3000000, '2023-05-15 00:00:00', '2023-05-15 00:00:00');
INSERT INTO payments (id, booking_id, user_id, amount, currency, status, method, created_at, processed_at) VALUES ('9d1e7dd2-9140-4557-8cf7-afe3bdf0708a', '20fad6f9-0544-4f34-818a-4b1d55c1001a', 'D4E5F6G7-H8I9-0123-DEFG-456789012345', 4720000.0, 'VND', 'SUCCEEDED', 'VNPAY', '2023-05-15 00:00:00', '2023-05-15 00:00:00');
INSERT INTO reviews (id, vehicle_id, booking_id, reviewer_id, owner_id, rating, cleanliness, accuracy, communication, value_rating, comment, created_at, updated_at) VALUES ('70c835d0-35b4-4482-9aab-cb98ff4801a5', 'V1A2B3C4-D5E6-7890-VHCL-111111111111', '20fad6f9-0544-4f34-818a-4b1d55c1001a', 'D4E5F6G7-H8I9-0123-DEFG-456789012345', 'E5F6G7H8-I9J0-1234-EFGH-567890123456', 4, 4, 4, 4, 4, N'Trải nghiệm tuyệt vời!', '2023-06-03 00:00:00', '2023-06-03 00:00:00');
INSERT INTO bookings (id, vehicle_id, renter_id, owner_id, status, start_date, end_date, total_days, base_price, price_per_day, service_fee, taxes, total, deposit, created_at, updated_at) VALUES ('cfe18a3a-c31d-479a-9e4a-2dbe9933fd79', 'V1A2B3C4-D5E6-7890-VHCL-111111111111', 'B2C3D4E5-F6G7-8901-BCDE-234567890123', 'E5F6G7H8-I9J0-1234-EFGH-567890123456', 'COMPLETED', '2023-07-05', '2023-07-06', 1, 800000, 800000, 80000.0, 64000.0, 944000.0, 3000000, '2023-06-22 00:00:00', '2023-06-22 00:00:00');
INSERT INTO payments (id, booking_id, user_id, amount, currency, status, method, created_at, processed_at) VALUES ('08538161-0c4c-4ed5-89ab-8547357db6c4', 'cfe18a3a-c31d-479a-9e4a-2dbe9933fd79', 'B2C3D4E5-F6G7-8901-BCDE-234567890123', 944000.0, 'VND', 'SUCCEEDED', 'VNPAY', '2023-06-22 00:00:00', '2023-06-22 00:00:00');
INSERT INTO reviews (id, vehicle_id, booking_id, reviewer_id, owner_id, rating, cleanliness, accuracy, communication, value_rating, comment, created_at, updated_at) VALUES ('2978e4a5-c509-4e47-be27-77c149524bd8', 'V1A2B3C4-D5E6-7890-VHCL-111111111111', 'cfe18a3a-c31d-479a-9e4a-2dbe9933fd79', 'B2C3D4E5-F6G7-8901-BCDE-234567890123', 'E5F6G7H8-I9J0-1234-EFGH-567890123456', 3, 3, 3, 3, 3, N'Trải nghiệm tuyệt vời!', '2023-07-06 00:00:00', '2023-07-06 00:00:00');
INSERT INTO bookings (id, vehicle_id, renter_id, owner_id, status, start_date, end_date, total_days, base_price, price_per_day, service_fee, taxes, total, deposit, created_at, updated_at) VALUES ('eccf48c9-4576-4a9f-8927-5fd05838902d', 'V1A2B3C4-D5E6-7890-VHCL-111111111111', 'C3D4E5F6-G7H8-9012-CDEF-345678901234', 'E5F6G7H8-I9J0-1234-EFGH-567890123456', 'COMPLETED', '2023-07-30', '2023-07-31', 1, 800000, 800000, 80000.0, 64000.0, 944000.0, 3000000, '2023-07-23 00:00:00', '2023-07-23 00:00:00');
INSERT INTO payments (id, booking_id, user_id, amount, currency, status, method, created_at, processed_at) VALUES ('022b40ca-3322-4bb7-8880-bc4059f82c76', 'eccf48c9-4576-4a9f-8927-5fd05838902d', 'C3D4E5F6-G7H8-9012-CDEF-345678901234', 944000.0, 'VND', 'SUCCEEDED', 'VNPAY', '2023-07-23 00:00:00', '2023-07-23 00:00:00');
INSERT INTO reviews (id, vehicle_id, booking_id, reviewer_id, owner_id, rating, cleanliness, accuracy, communication, value_rating, comment, created_at, updated_at) VALUES ('b134fa60-1ad1-49b9-bfbd-b04136c1d956', 'V1A2B3C4-D5E6-7890-VHCL-111111111111', 'eccf48c9-4576-4a9f-8927-5fd05838902d', 'C3D4E5F6-G7H8-9012-CDEF-345678901234', 'E5F6G7H8-I9J0-1234-EFGH-567890123456', 4, 4, 4, 4, 4, N'Trải nghiệm tuyệt vời!', '2023-07-31 00:00:00', '2023-07-31 00:00:00');
INSERT INTO bookings (id, vehicle_id, renter_id, owner_id, status, start_date, end_date, total_days, base_price, price_per_day, service_fee, taxes, total, deposit, created_at, updated_at) VALUES ('b958c1d4-d5c7-4ce5-b64c-1bc3d2facc99', 'V1A2B3C4-D5E6-7890-VHCL-111111111111', 'B2C3D4E5-F6G7-8901-BCDE-234567890123', 'E5F6G7H8-I9J0-1234-EFGH-567890123456', 'COMPLETED', '2023-11-30', '2023-12-02', 2, 1600000, 800000, 160000.0, 128000.0, 1888000.0, 3000000, '2023-11-24 00:00:00', '2023-11-24 00:00:00');
INSERT INTO payments (id, booking_id, user_id, amount, currency, status, method, created_at, processed_at) VALUES ('14f59bfa-5c7f-42f5-b5dd-dc04be41607d', 'b958c1d4-d5c7-4ce5-b64c-1bc3d2facc99', 'B2C3D4E5-F6G7-8901-BCDE-234567890123', 1888000.0, 'VND', 'SUCCEEDED', 'VNPAY', '2023-11-24 00:00:00', '2023-11-24 00:00:00');
INSERT INTO reviews (id, vehicle_id, booking_id, reviewer_id, owner_id, rating, cleanliness, accuracy, communication, value_rating, comment, created_at, updated_at) VALUES ('e8d3fa2d-711e-40b0-9e3f-a331b99f7c3e', 'V1A2B3C4-D5E6-7890-VHCL-111111111111', 'b958c1d4-d5c7-4ce5-b64c-1bc3d2facc99', 'B2C3D4E5-F6G7-8901-BCDE-234567890123', 'E5F6G7H8-I9J0-1234-EFGH-567890123456', 5, 5, 5, 5, 5, N'Trải nghiệm tuyệt vời!', '2023-12-02 00:00:00', '2023-12-02 00:00:00');
INSERT INTO bookings (id, vehicle_id, renter_id, owner_id, status, start_date, end_date, total_days, base_price, price_per_day, service_fee, taxes, total, deposit, created_at, updated_at) VALUES ('db88b9b0-430b-437c-a3ea-b1eb7dd5a75a', 'V1A2B3C4-D5E6-7890-VHCL-111111111111', 'B2C3D4E5-F6G7-8901-BCDE-234567890123', 'E5F6G7H8-I9J0-1234-EFGH-567890123456', 'CANCELLED', '2023-04-23', '2023-04-24', 1, 800000, 800000, 80000.0, 64000.0, 944000.0, 3000000, '2023-04-09 00:00:00', '2023-04-09 00:00:00');
INSERT INTO payments (id, booking_id, user_id, amount, currency, status, method, created_at, processed_at) VALUES ('a57f9f82-6f69-469f-87ab-0f493f1e54e3', 'db88b9b0-430b-437c-a3ea-b1eb7dd5a75a', 'B2C3D4E5-F6G7-8901-BCDE-234567890123', 944000.0, 'VND', 'REFUNDED', 'VNPAY', '2023-04-09 00:00:00', '2023-04-09 00:00:00');
INSERT INTO bookings (id, vehicle_id, renter_id, owner_id, status, start_date, end_date, total_days, base_price, price_per_day, service_fee, taxes, total, deposit, created_at, updated_at) VALUES ('6b8e9470-6df5-49b2-822b-84476e1ed0bb', 'V1A2B3C4-D5E6-7890-VHCL-111111111111', 'D4E5F6G7-H8I9-0123-DEFG-456789012345', 'E5F6G7H8-I9J0-1234-EFGH-567890123456', 'CANCELLED', '2023-12-06', '2023-12-07', 1, 800000, 800000, 80000.0, 64000.0, 944000.0, 3000000, '2023-11-22 00:00:00', '2023-11-22 00:00:00');
INSERT INTO payments (id, booking_id, user_id, amount, currency, status, method, created_at, processed_at) VALUES ('16af6c58-b63c-4e6d-84e8-777a72d2696a', '6b8e9470-6df5-49b2-822b-84476e1ed0bb', 'D4E5F6G7-H8I9-0123-DEFG-456789012345', 944000.0, 'VND', 'REFUNDED', 'VNPAY', '2023-11-22 00:00:00', '2023-11-22 00:00:00');
INSERT INTO bookings (id, vehicle_id, renter_id, owner_id, status, start_date, end_date, total_days, base_price, price_per_day, service_fee, taxes, total, deposit, created_at, updated_at) VALUES ('e523b38e-4293-4971-a380-eb7437d362af', 'V1A2B3C4-D5E6-7890-VHCL-111111111111', 'C3D4E5F6-G7H8-9012-CDEF-345678901234', 'E5F6G7H8-I9J0-1234-EFGH-567890123456', 'COMPLETED', '2023-08-03', '2023-08-13', 10, 8000000, 800000, 800000.0, 640000.0, 9440000.0, 3000000, '2023-08-02 00:00:00', '2023-08-02 00:00:00');
INSERT INTO payments (id, booking_id, user_id, amount, currency, status, method, created_at, processed_at) VALUES ('c92b31ed-80e4-40ac-bf66-6a7dbe6d4c12', 'e523b38e-4293-4971-a380-eb7437d362af', 'C3D4E5F6-G7H8-9012-CDEF-345678901234', 9440000.0, 'VND', 'SUCCEEDED', 'VNPAY', '2023-08-02 00:00:00', '2023-08-02 00:00:00');
INSERT INTO reviews (id, vehicle_id, booking_id, reviewer_id, owner_id, rating, cleanliness, accuracy, communication, value_rating, comment, created_at, updated_at) VALUES ('1c8cdcef-b3b0-4ab2-bb33-58f16f9cec71', 'V1A2B3C4-D5E6-7890-VHCL-111111111111', 'e523b38e-4293-4971-a380-eb7437d362af', 'C3D4E5F6-G7H8-9012-CDEF-345678901234', 'E5F6G7H8-I9J0-1234-EFGH-567890123456', 3, 3, 3, 3, 3, N'Trải nghiệm tuyệt vời!', '2023-08-13 00:00:00', '2023-08-13 00:00:00');
INSERT INTO bookings (id, vehicle_id, renter_id, owner_id, status, start_date, end_date, total_days, base_price, price_per_day, service_fee, taxes, total, deposit, created_at, updated_at) VALUES ('145565b4-2fef-4cfb-a9cc-2a7823c4c5b7', 'V1A2B3C4-D5E6-7890-VHCL-111111111111', 'D4E5F6G7-H8I9-0123-DEFG-456789012345', 'E5F6G7H8-I9J0-1234-EFGH-567890123456', 'COMPLETED', '2023-03-12', '2023-03-19', 7, 5600000, 800000, 560000.0, 448000.0, 6608000.0, 3000000, '2023-03-04 00:00:00', '2023-03-04 00:00:00');
INSERT INTO payments (id, booking_id, user_id, amount, currency, status, method, created_at, processed_at) VALUES ('c3f7c07d-eb72-4a91-a2c8-758679862e20', '145565b4-2fef-4cfb-a9cc-2a7823c4c5b7', 'D4E5F6G7-H8I9-0123-DEFG-456789012345', 6608000.0, 'VND', 'SUCCEEDED', 'VNPAY', '2023-03-04 00:00:00', '2023-03-04 00:00:00');
INSERT INTO reviews (id, vehicle_id, booking_id, reviewer_id, owner_id, rating, cleanliness, accuracy, communication, value_rating, comment, created_at, updated_at) VALUES ('f167f664-ce42-4e77-befc-c609684d8f64', 'V1A2B3C4-D5E6-7890-VHCL-111111111111', '145565b4-2fef-4cfb-a9cc-2a7823c4c5b7', 'D4E5F6G7-H8I9-0123-DEFG-456789012345', 'E5F6G7H8-I9J0-1234-EFGH-567890123456', 4, 4, 4, 4, 4, N'Trải nghiệm tuyệt vời!', '2023-03-19 00:00:00', '2023-03-19 00:00:00');
INSERT INTO bookings (id, vehicle_id, renter_id, owner_id, status, start_date, end_date, total_days, base_price, price_per_day, service_fee, taxes, total, deposit, created_at, updated_at) VALUES ('848415b3-28b8-427c-9819-722826a4ded6', 'V1A2B3C4-D5E6-7890-VHCL-111111111111', 'D4E5F6G7-H8I9-0123-DEFG-456789012345', 'E5F6G7H8-I9J0-1234-EFGH-567890123456', 'COMPLETED', '2023-03-29', '2023-04-07', 9, 7200000, 800000, 720000.0, 576000.0, 8496000.0, 3000000, '2023-03-25 00:00:00', '2023-03-25 00:00:00');
INSERT INTO payments (id, booking_id, user_id, amount, currency, status, method, created_at, processed_at) VALUES ('18118258-b8f8-4921-ba33-c79777d87eab', '848415b3-28b8-427c-9819-722826a4ded6', 'D4E5F6G7-H8I9-0123-DEFG-456789012345', 8496000.0, 'VND', 'SUCCEEDED', 'VNPAY', '2023-03-25 00:00:00', '2023-03-25 00:00:00');
INSERT INTO reviews (id, vehicle_id, booking_id, reviewer_id, owner_id, rating, cleanliness, accuracy, communication, value_rating, comment, created_at, updated_at) VALUES ('22f94812-7c21-44be-bdbf-1f327efe74cf', 'V1A2B3C4-D5E6-7890-VHCL-111111111111', '848415b3-28b8-427c-9819-722826a4ded6', 'D4E5F6G7-H8I9-0123-DEFG-456789012345', 'E5F6G7H8-I9J0-1234-EFGH-567890123456', 4, 4, 4, 4, 4, N'Trải nghiệm tuyệt vời!', '2023-04-07 00:00:00', '2023-04-07 00:00:00');
INSERT INTO bookings (id, vehicle_id, renter_id, owner_id, status, start_date, end_date, total_days, base_price, price_per_day, service_fee, taxes, total, deposit, created_at, updated_at) VALUES ('cb9cfe73-cddd-4918-9024-911697753a2c', 'V1A2B3C4-D5E6-7890-VHCL-111111111111', 'C3D4E5F6-G7H8-9012-CDEF-345678901234', 'E5F6G7H8-I9J0-1234-EFGH-567890123456', 'CANCELLED', '2024-02-15', '2024-02-19', 4, 3200000, 800000, 320000.0, 256000.0, 3776000.0, 3000000, '2024-02-06 00:00:00', '2024-02-06 00:00:00');
INSERT INTO payments (id, booking_id, user_id, amount, currency, status, method, created_at, processed_at) VALUES ('86f56330-d655-4b86-af62-c355b8ba04ab', 'cb9cfe73-cddd-4918-9024-911697753a2c', 'C3D4E5F6-G7H8-9012-CDEF-345678901234', 3776000.0, 'VND', 'REFUNDED', 'VNPAY', '2024-02-06 00:00:00', '2024-02-06 00:00:00');
INSERT INTO bookings (id, vehicle_id, renter_id, owner_id, status, start_date, end_date, total_days, base_price, price_per_day, service_fee, taxes, total, deposit, created_at, updated_at) VALUES ('dd22547f-2e5a-4479-ad95-ef7740c89bbd', 'V1A2B3C4-D5E6-7890-VHCL-111111111111', 'D4E5F6G7-H8I9-0123-DEFG-456789012345', 'E5F6G7H8-I9J0-1234-EFGH-567890123456', 'COMPLETED', '2023-06-22', '2023-06-29', 7, 5600000, 800000, 560000.0, 448000.0, 6608000.0, 3000000, '2023-06-19 00:00:00', '2023-06-19 00:00:00');
INSERT INTO payments (id, booking_id, user_id, amount, currency, status, method, created_at, processed_at) VALUES ('86498ef9-70dd-447d-9ee2-e32a397a30af', 'dd22547f-2e5a-4479-ad95-ef7740c89bbd', 'D4E5F6G7-H8I9-0123-DEFG-456789012345', 6608000.0, 'VND', 'SUCCEEDED', 'VNPAY', '2023-06-19 00:00:00', '2023-06-19 00:00:00');
INSERT INTO reviews (id, vehicle_id, booking_id, reviewer_id, owner_id, rating, cleanliness, accuracy, communication, value_rating, comment, created_at, updated_at) VALUES ('689876e6-dc8d-42fb-940a-79cab52e9fae', 'V1A2B3C4-D5E6-7890-VHCL-111111111111', 'dd22547f-2e5a-4479-ad95-ef7740c89bbd', 'D4E5F6G7-H8I9-0123-DEFG-456789012345', 'E5F6G7H8-I9J0-1234-EFGH-567890123456', 5, 5, 5, 5, 5, N'Trải nghiệm tuyệt vời!', '2023-06-29 00:00:00', '2023-06-29 00:00:00');
INSERT INTO bookings (id, vehicle_id, renter_id, owner_id, status, start_date, end_date, total_days, base_price, price_per_day, service_fee, taxes, total, deposit, created_at, updated_at) VALUES ('115af9f5-8578-424b-8820-f17bfe0aaa5e', 'V1A2B3C4-D5E6-7890-VHCL-111111111111', 'B2C3D4E5-F6G7-8901-BCDE-234567890123', 'E5F6G7H8-I9J0-1234-EFGH-567890123456', 'CANCELLED', '2023-07-14', '2023-07-15', 1, 800000, 800000, 80000.0, 64000.0, 944000.0, 3000000, '2023-07-05 00:00:00', '2023-07-05 00:00:00');
INSERT INTO payments (id, booking_id, user_id, amount, currency, status, method, created_at, processed_at) VALUES ('92743a9f-b1e0-4b70-8859-fa651e254917', '115af9f5-8578-424b-8820-f17bfe0aaa5e', 'B2C3D4E5-F6G7-8901-BCDE-234567890123', 944000.0, 'VND', 'REFUNDED', 'VNPAY', '2023-07-05 00:00:00', '2023-07-05 00:00:00');
INSERT INTO bookings (id, vehicle_id, renter_id, owner_id, status, start_date, end_date, total_days, base_price, price_per_day, service_fee, taxes, total, deposit, created_at, updated_at) VALUES ('84b27c8c-90f0-462a-9357-199e6260c146', 'V1A2B3C4-D5E6-7890-VHCL-111111111111', 'D4E5F6G7-H8I9-0123-DEFG-456789012345', 'E5F6G7H8-I9J0-1234-EFGH-567890123456', 'COMPLETED', '2023-06-04', '2023-06-14', 10, 8000000, 800000, 800000.0, 640000.0, 9440000.0, 3000000, '2023-05-23 00:00:00', '2023-05-23 00:00:00');
INSERT INTO payments (id, booking_id, user_id, amount, currency, status, method, created_at, processed_at) VALUES ('4689c8c5-c98b-477e-88b5-2dade1cf7a9a', '84b27c8c-90f0-462a-9357-199e6260c146', 'D4E5F6G7-H8I9-0123-DEFG-456789012345', 9440000.0, 'VND', 'SUCCEEDED', 'VNPAY', '2023-05-23 00:00:00', '2023-05-23 00:00:00');
INSERT INTO reviews (id, vehicle_id, booking_id, reviewer_id, owner_id, rating, cleanliness, accuracy, communication, value_rating, comment, created_at, updated_at) VALUES ('8880d208-1c06-4501-a492-abc6de70ab26', 'V1A2B3C4-D5E6-7890-VHCL-111111111111', '84b27c8c-90f0-462a-9357-199e6260c146', 'D4E5F6G7-H8I9-0123-DEFG-456789012345', 'E5F6G7H8-I9J0-1234-EFGH-567890123456', 5, 5, 5, 5, 5, N'Trải nghiệm tuyệt vời!', '2023-06-14 00:00:00', '2023-06-14 00:00:00');
INSERT INTO bookings (id, vehicle_id, renter_id, owner_id, status, start_date, end_date, total_days, base_price, price_per_day, service_fee, taxes, total, deposit, created_at, updated_at) VALUES ('1c67fb7c-9c83-4372-bd15-9073dc7659cf', 'V1A2B3C4-D5E6-7890-VHCL-111111111111', 'C3D4E5F6-G7H8-9012-CDEF-345678901234', 'E5F6G7H8-I9J0-1234-EFGH-567890123456', 'COMPLETED', '2023-07-11', '2023-07-19', 8, 6400000, 800000, 640000.0, 512000.0, 7552000.0, 3000000, '2023-07-07 00:00:00', '2023-07-07 00:00:00');
INSERT INTO payments (id, booking_id, user_id, amount, currency, status, method, created_at, processed_at) VALUES ('32604b50-bd5c-4cef-81b4-a512180f773d', '1c67fb7c-9c83-4372-bd15-9073dc7659cf', 'C3D4E5F6-G7H8-9012-CDEF-345678901234', 7552000.0, 'VND', 'SUCCEEDED', 'VNPAY', '2023-07-07 00:00:00', '2023-07-07 00:00:00');
INSERT INTO reviews (id, vehicle_id, booking_id, reviewer_id, owner_id, rating, cleanliness, accuracy, communication, value_rating, comment, created_at, updated_at) VALUES ('27f88c60-8b51-4c59-9cd7-d4d79907db17', 'V1A2B3C4-D5E6-7890-VHCL-111111111111', '1c67fb7c-9c83-4372-bd15-9073dc7659cf', 'C3D4E5F6-G7H8-9012-CDEF-345678901234', 'E5F6G7H8-I9J0-1234-EFGH-567890123456', 5, 5, 5, 5, 5, N'Trải nghiệm tuyệt vời!', '2023-07-19 00:00:00', '2023-07-19 00:00:00');
INSERT INTO bookings (id, vehicle_id, renter_id, owner_id, status, start_date, end_date, total_days, base_price, price_per_day, service_fee, taxes, total, deposit, created_at, updated_at) VALUES ('16efcbba-e690-4708-9183-3d864e778c5a', 'V1A2B3C4-D5E6-7890-VHCL-111111111111', 'D4E5F6G7-H8I9-0123-DEFG-456789012345', 'E5F6G7H8-I9J0-1234-EFGH-567890123456', 'COMPLETED', '2023-03-31', '2023-04-05', 5, 4000000, 800000, 400000.0, 320000.0, 4720000.0, 3000000, '2023-03-29 00:00:00', '2023-03-29 00:00:00');
INSERT INTO payments (id, booking_id, user_id, amount, currency, status, method, created_at, processed_at) VALUES ('3eddf99a-ce2b-4e68-96da-bfd342f4a454', '16efcbba-e690-4708-9183-3d864e778c5a', 'D4E5F6G7-H8I9-0123-DEFG-456789012345', 4720000.0, 'VND', 'SUCCEEDED', 'VNPAY', '2023-03-29 00:00:00', '2023-03-29 00:00:00');
INSERT INTO reviews (id, vehicle_id, booking_id, reviewer_id, owner_id, rating, cleanliness, accuracy, communication, value_rating, comment, created_at, updated_at) VALUES ('4c054bbe-ce95-49b0-8d39-7e3b8dd2824f', 'V1A2B3C4-D5E6-7890-VHCL-111111111111', '16efcbba-e690-4708-9183-3d864e778c5a', 'D4E5F6G7-H8I9-0123-DEFG-456789012345', 'E5F6G7H8-I9J0-1234-EFGH-567890123456', 3, 3, 3, 3, 3, N'Trải nghiệm tuyệt vời!', '2023-04-05 00:00:00', '2023-04-05 00:00:00');
INSERT INTO bookings (id, vehicle_id, renter_id, owner_id, status, start_date, end_date, total_days, base_price, price_per_day, service_fee, taxes, total, deposit, created_at, updated_at) VALUES ('90783001-9b76-4e0d-a159-e38750d8d37a', 'V1A2B3C4-D5E6-7890-VHCL-111111111111', 'D4E5F6G7-H8I9-0123-DEFG-456789012345', 'E5F6G7H8-I9J0-1234-EFGH-567890123456', 'COMPLETED', '2024-03-21', '2024-03-29', 8, 6400000, 800000, 640000.0, 512000.0, 7552000.0, 3000000, '2024-03-10 00:00:00', '2024-03-10 00:00:00');
INSERT INTO payments (id, booking_id, user_id, amount, currency, status, method, created_at, processed_at) VALUES ('537f9c3c-6ca5-48ac-a468-afd8d6de6226', '90783001-9b76-4e0d-a159-e38750d8d37a', 'D4E5F6G7-H8I9-0123-DEFG-456789012345', 7552000.0, 'VND', 'SUCCEEDED', 'VNPAY', '2024-03-10 00:00:00', '2024-03-10 00:00:00');
INSERT INTO reviews (id, vehicle_id, booking_id, reviewer_id, owner_id, rating, cleanliness, accuracy, communication, value_rating, comment, created_at, updated_at) VALUES ('c2ddccc7-4369-4210-a116-cd05c8c3c5c7', 'V1A2B3C4-D5E6-7890-VHCL-111111111111', '90783001-9b76-4e0d-a159-e38750d8d37a', 'D4E5F6G7-H8I9-0123-DEFG-456789012345', 'E5F6G7H8-I9J0-1234-EFGH-567890123456', 3, 3, 3, 3, 3, N'Trải nghiệm tuyệt vời!', '2024-03-29 00:00:00', '2024-03-29 00:00:00');
INSERT INTO bookings (id, vehicle_id, renter_id, owner_id, status, start_date, end_date, total_days, base_price, price_per_day, service_fee, taxes, total, deposit, created_at, updated_at) VALUES ('791a1bb4-f118-41af-89dc-0e88b1b73973', 'V1A2B3C4-D5E6-7890-VHCL-111111111111', 'C3D4E5F6-G7H8-9012-CDEF-345678901234', 'E5F6G7H8-I9J0-1234-EFGH-567890123456', 'COMPLETED', '2024-02-26', '2024-03-06', 9, 7200000, 800000, 720000.0, 576000.0, 8496000.0, 3000000, '2024-02-12 00:00:00', '2024-02-12 00:00:00');
INSERT INTO payments (id, booking_id, user_id, amount, currency, status, method, created_at, processed_at) VALUES ('3ca967b4-52e7-49d7-8298-2e215fd61c64', '791a1bb4-f118-41af-89dc-0e88b1b73973', 'C3D4E5F6-G7H8-9012-CDEF-345678901234', 8496000.0, 'VND', 'SUCCEEDED', 'VNPAY', '2024-02-12 00:00:00', '2024-02-12 00:00:00');
INSERT INTO reviews (id, vehicle_id, booking_id, reviewer_id, owner_id, rating, cleanliness, accuracy, communication, value_rating, comment, created_at, updated_at) VALUES ('b27489b7-17ef-4b35-a4bf-eef83a06a8d6', 'V1A2B3C4-D5E6-7890-VHCL-111111111111', '791a1bb4-f118-41af-89dc-0e88b1b73973', 'C3D4E5F6-G7H8-9012-CDEF-345678901234', 'E5F6G7H8-I9J0-1234-EFGH-567890123456', 4, 4, 4, 4, 4, N'Trải nghiệm tuyệt vời!', '2024-03-06 00:00:00', '2024-03-06 00:00:00');
INSERT INTO bookings (id, vehicle_id, renter_id, owner_id, status, start_date, end_date, total_days, base_price, price_per_day, service_fee, taxes, total, deposit, created_at, updated_at) VALUES ('e4372635-4df8-4848-91b9-46c4bc17dc8c', 'V1A2B3C4-D5E6-7890-VHCL-111111111111', 'D4E5F6G7-H8I9-0123-DEFG-456789012345', 'E5F6G7H8-I9J0-1234-EFGH-567890123456', 'COMPLETED', '2024-04-23', '2024-04-24', 1, 800000, 800000, 80000.0, 64000.0, 944000.0, 3000000, '2024-04-21 00:00:00', '2024-04-21 00:00:00');
INSERT INTO payments (id, booking_id, user_id, amount, currency, status, method, created_at, processed_at) VALUES ('4e8fe1cf-e8a9-414f-8ab9-6041d554c169', 'e4372635-4df8-4848-91b9-46c4bc17dc8c', 'D4E5F6G7-H8I9-0123-DEFG-456789012345', 944000.0, 'VND', 'SUCCEEDED', 'VNPAY', '2024-04-21 00:00:00', '2024-04-21 00:00:00');
INSERT INTO reviews (id, vehicle_id, booking_id, reviewer_id, owner_id, rating, cleanliness, accuracy, communication, value_rating, comment, created_at, updated_at) VALUES ('5d8d319b-7d70-4b93-805d-5aa4d5fb3445', 'V1A2B3C4-D5E6-7890-VHCL-111111111111', 'e4372635-4df8-4848-91b9-46c4bc17dc8c', 'D4E5F6G7-H8I9-0123-DEFG-456789012345', 'E5F6G7H8-I9J0-1234-EFGH-567890123456', 5, 5, 5, 5, 5, N'Trải nghiệm tuyệt vời!', '2024-04-24 00:00:00', '2024-04-24 00:00:00');
INSERT INTO bookings (id, vehicle_id, renter_id, owner_id, status, start_date, end_date, total_days, base_price, price_per_day, service_fee, taxes, total, deposit, created_at, updated_at) VALUES ('40876cef-23e7-4d92-bb15-ebd3be8ba12c', 'V1A2B3C4-D5E6-7890-VHCL-111111111111', 'C3D4E5F6-G7H8-9012-CDEF-345678901234', 'E5F6G7H8-I9J0-1234-EFGH-567890123456', 'CANCELLED', '2023-04-02', '2023-04-08', 6, 4800000, 800000, 480000.0, 384000.0, 5664000.0, 3000000, '2023-04-01 00:00:00', '2023-04-01 00:00:00');
INSERT INTO payments (id, booking_id, user_id, amount, currency, status, method, created_at, processed_at) VALUES ('864183d4-f977-475d-a695-3d73f2e66eac', '40876cef-23e7-4d92-bb15-ebd3be8ba12c', 'C3D4E5F6-G7H8-9012-CDEF-345678901234', 5664000.0, 'VND', 'REFUNDED', 'VNPAY', '2023-04-01 00:00:00', '2023-04-01 00:00:00');
INSERT INTO bookings (id, vehicle_id, renter_id, owner_id, status, start_date, end_date, total_days, base_price, price_per_day, service_fee, taxes, total, deposit, created_at, updated_at) VALUES ('6e1909ec-5e53-43b1-965c-62805af76958', 'V1A2B3C4-D5E6-7890-VHCL-111111111111', 'D4E5F6G7-H8I9-0123-DEFG-456789012345', 'E5F6G7H8-I9J0-1234-EFGH-567890123456', 'COMPLETED', '2024-02-24', '2024-02-26', 2, 1600000, 800000, 160000.0, 128000.0, 1888000.0, 3000000, '2024-02-17 00:00:00', '2024-02-17 00:00:00');
INSERT INTO payments (id, booking_id, user_id, amount, currency, status, method, created_at, processed_at) VALUES ('5c80fd78-5c70-4d0b-98b6-5b07d1ef365f', '6e1909ec-5e53-43b1-965c-62805af76958', 'D4E5F6G7-H8I9-0123-DEFG-456789012345', 1888000.0, 'VND', 'SUCCEEDED', 'VNPAY', '2024-02-17 00:00:00', '2024-02-17 00:00:00');
INSERT INTO reviews (id, vehicle_id, booking_id, reviewer_id, owner_id, rating, cleanliness, accuracy, communication, value_rating, comment, created_at, updated_at) VALUES ('2d548970-99a1-4d4b-b783-d9cf235903f1', 'V1A2B3C4-D5E6-7890-VHCL-111111111111', '6e1909ec-5e53-43b1-965c-62805af76958', 'D4E5F6G7-H8I9-0123-DEFG-456789012345', 'E5F6G7H8-I9J0-1234-EFGH-567890123456', 5, 5, 5, 5, 5, N'Trải nghiệm tuyệt vời!', '2024-02-26 00:00:00', '2024-02-26 00:00:00');
INSERT INTO bookings (id, vehicle_id, renter_id, owner_id, status, start_date, end_date, total_days, base_price, price_per_day, service_fee, taxes, total, deposit, created_at, updated_at) VALUES ('38aa26fc-8d6a-4433-87be-a42b7e605238', 'V1A2B3C4-D5E6-7890-VHCL-111111111111', 'B2C3D4E5-F6G7-8901-BCDE-234567890123', 'E5F6G7H8-I9J0-1234-EFGH-567890123456', 'COMPLETED', '2023-09-13', '2023-09-19', 6, 4800000, 800000, 480000.0, 384000.0, 5664000.0, 3000000, '2023-09-04 00:00:00', '2023-09-04 00:00:00');
INSERT INTO payments (id, booking_id, user_id, amount, currency, status, method, created_at, processed_at) VALUES ('65488ff7-803e-44f7-8ce9-75000dd3e019', '38aa26fc-8d6a-4433-87be-a42b7e605238', 'B2C3D4E5-F6G7-8901-BCDE-234567890123', 5664000.0, 'VND', 'SUCCEEDED', 'VNPAY', '2023-09-04 00:00:00', '2023-09-04 00:00:00');
INSERT INTO reviews (id, vehicle_id, booking_id, reviewer_id, owner_id, rating, cleanliness, accuracy, communication, value_rating, comment, created_at, updated_at) VALUES ('67306041-3d67-4aaa-86a8-8d41f7a5c762', 'V1A2B3C4-D5E6-7890-VHCL-111111111111', '38aa26fc-8d6a-4433-87be-a42b7e605238', 'B2C3D4E5-F6G7-8901-BCDE-234567890123', 'E5F6G7H8-I9J0-1234-EFGH-567890123456', 4, 4, 4, 4, 4, N'Trải nghiệm tuyệt vời!', '2023-09-19 00:00:00', '2023-09-19 00:00:00');
INSERT INTO bookings (id, vehicle_id, renter_id, owner_id, status, start_date, end_date, total_days, base_price, price_per_day, service_fee, taxes, total, deposit, created_at, updated_at) VALUES ('a37c9018-86b8-475c-afa5-2f6fd42ba4a8', 'V1A2B3C4-D5E6-7890-VHCL-111111111111', 'B2C3D4E5-F6G7-8901-BCDE-234567890123', 'E5F6G7H8-I9J0-1234-EFGH-567890123456', 'COMPLETED', '2023-06-10', '2023-06-15', 5, 4000000, 800000, 400000.0, 320000.0, 4720000.0, 3000000, '2023-06-04 00:00:00', '2023-06-04 00:00:00');
INSERT INTO payments (id, booking_id, user_id, amount, currency, status, method, created_at, processed_at) VALUES ('8eae1142-5c60-40ec-bf3f-5cd983cce9c2', 'a37c9018-86b8-475c-afa5-2f6fd42ba4a8', 'B2C3D4E5-F6G7-8901-BCDE-234567890123', 4720000.0, 'VND', 'SUCCEEDED', 'VNPAY', '2023-06-04 00:00:00', '2023-06-04 00:00:00');
INSERT INTO reviews (id, vehicle_id, booking_id, reviewer_id, owner_id, rating, cleanliness, accuracy, communication, value_rating, comment, created_at, updated_at) VALUES ('ffe564c2-8422-4bb9-bf6a-75dde102d435', 'V1A2B3C4-D5E6-7890-VHCL-111111111111', 'a37c9018-86b8-475c-afa5-2f6fd42ba4a8', 'B2C3D4E5-F6G7-8901-BCDE-234567890123', 'E5F6G7H8-I9J0-1234-EFGH-567890123456', 4, 4, 4, 4, 4, N'Trải nghiệm tuyệt vời!', '2023-06-15 00:00:00', '2023-06-15 00:00:00');
INSERT INTO bookings (id, vehicle_id, renter_id, owner_id, status, start_date, end_date, total_days, base_price, price_per_day, service_fee, taxes, total, deposit, created_at, updated_at) VALUES ('4bea9a88-b738-4b57-a39e-529c1e6e5f7e', 'V1A2B3C4-D5E6-7890-VHCL-111111111111', 'D4E5F6G7-H8I9-0123-DEFG-456789012345', 'E5F6G7H8-I9J0-1234-EFGH-567890123456', 'COMPLETED', '2023-01-20', '2023-01-23', 3, 2400000, 800000, 240000.0, 192000.0, 2832000.0, 3000000, '2023-01-11 00:00:00', '2023-01-11 00:00:00');
INSERT INTO payments (id, booking_id, user_id, amount, currency, status, method, created_at, processed_at) VALUES ('ba5139a3-ab06-43ba-ac58-2cdaa93ecc6b', '4bea9a88-b738-4b57-a39e-529c1e6e5f7e', 'D4E5F6G7-H8I9-0123-DEFG-456789012345', 2832000.0, 'VND', 'SUCCEEDED', 'VNPAY', '2023-01-11 00:00:00', '2023-01-11 00:00:00');
INSERT INTO reviews (id, vehicle_id, booking_id, reviewer_id, owner_id, rating, cleanliness, accuracy, communication, value_rating, comment, created_at, updated_at) VALUES ('5e41d07d-fcff-4c39-94fa-c90bb0750e51', 'V1A2B3C4-D5E6-7890-VHCL-111111111111', '4bea9a88-b738-4b57-a39e-529c1e6e5f7e', 'D4E5F6G7-H8I9-0123-DEFG-456789012345', 'E5F6G7H8-I9J0-1234-EFGH-567890123456', 5, 5, 5, 5, 5, N'Trải nghiệm tuyệt vời!', '2023-01-23 00:00:00', '2023-01-23 00:00:00');
INSERT INTO bookings (id, vehicle_id, renter_id, owner_id, status, start_date, end_date, total_days, base_price, price_per_day, service_fee, taxes, total, deposit, created_at, updated_at) VALUES ('87492a0b-aadf-4d70-86d4-189362831fd5', 'V1A2B3C4-D5E6-7890-VHCL-111111111111', 'C3D4E5F6-G7H8-9012-CDEF-345678901234', 'E5F6G7H8-I9J0-1234-EFGH-567890123456', 'COMPLETED', '2023-05-13', '2023-05-21', 8, 6400000, 800000, 640000.0, 512000.0, 7552000.0, 3000000, '2023-05-09 00:00:00', '2023-05-09 00:00:00');
INSERT INTO payments (id, booking_id, user_id, amount, currency, status, method, created_at, processed_at) VALUES ('d00138ab-1556-430e-855e-3c82b5ab7b0a', '87492a0b-aadf-4d70-86d4-189362831fd5', 'C3D4E5F6-G7H8-9012-CDEF-345678901234', 7552000.0, 'VND', 'SUCCEEDED', 'VNPAY', '2023-05-09 00:00:00', '2023-05-09 00:00:00');
INSERT INTO reviews (id, vehicle_id, booking_id, reviewer_id, owner_id, rating, cleanliness, accuracy, communication, value_rating, comment, created_at, updated_at) VALUES ('e222f76b-4c54-4d29-87bb-43ca699e36a7', 'V1A2B3C4-D5E6-7890-VHCL-111111111111', '87492a0b-aadf-4d70-86d4-189362831fd5', 'C3D4E5F6-G7H8-9012-CDEF-345678901234', 'E5F6G7H8-I9J0-1234-EFGH-567890123456', 3, 3, 3, 3, 3, N'Trải nghiệm tuyệt vời!', '2023-05-21 00:00:00', '2023-05-21 00:00:00');
INSERT INTO bookings (id, vehicle_id, renter_id, owner_id, status, start_date, end_date, total_days, base_price, price_per_day, service_fee, taxes, total, deposit, created_at, updated_at) VALUES ('9043e044-df40-4767-9ac8-b76d4f93b4aa', 'V1A2B3C4-D5E6-7890-VHCL-111111111111', 'D4E5F6G7-H8I9-0123-DEFG-456789012345', 'E5F6G7H8-I9J0-1234-EFGH-567890123456', 'COMPLETED', '2024-03-19', '2024-03-24', 5, 4000000, 800000, 400000.0, 320000.0, 4720000.0, 3000000, '2024-03-06 00:00:00', '2024-03-06 00:00:00');
INSERT INTO payments (id, booking_id, user_id, amount, currency, status, method, created_at, processed_at) VALUES ('7e85f4b2-b656-4b81-b74d-12caab9ecb88', '9043e044-df40-4767-9ac8-b76d4f93b4aa', 'D4E5F6G7-H8I9-0123-DEFG-456789012345', 4720000.0, 'VND', 'SUCCEEDED', 'VNPAY', '2024-03-06 00:00:00', '2024-03-06 00:00:00');
INSERT INTO reviews (id, vehicle_id, booking_id, reviewer_id, owner_id, rating, cleanliness, accuracy, communication, value_rating, comment, created_at, updated_at) VALUES ('8dbf1d24-0d69-463c-bb5b-3c25ee66138a', 'V1A2B3C4-D5E6-7890-VHCL-111111111111', '9043e044-df40-4767-9ac8-b76d4f93b4aa', 'D4E5F6G7-H8I9-0123-DEFG-456789012345', 'E5F6G7H8-I9J0-1234-EFGH-567890123456', 4, 4, 4, 4, 4, N'Trải nghiệm tuyệt vời!', '2024-03-24 00:00:00', '2024-03-24 00:00:00');
INSERT INTO bookings (id, vehicle_id, renter_id, owner_id, status, start_date, end_date, total_days, base_price, price_per_day, service_fee, taxes, total, deposit, created_at, updated_at) VALUES ('64a5e842-0174-4946-9647-02f4a49cf0f0', 'V1A2B3C4-D5E6-7890-VHCL-111111111111', 'D4E5F6G7-H8I9-0123-DEFG-456789012345', 'E5F6G7H8-I9J0-1234-EFGH-567890123456', 'COMPLETED', '2023-04-18', '2023-04-19', 1, 800000, 800000, 80000.0, 64000.0, 944000.0, 3000000, '2023-04-16 00:00:00', '2023-04-16 00:00:00');
INSERT INTO payments (id, booking_id, user_id, amount, currency, status, method, created_at, processed_at) VALUES ('6a8001d1-df4d-4e1e-9e38-76e05b47b0d5', '64a5e842-0174-4946-9647-02f4a49cf0f0', 'D4E5F6G7-H8I9-0123-DEFG-456789012345', 944000.0, 'VND', 'SUCCEEDED', 'VNPAY', '2023-04-16 00:00:00', '2023-04-16 00:00:00');
INSERT INTO reviews (id, vehicle_id, booking_id, reviewer_id, owner_id, rating, cleanliness, accuracy, communication, value_rating, comment, created_at, updated_at) VALUES ('b54f97b8-adef-4a47-8443-e9111e03152b', 'V1A2B3C4-D5E6-7890-VHCL-111111111111', '64a5e842-0174-4946-9647-02f4a49cf0f0', 'D4E5F6G7-H8I9-0123-DEFG-456789012345', 'E5F6G7H8-I9J0-1234-EFGH-567890123456', 3, 3, 3, 3, 3, N'Trải nghiệm tuyệt vời!', '2023-04-19 00:00:00', '2023-04-19 00:00:00');
INSERT INTO bookings (id, vehicle_id, renter_id, owner_id, status, start_date, end_date, total_days, base_price, price_per_day, service_fee, taxes, total, deposit, created_at, updated_at) VALUES ('7bfe24c3-b507-41e3-9055-90ecac797f4e', 'V1A2B3C4-D5E6-7890-VHCL-111111111111', 'C3D4E5F6-G7H8-9012-CDEF-345678901234', 'E5F6G7H8-I9J0-1234-EFGH-567890123456', 'COMPLETED', '2023-12-14', '2023-12-24', 10, 8000000, 800000, 800000.0, 640000.0, 9440000.0, 3000000, '2023-12-03 00:00:00', '2023-12-03 00:00:00');
INSERT INTO payments (id, booking_id, user_id, amount, currency, status, method, created_at, processed_at) VALUES ('22e1e990-f147-4258-ac29-007fff12c63d', '7bfe24c3-b507-41e3-9055-90ecac797f4e', 'C3D4E5F6-G7H8-9012-CDEF-345678901234', 9440000.0, 'VND', 'SUCCEEDED', 'VNPAY', '2023-12-03 00:00:00', '2023-12-03 00:00:00');
INSERT INTO reviews (id, vehicle_id, booking_id, reviewer_id, owner_id, rating, cleanliness, accuracy, communication, value_rating, comment, created_at, updated_at) VALUES ('00ae674f-8c76-4477-8093-782aef0646e5', 'V1A2B3C4-D5E6-7890-VHCL-111111111111', '7bfe24c3-b507-41e3-9055-90ecac797f4e', 'C3D4E5F6-G7H8-9012-CDEF-345678901234', 'E5F6G7H8-I9J0-1234-EFGH-567890123456', 5, 5, 5, 5, 5, N'Trải nghiệm tuyệt vời!', '2023-12-24 00:00:00', '2023-12-24 00:00:00');
INSERT INTO bookings (id, vehicle_id, renter_id, owner_id, status, start_date, end_date, total_days, base_price, price_per_day, service_fee, taxes, total, deposit, created_at, updated_at) VALUES ('b74ebc1b-a6c7-4301-8d74-5af698ae14df', 'V1A2B3C4-D5E6-7890-VHCL-111111111111', 'C3D4E5F6-G7H8-9012-CDEF-345678901234', 'E5F6G7H8-I9J0-1234-EFGH-567890123456', 'COMPLETED', '2024-01-21', '2024-01-24', 3, 2400000, 800000, 240000.0, 192000.0, 2832000.0, 3000000, '2024-01-07 00:00:00', '2024-01-07 00:00:00');
INSERT INTO payments (id, booking_id, user_id, amount, currency, status, method, created_at, processed_at) VALUES ('4912d1eb-836e-400b-b3e2-3125faa640b0', 'b74ebc1b-a6c7-4301-8d74-5af698ae14df', 'C3D4E5F6-G7H8-9012-CDEF-345678901234', 2832000.0, 'VND', 'SUCCEEDED', 'VNPAY', '2024-01-07 00:00:00', '2024-01-07 00:00:00');
INSERT INTO reviews (id, vehicle_id, booking_id, reviewer_id, owner_id, rating, cleanliness, accuracy, communication, value_rating, comment, created_at, updated_at) VALUES ('f034d195-ddc6-4746-9e99-3f114abf15f8', 'V1A2B3C4-D5E6-7890-VHCL-111111111111', 'b74ebc1b-a6c7-4301-8d74-5af698ae14df', 'C3D4E5F6-G7H8-9012-CDEF-345678901234', 'E5F6G7H8-I9J0-1234-EFGH-567890123456', 4, 4, 4, 4, 4, N'Trải nghiệm tuyệt vời!', '2024-01-24 00:00:00', '2024-01-24 00:00:00');
INSERT INTO bookings (id, vehicle_id, renter_id, owner_id, status, start_date, end_date, total_days, base_price, price_per_day, service_fee, taxes, total, deposit, created_at, updated_at) VALUES ('9e8d30c5-1dba-457a-bd6d-b6f0f3f96f98', 'V1A2B3C4-D5E6-7890-VHCL-111111111111', 'D4E5F6G7-H8I9-0123-DEFG-456789012345', 'E5F6G7H8-I9J0-1234-EFGH-567890123456', 'COMPLETED', '2024-01-23', '2024-02-02', 10, 8000000, 800000, 800000.0, 640000.0, 9440000.0, 3000000, '2024-01-16 00:00:00', '2024-01-16 00:00:00');
INSERT INTO payments (id, booking_id, user_id, amount, currency, status, method, created_at, processed_at) VALUES ('daf4d1df-0ce7-4400-b01b-53f31e03797b', '9e8d30c5-1dba-457a-bd6d-b6f0f3f96f98', 'D4E5F6G7-H8I9-0123-DEFG-456789012345', 9440000.0, 'VND', 'SUCCEEDED', 'VNPAY', '2024-01-16 00:00:00', '2024-01-16 00:00:00');
INSERT INTO reviews (id, vehicle_id, booking_id, reviewer_id, owner_id, rating, cleanliness, accuracy, communication, value_rating, comment, created_at, updated_at) VALUES ('9424f32c-a0ce-49e5-abf0-588f47d046ec', 'V1A2B3C4-D5E6-7890-VHCL-111111111111', '9e8d30c5-1dba-457a-bd6d-b6f0f3f96f98', 'D4E5F6G7-H8I9-0123-DEFG-456789012345', 'E5F6G7H8-I9J0-1234-EFGH-567890123456', 4, 4, 4, 4, 4, N'Trải nghiệm tuyệt vời!', '2024-02-02 00:00:00', '2024-02-02 00:00:00');
INSERT INTO bookings (id, vehicle_id, renter_id, owner_id, status, start_date, end_date, total_days, base_price, price_per_day, service_fee, taxes, total, deposit, created_at, updated_at) VALUES ('d6b8cdc4-dd8b-45e5-a794-5701eec2e16e', 'V1A2B3C4-D5E6-7890-VHCL-111111111111', 'B2C3D4E5-F6G7-8901-BCDE-234567890123', 'E5F6G7H8-I9J0-1234-EFGH-567890123456', 'COMPLETED', '2024-04-03', '2024-04-09', 6, 4800000, 800000, 480000.0, 384000.0, 5664000.0, 3000000, '2024-03-21 00:00:00', '2024-03-21 00:00:00');
INSERT INTO payments (id, booking_id, user_id, amount, currency, status, method, created_at, processed_at) VALUES ('6884f0d1-b8f4-412a-b2ca-93ab374451ee', 'd6b8cdc4-dd8b-45e5-a794-5701eec2e16e', 'B2C3D4E5-F6G7-8901-BCDE-234567890123', 5664000.0, 'VND', 'SUCCEEDED', 'VNPAY', '2024-03-21 00:00:00', '2024-03-21 00:00:00');
INSERT INTO reviews (id, vehicle_id, booking_id, reviewer_id, owner_id, rating, cleanliness, accuracy, communication, value_rating, comment, created_at, updated_at) VALUES ('71e1181b-c6b5-486f-a302-dc0f3d6ecbc3', 'V1A2B3C4-D5E6-7890-VHCL-111111111111', 'd6b8cdc4-dd8b-45e5-a794-5701eec2e16e', 'B2C3D4E5-F6G7-8901-BCDE-234567890123', 'E5F6G7H8-I9J0-1234-EFGH-567890123456', 3, 3, 3, 3, 3, N'Trải nghiệm tuyệt vời!', '2024-04-09 00:00:00', '2024-04-09 00:00:00');
INSERT INTO bookings (id, vehicle_id, renter_id, owner_id, status, start_date, end_date, total_days, base_price, price_per_day, service_fee, taxes, total, deposit, created_at, updated_at) VALUES ('ac7ea14f-a506-4992-ad1a-d8ad158d5008', 'V1A2B3C4-D5E6-7890-VHCL-111111111111', 'B2C3D4E5-F6G7-8901-BCDE-234567890123', 'E5F6G7H8-I9J0-1234-EFGH-567890123456', 'CANCELLED', '2023-09-25', '2023-09-27', 2, 1600000, 800000, 160000.0, 128000.0, 1888000.0, 3000000, '2023-09-13 00:00:00', '2023-09-13 00:00:00');
INSERT INTO payments (id, booking_id, user_id, amount, currency, status, method, created_at, processed_at) VALUES ('ac792c27-804e-4440-87d7-177ca52387a1', 'ac7ea14f-a506-4992-ad1a-d8ad158d5008', 'B2C3D4E5-F6G7-8901-BCDE-234567890123', 1888000.0, 'VND', 'REFUNDED', 'VNPAY', '2023-09-13 00:00:00', '2023-09-13 00:00:00');
INSERT INTO bookings (id, vehicle_id, renter_id, owner_id, status, start_date, end_date, total_days, base_price, price_per_day, service_fee, taxes, total, deposit, created_at, updated_at) VALUES ('59892a99-1fbb-4200-97e3-be023c870e36', 'V1A2B3C4-D5E6-7890-VHCL-111111111111', 'B2C3D4E5-F6G7-8901-BCDE-234567890123', 'E5F6G7H8-I9J0-1234-EFGH-567890123456', 'COMPLETED', '2024-03-17', '2024-03-26', 9, 7200000, 800000, 720000.0, 576000.0, 8496000.0, 3000000, '2024-03-14 00:00:00', '2024-03-14 00:00:00');
INSERT INTO payments (id, booking_id, user_id, amount, currency, status, method, created_at, processed_at) VALUES ('bb695ccb-fb09-4c5d-b789-20de9652b201', '59892a99-1fbb-4200-97e3-be023c870e36', 'B2C3D4E5-F6G7-8901-BCDE-234567890123', 8496000.0, 'VND', 'SUCCEEDED', 'VNPAY', '2024-03-14 00:00:00', '2024-03-14 00:00:00');
INSERT INTO reviews (id, vehicle_id, booking_id, reviewer_id, owner_id, rating, cleanliness, accuracy, communication, value_rating, comment, created_at, updated_at) VALUES ('128c55fc-ed22-4b23-8cd3-11d6748bdff1', 'V1A2B3C4-D5E6-7890-VHCL-111111111111', '59892a99-1fbb-4200-97e3-be023c870e36', 'B2C3D4E5-F6G7-8901-BCDE-234567890123', 'E5F6G7H8-I9J0-1234-EFGH-567890123456', 3, 3, 3, 3, 3, N'Trải nghiệm tuyệt vời!', '2024-03-26 00:00:00', '2024-03-26 00:00:00');
INSERT INTO bookings (id, vehicle_id, renter_id, owner_id, status, start_date, end_date, total_days, base_price, price_per_day, service_fee, taxes, total, deposit, created_at, updated_at) VALUES ('ca685496-f0d7-4167-b3f8-16be720f84ab', 'V1A2B3C4-D5E6-7890-VHCL-111111111111', 'B2C3D4E5-F6G7-8901-BCDE-234567890123', 'E5F6G7H8-I9J0-1234-EFGH-567890123456', 'CANCELLED', '2023-03-23', '2023-03-31', 8, 6400000, 800000, 640000.0, 512000.0, 7552000.0, 3000000, '2023-03-14 00:00:00', '2023-03-14 00:00:00');
INSERT INTO payments (id, booking_id, user_id, amount, currency, status, method, created_at, processed_at) VALUES ('650f775a-f854-492a-baac-52ed0ed5caef', 'ca685496-f0d7-4167-b3f8-16be720f84ab', 'B2C3D4E5-F6G7-8901-BCDE-234567890123', 7552000.0, 'VND', 'REFUNDED', 'VNPAY', '2023-03-14 00:00:00', '2023-03-14 00:00:00');
INSERT INTO bookings (id, vehicle_id, renter_id, owner_id, status, start_date, end_date, total_days, base_price, price_per_day, service_fee, taxes, total, deposit, created_at, updated_at) VALUES ('55827e86-260a-450e-8602-7f47ae454128', 'V1A2B3C4-D5E6-7890-VHCL-111111111111', 'B2C3D4E5-F6G7-8901-BCDE-234567890123', 'E5F6G7H8-I9J0-1234-EFGH-567890123456', 'CANCELLED', '2024-04-19', '2024-04-20', 1, 800000, 800000, 80000.0, 64000.0, 944000.0, 3000000, '2024-04-18 00:00:00', '2024-04-18 00:00:00');
INSERT INTO payments (id, booking_id, user_id, amount, currency, status, method, created_at, processed_at) VALUES ('2475145d-a0a4-45c1-b9c1-7ee4ec59bd96', '55827e86-260a-450e-8602-7f47ae454128', 'B2C3D4E5-F6G7-8901-BCDE-234567890123', 944000.0, 'VND', 'REFUNDED', 'VNPAY', '2024-04-18 00:00:00', '2024-04-18 00:00:00');
INSERT INTO bookings (id, vehicle_id, renter_id, owner_id, status, start_date, end_date, total_days, base_price, price_per_day, service_fee, taxes, total, deposit, created_at, updated_at) VALUES ('0cdfb352-216e-4523-98f3-e71c83ca9374', 'V1A2B3C4-D5E6-7890-VHCL-111111111111', 'D4E5F6G7-H8I9-0123-DEFG-456789012345', 'E5F6G7H8-I9J0-1234-EFGH-567890123456', 'COMPLETED', '2024-01-11', '2024-01-14', 3, 2400000, 800000, 240000.0, 192000.0, 2832000.0, 3000000, '2024-01-10 00:00:00', '2024-01-10 00:00:00');
INSERT INTO payments (id, booking_id, user_id, amount, currency, status, method, created_at, processed_at) VALUES ('e66bb8ed-806e-4d62-a044-52e332cbb60d', '0cdfb352-216e-4523-98f3-e71c83ca9374', 'D4E5F6G7-H8I9-0123-DEFG-456789012345', 2832000.0, 'VND', 'SUCCEEDED', 'VNPAY', '2024-01-10 00:00:00', '2024-01-10 00:00:00');
INSERT INTO reviews (id, vehicle_id, booking_id, reviewer_id, owner_id, rating, cleanliness, accuracy, communication, value_rating, comment, created_at, updated_at) VALUES ('a07bd40d-9d82-475b-8518-c54df9badf95', 'V1A2B3C4-D5E6-7890-VHCL-111111111111', '0cdfb352-216e-4523-98f3-e71c83ca9374', 'D4E5F6G7-H8I9-0123-DEFG-456789012345', 'E5F6G7H8-I9J0-1234-EFGH-567890123456', 4, 4, 4, 4, 4, N'Trải nghiệm tuyệt vời!', '2024-01-14 00:00:00', '2024-01-14 00:00:00');
INSERT INTO bookings (id, vehicle_id, renter_id, owner_id, status, start_date, end_date, total_days, base_price, price_per_day, service_fee, taxes, total, deposit, created_at, updated_at) VALUES ('8bd7ac12-ecd6-45cd-be36-f91e81f09002', 'V1A2B3C4-D5E6-7890-VHCL-111111111111', 'B2C3D4E5-F6G7-8901-BCDE-234567890123', 'E5F6G7H8-I9J0-1234-EFGH-567890123456', 'COMPLETED', '2023-01-30', '2023-02-06', 7, 5600000, 800000, 560000.0, 448000.0, 6608000.0, 3000000, '2023-01-24 00:00:00', '2023-01-24 00:00:00');
INSERT INTO payments (id, booking_id, user_id, amount, currency, status, method, created_at, processed_at) VALUES ('16cfe820-bc15-429b-b5a8-313f9ffe8583', '8bd7ac12-ecd6-45cd-be36-f91e81f09002', 'B2C3D4E5-F6G7-8901-BCDE-234567890123', 6608000.0, 'VND', 'SUCCEEDED', 'VNPAY', '2023-01-24 00:00:00', '2023-01-24 00:00:00');
INSERT INTO reviews (id, vehicle_id, booking_id, reviewer_id, owner_id, rating, cleanliness, accuracy, communication, value_rating, comment, created_at, updated_at) VALUES ('37e60fa9-6859-4cb7-a7c1-462293d0afa6', 'V1A2B3C4-D5E6-7890-VHCL-111111111111', '8bd7ac12-ecd6-45cd-be36-f91e81f09002', 'B2C3D4E5-F6G7-8901-BCDE-234567890123', 'E5F6G7H8-I9J0-1234-EFGH-567890123456', 5, 5, 5, 5, 5, N'Trải nghiệm tuyệt vời!', '2023-02-06 00:00:00', '2023-02-06 00:00:00');
INSERT INTO bookings (id, vehicle_id, renter_id, owner_id, status, start_date, end_date, total_days, base_price, price_per_day, service_fee, taxes, total, deposit, created_at, updated_at) VALUES ('9ee0b2f5-d21b-4ff7-a5dc-4e3459ca36ef', 'V1A2B3C4-D5E6-7890-VHCL-111111111111', 'B2C3D4E5-F6G7-8901-BCDE-234567890123', 'E5F6G7H8-I9J0-1234-EFGH-567890123456', 'COMPLETED', '2024-03-06', '2024-03-12', 6, 4800000, 800000, 480000.0, 384000.0, 5664000.0, 3000000, '2024-03-04 00:00:00', '2024-03-04 00:00:00');
INSERT INTO payments (id, booking_id, user_id, amount, currency, status, method, created_at, processed_at) VALUES ('d0f3f031-a1d6-4ab9-a7b0-35c596f7e9b2', '9ee0b2f5-d21b-4ff7-a5dc-4e3459ca36ef', 'B2C3D4E5-F6G7-8901-BCDE-234567890123', 5664000.0, 'VND', 'SUCCEEDED', 'VNPAY', '2024-03-04 00:00:00', '2024-03-04 00:00:00');
INSERT INTO reviews (id, vehicle_id, booking_id, reviewer_id, owner_id, rating, cleanliness, accuracy, communication, value_rating, comment, created_at, updated_at) VALUES ('26d35c01-0d88-48b6-b5e7-f8138d607767', 'V1A2B3C4-D5E6-7890-VHCL-111111111111', '9ee0b2f5-d21b-4ff7-a5dc-4e3459ca36ef', 'B2C3D4E5-F6G7-8901-BCDE-234567890123', 'E5F6G7H8-I9J0-1234-EFGH-567890123456', 5, 5, 5, 5, 5, N'Trải nghiệm tuyệt vời!', '2024-03-12 00:00:00', '2024-03-12 00:00:00');
INSERT INTO bookings (id, vehicle_id, renter_id, owner_id, status, start_date, end_date, total_days, base_price, price_per_day, service_fee, taxes, total, deposit, created_at, updated_at) VALUES ('7cfb0865-c902-47b1-ba4d-c66aecad0a59', 'V1A2B3C4-D5E6-7890-VHCL-111111111111', 'B2C3D4E5-F6G7-8901-BCDE-234567890123', 'E5F6G7H8-I9J0-1234-EFGH-567890123456', 'CANCELLED', '2024-03-29', '2024-04-07', 9, 7200000, 800000, 720000.0, 576000.0, 8496000.0, 3000000, '2024-03-23 00:00:00', '2024-03-23 00:00:00');
INSERT INTO payments (id, booking_id, user_id, amount, currency, status, method, created_at, processed_at) VALUES ('5c6236ab-3041-43ce-b72b-854143eee042', '7cfb0865-c902-47b1-ba4d-c66aecad0a59', 'B2C3D4E5-F6G7-8901-BCDE-234567890123', 8496000.0, 'VND', 'REFUNDED', 'VNPAY', '2024-03-23 00:00:00', '2024-03-23 00:00:00');
INSERT INTO bookings (id, vehicle_id, renter_id, owner_id, status, start_date, end_date, total_days, base_price, price_per_day, service_fee, taxes, total, deposit, created_at, updated_at) VALUES ('9872765a-27d3-4dee-aaba-47414d1ba034', 'V1A2B3C4-D5E6-7890-VHCL-111111111111', 'D4E5F6G7-H8I9-0123-DEFG-456789012345', 'E5F6G7H8-I9J0-1234-EFGH-567890123456', 'COMPLETED', '2023-11-14', '2023-11-19', 5, 4000000, 800000, 400000.0, 320000.0, 4720000.0, 3000000, '2023-11-08 00:00:00', '2023-11-08 00:00:00');
INSERT INTO payments (id, booking_id, user_id, amount, currency, status, method, created_at, processed_at) VALUES ('bce028bc-3743-4778-9aef-4061e61e3f5e', '9872765a-27d3-4dee-aaba-47414d1ba034', 'D4E5F6G7-H8I9-0123-DEFG-456789012345', 4720000.0, 'VND', 'SUCCEEDED', 'VNPAY', '2023-11-08 00:00:00', '2023-11-08 00:00:00');
INSERT INTO reviews (id, vehicle_id, booking_id, reviewer_id, owner_id, rating, cleanliness, accuracy, communication, value_rating, comment, created_at, updated_at) VALUES ('1a5abb0b-88b6-4c0c-9070-f97c879db212', 'V1A2B3C4-D5E6-7890-VHCL-111111111111', '9872765a-27d3-4dee-aaba-47414d1ba034', 'D4E5F6G7-H8I9-0123-DEFG-456789012345', 'E5F6G7H8-I9J0-1234-EFGH-567890123456', 4, 4, 4, 4, 4, N'Trải nghiệm tuyệt vời!', '2023-11-19 00:00:00', '2023-11-19 00:00:00');
INSERT INTO bookings (id, vehicle_id, renter_id, owner_id, status, start_date, end_date, total_days, base_price, price_per_day, service_fee, taxes, total, deposit, created_at, updated_at) VALUES ('43051125-819d-4905-bc32-2b82f5968851', 'V1A2B3C4-D5E6-7890-VHCL-111111111111', 'C3D4E5F6-G7H8-9012-CDEF-345678901234', 'E5F6G7H8-I9J0-1234-EFGH-567890123456', 'COMPLETED', '2024-04-22', '2024-05-01', 9, 7200000, 800000, 720000.0, 576000.0, 8496000.0, 3000000, '2024-04-17 00:00:00', '2024-04-17 00:00:00');
INSERT INTO payments (id, booking_id, user_id, amount, currency, status, method, created_at, processed_at) VALUES ('c77c679f-3810-4557-bf22-e964b7e5dd8c', '43051125-819d-4905-bc32-2b82f5968851', 'C3D4E5F6-G7H8-9012-CDEF-345678901234', 8496000.0, 'VND', 'SUCCEEDED', 'VNPAY', '2024-04-17 00:00:00', '2024-04-17 00:00:00');
INSERT INTO reviews (id, vehicle_id, booking_id, reviewer_id, owner_id, rating, cleanliness, accuracy, communication, value_rating, comment, created_at, updated_at) VALUES ('c8bff954-93e5-4261-a785-3898fbba9aad', 'V1A2B3C4-D5E6-7890-VHCL-111111111111', '43051125-819d-4905-bc32-2b82f5968851', 'C3D4E5F6-G7H8-9012-CDEF-345678901234', 'E5F6G7H8-I9J0-1234-EFGH-567890123456', 3, 3, 3, 3, 3, N'Trải nghiệm tuyệt vời!', '2024-05-01 00:00:00', '2024-05-01 00:00:00');
INSERT INTO bookings (id, vehicle_id, renter_id, owner_id, status, start_date, end_date, total_days, base_price, price_per_day, service_fee, taxes, total, deposit, created_at, updated_at) VALUES ('89d16157-19fe-4d33-811b-6d2280d74912', 'V1A2B3C4-D5E6-7890-VHCL-111111111111', 'B2C3D4E5-F6G7-8901-BCDE-234567890123', 'E5F6G7H8-I9J0-1234-EFGH-567890123456', 'COMPLETED', '2023-03-05', '2023-03-10', 5, 4000000, 800000, 400000.0, 320000.0, 4720000.0, 3000000, '2023-03-02 00:00:00', '2023-03-02 00:00:00');
INSERT INTO payments (id, booking_id, user_id, amount, currency, status, method, created_at, processed_at) VALUES ('2b82bd4f-d898-4494-b9c7-d573b1d400eb', '89d16157-19fe-4d33-811b-6d2280d74912', 'B2C3D4E5-F6G7-8901-BCDE-234567890123', 4720000.0, 'VND', 'SUCCEEDED', 'VNPAY', '2023-03-02 00:00:00', '2023-03-02 00:00:00');
INSERT INTO reviews (id, vehicle_id, booking_id, reviewer_id, owner_id, rating, cleanliness, accuracy, communication, value_rating, comment, created_at, updated_at) VALUES ('8c88c476-c402-4e4d-892a-cf97c43f06cf', 'V1A2B3C4-D5E6-7890-VHCL-111111111111', '89d16157-19fe-4d33-811b-6d2280d74912', 'B2C3D4E5-F6G7-8901-BCDE-234567890123', 'E5F6G7H8-I9J0-1234-EFGH-567890123456', 5, 5, 5, 5, 5, N'Trải nghiệm tuyệt vời!', '2023-03-10 00:00:00', '2023-03-10 00:00:00');
INSERT INTO bookings (id, vehicle_id, renter_id, owner_id, status, start_date, end_date, total_days, base_price, price_per_day, service_fee, taxes, total, deposit, created_at, updated_at) VALUES ('22faa180-d77c-4abd-9656-5db1285c021c', 'V1A2B3C4-D5E6-7890-VHCL-111111111111', 'B2C3D4E5-F6G7-8901-BCDE-234567890123', 'E5F6G7H8-I9J0-1234-EFGH-567890123456', 'COMPLETED', '2023-11-14', '2023-11-15', 1, 800000, 800000, 80000.0, 64000.0, 944000.0, 3000000, '2023-11-06 00:00:00', '2023-11-06 00:00:00');
INSERT INTO payments (id, booking_id, user_id, amount, currency, status, method, created_at, processed_at) VALUES ('57acbbde-ebbf-4e61-858a-38e454e08622', '22faa180-d77c-4abd-9656-5db1285c021c', 'B2C3D4E5-F6G7-8901-BCDE-234567890123', 944000.0, 'VND', 'SUCCEEDED', 'VNPAY', '2023-11-06 00:00:00', '2023-11-06 00:00:00');
INSERT INTO reviews (id, vehicle_id, booking_id, reviewer_id, owner_id, rating, cleanliness, accuracy, communication, value_rating, comment, created_at, updated_at) VALUES ('f1fa8c27-21fd-4cf0-91e4-e1c906f1a823', 'V1A2B3C4-D5E6-7890-VHCL-111111111111', '22faa180-d77c-4abd-9656-5db1285c021c', 'B2C3D4E5-F6G7-8901-BCDE-234567890123', 'E5F6G7H8-I9J0-1234-EFGH-567890123456', 5, 5, 5, 5, 5, N'Trải nghiệm tuyệt vời!', '2023-11-15 00:00:00', '2023-11-15 00:00:00');
INSERT INTO bookings (id, vehicle_id, renter_id, owner_id, status, start_date, end_date, total_days, base_price, price_per_day, service_fee, taxes, total, deposit, created_at, updated_at) VALUES ('a74bcf62-136d-4f5f-ac4c-6d4d576434be', 'V1A2B3C4-D5E6-7890-VHCL-111111111111', 'D4E5F6G7-H8I9-0123-DEFG-456789012345', 'E5F6G7H8-I9J0-1234-EFGH-567890123456', 'COMPLETED', '2023-02-03', '2023-02-07', 4, 3200000, 800000, 320000.0, 256000.0, 3776000.0, 3000000, '2023-02-01 00:00:00', '2023-02-01 00:00:00');
INSERT INTO payments (id, booking_id, user_id, amount, currency, status, method, created_at, processed_at) VALUES ('41f83814-8a7d-469e-b15f-541a59655d35', 'a74bcf62-136d-4f5f-ac4c-6d4d576434be', 'D4E5F6G7-H8I9-0123-DEFG-456789012345', 3776000.0, 'VND', 'SUCCEEDED', 'VNPAY', '2023-02-01 00:00:00', '2023-02-01 00:00:00');
INSERT INTO reviews (id, vehicle_id, booking_id, reviewer_id, owner_id, rating, cleanliness, accuracy, communication, value_rating, comment, created_at, updated_at) VALUES ('127aa7c8-1a7f-4d9b-8598-a6dd81e109fe', 'V1A2B3C4-D5E6-7890-VHCL-111111111111', 'a74bcf62-136d-4f5f-ac4c-6d4d576434be', 'D4E5F6G7-H8I9-0123-DEFG-456789012345', 'E5F6G7H8-I9J0-1234-EFGH-567890123456', 5, 5, 5, 5, 5, N'Trải nghiệm tuyệt vời!', '2023-02-07 00:00:00', '2023-02-07 00:00:00');
INSERT INTO bookings (id, vehicle_id, renter_id, owner_id, status, start_date, end_date, total_days, base_price, price_per_day, service_fee, taxes, total, deposit, created_at, updated_at) VALUES ('a05b9f5e-d531-4176-a9aa-e6c220db7162', 'V1A2B3C4-D5E6-7890-VHCL-111111111111', 'C3D4E5F6-G7H8-9012-CDEF-345678901234', 'E5F6G7H8-I9J0-1234-EFGH-567890123456', 'COMPLETED', '2024-05-26', '2024-05-28', 2, 1600000, 800000, 160000.0, 128000.0, 1888000.0, 3000000, '2024-05-17 00:00:00', '2024-05-17 00:00:00');
INSERT INTO payments (id, booking_id, user_id, amount, currency, status, method, created_at, processed_at) VALUES ('fa614534-631f-4e23-9944-b83c4c9d5ec3', 'a05b9f5e-d531-4176-a9aa-e6c220db7162', 'C3D4E5F6-G7H8-9012-CDEF-345678901234', 1888000.0, 'VND', 'SUCCEEDED', 'VNPAY', '2024-05-17 00:00:00', '2024-05-17 00:00:00');
INSERT INTO reviews (id, vehicle_id, booking_id, reviewer_id, owner_id, rating, cleanliness, accuracy, communication, value_rating, comment, created_at, updated_at) VALUES ('ad3606b5-6066-49fc-ba61-e3d874786074', 'V1A2B3C4-D5E6-7890-VHCL-111111111111', 'a05b9f5e-d531-4176-a9aa-e6c220db7162', 'C3D4E5F6-G7H8-9012-CDEF-345678901234', 'E5F6G7H8-I9J0-1234-EFGH-567890123456', 4, 4, 4, 4, 4, N'Trải nghiệm tuyệt vời!', '2024-05-28 00:00:00', '2024-05-28 00:00:00');
INSERT INTO bookings (id, vehicle_id, renter_id, owner_id, status, start_date, end_date, total_days, base_price, price_per_day, service_fee, taxes, total, deposit, created_at, updated_at) VALUES ('2c4237eb-ad02-46ae-b1da-427b54cd2265', 'V1A2B3C4-D5E6-7890-VHCL-111111111111', 'D4E5F6G7-H8I9-0123-DEFG-456789012345', 'E5F6G7H8-I9J0-1234-EFGH-567890123456', 'COMPLETED', '2024-01-28', '2024-02-02', 5, 4000000, 800000, 400000.0, 320000.0, 4720000.0, 3000000, '2024-01-23 00:00:00', '2024-01-23 00:00:00');
INSERT INTO payments (id, booking_id, user_id, amount, currency, status, method, created_at, processed_at) VALUES ('131688ca-436a-46cd-a8f8-0cf3c4d9dc0e', '2c4237eb-ad02-46ae-b1da-427b54cd2265', 'D4E5F6G7-H8I9-0123-DEFG-456789012345', 4720000.0, 'VND', 'SUCCEEDED', 'VNPAY', '2024-01-23 00:00:00', '2024-01-23 00:00:00');
INSERT INTO reviews (id, vehicle_id, booking_id, reviewer_id, owner_id, rating, cleanliness, accuracy, communication, value_rating, comment, created_at, updated_at) VALUES ('7c183e8b-334a-49be-8e8b-f6cfe20c1e88', 'V1A2B3C4-D5E6-7890-VHCL-111111111111', '2c4237eb-ad02-46ae-b1da-427b54cd2265', 'D4E5F6G7-H8I9-0123-DEFG-456789012345', 'E5F6G7H8-I9J0-1234-EFGH-567890123456', 3, 3, 3, 3, 3, N'Trải nghiệm tuyệt vời!', '2024-02-02 00:00:00', '2024-02-02 00:00:00');
INSERT INTO bookings (id, vehicle_id, renter_id, owner_id, status, start_date, end_date, total_days, base_price, price_per_day, service_fee, taxes, total, deposit, created_at, updated_at) VALUES ('158ae1bc-94dd-4811-b945-dae260dbc6c5', 'V1A2B3C4-D5E6-7890-VHCL-111111111111', 'B2C3D4E5-F6G7-8901-BCDE-234567890123', 'E5F6G7H8-I9J0-1234-EFGH-567890123456', 'COMPLETED', '2024-03-21', '2024-03-29', 8, 6400000, 800000, 640000.0, 512000.0, 7552000.0, 3000000, '2024-03-11 00:00:00', '2024-03-11 00:00:00');
INSERT INTO payments (id, booking_id, user_id, amount, currency, status, method, created_at, processed_at) VALUES ('7965baa0-d48a-43c0-847e-88a6f3cd0f1f', '158ae1bc-94dd-4811-b945-dae260dbc6c5', 'B2C3D4E5-F6G7-8901-BCDE-234567890123', 7552000.0, 'VND', 'SUCCEEDED', 'VNPAY', '2024-03-11 00:00:00', '2024-03-11 00:00:00');
INSERT INTO reviews (id, vehicle_id, booking_id, reviewer_id, owner_id, rating, cleanliness, accuracy, communication, value_rating, comment, created_at, updated_at) VALUES ('dffbdd75-0372-4db0-88d0-e0c24550a451', 'V1A2B3C4-D5E6-7890-VHCL-111111111111', '158ae1bc-94dd-4811-b945-dae260dbc6c5', 'B2C3D4E5-F6G7-8901-BCDE-234567890123', 'E5F6G7H8-I9J0-1234-EFGH-567890123456', 5, 5, 5, 5, 5, N'Trải nghiệm tuyệt vời!', '2024-03-29 00:00:00', '2024-03-29 00:00:00');
INSERT INTO bookings (id, vehicle_id, renter_id, owner_id, status, start_date, end_date, total_days, base_price, price_per_day, service_fee, taxes, total, deposit, created_at, updated_at) VALUES ('a2d60e88-2304-47fa-9879-674cf0e86225', 'V1A2B3C4-D5E6-7890-VHCL-111111111111', 'B2C3D4E5-F6G7-8901-BCDE-234567890123', 'E5F6G7H8-I9J0-1234-EFGH-567890123456', 'COMPLETED', '2023-11-02', '2023-11-10', 8, 6400000, 800000, 640000.0, 512000.0, 7552000.0, 3000000, '2023-10-22 00:00:00', '2023-10-22 00:00:00');
INSERT INTO payments (id, booking_id, user_id, amount, currency, status, method, created_at, processed_at) VALUES ('43ccf039-f712-447d-a433-c5a1ccc2d866', 'a2d60e88-2304-47fa-9879-674cf0e86225', 'B2C3D4E5-F6G7-8901-BCDE-234567890123', 7552000.0, 'VND', 'SUCCEEDED', 'VNPAY', '2023-10-22 00:00:00', '2023-10-22 00:00:00');
INSERT INTO reviews (id, vehicle_id, booking_id, reviewer_id, owner_id, rating, cleanliness, accuracy, communication, value_rating, comment, created_at, updated_at) VALUES ('223b1c23-82f4-4e83-bc43-ddc54ca0843c', 'V1A2B3C4-D5E6-7890-VHCL-111111111111', 'a2d60e88-2304-47fa-9879-674cf0e86225', 'B2C3D4E5-F6G7-8901-BCDE-234567890123', 'E5F6G7H8-I9J0-1234-EFGH-567890123456', 4, 4, 4, 4, 4, N'Trải nghiệm tuyệt vời!', '2023-11-10 00:00:00', '2023-11-10 00:00:00');
INSERT INTO bookings (id, vehicle_id, renter_id, owner_id, status, start_date, end_date, total_days, base_price, price_per_day, service_fee, taxes, total, deposit, created_at, updated_at) VALUES ('a4aa39b3-d001-4d1f-abf3-b35f8d03a618', 'V1A2B3C4-D5E6-7890-VHCL-111111111111', 'C3D4E5F6-G7H8-9012-CDEF-345678901234', 'E5F6G7H8-I9J0-1234-EFGH-567890123456', 'COMPLETED', '2023-05-13', '2023-05-21', 8, 6400000, 800000, 640000.0, 512000.0, 7552000.0, 3000000, '2023-05-01 00:00:00', '2023-05-01 00:00:00');
INSERT INTO payments (id, booking_id, user_id, amount, currency, status, method, created_at, processed_at) VALUES ('3484db93-71c8-4aea-bb95-944b3fe23c4e', 'a4aa39b3-d001-4d1f-abf3-b35f8d03a618', 'C3D4E5F6-G7H8-9012-CDEF-345678901234', 7552000.0, 'VND', 'SUCCEEDED', 'VNPAY', '2023-05-01 00:00:00', '2023-05-01 00:00:00');
INSERT INTO reviews (id, vehicle_id, booking_id, reviewer_id, owner_id, rating, cleanliness, accuracy, communication, value_rating, comment, created_at, updated_at) VALUES ('3a99b418-0315-480b-ab37-43bc8706558b', 'V1A2B3C4-D5E6-7890-VHCL-111111111111', 'a4aa39b3-d001-4d1f-abf3-b35f8d03a618', 'C3D4E5F6-G7H8-9012-CDEF-345678901234', 'E5F6G7H8-I9J0-1234-EFGH-567890123456', 3, 3, 3, 3, 3, N'Trải nghiệm tuyệt vời!', '2023-05-21 00:00:00', '2023-05-21 00:00:00');
INSERT INTO bookings (id, vehicle_id, renter_id, owner_id, status, start_date, end_date, total_days, base_price, price_per_day, service_fee, taxes, total, deposit, created_at, updated_at) VALUES ('4da73d2c-a009-4266-8386-d6d4a10b1fbf', 'V1A2B3C4-D5E6-7890-VHCL-111111111111', 'D4E5F6G7-H8I9-0123-DEFG-456789012345', 'E5F6G7H8-I9J0-1234-EFGH-567890123456', 'COMPLETED', '2023-10-06', '2023-10-07', 1, 800000, 800000, 80000.0, 64000.0, 944000.0, 3000000, '2023-09-24 00:00:00', '2023-09-24 00:00:00');
INSERT INTO payments (id, booking_id, user_id, amount, currency, status, method, created_at, processed_at) VALUES ('688bcf27-8969-4756-8ba8-320e5be0c797', '4da73d2c-a009-4266-8386-d6d4a10b1fbf', 'D4E5F6G7-H8I9-0123-DEFG-456789012345', 944000.0, 'VND', 'SUCCEEDED', 'VNPAY', '2023-09-24 00:00:00', '2023-09-24 00:00:00');
INSERT INTO reviews (id, vehicle_id, booking_id, reviewer_id, owner_id, rating, cleanliness, accuracy, communication, value_rating, comment, created_at, updated_at) VALUES ('2c44ba34-c2ba-4b15-843c-c625a9e8dad3', 'V1A2B3C4-D5E6-7890-VHCL-111111111111', '4da73d2c-a009-4266-8386-d6d4a10b1fbf', 'D4E5F6G7-H8I9-0123-DEFG-456789012345', 'E5F6G7H8-I9J0-1234-EFGH-567890123456', 5, 5, 5, 5, 5, N'Trải nghiệm tuyệt vời!', '2023-10-07 00:00:00', '2023-10-07 00:00:00');
INSERT INTO bookings (id, vehicle_id, renter_id, owner_id, status, start_date, end_date, total_days, base_price, price_per_day, service_fee, taxes, total, deposit, created_at, updated_at) VALUES ('3d4f6f2e-851a-4d5c-91ce-695e6cf53e0d', 'V1A2B3C4-D5E6-7890-VHCL-111111111111', 'D4E5F6G7-H8I9-0123-DEFG-456789012345', 'E5F6G7H8-I9J0-1234-EFGH-567890123456', 'COMPLETED', '2023-12-20', '2023-12-21', 1, 800000, 800000, 80000.0, 64000.0, 944000.0, 3000000, '2023-12-06 00:00:00', '2023-12-06 00:00:00');
INSERT INTO payments (id, booking_id, user_id, amount, currency, status, method, created_at, processed_at) VALUES ('509fd025-4f9c-4f55-bc40-12cd1fbdabda', '3d4f6f2e-851a-4d5c-91ce-695e6cf53e0d', 'D4E5F6G7-H8I9-0123-DEFG-456789012345', 944000.0, 'VND', 'SUCCEEDED', 'VNPAY', '2023-12-06 00:00:00', '2023-12-06 00:00:00');
INSERT INTO reviews (id, vehicle_id, booking_id, reviewer_id, owner_id, rating, cleanliness, accuracy, communication, value_rating, comment, created_at, updated_at) VALUES ('7b7c27c7-d0dc-478c-b78e-c45657575add', 'V1A2B3C4-D5E6-7890-VHCL-111111111111', '3d4f6f2e-851a-4d5c-91ce-695e6cf53e0d', 'D4E5F6G7-H8I9-0123-DEFG-456789012345', 'E5F6G7H8-I9J0-1234-EFGH-567890123456', 4, 4, 4, 4, 4, N'Trải nghiệm tuyệt vời!', '2023-12-21 00:00:00', '2023-12-21 00:00:00');
INSERT INTO bookings (id, vehicle_id, renter_id, owner_id, status, start_date, end_date, total_days, base_price, price_per_day, service_fee, taxes, total, deposit, created_at, updated_at) VALUES ('ad5adb70-5801-4943-bc82-8a18f5614321', 'V1A2B3C4-D5E6-7890-VHCL-111111111111', 'B2C3D4E5-F6G7-8901-BCDE-234567890123', 'E5F6G7H8-I9J0-1234-EFGH-567890123456', 'COMPLETED', '2023-11-08', '2023-11-12', 4, 3200000, 800000, 320000.0, 256000.0, 3776000.0, 3000000, '2023-11-03 00:00:00', '2023-11-03 00:00:00');
INSERT INTO payments (id, booking_id, user_id, amount, currency, status, method, created_at, processed_at) VALUES ('979b2be7-646b-4c8d-892f-7fe8dea28dce', 'ad5adb70-5801-4943-bc82-8a18f5614321', 'B2C3D4E5-F6G7-8901-BCDE-234567890123', 3776000.0, 'VND', 'SUCCEEDED', 'VNPAY', '2023-11-03 00:00:00', '2023-11-03 00:00:00');
INSERT INTO reviews (id, vehicle_id, booking_id, reviewer_id, owner_id, rating, cleanliness, accuracy, communication, value_rating, comment, created_at, updated_at) VALUES ('e075840e-ed1b-4bf4-908b-bad2ca1d07be', 'V1A2B3C4-D5E6-7890-VHCL-111111111111', 'ad5adb70-5801-4943-bc82-8a18f5614321', 'B2C3D4E5-F6G7-8901-BCDE-234567890123', 'E5F6G7H8-I9J0-1234-EFGH-567890123456', 5, 5, 5, 5, 5, N'Trải nghiệm tuyệt vời!', '2023-11-12 00:00:00', '2023-11-12 00:00:00');
INSERT INTO bookings (id, vehicle_id, renter_id, owner_id, status, start_date, end_date, total_days, base_price, price_per_day, service_fee, taxes, total, deposit, created_at, updated_at) VALUES ('57ef9ef2-2749-4aca-85e6-0b39809e37a0', 'V1A2B3C4-D5E6-7890-VHCL-111111111111', 'C3D4E5F6-G7H8-9012-CDEF-345678901234', 'E5F6G7H8-I9J0-1234-EFGH-567890123456', 'COMPLETED', '2023-11-24', '2023-12-04', 10, 8000000, 800000, 800000.0, 640000.0, 9440000.0, 3000000, '2023-11-19 00:00:00', '2023-11-19 00:00:00');
INSERT INTO payments (id, booking_id, user_id, amount, currency, status, method, created_at, processed_at) VALUES ('8c4340ac-4ff0-47d7-a155-62231d7b451b', '57ef9ef2-2749-4aca-85e6-0b39809e37a0', 'C3D4E5F6-G7H8-9012-CDEF-345678901234', 9440000.0, 'VND', 'SUCCEEDED', 'VNPAY', '2023-11-19 00:00:00', '2023-11-19 00:00:00');
INSERT INTO reviews (id, vehicle_id, booking_id, reviewer_id, owner_id, rating, cleanliness, accuracy, communication, value_rating, comment, created_at, updated_at) VALUES ('63f48fa9-23aa-461b-8eed-e74256ec2b5c', 'V1A2B3C4-D5E6-7890-VHCL-111111111111', '57ef9ef2-2749-4aca-85e6-0b39809e37a0', 'C3D4E5F6-G7H8-9012-CDEF-345678901234', 'E5F6G7H8-I9J0-1234-EFGH-567890123456', 4, 4, 4, 4, 4, N'Trải nghiệm tuyệt vời!', '2023-12-04 00:00:00', '2023-12-04 00:00:00');
INSERT INTO bookings (id, vehicle_id, renter_id, owner_id, status, start_date, end_date, total_days, base_price, price_per_day, service_fee, taxes, total, deposit, created_at, updated_at) VALUES ('056edac7-b841-4eb0-a682-3d2d9e1f4a3d', 'V1A2B3C4-D5E6-7890-VHCL-111111111111', 'C3D4E5F6-G7H8-9012-CDEF-345678901234', 'E5F6G7H8-I9J0-1234-EFGH-567890123456', 'COMPLETED', '2023-05-16', '2023-05-20', 4, 3200000, 800000, 320000.0, 256000.0, 3776000.0, 3000000, '2023-05-11 00:00:00', '2023-05-11 00:00:00');
INSERT INTO payments (id, booking_id, user_id, amount, currency, status, method, created_at, processed_at) VALUES ('4c5fd619-05a6-4d95-859a-672248445ad1', '056edac7-b841-4eb0-a682-3d2d9e1f4a3d', 'C3D4E5F6-G7H8-9012-CDEF-345678901234', 3776000.0, 'VND', 'SUCCEEDED', 'VNPAY', '2023-05-11 00:00:00', '2023-05-11 00:00:00');
INSERT INTO reviews (id, vehicle_id, booking_id, reviewer_id, owner_id, rating, cleanliness, accuracy, communication, value_rating, comment, created_at, updated_at) VALUES ('174041f2-e81c-4f56-9b23-37e19f87ed48', 'V1A2B3C4-D5E6-7890-VHCL-111111111111', '056edac7-b841-4eb0-a682-3d2d9e1f4a3d', 'C3D4E5F6-G7H8-9012-CDEF-345678901234', 'E5F6G7H8-I9J0-1234-EFGH-567890123456', 4, 4, 4, 4, 4, N'Trải nghiệm tuyệt vời!', '2023-05-20 00:00:00', '2023-05-20 00:00:00');
INSERT INTO bookings (id, vehicle_id, renter_id, owner_id, status, start_date, end_date, total_days, base_price, price_per_day, service_fee, taxes, total, deposit, created_at, updated_at) VALUES ('42462e74-fe3e-4aa3-aa1e-1ba55e830c3e', 'V1A2B3C4-D5E6-7890-VHCL-111111111111', 'D4E5F6G7-H8I9-0123-DEFG-456789012345', 'E5F6G7H8-I9J0-1234-EFGH-567890123456', 'COMPLETED', '2023-12-26', '2023-12-29', 3, 2400000, 800000, 240000.0, 192000.0, 2832000.0, 3000000, '2023-12-22 00:00:00', '2023-12-22 00:00:00');
INSERT INTO payments (id, booking_id, user_id, amount, currency, status, method, created_at, processed_at) VALUES ('dab22748-7323-4773-a21f-a085ddefe12e', '42462e74-fe3e-4aa3-aa1e-1ba55e830c3e', 'D4E5F6G7-H8I9-0123-DEFG-456789012345', 2832000.0, 'VND', 'SUCCEEDED', 'VNPAY', '2023-12-22 00:00:00', '2023-12-22 00:00:00');
INSERT INTO reviews (id, vehicle_id, booking_id, reviewer_id, owner_id, rating, cleanliness, accuracy, communication, value_rating, comment, created_at, updated_at) VALUES ('7ba2ae59-d2b3-420c-87a7-71df2e569d2d', 'V1A2B3C4-D5E6-7890-VHCL-111111111111', '42462e74-fe3e-4aa3-aa1e-1ba55e830c3e', 'D4E5F6G7-H8I9-0123-DEFG-456789012345', 'E5F6G7H8-I9J0-1234-EFGH-567890123456', 3, 3, 3, 3, 3, N'Trải nghiệm tuyệt vời!', '2023-12-29 00:00:00', '2023-12-29 00:00:00');
INSERT INTO bookings (id, vehicle_id, renter_id, owner_id, status, start_date, end_date, total_days, base_price, price_per_day, service_fee, taxes, total, deposit, created_at, updated_at) VALUES ('d3e076b1-64aa-4aec-99db-1c536b80bbc4', 'V1A2B3C4-D5E6-7890-VHCL-111111111111', 'D4E5F6G7-H8I9-0123-DEFG-456789012345', 'E5F6G7H8-I9J0-1234-EFGH-567890123456', 'COMPLETED', '2023-01-18', '2023-01-20', 2, 1600000, 800000, 160000.0, 128000.0, 1888000.0, 3000000, '2023-01-11 00:00:00', '2023-01-11 00:00:00');
INSERT INTO payments (id, booking_id, user_id, amount, currency, status, method, created_at, processed_at) VALUES ('8ce5310b-66f3-4def-ae39-946eb02d1a77', 'd3e076b1-64aa-4aec-99db-1c536b80bbc4', 'D4E5F6G7-H8I9-0123-DEFG-456789012345', 1888000.0, 'VND', 'SUCCEEDED', 'VNPAY', '2023-01-11 00:00:00', '2023-01-11 00:00:00');
INSERT INTO reviews (id, vehicle_id, booking_id, reviewer_id, owner_id, rating, cleanliness, accuracy, communication, value_rating, comment, created_at, updated_at) VALUES ('054dac67-6b28-4995-8f32-514f363bc2ad', 'V1A2B3C4-D5E6-7890-VHCL-111111111111', 'd3e076b1-64aa-4aec-99db-1c536b80bbc4', 'D4E5F6G7-H8I9-0123-DEFG-456789012345', 'E5F6G7H8-I9J0-1234-EFGH-567890123456', 4, 4, 4, 4, 4, N'Trải nghiệm tuyệt vời!', '2023-01-20 00:00:00', '2023-01-20 00:00:00');
INSERT INTO bookings (id, vehicle_id, renter_id, owner_id, status, start_date, end_date, total_days, base_price, price_per_day, service_fee, taxes, total, deposit, created_at, updated_at) VALUES ('137b37ce-9667-4edb-bea5-918c8537f7ad', 'V1A2B3C4-D5E6-7890-VHCL-111111111111', 'D4E5F6G7-H8I9-0123-DEFG-456789012345', 'E5F6G7H8-I9J0-1234-EFGH-567890123456', 'COMPLETED', '2023-08-26', '2023-08-31', 5, 4000000, 800000, 400000.0, 320000.0, 4720000.0, 3000000, '2023-08-19 00:00:00', '2023-08-19 00:00:00');
INSERT INTO payments (id, booking_id, user_id, amount, currency, status, method, created_at, processed_at) VALUES ('cb3f7d81-b235-454b-99e1-31c04fdc4c0c', '137b37ce-9667-4edb-bea5-918c8537f7ad', 'D4E5F6G7-H8I9-0123-DEFG-456789012345', 4720000.0, 'VND', 'SUCCEEDED', 'VNPAY', '2023-08-19 00:00:00', '2023-08-19 00:00:00');
INSERT INTO reviews (id, vehicle_id, booking_id, reviewer_id, owner_id, rating, cleanliness, accuracy, communication, value_rating, comment, created_at, updated_at) VALUES ('a0666883-7868-4e23-8b41-51b059abf6f5', 'V1A2B3C4-D5E6-7890-VHCL-111111111111', '137b37ce-9667-4edb-bea5-918c8537f7ad', 'D4E5F6G7-H8I9-0123-DEFG-456789012345', 'E5F6G7H8-I9J0-1234-EFGH-567890123456', 5, 5, 5, 5, 5, N'Trải nghiệm tuyệt vời!', '2023-08-31 00:00:00', '2023-08-31 00:00:00');
INSERT INTO bookings (id, vehicle_id, renter_id, owner_id, status, start_date, end_date, total_days, base_price, price_per_day, service_fee, taxes, total, deposit, created_at, updated_at) VALUES ('8672f8d8-d354-4e7e-a758-4a83df1e9277', 'V1A2B3C4-D5E6-7890-VHCL-111111111111', 'C3D4E5F6-G7H8-9012-CDEF-345678901234', 'E5F6G7H8-I9J0-1234-EFGH-567890123456', 'COMPLETED', '2023-11-16', '2023-11-21', 5, 4000000, 800000, 400000.0, 320000.0, 4720000.0, 3000000, '2023-11-05 00:00:00', '2023-11-05 00:00:00');
INSERT INTO payments (id, booking_id, user_id, amount, currency, status, method, created_at, processed_at) VALUES ('6c14785a-7833-47e5-94de-72eefe84c59b', '8672f8d8-d354-4e7e-a758-4a83df1e9277', 'C3D4E5F6-G7H8-9012-CDEF-345678901234', 4720000.0, 'VND', 'SUCCEEDED', 'VNPAY', '2023-11-05 00:00:00', '2023-11-05 00:00:00');
INSERT INTO reviews (id, vehicle_id, booking_id, reviewer_id, owner_id, rating, cleanliness, accuracy, communication, value_rating, comment, created_at, updated_at) VALUES ('765dd6a6-1688-404e-8b06-1a584426ef3f', 'V1A2B3C4-D5E6-7890-VHCL-111111111111', '8672f8d8-d354-4e7e-a758-4a83df1e9277', 'C3D4E5F6-G7H8-9012-CDEF-345678901234', 'E5F6G7H8-I9J0-1234-EFGH-567890123456', 4, 4, 4, 4, 4, N'Trải nghiệm tuyệt vời!', '2023-11-21 00:00:00', '2023-11-21 00:00:00');
INSERT INTO bookings (id, vehicle_id, renter_id, owner_id, status, start_date, end_date, total_days, base_price, price_per_day, service_fee, taxes, total, deposit, created_at, updated_at) VALUES ('76c7be23-3168-483a-ae92-45383596857c', 'V1A2B3C4-D5E6-7890-VHCL-111111111111', 'C3D4E5F6-G7H8-9012-CDEF-345678901234', 'E5F6G7H8-I9J0-1234-EFGH-567890123456', 'CANCELLED', '2023-08-16', '2023-08-18', 2, 1600000, 800000, 160000.0, 128000.0, 1888000.0, 3000000, '2023-08-15 00:00:00', '2023-08-15 00:00:00');
INSERT INTO payments (id, booking_id, user_id, amount, currency, status, method, created_at, processed_at) VALUES ('e8a90a66-88cb-4f9d-970c-3dea57fb2ce1', '76c7be23-3168-483a-ae92-45383596857c', 'C3D4E5F6-G7H8-9012-CDEF-345678901234', 1888000.0, 'VND', 'REFUNDED', 'VNPAY', '2023-08-15 00:00:00', '2023-08-15 00:00:00');
INSERT INTO bookings (id, vehicle_id, renter_id, owner_id, status, start_date, end_date, total_days, base_price, price_per_day, service_fee, taxes, total, deposit, created_at, updated_at) VALUES ('8e3822a0-f469-4f23-a338-983cfca8b4b8', 'V1A2B3C4-D5E6-7890-VHCL-111111111111', 'D4E5F6G7-H8I9-0123-DEFG-456789012345', 'E5F6G7H8-I9J0-1234-EFGH-567890123456', 'COMPLETED', '2024-01-18', '2024-01-22', 4, 3200000, 800000, 320000.0, 256000.0, 3776000.0, 3000000, '2024-01-13 00:00:00', '2024-01-13 00:00:00');
INSERT INTO payments (id, booking_id, user_id, amount, currency, status, method, created_at, processed_at) VALUES ('a5810929-e5f9-4688-a412-3d3d4d5ba97a', '8e3822a0-f469-4f23-a338-983cfca8b4b8', 'D4E5F6G7-H8I9-0123-DEFG-456789012345', 3776000.0, 'VND', 'SUCCEEDED', 'VNPAY', '2024-01-13 00:00:00', '2024-01-13 00:00:00');
INSERT INTO reviews (id, vehicle_id, booking_id, reviewer_id, owner_id, rating, cleanliness, accuracy, communication, value_rating, comment, created_at, updated_at) VALUES ('ced0f2b2-f683-4236-9c09-ec5e21d0a7f5', 'V1A2B3C4-D5E6-7890-VHCL-111111111111', '8e3822a0-f469-4f23-a338-983cfca8b4b8', 'D4E5F6G7-H8I9-0123-DEFG-456789012345', 'E5F6G7H8-I9J0-1234-EFGH-567890123456', 4, 4, 4, 4, 4, N'Trải nghiệm tuyệt vời!', '2024-01-22 00:00:00', '2024-01-22 00:00:00');
INSERT INTO bookings (id, vehicle_id, renter_id, owner_id, status, start_date, end_date, total_days, base_price, price_per_day, service_fee, taxes, total, deposit, created_at, updated_at) VALUES ('f335d934-6ef5-4809-b5ac-9879d8419579', 'V1A2B3C4-D5E6-7890-VHCL-111111111111', 'D4E5F6G7-H8I9-0123-DEFG-456789012345', 'E5F6G7H8-I9J0-1234-EFGH-567890123456', 'COMPLETED', '2023-01-27', '2023-02-03', 7, 5600000, 800000, 560000.0, 448000.0, 6608000.0, 3000000, '2023-01-19 00:00:00', '2023-01-19 00:00:00');
INSERT INTO payments (id, booking_id, user_id, amount, currency, status, method, created_at, processed_at) VALUES ('abf5c2eb-2d6c-4177-8d09-0721a18623e7', 'f335d934-6ef5-4809-b5ac-9879d8419579', 'D4E5F6G7-H8I9-0123-DEFG-456789012345', 6608000.0, 'VND', 'SUCCEEDED', 'VNPAY', '2023-01-19 00:00:00', '2023-01-19 00:00:00');
INSERT INTO reviews (id, vehicle_id, booking_id, reviewer_id, owner_id, rating, cleanliness, accuracy, communication, value_rating, comment, created_at, updated_at) VALUES ('b4cf04b4-41c0-4a3f-9940-cd4ebc87e644', 'V1A2B3C4-D5E6-7890-VHCL-111111111111', 'f335d934-6ef5-4809-b5ac-9879d8419579', 'D4E5F6G7-H8I9-0123-DEFG-456789012345', 'E5F6G7H8-I9J0-1234-EFGH-567890123456', 4, 4, 4, 4, 4, N'Trải nghiệm tuyệt vời!', '2023-02-03 00:00:00', '2023-02-03 00:00:00');
INSERT INTO bookings (id, vehicle_id, renter_id, owner_id, status, start_date, end_date, total_days, base_price, price_per_day, service_fee, taxes, total, deposit, created_at, updated_at) VALUES ('09db1869-3655-4f56-b8fb-371c16e0e0d8', 'V1A2B3C4-D5E6-7890-VHCL-111111111111', 'D4E5F6G7-H8I9-0123-DEFG-456789012345', 'E5F6G7H8-I9J0-1234-EFGH-567890123456', 'COMPLETED', '2024-05-24', '2024-05-28', 4, 3200000, 800000, 320000.0, 256000.0, 3776000.0, 3000000, '2024-05-13 00:00:00', '2024-05-13 00:00:00');
INSERT INTO payments (id, booking_id, user_id, amount, currency, status, method, created_at, processed_at) VALUES ('b5949d02-205b-4148-b9c7-7017b9a471e9', '09db1869-3655-4f56-b8fb-371c16e0e0d8', 'D4E5F6G7-H8I9-0123-DEFG-456789012345', 3776000.0, 'VND', 'SUCCEEDED', 'VNPAY', '2024-05-13 00:00:00', '2024-05-13 00:00:00');
INSERT INTO reviews (id, vehicle_id, booking_id, reviewer_id, owner_id, rating, cleanliness, accuracy, communication, value_rating, comment, created_at, updated_at) VALUES ('ef342b0d-960c-4359-8194-033893c639a9', 'V1A2B3C4-D5E6-7890-VHCL-111111111111', '09db1869-3655-4f56-b8fb-371c16e0e0d8', 'D4E5F6G7-H8I9-0123-DEFG-456789012345', 'E5F6G7H8-I9J0-1234-EFGH-567890123456', 5, 5, 5, 5, 5, N'Trải nghiệm tuyệt vời!', '2024-05-28 00:00:00', '2024-05-28 00:00:00');
INSERT INTO bookings (id, vehicle_id, renter_id, owner_id, status, start_date, end_date, total_days, base_price, price_per_day, service_fee, taxes, total, deposit, created_at, updated_at) VALUES ('be92e1f8-3b6b-48dd-b3db-4cfc52d05563', 'V1A2B3C4-D5E6-7890-VHCL-111111111111', 'B2C3D4E5-F6G7-8901-BCDE-234567890123', 'E5F6G7H8-I9J0-1234-EFGH-567890123456', 'COMPLETED', '2023-11-02', '2023-11-04', 2, 1600000, 800000, 160000.0, 128000.0, 1888000.0, 3000000, '2023-10-20 00:00:00', '2023-10-20 00:00:00');
INSERT INTO payments (id, booking_id, user_id, amount, currency, status, method, created_at, processed_at) VALUES ('5a224fc4-b288-4260-8901-6c2aa206ca9a', 'be92e1f8-3b6b-48dd-b3db-4cfc52d05563', 'B2C3D4E5-F6G7-8901-BCDE-234567890123', 1888000.0, 'VND', 'SUCCEEDED', 'VNPAY', '2023-10-20 00:00:00', '2023-10-20 00:00:00');
INSERT INTO reviews (id, vehicle_id, booking_id, reviewer_id, owner_id, rating, cleanliness, accuracy, communication, value_rating, comment, created_at, updated_at) VALUES ('93af8c11-7708-4e31-8d1a-4137c6638a6e', 'V1A2B3C4-D5E6-7890-VHCL-111111111111', 'be92e1f8-3b6b-48dd-b3db-4cfc52d05563', 'B2C3D4E5-F6G7-8901-BCDE-234567890123', 'E5F6G7H8-I9J0-1234-EFGH-567890123456', 4, 4, 4, 4, 4, N'Trải nghiệm tuyệt vời!', '2023-11-04 00:00:00', '2023-11-04 00:00:00');
INSERT INTO bookings (id, vehicle_id, renter_id, owner_id, status, start_date, end_date, total_days, base_price, price_per_day, service_fee, taxes, total, deposit, created_at, updated_at) VALUES ('0a3e4f25-c346-4bcd-8108-87f6aa99bbed', 'V1A2B3C4-D5E6-7890-VHCL-111111111111', 'B2C3D4E5-F6G7-8901-BCDE-234567890123', 'E5F6G7H8-I9J0-1234-EFGH-567890123456', 'CANCELLED', '2023-07-24', '2023-07-27', 3, 2400000, 800000, 240000.0, 192000.0, 2832000.0, 3000000, '2023-07-15 00:00:00', '2023-07-15 00:00:00');
INSERT INTO payments (id, booking_id, user_id, amount, currency, status, method, created_at, processed_at) VALUES ('75203292-86bd-4564-8011-6ea91f11f358', '0a3e4f25-c346-4bcd-8108-87f6aa99bbed', 'B2C3D4E5-F6G7-8901-BCDE-234567890123', 2832000.0, 'VND', 'REFUNDED', 'VNPAY', '2023-07-15 00:00:00', '2023-07-15 00:00:00');
INSERT INTO bookings (id, vehicle_id, renter_id, owner_id, status, start_date, end_date, total_days, base_price, price_per_day, service_fee, taxes, total, deposit, created_at, updated_at) VALUES ('ab7c247a-c24e-4ac1-9fd4-309d533f85e4', 'V1A2B3C4-D5E6-7890-VHCL-111111111111', 'D4E5F6G7-H8I9-0123-DEFG-456789012345', 'E5F6G7H8-I9J0-1234-EFGH-567890123456', 'COMPLETED', '2023-04-30', '2023-05-05', 5, 4000000, 800000, 400000.0, 320000.0, 4720000.0, 3000000, '2023-04-19 00:00:00', '2023-04-19 00:00:00');
INSERT INTO payments (id, booking_id, user_id, amount, currency, status, method, created_at, processed_at) VALUES ('0881a6e2-d45d-45cc-af7e-ad7aee47b12b', 'ab7c247a-c24e-4ac1-9fd4-309d533f85e4', 'D4E5F6G7-H8I9-0123-DEFG-456789012345', 4720000.0, 'VND', 'SUCCEEDED', 'VNPAY', '2023-04-19 00:00:00', '2023-04-19 00:00:00');
INSERT INTO reviews (id, vehicle_id, booking_id, reviewer_id, owner_id, rating, cleanliness, accuracy, communication, value_rating, comment, created_at, updated_at) VALUES ('e09323c1-f29c-4abf-96e0-bdf1ff9aced7', 'V1A2B3C4-D5E6-7890-VHCL-111111111111', 'ab7c247a-c24e-4ac1-9fd4-309d533f85e4', 'D4E5F6G7-H8I9-0123-DEFG-456789012345', 'E5F6G7H8-I9J0-1234-EFGH-567890123456', 3, 3, 3, 3, 3, N'Trải nghiệm tuyệt vời!', '2023-05-05 00:00:00', '2023-05-05 00:00:00');
INSERT INTO bookings (id, vehicle_id, renter_id, owner_id, status, start_date, end_date, total_days, base_price, price_per_day, service_fee, taxes, total, deposit, created_at, updated_at) VALUES ('a4ec3310-8732-4cb2-931e-c73df3cdfebf', 'V1A2B3C4-D5E6-7890-VHCL-111111111111', 'D4E5F6G7-H8I9-0123-DEFG-456789012345', 'E5F6G7H8-I9J0-1234-EFGH-567890123456', 'CANCELLED', '2024-02-17', '2024-02-22', 5, 4000000, 800000, 400000.0, 320000.0, 4720000.0, 3000000, '2024-02-05 00:00:00', '2024-02-05 00:00:00');
INSERT INTO payments (id, booking_id, user_id, amount, currency, status, method, created_at, processed_at) VALUES ('25297fd5-a0f9-49ee-b392-5caf48e04577', 'a4ec3310-8732-4cb2-931e-c73df3cdfebf', 'D4E5F6G7-H8I9-0123-DEFG-456789012345', 4720000.0, 'VND', 'REFUNDED', 'VNPAY', '2024-02-05 00:00:00', '2024-02-05 00:00:00');
INSERT INTO bookings (id, vehicle_id, renter_id, owner_id, status, start_date, end_date, total_days, base_price, price_per_day, service_fee, taxes, total, deposit, created_at, updated_at) VALUES ('583713aa-00b6-4b10-8105-ed7958c78c33', 'V1A2B3C4-D5E6-7890-VHCL-111111111111', 'D4E5F6G7-H8I9-0123-DEFG-456789012345', 'E5F6G7H8-I9J0-1234-EFGH-567890123456', 'COMPLETED', '2023-11-04', '2023-11-05', 1, 800000, 800000, 80000.0, 64000.0, 944000.0, 3000000, '2023-10-25 00:00:00', '2023-10-25 00:00:00');
INSERT INTO payments (id, booking_id, user_id, amount, currency, status, method, created_at, processed_at) VALUES ('fd9b8a50-d9ab-4bc7-a763-149c5f88f453', '583713aa-00b6-4b10-8105-ed7958c78c33', 'D4E5F6G7-H8I9-0123-DEFG-456789012345', 944000.0, 'VND', 'SUCCEEDED', 'VNPAY', '2023-10-25 00:00:00', '2023-10-25 00:00:00');
INSERT INTO reviews (id, vehicle_id, booking_id, reviewer_id, owner_id, rating, cleanliness, accuracy, communication, value_rating, comment, created_at, updated_at) VALUES ('fb20e3b9-43cf-4a99-b913-72fcb011eadf', 'V1A2B3C4-D5E6-7890-VHCL-111111111111', '583713aa-00b6-4b10-8105-ed7958c78c33', 'D4E5F6G7-H8I9-0123-DEFG-456789012345', 'E5F6G7H8-I9J0-1234-EFGH-567890123456', 4, 4, 4, 4, 4, N'Trải nghiệm tuyệt vời!', '2023-11-05 00:00:00', '2023-11-05 00:00:00');
INSERT INTO bookings (id, vehicle_id, renter_id, owner_id, status, start_date, end_date, total_days, base_price, price_per_day, service_fee, taxes, total, deposit, created_at, updated_at) VALUES ('d0994365-6cf1-4c97-bda7-411a46bed302', 'V1A2B3C4-D5E6-7890-VHCL-111111111111', 'B2C3D4E5-F6G7-8901-BCDE-234567890123', 'E5F6G7H8-I9J0-1234-EFGH-567890123456', 'COMPLETED', '2023-11-22', '2023-11-25', 3, 2400000, 800000, 240000.0, 192000.0, 2832000.0, 3000000, '2023-11-09 00:00:00', '2023-11-09 00:00:00');
INSERT INTO payments (id, booking_id, user_id, amount, currency, status, method, created_at, processed_at) VALUES ('77039b39-769e-4cac-a6ed-5fa1a1274dc2', 'd0994365-6cf1-4c97-bda7-411a46bed302', 'B2C3D4E5-F6G7-8901-BCDE-234567890123', 2832000.0, 'VND', 'SUCCEEDED', 'VNPAY', '2023-11-09 00:00:00', '2023-11-09 00:00:00');
INSERT INTO reviews (id, vehicle_id, booking_id, reviewer_id, owner_id, rating, cleanliness, accuracy, communication, value_rating, comment, created_at, updated_at) VALUES ('4b77f182-1601-4caa-b661-a20924081e20', 'V1A2B3C4-D5E6-7890-VHCL-111111111111', 'd0994365-6cf1-4c97-bda7-411a46bed302', 'B2C3D4E5-F6G7-8901-BCDE-234567890123', 'E5F6G7H8-I9J0-1234-EFGH-567890123456', 5, 5, 5, 5, 5, N'Trải nghiệm tuyệt vời!', '2023-11-25 00:00:00', '2023-11-25 00:00:00');
INSERT INTO bookings (id, vehicle_id, renter_id, owner_id, status, start_date, end_date, total_days, base_price, price_per_day, service_fee, taxes, total, deposit, created_at, updated_at) VALUES ('72621f2e-6dc4-46cf-a763-b0daec56040b', 'V1A2B3C4-D5E6-7890-VHCL-111111111111', 'C3D4E5F6-G7H8-9012-CDEF-345678901234', 'E5F6G7H8-I9J0-1234-EFGH-567890123456', 'COMPLETED', '2023-04-17', '2023-04-24', 7, 5600000, 800000, 560000.0, 448000.0, 6608000.0, 3000000, '2023-04-15 00:00:00', '2023-04-15 00:00:00');
INSERT INTO payments (id, booking_id, user_id, amount, currency, status, method, created_at, processed_at) VALUES ('83b3c2f3-81eb-4aec-9750-8ba76d516e09', '72621f2e-6dc4-46cf-a763-b0daec56040b', 'C3D4E5F6-G7H8-9012-CDEF-345678901234', 6608000.0, 'VND', 'SUCCEEDED', 'VNPAY', '2023-04-15 00:00:00', '2023-04-15 00:00:00');
INSERT INTO reviews (id, vehicle_id, booking_id, reviewer_id, owner_id, rating, cleanliness, accuracy, communication, value_rating, comment, created_at, updated_at) VALUES ('de82b1c5-77fe-4306-b1c2-359f9086ce9d', 'V1A2B3C4-D5E6-7890-VHCL-111111111111', '72621f2e-6dc4-46cf-a763-b0daec56040b', 'C3D4E5F6-G7H8-9012-CDEF-345678901234', 'E5F6G7H8-I9J0-1234-EFGH-567890123456', 4, 4, 4, 4, 4, N'Trải nghiệm tuyệt vời!', '2023-04-24 00:00:00', '2023-04-24 00:00:00');
INSERT INTO bookings (id, vehicle_id, renter_id, owner_id, status, start_date, end_date, total_days, base_price, price_per_day, service_fee, taxes, total, deposit, created_at, updated_at) VALUES ('5151739a-4468-4a6f-9e8e-d198267d6269', 'V1A2B3C4-D5E6-7890-VHCL-111111111111', 'D4E5F6G7-H8I9-0123-DEFG-456789012345', 'E5F6G7H8-I9J0-1234-EFGH-567890123456', 'CANCELLED', '2023-09-19', '2023-09-24', 5, 4000000, 800000, 400000.0, 320000.0, 4720000.0, 3000000, '2023-09-08 00:00:00', '2023-09-08 00:00:00');
INSERT INTO payments (id, booking_id, user_id, amount, currency, status, method, created_at, processed_at) VALUES ('33c0e3c7-7339-4392-8a01-135eaf845ace', '5151739a-4468-4a6f-9e8e-d198267d6269', 'D4E5F6G7-H8I9-0123-DEFG-456789012345', 4720000.0, 'VND', 'REFUNDED', 'VNPAY', '2023-09-08 00:00:00', '2023-09-08 00:00:00');
INSERT INTO bookings (id, vehicle_id, renter_id, owner_id, status, start_date, end_date, total_days, base_price, price_per_day, service_fee, taxes, total, deposit, created_at, updated_at) VALUES ('6f8947cc-6df4-4820-8ad2-894b0b5c8159', 'V1A2B3C4-D5E6-7890-VHCL-111111111111', 'D4E5F6G7-H8I9-0123-DEFG-456789012345', 'E5F6G7H8-I9J0-1234-EFGH-567890123456', 'COMPLETED', '2023-11-01', '2023-11-11', 10, 8000000, 800000, 800000.0, 640000.0, 9440000.0, 3000000, '2023-10-25 00:00:00', '2023-10-25 00:00:00');
INSERT INTO payments (id, booking_id, user_id, amount, currency, status, method, created_at, processed_at) VALUES ('d58721fa-63af-48f5-b735-628e67e4ff56', '6f8947cc-6df4-4820-8ad2-894b0b5c8159', 'D4E5F6G7-H8I9-0123-DEFG-456789012345', 9440000.0, 'VND', 'SUCCEEDED', 'VNPAY', '2023-10-25 00:00:00', '2023-10-25 00:00:00');
INSERT INTO reviews (id, vehicle_id, booking_id, reviewer_id, owner_id, rating, cleanliness, accuracy, communication, value_rating, comment, created_at, updated_at) VALUES ('15a8d48e-a29a-415d-9e8c-0aea5506a35a', 'V1A2B3C4-D5E6-7890-VHCL-111111111111', '6f8947cc-6df4-4820-8ad2-894b0b5c8159', 'D4E5F6G7-H8I9-0123-DEFG-456789012345', 'E5F6G7H8-I9J0-1234-EFGH-567890123456', 3, 3, 3, 3, 3, N'Trải nghiệm tuyệt vời!', '2023-11-11 00:00:00', '2023-11-11 00:00:00');
INSERT INTO bookings (id, vehicle_id, renter_id, owner_id, status, start_date, end_date, total_days, base_price, price_per_day, service_fee, taxes, total, deposit, created_at, updated_at) VALUES ('3772846c-a7c3-4585-ae42-90bfc84320dd', 'V1A2B3C4-D5E6-7890-VHCL-111111111111', 'C3D4E5F6-G7H8-9012-CDEF-345678901234', 'E5F6G7H8-I9J0-1234-EFGH-567890123456', 'COMPLETED', '2023-08-04', '2023-08-12', 8, 6400000, 800000, 640000.0, 512000.0, 7552000.0, 3000000, '2023-07-21 00:00:00', '2023-07-21 00:00:00');
INSERT INTO payments (id, booking_id, user_id, amount, currency, status, method, created_at, processed_at) VALUES ('8df060ee-71d8-4893-81bd-3a4a4644471d', '3772846c-a7c3-4585-ae42-90bfc84320dd', 'C3D4E5F6-G7H8-9012-CDEF-345678901234', 7552000.0, 'VND', 'SUCCEEDED', 'VNPAY', '2023-07-21 00:00:00', '2023-07-21 00:00:00');
INSERT INTO reviews (id, vehicle_id, booking_id, reviewer_id, owner_id, rating, cleanliness, accuracy, communication, value_rating, comment, created_at, updated_at) VALUES ('9a633905-7ac8-418b-9efc-e358803527c2', 'V1A2B3C4-D5E6-7890-VHCL-111111111111', '3772846c-a7c3-4585-ae42-90bfc84320dd', 'C3D4E5F6-G7H8-9012-CDEF-345678901234', 'E5F6G7H8-I9J0-1234-EFGH-567890123456', 4, 4, 4, 4, 4, N'Trải nghiệm tuyệt vời!', '2023-08-12 00:00:00', '2023-08-12 00:00:00');
INSERT INTO bookings (id, vehicle_id, renter_id, owner_id, status, start_date, end_date, total_days, base_price, price_per_day, service_fee, taxes, total, deposit, created_at, updated_at) VALUES ('180c3d88-be96-4aec-8cf9-5f9c2f8c44f1', 'V1A2B3C4-D5E6-7890-VHCL-111111111111', 'C3D4E5F6-G7H8-9012-CDEF-345678901234', 'E5F6G7H8-I9J0-1234-EFGH-567890123456', 'CANCELLED', '2023-11-23', '2023-11-28', 5, 4000000, 800000, 400000.0, 320000.0, 4720000.0, 3000000, '2023-11-12 00:00:00', '2023-11-12 00:00:00');
INSERT INTO payments (id, booking_id, user_id, amount, currency, status, method, created_at, processed_at) VALUES ('d5c669ee-edfd-4756-8f2c-552cc84816e8', '180c3d88-be96-4aec-8cf9-5f9c2f8c44f1', 'C3D4E5F6-G7H8-9012-CDEF-345678901234', 4720000.0, 'VND', 'REFUNDED', 'VNPAY', '2023-11-12 00:00:00', '2023-11-12 00:00:00');
INSERT INTO bookings (id, vehicle_id, renter_id, owner_id, status, start_date, end_date, total_days, base_price, price_per_day, service_fee, taxes, total, deposit, created_at, updated_at) VALUES ('d66c3263-3356-4ad4-a705-cc53039fe426', 'V1A2B3C4-D5E6-7890-VHCL-111111111111', 'B2C3D4E5-F6G7-8901-BCDE-234567890123', 'E5F6G7H8-I9J0-1234-EFGH-567890123456', 'COMPLETED', '2024-01-03', '2024-01-13', 10, 8000000, 800000, 800000.0, 640000.0, 9440000.0, 3000000, '2024-01-02 00:00:00', '2024-01-02 00:00:00');
INSERT INTO payments (id, booking_id, user_id, amount, currency, status, method, created_at, processed_at) VALUES ('a1d28ce5-a8e4-4f79-822e-4b059471b5a9', 'd66c3263-3356-4ad4-a705-cc53039fe426', 'B2C3D4E5-F6G7-8901-BCDE-234567890123', 9440000.0, 'VND', 'SUCCEEDED', 'VNPAY', '2024-01-02 00:00:00', '2024-01-02 00:00:00');
INSERT INTO reviews (id, vehicle_id, booking_id, reviewer_id, owner_id, rating, cleanliness, accuracy, communication, value_rating, comment, created_at, updated_at) VALUES ('4a2d937a-c43f-4294-af4d-babe8b75e202', 'V1A2B3C4-D5E6-7890-VHCL-111111111111', 'd66c3263-3356-4ad4-a705-cc53039fe426', 'B2C3D4E5-F6G7-8901-BCDE-234567890123', 'E5F6G7H8-I9J0-1234-EFGH-567890123456', 3, 3, 3, 3, 3, N'Trải nghiệm tuyệt vời!', '2024-01-13 00:00:00', '2024-01-13 00:00:00');
INSERT INTO bookings (id, vehicle_id, renter_id, owner_id, status, start_date, end_date, total_days, base_price, price_per_day, service_fee, taxes, total, deposit, created_at, updated_at) VALUES ('b183ad1c-4747-4a2e-ba1b-2d1d83fa8a80', 'V1A2B3C4-D5E6-7890-VHCL-111111111111', 'C3D4E5F6-G7H8-9012-CDEF-345678901234', 'E5F6G7H8-I9J0-1234-EFGH-567890123456', 'COMPLETED', '2023-12-09', '2023-12-12', 3, 2400000, 800000, 240000.0, 192000.0, 2832000.0, 3000000, '2023-12-08 00:00:00', '2023-12-08 00:00:00');
INSERT INTO payments (id, booking_id, user_id, amount, currency, status, method, created_at, processed_at) VALUES ('dd46aa51-67d0-4940-bb68-22ea65f763ab', 'b183ad1c-4747-4a2e-ba1b-2d1d83fa8a80', 'C3D4E5F6-G7H8-9012-CDEF-345678901234', 2832000.0, 'VND', 'SUCCEEDED', 'VNPAY', '2023-12-08 00:00:00', '2023-12-08 00:00:00');
INSERT INTO reviews (id, vehicle_id, booking_id, reviewer_id, owner_id, rating, cleanliness, accuracy, communication, value_rating, comment, created_at, updated_at) VALUES ('420113db-e896-49e9-acca-ede38fa57f9f', 'V1A2B3C4-D5E6-7890-VHCL-111111111111', 'b183ad1c-4747-4a2e-ba1b-2d1d83fa8a80', 'C3D4E5F6-G7H8-9012-CDEF-345678901234', 'E5F6G7H8-I9J0-1234-EFGH-567890123456', 4, 4, 4, 4, 4, N'Trải nghiệm tuyệt vời!', '2023-12-12 00:00:00', '2023-12-12 00:00:00');
INSERT INTO bookings (id, vehicle_id, renter_id, owner_id, status, start_date, end_date, total_days, base_price, price_per_day, service_fee, taxes, total, deposit, created_at, updated_at) VALUES ('011ebe1e-0b18-4f23-8dd6-891364876521', 'V1A2B3C4-D5E6-7890-VHCL-111111111111', 'D4E5F6G7-H8I9-0123-DEFG-456789012345', 'E5F6G7H8-I9J0-1234-EFGH-567890123456', 'CANCELLED', '2023-07-20', '2023-07-21', 1, 800000, 800000, 80000.0, 64000.0, 944000.0, 3000000, '2023-07-15 00:00:00', '2023-07-15 00:00:00');
INSERT INTO payments (id, booking_id, user_id, amount, currency, status, method, created_at, processed_at) VALUES ('11a23548-660d-4758-aecd-cf106634dd51', '011ebe1e-0b18-4f23-8dd6-891364876521', 'D4E5F6G7-H8I9-0123-DEFG-456789012345', 944000.0, 'VND', 'REFUNDED', 'VNPAY', '2023-07-15 00:00:00', '2023-07-15 00:00:00');
INSERT INTO bookings (id, vehicle_id, renter_id, owner_id, status, start_date, end_date, total_days, base_price, price_per_day, service_fee, taxes, total, deposit, created_at, updated_at) VALUES ('8d9ce028-06fa-483b-bd32-2739462fde3b', 'V1A2B3C4-D5E6-7890-VHCL-111111111111', 'B2C3D4E5-F6G7-8901-BCDE-234567890123', 'E5F6G7H8-I9J0-1234-EFGH-567890123456', 'COMPLETED', '2023-03-02', '2023-03-12', 10, 8000000, 800000, 800000.0, 640000.0, 9440000.0, 3000000, '2023-02-19 00:00:00', '2023-02-19 00:00:00');
INSERT INTO payments (id, booking_id, user_id, amount, currency, status, method, created_at, processed_at) VALUES ('3e1872be-3076-404d-a4b0-5a61fbd0fa0a', '8d9ce028-06fa-483b-bd32-2739462fde3b', 'B2C3D4E5-F6G7-8901-BCDE-234567890123', 9440000.0, 'VND', 'SUCCEEDED', 'VNPAY', '2023-02-19 00:00:00', '2023-02-19 00:00:00');
INSERT INTO reviews (id, vehicle_id, booking_id, reviewer_id, owner_id, rating, cleanliness, accuracy, communication, value_rating, comment, created_at, updated_at) VALUES ('96293319-cbcf-4f13-989a-73bec9ef9976', 'V1A2B3C4-D5E6-7890-VHCL-111111111111', '8d9ce028-06fa-483b-bd32-2739462fde3b', 'B2C3D4E5-F6G7-8901-BCDE-234567890123', 'E5F6G7H8-I9J0-1234-EFGH-567890123456', 5, 5, 5, 5, 5, N'Trải nghiệm tuyệt vời!', '2023-03-12 00:00:00', '2023-03-12 00:00:00');
INSERT INTO bookings (id, vehicle_id, renter_id, owner_id, status, start_date, end_date, total_days, base_price, price_per_day, service_fee, taxes, total, deposit, created_at, updated_at) VALUES ('44917012-92e5-4b5d-9f0c-2d7c17bacd84', 'V1A2B3C4-D5E6-7890-VHCL-111111111111', 'B2C3D4E5-F6G7-8901-BCDE-234567890123', 'E5F6G7H8-I9J0-1234-EFGH-567890123456', 'COMPLETED', '2023-08-19', '2023-08-24', 5, 4000000, 800000, 400000.0, 320000.0, 4720000.0, 3000000, '2023-08-08 00:00:00', '2023-08-08 00:00:00');
INSERT INTO payments (id, booking_id, user_id, amount, currency, status, method, created_at, processed_at) VALUES ('e7049138-ef8b-41d9-b70d-04c54d913c3b', '44917012-92e5-4b5d-9f0c-2d7c17bacd84', 'B2C3D4E5-F6G7-8901-BCDE-234567890123', 4720000.0, 'VND', 'SUCCEEDED', 'VNPAY', '2023-08-08 00:00:00', '2023-08-08 00:00:00');
INSERT INTO reviews (id, vehicle_id, booking_id, reviewer_id, owner_id, rating, cleanliness, accuracy, communication, value_rating, comment, created_at, updated_at) VALUES ('fcda9d01-1f22-456f-8ad9-4e5921b65193', 'V1A2B3C4-D5E6-7890-VHCL-111111111111', '44917012-92e5-4b5d-9f0c-2d7c17bacd84', 'B2C3D4E5-F6G7-8901-BCDE-234567890123', 'E5F6G7H8-I9J0-1234-EFGH-567890123456', 5, 5, 5, 5, 5, N'Trải nghiệm tuyệt vời!', '2023-08-24 00:00:00', '2023-08-24 00:00:00');
INSERT INTO bookings (id, vehicle_id, renter_id, owner_id, status, start_date, end_date, total_days, base_price, price_per_day, service_fee, taxes, total, deposit, created_at, updated_at) VALUES ('a0c0904d-5ab3-47e3-a441-3cc654db227f', 'V1A2B3C4-D5E6-7890-VHCL-111111111111', 'D4E5F6G7-H8I9-0123-DEFG-456789012345', 'E5F6G7H8-I9J0-1234-EFGH-567890123456', 'CANCELLED', '2024-04-28', '2024-05-02', 4, 3200000, 800000, 320000.0, 256000.0, 3776000.0, 3000000, '2024-04-17 00:00:00', '2024-04-17 00:00:00');
INSERT INTO payments (id, booking_id, user_id, amount, currency, status, method, created_at, processed_at) VALUES ('685ef9e8-f3e6-4cf1-aa0c-197275abe168', 'a0c0904d-5ab3-47e3-a441-3cc654db227f', 'D4E5F6G7-H8I9-0123-DEFG-456789012345', 3776000.0, 'VND', 'REFUNDED', 'VNPAY', '2024-04-17 00:00:00', '2024-04-17 00:00:00');
INSERT INTO bookings (id, vehicle_id, renter_id, owner_id, status, start_date, end_date, total_days, base_price, price_per_day, service_fee, taxes, total, deposit, created_at, updated_at) VALUES ('4afc44fa-460d-4015-98e0-d72dcc1638f1', 'V1A2B3C4-D5E6-7890-VHCL-111111111111', 'D4E5F6G7-H8I9-0123-DEFG-456789012345', 'E5F6G7H8-I9J0-1234-EFGH-567890123456', 'COMPLETED', '2023-04-29', '2023-04-30', 1, 800000, 800000, 80000.0, 64000.0, 944000.0, 3000000, '2023-04-24 00:00:00', '2023-04-24 00:00:00');
INSERT INTO payments (id, booking_id, user_id, amount, currency, status, method, created_at, processed_at) VALUES ('91db2556-8194-4994-a156-4e22091e60e9', '4afc44fa-460d-4015-98e0-d72dcc1638f1', 'D4E5F6G7-H8I9-0123-DEFG-456789012345', 944000.0, 'VND', 'SUCCEEDED', 'VNPAY', '2023-04-24 00:00:00', '2023-04-24 00:00:00');
INSERT INTO reviews (id, vehicle_id, booking_id, reviewer_id, owner_id, rating, cleanliness, accuracy, communication, value_rating, comment, created_at, updated_at) VALUES ('f9c96453-cf38-4693-8b53-a80fa8390282', 'V1A2B3C4-D5E6-7890-VHCL-111111111111', '4afc44fa-460d-4015-98e0-d72dcc1638f1', 'D4E5F6G7-H8I9-0123-DEFG-456789012345', 'E5F6G7H8-I9J0-1234-EFGH-567890123456', 4, 4, 4, 4, 4, N'Trải nghiệm tuyệt vời!', '2023-04-30 00:00:00', '2023-04-30 00:00:00');
INSERT INTO bookings (id, vehicle_id, renter_id, owner_id, status, start_date, end_date, total_days, base_price, price_per_day, service_fee, taxes, total, deposit, created_at, updated_at) VALUES ('1e662fa7-632e-4dca-9245-caa5e7a51aff', 'V1A2B3C4-D5E6-7890-VHCL-111111111111', 'D4E5F6G7-H8I9-0123-DEFG-456789012345', 'E5F6G7H8-I9J0-1234-EFGH-567890123456', 'COMPLETED', '2023-12-22', '2023-12-29', 7, 5600000, 800000, 560000.0, 448000.0, 6608000.0, 3000000, '2023-12-21 00:00:00', '2023-12-21 00:00:00');
INSERT INTO payments (id, booking_id, user_id, amount, currency, status, method, created_at, processed_at) VALUES ('51a9868e-bafb-432a-8c7e-22edeb6f4923', '1e662fa7-632e-4dca-9245-caa5e7a51aff', 'D4E5F6G7-H8I9-0123-DEFG-456789012345', 6608000.0, 'VND', 'SUCCEEDED', 'VNPAY', '2023-12-21 00:00:00', '2023-12-21 00:00:00');
INSERT INTO reviews (id, vehicle_id, booking_id, reviewer_id, owner_id, rating, cleanliness, accuracy, communication, value_rating, comment, created_at, updated_at) VALUES ('668f9640-12c3-48c7-8f9d-4888961b5070', 'V1A2B3C4-D5E6-7890-VHCL-111111111111', '1e662fa7-632e-4dca-9245-caa5e7a51aff', 'D4E5F6G7-H8I9-0123-DEFG-456789012345', 'E5F6G7H8-I9J0-1234-EFGH-567890123456', 3, 3, 3, 3, 3, N'Trải nghiệm tuyệt vời!', '2023-12-29 00:00:00', '2023-12-29 00:00:00');
INSERT INTO bookings (id, vehicle_id, renter_id, owner_id, status, start_date, end_date, total_days, base_price, price_per_day, service_fee, taxes, total, deposit, created_at, updated_at) VALUES ('f3dd9e6a-81ef-4b42-88a7-dbfb97c5f9f5', 'V1A2B3C4-D5E6-7890-VHCL-111111111111', 'C3D4E5F6-G7H8-9012-CDEF-345678901234', 'E5F6G7H8-I9J0-1234-EFGH-567890123456', 'COMPLETED', '2023-06-10', '2023-06-13', 3, 2400000, 800000, 240000.0, 192000.0, 2832000.0, 3000000, '2023-06-06 00:00:00', '2023-06-06 00:00:00');
INSERT INTO payments (id, booking_id, user_id, amount, currency, status, method, created_at, processed_at) VALUES ('82e17476-4d47-4c30-a3fd-302fb7df6ab1', 'f3dd9e6a-81ef-4b42-88a7-dbfb97c5f9f5', 'C3D4E5F6-G7H8-9012-CDEF-345678901234', 2832000.0, 'VND', 'SUCCEEDED', 'VNPAY', '2023-06-06 00:00:00', '2023-06-06 00:00:00');
INSERT INTO reviews (id, vehicle_id, booking_id, reviewer_id, owner_id, rating, cleanliness, accuracy, communication, value_rating, comment, created_at, updated_at) VALUES ('d9721ddd-6673-4748-a6b5-f2f075f26dcd', 'V1A2B3C4-D5E6-7890-VHCL-111111111111', 'f3dd9e6a-81ef-4b42-88a7-dbfb97c5f9f5', 'C3D4E5F6-G7H8-9012-CDEF-345678901234', 'E5F6G7H8-I9J0-1234-EFGH-567890123456', 5, 5, 5, 5, 5, N'Trải nghiệm tuyệt vời!', '2023-06-13 00:00:00', '2023-06-13 00:00:00');
INSERT INTO bookings (id, vehicle_id, renter_id, owner_id, status, start_date, end_date, total_days, base_price, price_per_day, service_fee, taxes, total, deposit, created_at, updated_at) VALUES ('140cd494-4258-40da-ac10-98aa00dd9cba', 'V1A2B3C4-D5E6-7890-VHCL-111111111111', 'B2C3D4E5-F6G7-8901-BCDE-234567890123', 'E5F6G7H8-I9J0-1234-EFGH-567890123456', 'COMPLETED', '2023-02-20', '2023-03-02', 10, 8000000, 800000, 800000.0, 640000.0, 9440000.0, 3000000, '2023-02-08 00:00:00', '2023-02-08 00:00:00');
INSERT INTO payments (id, booking_id, user_id, amount, currency, status, method, created_at, processed_at) VALUES ('5c44647e-e8dc-4b30-84f5-c724e23b5b0e', '140cd494-4258-40da-ac10-98aa00dd9cba', 'B2C3D4E5-F6G7-8901-BCDE-234567890123', 9440000.0, 'VND', 'SUCCEEDED', 'VNPAY', '2023-02-08 00:00:00', '2023-02-08 00:00:00');
INSERT INTO reviews (id, vehicle_id, booking_id, reviewer_id, owner_id, rating, cleanliness, accuracy, communication, value_rating, comment, created_at, updated_at) VALUES ('59f261f7-a1dd-47ad-8864-19a1bf45a70a', 'V1A2B3C4-D5E6-7890-VHCL-111111111111', '140cd494-4258-40da-ac10-98aa00dd9cba', 'B2C3D4E5-F6G7-8901-BCDE-234567890123', 'E5F6G7H8-I9J0-1234-EFGH-567890123456', 3, 3, 3, 3, 3, N'Trải nghiệm tuyệt vời!', '2023-03-02 00:00:00', '2023-03-02 00:00:00');
INSERT INTO bookings (id, vehicle_id, renter_id, owner_id, status, start_date, end_date, total_days, base_price, price_per_day, service_fee, taxes, total, deposit, created_at, updated_at) VALUES ('fab5c545-faa3-4b74-ac73-539c4d8d0803', 'V1A2B3C4-D5E6-7890-VHCL-111111111111', 'D4E5F6G7-H8I9-0123-DEFG-456789012345', 'E5F6G7H8-I9J0-1234-EFGH-567890123456', 'COMPLETED', '2024-02-28', '2024-03-09', 10, 8000000, 800000, 800000.0, 640000.0, 9440000.0, 3000000, '2024-02-27 00:00:00', '2024-02-27 00:00:00');
INSERT INTO payments (id, booking_id, user_id, amount, currency, status, method, created_at, processed_at) VALUES ('9bd3a12b-2ed5-4515-883c-4c88ce060389', 'fab5c545-faa3-4b74-ac73-539c4d8d0803', 'D4E5F6G7-H8I9-0123-DEFG-456789012345', 9440000.0, 'VND', 'SUCCEEDED', 'VNPAY', '2024-02-27 00:00:00', '2024-02-27 00:00:00');
INSERT INTO reviews (id, vehicle_id, booking_id, reviewer_id, owner_id, rating, cleanliness, accuracy, communication, value_rating, comment, created_at, updated_at) VALUES ('cdc916b6-78fa-4f38-8dd7-f13d2214e33f', 'V1A2B3C4-D5E6-7890-VHCL-111111111111', 'fab5c545-faa3-4b74-ac73-539c4d8d0803', 'D4E5F6G7-H8I9-0123-DEFG-456789012345', 'E5F6G7H8-I9J0-1234-EFGH-567890123456', 4, 4, 4, 4, 4, N'Trải nghiệm tuyệt vời!', '2024-03-09 00:00:00', '2024-03-09 00:00:00');
INSERT INTO bookings (id, vehicle_id, renter_id, owner_id, status, start_date, end_date, total_days, base_price, price_per_day, service_fee, taxes, total, deposit, created_at, updated_at) VALUES ('55b4e8a0-b46d-4b53-a174-79961f1a7c8a', 'V1A2B3C4-D5E6-7890-VHCL-111111111111', 'C3D4E5F6-G7H8-9012-CDEF-345678901234', 'E5F6G7H8-I9J0-1234-EFGH-567890123456', 'COMPLETED', '2024-01-04', '2024-01-06', 2, 1600000, 800000, 160000.0, 128000.0, 1888000.0, 3000000, '2023-12-24 00:00:00', '2023-12-24 00:00:00');
INSERT INTO payments (id, booking_id, user_id, amount, currency, status, method, created_at, processed_at) VALUES ('d161ad57-0559-4548-84ea-70c09a689961', '55b4e8a0-b46d-4b53-a174-79961f1a7c8a', 'C3D4E5F6-G7H8-9012-CDEF-345678901234', 1888000.0, 'VND', 'SUCCEEDED', 'VNPAY', '2023-12-24 00:00:00', '2023-12-24 00:00:00');
INSERT INTO reviews (id, vehicle_id, booking_id, reviewer_id, owner_id, rating, cleanliness, accuracy, communication, value_rating, comment, created_at, updated_at) VALUES ('7b4394c6-4283-4bbc-adc5-b0910bc909e9', 'V1A2B3C4-D5E6-7890-VHCL-111111111111', '55b4e8a0-b46d-4b53-a174-79961f1a7c8a', 'C3D4E5F6-G7H8-9012-CDEF-345678901234', 'E5F6G7H8-I9J0-1234-EFGH-567890123456', 4, 4, 4, 4, 4, N'Trải nghiệm tuyệt vời!', '2024-01-06 00:00:00', '2024-01-06 00:00:00');
INSERT INTO bookings (id, vehicle_id, renter_id, owner_id, status, start_date, end_date, total_days, base_price, price_per_day, service_fee, taxes, total, deposit, created_at, updated_at) VALUES ('d86e5e9e-9bb9-498d-9c58-2d91479a9499', 'V1A2B3C4-D5E6-7890-VHCL-111111111111', 'D4E5F6G7-H8I9-0123-DEFG-456789012345', 'E5F6G7H8-I9J0-1234-EFGH-567890123456', 'CANCELLED', '2024-02-18', '2024-02-25', 7, 5600000, 800000, 560000.0, 448000.0, 6608000.0, 3000000, '2024-02-07 00:00:00', '2024-02-07 00:00:00');
INSERT INTO payments (id, booking_id, user_id, amount, currency, status, method, created_at, processed_at) VALUES ('c0e0661e-7143-4f7f-a89b-b9802bcd7116', 'd86e5e9e-9bb9-498d-9c58-2d91479a9499', 'D4E5F6G7-H8I9-0123-DEFG-456789012345', 6608000.0, 'VND', 'REFUNDED', 'VNPAY', '2024-02-07 00:00:00', '2024-02-07 00:00:00');
INSERT INTO bookings (id, vehicle_id, renter_id, owner_id, status, start_date, end_date, total_days, base_price, price_per_day, service_fee, taxes, total, deposit, created_at, updated_at) VALUES ('c7320792-63cd-4b82-a575-c829aaff6815', 'V1A2B3C4-D5E6-7890-VHCL-111111111111', 'D4E5F6G7-H8I9-0123-DEFG-456789012345', 'E5F6G7H8-I9J0-1234-EFGH-567890123456', 'COMPLETED', '2023-05-30', '2023-06-01', 2, 1600000, 800000, 160000.0, 128000.0, 1888000.0, 3000000, '2023-05-18 00:00:00', '2023-05-18 00:00:00');
INSERT INTO payments (id, booking_id, user_id, amount, currency, status, method, created_at, processed_at) VALUES ('3c2096f6-acda-4ac5-8769-8960b2b36dc3', 'c7320792-63cd-4b82-a575-c829aaff6815', 'D4E5F6G7-H8I9-0123-DEFG-456789012345', 1888000.0, 'VND', 'SUCCEEDED', 'VNPAY', '2023-05-18 00:00:00', '2023-05-18 00:00:00');
INSERT INTO reviews (id, vehicle_id, booking_id, reviewer_id, owner_id, rating, cleanliness, accuracy, communication, value_rating, comment, created_at, updated_at) VALUES ('b7310525-d5a9-44b9-89e4-b15ebf18eb5d', 'V1A2B3C4-D5E6-7890-VHCL-111111111111', 'c7320792-63cd-4b82-a575-c829aaff6815', 'D4E5F6G7-H8I9-0123-DEFG-456789012345', 'E5F6G7H8-I9J0-1234-EFGH-567890123456', 3, 3, 3, 3, 3, N'Trải nghiệm tuyệt vời!', '2023-06-01 00:00:00', '2023-06-01 00:00:00');
INSERT INTO bookings (id, vehicle_id, renter_id, owner_id, status, start_date, end_date, total_days, base_price, price_per_day, service_fee, taxes, total, deposit, created_at, updated_at) VALUES ('e6593193-6288-4705-beb3-70722d4d3e78', 'V1A2B3C4-D5E6-7890-VHCL-111111111111', 'B2C3D4E5-F6G7-8901-BCDE-234567890123', 'E5F6G7H8-I9J0-1234-EFGH-567890123456', 'COMPLETED', '2023-10-11', '2023-10-13', 2, 1600000, 800000, 160000.0, 128000.0, 1888000.0, 3000000, '2023-10-01 00:00:00', '2023-10-01 00:00:00');
INSERT INTO payments (id, booking_id, user_id, amount, currency, status, method, created_at, processed_at) VALUES ('133cbbcb-620d-4783-8a3c-d54a17ce1a64', 'e6593193-6288-4705-beb3-70722d4d3e78', 'B2C3D4E5-F6G7-8901-BCDE-234567890123', 1888000.0, 'VND', 'SUCCEEDED', 'VNPAY', '2023-10-01 00:00:00', '2023-10-01 00:00:00');
INSERT INTO reviews (id, vehicle_id, booking_id, reviewer_id, owner_id, rating, cleanliness, accuracy, communication, value_rating, comment, created_at, updated_at) VALUES ('fba54109-d98f-404d-864d-c68f13436df4', 'V1A2B3C4-D5E6-7890-VHCL-111111111111', 'e6593193-6288-4705-beb3-70722d4d3e78', 'B2C3D4E5-F6G7-8901-BCDE-234567890123', 'E5F6G7H8-I9J0-1234-EFGH-567890123456', 4, 4, 4, 4, 4, N'Trải nghiệm tuyệt vời!', '2023-10-13 00:00:00', '2023-10-13 00:00:00');
INSERT INTO bookings (id, vehicle_id, renter_id, owner_id, status, start_date, end_date, total_days, base_price, price_per_day, service_fee, taxes, total, deposit, created_at, updated_at) VALUES ('4dcf8b8e-732e-4692-b8ea-7e7910a2545e', 'V1A2B3C4-D5E6-7890-VHCL-111111111111', 'D4E5F6G7-H8I9-0123-DEFG-456789012345', 'E5F6G7H8-I9J0-1234-EFGH-567890123456', 'COMPLETED', '2024-04-23', '2024-04-28', 5, 4000000, 800000, 400000.0, 320000.0, 4720000.0, 3000000, '2024-04-17 00:00:00', '2024-04-17 00:00:00');
INSERT INTO payments (id, booking_id, user_id, amount, currency, status, method, created_at, processed_at) VALUES ('b1134944-d765-491f-a3a1-946c89201607', '4dcf8b8e-732e-4692-b8ea-7e7910a2545e', 'D4E5F6G7-H8I9-0123-DEFG-456789012345', 4720000.0, 'VND', 'SUCCEEDED', 'VNPAY', '2024-04-17 00:00:00', '2024-04-17 00:00:00');
INSERT INTO reviews (id, vehicle_id, booking_id, reviewer_id, owner_id, rating, cleanliness, accuracy, communication, value_rating, comment, created_at, updated_at) VALUES ('896130bf-e562-4562-8470-bc488e96669b', 'V1A2B3C4-D5E6-7890-VHCL-111111111111', '4dcf8b8e-732e-4692-b8ea-7e7910a2545e', 'D4E5F6G7-H8I9-0123-DEFG-456789012345', 'E5F6G7H8-I9J0-1234-EFGH-567890123456', 5, 5, 5, 5, 5, N'Trải nghiệm tuyệt vời!', '2024-04-28 00:00:00', '2024-04-28 00:00:00');
INSERT INTO bookings (id, vehicle_id, renter_id, owner_id, status, start_date, end_date, total_days, base_price, price_per_day, service_fee, taxes, total, deposit, created_at, updated_at) VALUES ('5472435d-bcae-4ba7-8718-fbc236cadbdf', 'V1A2B3C4-D5E6-7890-VHCL-111111111111', 'C3D4E5F6-G7H8-9012-CDEF-345678901234', 'E5F6G7H8-I9J0-1234-EFGH-567890123456', 'COMPLETED', '2023-02-28', '2023-03-10', 10, 8000000, 800000, 800000.0, 640000.0, 9440000.0, 3000000, '2023-02-22 00:00:00', '2023-02-22 00:00:00');
INSERT INTO payments (id, booking_id, user_id, amount, currency, status, method, created_at, processed_at) VALUES ('7a4f3746-0a16-404b-a20e-5af7a1d0b72e', '5472435d-bcae-4ba7-8718-fbc236cadbdf', 'C3D4E5F6-G7H8-9012-CDEF-345678901234', 9440000.0, 'VND', 'SUCCEEDED', 'VNPAY', '2023-02-22 00:00:00', '2023-02-22 00:00:00');
INSERT INTO reviews (id, vehicle_id, booking_id, reviewer_id, owner_id, rating, cleanliness, accuracy, communication, value_rating, comment, created_at, updated_at) VALUES ('8ee95169-beab-4611-abdc-54ea3b83af74', 'V1A2B3C4-D5E6-7890-VHCL-111111111111', '5472435d-bcae-4ba7-8718-fbc236cadbdf', 'C3D4E5F6-G7H8-9012-CDEF-345678901234', 'E5F6G7H8-I9J0-1234-EFGH-567890123456', 5, 5, 5, 5, 5, N'Trải nghiệm tuyệt vời!', '2023-03-10 00:00:00', '2023-03-10 00:00:00');
INSERT INTO bookings (id, vehicle_id, renter_id, owner_id, status, start_date, end_date, total_days, base_price, price_per_day, service_fee, taxes, total, deposit, created_at, updated_at) VALUES ('92ef3ad0-12a0-4bfc-a1ec-a705f32c1cf2', 'V1A2B3C4-D5E6-7890-VHCL-111111111111', 'C3D4E5F6-G7H8-9012-CDEF-345678901234', 'E5F6G7H8-I9J0-1234-EFGH-567890123456', 'COMPLETED', '2023-11-28', '2023-12-06', 8, 6400000, 800000, 640000.0, 512000.0, 7552000.0, 3000000, '2023-11-25 00:00:00', '2023-11-25 00:00:00');
INSERT INTO payments (id, booking_id, user_id, amount, currency, status, method, created_at, processed_at) VALUES ('7a79c419-f80e-406f-b325-a1bd23b69dcb', '92ef3ad0-12a0-4bfc-a1ec-a705f32c1cf2', 'C3D4E5F6-G7H8-9012-CDEF-345678901234', 7552000.0, 'VND', 'SUCCEEDED', 'VNPAY', '2023-11-25 00:00:00', '2023-11-25 00:00:00');
INSERT INTO reviews (id, vehicle_id, booking_id, reviewer_id, owner_id, rating, cleanliness, accuracy, communication, value_rating, comment, created_at, updated_at) VALUES ('90f8d711-2781-4e43-9636-7ef83b0c9211', 'V1A2B3C4-D5E6-7890-VHCL-111111111111', '92ef3ad0-12a0-4bfc-a1ec-a705f32c1cf2', 'C3D4E5F6-G7H8-9012-CDEF-345678901234', 'E5F6G7H8-I9J0-1234-EFGH-567890123456', 4, 4, 4, 4, 4, N'Trải nghiệm tuyệt vời!', '2023-12-06 00:00:00', '2023-12-06 00:00:00');
INSERT INTO bookings (id, vehicle_id, renter_id, owner_id, status, start_date, end_date, total_days, base_price, price_per_day, service_fee, taxes, total, deposit, created_at, updated_at) VALUES ('99d04081-8c8f-472e-9d37-6dd32bb0d2aa', 'V1A2B3C4-D5E6-7890-VHCL-111111111111', 'D4E5F6G7-H8I9-0123-DEFG-456789012345', 'E5F6G7H8-I9J0-1234-EFGH-567890123456', 'COMPLETED', '2024-04-24', '2024-04-26', 2, 1600000, 800000, 160000.0, 128000.0, 1888000.0, 3000000, '2024-04-16 00:00:00', '2024-04-16 00:00:00');
INSERT INTO payments (id, booking_id, user_id, amount, currency, status, method, created_at, processed_at) VALUES ('a024d661-844d-466b-936c-9a14cf4d9fb3', '99d04081-8c8f-472e-9d37-6dd32bb0d2aa', 'D4E5F6G7-H8I9-0123-DEFG-456789012345', 1888000.0, 'VND', 'SUCCEEDED', 'VNPAY', '2024-04-16 00:00:00', '2024-04-16 00:00:00');
INSERT INTO reviews (id, vehicle_id, booking_id, reviewer_id, owner_id, rating, cleanliness, accuracy, communication, value_rating, comment, created_at, updated_at) VALUES ('66b3db14-ae4b-4226-a7bf-25053b98bfcc', 'V1A2B3C4-D5E6-7890-VHCL-111111111111', '99d04081-8c8f-472e-9d37-6dd32bb0d2aa', 'D4E5F6G7-H8I9-0123-DEFG-456789012345', 'E5F6G7H8-I9J0-1234-EFGH-567890123456', 3, 3, 3, 3, 3, N'Trải nghiệm tuyệt vời!', '2024-04-26 00:00:00', '2024-04-26 00:00:00');
INSERT INTO bookings (id, vehicle_id, renter_id, owner_id, status, start_date, end_date, total_days, base_price, price_per_day, service_fee, taxes, total, deposit, created_at, updated_at) VALUES ('479c33b9-43ef-4e4c-9ee6-4401bfd24c36', 'V1A2B3C4-D5E6-7890-VHCL-111111111111', 'B2C3D4E5-F6G7-8901-BCDE-234567890123', 'E5F6G7H8-I9J0-1234-EFGH-567890123456', 'COMPLETED', '2023-02-11', '2023-02-13', 2, 1600000, 800000, 160000.0, 128000.0, 1888000.0, 3000000, '2023-01-28 00:00:00', '2023-01-28 00:00:00');
INSERT INTO payments (id, booking_id, user_id, amount, currency, status, method, created_at, processed_at) VALUES ('4564a5a8-1db5-433b-9441-264154ce250f', '479c33b9-43ef-4e4c-9ee6-4401bfd24c36', 'B2C3D4E5-F6G7-8901-BCDE-234567890123', 1888000.0, 'VND', 'SUCCEEDED', 'VNPAY', '2023-01-28 00:00:00', '2023-01-28 00:00:00');
INSERT INTO reviews (id, vehicle_id, booking_id, reviewer_id, owner_id, rating, cleanliness, accuracy, communication, value_rating, comment, created_at, updated_at) VALUES ('68c2cd66-a7f8-4895-982a-87e2d93f65df', 'V1A2B3C4-D5E6-7890-VHCL-111111111111', '479c33b9-43ef-4e4c-9ee6-4401bfd24c36', 'B2C3D4E5-F6G7-8901-BCDE-234567890123', 'E5F6G7H8-I9J0-1234-EFGH-567890123456', 3, 3, 3, 3, 3, N'Trải nghiệm tuyệt vời!', '2023-02-13 00:00:00', '2023-02-13 00:00:00');
INSERT INTO bookings (id, vehicle_id, renter_id, owner_id, status, start_date, end_date, total_days, base_price, price_per_day, service_fee, taxes, total, deposit, created_at, updated_at) VALUES ('310e7baf-6a1e-4b34-84d2-a0493470feb5', 'V1A2B3C4-D5E6-7890-VHCL-111111111111', 'B2C3D4E5-F6G7-8901-BCDE-234567890123', 'E5F6G7H8-I9J0-1234-EFGH-567890123456', 'COMPLETED', '2023-03-03', '2023-03-12', 9, 7200000, 800000, 720000.0, 576000.0, 8496000.0, 3000000, '2023-02-28 00:00:00', '2023-02-28 00:00:00');
INSERT INTO payments (id, booking_id, user_id, amount, currency, status, method, created_at, processed_at) VALUES ('cbc6de7d-0290-428a-9c96-aaa97cebaebe', '310e7baf-6a1e-4b34-84d2-a0493470feb5', 'B2C3D4E5-F6G7-8901-BCDE-234567890123', 8496000.0, 'VND', 'SUCCEEDED', 'VNPAY', '2023-02-28 00:00:00', '2023-02-28 00:00:00');
INSERT INTO reviews (id, vehicle_id, booking_id, reviewer_id, owner_id, rating, cleanliness, accuracy, communication, value_rating, comment, created_at, updated_at) VALUES ('e1d33986-eba4-47f6-afcf-6ce556e7daf5', 'V1A2B3C4-D5E6-7890-VHCL-111111111111', '310e7baf-6a1e-4b34-84d2-a0493470feb5', 'B2C3D4E5-F6G7-8901-BCDE-234567890123', 'E5F6G7H8-I9J0-1234-EFGH-567890123456', 5, 5, 5, 5, 5, N'Trải nghiệm tuyệt vời!', '2023-03-12 00:00:00', '2023-03-12 00:00:00');
INSERT INTO bookings (id, vehicle_id, renter_id, owner_id, status, start_date, end_date, total_days, base_price, price_per_day, service_fee, taxes, total, deposit, created_at, updated_at) VALUES ('cdf70839-b908-4ead-b523-99df0a707513', 'V1A2B3C4-D5E6-7890-VHCL-111111111111', 'B2C3D4E5-F6G7-8901-BCDE-234567890123', 'E5F6G7H8-I9J0-1234-EFGH-567890123456', 'CANCELLED', '2024-03-29', '2024-04-01', 3, 2400000, 800000, 240000.0, 192000.0, 2832000.0, 3000000, '2024-03-24 00:00:00', '2024-03-24 00:00:00');
INSERT INTO payments (id, booking_id, user_id, amount, currency, status, method, created_at, processed_at) VALUES ('0a21e1de-8a13-4e0e-abac-e5c1394c92fb', 'cdf70839-b908-4ead-b523-99df0a707513', 'B2C3D4E5-F6G7-8901-BCDE-234567890123', 2832000.0, 'VND', 'REFUNDED', 'VNPAY', '2024-03-24 00:00:00', '2024-03-24 00:00:00');
INSERT INTO bookings (id, vehicle_id, renter_id, owner_id, status, start_date, end_date, total_days, base_price, price_per_day, service_fee, taxes, total, deposit, created_at, updated_at) VALUES ('fe872b48-09b1-42c2-b303-bf89a1c6cbe1', 'V1A2B3C4-D5E6-7890-VHCL-111111111111', 'B2C3D4E5-F6G7-8901-BCDE-234567890123', 'E5F6G7H8-I9J0-1234-EFGH-567890123456', 'COMPLETED', '2023-10-05', '2023-10-12', 7, 5600000, 800000, 560000.0, 448000.0, 6608000.0, 3000000, '2023-10-04 00:00:00', '2023-10-04 00:00:00');
INSERT INTO payments (id, booking_id, user_id, amount, currency, status, method, created_at, processed_at) VALUES ('5f793c58-e954-4e87-81e7-c4708f972d4a', 'fe872b48-09b1-42c2-b303-bf89a1c6cbe1', 'B2C3D4E5-F6G7-8901-BCDE-234567890123', 6608000.0, 'VND', 'SUCCEEDED', 'VNPAY', '2023-10-04 00:00:00', '2023-10-04 00:00:00');
INSERT INTO reviews (id, vehicle_id, booking_id, reviewer_id, owner_id, rating, cleanliness, accuracy, communication, value_rating, comment, created_at, updated_at) VALUES ('15158b02-6a4f-4d16-bf48-6413fac24c74', 'V1A2B3C4-D5E6-7890-VHCL-111111111111', 'fe872b48-09b1-42c2-b303-bf89a1c6cbe1', 'B2C3D4E5-F6G7-8901-BCDE-234567890123', 'E5F6G7H8-I9J0-1234-EFGH-567890123456', 3, 3, 3, 3, 3, N'Trải nghiệm tuyệt vời!', '2023-10-12 00:00:00', '2023-10-12 00:00:00');
INSERT INTO bookings (id, vehicle_id, renter_id, owner_id, status, start_date, end_date, total_days, base_price, price_per_day, service_fee, taxes, total, deposit, created_at, updated_at) VALUES ('2448d468-9ecb-4c56-95c9-813e4ceeab1e', 'V1A2B3C4-D5E6-7890-VHCL-111111111111', 'C3D4E5F6-G7H8-9012-CDEF-345678901234', 'E5F6G7H8-I9J0-1234-EFGH-567890123456', 'CANCELLED', '2023-10-07', '2023-10-16', 9, 7200000, 800000, 720000.0, 576000.0, 8496000.0, 3000000, '2023-09-24 00:00:00', '2023-09-24 00:00:00');
INSERT INTO payments (id, booking_id, user_id, amount, currency, status, method, created_at, processed_at) VALUES ('b4df1c46-c837-4da5-b48b-2aaff1e186c4', '2448d468-9ecb-4c56-95c9-813e4ceeab1e', 'C3D4E5F6-G7H8-9012-CDEF-345678901234', 8496000.0, 'VND', 'REFUNDED', 'VNPAY', '2023-09-24 00:00:00', '2023-09-24 00:00:00');
INSERT INTO bookings (id, vehicle_id, renter_id, owner_id, status, start_date, end_date, total_days, base_price, price_per_day, service_fee, taxes, total, deposit, created_at, updated_at) VALUES ('5363ca83-e023-4616-9b2a-75cac3af6a3f', 'V1A2B3C4-D5E6-7890-VHCL-111111111111', 'B2C3D4E5-F6G7-8901-BCDE-234567890123', 'E5F6G7H8-I9J0-1234-EFGH-567890123456', 'COMPLETED', '2023-05-29', '2023-06-02', 4, 3200000, 800000, 320000.0, 256000.0, 3776000.0, 3000000, '2023-05-27 00:00:00', '2023-05-27 00:00:00');
INSERT INTO payments (id, booking_id, user_id, amount, currency, status, method, created_at, processed_at) VALUES ('375ae731-18c0-4c97-a621-e9a35772e73e', '5363ca83-e023-4616-9b2a-75cac3af6a3f', 'B2C3D4E5-F6G7-8901-BCDE-234567890123', 3776000.0, 'VND', 'SUCCEEDED', 'VNPAY', '2023-05-27 00:00:00', '2023-05-27 00:00:00');
INSERT INTO reviews (id, vehicle_id, booking_id, reviewer_id, owner_id, rating, cleanliness, accuracy, communication, value_rating, comment, created_at, updated_at) VALUES ('0fbedce5-e162-452f-810c-c2a18e3e8a2d', 'V1A2B3C4-D5E6-7890-VHCL-111111111111', '5363ca83-e023-4616-9b2a-75cac3af6a3f', 'B2C3D4E5-F6G7-8901-BCDE-234567890123', 'E5F6G7H8-I9J0-1234-EFGH-567890123456', 3, 3, 3, 3, 3, N'Trải nghiệm tuyệt vời!', '2023-06-02 00:00:00', '2023-06-02 00:00:00');
INSERT INTO bookings (id, vehicle_id, renter_id, owner_id, status, start_date, end_date, total_days, base_price, price_per_day, service_fee, taxes, total, deposit, created_at, updated_at) VALUES ('1a07995a-5d67-4190-89b2-943161e1ea73', 'V1A2B3C4-D5E6-7890-VHCL-111111111111', 'B2C3D4E5-F6G7-8901-BCDE-234567890123', 'E5F6G7H8-I9J0-1234-EFGH-567890123456', 'CANCELLED', '2023-01-20', '2023-01-22', 2, 1600000, 800000, 160000.0, 128000.0, 1888000.0, 3000000, '2023-01-09 00:00:00', '2023-01-09 00:00:00');
INSERT INTO payments (id, booking_id, user_id, amount, currency, status, method, created_at, processed_at) VALUES ('1f2142f2-83cc-421c-9828-3e64b7824381', '1a07995a-5d67-4190-89b2-943161e1ea73', 'B2C3D4E5-F6G7-8901-BCDE-234567890123', 1888000.0, 'VND', 'REFUNDED', 'VNPAY', '2023-01-09 00:00:00', '2023-01-09 00:00:00');
INSERT INTO bookings (id, vehicle_id, renter_id, owner_id, status, start_date, end_date, total_days, base_price, price_per_day, service_fee, taxes, total, deposit, created_at, updated_at) VALUES ('bd686e58-6d58-42d9-991b-c6d14430cc5f', 'V1A2B3C4-D5E6-7890-VHCL-111111111111', 'C3D4E5F6-G7H8-9012-CDEF-345678901234', 'E5F6G7H8-I9J0-1234-EFGH-567890123456', 'COMPLETED', '2024-01-07', '2024-01-09', 2, 1600000, 800000, 160000.0, 128000.0, 1888000.0, 3000000, '2023-12-27 00:00:00', '2023-12-27 00:00:00');
INSERT INTO payments (id, booking_id, user_id, amount, currency, status, method, created_at, processed_at) VALUES ('76874774-d78d-49ab-bb10-4bf3de77b750', 'bd686e58-6d58-42d9-991b-c6d14430cc5f', 'C3D4E5F6-G7H8-9012-CDEF-345678901234', 1888000.0, 'VND', 'SUCCEEDED', 'VNPAY', '2023-12-27 00:00:00', '2023-12-27 00:00:00');
INSERT INTO reviews (id, vehicle_id, booking_id, reviewer_id, owner_id, rating, cleanliness, accuracy, communication, value_rating, comment, created_at, updated_at) VALUES ('1c66c708-0a9f-4804-8530-9f55faf8ae7b', 'V1A2B3C4-D5E6-7890-VHCL-111111111111', 'bd686e58-6d58-42d9-991b-c6d14430cc5f', 'C3D4E5F6-G7H8-9012-CDEF-345678901234', 'E5F6G7H8-I9J0-1234-EFGH-567890123456', 5, 5, 5, 5, 5, N'Trải nghiệm tuyệt vời!', '2024-01-09 00:00:00', '2024-01-09 00:00:00');
INSERT INTO bookings (id, vehicle_id, renter_id, owner_id, status, start_date, end_date, total_days, base_price, price_per_day, service_fee, taxes, total, deposit, created_at, updated_at) VALUES ('b719548e-782e-4038-910d-030677dae07a', 'V1A2B3C4-D5E6-7890-VHCL-111111111111', 'B2C3D4E5-F6G7-8901-BCDE-234567890123', 'E5F6G7H8-I9J0-1234-EFGH-567890123456', 'COMPLETED', '2024-05-03', '2024-05-09', 6, 4800000, 800000, 480000.0, 384000.0, 5664000.0, 3000000, '2024-04-21 00:00:00', '2024-04-21 00:00:00');
INSERT INTO payments (id, booking_id, user_id, amount, currency, status, method, created_at, processed_at) VALUES ('60e75c32-56b9-4a67-824d-b5e874e734a4', 'b719548e-782e-4038-910d-030677dae07a', 'B2C3D4E5-F6G7-8901-BCDE-234567890123', 5664000.0, 'VND', 'SUCCEEDED', 'VNPAY', '2024-04-21 00:00:00', '2024-04-21 00:00:00');
INSERT INTO reviews (id, vehicle_id, booking_id, reviewer_id, owner_id, rating, cleanliness, accuracy, communication, value_rating, comment, created_at, updated_at) VALUES ('77cdefc6-190e-45e1-8343-39aaa7ba38b8', 'V1A2B3C4-D5E6-7890-VHCL-111111111111', 'b719548e-782e-4038-910d-030677dae07a', 'B2C3D4E5-F6G7-8901-BCDE-234567890123', 'E5F6G7H8-I9J0-1234-EFGH-567890123456', 3, 3, 3, 3, 3, N'Trải nghiệm tuyệt vời!', '2024-05-09 00:00:00', '2024-05-09 00:00:00');
INSERT INTO bookings (id, vehicle_id, renter_id, owner_id, status, start_date, end_date, total_days, base_price, price_per_day, service_fee, taxes, total, deposit, created_at, updated_at) VALUES ('4c80ee5c-a57f-4bda-b30b-71de72e88fca', 'V1A2B3C4-D5E6-7890-VHCL-111111111111', 'B2C3D4E5-F6G7-8901-BCDE-234567890123', 'E5F6G7H8-I9J0-1234-EFGH-567890123456', 'CANCELLED', '2023-03-26', '2023-03-30', 4, 3200000, 800000, 320000.0, 256000.0, 3776000.0, 3000000, '2023-03-23 00:00:00', '2023-03-23 00:00:00');
INSERT INTO payments (id, booking_id, user_id, amount, currency, status, method, created_at, processed_at) VALUES ('fda57091-aa7d-4d61-b416-cc1b5005438f', '4c80ee5c-a57f-4bda-b30b-71de72e88fca', 'B2C3D4E5-F6G7-8901-BCDE-234567890123', 3776000.0, 'VND', 'REFUNDED', 'VNPAY', '2023-03-23 00:00:00', '2023-03-23 00:00:00');
INSERT INTO bookings (id, vehicle_id, renter_id, owner_id, status, start_date, end_date, total_days, base_price, price_per_day, service_fee, taxes, total, deposit, created_at, updated_at) VALUES ('306ee78b-6215-45b5-a8b5-3a2196a3eb1b', 'V1A2B3C4-D5E6-7890-VHCL-111111111111', 'C3D4E5F6-G7H8-9012-CDEF-345678901234', 'E5F6G7H8-I9J0-1234-EFGH-567890123456', 'COMPLETED', '2023-07-01', '2023-07-08', 7, 5600000, 800000, 560000.0, 448000.0, 6608000.0, 3000000, '2023-06-24 00:00:00', '2023-06-24 00:00:00');
INSERT INTO payments (id, booking_id, user_id, amount, currency, status, method, created_at, processed_at) VALUES ('44c048d4-005a-41b8-8156-57f0f87114ef', '306ee78b-6215-45b5-a8b5-3a2196a3eb1b', 'C3D4E5F6-G7H8-9012-CDEF-345678901234', 6608000.0, 'VND', 'SUCCEEDED', 'VNPAY', '2023-06-24 00:00:00', '2023-06-24 00:00:00');
INSERT INTO reviews (id, vehicle_id, booking_id, reviewer_id, owner_id, rating, cleanliness, accuracy, communication, value_rating, comment, created_at, updated_at) VALUES ('96682281-ab14-4b44-998b-da17d04904ee', 'V1A2B3C4-D5E6-7890-VHCL-111111111111', '306ee78b-6215-45b5-a8b5-3a2196a3eb1b', 'C3D4E5F6-G7H8-9012-CDEF-345678901234', 'E5F6G7H8-I9J0-1234-EFGH-567890123456', 5, 5, 5, 5, 5, N'Trải nghiệm tuyệt vời!', '2023-07-08 00:00:00', '2023-07-08 00:00:00');
INSERT INTO bookings (id, vehicle_id, renter_id, owner_id, status, start_date, end_date, total_days, base_price, price_per_day, service_fee, taxes, total, deposit, created_at, updated_at) VALUES ('c068ddf7-2869-4ae3-9043-0bd3241fd4fd', 'V1A2B3C4-D5E6-7890-VHCL-111111111111', 'D4E5F6G7-H8I9-0123-DEFG-456789012345', 'E5F6G7H8-I9J0-1234-EFGH-567890123456', 'COMPLETED', '2023-04-29', '2023-05-04', 5, 4000000, 800000, 400000.0, 320000.0, 4720000.0, 3000000, '2023-04-23 00:00:00', '2023-04-23 00:00:00');
INSERT INTO payments (id, booking_id, user_id, amount, currency, status, method, created_at, processed_at) VALUES ('61cc8a2c-6272-4548-b654-d109652c096a', 'c068ddf7-2869-4ae3-9043-0bd3241fd4fd', 'D4E5F6G7-H8I9-0123-DEFG-456789012345', 4720000.0, 'VND', 'SUCCEEDED', 'VNPAY', '2023-04-23 00:00:00', '2023-04-23 00:00:00');
INSERT INTO reviews (id, vehicle_id, booking_id, reviewer_id, owner_id, rating, cleanliness, accuracy, communication, value_rating, comment, created_at, updated_at) VALUES ('45ad26e2-dbf4-4395-a307-abbe06423174', 'V1A2B3C4-D5E6-7890-VHCL-111111111111', 'c068ddf7-2869-4ae3-9043-0bd3241fd4fd', 'D4E5F6G7-H8I9-0123-DEFG-456789012345', 'E5F6G7H8-I9J0-1234-EFGH-567890123456', 5, 5, 5, 5, 5, N'Trải nghiệm tuyệt vời!', '2023-05-04 00:00:00', '2023-05-04 00:00:00');
INSERT INTO bookings (id, vehicle_id, renter_id, owner_id, status, start_date, end_date, total_days, base_price, price_per_day, service_fee, taxes, total, deposit, created_at, updated_at) VALUES ('8365eb90-0f57-4a60-9814-171d473460f2', 'V1A2B3C4-D5E6-7890-VHCL-111111111111', 'B2C3D4E5-F6G7-8901-BCDE-234567890123', 'E5F6G7H8-I9J0-1234-EFGH-567890123456', 'COMPLETED', '2023-09-14', '2023-09-22', 8, 6400000, 800000, 640000.0, 512000.0, 7552000.0, 3000000, '2023-09-09 00:00:00', '2023-09-09 00:00:00');
INSERT INTO payments (id, booking_id, user_id, amount, currency, status, method, created_at, processed_at) VALUES ('a8f6e494-87a9-4593-9249-bd0614d4629e', '8365eb90-0f57-4a60-9814-171d473460f2', 'B2C3D4E5-F6G7-8901-BCDE-234567890123', 7552000.0, 'VND', 'SUCCEEDED', 'VNPAY', '2023-09-09 00:00:00', '2023-09-09 00:00:00');
INSERT INTO reviews (id, vehicle_id, booking_id, reviewer_id, owner_id, rating, cleanliness, accuracy, communication, value_rating, comment, created_at, updated_at) VALUES ('fbfa1ef8-047f-43cf-b2aa-5ee4a1ed4b17', 'V1A2B3C4-D5E6-7890-VHCL-111111111111', '8365eb90-0f57-4a60-9814-171d473460f2', 'B2C3D4E5-F6G7-8901-BCDE-234567890123', 'E5F6G7H8-I9J0-1234-EFGH-567890123456', 5, 5, 5, 5, 5, N'Trải nghiệm tuyệt vời!', '2023-09-22 00:00:00', '2023-09-22 00:00:00');
INSERT INTO bookings (id, vehicle_id, renter_id, owner_id, status, start_date, end_date, total_days, base_price, price_per_day, service_fee, taxes, total, deposit, created_at, updated_at) VALUES ('ca56bcec-4671-453a-b73a-02276dd084e5', 'V1A2B3C4-D5E6-7890-VHCL-111111111111', 'B2C3D4E5-F6G7-8901-BCDE-234567890123', 'E5F6G7H8-I9J0-1234-EFGH-567890123456', 'COMPLETED', '2023-04-19', '2023-04-25', 6, 4800000, 800000, 480000.0, 384000.0, 5664000.0, 3000000, '2023-04-08 00:00:00', '2023-04-08 00:00:00');
INSERT INTO payments (id, booking_id, user_id, amount, currency, status, method, created_at, processed_at) VALUES ('4803bdfe-4e3f-4eb7-9b64-f94f18a3e8a8', 'ca56bcec-4671-453a-b73a-02276dd084e5', 'B2C3D4E5-F6G7-8901-BCDE-234567890123', 5664000.0, 'VND', 'SUCCEEDED', 'VNPAY', '2023-04-08 00:00:00', '2023-04-08 00:00:00');
INSERT INTO reviews (id, vehicle_id, booking_id, reviewer_id, owner_id, rating, cleanliness, accuracy, communication, value_rating, comment, created_at, updated_at) VALUES ('5f9ffc53-2019-4110-b51e-f2b18d16098f', 'V1A2B3C4-D5E6-7890-VHCL-111111111111', 'ca56bcec-4671-453a-b73a-02276dd084e5', 'B2C3D4E5-F6G7-8901-BCDE-234567890123', 'E5F6G7H8-I9J0-1234-EFGH-567890123456', 4, 4, 4, 4, 4, N'Trải nghiệm tuyệt vời!', '2023-04-25 00:00:00', '2023-04-25 00:00:00');
INSERT INTO bookings (id, vehicle_id, renter_id, owner_id, status, start_date, end_date, total_days, base_price, price_per_day, service_fee, taxes, total, deposit, created_at, updated_at) VALUES ('ee14ef1d-db2f-4b11-868f-401bc598448b', 'V1A2B3C4-D5E6-7890-VHCL-111111111111', 'B2C3D4E5-F6G7-8901-BCDE-234567890123', 'E5F6G7H8-I9J0-1234-EFGH-567890123456', 'COMPLETED', '2024-03-01', '2024-03-06', 5, 4000000, 800000, 400000.0, 320000.0, 4720000.0, 3000000, '2024-02-16 00:00:00', '2024-02-16 00:00:00');
INSERT INTO payments (id, booking_id, user_id, amount, currency, status, method, created_at, processed_at) VALUES ('34d9c794-25e5-4b3a-8810-be9a525b5cf6', 'ee14ef1d-db2f-4b11-868f-401bc598448b', 'B2C3D4E5-F6G7-8901-BCDE-234567890123', 4720000.0, 'VND', 'SUCCEEDED', 'VNPAY', '2024-02-16 00:00:00', '2024-02-16 00:00:00');
INSERT INTO reviews (id, vehicle_id, booking_id, reviewer_id, owner_id, rating, cleanliness, accuracy, communication, value_rating, comment, created_at, updated_at) VALUES ('416f48e9-1e2f-48ac-8f36-9e29930015f7', 'V1A2B3C4-D5E6-7890-VHCL-111111111111', 'ee14ef1d-db2f-4b11-868f-401bc598448b', 'B2C3D4E5-F6G7-8901-BCDE-234567890123', 'E5F6G7H8-I9J0-1234-EFGH-567890123456', 5, 5, 5, 5, 5, N'Trải nghiệm tuyệt vời!', '2024-03-06 00:00:00', '2024-03-06 00:00:00');
INSERT INTO bookings (id, vehicle_id, renter_id, owner_id, status, start_date, end_date, total_days, base_price, price_per_day, service_fee, taxes, total, deposit, created_at, updated_at) VALUES ('5ad042c5-1031-415f-8b1d-2c9eab35497b', 'V1A2B3C4-D5E6-7890-VHCL-111111111111', 'C3D4E5F6-G7H8-9012-CDEF-345678901234', 'E5F6G7H8-I9J0-1234-EFGH-567890123456', 'COMPLETED', '2023-12-25', '2023-12-28', 3, 2400000, 800000, 240000.0, 192000.0, 2832000.0, 3000000, '2023-12-20 00:00:00', '2023-12-20 00:00:00');
INSERT INTO payments (id, booking_id, user_id, amount, currency, status, method, created_at, processed_at) VALUES ('8bf4fe83-aa4c-4133-ae7a-6275f71c2902', '5ad042c5-1031-415f-8b1d-2c9eab35497b', 'C3D4E5F6-G7H8-9012-CDEF-345678901234', 2832000.0, 'VND', 'SUCCEEDED', 'VNPAY', '2023-12-20 00:00:00', '2023-12-20 00:00:00');
INSERT INTO reviews (id, vehicle_id, booking_id, reviewer_id, owner_id, rating, cleanliness, accuracy, communication, value_rating, comment, created_at, updated_at) VALUES ('1f281fdf-8ed2-47e5-a890-6a20baad9fae', 'V1A2B3C4-D5E6-7890-VHCL-111111111111', '5ad042c5-1031-415f-8b1d-2c9eab35497b', 'C3D4E5F6-G7H8-9012-CDEF-345678901234', 'E5F6G7H8-I9J0-1234-EFGH-567890123456', 5, 5, 5, 5, 5, N'Trải nghiệm tuyệt vời!', '2023-12-28 00:00:00', '2023-12-28 00:00:00');
INSERT INTO bookings (id, vehicle_id, renter_id, owner_id, status, start_date, end_date, total_days, base_price, price_per_day, service_fee, taxes, total, deposit, created_at, updated_at) VALUES ('7c0ac6a6-510f-46d5-a70f-573c82983fa8', 'V1A2B3C4-D5E6-7890-VHCL-111111111111', 'B2C3D4E5-F6G7-8901-BCDE-234567890123', 'E5F6G7H8-I9J0-1234-EFGH-567890123456', 'CANCELLED', '2023-12-09', '2023-12-13', 4, 3200000, 800000, 320000.0, 256000.0, 3776000.0, 3000000, '2023-11-29 00:00:00', '2023-11-29 00:00:00');
INSERT INTO payments (id, booking_id, user_id, amount, currency, status, method, created_at, processed_at) VALUES ('7e834e7c-8dfc-4a47-a075-1fada03e2181', '7c0ac6a6-510f-46d5-a70f-573c82983fa8', 'B2C3D4E5-F6G7-8901-BCDE-234567890123', 3776000.0, 'VND', 'REFUNDED', 'VNPAY', '2023-11-29 00:00:00', '2023-11-29 00:00:00');
INSERT INTO bookings (id, vehicle_id, renter_id, owner_id, status, start_date, end_date, total_days, base_price, price_per_day, service_fee, taxes, total, deposit, created_at, updated_at) VALUES ('5abd5e41-49be-4ca5-b604-961bafe51a66', 'V1A2B3C4-D5E6-7890-VHCL-111111111111', 'C3D4E5F6-G7H8-9012-CDEF-345678901234', 'E5F6G7H8-I9J0-1234-EFGH-567890123456', 'COMPLETED', '2023-12-05', '2023-12-12', 7, 5600000, 800000, 560000.0, 448000.0, 6608000.0, 3000000, '2023-12-04 00:00:00', '2023-12-04 00:00:00');
INSERT INTO payments (id, booking_id, user_id, amount, currency, status, method, created_at, processed_at) VALUES ('a9c00ee9-ad6a-4f2c-a9ff-1ab16fa52d59', '5abd5e41-49be-4ca5-b604-961bafe51a66', 'C3D4E5F6-G7H8-9012-CDEF-345678901234', 6608000.0, 'VND', 'SUCCEEDED', 'VNPAY', '2023-12-04 00:00:00', '2023-12-04 00:00:00');
INSERT INTO reviews (id, vehicle_id, booking_id, reviewer_id, owner_id, rating, cleanliness, accuracy, communication, value_rating, comment, created_at, updated_at) VALUES ('90958dcf-fe70-4c56-a738-a76fdab67f5a', 'V1A2B3C4-D5E6-7890-VHCL-111111111111', '5abd5e41-49be-4ca5-b604-961bafe51a66', 'C3D4E5F6-G7H8-9012-CDEF-345678901234', 'E5F6G7H8-I9J0-1234-EFGH-567890123456', 4, 4, 4, 4, 4, N'Trải nghiệm tuyệt vời!', '2023-12-12 00:00:00', '2023-12-12 00:00:00');
INSERT INTO bookings (id, vehicle_id, renter_id, owner_id, status, start_date, end_date, total_days, base_price, price_per_day, service_fee, taxes, total, deposit, created_at, updated_at) VALUES ('5c356c14-953d-405e-af3c-f94c9f35d396', 'V1A2B3C4-D5E6-7890-VHCL-111111111111', 'D4E5F6G7-H8I9-0123-DEFG-456789012345', 'E5F6G7H8-I9J0-1234-EFGH-567890123456', 'COMPLETED', '2024-01-23', '2024-01-24', 1, 800000, 800000, 80000.0, 64000.0, 944000.0, 3000000, '2024-01-22 00:00:00', '2024-01-22 00:00:00');
INSERT INTO payments (id, booking_id, user_id, amount, currency, status, method, created_at, processed_at) VALUES ('6c70ab2b-96e4-4a38-b083-7a42f8788293', '5c356c14-953d-405e-af3c-f94c9f35d396', 'D4E5F6G7-H8I9-0123-DEFG-456789012345', 944000.0, 'VND', 'SUCCEEDED', 'VNPAY', '2024-01-22 00:00:00', '2024-01-22 00:00:00');
INSERT INTO reviews (id, vehicle_id, booking_id, reviewer_id, owner_id, rating, cleanliness, accuracy, communication, value_rating, comment, created_at, updated_at) VALUES ('0c332d62-5941-4ad4-83bb-0392a5c31c5d', 'V1A2B3C4-D5E6-7890-VHCL-111111111111', '5c356c14-953d-405e-af3c-f94c9f35d396', 'D4E5F6G7-H8I9-0123-DEFG-456789012345', 'E5F6G7H8-I9J0-1234-EFGH-567890123456', 5, 5, 5, 5, 5, N'Trải nghiệm tuyệt vời!', '2024-01-24 00:00:00', '2024-01-24 00:00:00');
INSERT INTO bookings (id, vehicle_id, renter_id, owner_id, status, start_date, end_date, total_days, base_price, price_per_day, service_fee, taxes, total, deposit, created_at, updated_at) VALUES ('e1c3f720-2ba9-4d00-a81f-4db89ec84697', 'V1A2B3C4-D5E6-7890-VHCL-111111111111', 'B2C3D4E5-F6G7-8901-BCDE-234567890123', 'E5F6G7H8-I9J0-1234-EFGH-567890123456', 'COMPLETED', '2024-02-06', '2024-02-11', 5, 4000000, 800000, 400000.0, 320000.0, 4720000.0, 3000000, '2024-02-01 00:00:00', '2024-02-01 00:00:00');
INSERT INTO payments (id, booking_id, user_id, amount, currency, status, method, created_at, processed_at) VALUES ('dcd1d351-24ff-413b-b32a-122044e57f02', 'e1c3f720-2ba9-4d00-a81f-4db89ec84697', 'B2C3D4E5-F6G7-8901-BCDE-234567890123', 4720000.0, 'VND', 'SUCCEEDED', 'VNPAY', '2024-02-01 00:00:00', '2024-02-01 00:00:00');
INSERT INTO reviews (id, vehicle_id, booking_id, reviewer_id, owner_id, rating, cleanliness, accuracy, communication, value_rating, comment, created_at, updated_at) VALUES ('2fba12bf-2d15-4bb9-8a7f-4105c38f3f27', 'V1A2B3C4-D5E6-7890-VHCL-111111111111', 'e1c3f720-2ba9-4d00-a81f-4db89ec84697', 'B2C3D4E5-F6G7-8901-BCDE-234567890123', 'E5F6G7H8-I9J0-1234-EFGH-567890123456', 3, 3, 3, 3, 3, N'Trải nghiệm tuyệt vời!', '2024-02-11 00:00:00', '2024-02-11 00:00:00');
INSERT INTO bookings (id, vehicle_id, renter_id, owner_id, status, start_date, end_date, total_days, base_price, price_per_day, service_fee, taxes, total, deposit, created_at, updated_at) VALUES ('7340ec93-2a2b-4b88-be93-24d67e467a1d', 'V1A2B3C4-D5E6-7890-VHCL-111111111111', 'C3D4E5F6-G7H8-9012-CDEF-345678901234', 'E5F6G7H8-I9J0-1234-EFGH-567890123456', 'COMPLETED', '2023-06-30', '2023-07-07', 7, 5600000, 800000, 560000.0, 448000.0, 6608000.0, 3000000, '2023-06-29 00:00:00', '2023-06-29 00:00:00');
INSERT INTO payments (id, booking_id, user_id, amount, currency, status, method, created_at, processed_at) VALUES ('bfc6bce4-47ba-44f2-a524-08d637beec04', '7340ec93-2a2b-4b88-be93-24d67e467a1d', 'C3D4E5F6-G7H8-9012-CDEF-345678901234', 6608000.0, 'VND', 'SUCCEEDED', 'VNPAY', '2023-06-29 00:00:00', '2023-06-29 00:00:00');
INSERT INTO reviews (id, vehicle_id, booking_id, reviewer_id, owner_id, rating, cleanliness, accuracy, communication, value_rating, comment, created_at, updated_at) VALUES ('9a5cdb97-27bd-4671-b273-ce65bd6d4768', 'V1A2B3C4-D5E6-7890-VHCL-111111111111', '7340ec93-2a2b-4b88-be93-24d67e467a1d', 'C3D4E5F6-G7H8-9012-CDEF-345678901234', 'E5F6G7H8-I9J0-1234-EFGH-567890123456', 3, 3, 3, 3, 3, N'Trải nghiệm tuyệt vời!', '2023-07-07 00:00:00', '2023-07-07 00:00:00');
INSERT INTO bookings (id, vehicle_id, renter_id, owner_id, status, start_date, end_date, total_days, base_price, price_per_day, service_fee, taxes, total, deposit, created_at, updated_at) VALUES ('7e380eaf-6bfe-4dd3-af5a-0f0fad3c7892', 'V1A2B3C4-D5E6-7890-VHCL-111111111111', 'D4E5F6G7-H8I9-0123-DEFG-456789012345', 'E5F6G7H8-I9J0-1234-EFGH-567890123456', 'COMPLETED', '2023-05-24', '2023-06-02', 9, 7200000, 800000, 720000.0, 576000.0, 8496000.0, 3000000, '2023-05-19 00:00:00', '2023-05-19 00:00:00');
INSERT INTO payments (id, booking_id, user_id, amount, currency, status, method, created_at, processed_at) VALUES ('fa814599-722a-4776-8931-fc7977991842', '7e380eaf-6bfe-4dd3-af5a-0f0fad3c7892', 'D4E5F6G7-H8I9-0123-DEFG-456789012345', 8496000.0, 'VND', 'SUCCEEDED', 'VNPAY', '2023-05-19 00:00:00', '2023-05-19 00:00:00');
INSERT INTO reviews (id, vehicle_id, booking_id, reviewer_id, owner_id, rating, cleanliness, accuracy, communication, value_rating, comment, created_at, updated_at) VALUES ('abd5e05c-29cb-44e5-9fb5-d734c898f9fb', 'V1A2B3C4-D5E6-7890-VHCL-111111111111', '7e380eaf-6bfe-4dd3-af5a-0f0fad3c7892', 'D4E5F6G7-H8I9-0123-DEFG-456789012345', 'E5F6G7H8-I9J0-1234-EFGH-567890123456', 5, 5, 5, 5, 5, N'Trải nghiệm tuyệt vời!', '2023-06-02 00:00:00', '2023-06-02 00:00:00');
INSERT INTO bookings (id, vehicle_id, renter_id, owner_id, status, start_date, end_date, total_days, base_price, price_per_day, service_fee, taxes, total, deposit, created_at, updated_at) VALUES ('97d2a5bb-11a3-484f-ae42-58b00b7a0375', 'V1A2B3C4-D5E6-7890-VHCL-111111111111', 'D4E5F6G7-H8I9-0123-DEFG-456789012345', 'E5F6G7H8-I9J0-1234-EFGH-567890123456', 'COMPLETED', '2023-03-22', '2023-03-27', 5, 4000000, 800000, 400000.0, 320000.0, 4720000.0, 3000000, '2023-03-13 00:00:00', '2023-03-13 00:00:00');
INSERT INTO payments (id, booking_id, user_id, amount, currency, status, method, created_at, processed_at) VALUES ('77472a80-5e3e-4f99-89b4-a6f8832cdb88', '97d2a5bb-11a3-484f-ae42-58b00b7a0375', 'D4E5F6G7-H8I9-0123-DEFG-456789012345', 4720000.0, 'VND', 'SUCCEEDED', 'VNPAY', '2023-03-13 00:00:00', '2023-03-13 00:00:00');
INSERT INTO reviews (id, vehicle_id, booking_id, reviewer_id, owner_id, rating, cleanliness, accuracy, communication, value_rating, comment, created_at, updated_at) VALUES ('85f1d49c-1194-49bc-a56a-0514c498b6da', 'V1A2B3C4-D5E6-7890-VHCL-111111111111', '97d2a5bb-11a3-484f-ae42-58b00b7a0375', 'D4E5F6G7-H8I9-0123-DEFG-456789012345', 'E5F6G7H8-I9J0-1234-EFGH-567890123456', 4, 4, 4, 4, 4, N'Trải nghiệm tuyệt vời!', '2023-03-27 00:00:00', '2023-03-27 00:00:00');
INSERT INTO bookings (id, vehicle_id, renter_id, owner_id, status, start_date, end_date, total_days, base_price, price_per_day, service_fee, taxes, total, deposit, created_at, updated_at) VALUES ('26c0cfab-4b57-49a6-b156-2df8ff785466', 'V1A2B3C4-D5E6-7890-VHCL-111111111111', 'C3D4E5F6-G7H8-9012-CDEF-345678901234', 'E5F6G7H8-I9J0-1234-EFGH-567890123456', 'CANCELLED', '2024-05-03', '2024-05-06', 3, 2400000, 800000, 240000.0, 192000.0, 2832000.0, 3000000, '2024-04-22 00:00:00', '2024-04-22 00:00:00');
INSERT INTO payments (id, booking_id, user_id, amount, currency, status, method, created_at, processed_at) VALUES ('a07105c7-2001-4b3b-a070-81d8012217a8', '26c0cfab-4b57-49a6-b156-2df8ff785466', 'C3D4E5F6-G7H8-9012-CDEF-345678901234', 2832000.0, 'VND', 'REFUNDED', 'VNPAY', '2024-04-22 00:00:00', '2024-04-22 00:00:00');
INSERT INTO bookings (id, vehicle_id, renter_id, owner_id, status, start_date, end_date, total_days, base_price, price_per_day, service_fee, taxes, total, deposit, created_at, updated_at) VALUES ('d8ad17a3-a483-48a1-b4c2-521925f12782', 'V1A2B3C4-D5E6-7890-VHCL-111111111111', 'B2C3D4E5-F6G7-8901-BCDE-234567890123', 'E5F6G7H8-I9J0-1234-EFGH-567890123456', 'COMPLETED', '2023-07-07', '2023-07-09', 2, 1600000, 800000, 160000.0, 128000.0, 1888000.0, 3000000, '2023-06-28 00:00:00', '2023-06-28 00:00:00');
INSERT INTO payments (id, booking_id, user_id, amount, currency, status, method, created_at, processed_at) VALUES ('7002f039-c94d-484a-a17b-cb86dedfd512', 'd8ad17a3-a483-48a1-b4c2-521925f12782', 'B2C3D4E5-F6G7-8901-BCDE-234567890123', 1888000.0, 'VND', 'SUCCEEDED', 'VNPAY', '2023-06-28 00:00:00', '2023-06-28 00:00:00');
INSERT INTO reviews (id, vehicle_id, booking_id, reviewer_id, owner_id, rating, cleanliness, accuracy, communication, value_rating, comment, created_at, updated_at) VALUES ('6e93b1b6-b602-4076-bfdd-1dd736bfebab', 'V1A2B3C4-D5E6-7890-VHCL-111111111111', 'd8ad17a3-a483-48a1-b4c2-521925f12782', 'B2C3D4E5-F6G7-8901-BCDE-234567890123', 'E5F6G7H8-I9J0-1234-EFGH-567890123456', 4, 4, 4, 4, 4, N'Trải nghiệm tuyệt vời!', '2023-07-09 00:00:00', '2023-07-09 00:00:00');
INSERT INTO bookings (id, vehicle_id, renter_id, owner_id, status, start_date, end_date, total_days, base_price, price_per_day, service_fee, taxes, total, deposit, created_at, updated_at) VALUES ('85846511-6c51-4c9e-8a73-b7339b327b8d', 'V1A2B3C4-D5E6-7890-VHCL-111111111111', 'D4E5F6G7-H8I9-0123-DEFG-456789012345', 'E5F6G7H8-I9J0-1234-EFGH-567890123456', 'COMPLETED', '2024-04-13', '2024-04-17', 4, 3200000, 800000, 320000.0, 256000.0, 3776000.0, 3000000, '2024-04-08 00:00:00', '2024-04-08 00:00:00');
INSERT INTO payments (id, booking_id, user_id, amount, currency, status, method, created_at, processed_at) VALUES ('d90d0e1e-4056-4eda-9785-518db1415c77', '85846511-6c51-4c9e-8a73-b7339b327b8d', 'D4E5F6G7-H8I9-0123-DEFG-456789012345', 3776000.0, 'VND', 'SUCCEEDED', 'VNPAY', '2024-04-08 00:00:00', '2024-04-08 00:00:00');
INSERT INTO reviews (id, vehicle_id, booking_id, reviewer_id, owner_id, rating, cleanliness, accuracy, communication, value_rating, comment, created_at, updated_at) VALUES ('82aeb5aa-c811-4fff-9fa8-d53882fe8ecb', 'V1A2B3C4-D5E6-7890-VHCL-111111111111', '85846511-6c51-4c9e-8a73-b7339b327b8d', 'D4E5F6G7-H8I9-0123-DEFG-456789012345', 'E5F6G7H8-I9J0-1234-EFGH-567890123456', 4, 4, 4, 4, 4, N'Trải nghiệm tuyệt vời!', '2024-04-17 00:00:00', '2024-04-17 00:00:00');
INSERT INTO bookings (id, vehicle_id, renter_id, owner_id, status, start_date, end_date, total_days, base_price, price_per_day, service_fee, taxes, total, deposit, created_at, updated_at) VALUES ('31b8e2ff-e7c9-41a5-ba5c-32bb74ed32bf', 'V1A2B3C4-D5E6-7890-VHCL-111111111111', 'C3D4E5F6-G7H8-9012-CDEF-345678901234', 'E5F6G7H8-I9J0-1234-EFGH-567890123456', 'COMPLETED', '2024-02-25', '2024-02-29', 4, 3200000, 800000, 320000.0, 256000.0, 3776000.0, 3000000, '2024-02-18 00:00:00', '2024-02-18 00:00:00');
INSERT INTO payments (id, booking_id, user_id, amount, currency, status, method, created_at, processed_at) VALUES ('5dc06433-e9fc-463e-9345-53651f6dbeb9', '31b8e2ff-e7c9-41a5-ba5c-32bb74ed32bf', 'C3D4E5F6-G7H8-9012-CDEF-345678901234', 3776000.0, 'VND', 'SUCCEEDED', 'VNPAY', '2024-02-18 00:00:00', '2024-02-18 00:00:00');
INSERT INTO reviews (id, vehicle_id, booking_id, reviewer_id, owner_id, rating, cleanliness, accuracy, communication, value_rating, comment, created_at, updated_at) VALUES ('b4321364-9a25-4765-8ec5-0b931641bffe', 'V1A2B3C4-D5E6-7890-VHCL-111111111111', '31b8e2ff-e7c9-41a5-ba5c-32bb74ed32bf', 'C3D4E5F6-G7H8-9012-CDEF-345678901234', 'E5F6G7H8-I9J0-1234-EFGH-567890123456', 4, 4, 4, 4, 4, N'Trải nghiệm tuyệt vời!', '2024-02-29 00:00:00', '2024-02-29 00:00:00');
INSERT INTO bookings (id, vehicle_id, renter_id, owner_id, status, start_date, end_date, total_days, base_price, price_per_day, service_fee, taxes, total, deposit, created_at, updated_at) VALUES ('788c59e4-9696-41cc-af7f-8176e4c70d16', 'V1A2B3C4-D5E6-7890-VHCL-111111111111', 'B2C3D4E5-F6G7-8901-BCDE-234567890123', 'E5F6G7H8-I9J0-1234-EFGH-567890123456', 'CANCELLED', '2024-04-27', '2024-05-07', 10, 8000000, 800000, 800000.0, 640000.0, 9440000.0, 3000000, '2024-04-16 00:00:00', '2024-04-16 00:00:00');
INSERT INTO payments (id, booking_id, user_id, amount, currency, status, method, created_at, processed_at) VALUES ('c05a18c4-f9ed-4067-b67d-84f1fef3901a', '788c59e4-9696-41cc-af7f-8176e4c70d16', 'B2C3D4E5-F6G7-8901-BCDE-234567890123', 9440000.0, 'VND', 'REFUNDED', 'VNPAY', '2024-04-16 00:00:00', '2024-04-16 00:00:00');
INSERT INTO bookings (id, vehicle_id, renter_id, owner_id, status, start_date, end_date, total_days, base_price, price_per_day, service_fee, taxes, total, deposit, created_at, updated_at) VALUES ('ac813215-4962-4f16-bdeb-cdcdd3066478', 'V1A2B3C4-D5E6-7890-VHCL-111111111111', 'B2C3D4E5-F6G7-8901-BCDE-234567890123', 'E5F6G7H8-I9J0-1234-EFGH-567890123456', 'CANCELLED', '2023-11-23', '2023-12-02', 9, 7200000, 800000, 720000.0, 576000.0, 8496000.0, 3000000, '2023-11-09 00:00:00', '2023-11-09 00:00:00');
INSERT INTO payments (id, booking_id, user_id, amount, currency, status, method, created_at, processed_at) VALUES ('4f4c37bb-e6fe-4760-bda7-49e3f32cf331', 'ac813215-4962-4f16-bdeb-cdcdd3066478', 'B2C3D4E5-F6G7-8901-BCDE-234567890123', 8496000.0, 'VND', 'REFUNDED', 'VNPAY', '2023-11-09 00:00:00', '2023-11-09 00:00:00');
INSERT INTO bookings (id, vehicle_id, renter_id, owner_id, status, start_date, end_date, total_days, base_price, price_per_day, service_fee, taxes, total, deposit, created_at, updated_at) VALUES ('d7a0d211-1c8c-4fac-bb3b-bcc692abe74b', 'V1A2B3C4-D5E6-7890-VHCL-111111111111', 'D4E5F6G7-H8I9-0123-DEFG-456789012345', 'E5F6G7H8-I9J0-1234-EFGH-567890123456', 'COMPLETED', '2023-09-12', '2023-09-21', 9, 7200000, 800000, 720000.0, 576000.0, 8496000.0, 3000000, '2023-09-08 00:00:00', '2023-09-08 00:00:00');
INSERT INTO payments (id, booking_id, user_id, amount, currency, status, method, created_at, processed_at) VALUES ('f5c840a3-999e-4538-bae3-8f294ca91bab', 'd7a0d211-1c8c-4fac-bb3b-bcc692abe74b', 'D4E5F6G7-H8I9-0123-DEFG-456789012345', 8496000.0, 'VND', 'SUCCEEDED', 'VNPAY', '2023-09-08 00:00:00', '2023-09-08 00:00:00');
INSERT INTO reviews (id, vehicle_id, booking_id, reviewer_id, owner_id, rating, cleanliness, accuracy, communication, value_rating, comment, created_at, updated_at) VALUES ('727926b1-c415-4a03-bf49-3da9f598e846', 'V1A2B3C4-D5E6-7890-VHCL-111111111111', 'd7a0d211-1c8c-4fac-bb3b-bcc692abe74b', 'D4E5F6G7-H8I9-0123-DEFG-456789012345', 'E5F6G7H8-I9J0-1234-EFGH-567890123456', 5, 5, 5, 5, 5, N'Trải nghiệm tuyệt vời!', '2023-09-21 00:00:00', '2023-09-21 00:00:00');
INSERT INTO bookings (id, vehicle_id, renter_id, owner_id, status, start_date, end_date, total_days, base_price, price_per_day, service_fee, taxes, total, deposit, created_at, updated_at) VALUES ('beae4e43-0908-498d-885a-b78c556dd6c4', 'V1A2B3C4-D5E6-7890-VHCL-111111111111', 'B2C3D4E5-F6G7-8901-BCDE-234567890123', 'E5F6G7H8-I9J0-1234-EFGH-567890123456', 'COMPLETED', '2023-12-24', '2023-12-27', 3, 2400000, 800000, 240000.0, 192000.0, 2832000.0, 3000000, '2023-12-21 00:00:00', '2023-12-21 00:00:00');
INSERT INTO payments (id, booking_id, user_id, amount, currency, status, method, created_at, processed_at) VALUES ('8c253c74-f92e-4d2a-8c0c-fc3644462587', 'beae4e43-0908-498d-885a-b78c556dd6c4', 'B2C3D4E5-F6G7-8901-BCDE-234567890123', 2832000.0, 'VND', 'SUCCEEDED', 'VNPAY', '2023-12-21 00:00:00', '2023-12-21 00:00:00');
INSERT INTO reviews (id, vehicle_id, booking_id, reviewer_id, owner_id, rating, cleanliness, accuracy, communication, value_rating, comment, created_at, updated_at) VALUES ('8dc59bbb-b634-4082-a139-d69b182d15d2', 'V1A2B3C4-D5E6-7890-VHCL-111111111111', 'beae4e43-0908-498d-885a-b78c556dd6c4', 'B2C3D4E5-F6G7-8901-BCDE-234567890123', 'E5F6G7H8-I9J0-1234-EFGH-567890123456', 5, 5, 5, 5, 5, N'Trải nghiệm tuyệt vời!', '2023-12-27 00:00:00', '2023-12-27 00:00:00');
INSERT INTO bookings (id, vehicle_id, renter_id, owner_id, status, start_date, end_date, total_days, base_price, price_per_day, service_fee, taxes, total, deposit, created_at, updated_at) VALUES ('b9049f52-5ede-4003-85cb-c0f84218ae21', 'V1A2B3C4-D5E6-7890-VHCL-111111111111', 'D4E5F6G7-H8I9-0123-DEFG-456789012345', 'E5F6G7H8-I9J0-1234-EFGH-567890123456', 'COMPLETED', '2023-03-18', '2023-03-19', 1, 800000, 800000, 80000.0, 64000.0, 944000.0, 3000000, '2023-03-06 00:00:00', '2023-03-06 00:00:00');
INSERT INTO payments (id, booking_id, user_id, amount, currency, status, method, created_at, processed_at) VALUES ('48eb5b1b-75f6-4e55-866e-65dc5ac59c6f', 'b9049f52-5ede-4003-85cb-c0f84218ae21', 'D4E5F6G7-H8I9-0123-DEFG-456789012345', 944000.0, 'VND', 'SUCCEEDED', 'VNPAY', '2023-03-06 00:00:00', '2023-03-06 00:00:00');
INSERT INTO reviews (id, vehicle_id, booking_id, reviewer_id, owner_id, rating, cleanliness, accuracy, communication, value_rating, comment, created_at, updated_at) VALUES ('fe98505e-039b-4f4e-9145-cd8dda7fb41a', 'V1A2B3C4-D5E6-7890-VHCL-111111111111', 'b9049f52-5ede-4003-85cb-c0f84218ae21', 'D4E5F6G7-H8I9-0123-DEFG-456789012345', 'E5F6G7H8-I9J0-1234-EFGH-567890123456', 5, 5, 5, 5, 5, N'Trải nghiệm tuyệt vời!', '2023-03-19 00:00:00', '2023-03-19 00:00:00');
INSERT INTO bookings (id, vehicle_id, renter_id, owner_id, status, start_date, end_date, total_days, base_price, price_per_day, service_fee, taxes, total, deposit, created_at, updated_at) VALUES ('e833bcc0-75b9-426f-84e7-50bb58c88adf', 'V1A2B3C4-D5E6-7890-VHCL-111111111111', 'C3D4E5F6-G7H8-9012-CDEF-345678901234', 'E5F6G7H8-I9J0-1234-EFGH-567890123456', 'COMPLETED', '2023-04-02', '2023-04-04', 2, 1600000, 800000, 160000.0, 128000.0, 1888000.0, 3000000, '2023-03-25 00:00:00', '2023-03-25 00:00:00');
INSERT INTO payments (id, booking_id, user_id, amount, currency, status, method, created_at, processed_at) VALUES ('967e7431-09d2-42da-808b-994d66237c62', 'e833bcc0-75b9-426f-84e7-50bb58c88adf', 'C3D4E5F6-G7H8-9012-CDEF-345678901234', 1888000.0, 'VND', 'SUCCEEDED', 'VNPAY', '2023-03-25 00:00:00', '2023-03-25 00:00:00');
INSERT INTO reviews (id, vehicle_id, booking_id, reviewer_id, owner_id, rating, cleanliness, accuracy, communication, value_rating, comment, created_at, updated_at) VALUES ('945e70a4-fa54-44d3-b120-04c8e303c13e', 'V1A2B3C4-D5E6-7890-VHCL-111111111111', 'e833bcc0-75b9-426f-84e7-50bb58c88adf', 'C3D4E5F6-G7H8-9012-CDEF-345678901234', 'E5F6G7H8-I9J0-1234-EFGH-567890123456', 3, 3, 3, 3, 3, N'Trải nghiệm tuyệt vời!', '2023-04-04 00:00:00', '2023-04-04 00:00:00');
INSERT INTO bookings (id, vehicle_id, renter_id, owner_id, status, start_date, end_date, total_days, base_price, price_per_day, service_fee, taxes, total, deposit, created_at, updated_at) VALUES ('51d48850-70c2-4f96-af2d-b9681ea12138', 'V1A2B3C4-D5E6-7890-VHCL-111111111111', 'D4E5F6G7-H8I9-0123-DEFG-456789012345', 'E5F6G7H8-I9J0-1234-EFGH-567890123456', 'COMPLETED', '2024-03-25', '2024-03-26', 1, 800000, 800000, 80000.0, 64000.0, 944000.0, 3000000, '2024-03-11 00:00:00', '2024-03-11 00:00:00');
INSERT INTO payments (id, booking_id, user_id, amount, currency, status, method, created_at, processed_at) VALUES ('8958a1b2-1a23-4d4f-808f-6317c2ca96c6', '51d48850-70c2-4f96-af2d-b9681ea12138', 'D4E5F6G7-H8I9-0123-DEFG-456789012345', 944000.0, 'VND', 'SUCCEEDED', 'VNPAY', '2024-03-11 00:00:00', '2024-03-11 00:00:00');
INSERT INTO reviews (id, vehicle_id, booking_id, reviewer_id, owner_id, rating, cleanliness, accuracy, communication, value_rating, comment, created_at, updated_at) VALUES ('0a4d5c6f-dd3e-4ef3-8052-76075ab5e02b', 'V1A2B3C4-D5E6-7890-VHCL-111111111111', '51d48850-70c2-4f96-af2d-b9681ea12138', 'D4E5F6G7-H8I9-0123-DEFG-456789012345', 'E5F6G7H8-I9J0-1234-EFGH-567890123456', 5, 5, 5, 5, 5, N'Trải nghiệm tuyệt vời!', '2024-03-26 00:00:00', '2024-03-26 00:00:00');
INSERT INTO bookings (id, vehicle_id, renter_id, owner_id, status, start_date, end_date, total_days, base_price, price_per_day, service_fee, taxes, total, deposit, created_at, updated_at) VALUES ('9e05513d-514b-4897-8dab-9fd3fac5b660', 'V1A2B3C4-D5E6-7890-VHCL-111111111111', 'C3D4E5F6-G7H8-9012-CDEF-345678901234', 'E5F6G7H8-I9J0-1234-EFGH-567890123456', 'COMPLETED', '2024-04-15', '2024-04-22', 7, 5600000, 800000, 560000.0, 448000.0, 6608000.0, 3000000, '2024-04-02 00:00:00', '2024-04-02 00:00:00');
INSERT INTO payments (id, booking_id, user_id, amount, currency, status, method, created_at, processed_at) VALUES ('a600658e-1278-4bac-bbfa-827ce1501162', '9e05513d-514b-4897-8dab-9fd3fac5b660', 'C3D4E5F6-G7H8-9012-CDEF-345678901234', 6608000.0, 'VND', 'SUCCEEDED', 'VNPAY', '2024-04-02 00:00:00', '2024-04-02 00:00:00');
INSERT INTO reviews (id, vehicle_id, booking_id, reviewer_id, owner_id, rating, cleanliness, accuracy, communication, value_rating, comment, created_at, updated_at) VALUES ('4c2e1219-c0ac-4082-b689-34da27da94e6', 'V1A2B3C4-D5E6-7890-VHCL-111111111111', '9e05513d-514b-4897-8dab-9fd3fac5b660', 'C3D4E5F6-G7H8-9012-CDEF-345678901234', 'E5F6G7H8-I9J0-1234-EFGH-567890123456', 4, 4, 4, 4, 4, N'Trải nghiệm tuyệt vời!', '2024-04-22 00:00:00', '2024-04-22 00:00:00');
INSERT INTO bookings (id, vehicle_id, renter_id, owner_id, status, start_date, end_date, total_days, base_price, price_per_day, service_fee, taxes, total, deposit, created_at, updated_at) VALUES ('a55cfb66-2e20-4481-b6ef-a312872b1ba7', 'V1A2B3C4-D5E6-7890-VHCL-111111111111', 'D4E5F6G7-H8I9-0123-DEFG-456789012345', 'E5F6G7H8-I9J0-1234-EFGH-567890123456', 'COMPLETED', '2023-12-23', '2023-12-31', 8, 6400000, 800000, 640000.0, 512000.0, 7552000.0, 3000000, '2023-12-16 00:00:00', '2023-12-16 00:00:00');
INSERT INTO payments (id, booking_id, user_id, amount, currency, status, method, created_at, processed_at) VALUES ('1001d3e0-8cbc-48ba-8831-0a5c73fc478e', 'a55cfb66-2e20-4481-b6ef-a312872b1ba7', 'D4E5F6G7-H8I9-0123-DEFG-456789012345', 7552000.0, 'VND', 'SUCCEEDED', 'VNPAY', '2023-12-16 00:00:00', '2023-12-16 00:00:00');
INSERT INTO reviews (id, vehicle_id, booking_id, reviewer_id, owner_id, rating, cleanliness, accuracy, communication, value_rating, comment, created_at, updated_at) VALUES ('80585515-039f-4625-8952-84ea2bb0c055', 'V1A2B3C4-D5E6-7890-VHCL-111111111111', 'a55cfb66-2e20-4481-b6ef-a312872b1ba7', 'D4E5F6G7-H8I9-0123-DEFG-456789012345', 'E5F6G7H8-I9J0-1234-EFGH-567890123456', 4, 4, 4, 4, 4, N'Trải nghiệm tuyệt vời!', '2023-12-31 00:00:00', '2023-12-31 00:00:00');
INSERT INTO bookings (id, vehicle_id, renter_id, owner_id, status, start_date, end_date, total_days, base_price, price_per_day, service_fee, taxes, total, deposit, created_at, updated_at) VALUES ('3c200ea9-8971-4cc1-a2d7-710f1de553b1', 'V1A2B3C4-D5E6-7890-VHCL-111111111111', 'C3D4E5F6-G7H8-9012-CDEF-345678901234', 'E5F6G7H8-I9J0-1234-EFGH-567890123456', 'COMPLETED', '2023-09-27', '2023-09-28', 1, 800000, 800000, 80000.0, 64000.0, 944000.0, 3000000, '2023-09-16 00:00:00', '2023-09-16 00:00:00');
INSERT INTO payments (id, booking_id, user_id, amount, currency, status, method, created_at, processed_at) VALUES ('c3541646-38cd-4bde-939c-2e73029e6fb9', '3c200ea9-8971-4cc1-a2d7-710f1de553b1', 'C3D4E5F6-G7H8-9012-CDEF-345678901234', 944000.0, 'VND', 'SUCCEEDED', 'VNPAY', '2023-09-16 00:00:00', '2023-09-16 00:00:00');
INSERT INTO reviews (id, vehicle_id, booking_id, reviewer_id, owner_id, rating, cleanliness, accuracy, communication, value_rating, comment, created_at, updated_at) VALUES ('a67b8279-93da-4634-af6c-c387e9d32515', 'V1A2B3C4-D5E6-7890-VHCL-111111111111', '3c200ea9-8971-4cc1-a2d7-710f1de553b1', 'C3D4E5F6-G7H8-9012-CDEF-345678901234', 'E5F6G7H8-I9J0-1234-EFGH-567890123456', 3, 3, 3, 3, 3, N'Trải nghiệm tuyệt vời!', '2023-09-28 00:00:00', '2023-09-28 00:00:00');
INSERT INTO bookings (id, vehicle_id, renter_id, owner_id, status, start_date, end_date, total_days, base_price, price_per_day, service_fee, taxes, total, deposit, created_at, updated_at) VALUES ('7c9b32c3-2a23-484b-9522-796e45ef56be', 'V1A2B3C4-D5E6-7890-VHCL-111111111111', 'C3D4E5F6-G7H8-9012-CDEF-345678901234', 'E5F6G7H8-I9J0-1234-EFGH-567890123456', 'COMPLETED', '2023-09-25', '2023-09-26', 1, 800000, 800000, 80000.0, 64000.0, 944000.0, 3000000, '2023-09-11 00:00:00', '2023-09-11 00:00:00');
INSERT INTO payments (id, booking_id, user_id, amount, currency, status, method, created_at, processed_at) VALUES ('d625a92f-a7c5-4548-8d65-073bed66db79', '7c9b32c3-2a23-484b-9522-796e45ef56be', 'C3D4E5F6-G7H8-9012-CDEF-345678901234', 944000.0, 'VND', 'SUCCEEDED', 'VNPAY', '2023-09-11 00:00:00', '2023-09-11 00:00:00');
INSERT INTO reviews (id, vehicle_id, booking_id, reviewer_id, owner_id, rating, cleanliness, accuracy, communication, value_rating, comment, created_at, updated_at) VALUES ('c440e6c9-dd2a-4776-870a-beba72209640', 'V1A2B3C4-D5E6-7890-VHCL-111111111111', '7c9b32c3-2a23-484b-9522-796e45ef56be', 'C3D4E5F6-G7H8-9012-CDEF-345678901234', 'E5F6G7H8-I9J0-1234-EFGH-567890123456', 3, 3, 3, 3, 3, N'Trải nghiệm tuyệt vời!', '2023-09-26 00:00:00', '2023-09-26 00:00:00');
INSERT INTO bookings (id, vehicle_id, renter_id, owner_id, status, start_date, end_date, total_days, base_price, price_per_day, service_fee, taxes, total, deposit, created_at, updated_at) VALUES ('44e6a346-8cef-48b5-9972-ff500f60ea67', 'V1A2B3C4-D5E6-7890-VHCL-111111111111', 'D4E5F6G7-H8I9-0123-DEFG-456789012345', 'E5F6G7H8-I9J0-1234-EFGH-567890123456', 'COMPLETED', '2023-01-05', '2023-01-12', 7, 5600000, 800000, 560000.0, 448000.0, 6608000.0, 3000000, '2022-12-25 00:00:00', '2022-12-25 00:00:00');
INSERT INTO payments (id, booking_id, user_id, amount, currency, status, method, created_at, processed_at) VALUES ('9508ab49-86fa-40a6-a0a6-c9d36bf6059b', '44e6a346-8cef-48b5-9972-ff500f60ea67', 'D4E5F6G7-H8I9-0123-DEFG-456789012345', 6608000.0, 'VND', 'SUCCEEDED', 'VNPAY', '2022-12-25 00:00:00', '2022-12-25 00:00:00');
INSERT INTO reviews (id, vehicle_id, booking_id, reviewer_id, owner_id, rating, cleanliness, accuracy, communication, value_rating, comment, created_at, updated_at) VALUES ('f984115c-8612-475d-8e9f-9aacfb6c24d5', 'V1A2B3C4-D5E6-7890-VHCL-111111111111', '44e6a346-8cef-48b5-9972-ff500f60ea67', 'D4E5F6G7-H8I9-0123-DEFG-456789012345', 'E5F6G7H8-I9J0-1234-EFGH-567890123456', 5, 5, 5, 5, 5, N'Trải nghiệm tuyệt vời!', '2023-01-12 00:00:00', '2023-01-12 00:00:00');
INSERT INTO bookings (id, vehicle_id, renter_id, owner_id, status, start_date, end_date, total_days, base_price, price_per_day, service_fee, taxes, total, deposit, created_at, updated_at) VALUES ('e27e6775-bfd4-4983-8345-4eaf96f78abf', 'V1A2B3C4-D5E6-7890-VHCL-111111111111', 'C3D4E5F6-G7H8-9012-CDEF-345678901234', 'E5F6G7H8-I9J0-1234-EFGH-567890123456', 'COMPLETED', '2024-04-20', '2024-04-27', 7, 5600000, 800000, 560000.0, 448000.0, 6608000.0, 3000000, '2024-04-15 00:00:00', '2024-04-15 00:00:00');
INSERT INTO payments (id, booking_id, user_id, amount, currency, status, method, created_at, processed_at) VALUES ('489c3388-bcd4-4d18-8be2-6734a9756e64', 'e27e6775-bfd4-4983-8345-4eaf96f78abf', 'C3D4E5F6-G7H8-9012-CDEF-345678901234', 6608000.0, 'VND', 'SUCCEEDED', 'VNPAY', '2024-04-15 00:00:00', '2024-04-15 00:00:00');
INSERT INTO reviews (id, vehicle_id, booking_id, reviewer_id, owner_id, rating, cleanliness, accuracy, communication, value_rating, comment, created_at, updated_at) VALUES ('d8c1164e-ab5d-472d-a682-8abc94b58b5f', 'V1A2B3C4-D5E6-7890-VHCL-111111111111', 'e27e6775-bfd4-4983-8345-4eaf96f78abf', 'C3D4E5F6-G7H8-9012-CDEF-345678901234', 'E5F6G7H8-I9J0-1234-EFGH-567890123456', 4, 4, 4, 4, 4, N'Trải nghiệm tuyệt vời!', '2024-04-27 00:00:00', '2024-04-27 00:00:00');
INSERT INTO bookings (id, vehicle_id, renter_id, owner_id, status, start_date, end_date, total_days, base_price, price_per_day, service_fee, taxes, total, deposit, created_at, updated_at) VALUES ('37b19ec9-e430-41a0-a07c-a443946314ff', 'V1A2B3C4-D5E6-7890-VHCL-111111111111', 'B2C3D4E5-F6G7-8901-BCDE-234567890123', 'E5F6G7H8-I9J0-1234-EFGH-567890123456', 'COMPLETED', '2024-04-30', '2024-05-02', 2, 1600000, 800000, 160000.0, 128000.0, 1888000.0, 3000000, '2024-04-18 00:00:00', '2024-04-18 00:00:00');
INSERT INTO payments (id, booking_id, user_id, amount, currency, status, method, created_at, processed_at) VALUES ('79d78d55-d64a-40e4-bf76-d4f92e7fe6bf', '37b19ec9-e430-41a0-a07c-a443946314ff', 'B2C3D4E5-F6G7-8901-BCDE-234567890123', 1888000.0, 'VND', 'SUCCEEDED', 'VNPAY', '2024-04-18 00:00:00', '2024-04-18 00:00:00');
INSERT INTO reviews (id, vehicle_id, booking_id, reviewer_id, owner_id, rating, cleanliness, accuracy, communication, value_rating, comment, created_at, updated_at) VALUES ('6c84b3cb-895d-447b-9e2f-39c83d19d651', 'V1A2B3C4-D5E6-7890-VHCL-111111111111', '37b19ec9-e430-41a0-a07c-a443946314ff', 'B2C3D4E5-F6G7-8901-BCDE-234567890123', 'E5F6G7H8-I9J0-1234-EFGH-567890123456', 5, 5, 5, 5, 5, N'Trải nghiệm tuyệt vời!', '2024-05-02 00:00:00', '2024-05-02 00:00:00');
INSERT INTO bookings (id, vehicle_id, renter_id, owner_id, status, start_date, end_date, total_days, base_price, price_per_day, service_fee, taxes, total, deposit, created_at, updated_at) VALUES ('1e33b228-9a14-4496-9781-e9ebb1c8b851', 'V1A2B3C4-D5E6-7890-VHCL-111111111111', 'C3D4E5F6-G7H8-9012-CDEF-345678901234', 'E5F6G7H8-I9J0-1234-EFGH-567890123456', 'COMPLETED', '2024-02-02', '2024-02-08', 6, 4800000, 800000, 480000.0, 384000.0, 5664000.0, 3000000, '2024-01-25 00:00:00', '2024-01-25 00:00:00');
INSERT INTO payments (id, booking_id, user_id, amount, currency, status, method, created_at, processed_at) VALUES ('8e5868df-a1c0-4f79-8dab-db079cf21cd5', '1e33b228-9a14-4496-9781-e9ebb1c8b851', 'C3D4E5F6-G7H8-9012-CDEF-345678901234', 5664000.0, 'VND', 'SUCCEEDED', 'VNPAY', '2024-01-25 00:00:00', '2024-01-25 00:00:00');
INSERT INTO reviews (id, vehicle_id, booking_id, reviewer_id, owner_id, rating, cleanliness, accuracy, communication, value_rating, comment, created_at, updated_at) VALUES ('17a82eaa-2a25-4ae9-9d65-f78c5a5c7ef6', 'V1A2B3C4-D5E6-7890-VHCL-111111111111', '1e33b228-9a14-4496-9781-e9ebb1c8b851', 'C3D4E5F6-G7H8-9012-CDEF-345678901234', 'E5F6G7H8-I9J0-1234-EFGH-567890123456', 4, 4, 4, 4, 4, N'Trải nghiệm tuyệt vời!', '2024-02-08 00:00:00', '2024-02-08 00:00:00');
INSERT INTO bookings (id, vehicle_id, renter_id, owner_id, status, start_date, end_date, total_days, base_price, price_per_day, service_fee, taxes, total, deposit, created_at, updated_at) VALUES ('bc067e3b-98a9-41c3-8473-7f897d783c79', 'V1A2B3C4-D5E6-7890-VHCL-111111111111', 'C3D4E5F6-G7H8-9012-CDEF-345678901234', 'E5F6G7H8-I9J0-1234-EFGH-567890123456', 'CANCELLED', '2024-05-17', '2024-05-24', 7, 5600000, 800000, 560000.0, 448000.0, 6608000.0, 3000000, '2024-05-05 00:00:00', '2024-05-05 00:00:00');
INSERT INTO payments (id, booking_id, user_id, amount, currency, status, method, created_at, processed_at) VALUES ('5460df60-e125-4dfe-96cc-4cd12f86fb33', 'bc067e3b-98a9-41c3-8473-7f897d783c79', 'C3D4E5F6-G7H8-9012-CDEF-345678901234', 6608000.0, 'VND', 'REFUNDED', 'VNPAY', '2024-05-05 00:00:00', '2024-05-05 00:00:00');
INSERT INTO bookings (id, vehicle_id, renter_id, owner_id, status, start_date, end_date, total_days, base_price, price_per_day, service_fee, taxes, total, deposit, created_at, updated_at) VALUES ('18261b4e-275f-4068-975a-e7357afd0c0c', 'V1A2B3C4-D5E6-7890-VHCL-111111111111', 'B2C3D4E5-F6G7-8901-BCDE-234567890123', 'E5F6G7H8-I9J0-1234-EFGH-567890123456', 'COMPLETED', '2024-01-13', '2024-01-21', 8, 6400000, 800000, 640000.0, 512000.0, 7552000.0, 3000000, '2023-12-31 00:00:00', '2023-12-31 00:00:00');
INSERT INTO payments (id, booking_id, user_id, amount, currency, status, method, created_at, processed_at) VALUES ('4822af52-3361-4687-9fb2-a5ce103fc852', '18261b4e-275f-4068-975a-e7357afd0c0c', 'B2C3D4E5-F6G7-8901-BCDE-234567890123', 7552000.0, 'VND', 'SUCCEEDED', 'VNPAY', '2023-12-31 00:00:00', '2023-12-31 00:00:00');
INSERT INTO reviews (id, vehicle_id, booking_id, reviewer_id, owner_id, rating, cleanliness, accuracy, communication, value_rating, comment, created_at, updated_at) VALUES ('51a73f95-09ff-456c-a575-4b4eafcf1ed6', 'V1A2B3C4-D5E6-7890-VHCL-111111111111', '18261b4e-275f-4068-975a-e7357afd0c0c', 'B2C3D4E5-F6G7-8901-BCDE-234567890123', 'E5F6G7H8-I9J0-1234-EFGH-567890123456', 3, 3, 3, 3, 3, N'Trải nghiệm tuyệt vời!', '2024-01-21 00:00:00', '2024-01-21 00:00:00');
INSERT INTO bookings (id, vehicle_id, renter_id, owner_id, status, start_date, end_date, total_days, base_price, price_per_day, service_fee, taxes, total, deposit, created_at, updated_at) VALUES ('524d9a93-3451-45c4-b82a-878a8ea8ac51', 'V1A2B3C4-D5E6-7890-VHCL-111111111111', 'D4E5F6G7-H8I9-0123-DEFG-456789012345', 'E5F6G7H8-I9J0-1234-EFGH-567890123456', 'COMPLETED', '2023-12-29', '2023-12-30', 1, 800000, 800000, 80000.0, 64000.0, 944000.0, 3000000, '2023-12-15 00:00:00', '2023-12-15 00:00:00');
INSERT INTO payments (id, booking_id, user_id, amount, currency, status, method, created_at, processed_at) VALUES ('e2880c88-06e4-4ff5-b2ac-5f49d049d9de', '524d9a93-3451-45c4-b82a-878a8ea8ac51', 'D4E5F6G7-H8I9-0123-DEFG-456789012345', 944000.0, 'VND', 'SUCCEEDED', 'VNPAY', '2023-12-15 00:00:00', '2023-12-15 00:00:00');
INSERT INTO reviews (id, vehicle_id, booking_id, reviewer_id, owner_id, rating, cleanliness, accuracy, communication, value_rating, comment, created_at, updated_at) VALUES ('4f352319-a644-4e49-8725-94a32912a7e9', 'V1A2B3C4-D5E6-7890-VHCL-111111111111', '524d9a93-3451-45c4-b82a-878a8ea8ac51', 'D4E5F6G7-H8I9-0123-DEFG-456789012345', 'E5F6G7H8-I9J0-1234-EFGH-567890123456', 4, 4, 4, 4, 4, N'Trải nghiệm tuyệt vời!', '2023-12-30 00:00:00', '2023-12-30 00:00:00');
INSERT INTO bookings (id, vehicle_id, renter_id, owner_id, status, start_date, end_date, total_days, base_price, price_per_day, service_fee, taxes, total, deposit, created_at, updated_at) VALUES ('414b16ed-6c5a-4977-9b31-0828c698a552', 'V1A2B3C4-D5E6-7890-VHCL-111111111111', 'D4E5F6G7-H8I9-0123-DEFG-456789012345', 'E5F6G7H8-I9J0-1234-EFGH-567890123456', 'COMPLETED', '2023-02-16', '2023-02-17', 1, 800000, 800000, 80000.0, 64000.0, 944000.0, 3000000, '2023-02-08 00:00:00', '2023-02-08 00:00:00');
INSERT INTO payments (id, booking_id, user_id, amount, currency, status, method, created_at, processed_at) VALUES ('7f819965-b1ea-4592-ba9d-5e07be6ef04d', '414b16ed-6c5a-4977-9b31-0828c698a552', 'D4E5F6G7-H8I9-0123-DEFG-456789012345', 944000.0, 'VND', 'SUCCEEDED', 'VNPAY', '2023-02-08 00:00:00', '2023-02-08 00:00:00');
INSERT INTO reviews (id, vehicle_id, booking_id, reviewer_id, owner_id, rating, cleanliness, accuracy, communication, value_rating, comment, created_at, updated_at) VALUES ('91c7a5de-8b7f-4e48-9446-4c58e0370401', 'V1A2B3C4-D5E6-7890-VHCL-111111111111', '414b16ed-6c5a-4977-9b31-0828c698a552', 'D4E5F6G7-H8I9-0123-DEFG-456789012345', 'E5F6G7H8-I9J0-1234-EFGH-567890123456', 5, 5, 5, 5, 5, N'Trải nghiệm tuyệt vời!', '2023-02-17 00:00:00', '2023-02-17 00:00:00');
INSERT INTO bookings (id, vehicle_id, renter_id, owner_id, status, start_date, end_date, total_days, base_price, price_per_day, service_fee, taxes, total, deposit, created_at, updated_at) VALUES ('301ea672-3c5e-407a-97bd-3208fbe6b0d7', 'V1A2B3C4-D5E6-7890-VHCL-111111111111', 'D4E5F6G7-H8I9-0123-DEFG-456789012345', 'E5F6G7H8-I9J0-1234-EFGH-567890123456', 'COMPLETED', '2023-05-10', '2023-05-11', 1, 800000, 800000, 80000.0, 64000.0, 944000.0, 3000000, '2023-04-26 00:00:00', '2023-04-26 00:00:00');
INSERT INTO payments (id, booking_id, user_id, amount, currency, status, method, created_at, processed_at) VALUES ('11823c36-0676-4ab5-9950-d44bcd080af3', '301ea672-3c5e-407a-97bd-3208fbe6b0d7', 'D4E5F6G7-H8I9-0123-DEFG-456789012345', 944000.0, 'VND', 'SUCCEEDED', 'VNPAY', '2023-04-26 00:00:00', '2023-04-26 00:00:00');
INSERT INTO reviews (id, vehicle_id, booking_id, reviewer_id, owner_id, rating, cleanliness, accuracy, communication, value_rating, comment, created_at, updated_at) VALUES ('a2db3326-d053-4f83-a433-de303881813a', 'V1A2B3C4-D5E6-7890-VHCL-111111111111', '301ea672-3c5e-407a-97bd-3208fbe6b0d7', 'D4E5F6G7-H8I9-0123-DEFG-456789012345', 'E5F6G7H8-I9J0-1234-EFGH-567890123456', 5, 5, 5, 5, 5, N'Trải nghiệm tuyệt vời!', '2023-05-11 00:00:00', '2023-05-11 00:00:00');
INSERT INTO bookings (id, vehicle_id, renter_id, owner_id, status, start_date, end_date, total_days, base_price, price_per_day, service_fee, taxes, total, deposit, created_at, updated_at) VALUES ('97527bea-c1d7-41f4-aa42-b19d04735a47', 'V1A2B3C4-D5E6-7890-VHCL-111111111111', 'C3D4E5F6-G7H8-9012-CDEF-345678901234', 'E5F6G7H8-I9J0-1234-EFGH-567890123456', 'COMPLETED', '2024-04-21', '2024-04-22', 1, 800000, 800000, 80000.0, 64000.0, 944000.0, 3000000, '2024-04-19 00:00:00', '2024-04-19 00:00:00');
INSERT INTO payments (id, booking_id, user_id, amount, currency, status, method, created_at, processed_at) VALUES ('92abd534-44ad-416a-971a-18ce23f19641', '97527bea-c1d7-41f4-aa42-b19d04735a47', 'C3D4E5F6-G7H8-9012-CDEF-345678901234', 944000.0, 'VND', 'SUCCEEDED', 'VNPAY', '2024-04-19 00:00:00', '2024-04-19 00:00:00');
INSERT INTO reviews (id, vehicle_id, booking_id, reviewer_id, owner_id, rating, cleanliness, accuracy, communication, value_rating, comment, created_at, updated_at) VALUES ('a794e560-caf8-4603-bcf2-330cffbaed37', 'V1A2B3C4-D5E6-7890-VHCL-111111111111', '97527bea-c1d7-41f4-aa42-b19d04735a47', 'C3D4E5F6-G7H8-9012-CDEF-345678901234', 'E5F6G7H8-I9J0-1234-EFGH-567890123456', 5, 5, 5, 5, 5, N'Trải nghiệm tuyệt vời!', '2024-04-22 00:00:00', '2024-04-22 00:00:00');
INSERT INTO bookings (id, vehicle_id, renter_id, owner_id, status, start_date, end_date, total_days, base_price, price_per_day, service_fee, taxes, total, deposit, created_at, updated_at) VALUES ('4125f060-8f2c-4e43-9213-65c168508499', 'V1A2B3C4-D5E6-7890-VHCL-111111111111', 'D4E5F6G7-H8I9-0123-DEFG-456789012345', 'E5F6G7H8-I9J0-1234-EFGH-567890123456', 'COMPLETED', '2023-03-26', '2023-04-04', 9, 7200000, 800000, 720000.0, 576000.0, 8496000.0, 3000000, '2023-03-24 00:00:00', '2023-03-24 00:00:00');
INSERT INTO payments (id, booking_id, user_id, amount, currency, status, method, created_at, processed_at) VALUES ('9606113b-e477-4a87-9e94-323ae7bb5d8a', '4125f060-8f2c-4e43-9213-65c168508499', 'D4E5F6G7-H8I9-0123-DEFG-456789012345', 8496000.0, 'VND', 'SUCCEEDED', 'VNPAY', '2023-03-24 00:00:00', '2023-03-24 00:00:00');
INSERT INTO reviews (id, vehicle_id, booking_id, reviewer_id, owner_id, rating, cleanliness, accuracy, communication, value_rating, comment, created_at, updated_at) VALUES ('cb401711-bc24-4655-891c-acdd1ff622ce', 'V1A2B3C4-D5E6-7890-VHCL-111111111111', '4125f060-8f2c-4e43-9213-65c168508499', 'D4E5F6G7-H8I9-0123-DEFG-456789012345', 'E5F6G7H8-I9J0-1234-EFGH-567890123456', 4, 4, 4, 4, 4, N'Trải nghiệm tuyệt vời!', '2023-04-04 00:00:00', '2023-04-04 00:00:00');
INSERT INTO bookings (id, vehicle_id, renter_id, owner_id, status, start_date, end_date, total_days, base_price, price_per_day, service_fee, taxes, total, deposit, created_at, updated_at) VALUES ('12467d1b-cd41-4b8b-977f-0acd5d6823e1', 'V1A2B3C4-D5E6-7890-VHCL-111111111111', 'B2C3D4E5-F6G7-8901-BCDE-234567890123', 'E5F6G7H8-I9J0-1234-EFGH-567890123456', 'COMPLETED', '2024-04-12', '2024-04-13', 1, 800000, 800000, 80000.0, 64000.0, 944000.0, 3000000, '2024-03-29 00:00:00', '2024-03-29 00:00:00');
INSERT INTO payments (id, booking_id, user_id, amount, currency, status, method, created_at, processed_at) VALUES ('3c900e0c-8963-4964-8f09-e3131d0e61f2', '12467d1b-cd41-4b8b-977f-0acd5d6823e1', 'B2C3D4E5-F6G7-8901-BCDE-234567890123', 944000.0, 'VND', 'SUCCEEDED', 'VNPAY', '2024-03-29 00:00:00', '2024-03-29 00:00:00');
INSERT INTO reviews (id, vehicle_id, booking_id, reviewer_id, owner_id, rating, cleanliness, accuracy, communication, value_rating, comment, created_at, updated_at) VALUES ('aaebd700-1a3e-41be-8fb9-297eef9ff9b7', 'V1A2B3C4-D5E6-7890-VHCL-111111111111', '12467d1b-cd41-4b8b-977f-0acd5d6823e1', 'B2C3D4E5-F6G7-8901-BCDE-234567890123', 'E5F6G7H8-I9J0-1234-EFGH-567890123456', 5, 5, 5, 5, 5, N'Trải nghiệm tuyệt vời!', '2024-04-13 00:00:00', '2024-04-13 00:00:00');
INSERT INTO bookings (id, vehicle_id, renter_id, owner_id, status, start_date, end_date, total_days, base_price, price_per_day, service_fee, taxes, total, deposit, created_at, updated_at) VALUES ('ff014abb-5f11-4b3f-bd33-22a70ded64a9', 'V1A2B3C4-D5E6-7890-VHCL-111111111111', 'C3D4E5F6-G7H8-9012-CDEF-345678901234', 'E5F6G7H8-I9J0-1234-EFGH-567890123456', 'COMPLETED', '2023-09-08', '2023-09-15', 7, 5600000, 800000, 560000.0, 448000.0, 6608000.0, 3000000, '2023-08-28 00:00:00', '2023-08-28 00:00:00');
INSERT INTO payments (id, booking_id, user_id, amount, currency, status, method, created_at, processed_at) VALUES ('2d4804cd-bebd-4e10-8cb5-140336fa1180', 'ff014abb-5f11-4b3f-bd33-22a70ded64a9', 'C3D4E5F6-G7H8-9012-CDEF-345678901234', 6608000.0, 'VND', 'SUCCEEDED', 'VNPAY', '2023-08-28 00:00:00', '2023-08-28 00:00:00');
INSERT INTO reviews (id, vehicle_id, booking_id, reviewer_id, owner_id, rating, cleanliness, accuracy, communication, value_rating, comment, created_at, updated_at) VALUES ('94307e01-0d8d-463d-9805-bfe79fcc8178', 'V1A2B3C4-D5E6-7890-VHCL-111111111111', 'ff014abb-5f11-4b3f-bd33-22a70ded64a9', 'C3D4E5F6-G7H8-9012-CDEF-345678901234', 'E5F6G7H8-I9J0-1234-EFGH-567890123456', 5, 5, 5, 5, 5, N'Trải nghiệm tuyệt vời!', '2023-09-15 00:00:00', '2023-09-15 00:00:00');
INSERT INTO bookings (id, vehicle_id, renter_id, owner_id, status, start_date, end_date, total_days, base_price, price_per_day, service_fee, taxes, total, deposit, created_at, updated_at) VALUES ('71542844-d754-4b77-8f6f-9661b45b1f6d', 'V1A2B3C4-D5E6-7890-VHCL-111111111111', 'D4E5F6G7-H8I9-0123-DEFG-456789012345', 'E5F6G7H8-I9J0-1234-EFGH-567890123456', 'COMPLETED', '2024-04-29', '2024-05-06', 7, 5600000, 800000, 560000.0, 448000.0, 6608000.0, 3000000, '2024-04-28 00:00:00', '2024-04-28 00:00:00');
INSERT INTO payments (id, booking_id, user_id, amount, currency, status, method, created_at, processed_at) VALUES ('2fa65eba-f9f6-4e15-b264-446c13a5c144', '71542844-d754-4b77-8f6f-9661b45b1f6d', 'D4E5F6G7-H8I9-0123-DEFG-456789012345', 6608000.0, 'VND', 'SUCCEEDED', 'VNPAY', '2024-04-28 00:00:00', '2024-04-28 00:00:00');
INSERT INTO reviews (id, vehicle_id, booking_id, reviewer_id, owner_id, rating, cleanliness, accuracy, communication, value_rating, comment, created_at, updated_at) VALUES ('b2624692-7b2e-4ffe-b51a-6c7cd991ce25', 'V1A2B3C4-D5E6-7890-VHCL-111111111111', '71542844-d754-4b77-8f6f-9661b45b1f6d', 'D4E5F6G7-H8I9-0123-DEFG-456789012345', 'E5F6G7H8-I9J0-1234-EFGH-567890123456', 5, 5, 5, 5, 5, N'Trải nghiệm tuyệt vời!', '2024-05-06 00:00:00', '2024-05-06 00:00:00');
INSERT INTO bookings (id, vehicle_id, renter_id, owner_id, status, start_date, end_date, total_days, base_price, price_per_day, service_fee, taxes, total, deposit, created_at, updated_at) VALUES ('652f6ddb-0e25-4cb1-8921-b1bca025a3f5', 'V1A2B3C4-D5E6-7890-VHCL-111111111111', 'D4E5F6G7-H8I9-0123-DEFG-456789012345', 'E5F6G7H8-I9J0-1234-EFGH-567890123456', 'COMPLETED', '2023-09-24', '2023-10-04', 10, 8000000, 800000, 800000.0, 640000.0, 9440000.0, 3000000, '2023-09-22 00:00:00', '2023-09-22 00:00:00');
INSERT INTO payments (id, booking_id, user_id, amount, currency, status, method, created_at, processed_at) VALUES ('21c7a7a8-750e-4ad5-8a5a-0e2ed74c6538', '652f6ddb-0e25-4cb1-8921-b1bca025a3f5', 'D4E5F6G7-H8I9-0123-DEFG-456789012345', 9440000.0, 'VND', 'SUCCEEDED', 'VNPAY', '2023-09-22 00:00:00', '2023-09-22 00:00:00');
INSERT INTO reviews (id, vehicle_id, booking_id, reviewer_id, owner_id, rating, cleanliness, accuracy, communication, value_rating, comment, created_at, updated_at) VALUES ('61c3a275-a4ba-44e9-a20b-e9443ef73543', 'V1A2B3C4-D5E6-7890-VHCL-111111111111', '652f6ddb-0e25-4cb1-8921-b1bca025a3f5', 'D4E5F6G7-H8I9-0123-DEFG-456789012345', 'E5F6G7H8-I9J0-1234-EFGH-567890123456', 3, 3, 3, 3, 3, N'Trải nghiệm tuyệt vời!', '2023-10-04 00:00:00', '2023-10-04 00:00:00');
INSERT INTO bookings (id, vehicle_id, renter_id, owner_id, status, start_date, end_date, total_days, base_price, price_per_day, service_fee, taxes, total, deposit, created_at, updated_at) VALUES ('55626645-ae24-4f77-b9ec-6ed5c86ac72e', 'V1A2B3C4-D5E6-7890-VHCL-111111111111', 'D4E5F6G7-H8I9-0123-DEFG-456789012345', 'E5F6G7H8-I9J0-1234-EFGH-567890123456', 'COMPLETED', '2023-11-01', '2023-11-02', 1, 800000, 800000, 80000.0, 64000.0, 944000.0, 3000000, '2023-10-27 00:00:00', '2023-10-27 00:00:00');
INSERT INTO payments (id, booking_id, user_id, amount, currency, status, method, created_at, processed_at) VALUES ('b8f87ef3-6ba9-4271-b6f0-acf2c1b9a67a', '55626645-ae24-4f77-b9ec-6ed5c86ac72e', 'D4E5F6G7-H8I9-0123-DEFG-456789012345', 944000.0, 'VND', 'SUCCEEDED', 'VNPAY', '2023-10-27 00:00:00', '2023-10-27 00:00:00');
INSERT INTO reviews (id, vehicle_id, booking_id, reviewer_id, owner_id, rating, cleanliness, accuracy, communication, value_rating, comment, created_at, updated_at) VALUES ('a3b2160a-69ed-4425-9130-c0b66480c54e', 'V1A2B3C4-D5E6-7890-VHCL-111111111111', '55626645-ae24-4f77-b9ec-6ed5c86ac72e', 'D4E5F6G7-H8I9-0123-DEFG-456789012345', 'E5F6G7H8-I9J0-1234-EFGH-567890123456', 5, 5, 5, 5, 5, N'Trải nghiệm tuyệt vời!', '2023-11-02 00:00:00', '2023-11-02 00:00:00');
INSERT INTO bookings (id, vehicle_id, renter_id, owner_id, status, start_date, end_date, total_days, base_price, price_per_day, service_fee, taxes, total, deposit, created_at, updated_at) VALUES ('4b5ee654-2dff-4c8f-aaae-c9ce1ccca111', 'V1A2B3C4-D5E6-7890-VHCL-111111111111', 'D4E5F6G7-H8I9-0123-DEFG-456789012345', 'E5F6G7H8-I9J0-1234-EFGH-567890123456', 'COMPLETED', '2023-08-26', '2023-08-27', 1, 800000, 800000, 80000.0, 64000.0, 944000.0, 3000000, '2023-08-21 00:00:00', '2023-08-21 00:00:00');
INSERT INTO payments (id, booking_id, user_id, amount, currency, status, method, created_at, processed_at) VALUES ('3fbe4432-1386-40e2-a7cc-bc7880d2bedd', '4b5ee654-2dff-4c8f-aaae-c9ce1ccca111', 'D4E5F6G7-H8I9-0123-DEFG-456789012345', 944000.0, 'VND', 'SUCCEEDED', 'VNPAY', '2023-08-21 00:00:00', '2023-08-21 00:00:00');
INSERT INTO reviews (id, vehicle_id, booking_id, reviewer_id, owner_id, rating, cleanliness, accuracy, communication, value_rating, comment, created_at, updated_at) VALUES ('d52c152d-dfaa-42f5-9dc7-06e58ef282ad', 'V1A2B3C4-D5E6-7890-VHCL-111111111111', '4b5ee654-2dff-4c8f-aaae-c9ce1ccca111', 'D4E5F6G7-H8I9-0123-DEFG-456789012345', 'E5F6G7H8-I9J0-1234-EFGH-567890123456', 5, 5, 5, 5, 5, N'Trải nghiệm tuyệt vời!', '2023-08-27 00:00:00', '2023-08-27 00:00:00');
INSERT INTO bookings (id, vehicle_id, renter_id, owner_id, status, start_date, end_date, total_days, base_price, price_per_day, service_fee, taxes, total, deposit, created_at, updated_at) VALUES ('6a3b056b-dba5-46f3-b14d-434b13430421', 'V1A2B3C4-D5E6-7890-VHCL-111111111111', 'D4E5F6G7-H8I9-0123-DEFG-456789012345', 'E5F6G7H8-I9J0-1234-EFGH-567890123456', 'COMPLETED', '2024-05-11', '2024-05-20', 9, 7200000, 800000, 720000.0, 576000.0, 8496000.0, 3000000, '2024-04-30 00:00:00', '2024-04-30 00:00:00');
INSERT INTO payments (id, booking_id, user_id, amount, currency, status, method, created_at, processed_at) VALUES ('e8cd9aef-6879-4975-8380-a4665f29ae8a', '6a3b056b-dba5-46f3-b14d-434b13430421', 'D4E5F6G7-H8I9-0123-DEFG-456789012345', 8496000.0, 'VND', 'SUCCEEDED', 'VNPAY', '2024-04-30 00:00:00', '2024-04-30 00:00:00');
INSERT INTO reviews (id, vehicle_id, booking_id, reviewer_id, owner_id, rating, cleanliness, accuracy, communication, value_rating, comment, created_at, updated_at) VALUES ('7fbc84dc-1977-4ef9-b475-1a4159e9d999', 'V1A2B3C4-D5E6-7890-VHCL-111111111111', '6a3b056b-dba5-46f3-b14d-434b13430421', 'D4E5F6G7-H8I9-0123-DEFG-456789012345', 'E5F6G7H8-I9J0-1234-EFGH-567890123456', 4, 4, 4, 4, 4, N'Trải nghiệm tuyệt vời!', '2024-05-20 00:00:00', '2024-05-20 00:00:00');
INSERT INTO bookings (id, vehicle_id, renter_id, owner_id, status, start_date, end_date, total_days, base_price, price_per_day, service_fee, taxes, total, deposit, created_at, updated_at) VALUES ('b3f26354-fb2d-4b5e-82e0-4fe6f486db2e', 'V1A2B3C4-D5E6-7890-VHCL-111111111111', 'D4E5F6G7-H8I9-0123-DEFG-456789012345', 'E5F6G7H8-I9J0-1234-EFGH-567890123456', 'COMPLETED', '2023-10-05', '2023-10-13', 8, 6400000, 800000, 640000.0, 512000.0, 7552000.0, 3000000, '2023-10-04 00:00:00', '2023-10-04 00:00:00');
INSERT INTO payments (id, booking_id, user_id, amount, currency, status, method, created_at, processed_at) VALUES ('6094a3db-307e-4849-a11a-99a7f3fddb0a', 'b3f26354-fb2d-4b5e-82e0-4fe6f486db2e', 'D4E5F6G7-H8I9-0123-DEFG-456789012345', 7552000.0, 'VND', 'SUCCEEDED', 'VNPAY', '2023-10-04 00:00:00', '2023-10-04 00:00:00');
INSERT INTO reviews (id, vehicle_id, booking_id, reviewer_id, owner_id, rating, cleanliness, accuracy, communication, value_rating, comment, created_at, updated_at) VALUES ('e1525273-a1ad-4121-b820-f56a075886de', 'V1A2B3C4-D5E6-7890-VHCL-111111111111', 'b3f26354-fb2d-4b5e-82e0-4fe6f486db2e', 'D4E5F6G7-H8I9-0123-DEFG-456789012345', 'E5F6G7H8-I9J0-1234-EFGH-567890123456', 5, 5, 5, 5, 5, N'Trải nghiệm tuyệt vời!', '2023-10-13 00:00:00', '2023-10-13 00:00:00');
INSERT INTO bookings (id, vehicle_id, renter_id, owner_id, status, start_date, end_date, total_days, base_price, price_per_day, service_fee, taxes, total, deposit, created_at, updated_at) VALUES ('9aad5a96-b1a9-43ea-85bd-0bde7e9a46b9', 'V1A2B3C4-D5E6-7890-VHCL-111111111111', 'C3D4E5F6-G7H8-9012-CDEF-345678901234', 'E5F6G7H8-I9J0-1234-EFGH-567890123456', 'COMPLETED', '2023-08-20', '2023-08-27', 7, 5600000, 800000, 560000.0, 448000.0, 6608000.0, 3000000, '2023-08-10 00:00:00', '2023-08-10 00:00:00');
INSERT INTO payments (id, booking_id, user_id, amount, currency, status, method, created_at, processed_at) VALUES ('61952931-3208-4d4c-a645-a80126f7fb8b', '9aad5a96-b1a9-43ea-85bd-0bde7e9a46b9', 'C3D4E5F6-G7H8-9012-CDEF-345678901234', 6608000.0, 'VND', 'SUCCEEDED', 'VNPAY', '2023-08-10 00:00:00', '2023-08-10 00:00:00');
INSERT INTO reviews (id, vehicle_id, booking_id, reviewer_id, owner_id, rating, cleanliness, accuracy, communication, value_rating, comment, created_at, updated_at) VALUES ('98dc0a2b-6a12-402b-849a-974704f753e3', 'V1A2B3C4-D5E6-7890-VHCL-111111111111', '9aad5a96-b1a9-43ea-85bd-0bde7e9a46b9', 'C3D4E5F6-G7H8-9012-CDEF-345678901234', 'E5F6G7H8-I9J0-1234-EFGH-567890123456', 4, 4, 4, 4, 4, N'Trải nghiệm tuyệt vời!', '2023-08-27 00:00:00', '2023-08-27 00:00:00');
INSERT INTO bookings (id, vehicle_id, renter_id, owner_id, status, start_date, end_date, total_days, base_price, price_per_day, service_fee, taxes, total, deposit, created_at, updated_at) VALUES ('ca9dcc42-ec3a-4adb-a08e-4c555201b428', 'V1A2B3C4-D5E6-7890-VHCL-111111111111', 'D4E5F6G7-H8I9-0123-DEFG-456789012345', 'E5F6G7H8-I9J0-1234-EFGH-567890123456', 'COMPLETED', '2023-03-13', '2023-03-19', 6, 4800000, 800000, 480000.0, 384000.0, 5664000.0, 3000000, '2023-03-12 00:00:00', '2023-03-12 00:00:00');
INSERT INTO payments (id, booking_id, user_id, amount, currency, status, method, created_at, processed_at) VALUES ('aee82dee-5864-44da-bf39-494d17756cb6', 'ca9dcc42-ec3a-4adb-a08e-4c555201b428', 'D4E5F6G7-H8I9-0123-DEFG-456789012345', 5664000.0, 'VND', 'SUCCEEDED', 'VNPAY', '2023-03-12 00:00:00', '2023-03-12 00:00:00');
INSERT INTO reviews (id, vehicle_id, booking_id, reviewer_id, owner_id, rating, cleanliness, accuracy, communication, value_rating, comment, created_at, updated_at) VALUES ('eec765d6-5637-4058-b758-d270d675aea7', 'V1A2B3C4-D5E6-7890-VHCL-111111111111', 'ca9dcc42-ec3a-4adb-a08e-4c555201b428', 'D4E5F6G7-H8I9-0123-DEFG-456789012345', 'E5F6G7H8-I9J0-1234-EFGH-567890123456', 3, 3, 3, 3, 3, N'Trải nghiệm tuyệt vời!', '2023-03-19 00:00:00', '2023-03-19 00:00:00');
INSERT INTO bookings (id, vehicle_id, renter_id, owner_id, status, start_date, end_date, total_days, base_price, price_per_day, service_fee, taxes, total, deposit, created_at, updated_at) VALUES ('04008dfe-0440-4802-bc6e-9e503292719e', 'V1A2B3C4-D5E6-7890-VHCL-111111111111', 'C3D4E5F6-G7H8-9012-CDEF-345678901234', 'E5F6G7H8-I9J0-1234-EFGH-567890123456', 'COMPLETED', '2023-07-18', '2023-07-19', 1, 800000, 800000, 80000.0, 64000.0, 944000.0, 3000000, '2023-07-17 00:00:00', '2023-07-17 00:00:00');
INSERT INTO payments (id, booking_id, user_id, amount, currency, status, method, created_at, processed_at) VALUES ('152488e8-b941-4228-87b0-9fb3b8c8f9f8', '04008dfe-0440-4802-bc6e-9e503292719e', 'C3D4E5F6-G7H8-9012-CDEF-345678901234', 944000.0, 'VND', 'SUCCEEDED', 'VNPAY', '2023-07-17 00:00:00', '2023-07-17 00:00:00');
INSERT INTO reviews (id, vehicle_id, booking_id, reviewer_id, owner_id, rating, cleanliness, accuracy, communication, value_rating, comment, created_at, updated_at) VALUES ('96a5cf69-faff-4b57-a4d0-f3ccfaee92eb', 'V1A2B3C4-D5E6-7890-VHCL-111111111111', '04008dfe-0440-4802-bc6e-9e503292719e', 'C3D4E5F6-G7H8-9012-CDEF-345678901234', 'E5F6G7H8-I9J0-1234-EFGH-567890123456', 3, 3, 3, 3, 3, N'Trải nghiệm tuyệt vời!', '2023-07-19 00:00:00', '2023-07-19 00:00:00');
INSERT INTO bookings (id, vehicle_id, renter_id, owner_id, status, start_date, end_date, total_days, base_price, price_per_day, service_fee, taxes, total, deposit, created_at, updated_at) VALUES ('dd8f9198-4d13-4579-b03c-6279487bd341', 'V1A2B3C4-D5E6-7890-VHCL-111111111111', 'C3D4E5F6-G7H8-9012-CDEF-345678901234', 'E5F6G7H8-I9J0-1234-EFGH-567890123456', 'CANCELLED', '2023-07-06', '2023-07-12', 6, 4800000, 800000, 480000.0, 384000.0, 5664000.0, 3000000, '2023-06-23 00:00:00', '2023-06-23 00:00:00');
INSERT INTO payments (id, booking_id, user_id, amount, currency, status, method, created_at, processed_at) VALUES ('5a4cecc9-db41-45f6-a2c2-eb61f1bfb22e', 'dd8f9198-4d13-4579-b03c-6279487bd341', 'C3D4E5F6-G7H8-9012-CDEF-345678901234', 5664000.0, 'VND', 'REFUNDED', 'VNPAY', '2023-06-23 00:00:00', '2023-06-23 00:00:00');
INSERT INTO bookings (id, vehicle_id, renter_id, owner_id, status, start_date, end_date, total_days, base_price, price_per_day, service_fee, taxes, total, deposit, created_at, updated_at) VALUES ('c98760a5-ff60-4328-8522-7afde4818112', 'V1A2B3C4-D5E6-7890-VHCL-111111111111', 'C3D4E5F6-G7H8-9012-CDEF-345678901234', 'E5F6G7H8-I9J0-1234-EFGH-567890123456', 'COMPLETED', '2023-02-26', '2023-02-27', 1, 800000, 800000, 80000.0, 64000.0, 944000.0, 3000000, '2023-02-18 00:00:00', '2023-02-18 00:00:00');
INSERT INTO payments (id, booking_id, user_id, amount, currency, status, method, created_at, processed_at) VALUES ('eed547dc-8116-472f-b13e-fe542057484e', 'c98760a5-ff60-4328-8522-7afde4818112', 'C3D4E5F6-G7H8-9012-CDEF-345678901234', 944000.0, 'VND', 'SUCCEEDED', 'VNPAY', '2023-02-18 00:00:00', '2023-02-18 00:00:00');
INSERT INTO reviews (id, vehicle_id, booking_id, reviewer_id, owner_id, rating, cleanliness, accuracy, communication, value_rating, comment, created_at, updated_at) VALUES ('f235f237-cdea-4d8a-a49e-6d3b5dc1b39d', 'V1A2B3C4-D5E6-7890-VHCL-111111111111', 'c98760a5-ff60-4328-8522-7afde4818112', 'C3D4E5F6-G7H8-9012-CDEF-345678901234', 'E5F6G7H8-I9J0-1234-EFGH-567890123456', 3, 3, 3, 3, 3, N'Trải nghiệm tuyệt vời!', '2023-02-27 00:00:00', '2023-02-27 00:00:00');
INSERT INTO bookings (id, vehicle_id, renter_id, owner_id, status, start_date, end_date, total_days, base_price, price_per_day, service_fee, taxes, total, deposit, created_at, updated_at) VALUES ('eb014bcc-f148-4f76-9c9f-2b78adb6a86f', 'V1A2B3C4-D5E6-7890-VHCL-111111111111', 'B2C3D4E5-F6G7-8901-BCDE-234567890123', 'E5F6G7H8-I9J0-1234-EFGH-567890123456', 'COMPLETED', '2023-06-14', '2023-06-24', 10, 8000000, 800000, 800000.0, 640000.0, 9440000.0, 3000000, '2023-05-31 00:00:00', '2023-05-31 00:00:00');
INSERT INTO payments (id, booking_id, user_id, amount, currency, status, method, created_at, processed_at) VALUES ('1a7b8a89-9050-4f01-8a10-72351aa2ca69', 'eb014bcc-f148-4f76-9c9f-2b78adb6a86f', 'B2C3D4E5-F6G7-8901-BCDE-234567890123', 9440000.0, 'VND', 'SUCCEEDED', 'VNPAY', '2023-05-31 00:00:00', '2023-05-31 00:00:00');
INSERT INTO reviews (id, vehicle_id, booking_id, reviewer_id, owner_id, rating, cleanliness, accuracy, communication, value_rating, comment, created_at, updated_at) VALUES ('91d91f2c-fe51-4898-9598-a56b7d400f91', 'V1A2B3C4-D5E6-7890-VHCL-111111111111', 'eb014bcc-f148-4f76-9c9f-2b78adb6a86f', 'B2C3D4E5-F6G7-8901-BCDE-234567890123', 'E5F6G7H8-I9J0-1234-EFGH-567890123456', 3, 3, 3, 3, 3, N'Trải nghiệm tuyệt vời!', '2023-06-24 00:00:00', '2023-06-24 00:00:00');
INSERT INTO bookings (id, vehicle_id, renter_id, owner_id, status, start_date, end_date, total_days, base_price, price_per_day, service_fee, taxes, total, deposit, created_at, updated_at) VALUES ('8bbbcc50-8ebd-4504-8930-29436dd49697', 'V1A2B3C4-D5E6-7890-VHCL-111111111111', 'C3D4E5F6-G7H8-9012-CDEF-345678901234', 'E5F6G7H8-I9J0-1234-EFGH-567890123456', 'COMPLETED', '2023-04-28', '2023-04-30', 2, 1600000, 800000, 160000.0, 128000.0, 1888000.0, 3000000, '2023-04-18 00:00:00', '2023-04-18 00:00:00');
INSERT INTO payments (id, booking_id, user_id, amount, currency, status, method, created_at, processed_at) VALUES ('2611101f-254b-4515-8a3f-e2d43c871f70', '8bbbcc50-8ebd-4504-8930-29436dd49697', 'C3D4E5F6-G7H8-9012-CDEF-345678901234', 1888000.0, 'VND', 'SUCCEEDED', 'VNPAY', '2023-04-18 00:00:00', '2023-04-18 00:00:00');
INSERT INTO reviews (id, vehicle_id, booking_id, reviewer_id, owner_id, rating, cleanliness, accuracy, communication, value_rating, comment, created_at, updated_at) VALUES ('87f13922-0145-47d9-b899-a52344deaf9f', 'V1A2B3C4-D5E6-7890-VHCL-111111111111', '8bbbcc50-8ebd-4504-8930-29436dd49697', 'C3D4E5F6-G7H8-9012-CDEF-345678901234', 'E5F6G7H8-I9J0-1234-EFGH-567890123456', 4, 4, 4, 4, 4, N'Trải nghiệm tuyệt vời!', '2023-04-30 00:00:00', '2023-04-30 00:00:00');
INSERT INTO bookings (id, vehicle_id, renter_id, owner_id, status, start_date, end_date, total_days, base_price, price_per_day, service_fee, taxes, total, deposit, created_at, updated_at) VALUES ('4ab5db6f-fd50-413b-a1bd-143f212a81c5', 'V1A2B3C4-D5E6-7890-VHCL-111111111111', 'C3D4E5F6-G7H8-9012-CDEF-345678901234', 'E5F6G7H8-I9J0-1234-EFGH-567890123456', 'COMPLETED', '2023-09-29', '2023-10-06', 7, 5600000, 800000, 560000.0, 448000.0, 6608000.0, 3000000, '2023-09-21 00:00:00', '2023-09-21 00:00:00');
INSERT INTO payments (id, booking_id, user_id, amount, currency, status, method, created_at, processed_at) VALUES ('f53a1624-1bfe-4400-aa20-3c28e7760fad', '4ab5db6f-fd50-413b-a1bd-143f212a81c5', 'C3D4E5F6-G7H8-9012-CDEF-345678901234', 6608000.0, 'VND', 'SUCCEEDED', 'VNPAY', '2023-09-21 00:00:00', '2023-09-21 00:00:00');
INSERT INTO reviews (id, vehicle_id, booking_id, reviewer_id, owner_id, rating, cleanliness, accuracy, communication, value_rating, comment, created_at, updated_at) VALUES ('c6ab5fcd-e71f-4afd-9b8c-a6a34368fd65', 'V1A2B3C4-D5E6-7890-VHCL-111111111111', '4ab5db6f-fd50-413b-a1bd-143f212a81c5', 'C3D4E5F6-G7H8-9012-CDEF-345678901234', 'E5F6G7H8-I9J0-1234-EFGH-567890123456', 4, 4, 4, 4, 4, N'Trải nghiệm tuyệt vời!', '2023-10-06 00:00:00', '2023-10-06 00:00:00');
INSERT INTO bookings (id, vehicle_id, renter_id, owner_id, status, start_date, end_date, total_days, base_price, price_per_day, service_fee, taxes, total, deposit, created_at, updated_at) VALUES ('17e8511b-1e5b-4e1a-a462-23a7e244b40a', 'V1A2B3C4-D5E6-7890-VHCL-111111111111', 'B2C3D4E5-F6G7-8901-BCDE-234567890123', 'E5F6G7H8-I9J0-1234-EFGH-567890123456', 'COMPLETED', '2023-07-08', '2023-07-16', 8, 6400000, 800000, 640000.0, 512000.0, 7552000.0, 3000000, '2023-06-30 00:00:00', '2023-06-30 00:00:00');
INSERT INTO payments (id, booking_id, user_id, amount, currency, status, method, created_at, processed_at) VALUES ('a0ce404a-0185-4393-b7f3-a8e797ec8514', '17e8511b-1e5b-4e1a-a462-23a7e244b40a', 'B2C3D4E5-F6G7-8901-BCDE-234567890123', 7552000.0, 'VND', 'SUCCEEDED', 'VNPAY', '2023-06-30 00:00:00', '2023-06-30 00:00:00');
INSERT INTO reviews (id, vehicle_id, booking_id, reviewer_id, owner_id, rating, cleanliness, accuracy, communication, value_rating, comment, created_at, updated_at) VALUES ('9992e859-5d98-4d4d-99d8-1a4ed2db4836', 'V1A2B3C4-D5E6-7890-VHCL-111111111111', '17e8511b-1e5b-4e1a-a462-23a7e244b40a', 'B2C3D4E5-F6G7-8901-BCDE-234567890123', 'E5F6G7H8-I9J0-1234-EFGH-567890123456', 3, 3, 3, 3, 3, N'Trải nghiệm tuyệt vời!', '2023-07-16 00:00:00', '2023-07-16 00:00:00');
INSERT INTO bookings (id, vehicle_id, renter_id, owner_id, status, start_date, end_date, total_days, base_price, price_per_day, service_fee, taxes, total, deposit, created_at, updated_at) VALUES ('eddb8506-c2e9-4dd3-8831-f5d78ac59285', 'V1A2B3C4-D5E6-7890-VHCL-111111111111', 'D4E5F6G7-H8I9-0123-DEFG-456789012345', 'E5F6G7H8-I9J0-1234-EFGH-567890123456', 'COMPLETED', '2023-05-02', '2023-05-03', 1, 800000, 800000, 80000.0, 64000.0, 944000.0, 3000000, '2023-04-22 00:00:00', '2023-04-22 00:00:00');
INSERT INTO payments (id, booking_id, user_id, amount, currency, status, method, created_at, processed_at) VALUES ('77f7935f-4335-467b-96d7-bfac6f495f3a', 'eddb8506-c2e9-4dd3-8831-f5d78ac59285', 'D4E5F6G7-H8I9-0123-DEFG-456789012345', 944000.0, 'VND', 'SUCCEEDED', 'VNPAY', '2023-04-22 00:00:00', '2023-04-22 00:00:00');
INSERT INTO reviews (id, vehicle_id, booking_id, reviewer_id, owner_id, rating, cleanliness, accuracy, communication, value_rating, comment, created_at, updated_at) VALUES ('eff1f14c-9908-421b-aec6-f0d0393f19ef', 'V1A2B3C4-D5E6-7890-VHCL-111111111111', 'eddb8506-c2e9-4dd3-8831-f5d78ac59285', 'D4E5F6G7-H8I9-0123-DEFG-456789012345', 'E5F6G7H8-I9J0-1234-EFGH-567890123456', 4, 4, 4, 4, 4, N'Trải nghiệm tuyệt vời!', '2023-05-03 00:00:00', '2023-05-03 00:00:00');
INSERT INTO bookings (id, vehicle_id, renter_id, owner_id, status, start_date, end_date, total_days, base_price, price_per_day, service_fee, taxes, total, deposit, created_at, updated_at) VALUES ('0bd49fc1-72d9-498e-911c-27a1746e2b6f', 'V1A2B3C4-D5E6-7890-VHCL-111111111111', 'C3D4E5F6-G7H8-9012-CDEF-345678901234', 'E5F6G7H8-I9J0-1234-EFGH-567890123456', 'COMPLETED', '2023-04-06', '2023-04-08', 2, 1600000, 800000, 160000.0, 128000.0, 1888000.0, 3000000, '2023-03-25 00:00:00', '2023-03-25 00:00:00');
INSERT INTO payments (id, booking_id, user_id, amount, currency, status, method, created_at, processed_at) VALUES ('70ab90bb-166a-4492-b14e-f88310c4fd76', '0bd49fc1-72d9-498e-911c-27a1746e2b6f', 'C3D4E5F6-G7H8-9012-CDEF-345678901234', 1888000.0, 'VND', 'SUCCEEDED', 'VNPAY', '2023-03-25 00:00:00', '2023-03-25 00:00:00');
INSERT INTO reviews (id, vehicle_id, booking_id, reviewer_id, owner_id, rating, cleanliness, accuracy, communication, value_rating, comment, created_at, updated_at) VALUES ('90dce3ee-1539-4e49-85a4-0b878ca30a3c', 'V1A2B3C4-D5E6-7890-VHCL-111111111111', '0bd49fc1-72d9-498e-911c-27a1746e2b6f', 'C3D4E5F6-G7H8-9012-CDEF-345678901234', 'E5F6G7H8-I9J0-1234-EFGH-567890123456', 4, 4, 4, 4, 4, N'Trải nghiệm tuyệt vời!', '2023-04-08 00:00:00', '2023-04-08 00:00:00');
INSERT INTO bookings (id, vehicle_id, renter_id, owner_id, status, start_date, end_date, total_days, base_price, price_per_day, service_fee, taxes, total, deposit, created_at, updated_at) VALUES ('1c11128e-db4e-47f2-81bf-73f9d0983a04', 'V1A2B3C4-D5E6-7890-VHCL-111111111111', 'D4E5F6G7-H8I9-0123-DEFG-456789012345', 'E5F6G7H8-I9J0-1234-EFGH-567890123456', 'COMPLETED', '2023-01-04', '2023-01-09', 5, 4000000, 800000, 400000.0, 320000.0, 4720000.0, 3000000, '2022-12-29 00:00:00', '2022-12-29 00:00:00');
INSERT INTO payments (id, booking_id, user_id, amount, currency, status, method, created_at, processed_at) VALUES ('91719675-2047-4c6f-a709-b0962741221a', '1c11128e-db4e-47f2-81bf-73f9d0983a04', 'D4E5F6G7-H8I9-0123-DEFG-456789012345', 4720000.0, 'VND', 'SUCCEEDED', 'VNPAY', '2022-12-29 00:00:00', '2022-12-29 00:00:00');
INSERT INTO reviews (id, vehicle_id, booking_id, reviewer_id, owner_id, rating, cleanliness, accuracy, communication, value_rating, comment, created_at, updated_at) VALUES ('c8ca311a-6781-4138-a716-72a4c18b2143', 'V1A2B3C4-D5E6-7890-VHCL-111111111111', '1c11128e-db4e-47f2-81bf-73f9d0983a04', 'D4E5F6G7-H8I9-0123-DEFG-456789012345', 'E5F6G7H8-I9J0-1234-EFGH-567890123456', 4, 4, 4, 4, 4, N'Trải nghiệm tuyệt vời!', '2023-01-09 00:00:00', '2023-01-09 00:00:00');
INSERT INTO bookings (id, vehicle_id, renter_id, owner_id, status, start_date, end_date, total_days, base_price, price_per_day, service_fee, taxes, total, deposit, created_at, updated_at) VALUES ('ae4042a1-32ed-4463-be20-4f2b0edf15a1', 'V1A2B3C4-D5E6-7890-VHCL-111111111111', 'D4E5F6G7-H8I9-0123-DEFG-456789012345', 'E5F6G7H8-I9J0-1234-EFGH-567890123456', 'COMPLETED', '2023-10-17', '2023-10-20', 3, 2400000, 800000, 240000.0, 192000.0, 2832000.0, 3000000, '2023-10-06 00:00:00', '2023-10-06 00:00:00');
INSERT INTO payments (id, booking_id, user_id, amount, currency, status, method, created_at, processed_at) VALUES ('b1fda0c6-d1dd-405b-ad9e-77c4586b6dee', 'ae4042a1-32ed-4463-be20-4f2b0edf15a1', 'D4E5F6G7-H8I9-0123-DEFG-456789012345', 2832000.0, 'VND', 'SUCCEEDED', 'VNPAY', '2023-10-06 00:00:00', '2023-10-06 00:00:00');
INSERT INTO reviews (id, vehicle_id, booking_id, reviewer_id, owner_id, rating, cleanliness, accuracy, communication, value_rating, comment, created_at, updated_at) VALUES ('1e5f6288-36b2-41d4-997c-1fe94bf9c78e', 'V1A2B3C4-D5E6-7890-VHCL-111111111111', 'ae4042a1-32ed-4463-be20-4f2b0edf15a1', 'D4E5F6G7-H8I9-0123-DEFG-456789012345', 'E5F6G7H8-I9J0-1234-EFGH-567890123456', 4, 4, 4, 4, 4, N'Trải nghiệm tuyệt vời!', '2023-10-20 00:00:00', '2023-10-20 00:00:00');
INSERT INTO bookings (id, vehicle_id, renter_id, owner_id, status, start_date, end_date, total_days, base_price, price_per_day, service_fee, taxes, total, deposit, created_at, updated_at) VALUES ('bc9aa69e-8ff2-4940-9c81-0e9b01b093a4', 'V1A2B3C4-D5E6-7890-VHCL-111111111111', 'B2C3D4E5-F6G7-8901-BCDE-234567890123', 'E5F6G7H8-I9J0-1234-EFGH-567890123456', 'CANCELLED', '2023-06-30', '2023-07-03', 3, 2400000, 800000, 240000.0, 192000.0, 2832000.0, 3000000, '2023-06-23 00:00:00', '2023-06-23 00:00:00');
INSERT INTO payments (id, booking_id, user_id, amount, currency, status, method, created_at, processed_at) VALUES ('238076ef-ad6b-4377-a02a-2b0b69ec834f', 'bc9aa69e-8ff2-4940-9c81-0e9b01b093a4', 'B2C3D4E5-F6G7-8901-BCDE-234567890123', 2832000.0, 'VND', 'REFUNDED', 'VNPAY', '2023-06-23 00:00:00', '2023-06-23 00:00:00');
INSERT INTO bookings (id, vehicle_id, renter_id, owner_id, status, start_date, end_date, total_days, base_price, price_per_day, service_fee, taxes, total, deposit, created_at, updated_at) VALUES ('6770f8db-b3b6-4998-ba44-cbe1218e3666', 'V1A2B3C4-D5E6-7890-VHCL-111111111111', 'B2C3D4E5-F6G7-8901-BCDE-234567890123', 'E5F6G7H8-I9J0-1234-EFGH-567890123456', 'COMPLETED', '2023-10-03', '2023-10-09', 6, 4800000, 800000, 480000.0, 384000.0, 5664000.0, 3000000, '2023-09-22 00:00:00', '2023-09-22 00:00:00');
INSERT INTO payments (id, booking_id, user_id, amount, currency, status, method, created_at, processed_at) VALUES ('696e71e4-5762-4767-b1e0-0fb39ef336fd', '6770f8db-b3b6-4998-ba44-cbe1218e3666', 'B2C3D4E5-F6G7-8901-BCDE-234567890123', 5664000.0, 'VND', 'SUCCEEDED', 'VNPAY', '2023-09-22 00:00:00', '2023-09-22 00:00:00');
INSERT INTO reviews (id, vehicle_id, booking_id, reviewer_id, owner_id, rating, cleanliness, accuracy, communication, value_rating, comment, created_at, updated_at) VALUES ('9ba2ac2c-4ce7-4fdc-9729-6eeef70ed2a1', 'V1A2B3C4-D5E6-7890-VHCL-111111111111', '6770f8db-b3b6-4998-ba44-cbe1218e3666', 'B2C3D4E5-F6G7-8901-BCDE-234567890123', 'E5F6G7H8-I9J0-1234-EFGH-567890123456', 3, 3, 3, 3, 3, N'Trải nghiệm tuyệt vời!', '2023-10-09 00:00:00', '2023-10-09 00:00:00');
INSERT INTO bookings (id, vehicle_id, renter_id, owner_id, status, start_date, end_date, total_days, base_price, price_per_day, service_fee, taxes, total, deposit, created_at, updated_at) VALUES ('d3c8bfa8-f773-452f-9f05-2bd5eefa3bb3', 'V1A2B3C4-D5E6-7890-VHCL-111111111111', 'B2C3D4E5-F6G7-8901-BCDE-234567890123', 'E5F6G7H8-I9J0-1234-EFGH-567890123456', 'COMPLETED', '2024-04-16', '2024-04-24', 8, 6400000, 800000, 640000.0, 512000.0, 7552000.0, 3000000, '2024-04-08 00:00:00', '2024-04-08 00:00:00');
INSERT INTO payments (id, booking_id, user_id, amount, currency, status, method, created_at, processed_at) VALUES ('83704263-92e6-468f-8bb1-22ccdf49409c', 'd3c8bfa8-f773-452f-9f05-2bd5eefa3bb3', 'B2C3D4E5-F6G7-8901-BCDE-234567890123', 7552000.0, 'VND', 'SUCCEEDED', 'VNPAY', '2024-04-08 00:00:00', '2024-04-08 00:00:00');
INSERT INTO reviews (id, vehicle_id, booking_id, reviewer_id, owner_id, rating, cleanliness, accuracy, communication, value_rating, comment, created_at, updated_at) VALUES ('56f03160-d009-4a80-a335-1fa68a3e4a71', 'V1A2B3C4-D5E6-7890-VHCL-111111111111', 'd3c8bfa8-f773-452f-9f05-2bd5eefa3bb3', 'B2C3D4E5-F6G7-8901-BCDE-234567890123', 'E5F6G7H8-I9J0-1234-EFGH-567890123456', 5, 5, 5, 5, 5, N'Trải nghiệm tuyệt vời!', '2024-04-24 00:00:00', '2024-04-24 00:00:00');
INSERT INTO bookings (id, vehicle_id, renter_id, owner_id, status, start_date, end_date, total_days, base_price, price_per_day, service_fee, taxes, total, deposit, created_at, updated_at) VALUES ('cd6c6530-de1a-41f3-8221-5b04c87d278c', 'V1A2B3C4-D5E6-7890-VHCL-111111111111', 'B2C3D4E5-F6G7-8901-BCDE-234567890123', 'E5F6G7H8-I9J0-1234-EFGH-567890123456', 'COMPLETED', '2023-07-21', '2023-07-24', 3, 2400000, 800000, 240000.0, 192000.0, 2832000.0, 3000000, '2023-07-13 00:00:00', '2023-07-13 00:00:00');
INSERT INTO payments (id, booking_id, user_id, amount, currency, status, method, created_at, processed_at) VALUES ('3547738b-1a71-4d02-8621-97749b6306f0', 'cd6c6530-de1a-41f3-8221-5b04c87d278c', 'B2C3D4E5-F6G7-8901-BCDE-234567890123', 2832000.0, 'VND', 'SUCCEEDED', 'VNPAY', '2023-07-13 00:00:00', '2023-07-13 00:00:00');
INSERT INTO reviews (id, vehicle_id, booking_id, reviewer_id, owner_id, rating, cleanliness, accuracy, communication, value_rating, comment, created_at, updated_at) VALUES ('5d2f6c22-65f0-4944-9c0c-c6bad3e88d37', 'V1A2B3C4-D5E6-7890-VHCL-111111111111', 'cd6c6530-de1a-41f3-8221-5b04c87d278c', 'B2C3D4E5-F6G7-8901-BCDE-234567890123', 'E5F6G7H8-I9J0-1234-EFGH-567890123456', 4, 4, 4, 4, 4, N'Trải nghiệm tuyệt vời!', '2023-07-24 00:00:00', '2023-07-24 00:00:00');
INSERT INTO bookings (id, vehicle_id, renter_id, owner_id, status, start_date, end_date, total_days, base_price, price_per_day, service_fee, taxes, total, deposit, created_at, updated_at) VALUES ('37323ad0-c1a4-4c54-abda-62df21f0a9e6', 'V1A2B3C4-D5E6-7890-VHCL-111111111111', 'B2C3D4E5-F6G7-8901-BCDE-234567890123', 'E5F6G7H8-I9J0-1234-EFGH-567890123456', 'COMPLETED', '2024-02-25', '2024-03-01', 5, 4000000, 800000, 400000.0, 320000.0, 4720000.0, 3000000, '2024-02-17 00:00:00', '2024-02-17 00:00:00');
INSERT INTO payments (id, booking_id, user_id, amount, currency, status, method, created_at, processed_at) VALUES ('66a292af-175d-4cd4-9e3b-8bca081bfdf6', '37323ad0-c1a4-4c54-abda-62df21f0a9e6', 'B2C3D4E5-F6G7-8901-BCDE-234567890123', 4720000.0, 'VND', 'SUCCEEDED', 'VNPAY', '2024-02-17 00:00:00', '2024-02-17 00:00:00');
INSERT INTO reviews (id, vehicle_id, booking_id, reviewer_id, owner_id, rating, cleanliness, accuracy, communication, value_rating, comment, created_at, updated_at) VALUES ('8ca0d86f-a00c-4514-aa59-3b5d4367a459', 'V1A2B3C4-D5E6-7890-VHCL-111111111111', '37323ad0-c1a4-4c54-abda-62df21f0a9e6', 'B2C3D4E5-F6G7-8901-BCDE-234567890123', 'E5F6G7H8-I9J0-1234-EFGH-567890123456', 5, 5, 5, 5, 5, N'Trải nghiệm tuyệt vời!', '2024-03-01 00:00:00', '2024-03-01 00:00:00');
INSERT INTO bookings (id, vehicle_id, renter_id, owner_id, status, start_date, end_date, total_days, base_price, price_per_day, service_fee, taxes, total, deposit, created_at, updated_at) VALUES ('b1516703-ace7-4412-abcd-f3f93b523341', 'V1A2B3C4-D5E6-7890-VHCL-111111111111', 'D4E5F6G7-H8I9-0123-DEFG-456789012345', 'E5F6G7H8-I9J0-1234-EFGH-567890123456', 'COMPLETED', '2023-03-23', '2023-03-27', 4, 3200000, 800000, 320000.0, 256000.0, 3776000.0, 3000000, '2023-03-12 00:00:00', '2023-03-12 00:00:00');
INSERT INTO payments (id, booking_id, user_id, amount, currency, status, method, created_at, processed_at) VALUES ('23be3a46-afb5-4b2e-a252-2f7eeffe0d2a', 'b1516703-ace7-4412-abcd-f3f93b523341', 'D4E5F6G7-H8I9-0123-DEFG-456789012345', 3776000.0, 'VND', 'SUCCEEDED', 'VNPAY', '2023-03-12 00:00:00', '2023-03-12 00:00:00');
INSERT INTO reviews (id, vehicle_id, booking_id, reviewer_id, owner_id, rating, cleanliness, accuracy, communication, value_rating, comment, created_at, updated_at) VALUES ('ea91bbaf-2298-45a8-b465-1ea936849acd', 'V1A2B3C4-D5E6-7890-VHCL-111111111111', 'b1516703-ace7-4412-abcd-f3f93b523341', 'D4E5F6G7-H8I9-0123-DEFG-456789012345', 'E5F6G7H8-I9J0-1234-EFGH-567890123456', 5, 5, 5, 5, 5, N'Trải nghiệm tuyệt vời!', '2023-03-27 00:00:00', '2023-03-27 00:00:00');
INSERT INTO bookings (id, vehicle_id, renter_id, owner_id, status, start_date, end_date, total_days, base_price, price_per_day, service_fee, taxes, total, deposit, created_at, updated_at) VALUES ('979e6d14-cd4f-49fc-a6b4-f9e4d3e41047', 'V1A2B3C4-D5E6-7890-VHCL-111111111111', 'C3D4E5F6-G7H8-9012-CDEF-345678901234', 'E5F6G7H8-I9J0-1234-EFGH-567890123456', 'COMPLETED', '2023-10-26', '2023-10-27', 1, 800000, 800000, 80000.0, 64000.0, 944000.0, 3000000, '2023-10-14 00:00:00', '2023-10-14 00:00:00');
INSERT INTO payments (id, booking_id, user_id, amount, currency, status, method, created_at, processed_at) VALUES ('d4b44023-3f8c-445d-b92c-d4cc2321aea9', '979e6d14-cd4f-49fc-a6b4-f9e4d3e41047', 'C3D4E5F6-G7H8-9012-CDEF-345678901234', 944000.0, 'VND', 'SUCCEEDED', 'VNPAY', '2023-10-14 00:00:00', '2023-10-14 00:00:00');
INSERT INTO reviews (id, vehicle_id, booking_id, reviewer_id, owner_id, rating, cleanliness, accuracy, communication, value_rating, comment, created_at, updated_at) VALUES ('34defd4a-af03-4b57-8583-52f0b6981993', 'V1A2B3C4-D5E6-7890-VHCL-111111111111', '979e6d14-cd4f-49fc-a6b4-f9e4d3e41047', 'C3D4E5F6-G7H8-9012-CDEF-345678901234', 'E5F6G7H8-I9J0-1234-EFGH-567890123456', 4, 4, 4, 4, 4, N'Trải nghiệm tuyệt vời!', '2023-10-27 00:00:00', '2023-10-27 00:00:00');
INSERT INTO bookings (id, vehicle_id, renter_id, owner_id, status, start_date, end_date, total_days, base_price, price_per_day, service_fee, taxes, total, deposit, created_at, updated_at) VALUES ('e20869d4-412c-43f5-ba3c-3c69b7f5193e', 'V1A2B3C4-D5E6-7890-VHCL-111111111111', 'C3D4E5F6-G7H8-9012-CDEF-345678901234', 'E5F6G7H8-I9J0-1234-EFGH-567890123456', 'COMPLETED', '2023-02-12', '2023-02-13', 1, 800000, 800000, 80000.0, 64000.0, 944000.0, 3000000, '2023-02-09 00:00:00', '2023-02-09 00:00:00');
INSERT INTO payments (id, booking_id, user_id, amount, currency, status, method, created_at, processed_at) VALUES ('494205a7-06a0-4823-a5d6-2172e6a1028f', 'e20869d4-412c-43f5-ba3c-3c69b7f5193e', 'C3D4E5F6-G7H8-9012-CDEF-345678901234', 944000.0, 'VND', 'SUCCEEDED', 'VNPAY', '2023-02-09 00:00:00', '2023-02-09 00:00:00');
INSERT INTO reviews (id, vehicle_id, booking_id, reviewer_id, owner_id, rating, cleanliness, accuracy, communication, value_rating, comment, created_at, updated_at) VALUES ('df9a0804-e3e0-4586-9736-0c652d52d971', 'V1A2B3C4-D5E6-7890-VHCL-111111111111', 'e20869d4-412c-43f5-ba3c-3c69b7f5193e', 'C3D4E5F6-G7H8-9012-CDEF-345678901234', 'E5F6G7H8-I9J0-1234-EFGH-567890123456', 4, 4, 4, 4, 4, N'Trải nghiệm tuyệt vời!', '2023-02-13 00:00:00', '2023-02-13 00:00:00');
INSERT INTO bookings (id, vehicle_id, renter_id, owner_id, status, start_date, end_date, total_days, base_price, price_per_day, service_fee, taxes, total, deposit, created_at, updated_at) VALUES ('ce6c90a2-9f88-4525-8b9b-0ceaf0e07994', 'V1A2B3C4-D5E6-7890-VHCL-111111111111', 'B2C3D4E5-F6G7-8901-BCDE-234567890123', 'E5F6G7H8-I9J0-1234-EFGH-567890123456', 'COMPLETED', '2024-03-29', '2024-04-08', 10, 8000000, 800000, 800000.0, 640000.0, 9440000.0, 3000000, '2024-03-19 00:00:00', '2024-03-19 00:00:00');
INSERT INTO payments (id, booking_id, user_id, amount, currency, status, method, created_at, processed_at) VALUES ('310146e3-ae79-4c3c-98a3-c8de2d535516', 'ce6c90a2-9f88-4525-8b9b-0ceaf0e07994', 'B2C3D4E5-F6G7-8901-BCDE-234567890123', 9440000.0, 'VND', 'SUCCEEDED', 'VNPAY', '2024-03-19 00:00:00', '2024-03-19 00:00:00');
INSERT INTO reviews (id, vehicle_id, booking_id, reviewer_id, owner_id, rating, cleanliness, accuracy, communication, value_rating, comment, created_at, updated_at) VALUES ('6c71a1a5-a9ea-47d3-9b7b-0a827258a707', 'V1A2B3C4-D5E6-7890-VHCL-111111111111', 'ce6c90a2-9f88-4525-8b9b-0ceaf0e07994', 'B2C3D4E5-F6G7-8901-BCDE-234567890123', 'E5F6G7H8-I9J0-1234-EFGH-567890123456', 3, 3, 3, 3, 3, N'Trải nghiệm tuyệt vời!', '2024-04-08 00:00:00', '2024-04-08 00:00:00');
INSERT INTO bookings (id, vehicle_id, renter_id, owner_id, status, start_date, end_date, total_days, base_price, price_per_day, service_fee, taxes, total, deposit, created_at, updated_at) VALUES ('3e80bd3b-ecf2-46a8-9dc1-6a8b5b208d23', 'V1A2B3C4-D5E6-7890-VHCL-111111111111', 'D4E5F6G7-H8I9-0123-DEFG-456789012345', 'E5F6G7H8-I9J0-1234-EFGH-567890123456', 'COMPLETED', '2023-01-22', '2023-02-01', 10, 8000000, 800000, 800000.0, 640000.0, 9440000.0, 3000000, '2023-01-14 00:00:00', '2023-01-14 00:00:00');
INSERT INTO payments (id, booking_id, user_id, amount, currency, status, method, created_at, processed_at) VALUES ('4c02c57c-6a39-4269-8702-96087cc21353', '3e80bd3b-ecf2-46a8-9dc1-6a8b5b208d23', 'D4E5F6G7-H8I9-0123-DEFG-456789012345', 9440000.0, 'VND', 'SUCCEEDED', 'VNPAY', '2023-01-14 00:00:00', '2023-01-14 00:00:00');
INSERT INTO reviews (id, vehicle_id, booking_id, reviewer_id, owner_id, rating, cleanliness, accuracy, communication, value_rating, comment, created_at, updated_at) VALUES ('8ccbcee4-2456-4afd-b1a1-547124cafb29', 'V1A2B3C4-D5E6-7890-VHCL-111111111111', '3e80bd3b-ecf2-46a8-9dc1-6a8b5b208d23', 'D4E5F6G7-H8I9-0123-DEFG-456789012345', 'E5F6G7H8-I9J0-1234-EFGH-567890123456', 4, 4, 4, 4, 4, N'Trải nghiệm tuyệt vời!', '2023-02-01 00:00:00', '2023-02-01 00:00:00');
INSERT INTO bookings (id, vehicle_id, renter_id, owner_id, status, start_date, end_date, total_days, base_price, price_per_day, service_fee, taxes, total, deposit, created_at, updated_at) VALUES ('8178ab05-648f-4bdb-926f-8b3aa693d8dd', 'V1A2B3C4-D5E6-7890-VHCL-111111111111', 'D4E5F6G7-H8I9-0123-DEFG-456789012345', 'E5F6G7H8-I9J0-1234-EFGH-567890123456', 'CANCELLED', '2023-01-20', '2023-01-29', 9, 7200000, 800000, 720000.0, 576000.0, 8496000.0, 3000000, '2023-01-15 00:00:00', '2023-01-15 00:00:00');
INSERT INTO payments (id, booking_id, user_id, amount, currency, status, method, created_at, processed_at) VALUES ('4b0dd59a-0e8e-446c-a17b-5f2c0e9e6d5b', '8178ab05-648f-4bdb-926f-8b3aa693d8dd', 'D4E5F6G7-H8I9-0123-DEFG-456789012345', 8496000.0, 'VND', 'REFUNDED', 'VNPAY', '2023-01-15 00:00:00', '2023-01-15 00:00:00');
INSERT INTO bookings (id, vehicle_id, renter_id, owner_id, status, start_date, end_date, total_days, base_price, price_per_day, service_fee, taxes, total, deposit, created_at, updated_at) VALUES ('983b2963-e1d8-43a4-bc76-7a4456b50ce2', 'V1A2B3C4-D5E6-7890-VHCL-111111111111', 'C3D4E5F6-G7H8-9012-CDEF-345678901234', 'E5F6G7H8-I9J0-1234-EFGH-567890123456', 'CANCELLED', '2023-08-17', '2023-08-24', 7, 5600000, 800000, 560000.0, 448000.0, 6608000.0, 3000000, '2023-08-03 00:00:00', '2023-08-03 00:00:00');
INSERT INTO payments (id, booking_id, user_id, amount, currency, status, method, created_at, processed_at) VALUES ('ce7c35cc-6b6a-4186-a883-0c30bb595edd', '983b2963-e1d8-43a4-bc76-7a4456b50ce2', 'C3D4E5F6-G7H8-9012-CDEF-345678901234', 6608000.0, 'VND', 'REFUNDED', 'VNPAY', '2023-08-03 00:00:00', '2023-08-03 00:00:00');
INSERT INTO bookings (id, vehicle_id, renter_id, owner_id, status, start_date, end_date, total_days, base_price, price_per_day, service_fee, taxes, total, deposit, created_at, updated_at) VALUES ('7cdae799-178f-4089-aefe-afd87fc1bae0', 'V1A2B3C4-D5E6-7890-VHCL-111111111111', 'D4E5F6G7-H8I9-0123-DEFG-456789012345', 'E5F6G7H8-I9J0-1234-EFGH-567890123456', 'COMPLETED', '2023-12-14', '2023-12-19', 5, 4000000, 800000, 400000.0, 320000.0, 4720000.0, 3000000, '2023-12-04 00:00:00', '2023-12-04 00:00:00');
INSERT INTO payments (id, booking_id, user_id, amount, currency, status, method, created_at, processed_at) VALUES ('528634fa-10f5-4705-ba44-659cb6b1b7cc', '7cdae799-178f-4089-aefe-afd87fc1bae0', 'D4E5F6G7-H8I9-0123-DEFG-456789012345', 4720000.0, 'VND', 'SUCCEEDED', 'VNPAY', '2023-12-04 00:00:00', '2023-12-04 00:00:00');
INSERT INTO reviews (id, vehicle_id, booking_id, reviewer_id, owner_id, rating, cleanliness, accuracy, communication, value_rating, comment, created_at, updated_at) VALUES ('32e2f9b3-72b5-4b0b-8779-388af4bd38e9', 'V1A2B3C4-D5E6-7890-VHCL-111111111111', '7cdae799-178f-4089-aefe-afd87fc1bae0', 'D4E5F6G7-H8I9-0123-DEFG-456789012345', 'E5F6G7H8-I9J0-1234-EFGH-567890123456', 4, 4, 4, 4, 4, N'Trải nghiệm tuyệt vời!', '2023-12-19 00:00:00', '2023-12-19 00:00:00');
INSERT INTO bookings (id, vehicle_id, renter_id, owner_id, status, start_date, end_date, total_days, base_price, price_per_day, service_fee, taxes, total, deposit, created_at, updated_at) VALUES ('db2ec54d-08eb-4f13-887c-f94d912a0b53', 'V1A2B3C4-D5E6-7890-VHCL-111111111111', 'B2C3D4E5-F6G7-8901-BCDE-234567890123', 'E5F6G7H8-I9J0-1234-EFGH-567890123456', 'COMPLETED', '2023-02-01', '2023-02-05', 4, 3200000, 800000, 320000.0, 256000.0, 3776000.0, 3000000, '2023-01-20 00:00:00', '2023-01-20 00:00:00');
INSERT INTO payments (id, booking_id, user_id, amount, currency, status, method, created_at, processed_at) VALUES ('552a1c05-8838-499f-a8f4-655147a21fcd', 'db2ec54d-08eb-4f13-887c-f94d912a0b53', 'B2C3D4E5-F6G7-8901-BCDE-234567890123', 3776000.0, 'VND', 'SUCCEEDED', 'VNPAY', '2023-01-20 00:00:00', '2023-01-20 00:00:00');
INSERT INTO reviews (id, vehicle_id, booking_id, reviewer_id, owner_id, rating, cleanliness, accuracy, communication, value_rating, comment, created_at, updated_at) VALUES ('62def400-6bd1-406e-ab36-ec9ea0d1bda8', 'V1A2B3C4-D5E6-7890-VHCL-111111111111', 'db2ec54d-08eb-4f13-887c-f94d912a0b53', 'B2C3D4E5-F6G7-8901-BCDE-234567890123', 'E5F6G7H8-I9J0-1234-EFGH-567890123456', 4, 4, 4, 4, 4, N'Trải nghiệm tuyệt vời!', '2023-02-05 00:00:00', '2023-02-05 00:00:00');
INSERT INTO bookings (id, vehicle_id, renter_id, owner_id, status, start_date, end_date, total_days, base_price, price_per_day, service_fee, taxes, total, deposit, created_at, updated_at) VALUES ('c7ce8cf2-8502-4210-b97d-e22820a5d4cf', 'V1A2B3C4-D5E6-7890-VHCL-111111111111', 'D4E5F6G7-H8I9-0123-DEFG-456789012345', 'E5F6G7H8-I9J0-1234-EFGH-567890123456', 'COMPLETED', '2023-05-09', '2023-05-17', 8, 6400000, 800000, 640000.0, 512000.0, 7552000.0, 3000000, '2023-04-26 00:00:00', '2023-04-26 00:00:00');
INSERT INTO payments (id, booking_id, user_id, amount, currency, status, method, created_at, processed_at) VALUES ('becfc62b-ed01-4a35-b112-8ce8ce05b5d0', 'c7ce8cf2-8502-4210-b97d-e22820a5d4cf', 'D4E5F6G7-H8I9-0123-DEFG-456789012345', 7552000.0, 'VND', 'SUCCEEDED', 'VNPAY', '2023-04-26 00:00:00', '2023-04-26 00:00:00');
INSERT INTO reviews (id, vehicle_id, booking_id, reviewer_id, owner_id, rating, cleanliness, accuracy, communication, value_rating, comment, created_at, updated_at) VALUES ('7e56dff2-03cb-47da-adaa-c20b3979e92b', 'V1A2B3C4-D5E6-7890-VHCL-111111111111', 'c7ce8cf2-8502-4210-b97d-e22820a5d4cf', 'D4E5F6G7-H8I9-0123-DEFG-456789012345', 'E5F6G7H8-I9J0-1234-EFGH-567890123456', 3, 3, 3, 3, 3, N'Trải nghiệm tuyệt vời!', '2023-05-17 00:00:00', '2023-05-17 00:00:00');
INSERT INTO bookings (id, vehicle_id, renter_id, owner_id, status, start_date, end_date, total_days, base_price, price_per_day, service_fee, taxes, total, deposit, created_at, updated_at) VALUES ('070d5fc4-0793-4772-a0b6-3ea15f03bbbd', 'V1A2B3C4-D5E6-7890-VHCL-111111111111', 'C3D4E5F6-G7H8-9012-CDEF-345678901234', 'E5F6G7H8-I9J0-1234-EFGH-567890123456', 'COMPLETED', '2023-11-25', '2023-11-27', 2, 1600000, 800000, 160000.0, 128000.0, 1888000.0, 3000000, '2023-11-11 00:00:00', '2023-11-11 00:00:00');
INSERT INTO payments (id, booking_id, user_id, amount, currency, status, method, created_at, processed_at) VALUES ('a7d9f021-dbd6-4b02-bdc4-80644cd08359', '070d5fc4-0793-4772-a0b6-3ea15f03bbbd', 'C3D4E5F6-G7H8-9012-CDEF-345678901234', 1888000.0, 'VND', 'SUCCEEDED', 'VNPAY', '2023-11-11 00:00:00', '2023-11-11 00:00:00');
INSERT INTO reviews (id, vehicle_id, booking_id, reviewer_id, owner_id, rating, cleanliness, accuracy, communication, value_rating, comment, created_at, updated_at) VALUES ('3bee8d66-0911-4dae-8a44-ec27aaf228eb', 'V1A2B3C4-D5E6-7890-VHCL-111111111111', '070d5fc4-0793-4772-a0b6-3ea15f03bbbd', 'C3D4E5F6-G7H8-9012-CDEF-345678901234', 'E5F6G7H8-I9J0-1234-EFGH-567890123456', 4, 4, 4, 4, 4, N'Trải nghiệm tuyệt vời!', '2023-11-27 00:00:00', '2023-11-27 00:00:00');
INSERT INTO bookings (id, vehicle_id, renter_id, owner_id, status, start_date, end_date, total_days, base_price, price_per_day, service_fee, taxes, total, deposit, created_at, updated_at) VALUES ('356dfec4-cf36-45c2-bc27-7d040f3131f4', 'V1A2B3C4-D5E6-7890-VHCL-111111111111', 'D4E5F6G7-H8I9-0123-DEFG-456789012345', 'E5F6G7H8-I9J0-1234-EFGH-567890123456', 'COMPLETED', '2023-06-02', '2023-06-10', 8, 6400000, 800000, 640000.0, 512000.0, 7552000.0, 3000000, '2023-05-31 00:00:00', '2023-05-31 00:00:00');
INSERT INTO payments (id, booking_id, user_id, amount, currency, status, method, created_at, processed_at) VALUES ('e19280d4-bd7e-4480-855d-c58fc9d61f06', '356dfec4-cf36-45c2-bc27-7d040f3131f4', 'D4E5F6G7-H8I9-0123-DEFG-456789012345', 7552000.0, 'VND', 'SUCCEEDED', 'VNPAY', '2023-05-31 00:00:00', '2023-05-31 00:00:00');
INSERT INTO reviews (id, vehicle_id, booking_id, reviewer_id, owner_id, rating, cleanliness, accuracy, communication, value_rating, comment, created_at, updated_at) VALUES ('7dcf1546-a679-4ac6-a8f8-4f8d27b3607c', 'V1A2B3C4-D5E6-7890-VHCL-111111111111', '356dfec4-cf36-45c2-bc27-7d040f3131f4', 'D4E5F6G7-H8I9-0123-DEFG-456789012345', 'E5F6G7H8-I9J0-1234-EFGH-567890123456', 3, 3, 3, 3, 3, N'Trải nghiệm tuyệt vời!', '2023-06-10 00:00:00', '2023-06-10 00:00:00');
INSERT INTO bookings (id, vehicle_id, renter_id, owner_id, status, start_date, end_date, total_days, base_price, price_per_day, service_fee, taxes, total, deposit, created_at, updated_at) VALUES ('33c21cf0-2d1e-44e1-8a31-2d0ed4658ba0', 'V1A2B3C4-D5E6-7890-VHCL-111111111111', 'D4E5F6G7-H8I9-0123-DEFG-456789012345', 'E5F6G7H8-I9J0-1234-EFGH-567890123456', 'COMPLETED', '2023-06-05', '2023-06-06', 1, 800000, 800000, 80000.0, 64000.0, 944000.0, 3000000, '2023-05-30 00:00:00', '2023-05-30 00:00:00');
INSERT INTO payments (id, booking_id, user_id, amount, currency, status, method, created_at, processed_at) VALUES ('43753ec9-9ae7-4b01-bfaa-73b1a915000b', '33c21cf0-2d1e-44e1-8a31-2d0ed4658ba0', 'D4E5F6G7-H8I9-0123-DEFG-456789012345', 944000.0, 'VND', 'SUCCEEDED', 'VNPAY', '2023-05-30 00:00:00', '2023-05-30 00:00:00');
INSERT INTO reviews (id, vehicle_id, booking_id, reviewer_id, owner_id, rating, cleanliness, accuracy, communication, value_rating, comment, created_at, updated_at) VALUES ('a972c0f7-7c0d-40da-bf7b-2421fbc0d592', 'V1A2B3C4-D5E6-7890-VHCL-111111111111', '33c21cf0-2d1e-44e1-8a31-2d0ed4658ba0', 'D4E5F6G7-H8I9-0123-DEFG-456789012345', 'E5F6G7H8-I9J0-1234-EFGH-567890123456', 4, 4, 4, 4, 4, N'Trải nghiệm tuyệt vời!', '2023-06-06 00:00:00', '2023-06-06 00:00:00');
INSERT INTO bookings (id, vehicle_id, renter_id, owner_id, status, start_date, end_date, total_days, base_price, price_per_day, service_fee, taxes, total, deposit, created_at, updated_at) VALUES ('d171d88d-4d28-4ec4-9817-73f38d56819b', 'V1A2B3C4-D5E6-7890-VHCL-111111111111', 'B2C3D4E5-F6G7-8901-BCDE-234567890123', 'E5F6G7H8-I9J0-1234-EFGH-567890123456', 'COMPLETED', '2023-09-30', '2023-10-10', 10, 8000000, 800000, 800000.0, 640000.0, 9440000.0, 3000000, '2023-09-19 00:00:00', '2023-09-19 00:00:00');
INSERT INTO payments (id, booking_id, user_id, amount, currency, status, method, created_at, processed_at) VALUES ('fe13fb89-283c-426d-becb-18ba65c48201', 'd171d88d-4d28-4ec4-9817-73f38d56819b', 'B2C3D4E5-F6G7-8901-BCDE-234567890123', 9440000.0, 'VND', 'SUCCEEDED', 'VNPAY', '2023-09-19 00:00:00', '2023-09-19 00:00:00');
INSERT INTO reviews (id, vehicle_id, booking_id, reviewer_id, owner_id, rating, cleanliness, accuracy, communication, value_rating, comment, created_at, updated_at) VALUES ('9bc77e58-6543-44cd-8556-197c6249d275', 'V1A2B3C4-D5E6-7890-VHCL-111111111111', 'd171d88d-4d28-4ec4-9817-73f38d56819b', 'B2C3D4E5-F6G7-8901-BCDE-234567890123', 'E5F6G7H8-I9J0-1234-EFGH-567890123456', 5, 5, 5, 5, 5, N'Trải nghiệm tuyệt vời!', '2023-10-10 00:00:00', '2023-10-10 00:00:00');
INSERT INTO bookings (id, vehicle_id, renter_id, owner_id, status, start_date, end_date, total_days, base_price, price_per_day, service_fee, taxes, total, deposit, created_at, updated_at) VALUES ('4c5cb22a-cf13-4e83-87b8-b33ed427a0ee', 'V1A2B3C4-D5E6-7890-VHCL-111111111111', 'B2C3D4E5-F6G7-8901-BCDE-234567890123', 'E5F6G7H8-I9J0-1234-EFGH-567890123456', 'COMPLETED', '2024-02-27', '2024-03-04', 6, 4800000, 800000, 480000.0, 384000.0, 5664000.0, 3000000, '2024-02-23 00:00:00', '2024-02-23 00:00:00');
INSERT INTO payments (id, booking_id, user_id, amount, currency, status, method, created_at, processed_at) VALUES ('858d7e5e-b47f-4755-b5d2-e61b46abc246', '4c5cb22a-cf13-4e83-87b8-b33ed427a0ee', 'B2C3D4E5-F6G7-8901-BCDE-234567890123', 5664000.0, 'VND', 'SUCCEEDED', 'VNPAY', '2024-02-23 00:00:00', '2024-02-23 00:00:00');
INSERT INTO reviews (id, vehicle_id, booking_id, reviewer_id, owner_id, rating, cleanliness, accuracy, communication, value_rating, comment, created_at, updated_at) VALUES ('999d88c1-205f-4e34-9112-36ed370cc755', 'V1A2B3C4-D5E6-7890-VHCL-111111111111', '4c5cb22a-cf13-4e83-87b8-b33ed427a0ee', 'B2C3D4E5-F6G7-8901-BCDE-234567890123', 'E5F6G7H8-I9J0-1234-EFGH-567890123456', 3, 3, 3, 3, 3, N'Trải nghiệm tuyệt vời!', '2024-03-04 00:00:00', '2024-03-04 00:00:00');
INSERT INTO bookings (id, vehicle_id, renter_id, owner_id, status, start_date, end_date, total_days, base_price, price_per_day, service_fee, taxes, total, deposit, created_at, updated_at) VALUES ('97d0de3e-5e40-4235-891e-92bfcbbd18dd', 'V1A2B3C4-D5E6-7890-VHCL-111111111111', 'B2C3D4E5-F6G7-8901-BCDE-234567890123', 'E5F6G7H8-I9J0-1234-EFGH-567890123456', 'COMPLETED', '2023-07-27', '2023-08-04', 8, 6400000, 800000, 640000.0, 512000.0, 7552000.0, 3000000, '2023-07-15 00:00:00', '2023-07-15 00:00:00');
INSERT INTO payments (id, booking_id, user_id, amount, currency, status, method, created_at, processed_at) VALUES ('92dd5947-4d20-4035-8c58-ae59cc3deb32', '97d0de3e-5e40-4235-891e-92bfcbbd18dd', 'B2C3D4E5-F6G7-8901-BCDE-234567890123', 7552000.0, 'VND', 'SUCCEEDED', 'VNPAY', '2023-07-15 00:00:00', '2023-07-15 00:00:00');
INSERT INTO reviews (id, vehicle_id, booking_id, reviewer_id, owner_id, rating, cleanliness, accuracy, communication, value_rating, comment, created_at, updated_at) VALUES ('bb6d906e-68b4-4912-9b52-c78cdb2253a5', 'V1A2B3C4-D5E6-7890-VHCL-111111111111', '97d0de3e-5e40-4235-891e-92bfcbbd18dd', 'B2C3D4E5-F6G7-8901-BCDE-234567890123', 'E5F6G7H8-I9J0-1234-EFGH-567890123456', 3, 3, 3, 3, 3, N'Trải nghiệm tuyệt vời!', '2023-08-04 00:00:00', '2023-08-04 00:00:00');
INSERT INTO bookings (id, vehicle_id, renter_id, owner_id, status, start_date, end_date, total_days, base_price, price_per_day, service_fee, taxes, total, deposit, created_at, updated_at) VALUES ('2f812234-4a65-4ae0-a2d9-6212f2486dc5', 'V1A2B3C4-D5E6-7890-VHCL-111111111111', 'D4E5F6G7-H8I9-0123-DEFG-456789012345', 'E5F6G7H8-I9J0-1234-EFGH-567890123456', 'CANCELLED', '2023-09-26', '2023-10-05', 9, 7200000, 800000, 720000.0, 576000.0, 8496000.0, 3000000, '2023-09-23 00:00:00', '2023-09-23 00:00:00');
INSERT INTO payments (id, booking_id, user_id, amount, currency, status, method, created_at, processed_at) VALUES ('b1ff6482-37da-42f3-be54-7e1d8ff99b72', '2f812234-4a65-4ae0-a2d9-6212f2486dc5', 'D4E5F6G7-H8I9-0123-DEFG-456789012345', 8496000.0, 'VND', 'REFUNDED', 'VNPAY', '2023-09-23 00:00:00', '2023-09-23 00:00:00');
INSERT INTO bookings (id, vehicle_id, renter_id, owner_id, status, start_date, end_date, total_days, base_price, price_per_day, service_fee, taxes, total, deposit, created_at, updated_at) VALUES ('19d138ab-abea-424a-880d-0dbcd356742c', 'V1A2B3C4-D5E6-7890-VHCL-111111111111', 'B2C3D4E5-F6G7-8901-BCDE-234567890123', 'E5F6G7H8-I9J0-1234-EFGH-567890123456', 'COMPLETED', '2023-09-14', '2023-09-22', 8, 6400000, 800000, 640000.0, 512000.0, 7552000.0, 3000000, '2023-09-09 00:00:00', '2023-09-09 00:00:00');
INSERT INTO payments (id, booking_id, user_id, amount, currency, status, method, created_at, processed_at) VALUES ('a1a26880-84bc-4669-a15c-df15c8820634', '19d138ab-abea-424a-880d-0dbcd356742c', 'B2C3D4E5-F6G7-8901-BCDE-234567890123', 7552000.0, 'VND', 'SUCCEEDED', 'VNPAY', '2023-09-09 00:00:00', '2023-09-09 00:00:00');
INSERT INTO reviews (id, vehicle_id, booking_id, reviewer_id, owner_id, rating, cleanliness, accuracy, communication, value_rating, comment, created_at, updated_at) VALUES ('76acb0f2-50c2-43b4-8f31-66455555c556', 'V1A2B3C4-D5E6-7890-VHCL-111111111111', '19d138ab-abea-424a-880d-0dbcd356742c', 'B2C3D4E5-F6G7-8901-BCDE-234567890123', 'E5F6G7H8-I9J0-1234-EFGH-567890123456', 5, 5, 5, 5, 5, N'Trải nghiệm tuyệt vời!', '2023-09-22 00:00:00', '2023-09-22 00:00:00');
INSERT INTO bookings (id, vehicle_id, renter_id, owner_id, status, start_date, end_date, total_days, base_price, price_per_day, service_fee, taxes, total, deposit, created_at, updated_at) VALUES ('2bec4616-4358-4844-b054-ae01c6cc6b73', 'V1A2B3C4-D5E6-7890-VHCL-111111111111', 'D4E5F6G7-H8I9-0123-DEFG-456789012345', 'E5F6G7H8-I9J0-1234-EFGH-567890123456', 'COMPLETED', '2023-05-21', '2023-05-29', 8, 6400000, 800000, 640000.0, 512000.0, 7552000.0, 3000000, '2023-05-16 00:00:00', '2023-05-16 00:00:00');
INSERT INTO payments (id, booking_id, user_id, amount, currency, status, method, created_at, processed_at) VALUES ('341c0858-a432-4f59-8e86-b0e3a1f4ef9d', '2bec4616-4358-4844-b054-ae01c6cc6b73', 'D4E5F6G7-H8I9-0123-DEFG-456789012345', 7552000.0, 'VND', 'SUCCEEDED', 'VNPAY', '2023-05-16 00:00:00', '2023-05-16 00:00:00');
INSERT INTO reviews (id, vehicle_id, booking_id, reviewer_id, owner_id, rating, cleanliness, accuracy, communication, value_rating, comment, created_at, updated_at) VALUES ('6ed9c055-bcd4-422d-9163-b6831d6dbf6c', 'V1A2B3C4-D5E6-7890-VHCL-111111111111', '2bec4616-4358-4844-b054-ae01c6cc6b73', 'D4E5F6G7-H8I9-0123-DEFG-456789012345', 'E5F6G7H8-I9J0-1234-EFGH-567890123456', 3, 3, 3, 3, 3, N'Trải nghiệm tuyệt vời!', '2023-05-29 00:00:00', '2023-05-29 00:00:00');
INSERT INTO bookings (id, vehicle_id, renter_id, owner_id, status, start_date, end_date, total_days, base_price, price_per_day, service_fee, taxes, total, deposit, created_at, updated_at) VALUES ('1837a6ca-9910-43b6-a31d-8bd4aa496e75', 'V1A2B3C4-D5E6-7890-VHCL-111111111111', 'D4E5F6G7-H8I9-0123-DEFG-456789012345', 'E5F6G7H8-I9J0-1234-EFGH-567890123456', 'COMPLETED', '2024-05-24', '2024-05-29', 5, 4000000, 800000, 400000.0, 320000.0, 4720000.0, 3000000, '2024-05-23 00:00:00', '2024-05-23 00:00:00');
INSERT INTO payments (id, booking_id, user_id, amount, currency, status, method, created_at, processed_at) VALUES ('96a19a61-1dcd-414d-98f0-b76bcb42aa3d', '1837a6ca-9910-43b6-a31d-8bd4aa496e75', 'D4E5F6G7-H8I9-0123-DEFG-456789012345', 4720000.0, 'VND', 'SUCCEEDED', 'VNPAY', '2024-05-23 00:00:00', '2024-05-23 00:00:00');
INSERT INTO reviews (id, vehicle_id, booking_id, reviewer_id, owner_id, rating, cleanliness, accuracy, communication, value_rating, comment, created_at, updated_at) VALUES ('31b049a7-4770-4ba9-ae40-59b7e1b36505', 'V1A2B3C4-D5E6-7890-VHCL-111111111111', '1837a6ca-9910-43b6-a31d-8bd4aa496e75', 'D4E5F6G7-H8I9-0123-DEFG-456789012345', 'E5F6G7H8-I9J0-1234-EFGH-567890123456', 4, 4, 4, 4, 4, N'Trải nghiệm tuyệt vời!', '2024-05-29 00:00:00', '2024-05-29 00:00:00');
INSERT INTO bookings (id, vehicle_id, renter_id, owner_id, status, start_date, end_date, total_days, base_price, price_per_day, service_fee, taxes, total, deposit, created_at, updated_at) VALUES ('081d8303-635b-44f9-888f-83045ac37f01', 'V1A2B3C4-D5E6-7890-VHCL-111111111111', 'D4E5F6G7-H8I9-0123-DEFG-456789012345', 'E5F6G7H8-I9J0-1234-EFGH-567890123456', 'COMPLETED', '2023-09-14', '2023-09-18', 4, 3200000, 800000, 320000.0, 256000.0, 3776000.0, 3000000, '2023-09-09 00:00:00', '2023-09-09 00:00:00');
INSERT INTO payments (id, booking_id, user_id, amount, currency, status, method, created_at, processed_at) VALUES ('772587b7-b4d3-4e13-b6a1-53468c1bd1fd', '081d8303-635b-44f9-888f-83045ac37f01', 'D4E5F6G7-H8I9-0123-DEFG-456789012345', 3776000.0, 'VND', 'SUCCEEDED', 'VNPAY', '2023-09-09 00:00:00', '2023-09-09 00:00:00');
INSERT INTO reviews (id, vehicle_id, booking_id, reviewer_id, owner_id, rating, cleanliness, accuracy, communication, value_rating, comment, created_at, updated_at) VALUES ('a12355ed-3968-4d15-a606-db818c652f2e', 'V1A2B3C4-D5E6-7890-VHCL-111111111111', '081d8303-635b-44f9-888f-83045ac37f01', 'D4E5F6G7-H8I9-0123-DEFG-456789012345', 'E5F6G7H8-I9J0-1234-EFGH-567890123456', 5, 5, 5, 5, 5, N'Trải nghiệm tuyệt vời!', '2023-09-18 00:00:00', '2023-09-18 00:00:00');
INSERT INTO bookings (id, vehicle_id, renter_id, owner_id, status, start_date, end_date, total_days, base_price, price_per_day, service_fee, taxes, total, deposit, created_at, updated_at) VALUES ('10ab1e99-2821-4ea1-8997-71a7ae1c21bb', 'V1A2B3C4-D5E6-7890-VHCL-111111111111', 'D4E5F6G7-H8I9-0123-DEFG-456789012345', 'E5F6G7H8-I9J0-1234-EFGH-567890123456', 'CANCELLED', '2023-09-26', '2023-10-02', 6, 4800000, 800000, 480000.0, 384000.0, 5664000.0, 3000000, '2023-09-12 00:00:00', '2023-09-12 00:00:00');
INSERT INTO payments (id, booking_id, user_id, amount, currency, status, method, created_at, processed_at) VALUES ('097f854f-8094-4d54-832f-e591cdbc495c', '10ab1e99-2821-4ea1-8997-71a7ae1c21bb', 'D4E5F6G7-H8I9-0123-DEFG-456789012345', 5664000.0, 'VND', 'REFUNDED', 'VNPAY', '2023-09-12 00:00:00', '2023-09-12 00:00:00');
INSERT INTO bookings (id, vehicle_id, renter_id, owner_id, status, start_date, end_date, total_days, base_price, price_per_day, service_fee, taxes, total, deposit, created_at, updated_at) VALUES ('e452c31d-4559-46bc-94bb-32d88996e973', 'V1A2B3C4-D5E6-7890-VHCL-111111111111', 'C3D4E5F6-G7H8-9012-CDEF-345678901234', 'E5F6G7H8-I9J0-1234-EFGH-567890123456', 'COMPLETED', '2023-09-28', '2023-09-29', 1, 800000, 800000, 80000.0, 64000.0, 944000.0, 3000000, '2023-09-23 00:00:00', '2023-09-23 00:00:00');
INSERT INTO payments (id, booking_id, user_id, amount, currency, status, method, created_at, processed_at) VALUES ('3e3dbf0d-58d5-418c-bf31-d99f884bcc2c', 'e452c31d-4559-46bc-94bb-32d88996e973', 'C3D4E5F6-G7H8-9012-CDEF-345678901234', 944000.0, 'VND', 'SUCCEEDED', 'VNPAY', '2023-09-23 00:00:00', '2023-09-23 00:00:00');
INSERT INTO reviews (id, vehicle_id, booking_id, reviewer_id, owner_id, rating, cleanliness, accuracy, communication, value_rating, comment, created_at, updated_at) VALUES ('5c1d4a18-efb6-4cf3-b071-9d839c58d4db', 'V1A2B3C4-D5E6-7890-VHCL-111111111111', 'e452c31d-4559-46bc-94bb-32d88996e973', 'C3D4E5F6-G7H8-9012-CDEF-345678901234', 'E5F6G7H8-I9J0-1234-EFGH-567890123456', 4, 4, 4, 4, 4, N'Trải nghiệm tuyệt vời!', '2023-09-29 00:00:00', '2023-09-29 00:00:00');
INSERT INTO bookings (id, vehicle_id, renter_id, owner_id, status, start_date, end_date, total_days, base_price, price_per_day, service_fee, taxes, total, deposit, created_at, updated_at) VALUES ('7dce552a-3d2d-4a18-af7e-669720a58c65', 'V1A2B3C4-D5E6-7890-VHCL-111111111111', 'C3D4E5F6-G7H8-9012-CDEF-345678901234', 'E5F6G7H8-I9J0-1234-EFGH-567890123456', 'COMPLETED', '2023-10-23', '2023-10-26', 3, 2400000, 800000, 240000.0, 192000.0, 2832000.0, 3000000, '2023-10-21 00:00:00', '2023-10-21 00:00:00');
INSERT INTO payments (id, booking_id, user_id, amount, currency, status, method, created_at, processed_at) VALUES ('7245024b-0249-4010-b8b4-98ed31c8c7ac', '7dce552a-3d2d-4a18-af7e-669720a58c65', 'C3D4E5F6-G7H8-9012-CDEF-345678901234', 2832000.0, 'VND', 'SUCCEEDED', 'VNPAY', '2023-10-21 00:00:00', '2023-10-21 00:00:00');
INSERT INTO reviews (id, vehicle_id, booking_id, reviewer_id, owner_id, rating, cleanliness, accuracy, communication, value_rating, comment, created_at, updated_at) VALUES ('815fe61a-2eb1-4867-903a-94d7da195298', 'V1A2B3C4-D5E6-7890-VHCL-111111111111', '7dce552a-3d2d-4a18-af7e-669720a58c65', 'C3D4E5F6-G7H8-9012-CDEF-345678901234', 'E5F6G7H8-I9J0-1234-EFGH-567890123456', 4, 4, 4, 4, 4, N'Trải nghiệm tuyệt vời!', '2023-10-26 00:00:00', '2023-10-26 00:00:00');
INSERT INTO bookings (id, vehicle_id, renter_id, owner_id, status, start_date, end_date, total_days, base_price, price_per_day, service_fee, taxes, total, deposit, created_at, updated_at) VALUES ('7d1b5078-45d0-49c6-b111-7e4493772d67', 'V1A2B3C4-D5E6-7890-VHCL-111111111111', 'D4E5F6G7-H8I9-0123-DEFG-456789012345', 'E5F6G7H8-I9J0-1234-EFGH-567890123456', 'COMPLETED', '2024-05-19', '2024-05-25', 6, 4800000, 800000, 480000.0, 384000.0, 5664000.0, 3000000, '2024-05-10 00:00:00', '2024-05-10 00:00:00');
INSERT INTO payments (id, booking_id, user_id, amount, currency, status, method, created_at, processed_at) VALUES ('fd42b2b6-e405-42dd-b79e-33edfd087479', '7d1b5078-45d0-49c6-b111-7e4493772d67', 'D4E5F6G7-H8I9-0123-DEFG-456789012345', 5664000.0, 'VND', 'SUCCEEDED', 'VNPAY', '2024-05-10 00:00:00', '2024-05-10 00:00:00');
INSERT INTO reviews (id, vehicle_id, booking_id, reviewer_id, owner_id, rating, cleanliness, accuracy, communication, value_rating, comment, created_at, updated_at) VALUES ('6c452aa4-b6d0-4beb-86e6-43848c61493e', 'V1A2B3C4-D5E6-7890-VHCL-111111111111', '7d1b5078-45d0-49c6-b111-7e4493772d67', 'D4E5F6G7-H8I9-0123-DEFG-456789012345', 'E5F6G7H8-I9J0-1234-EFGH-567890123456', 3, 3, 3, 3, 3, N'Trải nghiệm tuyệt vời!', '2024-05-25 00:00:00', '2024-05-25 00:00:00');
INSERT INTO bookings (id, vehicle_id, renter_id, owner_id, status, start_date, end_date, total_days, base_price, price_per_day, service_fee, taxes, total, deposit, created_at, updated_at) VALUES ('b1c9e34c-a6f1-49cb-baa2-d2db188ac0eb', 'V1A2B3C4-D5E6-7890-VHCL-111111111111', 'C3D4E5F6-G7H8-9012-CDEF-345678901234', 'E5F6G7H8-I9J0-1234-EFGH-567890123456', 'CANCELLED', '2023-10-10', '2023-10-20', 10, 8000000, 800000, 800000.0, 640000.0, 9440000.0, 3000000, '2023-09-27 00:00:00', '2023-09-27 00:00:00');
INSERT INTO payments (id, booking_id, user_id, amount, currency, status, method, created_at, processed_at) VALUES ('3225da38-1661-4fe6-8935-036bdd3883d2', 'b1c9e34c-a6f1-49cb-baa2-d2db188ac0eb', 'C3D4E5F6-G7H8-9012-CDEF-345678901234', 9440000.0, 'VND', 'REFUNDED', 'VNPAY', '2023-09-27 00:00:00', '2023-09-27 00:00:00');
INSERT INTO bookings (id, vehicle_id, renter_id, owner_id, status, start_date, end_date, total_days, base_price, price_per_day, service_fee, taxes, total, deposit, created_at, updated_at) VALUES ('c0826052-0667-4c83-bed0-ef0af951de50', 'V1A2B3C4-D5E6-7890-VHCL-111111111111', 'C3D4E5F6-G7H8-9012-CDEF-345678901234', 'E5F6G7H8-I9J0-1234-EFGH-567890123456', 'COMPLETED', '2023-09-08', '2023-09-18', 10, 8000000, 800000, 800000.0, 640000.0, 9440000.0, 3000000, '2023-08-29 00:00:00', '2023-08-29 00:00:00');
INSERT INTO payments (id, booking_id, user_id, amount, currency, status, method, created_at, processed_at) VALUES ('64001b44-fb28-4bf2-9718-d8ad17a581f9', 'c0826052-0667-4c83-bed0-ef0af951de50', 'C3D4E5F6-G7H8-9012-CDEF-345678901234', 9440000.0, 'VND', 'SUCCEEDED', 'VNPAY', '2023-08-29 00:00:00', '2023-08-29 00:00:00');
INSERT INTO reviews (id, vehicle_id, booking_id, reviewer_id, owner_id, rating, cleanliness, accuracy, communication, value_rating, comment, created_at, updated_at) VALUES ('c0738bdb-1de0-431c-b4de-258a1b810d1a', 'V1A2B3C4-D5E6-7890-VHCL-111111111111', 'c0826052-0667-4c83-bed0-ef0af951de50', 'C3D4E5F6-G7H8-9012-CDEF-345678901234', 'E5F6G7H8-I9J0-1234-EFGH-567890123456', 5, 5, 5, 5, 5, N'Trải nghiệm tuyệt vời!', '2023-09-18 00:00:00', '2023-09-18 00:00:00');
INSERT INTO bookings (id, vehicle_id, renter_id, owner_id, status, start_date, end_date, total_days, base_price, price_per_day, service_fee, taxes, total, deposit, created_at, updated_at) VALUES ('e2773c2a-e5b4-46c5-87a6-16a7f7dada9e', 'V1A2B3C4-D5E6-7890-VHCL-111111111111', 'C3D4E5F6-G7H8-9012-CDEF-345678901234', 'E5F6G7H8-I9J0-1234-EFGH-567890123456', 'COMPLETED', '2023-04-27', '2023-05-03', 6, 4800000, 800000, 480000.0, 384000.0, 5664000.0, 3000000, '2023-04-24 00:00:00', '2023-04-24 00:00:00');
INSERT INTO payments (id, booking_id, user_id, amount, currency, status, method, created_at, processed_at) VALUES ('d0e9733d-f6d1-4939-b924-ee7db9c890b3', 'e2773c2a-e5b4-46c5-87a6-16a7f7dada9e', 'C3D4E5F6-G7H8-9012-CDEF-345678901234', 5664000.0, 'VND', 'SUCCEEDED', 'VNPAY', '2023-04-24 00:00:00', '2023-04-24 00:00:00');
INSERT INTO reviews (id, vehicle_id, booking_id, reviewer_id, owner_id, rating, cleanliness, accuracy, communication, value_rating, comment, created_at, updated_at) VALUES ('d6dd5922-f8a8-4203-b229-601b2dd81dbc', 'V1A2B3C4-D5E6-7890-VHCL-111111111111', 'e2773c2a-e5b4-46c5-87a6-16a7f7dada9e', 'C3D4E5F6-G7H8-9012-CDEF-345678901234', 'E5F6G7H8-I9J0-1234-EFGH-567890123456', 4, 4, 4, 4, 4, N'Trải nghiệm tuyệt vời!', '2023-05-03 00:00:00', '2023-05-03 00:00:00');
INSERT INTO bookings (id, vehicle_id, renter_id, owner_id, status, start_date, end_date, total_days, base_price, price_per_day, service_fee, taxes, total, deposit, created_at, updated_at) VALUES ('9a937ef8-2b74-406c-8ce0-f0f1097ec0a1', 'V1A2B3C4-D5E6-7890-VHCL-111111111111', 'D4E5F6G7-H8I9-0123-DEFG-456789012345', 'E5F6G7H8-I9J0-1234-EFGH-567890123456', 'COMPLETED', '2024-03-31', '2024-04-06', 6, 4800000, 800000, 480000.0, 384000.0, 5664000.0, 3000000, '2024-03-25 00:00:00', '2024-03-25 00:00:00');
INSERT INTO payments (id, booking_id, user_id, amount, currency, status, method, created_at, processed_at) VALUES ('02a4d46c-2794-4ba6-a8da-84387aa63ee1', '9a937ef8-2b74-406c-8ce0-f0f1097ec0a1', 'D4E5F6G7-H8I9-0123-DEFG-456789012345', 5664000.0, 'VND', 'SUCCEEDED', 'VNPAY', '2024-03-25 00:00:00', '2024-03-25 00:00:00');
INSERT INTO reviews (id, vehicle_id, booking_id, reviewer_id, owner_id, rating, cleanliness, accuracy, communication, value_rating, comment, created_at, updated_at) VALUES ('e2ee8468-d1d5-48fc-9449-fa0ed69ef7ec', 'V1A2B3C4-D5E6-7890-VHCL-111111111111', '9a937ef8-2b74-406c-8ce0-f0f1097ec0a1', 'D4E5F6G7-H8I9-0123-DEFG-456789012345', 'E5F6G7H8-I9J0-1234-EFGH-567890123456', 5, 5, 5, 5, 5, N'Trải nghiệm tuyệt vời!', '2024-04-06 00:00:00', '2024-04-06 00:00:00');
INSERT INTO bookings (id, vehicle_id, renter_id, owner_id, status, start_date, end_date, total_days, base_price, price_per_day, service_fee, taxes, total, deposit, created_at, updated_at) VALUES ('cf437808-8530-4562-b7ee-e575caa133b6', 'V1A2B3C4-D5E6-7890-VHCL-111111111111', 'C3D4E5F6-G7H8-9012-CDEF-345678901234', 'E5F6G7H8-I9J0-1234-EFGH-567890123456', 'COMPLETED', '2024-03-02', '2024-03-11', 9, 7200000, 800000, 720000.0, 576000.0, 8496000.0, 3000000, '2024-02-23 00:00:00', '2024-02-23 00:00:00');
INSERT INTO payments (id, booking_id, user_id, amount, currency, status, method, created_at, processed_at) VALUES ('331b766c-9f16-4bf3-9e50-be13acae7cfd', 'cf437808-8530-4562-b7ee-e575caa133b6', 'C3D4E5F6-G7H8-9012-CDEF-345678901234', 8496000.0, 'VND', 'SUCCEEDED', 'VNPAY', '2024-02-23 00:00:00', '2024-02-23 00:00:00');
INSERT INTO reviews (id, vehicle_id, booking_id, reviewer_id, owner_id, rating, cleanliness, accuracy, communication, value_rating, comment, created_at, updated_at) VALUES ('fce2c2ba-33a1-4a50-b947-584d15324c85', 'V1A2B3C4-D5E6-7890-VHCL-111111111111', 'cf437808-8530-4562-b7ee-e575caa133b6', 'C3D4E5F6-G7H8-9012-CDEF-345678901234', 'E5F6G7H8-I9J0-1234-EFGH-567890123456', 4, 4, 4, 4, 4, N'Trải nghiệm tuyệt vời!', '2024-03-11 00:00:00', '2024-03-11 00:00:00');
INSERT INTO bookings (id, vehicle_id, renter_id, owner_id, status, start_date, end_date, total_days, base_price, price_per_day, service_fee, taxes, total, deposit, created_at, updated_at) VALUES ('4de304eb-62e0-4080-aeb2-dcab1a89c334', 'V1A2B3C4-D5E6-7890-VHCL-111111111111', 'B2C3D4E5-F6G7-8901-BCDE-234567890123', 'E5F6G7H8-I9J0-1234-EFGH-567890123456', 'CANCELLED', '2023-01-25', '2023-02-01', 7, 5600000, 800000, 560000.0, 448000.0, 6608000.0, 3000000, '2023-01-21 00:00:00', '2023-01-21 00:00:00');
INSERT INTO payments (id, booking_id, user_id, amount, currency, status, method, created_at, processed_at) VALUES ('453c9433-f6e3-4394-a399-5cf3c695e9c7', '4de304eb-62e0-4080-aeb2-dcab1a89c334', 'B2C3D4E5-F6G7-8901-BCDE-234567890123', 6608000.0, 'VND', 'REFUNDED', 'VNPAY', '2023-01-21 00:00:00', '2023-01-21 00:00:00');
INSERT INTO bookings (id, vehicle_id, renter_id, owner_id, status, start_date, end_date, total_days, base_price, price_per_day, service_fee, taxes, total, deposit, created_at, updated_at) VALUES ('ced869c4-ffc2-40b2-846b-2d2fee6f8785', 'V1A2B3C4-D5E6-7890-VHCL-111111111111', 'C3D4E5F6-G7H8-9012-CDEF-345678901234', 'E5F6G7H8-I9J0-1234-EFGH-567890123456', 'COMPLETED', '2023-10-28', '2023-11-06', 9, 7200000, 800000, 720000.0, 576000.0, 8496000.0, 3000000, '2023-10-26 00:00:00', '2023-10-26 00:00:00');
INSERT INTO payments (id, booking_id, user_id, amount, currency, status, method, created_at, processed_at) VALUES ('bdb6f627-12f6-4c14-90f8-691fc15398bf', 'ced869c4-ffc2-40b2-846b-2d2fee6f8785', 'C3D4E5F6-G7H8-9012-CDEF-345678901234', 8496000.0, 'VND', 'SUCCEEDED', 'VNPAY', '2023-10-26 00:00:00', '2023-10-26 00:00:00');
INSERT INTO reviews (id, vehicle_id, booking_id, reviewer_id, owner_id, rating, cleanliness, accuracy, communication, value_rating, comment, created_at, updated_at) VALUES ('7a1f732e-3ad3-4bba-ad28-756b43e1709b', 'V1A2B3C4-D5E6-7890-VHCL-111111111111', 'ced869c4-ffc2-40b2-846b-2d2fee6f8785', 'C3D4E5F6-G7H8-9012-CDEF-345678901234', 'E5F6G7H8-I9J0-1234-EFGH-567890123456', 4, 4, 4, 4, 4, N'Trải nghiệm tuyệt vời!', '2023-11-06 00:00:00', '2023-11-06 00:00:00');
INSERT INTO bookings (id, vehicle_id, renter_id, owner_id, status, start_date, end_date, total_days, base_price, price_per_day, service_fee, taxes, total, deposit, created_at, updated_at) VALUES ('d9cd32ef-48e5-4a5e-b18f-e0abf7d5335d', 'V1A2B3C4-D5E6-7890-VHCL-111111111111', 'B2C3D4E5-F6G7-8901-BCDE-234567890123', 'E5F6G7H8-I9J0-1234-EFGH-567890123456', 'COMPLETED', '2023-05-23', '2023-05-31', 8, 6400000, 800000, 640000.0, 512000.0, 7552000.0, 3000000, '2023-05-09 00:00:00', '2023-05-09 00:00:00');
INSERT INTO payments (id, booking_id, user_id, amount, currency, status, method, created_at, processed_at) VALUES ('e2bb72c6-a22f-4d86-8abe-f80d564e54d7', 'd9cd32ef-48e5-4a5e-b18f-e0abf7d5335d', 'B2C3D4E5-F6G7-8901-BCDE-234567890123', 7552000.0, 'VND', 'SUCCEEDED', 'VNPAY', '2023-05-09 00:00:00', '2023-05-09 00:00:00');
INSERT INTO reviews (id, vehicle_id, booking_id, reviewer_id, owner_id, rating, cleanliness, accuracy, communication, value_rating, comment, created_at, updated_at) VALUES ('9dbfd2eb-21fe-4e72-8c10-b2cbb7a2cc5b', 'V1A2B3C4-D5E6-7890-VHCL-111111111111', 'd9cd32ef-48e5-4a5e-b18f-e0abf7d5335d', 'B2C3D4E5-F6G7-8901-BCDE-234567890123', 'E5F6G7H8-I9J0-1234-EFGH-567890123456', 5, 5, 5, 5, 5, N'Trải nghiệm tuyệt vời!', '2023-05-31 00:00:00', '2023-05-31 00:00:00');
INSERT INTO bookings (id, vehicle_id, renter_id, owner_id, status, start_date, end_date, total_days, base_price, price_per_day, service_fee, taxes, total, deposit, created_at, updated_at) VALUES ('42cbd74d-85e0-4b20-a446-f297255f61d6', 'V1A2B3C4-D5E6-7890-VHCL-111111111111', 'C3D4E5F6-G7H8-9012-CDEF-345678901234', 'E5F6G7H8-I9J0-1234-EFGH-567890123456', 'CANCELLED', '2023-03-12', '2023-03-17', 5, 4000000, 800000, 400000.0, 320000.0, 4720000.0, 3000000, '2023-03-04 00:00:00', '2023-03-04 00:00:00');
INSERT INTO payments (id, booking_id, user_id, amount, currency, status, method, created_at, processed_at) VALUES ('7ffce6c7-665a-471f-91e4-84ba455c7392', '42cbd74d-85e0-4b20-a446-f297255f61d6', 'C3D4E5F6-G7H8-9012-CDEF-345678901234', 4720000.0, 'VND', 'REFUNDED', 'VNPAY', '2023-03-04 00:00:00', '2023-03-04 00:00:00');
INSERT INTO bookings (id, vehicle_id, renter_id, owner_id, status, start_date, end_date, total_days, base_price, price_per_day, service_fee, taxes, total, deposit, created_at, updated_at) VALUES ('4b9670c2-0109-48b4-b167-932c45fef23e', 'V1A2B3C4-D5E6-7890-VHCL-111111111111', 'C3D4E5F6-G7H8-9012-CDEF-345678901234', 'E5F6G7H8-I9J0-1234-EFGH-567890123456', 'COMPLETED', '2024-04-29', '2024-04-30', 1, 800000, 800000, 80000.0, 64000.0, 944000.0, 3000000, '2024-04-23 00:00:00', '2024-04-23 00:00:00');
INSERT INTO payments (id, booking_id, user_id, amount, currency, status, method, created_at, processed_at) VALUES ('500aac8a-41a5-4504-acb1-0595349706e9', '4b9670c2-0109-48b4-b167-932c45fef23e', 'C3D4E5F6-G7H8-9012-CDEF-345678901234', 944000.0, 'VND', 'SUCCEEDED', 'VNPAY', '2024-04-23 00:00:00', '2024-04-23 00:00:00');
INSERT INTO reviews (id, vehicle_id, booking_id, reviewer_id, owner_id, rating, cleanliness, accuracy, communication, value_rating, comment, created_at, updated_at) VALUES ('2e2794cf-9aa9-4877-9350-7a4671bcc309', 'V1A2B3C4-D5E6-7890-VHCL-111111111111', '4b9670c2-0109-48b4-b167-932c45fef23e', 'C3D4E5F6-G7H8-9012-CDEF-345678901234', 'E5F6G7H8-I9J0-1234-EFGH-567890123456', 5, 5, 5, 5, 5, N'Trải nghiệm tuyệt vời!', '2024-04-30 00:00:00', '2024-04-30 00:00:00');
INSERT INTO bookings (id, vehicle_id, renter_id, owner_id, status, start_date, end_date, total_days, base_price, price_per_day, service_fee, taxes, total, deposit, created_at, updated_at) VALUES ('a1000b40-1761-4b9f-9d33-7ff9a5d09937', 'V1A2B3C4-D5E6-7890-VHCL-111111111111', 'C3D4E5F6-G7H8-9012-CDEF-345678901234', 'E5F6G7H8-I9J0-1234-EFGH-567890123456', 'CANCELLED', '2023-06-03', '2023-06-05', 2, 1600000, 800000, 160000.0, 128000.0, 1888000.0, 3000000, '2023-05-30 00:00:00', '2023-05-30 00:00:00');
INSERT INTO payments (id, booking_id, user_id, amount, currency, status, method, created_at, processed_at) VALUES ('76a8e0e4-9993-438c-9ca4-b998295280df', 'a1000b40-1761-4b9f-9d33-7ff9a5d09937', 'C3D4E5F6-G7H8-9012-CDEF-345678901234', 1888000.0, 'VND', 'REFUNDED', 'VNPAY', '2023-05-30 00:00:00', '2023-05-30 00:00:00');
INSERT INTO bookings (id, vehicle_id, renter_id, owner_id, status, start_date, end_date, total_days, base_price, price_per_day, service_fee, taxes, total, deposit, created_at, updated_at) VALUES ('494bd08f-1ad2-41ae-961b-ad50673d881d', 'V1A2B3C4-D5E6-7890-VHCL-111111111111', 'C3D4E5F6-G7H8-9012-CDEF-345678901234', 'E5F6G7H8-I9J0-1234-EFGH-567890123456', 'COMPLETED', '2023-09-01', '2023-09-04', 3, 2400000, 800000, 240000.0, 192000.0, 2832000.0, 3000000, '2023-08-30 00:00:00', '2023-08-30 00:00:00');
INSERT INTO payments (id, booking_id, user_id, amount, currency, status, method, created_at, processed_at) VALUES ('32b8fdae-1198-4ae5-9a40-25cb72aa5cba', '494bd08f-1ad2-41ae-961b-ad50673d881d', 'C3D4E5F6-G7H8-9012-CDEF-345678901234', 2832000.0, 'VND', 'SUCCEEDED', 'VNPAY', '2023-08-30 00:00:00', '2023-08-30 00:00:00');
INSERT INTO reviews (id, vehicle_id, booking_id, reviewer_id, owner_id, rating, cleanliness, accuracy, communication, value_rating, comment, created_at, updated_at) VALUES ('ce74a444-f89c-4f93-8c05-93a29c90eddb', 'V1A2B3C4-D5E6-7890-VHCL-111111111111', '494bd08f-1ad2-41ae-961b-ad50673d881d', 'C3D4E5F6-G7H8-9012-CDEF-345678901234', 'E5F6G7H8-I9J0-1234-EFGH-567890123456', 5, 5, 5, 5, 5, N'Trải nghiệm tuyệt vời!', '2023-09-04 00:00:00', '2023-09-04 00:00:00');
INSERT INTO bookings (id, vehicle_id, renter_id, owner_id, status, start_date, end_date, total_days, base_price, price_per_day, service_fee, taxes, total, deposit, created_at, updated_at) VALUES ('a3bcec25-c03f-4412-9fc0-e6752406b7c5', 'V1A2B3C4-D5E6-7890-VHCL-111111111111', 'D4E5F6G7-H8I9-0123-DEFG-456789012345', 'E5F6G7H8-I9J0-1234-EFGH-567890123456', 'COMPLETED', '2023-08-17', '2023-08-20', 3, 2400000, 800000, 240000.0, 192000.0, 2832000.0, 3000000, '2023-08-04 00:00:00', '2023-08-04 00:00:00');
INSERT INTO payments (id, booking_id, user_id, amount, currency, status, method, created_at, processed_at) VALUES ('bf35fe19-d6fb-468e-b350-23b98dd46a43', 'a3bcec25-c03f-4412-9fc0-e6752406b7c5', 'D4E5F6G7-H8I9-0123-DEFG-456789012345', 2832000.0, 'VND', 'SUCCEEDED', 'VNPAY', '2023-08-04 00:00:00', '2023-08-04 00:00:00');
INSERT INTO reviews (id, vehicle_id, booking_id, reviewer_id, owner_id, rating, cleanliness, accuracy, communication, value_rating, comment, created_at, updated_at) VALUES ('e78fb0c6-109b-4e37-869f-6c081e6c559f', 'V1A2B3C4-D5E6-7890-VHCL-111111111111', 'a3bcec25-c03f-4412-9fc0-e6752406b7c5', 'D4E5F6G7-H8I9-0123-DEFG-456789012345', 'E5F6G7H8-I9J0-1234-EFGH-567890123456', 5, 5, 5, 5, 5, N'Trải nghiệm tuyệt vời!', '2023-08-20 00:00:00', '2023-08-20 00:00:00');
INSERT INTO bookings (id, vehicle_id, renter_id, owner_id, status, start_date, end_date, total_days, base_price, price_per_day, service_fee, taxes, total, deposit, created_at, updated_at) VALUES ('26448f01-45f2-4aaa-94e6-cf5c3cdf1198', 'V1A2B3C4-D5E6-7890-VHCL-111111111111', 'C3D4E5F6-G7H8-9012-CDEF-345678901234', 'E5F6G7H8-I9J0-1234-EFGH-567890123456', 'COMPLETED', '2023-07-06', '2023-07-15', 9, 7200000, 800000, 720000.0, 576000.0, 8496000.0, 3000000, '2023-06-23 00:00:00', '2023-06-23 00:00:00');
INSERT INTO payments (id, booking_id, user_id, amount, currency, status, method, created_at, processed_at) VALUES ('e19ce34a-426b-4afb-aba9-23e91909e1db', '26448f01-45f2-4aaa-94e6-cf5c3cdf1198', 'C3D4E5F6-G7H8-9012-CDEF-345678901234', 8496000.0, 'VND', 'SUCCEEDED', 'VNPAY', '2023-06-23 00:00:00', '2023-06-23 00:00:00');
INSERT INTO reviews (id, vehicle_id, booking_id, reviewer_id, owner_id, rating, cleanliness, accuracy, communication, value_rating, comment, created_at, updated_at) VALUES ('b3cc1aeb-bb38-484a-8427-8a8f85953372', 'V1A2B3C4-D5E6-7890-VHCL-111111111111', '26448f01-45f2-4aaa-94e6-cf5c3cdf1198', 'C3D4E5F6-G7H8-9012-CDEF-345678901234', 'E5F6G7H8-I9J0-1234-EFGH-567890123456', 4, 4, 4, 4, 4, N'Trải nghiệm tuyệt vời!', '2023-07-15 00:00:00', '2023-07-15 00:00:00');
INSERT INTO bookings (id, vehicle_id, renter_id, owner_id, status, start_date, end_date, total_days, base_price, price_per_day, service_fee, taxes, total, deposit, created_at, updated_at) VALUES ('5dacb94a-63d9-491e-9805-f0ee4d6b3bfc', 'V1A2B3C4-D5E6-7890-VHCL-111111111111', 'C3D4E5F6-G7H8-9012-CDEF-345678901234', 'E5F6G7H8-I9J0-1234-EFGH-567890123456', 'COMPLETED', '2024-02-19', '2024-02-24', 5, 4000000, 800000, 400000.0, 320000.0, 4720000.0, 3000000, '2024-02-15 00:00:00', '2024-02-15 00:00:00');
INSERT INTO payments (id, booking_id, user_id, amount, currency, status, method, created_at, processed_at) VALUES ('1d4ae823-ed4d-4bd3-b90b-ee93cfa35c0e', '5dacb94a-63d9-491e-9805-f0ee4d6b3bfc', 'C3D4E5F6-G7H8-9012-CDEF-345678901234', 4720000.0, 'VND', 'SUCCEEDED', 'VNPAY', '2024-02-15 00:00:00', '2024-02-15 00:00:00');
INSERT INTO reviews (id, vehicle_id, booking_id, reviewer_id, owner_id, rating, cleanliness, accuracy, communication, value_rating, comment, created_at, updated_at) VALUES ('7e319089-584e-4cf4-8d59-bae9fc8dfd55', 'V1A2B3C4-D5E6-7890-VHCL-111111111111', '5dacb94a-63d9-491e-9805-f0ee4d6b3bfc', 'C3D4E5F6-G7H8-9012-CDEF-345678901234', 'E5F6G7H8-I9J0-1234-EFGH-567890123456', 3, 3, 3, 3, 3, N'Trải nghiệm tuyệt vời!', '2024-02-24 00:00:00', '2024-02-24 00:00:00');
INSERT INTO bookings (id, vehicle_id, renter_id, owner_id, status, start_date, end_date, total_days, base_price, price_per_day, service_fee, taxes, total, deposit, created_at, updated_at) VALUES ('31b03320-358e-4784-b7aa-22b0f4ba8aee', 'V1A2B3C4-D5E6-7890-VHCL-111111111111', 'B2C3D4E5-F6G7-8901-BCDE-234567890123', 'E5F6G7H8-I9J0-1234-EFGH-567890123456', 'COMPLETED', '2023-03-31', '2023-04-07', 7, 5600000, 800000, 560000.0, 448000.0, 6608000.0, 3000000, '2023-03-22 00:00:00', '2023-03-22 00:00:00');
INSERT INTO payments (id, booking_id, user_id, amount, currency, status, method, created_at, processed_at) VALUES ('dfb6c4dc-fc75-4cdd-a16a-e3f6d3d79f4a', '31b03320-358e-4784-b7aa-22b0f4ba8aee', 'B2C3D4E5-F6G7-8901-BCDE-234567890123', 6608000.0, 'VND', 'SUCCEEDED', 'VNPAY', '2023-03-22 00:00:00', '2023-03-22 00:00:00');
INSERT INTO reviews (id, vehicle_id, booking_id, reviewer_id, owner_id, rating, cleanliness, accuracy, communication, value_rating, comment, created_at, updated_at) VALUES ('6a726250-4294-4048-a1cc-997caed72099', 'V1A2B3C4-D5E6-7890-VHCL-111111111111', '31b03320-358e-4784-b7aa-22b0f4ba8aee', 'B2C3D4E5-F6G7-8901-BCDE-234567890123', 'E5F6G7H8-I9J0-1234-EFGH-567890123456', 5, 5, 5, 5, 5, N'Trải nghiệm tuyệt vời!', '2023-04-07 00:00:00', '2023-04-07 00:00:00');
INSERT INTO bookings (id, vehicle_id, renter_id, owner_id, status, start_date, end_date, total_days, base_price, price_per_day, service_fee, taxes, total, deposit, created_at, updated_at) VALUES ('0f05133a-dc2f-4e7d-9040-9be6617d4ece', 'V1A2B3C4-D5E6-7890-VHCL-111111111111', 'D4E5F6G7-H8I9-0123-DEFG-456789012345', 'E5F6G7H8-I9J0-1234-EFGH-567890123456', 'COMPLETED', '2023-03-28', '2023-04-03', 6, 4800000, 800000, 480000.0, 384000.0, 5664000.0, 3000000, '2023-03-14 00:00:00', '2023-03-14 00:00:00');
INSERT INTO payments (id, booking_id, user_id, amount, currency, status, method, created_at, processed_at) VALUES ('212d739d-3332-4962-8994-7dc95d3e4cd4', '0f05133a-dc2f-4e7d-9040-9be6617d4ece', 'D4E5F6G7-H8I9-0123-DEFG-456789012345', 5664000.0, 'VND', 'SUCCEEDED', 'VNPAY', '2023-03-14 00:00:00', '2023-03-14 00:00:00');
INSERT INTO reviews (id, vehicle_id, booking_id, reviewer_id, owner_id, rating, cleanliness, accuracy, communication, value_rating, comment, created_at, updated_at) VALUES ('b591f182-6fb9-4785-a4f9-e21d12377f1d', 'V1A2B3C4-D5E6-7890-VHCL-111111111111', '0f05133a-dc2f-4e7d-9040-9be6617d4ece', 'D4E5F6G7-H8I9-0123-DEFG-456789012345', 'E5F6G7H8-I9J0-1234-EFGH-567890123456', 3, 3, 3, 3, 3, N'Trải nghiệm tuyệt vời!', '2023-04-03 00:00:00', '2023-04-03 00:00:00');
INSERT INTO bookings (id, vehicle_id, renter_id, owner_id, status, start_date, end_date, total_days, base_price, price_per_day, service_fee, taxes, total, deposit, created_at, updated_at) VALUES ('6e6f4740-71b6-4a30-9aae-67de722af17b', 'V1A2B3C4-D5E6-7890-VHCL-111111111111', 'D4E5F6G7-H8I9-0123-DEFG-456789012345', 'E5F6G7H8-I9J0-1234-EFGH-567890123456', 'COMPLETED', '2024-01-10', '2024-01-20', 10, 8000000, 800000, 800000.0, 640000.0, 9440000.0, 3000000, '2024-01-03 00:00:00', '2024-01-03 00:00:00');
INSERT INTO payments (id, booking_id, user_id, amount, currency, status, method, created_at, processed_at) VALUES ('43dd1dcb-3ba7-4a43-9714-35bc8193f6c9', '6e6f4740-71b6-4a30-9aae-67de722af17b', 'D4E5F6G7-H8I9-0123-DEFG-456789012345', 9440000.0, 'VND', 'SUCCEEDED', 'VNPAY', '2024-01-03 00:00:00', '2024-01-03 00:00:00');
INSERT INTO reviews (id, vehicle_id, booking_id, reviewer_id, owner_id, rating, cleanliness, accuracy, communication, value_rating, comment, created_at, updated_at) VALUES ('a6d61056-3714-454f-a547-dc98731ceb5e', 'V1A2B3C4-D5E6-7890-VHCL-111111111111', '6e6f4740-71b6-4a30-9aae-67de722af17b', 'D4E5F6G7-H8I9-0123-DEFG-456789012345', 'E5F6G7H8-I9J0-1234-EFGH-567890123456', 4, 4, 4, 4, 4, N'Trải nghiệm tuyệt vời!', '2024-01-20 00:00:00', '2024-01-20 00:00:00');
INSERT INTO bookings (id, vehicle_id, renter_id, owner_id, status, start_date, end_date, total_days, base_price, price_per_day, service_fee, taxes, total, deposit, created_at, updated_at) VALUES ('be95f894-16ec-46a7-a46d-d5b18f82b142', 'V1A2B3C4-D5E6-7890-VHCL-111111111111', 'B2C3D4E5-F6G7-8901-BCDE-234567890123', 'E5F6G7H8-I9J0-1234-EFGH-567890123456', 'COMPLETED', '2024-04-13', '2024-04-20', 7, 5600000, 800000, 560000.0, 448000.0, 6608000.0, 3000000, '2024-04-07 00:00:00', '2024-04-07 00:00:00');
INSERT INTO payments (id, booking_id, user_id, amount, currency, status, method, created_at, processed_at) VALUES ('084548b1-9fd5-46d1-b69b-252d23fbfb25', 'be95f894-16ec-46a7-a46d-d5b18f82b142', 'B2C3D4E5-F6G7-8901-BCDE-234567890123', 6608000.0, 'VND', 'SUCCEEDED', 'VNPAY', '2024-04-07 00:00:00', '2024-04-07 00:00:00');
INSERT INTO reviews (id, vehicle_id, booking_id, reviewer_id, owner_id, rating, cleanliness, accuracy, communication, value_rating, comment, created_at, updated_at) VALUES ('2fad2f81-e7d0-4ef5-8f08-d5b3bfcc6c6d', 'V1A2B3C4-D5E6-7890-VHCL-111111111111', 'be95f894-16ec-46a7-a46d-d5b18f82b142', 'B2C3D4E5-F6G7-8901-BCDE-234567890123', 'E5F6G7H8-I9J0-1234-EFGH-567890123456', 3, 3, 3, 3, 3, N'Trải nghiệm tuyệt vời!', '2024-04-20 00:00:00', '2024-04-20 00:00:00');
INSERT INTO bookings (id, vehicle_id, renter_id, owner_id, status, start_date, end_date, total_days, base_price, price_per_day, service_fee, taxes, total, deposit, created_at, updated_at) VALUES ('e02fdbc7-2d6c-4bdf-a26a-b1485c08e87c', 'V1A2B3C4-D5E6-7890-VHCL-111111111111', 'B2C3D4E5-F6G7-8901-BCDE-234567890123', 'E5F6G7H8-I9J0-1234-EFGH-567890123456', 'COMPLETED', '2024-05-01', '2024-05-09', 8, 6400000, 800000, 640000.0, 512000.0, 7552000.0, 3000000, '2024-04-21 00:00:00', '2024-04-21 00:00:00');
INSERT INTO payments (id, booking_id, user_id, amount, currency, status, method, created_at, processed_at) VALUES ('856b64e6-66c7-454c-8067-b5f15fa4e3da', 'e02fdbc7-2d6c-4bdf-a26a-b1485c08e87c', 'B2C3D4E5-F6G7-8901-BCDE-234567890123', 7552000.0, 'VND', 'SUCCEEDED', 'VNPAY', '2024-04-21 00:00:00', '2024-04-21 00:00:00');
INSERT INTO reviews (id, vehicle_id, booking_id, reviewer_id, owner_id, rating, cleanliness, accuracy, communication, value_rating, comment, created_at, updated_at) VALUES ('f8674e56-381d-43d0-8fe9-85bc29d8e800', 'V1A2B3C4-D5E6-7890-VHCL-111111111111', 'e02fdbc7-2d6c-4bdf-a26a-b1485c08e87c', 'B2C3D4E5-F6G7-8901-BCDE-234567890123', 'E5F6G7H8-I9J0-1234-EFGH-567890123456', 5, 5, 5, 5, 5, N'Trải nghiệm tuyệt vời!', '2024-05-09 00:00:00', '2024-05-09 00:00:00');
INSERT INTO bookings (id, vehicle_id, renter_id, owner_id, status, start_date, end_date, total_days, base_price, price_per_day, service_fee, taxes, total, deposit, created_at, updated_at) VALUES ('ecbaf781-b0bb-459e-bbdf-b998bfc42359', 'V1A2B3C4-D5E6-7890-VHCL-111111111111', 'C3D4E5F6-G7H8-9012-CDEF-345678901234', 'E5F6G7H8-I9J0-1234-EFGH-567890123456', 'COMPLETED', '2024-03-30', '2024-04-06', 7, 5600000, 800000, 560000.0, 448000.0, 6608000.0, 3000000, '2024-03-17 00:00:00', '2024-03-17 00:00:00');
INSERT INTO payments (id, booking_id, user_id, amount, currency, status, method, created_at, processed_at) VALUES ('1fe5eb54-122d-4032-a11c-ed5e1994a2dd', 'ecbaf781-b0bb-459e-bbdf-b998bfc42359', 'C3D4E5F6-G7H8-9012-CDEF-345678901234', 6608000.0, 'VND', 'SUCCEEDED', 'VNPAY', '2024-03-17 00:00:00', '2024-03-17 00:00:00');
INSERT INTO reviews (id, vehicle_id, booking_id, reviewer_id, owner_id, rating, cleanliness, accuracy, communication, value_rating, comment, created_at, updated_at) VALUES ('322c3d01-f538-4540-9cd9-b37a412344f8', 'V1A2B3C4-D5E6-7890-VHCL-111111111111', 'ecbaf781-b0bb-459e-bbdf-b998bfc42359', 'C3D4E5F6-G7H8-9012-CDEF-345678901234', 'E5F6G7H8-I9J0-1234-EFGH-567890123456', 5, 5, 5, 5, 5, N'Trải nghiệm tuyệt vời!', '2024-04-06 00:00:00', '2024-04-06 00:00:00');
INSERT INTO bookings (id, vehicle_id, renter_id, owner_id, status, start_date, end_date, total_days, base_price, price_per_day, service_fee, taxes, total, deposit, created_at, updated_at) VALUES ('7a6c85de-3289-4adf-928c-682c91e8d7a5', 'V1A2B3C4-D5E6-7890-VHCL-111111111111', 'B2C3D4E5-F6G7-8901-BCDE-234567890123', 'E5F6G7H8-I9J0-1234-EFGH-567890123456', 'COMPLETED', '2023-04-02', '2023-04-09', 7, 5600000, 800000, 560000.0, 448000.0, 6608000.0, 3000000, '2023-03-23 00:00:00', '2023-03-23 00:00:00');
INSERT INTO payments (id, booking_id, user_id, amount, currency, status, method, created_at, processed_at) VALUES ('2a3173bf-1bc6-4409-b82e-3d99aebb8877', '7a6c85de-3289-4adf-928c-682c91e8d7a5', 'B2C3D4E5-F6G7-8901-BCDE-234567890123', 6608000.0, 'VND', 'SUCCEEDED', 'VNPAY', '2023-03-23 00:00:00', '2023-03-23 00:00:00');
INSERT INTO reviews (id, vehicle_id, booking_id, reviewer_id, owner_id, rating, cleanliness, accuracy, communication, value_rating, comment, created_at, updated_at) VALUES ('f7209864-d00a-4a84-b95c-91ab2cb4829d', 'V1A2B3C4-D5E6-7890-VHCL-111111111111', '7a6c85de-3289-4adf-928c-682c91e8d7a5', 'B2C3D4E5-F6G7-8901-BCDE-234567890123', 'E5F6G7H8-I9J0-1234-EFGH-567890123456', 4, 4, 4, 4, 4, N'Trải nghiệm tuyệt vời!', '2023-04-09 00:00:00', '2023-04-09 00:00:00');
INSERT INTO bookings (id, vehicle_id, renter_id, owner_id, status, start_date, end_date, total_days, base_price, price_per_day, service_fee, taxes, total, deposit, created_at, updated_at) VALUES ('caf04205-9c55-454b-a894-5ddfc10b31bd', 'V1A2B3C4-D5E6-7890-VHCL-111111111111', 'D4E5F6G7-H8I9-0123-DEFG-456789012345', 'E5F6G7H8-I9J0-1234-EFGH-567890123456', 'COMPLETED', '2023-10-26', '2023-10-30', 4, 3200000, 800000, 320000.0, 256000.0, 3776000.0, 3000000, '2023-10-15 00:00:00', '2023-10-15 00:00:00');
INSERT INTO payments (id, booking_id, user_id, amount, currency, status, method, created_at, processed_at) VALUES ('58d4ec88-d00a-40ab-8f26-0b7c590136a2', 'caf04205-9c55-454b-a894-5ddfc10b31bd', 'D4E5F6G7-H8I9-0123-DEFG-456789012345', 3776000.0, 'VND', 'SUCCEEDED', 'VNPAY', '2023-10-15 00:00:00', '2023-10-15 00:00:00');
INSERT INTO reviews (id, vehicle_id, booking_id, reviewer_id, owner_id, rating, cleanliness, accuracy, communication, value_rating, comment, created_at, updated_at) VALUES ('e779c75d-5744-43c3-ae26-0e52aabe916e', 'V1A2B3C4-D5E6-7890-VHCL-111111111111', 'caf04205-9c55-454b-a894-5ddfc10b31bd', 'D4E5F6G7-H8I9-0123-DEFG-456789012345', 'E5F6G7H8-I9J0-1234-EFGH-567890123456', 5, 5, 5, 5, 5, N'Trải nghiệm tuyệt vời!', '2023-10-30 00:00:00', '2023-10-30 00:00:00');
INSERT INTO bookings (id, vehicle_id, renter_id, owner_id, status, start_date, end_date, total_days, base_price, price_per_day, service_fee, taxes, total, deposit, created_at, updated_at) VALUES ('836ca8a2-a30d-4ae6-988a-7574a9c1f18b', 'V1A2B3C4-D5E6-7890-VHCL-111111111111', 'D4E5F6G7-H8I9-0123-DEFG-456789012345', 'E5F6G7H8-I9J0-1234-EFGH-567890123456', 'COMPLETED', '2023-06-02', '2023-06-10', 8, 6400000, 800000, 640000.0, 512000.0, 7552000.0, 3000000, '2023-05-22 00:00:00', '2023-05-22 00:00:00');
INSERT INTO payments (id, booking_id, user_id, amount, currency, status, method, created_at, processed_at) VALUES ('29455d2f-9337-45db-ac47-27a7e2ff3454', '836ca8a2-a30d-4ae6-988a-7574a9c1f18b', 'D4E5F6G7-H8I9-0123-DEFG-456789012345', 7552000.0, 'VND', 'SUCCEEDED', 'VNPAY', '2023-05-22 00:00:00', '2023-05-22 00:00:00');
INSERT INTO reviews (id, vehicle_id, booking_id, reviewer_id, owner_id, rating, cleanliness, accuracy, communication, value_rating, comment, created_at, updated_at) VALUES ('8127f57f-a00c-4d7c-ac5e-56dcbc641500', 'V1A2B3C4-D5E6-7890-VHCL-111111111111', '836ca8a2-a30d-4ae6-988a-7574a9c1f18b', 'D4E5F6G7-H8I9-0123-DEFG-456789012345', 'E5F6G7H8-I9J0-1234-EFGH-567890123456', 4, 4, 4, 4, 4, N'Trải nghiệm tuyệt vời!', '2023-06-10 00:00:00', '2023-06-10 00:00:00');
INSERT INTO bookings (id, vehicle_id, renter_id, owner_id, status, start_date, end_date, total_days, base_price, price_per_day, service_fee, taxes, total, deposit, created_at, updated_at) VALUES ('e81d957d-2e60-42c5-8d46-77617dbbab77', 'V1A2B3C4-D5E6-7890-VHCL-111111111111', 'B2C3D4E5-F6G7-8901-BCDE-234567890123', 'E5F6G7H8-I9J0-1234-EFGH-567890123456', 'COMPLETED', '2023-10-31', '2023-11-03', 3, 2400000, 800000, 240000.0, 192000.0, 2832000.0, 3000000, '2023-10-27 00:00:00', '2023-10-27 00:00:00');
INSERT INTO payments (id, booking_id, user_id, amount, currency, status, method, created_at, processed_at) VALUES ('c2a0cd1d-567c-4bcb-b526-6cbae0160d96', 'e81d957d-2e60-42c5-8d46-77617dbbab77', 'B2C3D4E5-F6G7-8901-BCDE-234567890123', 2832000.0, 'VND', 'SUCCEEDED', 'VNPAY', '2023-10-27 00:00:00', '2023-10-27 00:00:00');
INSERT INTO reviews (id, vehicle_id, booking_id, reviewer_id, owner_id, rating, cleanliness, accuracy, communication, value_rating, comment, created_at, updated_at) VALUES ('74b138f3-8b97-4c5c-9f39-51f92a28c90e', 'V1A2B3C4-D5E6-7890-VHCL-111111111111', 'e81d957d-2e60-42c5-8d46-77617dbbab77', 'B2C3D4E5-F6G7-8901-BCDE-234567890123', 'E5F6G7H8-I9J0-1234-EFGH-567890123456', 4, 4, 4, 4, 4, N'Trải nghiệm tuyệt vời!', '2023-11-03 00:00:00', '2023-11-03 00:00:00');
INSERT INTO bookings (id, vehicle_id, renter_id, owner_id, status, start_date, end_date, total_days, base_price, price_per_day, service_fee, taxes, total, deposit, created_at, updated_at) VALUES ('c052d1ed-4841-4c35-87ad-273c4c9f8640', 'V1A2B3C4-D5E6-7890-VHCL-111111111111', 'D4E5F6G7-H8I9-0123-DEFG-456789012345', 'E5F6G7H8-I9J0-1234-EFGH-567890123456', 'COMPLETED', '2024-05-30', '2024-06-05', 6, 4800000, 800000, 480000.0, 384000.0, 5664000.0, 3000000, '2024-05-23 00:00:00', '2024-05-23 00:00:00');
INSERT INTO payments (id, booking_id, user_id, amount, currency, status, method, created_at, processed_at) VALUES ('0c1de826-8a13-4389-9387-aa3cd7ce9c45', 'c052d1ed-4841-4c35-87ad-273c4c9f8640', 'D4E5F6G7-H8I9-0123-DEFG-456789012345', 5664000.0, 'VND', 'SUCCEEDED', 'VNPAY', '2024-05-23 00:00:00', '2024-05-23 00:00:00');
INSERT INTO reviews (id, vehicle_id, booking_id, reviewer_id, owner_id, rating, cleanliness, accuracy, communication, value_rating, comment, created_at, updated_at) VALUES ('367d9490-1847-4c62-a3f9-b3513aff5755', 'V1A2B3C4-D5E6-7890-VHCL-111111111111', 'c052d1ed-4841-4c35-87ad-273c4c9f8640', 'D4E5F6G7-H8I9-0123-DEFG-456789012345', 'E5F6G7H8-I9J0-1234-EFGH-567890123456', 4, 4, 4, 4, 4, N'Trải nghiệm tuyệt vời!', '2024-06-05 00:00:00', '2024-06-05 00:00:00');
INSERT INTO bookings (id, vehicle_id, renter_id, owner_id, status, start_date, end_date, total_days, base_price, price_per_day, service_fee, taxes, total, deposit, created_at, updated_at) VALUES ('a2fc95d0-8ea1-4e21-8bd4-e93a6745328d', 'V1A2B3C4-D5E6-7890-VHCL-111111111111', 'C3D4E5F6-G7H8-9012-CDEF-345678901234', 'E5F6G7H8-I9J0-1234-EFGH-567890123456', 'COMPLETED', '2023-09-23', '2023-10-01', 8, 6400000, 800000, 640000.0, 512000.0, 7552000.0, 3000000, '2023-09-12 00:00:00', '2023-09-12 00:00:00');
INSERT INTO payments (id, booking_id, user_id, amount, currency, status, method, created_at, processed_at) VALUES ('2b598820-6f56-457c-9b35-b11c32f36502', 'a2fc95d0-8ea1-4e21-8bd4-e93a6745328d', 'C3D4E5F6-G7H8-9012-CDEF-345678901234', 7552000.0, 'VND', 'SUCCEEDED', 'VNPAY', '2023-09-12 00:00:00', '2023-09-12 00:00:00');
INSERT INTO reviews (id, vehicle_id, booking_id, reviewer_id, owner_id, rating, cleanliness, accuracy, communication, value_rating, comment, created_at, updated_at) VALUES ('ea5110d3-4458-4e64-bdbe-c3c3b348be5a', 'V1A2B3C4-D5E6-7890-VHCL-111111111111', 'a2fc95d0-8ea1-4e21-8bd4-e93a6745328d', 'C3D4E5F6-G7H8-9012-CDEF-345678901234', 'E5F6G7H8-I9J0-1234-EFGH-567890123456', 5, 5, 5, 5, 5, N'Trải nghiệm tuyệt vời!', '2023-10-01 00:00:00', '2023-10-01 00:00:00');
INSERT INTO bookings (id, vehicle_id, renter_id, owner_id, status, start_date, end_date, total_days, base_price, price_per_day, service_fee, taxes, total, deposit, created_at, updated_at) VALUES ('2967c566-44c3-4290-84e6-c0165c71c84e', 'V1A2B3C4-D5E6-7890-VHCL-111111111111', 'D4E5F6G7-H8I9-0123-DEFG-456789012345', 'E5F6G7H8-I9J0-1234-EFGH-567890123456', 'COMPLETED', '2023-10-28', '2023-11-05', 8, 6400000, 800000, 640000.0, 512000.0, 7552000.0, 3000000, '2023-10-14 00:00:00', '2023-10-14 00:00:00');
INSERT INTO payments (id, booking_id, user_id, amount, currency, status, method, created_at, processed_at) VALUES ('46793153-63de-4e67-b118-99a80872704e', '2967c566-44c3-4290-84e6-c0165c71c84e', 'D4E5F6G7-H8I9-0123-DEFG-456789012345', 7552000.0, 'VND', 'SUCCEEDED', 'VNPAY', '2023-10-14 00:00:00', '2023-10-14 00:00:00');
INSERT INTO reviews (id, vehicle_id, booking_id, reviewer_id, owner_id, rating, cleanliness, accuracy, communication, value_rating, comment, created_at, updated_at) VALUES ('ec3816c0-0266-434f-80d6-0dab26e2f82e', 'V1A2B3C4-D5E6-7890-VHCL-111111111111', '2967c566-44c3-4290-84e6-c0165c71c84e', 'D4E5F6G7-H8I9-0123-DEFG-456789012345', 'E5F6G7H8-I9J0-1234-EFGH-567890123456', 5, 5, 5, 5, 5, N'Trải nghiệm tuyệt vời!', '2023-11-05 00:00:00', '2023-11-05 00:00:00');
INSERT INTO bookings (id, vehicle_id, renter_id, owner_id, status, start_date, end_date, total_days, base_price, price_per_day, service_fee, taxes, total, deposit, created_at, updated_at) VALUES ('5dd5945c-7eae-4add-9944-81345f74fdf8', 'V1A2B3C4-D5E6-7890-VHCL-111111111111', 'B2C3D4E5-F6G7-8901-BCDE-234567890123', 'E5F6G7H8-I9J0-1234-EFGH-567890123456', 'COMPLETED', '2023-03-19', '2023-03-27', 8, 6400000, 800000, 640000.0, 512000.0, 7552000.0, 3000000, '2023-03-10 00:00:00', '2023-03-10 00:00:00');
INSERT INTO payments (id, booking_id, user_id, amount, currency, status, method, created_at, processed_at) VALUES ('74215efa-912a-41e9-bc3f-570699ed33bc', '5dd5945c-7eae-4add-9944-81345f74fdf8', 'B2C3D4E5-F6G7-8901-BCDE-234567890123', 7552000.0, 'VND', 'SUCCEEDED', 'VNPAY', '2023-03-10 00:00:00', '2023-03-10 00:00:00');
INSERT INTO reviews (id, vehicle_id, booking_id, reviewer_id, owner_id, rating, cleanliness, accuracy, communication, value_rating, comment, created_at, updated_at) VALUES ('769401db-b497-44ae-af36-a52ff7a541c0', 'V1A2B3C4-D5E6-7890-VHCL-111111111111', '5dd5945c-7eae-4add-9944-81345f74fdf8', 'B2C3D4E5-F6G7-8901-BCDE-234567890123', 'E5F6G7H8-I9J0-1234-EFGH-567890123456', 4, 4, 4, 4, 4, N'Trải nghiệm tuyệt vời!', '2023-03-27 00:00:00', '2023-03-27 00:00:00');
INSERT INTO bookings (id, vehicle_id, renter_id, owner_id, status, start_date, end_date, total_days, base_price, price_per_day, service_fee, taxes, total, deposit, created_at, updated_at) VALUES ('64de4836-7773-4bbf-ba75-4adf7d85c088', 'V1A2B3C4-D5E6-7890-VHCL-111111111111', 'D4E5F6G7-H8I9-0123-DEFG-456789012345', 'E5F6G7H8-I9J0-1234-EFGH-567890123456', 'CANCELLED', '2023-05-06', '2023-05-12', 6, 4800000, 800000, 480000.0, 384000.0, 5664000.0, 3000000, '2023-04-25 00:00:00', '2023-04-25 00:00:00');
INSERT INTO payments (id, booking_id, user_id, amount, currency, status, method, created_at, processed_at) VALUES ('22f259b6-a3f9-487f-b46a-5783de703f64', '64de4836-7773-4bbf-ba75-4adf7d85c088', 'D4E5F6G7-H8I9-0123-DEFG-456789012345', 5664000.0, 'VND', 'REFUNDED', 'VNPAY', '2023-04-25 00:00:00', '2023-04-25 00:00:00');
INSERT INTO bookings (id, vehicle_id, renter_id, owner_id, status, start_date, end_date, total_days, base_price, price_per_day, service_fee, taxes, total, deposit, created_at, updated_at) VALUES ('a0af1c1e-7904-4f32-97de-44c13b468372', 'V1A2B3C4-D5E6-7890-VHCL-111111111111', 'B2C3D4E5-F6G7-8901-BCDE-234567890123', 'E5F6G7H8-I9J0-1234-EFGH-567890123456', 'COMPLETED', '2023-07-17', '2023-07-27', 10, 8000000, 800000, 800000.0, 640000.0, 9440000.0, 3000000, '2023-07-03 00:00:00', '2023-07-03 00:00:00');
INSERT INTO payments (id, booking_id, user_id, amount, currency, status, method, created_at, processed_at) VALUES ('05cb4897-397b-436a-97eb-d19155c5569c', 'a0af1c1e-7904-4f32-97de-44c13b468372', 'B2C3D4E5-F6G7-8901-BCDE-234567890123', 9440000.0, 'VND', 'SUCCEEDED', 'VNPAY', '2023-07-03 00:00:00', '2023-07-03 00:00:00');
INSERT INTO reviews (id, vehicle_id, booking_id, reviewer_id, owner_id, rating, cleanliness, accuracy, communication, value_rating, comment, created_at, updated_at) VALUES ('3f2f6763-8f7b-4a87-a1a4-f2e6c74c96c8', 'V1A2B3C4-D5E6-7890-VHCL-111111111111', 'a0af1c1e-7904-4f32-97de-44c13b468372', 'B2C3D4E5-F6G7-8901-BCDE-234567890123', 'E5F6G7H8-I9J0-1234-EFGH-567890123456', 3, 3, 3, 3, 3, N'Trải nghiệm tuyệt vời!', '2023-07-27 00:00:00', '2023-07-27 00:00:00');
INSERT INTO bookings (id, vehicle_id, renter_id, owner_id, status, start_date, end_date, total_days, base_price, price_per_day, service_fee, taxes, total, deposit, created_at, updated_at) VALUES ('287ad59b-caf0-4e45-8303-2268e2e839a4', 'V1A2B3C4-D5E6-7890-VHCL-111111111111', 'C3D4E5F6-G7H8-9012-CDEF-345678901234', 'E5F6G7H8-I9J0-1234-EFGH-567890123456', 'COMPLETED', '2023-12-25', '2023-12-29', 4, 3200000, 800000, 320000.0, 256000.0, 3776000.0, 3000000, '2023-12-12 00:00:00', '2023-12-12 00:00:00');
INSERT INTO payments (id, booking_id, user_id, amount, currency, status, method, created_at, processed_at) VALUES ('bb1903f3-c4dd-4663-bf2b-6f692fb5859a', '287ad59b-caf0-4e45-8303-2268e2e839a4', 'C3D4E5F6-G7H8-9012-CDEF-345678901234', 3776000.0, 'VND', 'SUCCEEDED', 'VNPAY', '2023-12-12 00:00:00', '2023-12-12 00:00:00');
INSERT INTO reviews (id, vehicle_id, booking_id, reviewer_id, owner_id, rating, cleanliness, accuracy, communication, value_rating, comment, created_at, updated_at) VALUES ('b4ff6491-31f3-409a-bd62-754be1dd8617', 'V1A2B3C4-D5E6-7890-VHCL-111111111111', '287ad59b-caf0-4e45-8303-2268e2e839a4', 'C3D4E5F6-G7H8-9012-CDEF-345678901234', 'E5F6G7H8-I9J0-1234-EFGH-567890123456', 3, 3, 3, 3, 3, N'Trải nghiệm tuyệt vời!', '2023-12-29 00:00:00', '2023-12-29 00:00:00');
INSERT INTO bookings (id, vehicle_id, renter_id, owner_id, status, start_date, end_date, total_days, base_price, price_per_day, service_fee, taxes, total, deposit, created_at, updated_at) VALUES ('6257d6ac-b280-45ce-9faa-abfe49883b33', 'V1A2B3C4-D5E6-7890-VHCL-111111111111', 'D4E5F6G7-H8I9-0123-DEFG-456789012345', 'E5F6G7H8-I9J0-1234-EFGH-567890123456', 'COMPLETED', '2023-08-27', '2023-09-04', 8, 6400000, 800000, 640000.0, 512000.0, 7552000.0, 3000000, '2023-08-17 00:00:00', '2023-08-17 00:00:00');
INSERT INTO payments (id, booking_id, user_id, amount, currency, status, method, created_at, processed_at) VALUES ('0764b480-6799-42f4-a191-ed68a4f47a8d', '6257d6ac-b280-45ce-9faa-abfe49883b33', 'D4E5F6G7-H8I9-0123-DEFG-456789012345', 7552000.0, 'VND', 'SUCCEEDED', 'VNPAY', '2023-08-17 00:00:00', '2023-08-17 00:00:00');
INSERT INTO reviews (id, vehicle_id, booking_id, reviewer_id, owner_id, rating, cleanliness, accuracy, communication, value_rating, comment, created_at, updated_at) VALUES ('5ff5b1eb-4ebd-4002-82fd-5396c2fa2c9d', 'V1A2B3C4-D5E6-7890-VHCL-111111111111', '6257d6ac-b280-45ce-9faa-abfe49883b33', 'D4E5F6G7-H8I9-0123-DEFG-456789012345', 'E5F6G7H8-I9J0-1234-EFGH-567890123456', 4, 4, 4, 4, 4, N'Trải nghiệm tuyệt vời!', '2023-09-04 00:00:00', '2023-09-04 00:00:00');
INSERT INTO bookings (id, vehicle_id, renter_id, owner_id, status, start_date, end_date, total_days, base_price, price_per_day, service_fee, taxes, total, deposit, created_at, updated_at) VALUES ('b77ef00f-aaa1-467c-8685-c06b2121ae0a', 'V1A2B3C4-D5E6-7890-VHCL-111111111111', 'B2C3D4E5-F6G7-8901-BCDE-234567890123', 'E5F6G7H8-I9J0-1234-EFGH-567890123456', 'COMPLETED', '2023-09-11', '2023-09-12', 1, 800000, 800000, 80000.0, 64000.0, 944000.0, 3000000, '2023-09-07 00:00:00', '2023-09-07 00:00:00');
INSERT INTO payments (id, booking_id, user_id, amount, currency, status, method, created_at, processed_at) VALUES ('283bdf1d-4496-42bb-925d-4708375d8bde', 'b77ef00f-aaa1-467c-8685-c06b2121ae0a', 'B2C3D4E5-F6G7-8901-BCDE-234567890123', 944000.0, 'VND', 'SUCCEEDED', 'VNPAY', '2023-09-07 00:00:00', '2023-09-07 00:00:00');
INSERT INTO reviews (id, vehicle_id, booking_id, reviewer_id, owner_id, rating, cleanliness, accuracy, communication, value_rating, comment, created_at, updated_at) VALUES ('c898811b-f453-42a5-a92d-84df141f442f', 'V1A2B3C4-D5E6-7890-VHCL-111111111111', 'b77ef00f-aaa1-467c-8685-c06b2121ae0a', 'B2C3D4E5-F6G7-8901-BCDE-234567890123', 'E5F6G7H8-I9J0-1234-EFGH-567890123456', 4, 4, 4, 4, 4, N'Trải nghiệm tuyệt vời!', '2023-09-12 00:00:00', '2023-09-12 00:00:00');
INSERT INTO bookings (id, vehicle_id, renter_id, owner_id, status, start_date, end_date, total_days, base_price, price_per_day, service_fee, taxes, total, deposit, created_at, updated_at) VALUES ('73f1301f-cc12-49dd-bcab-89629a5effe9', 'V1A2B3C4-D5E6-7890-VHCL-111111111111', 'B2C3D4E5-F6G7-8901-BCDE-234567890123', 'E5F6G7H8-I9J0-1234-EFGH-567890123456', 'CANCELLED', '2023-04-11', '2023-04-18', 7, 5600000, 800000, 560000.0, 448000.0, 6608000.0, 3000000, '2023-03-30 00:00:00', '2023-03-30 00:00:00');
INSERT INTO payments (id, booking_id, user_id, amount, currency, status, method, created_at, processed_at) VALUES ('4b970d27-fc4c-47c5-84d7-87ebe73b602a', '73f1301f-cc12-49dd-bcab-89629a5effe9', 'B2C3D4E5-F6G7-8901-BCDE-234567890123', 6608000.0, 'VND', 'REFUNDED', 'VNPAY', '2023-03-30 00:00:00', '2023-03-30 00:00:00');
INSERT INTO motorbike_analytics (id, date, revenue, bookings_count) VALUES ('ef1ab5c8-52b2-42d3-9644-5b0e43a5cc73', '2024-04-26', 1274400.0, 1);
INSERT INTO motorbike_analytics (id, date, revenue, bookings_count) VALUES ('32b9af5f-45e7-43a9-8ef6-6a0f46bf01c8', '2024-04-25', 3681600.0, 3);
INSERT INTO motorbike_analytics (id, date, revenue, bookings_count) VALUES ('3f47bd97-8319-4d22-b964-6285c5e00e53', '2023-11-08', 1062000.0, 1);
INSERT INTO motorbike_analytics (id, date, revenue, bookings_count) VALUES ('586acf59-38e2-4f2e-9440-979e6c1e4976', '2024-01-20', 566400.0, 1);
INSERT INTO motorbike_analytics (id, date, revenue, bookings_count) VALUES ('5e8f5b04-9002-42d8-84dc-04cacee2d6fd', '2023-01-07', 424800.0, 1);
INSERT INTO motorbike_analytics (id, date, revenue, bookings_count) VALUES ('63a05e4f-036e-45e7-8eb7-2c71dde652c2', '2023-06-09', 1593000.0, 1);
INSERT INTO motorbike_analytics (id, date, revenue, bookings_count) VALUES ('52b88a98-5d2a-4148-a388-3417c5f1a10b', '2023-10-04', 1888000.0, 2);
INSERT INTO motorbike_analytics (id, date, revenue, bookings_count) VALUES ('1fc3b924-53fa-4962-ba91-4f65ded76cbe', '2023-12-21', 283200.0, 1);
INSERT INTO motorbike_analytics (id, date, revenue, bookings_count) VALUES ('d5459c66-eee5-4af3-8a6b-7e4ab42cc9a1', '2023-07-01', 2737600.0, 3);
INSERT INTO motorbike_analytics (id, date, revenue, bookings_count) VALUES ('15fb205f-12b4-4ed2-ab4e-48580dac6fee', '2023-05-12', 2690400.0, 2);
INSERT INTO motorbike_analytics (id, date, revenue, bookings_count) VALUES ('42f836e2-1735-4096-9a03-b47901f1e5c2', '2024-04-10', 1593000.0, 1);
INSERT INTO motorbike_analytics (id, date, revenue, bookings_count) VALUES ('45227747-fcc2-44d4-bfc2-a5562980896c', '2023-12-25', 885000.0, 1);
INSERT INTO motorbike_analytics (id, date, revenue, bookings_count) VALUES ('1b4da6c2-bad2-4c8b-8081-0a091fd2e735', '2023-11-01', 3304000.0, 2);
INSERT INTO motorbike_analytics (id, date, revenue, bookings_count) VALUES ('146a5889-4cbb-4476-aa3b-125162bd280f', '2024-04-23', 3540000.0, 3);
INSERT INTO motorbike_analytics (id, date, revenue, bookings_count) VALUES ('639b7414-47a1-46db-91f2-e059bebf8be5', '2023-12-30', 1180000.0, 1);
INSERT INTO motorbike_analytics (id, date, revenue, bookings_count) VALUES ('de5d8034-000a-458c-99ee-ff34b06fc2d2', '2023-12-01', 3186000.0, 2);
INSERT INTO motorbike_analytics (id, date, revenue, bookings_count) VALUES ('b4427991-9f8e-44ca-b8be-3e3c7b3c252e', '2024-04-18', 1557600.0, 2);
INSERT INTO motorbike_analytics (id, date, revenue, bookings_count) VALUES ('1d5b3c45-5457-4463-9dbc-02df3276a3e0', '2023-07-24', 3776000.0, 2);
INSERT INTO motorbike_analytics (id, date, revenue, bookings_count) VALUES ('27fb6963-1a6f-4b41-b49f-857aa080d18e', '2023-05-08', 1888000.0, 1);
INSERT INTO motorbike_analytics (id, date, revenue, bookings_count) VALUES ('10a8186b-2086-451a-9abc-10394ab14cf5', '2023-04-21', 708000.0, 1);
INSERT INTO motorbike_analytics (id, date, revenue, bookings_count) VALUES ('0441107d-23f5-41b7-b746-2e2ed61e9635', '2023-05-03', 3422000.0, 3);
INSERT INTO motorbike_analytics (id, date, revenue, bookings_count) VALUES ('9d0c788f-cc00-4343-a03c-ca73ba5caaa0', '2023-06-23', 1239000.0, 1);
INSERT INTO motorbike_analytics (id, date, revenue, bookings_count) VALUES ('e5112ee3-a156-458b-823c-2aefe78b3790', '2024-05-24', 472000.0, 1);
INSERT INTO motorbike_analytics (id, date, revenue, bookings_count) VALUES ('90ad5892-bf8d-43f1-87f2-39ed91cc64de', '2024-04-15', 2336400.0, 2);
INSERT INTO motorbike_analytics (id, date, revenue, bookings_count) VALUES ('e03c5e34-6067-4025-ad52-abb335dc5e43', '2023-03-03', 424800.0, 1);
INSERT INTO motorbike_analytics (id, date, revenue, bookings_count) VALUES ('9154a89b-d094-4d32-a312-53b991096614', '2024-03-28', 1180000.0, 1);
INSERT INTO motorbike_analytics (id, date, revenue, bookings_count) VALUES ('a74a9175-d898-4cc0-a36b-0d5146c78943', '2024-02-08', 1062000.0, 1);
INSERT INTO motorbike_analytics (id, date, revenue, bookings_count) VALUES ('41e42530-5483-44e3-8a8e-875ad6b4323d', '2024-04-02', 1062000.0, 1);
INSERT INTO motorbike_analytics (id, date, revenue, bookings_count) VALUES ('10c4166f-e284-4fde-bca2-f3b7555d223b', '2023-02-22', 3599000.0, 3);
INSERT INTO motorbike_analytics (id, date, revenue, bookings_count) VALUES ('b7941be0-07b1-4b06-97b1-bd1307f0ea76', '2024-03-25', 2124000.0, 1);
INSERT INTO motorbike_analytics (id, date, revenue, bookings_count) VALUES ('46cae703-3f08-4ce6-81f3-10eee12b8671', '2023-01-03', 1239000.0, 1);
INSERT INTO motorbike_analytics (id, date, revenue, bookings_count) VALUES ('a1181328-ada4-4f65-aeda-25ad92030ce7', '2023-01-06', 1239000.0, 1);
INSERT INTO motorbike_analytics (id, date, revenue, bookings_count) VALUES ('cee83677-8ce1-4e78-b069-d15e39ecc92f', '2024-01-13', 1522200.0, 2);
INSERT INTO motorbike_analytics (id, date, revenue, bookings_count) VALUES ('ec06760a-b757-4479-8215-d3bdbaa635b9', '2023-01-19', 1345200.0, 2);
INSERT INTO motorbike_analytics (id, date, revenue, bookings_count) VALUES ('e4cbd6f5-274c-466a-a083-474412d4ef48', '2023-08-06', 283200.0, 1);
INSERT INTO motorbike_analytics (id, date, revenue, bookings_count) VALUES ('8481995d-fed9-4244-8d1c-1d1c83ebb423', '2023-05-31', 2265600.0, 2);
INSERT INTO motorbike_analytics (id, date, revenue, bookings_count) VALUES ('43e23f64-9340-4497-9ff6-b9a824669db3', '2024-01-12', 236000.0, 1);
INSERT INTO motorbike_analytics (id, date, revenue, bookings_count) VALUES ('be88b43e-405e-44e6-bef6-d83517c4c9cd', '2024-01-31', 1840800.0, 2);
INSERT INTO motorbike_analytics (id, date, revenue, bookings_count) VALUES ('ae351138-583f-4339-8224-5c0576307200', '2023-01-14', 1132800.0, 2);
INSERT INTO motorbike_analytics (id, date, revenue, bookings_count) VALUES ('7d355fc1-1d1b-4332-869f-496aaa308e50', '2023-12-28', 3469200.0, 4);
INSERT INTO motorbike_analytics (id, date, revenue, bookings_count) VALUES ('73a87ead-4b12-4462-9782-bdec068914a1', '2023-07-10', 1180000.0, 1);
INSERT INTO motorbike_analytics (id, date, revenue, bookings_count) VALUES ('f4901491-dd9d-475a-b53d-501fc5649dc6', '2024-01-14', 2478000.0, 2);
INSERT INTO motorbike_analytics (id, date, revenue, bookings_count) VALUES ('dec3ae44-5d1d-4966-8824-79a201a0dfe9', '2024-04-17', 141600.0, 1);
INSERT INTO motorbike_analytics (id, date, revenue, bookings_count) VALUES ('18f1839c-e21b-4dd3-b6f5-3394718688ee', '2023-09-01', 1180000.0, 2);
INSERT INTO motorbike_analytics (id, date, revenue, bookings_count) VALUES ('f68401b4-7358-4275-8726-ed4196345f87', '2024-04-29', 3032600.0, 3);
INSERT INTO motorbike_analytics (id, date, revenue, bookings_count) VALUES ('0a49e03f-9a2d-491a-9714-d33506bd2162', '2023-08-27', 1180000.0, 2);
INSERT INTO motorbike_analytics (id, date, revenue, bookings_count) VALUES ('4f43099c-8f1b-4f47-b6ec-0ebfe25652cc', '2023-02-13', 424800.0, 1);
INSERT INTO motorbike_analytics (id, date, revenue, bookings_count) VALUES ('85745e89-7421-465a-aa2c-8a970f855aca', '2023-09-30', 708000.0, 1);
INSERT INTO motorbike_analytics (id, date, revenue, bookings_count) VALUES ('1aeddd78-0f24-4260-85c3-1b1057d6ff49', '2023-09-09', 2360000.0, 2);
INSERT INTO motorbike_analytics (id, date, revenue, bookings_count) VALUES ('69ac7c8f-8fc8-40c2-a194-6def0abbed08', '2023-04-23', 472000.0, 1);
INSERT INTO motorbike_analytics (id, date, revenue, bookings_count) VALUES ('12c8d19b-1d42-4786-bce2-4ae1c743089c', '2023-04-07', 2596000.0, 2);
INSERT INTO motorbike_analytics (id, date, revenue, bookings_count) VALUES ('c5e925e1-8510-4b62-86be-4accdc34fe28', '2023-02-09', 1416000.0, 1);
INSERT INTO motorbike_analytics (id, date, revenue, bookings_count) VALUES ('5b4eb855-2be2-4d07-86cc-db8a337da57b', '2023-06-15', 1239000.0, 2);
INSERT INTO motorbike_analytics (id, date, revenue, bookings_count) VALUES ('f5ea020f-e723-48bb-9a77-04d00f935d69', '2023-05-02', 3068000.0, 3);
INSERT INTO motorbike_analytics (id, date, revenue, bookings_count) VALUES ('397bd6b7-bece-49b5-bd14-428e4c9c7def', '2024-05-14', 566400.0, 1);
INSERT INTO motorbike_analytics (id, date, revenue, bookings_count) VALUES ('5fd99640-8420-4e2c-b644-5148f513aa0e', '2023-08-11', 1652000.0, 2);
INSERT INTO motorbike_analytics (id, date, revenue, bookings_count) VALUES ('8656380e-8560-40ab-83b8-21daaed7f146', '2023-08-02', 472000.0, 1);
INSERT INTO motorbike_analytics (id, date, revenue, bookings_count) VALUES ('9a4a3b76-a517-4390-a40e-576622c2cbff', '2023-04-01', 3894000.0, 3);
INSERT INTO motorbike_analytics (id, date, revenue, bookings_count) VALUES ('689ed5d0-d4e5-498b-9307-e1c80d931087', '2023-02-24', 1416000.0, 1);
INSERT INTO motorbike_analytics (id, date, revenue, bookings_count) VALUES ('8b93a468-0b93-41e4-8ea9-aa3c366d0ac3', '2023-07-02', 1840800.0, 2);
INSERT INTO motorbike_analytics (id, date, revenue, bookings_count) VALUES ('3c51f599-fede-4a7c-aed4-2600b2f48fd6', '2024-03-09', 1888000.0, 1);
INSERT INTO motorbike_analytics (id, date, revenue, bookings_count) VALUES ('47a202bc-e875-449d-9960-e4cc81cc96b1', '2023-04-11', 708000.0, 2);
INSERT INTO motorbike_analytics (id, date, revenue, bookings_count) VALUES ('89fc68dc-e694-4f1a-9cc0-ef4fe9d27ec3', '2024-01-06', 2171200.0, 2);
INSERT INTO motorbike_analytics (id, date, revenue, bookings_count) VALUES ('6fe8ed20-8416-4df6-8a26-91934695b5ad', '2023-09-18', 1239000.0, 2);
INSERT INTO motorbike_analytics (id, date, revenue, bookings_count) VALUES ('01027a5f-60a9-43fe-8fd2-6e4e87b0bdd8', '2023-04-13', 1593000.0, 1);
INSERT INTO motorbike_analytics (id, date, revenue, bookings_count) VALUES ('8d3e7d0d-f774-4950-9e6c-500b87bb1a7c', '2024-03-13', 531000.0, 1);
INSERT INTO motorbike_analytics (id, date, revenue, bookings_count) VALUES ('584126da-faeb-44fa-ad35-48f19440891b', '2024-04-04', 1486800.0, 3);
INSERT INTO motorbike_analytics (id, date, revenue, bookings_count) VALUES ('2493628c-2023-4006-8bbd-8018dcfe4b3d', '2023-04-08', 1982400.0, 2);
INSERT INTO motorbike_analytics (id, date, revenue, bookings_count) VALUES ('174f9782-3bd4-4fa2-b94d-8510a0479d99', '2023-09-27', 1734600.0, 2);
INSERT INTO motorbike_analytics (id, date, revenue, bookings_count) VALUES ('e1466f80-80b8-4936-9dd7-31efbb932100', '2024-05-25', 2478000.0, 2);
INSERT INTO motorbike_analytics (id, date, revenue, bookings_count) VALUES ('20341ef7-9e21-4ba2-a1fc-26041df8835b', '2023-02-16', 1132800.0, 1);
INSERT INTO motorbike_analytics (id, date, revenue, bookings_count) VALUES ('ce5a4848-dd26-4c3d-827e-3f86198af677', '2023-02-28', 2242000.0, 3);
INSERT INTO motorbike_analytics (id, date, revenue, bookings_count) VALUES ('86759e64-3341-473d-adb0-fbae9d9a4e83', '2023-09-16', 4248000.0, 3);
INSERT INTO motorbike_analytics (id, date, revenue, bookings_count) VALUES ('59eeac46-50e5-4aa8-a028-6ba3380cf362', '2023-09-02', 708000.0, 1);
INSERT INTO motorbike_analytics (id, date, revenue, bookings_count) VALUES ('cdc49933-244c-44fc-8e5d-fd0ada7bcc03', '2023-04-19', 3351200.0, 2);
INSERT INTO motorbike_analytics (id, date, revenue, bookings_count) VALUES ('182fdec0-bb01-475c-8ddc-8c5c772db024', '2023-10-20', 3009000.0, 2);
INSERT INTO motorbike_analytics (id, date, revenue, bookings_count) VALUES ('7bab7241-e067-423d-bcb1-af1a5e7773c7', '2024-02-19', 3894000.0, 2);
INSERT INTO motorbike_analytics (id, date, revenue, bookings_count) VALUES ('13a6372b-fd08-4d9d-acd3-32ab3f64bc0c', '2023-08-21', 1132800.0, 1);
INSERT INTO motorbike_analytics (id, date, revenue, bookings_count) VALUES ('a8ba5e95-586c-4566-811c-a4cc02456fee', '2023-01-26', 849600.0, 1);
INSERT INTO motorbike_analytics (id, date, revenue, bookings_count) VALUES ('b6e45e81-a5d8-4ceb-a53c-d8f8e0299f95', '2024-04-14', 4071000.0, 3);
INSERT INTO motorbike_analytics (id, date, revenue, bookings_count) VALUES ('1578f8ea-8ad6-49e8-894a-5fd95d835176', '2023-03-30', 2194800.0, 2);
INSERT INTO motorbike_analytics (id, date, revenue, bookings_count) VALUES ('bad0cc98-0aa9-4e62-a71c-aa521e0d6c47', '2023-08-23', 2407200.0, 2);
INSERT INTO motorbike_analytics (id, date, revenue, bookings_count) VALUES ('b4bb13ee-3103-46c4-855b-de0541d27ab0', '2023-06-27', 1557600.0, 2);
INSERT INTO motorbike_analytics (id, date, revenue, bookings_count) VALUES ('45b81047-6bbf-466a-abd1-fbc07be00d28', '2024-05-13', 944000.0, 1);
INSERT INTO motorbike_analytics (id, date, revenue, bookings_count) VALUES ('d905905b-bcc9-4012-9ccc-5b0906783197', '2023-07-15', 1416000.0, 2);
INSERT INTO motorbike_analytics (id, date, revenue, bookings_count) VALUES ('a8c09422-92bd-4305-b668-8aed1d94c1c1', '2024-01-27', 3304000.0, 2);
INSERT INTO motorbike_analytics (id, date, revenue, bookings_count) VALUES ('fc1f76b0-dd40-48dd-94ed-c7f3abb9b9cb', '2023-11-29', 495600.0, 2);
INSERT INTO motorbike_analytics (id, date, revenue, bookings_count) VALUES ('70fb9650-1713-4b41-ad17-769a0b66adc2', '2024-01-07', 885000.0, 1);
INSERT INTO motorbike_analytics (id, date, revenue, bookings_count) VALUES ('ecd5654c-be6d-4e52-b1e9-7782451997dd', '2023-06-28', 3953000.0, 2);
INSERT INTO motorbike_analytics (id, date, revenue, bookings_count) VALUES ('76e163e6-faca-4038-89f3-7ed46836dd1f', '2023-04-04', 177000.0, 1);
INSERT INTO motorbike_analytics (id, date, revenue, bookings_count) VALUES ('1eb09588-9955-480f-a0be-c9d4469603b0', '2023-05-23', 495600.0, 2);
INSERT INTO motorbike_analytics (id, date, revenue, bookings_count) VALUES ('0a6cda21-bad9-4284-84c9-8ec1d4fff656', '2024-02-23', 1652000.0, 2);
INSERT INTO motorbike_analytics (id, date, revenue, bookings_count) VALUES ('ebb3aa3c-011a-4151-8468-6579dca1158f', '2024-01-18', 1593000.0, 2);
INSERT INTO motorbike_analytics (id, date, revenue, bookings_count) VALUES ('af1e2cae-db9b-4f5a-9d35-38cb0451ff37', '2023-06-07', 1593000.0, 1);
INSERT INTO motorbike_analytics (id, date, revenue, bookings_count) VALUES ('b0ad1303-0711-470f-a001-fecdeaeee621', '2023-09-04', 531000.0, 1);
INSERT INTO motorbike_analytics (id, date, revenue, bookings_count) VALUES ('3c9540ed-2fec-4339-b09a-aade9e652ace', '2024-04-08', 472000.0, 1);
INSERT INTO motorbike_analytics (id, date, revenue, bookings_count) VALUES ('415402fc-1e93-4c07-bdc3-a9b3d7d0135d', '2023-09-07', 3776000.0, 2);
INSERT INTO motorbike_analytics (id, date, revenue, bookings_count) VALUES ('8a79c3c9-0812-44e2-ad2f-e04ea881c30e', '2023-07-29', 3917600.0, 3);
INSERT INTO motorbike_analytics (id, date, revenue, bookings_count) VALUES ('48557974-0a99-4c37-a0a9-f6abe0f4d760', '2023-07-18', 2124000.0, 2);
INSERT INTO motorbike_analytics (id, date, revenue, bookings_count) VALUES ('54c33ff7-716f-4231-8172-4486112c2d8e', '2023-04-30', 5546000.0, 4);
INSERT INTO motorbike_analytics (id, date, revenue, bookings_count) VALUES ('41cc872d-af05-406d-a911-5480e63d52ec', '2023-08-26', 708000.0, 1);
INSERT INTO motorbike_analytics (id, date, revenue, bookings_count) VALUES ('e5d3a45d-aeef-4621-bbd9-43337a2a2534', '2024-05-04', 1947000.0, 2);
INSERT INTO motorbike_analytics (id, date, revenue, bookings_count) VALUES ('bb388d9d-b45b-429b-b279-2be081eebfed', '2023-07-06', 944000.0, 1);
INSERT INTO motorbike_analytics (id, date, revenue, bookings_count) VALUES ('936e3431-ed5b-40b2-ac39-3e2b6652f932', '2023-08-01', 424800.0, 1);
INSERT INTO motorbike_analytics (id, date, revenue, bookings_count) VALUES ('8391db34-64fc-489b-873b-08cc79eb680a', '2024-05-20', 708000.0, 1);
INSERT INTO motorbike_analytics (id, date, revenue, bookings_count) VALUES ('203ab9e1-8fb5-475e-9416-0bed6e89fbfe', '2023-07-11', 1274400.0, 1);
INSERT INTO motorbike_analytics (id, date, revenue, bookings_count) VALUES ('f7096631-0180-4e81-86c5-3897adb3e42f', '2023-06-05', 177000.0, 1);
INSERT INTO motorbike_analytics (id, date, revenue, bookings_count) VALUES ('26e9a972-be3a-453a-ace4-64adeaa26dd3', '2024-01-08', 2454400.0, 3);
INSERT INTO motorbike_analytics (id, date, revenue, bookings_count) VALUES ('4623f674-474d-48e1-806e-fac7568b25db', '2023-04-28', 1829000.0, 2);
INSERT INTO motorbike_analytics (id, date, revenue, bookings_count) VALUES ('7890baee-a40d-417a-8a1b-fe610ad8d5b2', '2023-10-26', 141600.0, 1);
INSERT INTO motorbike_analytics (id, date, revenue, bookings_count) VALUES ('af680328-e451-4f71-bdac-bc9fcb3aa8c0', '2023-01-17', 3811400.0, 3);
INSERT INTO motorbike_analytics (id, date, revenue, bookings_count) VALUES ('caad06e3-809b-4b78-9a98-8c1462657a0d', '2023-11-23', 1876200.0, 2);
INSERT INTO motorbike_analytics (id, date, revenue, bookings_count) VALUES ('0c8416c6-29a0-45ef-a9b8-f92b962ccb30', '2023-01-28', 708000.0, 1);
INSERT INTO motorbike_analytics (id, date, revenue, bookings_count) VALUES ('67094a52-59fd-4143-b409-0e17582d2b2b', '2023-10-16', 177000.0, 1);
INSERT INTO motorbike_analytics (id, date, revenue, bookings_count) VALUES ('c0f373a8-c662-4342-912b-77c7f54c2f63', '2023-12-08', 1416000.0, 1);
INSERT INTO motorbike_analytics (id, date, revenue, bookings_count) VALUES ('25368e4e-2a11-4856-8f64-b85b20ba739a', '2023-08-13', 1593000.0, 1);
INSERT INTO motorbike_analytics (id, date, revenue, bookings_count) VALUES ('7b672e93-1d78-4bb1-8a79-7cd4a924cfac', '2023-05-18', 2926400.0, 2);
INSERT INTO motorbike_analytics (id, date, revenue, bookings_count) VALUES ('544704e7-71e1-4b12-9544-1c5a67c1d9aa', '2024-04-12', 2124000.0, 2);
INSERT INTO motorbike_analytics (id, date, revenue, bookings_count) VALUES ('9150355c-4750-4af1-ac71-a992a0f4cf0e', '2023-10-11', 472000.0, 1);
INSERT INTO motorbike_analytics (id, date, revenue, bookings_count) VALUES ('418356d8-093e-41a8-aacb-d1c885747b74', '2023-09-21', 2124000.0, 1);
INSERT INTO motorbike_analytics (id, date, revenue, bookings_count) VALUES ('7b63ea3a-ab7f-4491-a1e4-9b6d29ebbc1d', '2023-01-01', 1593000.0, 2);
INSERT INTO motorbike_analytics (id, date, revenue, bookings_count) VALUES ('e9bed54f-7647-45ca-b661-3a476a221cf5', '2024-05-22', 708000.0, 1);
INSERT INTO motorbike_analytics (id, date, revenue, bookings_count) VALUES ('7fe2ef5a-c6da-4ec6-bebd-e0b190f225ac', '2023-02-17', 1062000.0, 1);
INSERT INTO motorbike_analytics (id, date, revenue, bookings_count) VALUES ('6488707f-0e7e-4048-ac7c-c6a7bb6801aa', '2023-01-09', 3964800.0, 3);
INSERT INTO motorbike_analytics (id, date, revenue, bookings_count) VALUES ('3a5655f6-ce82-4c87-b321-995b0d9b5201', '2023-11-21', 1132800.0, 1);
INSERT INTO motorbike_analytics (id, date, revenue, bookings_count) VALUES ('a9e2ab4f-7671-4c33-904f-6bd7ec1fa73e', '2023-04-05', 991200.0, 1);
INSERT INTO motorbike_analytics (id, date, revenue, bookings_count) VALUES ('eb1f2a88-fd36-4766-ab84-1e1d678a3009', '2024-05-18', 2419000.0, 2);
INSERT INTO motorbike_analytics (id, date, revenue, bookings_count) VALUES ('76d7510c-59f1-4c58-8dee-917342044bb0', '2023-09-23', 708000.0, 1);
INSERT INTO motorbike_analytics (id, date, revenue, bookings_count) VALUES ('973d0d67-9507-489a-80a5-01d2d0d81fbb', '2023-12-14', 2124000.0, 2);
INSERT INTO motorbike_analytics (id, date, revenue, bookings_count) VALUES ('032abc55-9924-4fa3-bede-9356bd93d2b6', '2023-10-18', 1180000.0, 1);
INSERT INTO motorbike_analytics (id, date, revenue, bookings_count) VALUES ('2b0b0d8a-984c-4c94-9d34-eae548bf8f70', '2024-02-21', 424800.0, 2);
INSERT INTO motorbike_analytics (id, date, revenue, bookings_count) VALUES ('dc2c39b3-6d0f-474c-8364-624bdffa3eb9', '2023-08-18', 354000.0, 1);
INSERT INTO motorbike_analytics (id, date, revenue, bookings_count) VALUES ('3de5098e-27f0-4520-940b-608723f771e1', '2023-08-19', 2655000.0, 2);
INSERT INTO motorbike_analytics (id, date, revenue, bookings_count) VALUES ('45bc6957-a5d2-4e13-bcdd-9329a6ced5c2', '2023-06-06', 283200.0, 1);
INSERT INTO motorbike_analytics (id, date, revenue, bookings_count) VALUES ('654af654-f385-42d1-9525-53cb6feda526', '2023-03-17', 944000.0, 1);
INSERT INTO motorbike_analytics (id, date, revenue, bookings_count) VALUES ('a9cf4d7c-1e72-4f12-97a1-9f5f1787b69f', '2023-01-05', 3068000.0, 2);
INSERT INTO motorbike_analytics (id, date, revenue, bookings_count) VALUES ('5ca6b96e-38d7-4bb0-a600-6676f40e2222', '2023-10-30', 708000.0, 1);
INSERT INTO motorbike_analytics (id, date, revenue, bookings_count) VALUES ('c1044852-4ae1-4685-a40e-69a136f55750', '2024-03-12', 2253800.0, 3);
INSERT INTO motorbike_analytics (id, date, revenue, bookings_count) VALUES ('beda5667-f9b6-4652-8ede-e0f84d03dbd1', '2023-06-02', 708000.0, 1);
INSERT INTO motorbike_analytics (id, date, revenue, bookings_count) VALUES ('b0ef5862-bc75-478a-8625-f795ca03ee4f', '2024-05-01', 1652000.0, 1);
INSERT INTO motorbike_analytics (id, date, revenue, bookings_count) VALUES ('86cc81bb-56d2-4f75-9150-7ee83344e01c', '2023-07-17', 1840800.0, 2);
INSERT INTO motorbike_analytics (id, date, revenue, bookings_count) VALUES ('d63e4c06-21aa-44a4-8088-6d7461ce9de2', '2023-11-12', 1180000.0, 1);
INSERT INTO motorbike_analytics (id, date, revenue, bookings_count) VALUES ('88445f3c-d33d-473b-9f68-92606a8cd5fc', '2023-11-14', 1062000.0, 1);
INSERT INTO motorbike_analytics (id, date, revenue, bookings_count) VALUES ('048a1569-b6c8-4c51-bfbf-061a95aafe61', '2023-03-09', 424800.0, 1);
INSERT INTO motorbike_analytics (id, date, revenue, bookings_count) VALUES ('126c2e22-40b8-415b-8de7-7c030b34fd69', '2024-03-10', 708000.0, 1);
INSERT INTO motorbike_analytics (id, date, revenue, bookings_count) VALUES ('90115366-862b-41fc-b365-21adffa3ab7e', '2024-03-03', 2301000.0, 2);
INSERT INTO motorbike_analytics (id, date, revenue, bookings_count) VALUES ('3aa16a01-8c41-4103-bdea-edc60f91c541', '2023-01-23', 1593000.0, 1);
INSERT INTO motorbike_analytics (id, date, revenue, bookings_count) VALUES ('b53a1fde-08fe-4dae-8e56-b468146a3bb2', '2024-02-12', 991200.0, 1);
INSERT INTO motorbike_analytics (id, date, revenue, bookings_count) VALUES ('5767907c-9601-4442-9c4d-d8f7099c8ba9', '2023-11-07', 1888000.0, 1);
INSERT INTO motorbike_analytics (id, date, revenue, bookings_count) VALUES ('e8bad86a-a23b-45c7-8ab9-50f6b1b44991', '2023-12-04', 2230200.0, 2);
INSERT INTO motorbike_analytics (id, date, revenue, bookings_count) VALUES ('5de385b6-24e9-400e-a3ca-6ff11a27ebd0', '2023-01-31', 2124000.0, 1);
INSERT INTO motorbike_analytics (id, date, revenue, bookings_count) VALUES ('fe20af87-8fb7-4fda-bf00-77f89427e63f', '2023-08-28', 2454400.0, 2);
INSERT INTO motorbike_analytics (id, date, revenue, bookings_count) VALUES ('eef817c6-ae7d-4c35-8182-ab928ee62040', '2024-02-13', 885000.0, 1);
INSERT INTO motorbike_analytics (id, date, revenue, bookings_count) VALUES ('07bb4f47-b1c1-48bd-be9c-864978b4565d', '2023-11-30', 708000.0, 1);
INSERT INTO motorbike_analytics (id, date, revenue, bookings_count) VALUES ('ccb60133-322f-4f28-a148-cc2d46375e57', '2023-04-10', 1180000.0, 1);
INSERT INTO motorbike_analytics (id, date, revenue, bookings_count) VALUES ('8841ef75-4f36-418a-b1f3-b78cb412dcde', '2023-03-21', 1888000.0, 1);
INSERT INTO motorbike_analytics (id, date, revenue, bookings_count) VALUES ('e84d129e-bdf4-4a6b-a2d7-d8975abf0c1c', '2023-12-13', 1593000.0, 1);
INSERT INTO motorbike_analytics (id, date, revenue, bookings_count) VALUES ('5ba74e7f-5b3d-4049-977c-430b7eb2901b', '2023-07-14', 1805400.0, 3);
INSERT INTO motorbike_analytics (id, date, revenue, bookings_count) VALUES ('dc7574bb-b9c6-4a54-beed-f7e2a335cf9a', '2023-01-02', 955800.0, 2);
INSERT INTO motorbike_analytics (id, date, revenue, bookings_count) VALUES ('e3d412b9-5467-457c-9c52-498c3bda3602', '2024-01-28', 1510400.0, 2);
INSERT INTO motorbike_analytics (id, date, revenue, bookings_count) VALUES ('a801c288-dbf3-4cb2-846f-ce2db1386deb', '2024-02-24', 472000.0, 1);
INSERT INTO motorbike_analytics (id, date, revenue, bookings_count) VALUES ('cda7e3bb-45ea-47d0-83c0-194418338ad4', '2024-04-21', 424800.0, 1);
INSERT INTO motorbike_analytics (id, date, revenue, bookings_count) VALUES ('1ffd9ae3-0ce8-4162-ac41-4a315959455f', '2023-11-17', 354000.0, 1);
INSERT INTO motorbike_analytics (id, date, revenue, bookings_count) VALUES ('1f046045-df9d-4d9e-aba0-0fe76a473455', '2023-06-30', 1132800.0, 1);
INSERT INTO motorbike_analytics (id, date, revenue, bookings_count) VALUES ('e4761186-e0bb-43db-8bd6-f74ebfe3a25a', '2023-10-08', 849600.0, 1);
INSERT INTO motorbike_analytics (id, date, revenue, bookings_count) VALUES ('a986df33-b5ac-46f7-ab5f-961362b703e4', '2024-05-07', 354000.0, 1);
INSERT INTO motorbike_analytics (id, date, revenue, bookings_count) VALUES ('bfe6f20f-0c16-46f8-9952-be4810e2020a', '2024-05-26', 1888000.0, 1);
INSERT INTO motorbike_analytics (id, date, revenue, bookings_count) VALUES ('e98dedbd-cb8f-4155-8e1f-1cb6ea4bdcf9', '2023-08-25', 1132800.0, 2);
INSERT INTO motorbike_analytics (id, date, revenue, bookings_count) VALUES ('d50b64dd-0369-4ed5-b90b-f1ffee7924ea', '2023-05-25', 1911600.0, 2);
INSERT INTO motorbike_analytics (id, date, revenue, bookings_count) VALUES ('624372fa-049c-4e3a-bc07-8cc45f73fb72', '2023-04-14', 1888000.0, 2);
INSERT INTO motorbike_analytics (id, date, revenue, bookings_count) VALUES ('d1eb3124-3d36-4da1-a5a3-058633a049d8', '2024-02-16', 2891000.0, 2);
INSERT INTO motorbike_analytics (id, date, revenue, bookings_count) VALUES ('1d77053f-3d83-4c46-ad5b-5873cecaa264', '2023-04-16', 1416000.0, 1);
INSERT INTO motorbike_analytics (id, date, revenue, bookings_count) VALUES ('42024747-2b81-4f49-94dd-2e2168541313', '2024-02-22', 1132800.0, 1);
INSERT INTO motorbike_analytics (id, date, revenue, bookings_count) VALUES ('ac4da7de-3610-44b7-be77-815fac585e3b', '2023-03-23', 2124000.0, 1);
INSERT INTO motorbike_analytics (id, date, revenue, bookings_count) VALUES ('fe341954-a888-4b96-86e4-4c1baba1d55b', '2023-10-28', 2124000.0, 1);
INSERT INTO motorbike_analytics (id, date, revenue, bookings_count) VALUES ('62d082b6-fea7-4f14-ba46-d1f79e9d1002', '2023-04-09', 2891000.0, 2);
INSERT INTO motorbike_analytics (id, date, revenue, bookings_count) VALUES ('abf1d161-6a58-4d6d-87e5-a1766d5d12cf', '2023-10-10', 177000.0, 1);
INSERT INTO motorbike_analytics (id, date, revenue, bookings_count) VALUES ('cd076e30-8021-4792-b1e9-b09e5a3d14bf', '2023-09-17', 1180000.0, 1);
INSERT INTO motorbike_analytics (id, date, revenue, bookings_count) VALUES ('6062fd3c-310b-400e-9520-6ad58206c2c7', '2023-03-11', 2832000.0, 3);
INSERT INTO motorbike_analytics (id, date, revenue, bookings_count) VALUES ('11e879a8-e15f-45f6-b96b-419671dc1a83', '2024-02-29', 2360000.0, 1);
INSERT INTO motorbike_analytics (id, date, revenue, bookings_count) VALUES ('44177511-3438-4e32-bb71-a122543a2192', '2023-01-22', 885000.0, 1);
INSERT INTO motorbike_analytics (id, date, revenue, bookings_count) VALUES ('f4d98a02-cefe-496e-8ef9-f65fefd62b65', '2023-08-09', 849600.0, 1);
INSERT INTO motorbike_analytics (id, date, revenue, bookings_count) VALUES ('b79e9733-ca6b-43cb-a7df-9ea0356832e1', '2023-08-29', 1416000.0, 2);
INSERT INTO motorbike_analytics (id, date, revenue, bookings_count) VALUES ('a8b3efca-e5eb-45b3-9720-53f6ba206059', '2023-10-27', 236000.0, 1);
INSERT INTO motorbike_analytics (id, date, revenue, bookings_count) VALUES ('438d33bf-0584-4191-b0f8-d783026d6f8c', '2023-05-20', 1593000.0, 1);
INSERT INTO motorbike_analytics (id, date, revenue, bookings_count) VALUES ('9aad4413-768d-41b8-b7ae-da1af96500d9', '2024-03-16', 991200.0, 1);
INSERT INTO motorbike_analytics (id, date, revenue, bookings_count) VALUES ('6faa8216-6346-4242-b136-6d1eb433fb2e', '2023-01-12', 649000.0, 2);
INSERT INTO motorbike_analytics (id, date, revenue, bookings_count) VALUES ('6ceb437e-1349-45f4-a60c-977dbb03f147', '2023-06-10', 708000.0, 1);
INSERT INTO motorbike_analytics (id, date, revenue, bookings_count) VALUES ('59011bc6-7b89-4156-9af7-e43cc2261227', '2023-05-06', 2301000.0, 2);
INSERT INTO motorbike_analytics (id, date, revenue, bookings_count) VALUES ('05acc4fb-60bd-45ce-b90f-c5028bec474b', '2023-05-19', 2478000.0, 2);
INSERT INTO motorbike_analytics (id, date, revenue, bookings_count) VALUES ('4b134b98-3852-4f1f-b31a-e5f91852bcdc', '2023-12-06', 991200.0, 1);
INSERT INTO motorbike_analytics (id, date, revenue, bookings_count) VALUES ('e7f65220-7c34-422b-a04c-af9c5858645d', '2023-03-29', 141600.0, 1);
INSERT INTO motorbike_analytics (id, date, revenue, bookings_count) VALUES ('42a87d24-fe82-463e-b269-287c142bbc17', '2023-09-05', 1239000.0, 2);
INSERT INTO motorbike_analytics (id, date, revenue, bookings_count) VALUES ('24889c06-ebde-4f80-8460-cf1a5ffbd9ef', '2024-05-11', 1652000.0, 1);
INSERT INTO motorbike_analytics (id, date, revenue, bookings_count) VALUES ('2248e7d8-0ba7-44fe-a923-c15e3482cdb8', '2023-04-02', 1274400.0, 1);
INSERT INTO motorbike_analytics (id, date, revenue, bookings_count) VALUES ('2754cd75-47a8-4888-9640-9e7c205a7ae2', '2024-05-03', 1062000.0, 1);
INSERT INTO motorbike_analytics (id, date, revenue, bookings_count) VALUES ('aec2bb30-44b9-4471-8b32-9af87114a2cd', '2023-07-09', 944000.0, 1);
INSERT INTO motorbike_analytics (id, date, revenue, bookings_count) VALUES ('e6a5d418-29bf-41d6-ae0e-ccbeb5eb32dc', '2023-03-22', 1699200.0, 2);
INSERT INTO motorbike_analytics (id, date, revenue, bookings_count) VALUES ('446d64ec-f4d8-400e-87c0-cfbb05103694', '2023-03-20', 1132800.0, 1);
INSERT INTO motorbike_analytics (id, date, revenue, bookings_count) VALUES ('55d218cc-878b-4b9b-a634-ab0286a552e6', '2023-10-23', 283200.0, 1);
INSERT INTO motorbike_analytics (id, date, revenue, bookings_count) VALUES ('0a50f815-80a2-44ca-83cd-054c4cdd22f0', '2023-10-22', 1416000.0, 1);
INSERT INTO motorbike_analytics (id, date, revenue, bookings_count) VALUES ('d2550c09-d121-409d-99dc-318a402cc34e', '2023-11-05', 283200.0, 1);
INSERT INTO motorbike_analytics (id, date, revenue, bookings_count) VALUES ('f5fb6fe9-09ab-4503-9d0e-097f1b064a1d', '2023-12-24', 708000.0, 1);
INSERT INTO motorbike_analytics (id, date, revenue, bookings_count) VALUES ('4b52df53-6deb-466b-83bd-b99ad0b14cdb', '2023-05-29', 1652000.0, 1);
INSERT INTO motorbike_analytics (id, date, revenue, bookings_count) VALUES ('0bcc6ee8-27d1-4add-aaab-69706ab17647', '2023-11-27', 708000.0, 1);
INSERT INTO motorbike_analytics (id, date, revenue, bookings_count) VALUES ('382c5f64-074e-4193-9edb-2cf50e747998', '2023-08-24', 1132800.0, 1);
INSERT INTO motorbike_analytics (id, date, revenue, bookings_count) VALUES ('041d982b-fa3d-4b63-b1a8-23b958eb984f', '2023-11-15', 944000.0, 1);
INSERT INTO motorbike_analytics (id, date, revenue, bookings_count) VALUES ('bc36cfa1-5e0f-423a-bfa7-eeecf68b2eb8', '2024-03-31', 1982400.0, 2);
INSERT INTO motorbike_analytics (id, date, revenue, bookings_count) VALUES ('c22d19fb-e3af-4b17-b2bc-d08fc34bcaee', '2024-03-21', 708000.0, 1);
INSERT INTO motorbike_analytics (id, date, revenue, bookings_count) VALUES ('41149e68-54ec-438f-9d63-645e14566985', '2024-03-15', 472000.0, 1);
INSERT INTO motorbike_analytics (id, date, revenue, bookings_count) VALUES ('e300e7fd-f45e-4363-8263-cb7a6724cf2a', '2023-03-07', 708000.0, 1);
INSERT INTO motorbike_analytics (id, date, revenue, bookings_count) VALUES ('9850b6df-f116-48e9-9bc1-de2f44f8beb8', '2024-03-30', 1239000.0, 1);
INSERT INTO motorbike_analytics (id, date, revenue, bookings_count) VALUES ('9b16fc09-c531-40e7-8980-d055f9482df7', '2023-08-07', 472000.0, 1);
INSERT INTO motorbike_analytics (id, date, revenue, bookings_count) VALUES ('5363522b-1106-4cd5-a260-36ee7c777a72', '2023-06-21', 1829000.0, 2);
INSERT INTO motorbike_analytics (id, date, revenue, bookings_count) VALUES ('48cf8d11-264e-4930-9335-07967d90dcf3', '2024-05-08', 1888000.0, 1);
INSERT INTO motorbike_analytics (id, date, revenue, bookings_count) VALUES ('25d334eb-54c4-4492-b6be-6d03d8e10270', '2023-06-01', 708000.0, 1);
INSERT INTO motorbike_analytics (id, date, revenue, bookings_count) VALUES ('5ca34e5b-7f8d-43fe-9902-4e038825b233', '2024-03-01', 283200.0, 1);
INSERT INTO motorbike_analytics (id, date, revenue, bookings_count) VALUES ('751bb0e4-f88c-4229-9db2-483030fe9308', '2024-02-10', 743400.0, 2);
INSERT INTO motorbike_analytics (id, date, revenue, bookings_count) VALUES ('416420e4-b0f5-476a-9d48-999d749a567e', '2023-05-21', 1274400.0, 1);
INSERT INTO motorbike_analytics (id, date, revenue, bookings_count) VALUES ('c5d41aca-d6d5-4c6d-be4a-28ee51012585', '2023-05-01', 1652000.0, 1);
INSERT INTO motorbike_analytics (id, date, revenue, bookings_count) VALUES ('c6c7c378-2a13-4de0-bf86-f7e676f60529', '2023-08-14', 236000.0, 1);
INSERT INTO motorbike_analytics (id, date, revenue, bookings_count) VALUES ('813b8dcf-5b2e-4258-87a1-5e05a65b5b17', '2024-01-29', 849600.0, 1);
INSERT INTO motorbike_analytics (id, date, revenue, bookings_count) VALUES ('5ace02f1-9d23-4d4a-85ba-97873016bab7', '2023-08-10', 1486800.0, 2);
INSERT INTO motorbike_analytics (id, date, revenue, bookings_count) VALUES ('89fc06af-571d-4ead-90ee-fcf1399d6bfc', '2023-10-29', 2301000.0, 2);
INSERT INTO motorbike_analytics (id, date, revenue, bookings_count) VALUES ('63c49bee-aac2-419b-bd8f-fe072af58907', '2023-11-25', 708000.0, 1);
INSERT INTO motorbike_analytics (id, date, revenue, bookings_count) VALUES ('da81ff29-c6c4-43e6-a777-c023b72e06fb', '2023-04-22', 1416000.0, 1);
INSERT INTO motorbike_analytics (id, date, revenue, bookings_count) VALUES ('dc81b55f-8ef3-486d-94e7-1ce5f779b833', '2023-06-12', 1557600.0, 2);
INSERT INTO motorbike_analytics (id, date, revenue, bookings_count) VALUES ('1d8bf962-1676-4f6b-b555-228356783599', '2023-10-12', 944000.0, 1);
INSERT INTO motorbike_analytics (id, date, revenue, bookings_count) VALUES ('1baeb959-6107-4855-a11b-d496534cb083', '2024-02-28', 708000.0, 1);
INSERT INTO motorbike_analytics (id, date, revenue, bookings_count) VALUES ('a7fa5b8b-e201-458a-91f9-f9ebcb40f68a', '2023-02-12', 1770000.0, 1);
INSERT INTO motorbike_analytics (id, date, revenue, bookings_count) VALUES ('6ae90c10-40f5-42cb-8dec-68f6f0cefb1a', '2023-01-20', 1132800.0, 1);
INSERT INTO motorbike_analytics (id, date, revenue, bookings_count) VALUES ('ba95a285-313b-44fd-b28c-08a373768bc5', '2023-06-04', 1416000.0, 1);
INSERT INTO motorbike_analytics (id, date, revenue, bookings_count) VALUES ('cbc0f23d-6647-43ad-8cc0-6e5fa5d8646c', '2023-10-03', 531000.0, 1);
INSERT INTO motorbike_analytics (id, date, revenue, bookings_count) VALUES ('dc0703d9-4db2-4df8-919a-d3d4ba3ff36d', '2023-01-13', 495600.0, 2);
INSERT INTO motorbike_analytics (id, date, revenue, bookings_count) VALUES ('b2cfee02-2181-42c2-bc13-6eed9fe847bc', '2023-11-28', 1416000.0, 1);
INSERT INTO motorbike_analytics (id, date, revenue, bookings_count) VALUES ('6f4025e6-b547-45e5-aac0-c1ab3e8bec7e', '2023-04-06', 354000.0, 1);
INSERT INTO motorbike_analytics (id, date, revenue, bookings_count) VALUES ('3e72ef53-7215-47fe-bb1f-65c7e47d8ead', '2023-09-22', 1888000.0, 1);
INSERT INTO motorbike_analytics (id, date, revenue, bookings_count) VALUES ('a7e8cce0-65f9-4735-896f-3c833b276980', '2023-08-30', 2360000.0, 1);
INSERT INTO motorbike_analytics (id, date, revenue, bookings_count) VALUES ('7ee8bc47-4ab2-4467-b1c5-74d1ab33f37e', '2024-01-24', 1132800.0, 1);
INSERT INTO motorbike_analytics (id, date, revenue, bookings_count) VALUES ('2c219318-df29-4134-b6e9-caaa36288322', '2023-02-10', 708000.0, 1);
INSERT INTO motorbike_analytics (id, date, revenue, bookings_count) VALUES ('dcc1ea1c-bdf6-424e-9974-0312d313902c', '2023-06-17', 1026600.0, 2);
INSERT INTO motorbike_analytics (id, date, revenue, bookings_count) VALUES ('f830da60-3cfd-406e-8c95-bdce86e132ac', '2024-02-02', 1132800.0, 1);
INSERT INTO motorbike_analytics (id, date, revenue, bookings_count) VALUES ('405a77ea-53ad-4e83-8d8e-f6c45cda7db8', '2023-01-21', 991200.0, 1);
INSERT INTO motorbike_analytics (id, date, revenue, bookings_count) VALUES ('43db32db-f489-4a9f-8682-b5ac3125d28a', '2023-01-27', 885000.0, 1);
INSERT INTO motorbike_analytics (id, date, revenue, bookings_count) VALUES ('edd4d2b2-cd00-4af6-a36b-b58b6f0f854b', '2023-10-02', 991200.0, 1);
INSERT INTO motorbike_analytics (id, date, revenue, bookings_count) VALUES ('f8e31fbd-c3d2-4d21-adf6-52ecb6eba555', '2024-02-07', 1557600.0, 2);
INSERT INTO motorbike_analytics (id, date, revenue, bookings_count) VALUES ('0c0696eb-5b6e-4e6b-9166-299a9f7a2284', '2023-03-12', 1274400.0, 1);
INSERT INTO motorbike_analytics (id, date, revenue, bookings_count) VALUES ('01aef110-f930-422f-9662-3b1011616491', '2023-11-18', 1132800.0, 1);
INSERT INTO motorbike_analytics (id, date, revenue, bookings_count) VALUES ('215dd5f1-9333-478a-86df-5a6d6f125fc8', '2023-06-16', 1180000.0, 1);
INSERT INTO motorbike_analytics (id, date, revenue, bookings_count) VALUES ('d6cad864-b614-433e-872d-f995ed45338d', '2023-06-22', 424800.0, 1);
INSERT INTO motorbike_analytics (id, date, revenue, bookings_count) VALUES ('b98f8bc1-15d8-4cd3-80a1-735b491e2e4d', '2024-01-22', 849600.0, 1);
INSERT INTO motorbike_analytics (id, date, revenue, bookings_count) VALUES ('0fb2eb69-f621-4e27-baa9-b6e71b3ded15', '2023-11-11', 1239000.0, 1);
INSERT INTO motorbike_analytics (id, date, revenue, bookings_count) VALUES ('42b21693-d4d3-437f-b3eb-c0d783b21811', '2023-11-19', 1239000.0, 1);
INSERT INTO motorbike_analytics (id, date, revenue, bookings_count) VALUES ('41257c25-a191-4307-9a3b-848ccdacd3dc', '2023-05-11', 849600.0, 1);
INSERT INTO motorbike_analytics (id, date, revenue, bookings_count) VALUES ('1ec5fed4-f402-4135-8391-8671e9a32e9a', '2023-07-04', 849600.0, 1);
INSERT INTO motorbike_analytics (id, date, revenue, bookings_count) VALUES ('4ee6698c-2f20-431a-a648-663d73438baf', '2024-03-02', 354000.0, 1);
INSERT INTO motorbike_analytics (id, date, revenue, bookings_count) VALUES ('7b46cec7-c814-4b7c-8613-8eb459b9b00d', '2023-03-16', 3186000.0, 3);
INSERT INTO motorbike_analytics (id, date, revenue, bookings_count) VALUES ('84e5a84b-3ac4-4b6a-87c9-e8244ca87710', '2023-02-14', 991200.0, 1);
INSERT INTO motorbike_analytics (id, date, revenue, bookings_count) VALUES ('6b96f2c6-5128-48cc-b2f5-1d9a4fb2aa3e', '2023-11-22', 283200.0, 1);
INSERT INTO motorbike_analytics (id, date, revenue, bookings_count) VALUES ('97584a44-b1dc-4f47-80b7-043836d0958f', '2024-03-23', 991200.0, 1);
INSERT INTO motorbike_analytics (id, date, revenue, bookings_count) VALUES ('03bc748d-7c9a-400e-9ddb-234638cc84e3', '2024-05-15', 1062000.0, 1);
INSERT INTO motorbike_analytics (id, date, revenue, bookings_count) VALUES ('39a4963c-f8bd-4b6c-a0b6-dced15b46fe4', '2024-05-05', 1593000.0, 1);
INSERT INTO motorbike_analytics (id, date, revenue, bookings_count) VALUES ('17c49813-5900-4431-9fa5-597012e5f42a', '2023-12-11', 236000.0, 1);
INSERT INTO motorbike_analytics (id, date, revenue, bookings_count) VALUES ('238be72c-eef9-4529-af11-618685ccaf12', '2023-02-27', 1593000.0, 1);
INSERT INTO motorbike_analytics (id, date, revenue, bookings_count) VALUES ('cdd3798e-cbd5-4887-bc7c-ead819cb10ff', '2023-03-08', 708000.0, 1);
INSERT INTO motorbike_analytics (id, date, revenue, bookings_count) VALUES ('fed42f76-5008-4197-8814-31b38aa185f1', '2023-07-12', 177000.0, 1);
INSERT INTO motorbike_analytics (id, date, revenue, bookings_count) VALUES ('6162ea4c-f94c-4035-bcf0-6754ab918b6f', '2023-08-04', 708000.0, 1);
INSERT INTO motorbike_analytics (id, date, revenue, bookings_count) VALUES ('8335d14f-6492-4cb9-b483-91180aabe49a', '2023-09-19', 1239000.0, 1);
INSERT INTO motorbike_analytics (id, date, revenue, bookings_count) VALUES ('8addbacc-f1d3-4f3a-a617-3f37aa6c02f2', '2024-05-02', 1274400.0, 1);
INSERT INTO motorbike_analytics (id, date, revenue, bookings_count) VALUES ('7bd6c4d6-1cad-409a-a137-837feb48602b', '2023-08-03', 708000.0, 1);
INSERT INTO motorbike_analytics (id, date, revenue, bookings_count) VALUES ('a3e213e1-37fa-4e9c-a091-67252d80bb64', '2024-02-14', 885000.0, 1);
INSERT INTO motorbike_analytics (id, date, revenue, bookings_count) VALUES ('fe126571-ad49-4cbc-ac74-33c018032700', '2023-09-12', 141600.0, 1);
INSERT INTO motorbike_analytics (id, date, revenue, bookings_count) VALUES ('0f9aa06e-db71-4b0d-8d8a-bfc5c5232be8', '2024-01-02', 708000.0, 1);
INSERT INTO motorbike_analytics (id, date, revenue, bookings_count) VALUES ('03a7812e-11d8-414f-a911-564aa61f069b', '2023-12-19', 236000.0, 1);
INSERT INTO motorbike_analytics (id, date, revenue, bookings_count) VALUES ('824573fc-5a1a-4c99-a3ec-342f84c65694', '2024-04-24', 944000.0, 1);
INSERT INTO motorbike_analytics (id, date, revenue, bookings_count) VALUES ('49dae3ac-4387-4f9e-b24d-fb70c83d7b73', '2024-06-01', 708000.0, 1);
INSERT INTO motorbike_analytics (id, date, revenue, bookings_count) VALUES ('c8945b7d-7715-4d5f-8796-47d870c3e58a', '2024-02-26', 1652000.0, 1);
INSERT INTO motorbike_analytics (id, date, revenue, bookings_count) VALUES ('a2797072-36c0-4644-b674-35d918ab06c3', '2024-04-01', 1274400.0, 1);
INSERT INTO motorbike_analytics (id, date, revenue, bookings_count) VALUES ('ab5e4215-c720-44e9-abe9-04a2f84b8f22', '2024-05-06', 566400.0, 1);
INSERT INTO motorbike_analytics (id, date, revenue, bookings_count) VALUES ('5a19161f-f75c-4353-855b-6d01c886fa6b', '2023-01-25', 708000.0, 1);
INSERT INTO motorbike_analytics (id, date, revenue, bookings_count) VALUES ('bfb2ba87-c26c-4b36-8094-42e388c64abe', '2024-04-16', 1593000.0, 1);
INSERT INTO motorbike_analytics (id, date, revenue, bookings_count) VALUES ('d45eb276-cdb4-49a5-8b25-d32af9976dc7', '2024-03-04', 944000.0, 1);
INSERT INTO motorbike_analytics (id, date, revenue, bookings_count) VALUES ('c8a68bde-d5f7-4f67-a8b9-26dee1005c6c', '2024-04-22', 2360000.0, 1);
INSERT INTO motorbike_analytics (id, date, revenue, bookings_count) VALUES ('184cdbe7-05e1-4adb-aaba-c9e8c47624a8', '2023-08-31', 424800.0, 1);
INSERT INTO motorbike_analytics (id, date, revenue, bookings_count) VALUES ('c7987cec-70cb-4b01-afca-142f518afe7f', '2023-04-15', 1888000.0, 1);
INSERT INTO motorbike_analytics (id, date, revenue, bookings_count) VALUES ('054bb15b-ad7a-497a-b26f-2dfcd12954a1', '2024-04-05', 141600.0, 1);
INSERT INTO motorbike_analytics (id, date, revenue, bookings_count) VALUES ('34a4c0fc-3742-413a-a440-e0bb04a9a335', '2024-01-09', 1132800.0, 1);
INSERT INTO car_analytics (id, date, revenue, bookings_count) VALUES ('e5d8caf3-0898-49aa-9f24-020a40e3bcc5', '2023-10-10', 1888000.0, 1);
INSERT INTO car_analytics (id, date, revenue, bookings_count) VALUES ('1c8a94e6-320b-4bdd-bcdf-b2648d168207', '2023-03-31', 16048000.0, 3);
INSERT INTO car_analytics (id, date, revenue, bookings_count) VALUES ('9a56d6b0-a6e6-4b31-b4d1-23eb2ee9626f', '2023-05-08', 9440000.0, 1);
INSERT INTO car_analytics (id, date, revenue, bookings_count) VALUES ('070d9371-e252-4a5a-89d9-ec2ee355b824', '2023-05-06', 18880000.0, 3);
INSERT INTO car_analytics (id, date, revenue, bookings_count) VALUES ('d2ecb97c-c980-42a1-b690-76523080ff5e', '2024-05-26', 13216000.0, 3);
INSERT INTO car_analytics (id, date, revenue, bookings_count) VALUES ('97c48b47-5347-4d66-a4c5-b14cff777e4d', '2023-04-24', 8496000.0, 1);
INSERT INTO car_analytics (id, date, revenue, bookings_count) VALUES ('6d47478e-0a18-428b-ac26-39a56fafbb22', '2024-05-19', 9440000.0, 3);
INSERT INTO car_analytics (id, date, revenue, bookings_count) VALUES ('d5fc9430-de71-47a2-a2d7-2b1fed762e44', '2023-11-06', 7552000.0, 1);
INSERT INTO car_analytics (id, date, revenue, bookings_count) VALUES ('100d14e4-3659-4238-8326-62f4d72caffb', '2023-03-22', 20768000.0, 3);
INSERT INTO car_analytics (id, date, revenue, bookings_count) VALUES ('e5b8265b-d7b1-431d-86cf-5f3d1d6635c7', '2023-01-15', 944000.0, 1);
INSERT INTO car_analytics (id, date, revenue, bookings_count) VALUES ('b7dcaafe-f5d0-4a03-a8bb-1fc599773369', '2023-01-06', 18880000.0, 3);
INSERT INTO car_analytics (id, date, revenue, bookings_count) VALUES ('2d7813ef-12e6-47f2-a5be-239d71568246', '2023-08-11', 9440000.0, 1);
INSERT INTO car_analytics (id, date, revenue, bookings_count) VALUES ('83963cf4-f90b-4352-a1c8-20deda70306f', '2023-05-24', 27376000.0, 4);
INSERT INTO car_analytics (id, date, revenue, bookings_count) VALUES ('e4cbf91d-1fa2-446f-9f16-02cb30eff7ac', '2023-02-02', 4720000.0, 1);
INSERT INTO car_analytics (id, date, revenue, bookings_count) VALUES ('0b897758-fe9e-4aa2-92d7-2869503e302d', '2023-04-18', 7552000.0, 2);
INSERT INTO car_analytics (id, date, revenue, bookings_count) VALUES ('df37882f-b7fc-431b-85d9-24ecde97959e', '2023-03-19', 10384000.0, 2);
INSERT INTO car_analytics (id, date, revenue, bookings_count) VALUES ('76ecf76b-a14b-4531-b69f-e9a5204afa7a', '2023-10-09', 7552000.0, 1);
INSERT INTO car_analytics (id, date, revenue, bookings_count) VALUES ('7a2df211-5a13-4ea3-9910-b1f7abb6483f', '2024-05-30', 8496000.0, 2);
INSERT INTO car_analytics (id, date, revenue, bookings_count) VALUES ('f78c751d-82e9-4d36-8709-2fa237cd839d', '2023-12-16', 7552000.0, 1);
INSERT INTO car_analytics (id, date, revenue, bookings_count) VALUES ('b947d98d-7b68-4163-9421-e30722674b38', '2023-11-05', 9440000.0, 1);
INSERT INTO car_analytics (id, date, revenue, bookings_count) VALUES ('af8a2138-f296-407a-8c1b-d917dd630b73', '2024-04-08', 17936000.0, 2);
INSERT INTO car_analytics (id, date, revenue, bookings_count) VALUES ('72348c8f-617d-4f23-9f2d-1d22afb0d51f', '2023-12-03', 7552000.0, 2);
INSERT INTO car_analytics (id, date, revenue, bookings_count) VALUES ('3faf16f5-1d82-47f9-b713-348df2493c69', '2023-04-01', 4720000.0, 1);
INSERT INTO car_analytics (id, date, revenue, bookings_count) VALUES ('bda6f70a-5487-460e-b1dc-047a5221aa76', '2023-05-28', 15104000.0, 2);
INSERT INTO car_analytics (id, date, revenue, bookings_count) VALUES ('7de33910-76b8-48a5-9c69-ac4d0e5ee686', '2024-05-11', 15104000.0, 2);
INSERT INTO car_analytics (id, date, revenue, bookings_count) VALUES ('0fe1a367-d051-4533-be79-b024baea62de', '2023-09-30', 17936000.0, 2);
INSERT INTO car_analytics (id, date, revenue, bookings_count) VALUES ('e2d89a43-edb6-401c-8e2a-f7fc6557d26c', '2023-11-27', 5664000.0, 1);
INSERT INTO car_analytics (id, date, revenue, bookings_count) VALUES ('564ec081-25ed-43e7-9436-a70eb92cda6b', '2023-09-01', 6608000.0, 2);
INSERT INTO car_analytics (id, date, revenue, bookings_count) VALUES ('a17f4ea2-0010-4116-ba40-e659cfb8c04e', '2024-04-12', 9440000.0, 2);
INSERT INTO car_analytics (id, date, revenue, bookings_count) VALUES ('c51f4dad-e279-4886-828b-b54fd3360ec6', '2023-05-15', 9440000.0, 1);
INSERT INTO car_analytics (id, date, revenue, bookings_count) VALUES ('56755228-0b92-4000-91d3-606d742d01a9', '2023-12-22', 25488000.0, 5);
INSERT INTO car_analytics (id, date, revenue, bookings_count) VALUES ('48fba32d-f89c-4896-8737-aad9f145e426', '2023-02-21', 5664000.0, 1);
INSERT INTO car_analytics (id, date, revenue, bookings_count) VALUES ('f8dd7ad6-6454-456a-92cc-28b47643364a', '2023-12-08', 9440000.0, 1);
INSERT INTO car_analytics (id, date, revenue, bookings_count) VALUES ('e7c95c29-0b1d-4d5c-9595-8c9694444af6', '2023-08-06', 1888000.0, 1);
INSERT INTO car_analytics (id, date, revenue, bookings_count) VALUES ('ebf5a77c-ce71-40a4-9551-ceac104902fb', '2023-07-21', 9440000.0, 3);
INSERT INTO car_analytics (id, date, revenue, bookings_count) VALUES ('125eccff-9b9b-4322-87e4-38137a28f263', '2023-03-17', 20768000.0, 3);
INSERT INTO car_analytics (id, date, revenue, bookings_count) VALUES ('a1424578-079b-4a2d-93e9-a70bcdfdc5d8', '2024-03-03', 7552000.0, 2);
INSERT INTO car_analytics (id, date, revenue, bookings_count) VALUES ('9fa79e75-f585-407c-bf0d-5ea47a26b6af', '2023-09-20', 16048000.0, 3);
INSERT INTO car_analytics (id, date, revenue, bookings_count) VALUES ('7ed2f833-3633-421d-b713-5085bb37b84d', '2023-01-28', 9440000.0, 1);
INSERT INTO car_analytics (id, date, revenue, bookings_count) VALUES ('73f8e9a0-1f8a-4e2b-ae8d-8d7b487d624c', '2023-02-11', 9440000.0, 2);
INSERT INTO car_analytics (id, date, revenue, bookings_count) VALUES ('b5a7eb28-f1aa-464b-b971-6809a130ff93', '2024-02-15', 9440000.0, 1);
INSERT INTO car_analytics (id, date, revenue, bookings_count) VALUES ('c6bcd51a-40d2-47d4-bc4a-4a63dd879289', '2023-09-19', 7552000.0, 1);
INSERT INTO car_analytics (id, date, revenue, bookings_count) VALUES ('482705da-516e-48e0-aec7-4d7ff30b192e', '2023-03-27', 4720000.0, 1);
INSERT INTO car_analytics (id, date, revenue, bookings_count) VALUES ('b1f4e103-81da-4c44-9d01-c80b89ad7d06', '2024-04-26', 14160000.0, 2);
INSERT INTO car_analytics (id, date, revenue, bookings_count) VALUES ('de82cd95-d6cf-40ea-afb1-a5b6e00ecf95', '2024-04-24', 4720000.0, 2);
INSERT INTO car_analytics (id, date, revenue, bookings_count) VALUES ('705ca434-3057-4eba-84b8-75ace9166caa', '2024-04-19', 8496000.0, 1);
INSERT INTO car_analytics (id, date, revenue, bookings_count) VALUES ('0c1b4983-8929-4ee7-aac1-252d9ee570ff', '2023-12-13', 13216000.0, 3);
INSERT INTO car_analytics (id, date, revenue, bookings_count) VALUES ('938869e4-29af-4248-b342-848c0fe5cead', '2023-05-29', 16992000.0, 3);
INSERT INTO car_analytics (id, date, revenue, bookings_count) VALUES ('f677f403-8d26-447c-92b7-bffa14c21aa9', '2023-10-25', 6608000.0, 1);
INSERT INTO car_analytics (id, date, revenue, bookings_count) VALUES ('4253ca36-1dd1-42a7-bcec-3b5c473361a5', '2024-05-27', 9440000.0, 1);
INSERT INTO car_analytics (id, date, revenue, bookings_count) VALUES ('3c4db13f-72bd-4482-af94-e6db376229cc', '2023-07-11', 8496000.0, 2);
INSERT INTO car_analytics (id, date, revenue, bookings_count) VALUES ('0b41dbf7-a726-4c98-a54d-13ea0737be2b', '2024-04-30', 8496000.0, 3);
INSERT INTO car_analytics (id, date, revenue, bookings_count) VALUES ('539e8268-b134-4417-b5c5-4e48c2a64294', '2023-08-24', 7552000.0, 1);
INSERT INTO car_analytics (id, date, revenue, bookings_count) VALUES ('7ce87b59-dfa1-42b0-9bf7-0fdbe48cef5f', '2024-03-16', 6608000.0, 1);
INSERT INTO car_analytics (id, date, revenue, bookings_count) VALUES ('282e35fd-4da5-4ec4-bccf-738611bc86be', '2024-02-24', 5664000.0, 3);
INSERT INTO car_analytics (id, date, revenue, bookings_count) VALUES ('1044d099-5ceb-4209-bef5-56476290ab37', '2023-01-08', 5664000.0, 1);
INSERT INTO car_analytics (id, date, revenue, bookings_count) VALUES ('bbe9bf3a-c145-4ae1-ba8b-804e9e4d97c4', '2024-01-07', 6608000.0, 2);
INSERT INTO car_analytics (id, date, revenue, bookings_count) VALUES ('f4ca5fef-0e44-4cfc-881e-9404af6aea4a', '2023-03-14', 5664000.0, 1);
INSERT INTO car_analytics (id, date, revenue, bookings_count) VALUES ('46b915e1-935e-4060-9fc0-954e3cb3d293', '2024-01-03', 18880000.0, 2);
INSERT INTO car_analytics (id, date, revenue, bookings_count) VALUES ('3749173a-d3d8-4272-8c77-f9d62eb674a4', '2023-04-30', 11328000.0, 2);
INSERT INTO car_analytics (id, date, revenue, bookings_count) VALUES ('eae0f8db-7c03-4a13-83ea-6113801de10c', '2023-03-11', 3776000.0, 2);
INSERT INTO car_analytics (id, date, revenue, bookings_count) VALUES ('182602cb-4b8e-449b-b594-c218e3f009a2', '2023-10-01', 1888000.0, 1);
INSERT INTO car_analytics (id, date, revenue, bookings_count) VALUES ('f82f5516-ca79-4e7c-baee-a7b1537eb3a8', '2024-05-04', 9440000.0, 1);
INSERT INTO car_analytics (id, date, revenue, bookings_count) VALUES ('25c06caa-7f87-4227-ba42-14b3119b6e6a', '2024-01-05', 8496000.0, 1);
INSERT INTO car_analytics (id, date, revenue, bookings_count) VALUES ('0d92e4e1-e8e0-4fa5-8b9d-c01d8cb6a083', '2024-01-19', 944000.0, 1);
INSERT INTO car_analytics (id, date, revenue, bookings_count) VALUES ('8b72d3af-c15f-4378-a2c4-9a90852cc5ca', '2023-06-29', 8496000.0, 1);
INSERT INTO car_analytics (id, date, revenue, bookings_count) VALUES ('8882c0c0-8f79-4d7d-bae1-1d399259a388', '2023-11-02', 17936000.0, 3);
INSERT INTO car_analytics (id, date, revenue, bookings_count) VALUES ('38ae369a-dc47-461a-b70f-47b3ea2a981e', '2023-07-14', 944000.0, 1);
INSERT INTO car_analytics (id, date, revenue, bookings_count) VALUES ('710c0223-6b4b-46c3-a9e8-fd3fae46266f', '2023-11-24', 14160000.0, 2);
INSERT INTO car_analytics (id, date, revenue, bookings_count) VALUES ('1079c393-3d91-4dba-beea-c70db76bcfdd', '2023-12-19', 8496000.0, 1);
INSERT INTO car_analytics (id, date, revenue, bookings_count) VALUES ('0e1ebc54-6814-4c72-bb3a-369559fccb07', '2023-11-12', 2832000.0, 1);
INSERT INTO car_analytics (id, date, revenue, bookings_count) VALUES ('d2d704a5-58f9-4f21-8e2b-d12a3421f75f', '2024-01-21', 4720000.0, 2);
INSERT INTO car_analytics (id, date, revenue, bookings_count) VALUES ('d1f15825-34b7-4bd1-b21e-ef6a39331fa0', '2024-02-26', 17936000.0, 3);
INSERT INTO car_analytics (id, date, revenue, bookings_count) VALUES ('07fd91db-a772-4074-92fa-6ba5eeff5936', '2024-01-24', 4720000.0, 1);
INSERT INTO car_analytics (id, date, revenue, bookings_count) VALUES ('c93cc6b7-c787-45a4-9e8a-5d068bb9d07a', '2023-10-18', 2832000.0, 1);
INSERT INTO car_analytics (id, date, revenue, bookings_count) VALUES ('5157c87c-a182-41f4-9783-1d8b090c726a', '2024-02-05', 9440000.0, 1);
INSERT INTO car_analytics (id, date, revenue, bookings_count) VALUES ('57246f4b-8f68-4d3d-be58-8fa551f1a4b4', '2023-08-18', 6608000.0, 1);
INSERT INTO car_analytics (id, date, revenue, bookings_count) VALUES ('61513686-5389-447f-b4e6-77a1d10a8115', '2023-09-15', 1888000.0, 1);
INSERT INTO car_analytics (id, date, revenue, bookings_count) VALUES ('be6f31a3-9b5d-4ad9-b07c-001f5abe46a1', '2024-05-20', 2832000.0, 1);
INSERT INTO car_analytics (id, date, revenue, bookings_count) VALUES ('01e59bf2-63a1-4ea1-97ca-e2d710079f2d', '2023-12-17', 6608000.0, 2);
INSERT INTO car_analytics (id, date, revenue, bookings_count) VALUES ('17d397ff-17fc-43d2-8d4e-f1c11f18a290', '2023-02-12', 16992000.0, 3);
INSERT INTO car_analytics (id, date, revenue, bookings_count) VALUES ('b30b928e-1b29-47ce-9f1e-308509465497', '2023-06-10', 16992000.0, 3);
INSERT INTO car_analytics (id, date, revenue, bookings_count) VALUES ('b4906514-435e-4e5b-b132-a443c0f6efc9', '2023-04-22', 9440000.0, 1);
INSERT INTO car_analytics (id, date, revenue, bookings_count) VALUES ('7a920583-9727-44d5-aede-a2eaeb3a8e39', '2023-11-30', 16048000.0, 4);
INSERT INTO car_analytics (id, date, revenue, bookings_count) VALUES ('e81a0559-a828-4a94-a91e-b69556dc5865', '2023-12-11', 10384000.0, 3);
INSERT INTO car_analytics (id, date, revenue, bookings_count) VALUES ('608e1e99-0caf-4571-ad2a-24963326424e', '2024-02-01', 9440000.0, 1);
INSERT INTO car_analytics (id, date, revenue, bookings_count) VALUES ('2f2b1367-424d-4f42-ae19-620cad9e1dd3', '2024-05-12', 944000.0, 1);
INSERT INTO car_analytics (id, date, revenue, bookings_count) VALUES ('5a986361-40fb-4f5c-b06f-e24ee3ec3c71', '2023-09-18', 5664000.0, 3);
INSERT INTO car_analytics (id, date, revenue, bookings_count) VALUES ('a3792918-5d0d-4e5d-b521-b5d9c21dfb0b', '2023-01-12', 3776000.0, 1);
INSERT INTO car_analytics (id, date, revenue, bookings_count) VALUES ('77cb8c9a-6f28-4af8-95d0-58079673b8b0', '2023-06-16', 4720000.0, 1);
INSERT INTO car_analytics (id, date, revenue, bookings_count) VALUES ('b84d728a-3bb1-43a8-b534-cd603d2b8e80', '2023-11-15', 2832000.0, 1);
INSERT INTO car_analytics (id, date, revenue, bookings_count) VALUES ('8eb03f26-ab3a-4814-aee8-e1c90e868f38', '2023-01-29', 1888000.0, 2);
INSERT INTO car_analytics (id, date, revenue, bookings_count) VALUES ('ec9d44a2-4acf-4652-9322-b35f3946f8b4', '2023-09-06', 8496000.0, 1);
INSERT INTO car_analytics (id, date, revenue, bookings_count) VALUES ('e2cb55a5-7823-4d64-a6ed-4cfeff523b76', '2023-07-13', 7552000.0, 1);
INSERT INTO car_analytics (id, date, revenue, bookings_count) VALUES ('a8eafd25-55a1-48be-bbfc-3a4e006525ec', '2023-06-26', 7552000.0, 1);
INSERT INTO car_analytics (id, date, revenue, bookings_count) VALUES ('a7f00fa6-d456-426e-9a90-9bcd9e745f55', '2023-08-10', 2832000.0, 1);
INSERT INTO car_analytics (id, date, revenue, bookings_count) VALUES ('a7225f51-8adf-4b23-a446-2895486c4153', '2023-02-13', 14160000.0, 2);
INSERT INTO car_analytics (id, date, revenue, bookings_count) VALUES ('cc71d33e-5b21-4365-82e5-99d80a33fec2', '2023-06-17', 1888000.0, 1);
INSERT INTO car_analytics (id, date, revenue, bookings_count) VALUES ('ff8bbff5-f550-481d-8252-84471a9d6f53', '2023-08-19', 12272000.0, 2);
INSERT INTO car_analytics (id, date, revenue, bookings_count) VALUES ('00941158-2ec6-49be-8560-91b1913ec8a7', '2023-02-20', 16048000.0, 2);
INSERT INTO car_analytics (id, date, revenue, bookings_count) VALUES ('69323286-ed82-4f37-879e-a2a06ca039be', '2023-10-27', 8496000.0, 1);
INSERT INTO car_analytics (id, date, revenue, bookings_count) VALUES ('c8b78194-e703-4152-9905-58f0b1d24a91', '2023-06-18', 9440000.0, 1);
INSERT INTO car_analytics (id, date, revenue, bookings_count) VALUES ('ed7d64a3-2af2-4d46-b3ae-d84ad8b85a79', '2023-07-03', 4720000.0, 2);
INSERT INTO car_analytics (id, date, revenue, bookings_count) VALUES ('ca61fb41-b772-48d2-bf33-21326d92daa9', '2023-03-02', 12272000.0, 2);
INSERT INTO car_analytics (id, date, revenue, bookings_count) VALUES ('5b950faa-0b66-447d-b826-f19b7a9f63cb', '2023-06-12', 10384000.0, 2);
INSERT INTO car_analytics (id, date, revenue, bookings_count) VALUES ('f5580ea6-8513-44a3-907a-71d51555c2a7', '2023-11-04', 8496000.0, 2);
INSERT INTO car_analytics (id, date, revenue, bookings_count) VALUES ('a932af7e-22de-4d45-b41e-41aaa1814996', '2024-04-02', 5664000.0, 1);
INSERT INTO car_analytics (id, date, revenue, bookings_count) VALUES ('a48f306e-d667-41dc-8903-2033592a57df', '2023-01-31', 13216000.0, 2);
INSERT INTO car_analytics (id, date, revenue, bookings_count) VALUES ('3c79b901-e916-4db5-a0f9-d3c62bdd1fde', '2023-11-18', 4720000.0, 1);
INSERT INTO car_analytics (id, date, revenue, bookings_count) VALUES ('f3fe6a5d-f432-4bce-9b81-70830d955106', '2024-03-30', 19824000.0, 3);
INSERT INTO car_analytics (id, date, revenue, bookings_count) VALUES ('2c60f5da-53df-4af4-a957-b7f8ae5ac989', '2023-08-29', 8496000.0, 1);
INSERT INTO car_analytics (id, date, revenue, bookings_count) VALUES ('bcfabcbe-7221-4801-81e1-e39d5ad77fbb', '2024-04-14', 6608000.0, 1);
INSERT INTO car_analytics (id, date, revenue, bookings_count) VALUES ('2142dd6b-8054-428f-ae4d-9e01abc8ebe5', '2023-04-03', 8496000.0, 2);
INSERT INTO car_analytics (id, date, revenue, bookings_count) VALUES ('353e70c4-c1e9-4d83-8eb2-ebb10648be2e', '2023-06-01', 7552000.0, 1);
INSERT INTO car_analytics (id, date, revenue, bookings_count) VALUES ('cc643bb8-02be-4fbc-9563-1b10914feaef', '2024-04-10', 4720000.0, 1);
INSERT INTO car_analytics (id, date, revenue, bookings_count) VALUES ('421dca3a-68a1-44f9-a53d-324ff4e3d1f9', '2024-01-08', 4720000.0, 1);
INSERT INTO car_analytics (id, date, revenue, bookings_count) VALUES ('0a81a7d4-6dff-4a90-be7b-c1a1414e4f80', '2023-10-22', 7552000.0, 2);
INSERT INTO car_analytics (id, date, revenue, bookings_count) VALUES ('12e1cf08-efd9-4102-a5db-f2712f3acca6', '2023-02-07', 17936000.0, 2);
INSERT INTO car_analytics (id, date, revenue, bookings_count) VALUES ('c069ae10-7286-4ffe-979b-8f1f99da57b5', '2023-12-31', 2832000.0, 1);
INSERT INTO car_analytics (id, date, revenue, bookings_count) VALUES ('58b0e550-3dd9-4bd8-84f6-7e593a175eb3', '2023-02-08', 10384000.0, 2);
INSERT INTO car_analytics (id, date, revenue, bookings_count) VALUES ('abab956e-3474-46a7-b62c-925107deb3b8', '2023-08-14', 8496000.0, 1);
INSERT INTO car_analytics (id, date, revenue, bookings_count) VALUES ('f3839e51-88c5-408c-90aa-499f81c9f9a4', '2023-09-08', 25488000.0, 3);
INSERT INTO car_analytics (id, date, revenue, bookings_count) VALUES ('81c47c25-1391-4675-9c83-23bb999819e4', '2023-04-14', 5664000.0, 1);
INSERT INTO car_analytics (id, date, revenue, bookings_count) VALUES ('4f75fda7-b537-48cb-8840-aa4c559d7b9e', '2023-07-04', 3776000.0, 1);
INSERT INTO car_analytics (id, date, revenue, bookings_count) VALUES ('6f7dce55-4898-4157-964e-0e3cfde12204', '2024-03-24', 2832000.0, 1);
INSERT INTO car_analytics (id, date, revenue, bookings_count) VALUES ('9bfe7bda-a7fd-4743-8fda-d9ad4b8635db', '2024-01-14', 6608000.0, 1);
INSERT INTO car_analytics (id, date, revenue, bookings_count) VALUES ('a1aecaa6-aa8d-45a7-bc7e-3176c54426ef', '2023-06-08', 1888000.0, 1);
INSERT INTO car_analytics (id, date, revenue, bookings_count) VALUES ('87256eca-d80e-4744-908f-a91597696e51', '2023-10-30', 8496000.0, 1);
INSERT INTO car_analytics (id, date, revenue, bookings_count) VALUES ('1273eeda-a5bd-4788-bc56-2d31d81032f8', '2024-05-22', 944000.0, 1);
INSERT INTO car_analytics (id, date, revenue, bookings_count) VALUES ('d28cfda7-650d-4ddf-b8fe-f00100f8bc04', '2023-09-27', 6608000.0, 2);
INSERT INTO car_analytics (id, date, revenue, bookings_count) VALUES ('ca068618-0329-45e2-9988-91a9f8f2f289', '2024-02-11', 2832000.0, 1);
INSERT INTO car_analytics (id, date, revenue, bookings_count) VALUES ('2622263c-b620-4d6a-b89b-5ef642fdcf4a', '2023-04-17', 20768000.0, 3);
INSERT INTO car_analytics (id, date, revenue, bookings_count) VALUES ('8720dff1-9a02-45b9-a30b-a71e0fc854be', '2024-03-26', 1888000.0, 1);
INSERT INTO car_analytics (id, date, revenue, bookings_count) VALUES ('f0872674-138c-4a0d-9975-08384099564e', '2024-06-01', 3776000.0, 1);
INSERT INTO car_analytics (id, date, revenue, bookings_count) VALUES ('428e2eac-ec48-4014-9a74-e3ae3f94c770', '2024-02-02', 9440000.0, 2);
INSERT INTO car_analytics (id, date, revenue, bookings_count) VALUES ('6188ad5d-6f89-4503-92da-2f6644ec4fe6', '2023-12-12', 8496000.0, 1);
INSERT INTO car_analytics (id, date, revenue, bookings_count) VALUES ('d078a5b9-e0e8-47cd-803e-127f585b6a23', '2023-08-17', 10384000.0, 2);
INSERT INTO car_analytics (id, date, revenue, bookings_count) VALUES ('d1b0da97-aa91-458c-97a3-ad2d37b3f7de', '2023-07-31', 16048000.0, 2);
INSERT INTO car_analytics (id, date, revenue, bookings_count) VALUES ('198aefb5-3245-4d4e-99f4-6dc4a3a6071a', '2023-06-22', 9440000.0, 2);
INSERT INTO car_analytics (id, date, revenue, bookings_count) VALUES ('3fdba00b-4c4a-4b61-9775-a8f480bec59c', '2023-06-27', 5664000.0, 1);
INSERT INTO car_analytics (id, date, revenue, bookings_count) VALUES ('7e945bd6-fed2-4272-83dc-e769c3877c53', '2023-10-23', 5664000.0, 2);
INSERT INTO car_analytics (id, date, revenue, bookings_count) VALUES ('9c87104e-957e-4aa9-8356-2e459b610471', '2024-02-28', 18880000.0, 2);
INSERT INTO car_analytics (id, date, revenue, bookings_count) VALUES ('9d0cd310-707a-4fab-8dce-db7c9ececb23', '2023-08-25', 2832000.0, 1);
INSERT INTO car_analytics (id, date, revenue, bookings_count) VALUES ('f8f5d307-14f5-4d1e-86f1-25743a763b9d', '2024-04-16', 16992000.0, 3);
INSERT INTO car_analytics (id, date, revenue, bookings_count) VALUES ('a005b96c-1395-4cb7-85d0-69156c6491cb', '2023-07-10', 6608000.0, 1);
INSERT INTO car_analytics (id, date, revenue, bookings_count) VALUES ('85539ac0-b366-4a3e-ab86-ddfe03163238', '2023-06-07', 9440000.0, 1);
INSERT INTO car_analytics (id, date, revenue, bookings_count) VALUES ('913b25b1-7c78-4901-8c40-65865b122488', '2024-03-09', 944000.0, 1);
INSERT INTO car_analytics (id, date, revenue, bookings_count) VALUES ('c5d7bbd6-9eac-4e43-b436-655b06e8e92e', '2023-08-02', 8496000.0, 1);
INSERT INTO car_analytics (id, date, revenue, bookings_count) VALUES ('9ab75d46-54d6-4c49-8841-fab258d668c8', '2023-11-26', 7552000.0, 1);
INSERT INTO car_analytics (id, date, revenue, bookings_count) VALUES ('bb4928d0-9594-4829-8f42-4fe07934c19a', '2024-02-04', 10384000.0, 2);
INSERT INTO car_analytics (id, date, revenue, bookings_count) VALUES ('81a34229-0a8d-496d-a54c-8e4a2054b8e4', '2023-11-08', 8496000.0, 2);
INSERT INTO car_analytics (id, date, revenue, bookings_count) VALUES ('01f15700-300b-4354-b865-87856f8ebf95', '2023-09-22', 9440000.0, 1);
INSERT INTO car_analytics (id, date, revenue, bookings_count) VALUES ('6e319f2c-9c33-4ca4-a0d0-908a37c57912', '2023-04-27', 11328000.0, 2);
INSERT INTO car_analytics (id, date, revenue, bookings_count) VALUES ('5925be34-a331-4bad-87d6-c68de88ed710', '2023-08-16', 7552000.0, 1);
INSERT INTO car_analytics (id, date, revenue, bookings_count) VALUES ('5bffcbc2-c1c1-47ab-9a91-f5fe6928eb3b', '2023-04-16', 4720000.0, 1);
INSERT INTO car_analytics (id, date, revenue, bookings_count) VALUES ('d8db880a-c710-4dad-918e-9a4a40f7f250', '2023-03-25', 6608000.0, 1);
INSERT INTO car_analytics (id, date, revenue, bookings_count) VALUES ('fbe32fda-46e5-4f48-b2f9-b7f23c88e239', '2023-09-09', 9440000.0, 1);
INSERT INTO car_analytics (id, date, revenue, bookings_count) VALUES ('f96ae2d1-6228-419b-84d3-ade6d9f1d603', '2023-01-24', 5664000.0, 1);
INSERT INTO car_analytics (id, date, revenue, bookings_count) VALUES ('d5c3863a-60df-47da-859e-67c3d9740748', '2023-07-27', 9440000.0, 2);
INSERT INTO car_analytics (id, date, revenue, bookings_count) VALUES ('98df7100-b64b-4bfc-8e14-05544a04152a', '2023-08-08', 1888000.0, 1);
INSERT INTO car_analytics (id, date, revenue, bookings_count) VALUES ('9ac13b3f-be14-4d5b-9f79-86b89bc97d9b', '2023-10-26', 12272000.0, 3);
INSERT INTO car_analytics (id, date, revenue, bookings_count) VALUES ('298afd80-db43-468e-a0de-97db8ae29cb4', '2024-04-25', 2832000.0, 1);
INSERT INTO car_analytics (id, date, revenue, bookings_count) VALUES ('2cfa7204-c9fc-423e-a77b-2c091130cd21', '2023-12-30', 3776000.0, 1);
INSERT INTO car_analytics (id, date, revenue, bookings_count) VALUES ('86d4d54e-6a54-491d-b58b-409916007673', '2024-03-25', 4720000.0, 2);
INSERT INTO car_analytics (id, date, revenue, bookings_count) VALUES ('de5bd342-b37c-497c-90a0-a87ba4dfceb5', '2024-02-29', 9440000.0, 1);
INSERT INTO car_analytics (id, date, revenue, bookings_count) VALUES ('093b1eed-6af9-48df-8620-a09e6408daa7', '2023-10-12', 9440000.0, 1);
INSERT INTO car_analytics (id, date, revenue, bookings_count) VALUES ('ae4fde5a-89fe-4050-a004-6bd3355f6da5', '2023-05-13', 16992000.0, 3);
INSERT INTO car_analytics (id, date, revenue, bookings_count) VALUES ('346a9866-465d-47d5-88b0-0d90ef0b4bec', '2024-04-01', 5664000.0, 2);
INSERT INTO car_analytics (id, date, revenue, bookings_count) VALUES ('17576b48-3357-4c4c-b579-96c266b98391', '2023-04-11', 3776000.0, 1);
INSERT INTO car_analytics (id, date, revenue, bookings_count) VALUES ('ee4bdb55-f7b3-47eb-9998-66280103f0f4', '2024-03-18', 4720000.0, 1);
INSERT INTO car_analytics (id, date, revenue, bookings_count) VALUES ('c106f2b3-ae6c-49e1-894c-abb730f5366f', '2023-08-03', 18880000.0, 2);
INSERT INTO car_analytics (id, date, revenue, bookings_count) VALUES ('79432493-5089-47e6-be9a-5b32a6389d9e', '2024-05-09', 5664000.0, 1);
INSERT INTO car_analytics (id, date, revenue, bookings_count) VALUES ('a848f761-66c3-408b-95ba-c52af7a5533a', '2023-05-04', 1888000.0, 1);
INSERT INTO car_analytics (id, date, revenue, bookings_count) VALUES ('fc509610-8934-490d-b7b1-6326e2cb2b23', '2023-04-26', 1888000.0, 1);
INSERT INTO car_analytics (id, date, revenue, bookings_count) VALUES ('5cfddbe2-3564-4d75-94e9-81a3730405b5', '2024-05-13', 9440000.0, 1);
INSERT INTO car_analytics (id, date, revenue, bookings_count) VALUES ('810dd159-efb6-433f-8c89-1977936076dc', '2024-02-13', 6608000.0, 2);
INSERT INTO car_analytics (id, date, revenue, bookings_count) VALUES ('6bd84c94-930a-42fa-8373-fd27a0cb221e', '2023-08-31', 944000.0, 1);
INSERT INTO car_analytics (id, date, revenue, bookings_count) VALUES ('74def012-eaa7-48e8-aa2c-6d7ceb270b66', '2023-04-25', 2832000.0, 1);
INSERT INTO car_analytics (id, date, revenue, bookings_count) VALUES ('1192b40b-9cfc-486f-87b3-223e5935765c', '2023-06-06', 13216000.0, 2);
INSERT INTO car_analytics (id, date, revenue, bookings_count) VALUES ('32c2a546-b8f2-4ccc-b09e-85f0d471d877', '2023-05-11', 6608000.0, 1);
INSERT INTO car_analytics (id, date, revenue, bookings_count) VALUES ('ed05493e-a4e1-4a5e-bee2-4c18954c54b7', '2023-09-02', 7552000.0, 1);
INSERT INTO car_analytics (id, date, revenue, bookings_count) VALUES ('a6e933bf-ea07-41d0-93b6-5dc74ee015ac', '2024-02-10', 8496000.0, 1);
INSERT INTO car_analytics (id, date, revenue, bookings_count) VALUES ('cdb8fee5-96df-451e-be2f-4ac1ce00d756', '2024-03-05', 3776000.0, 1);
INSERT INTO car_analytics (id, date, revenue, bookings_count) VALUES ('f5e48321-4e5b-40ad-973f-51e50b68414f', '2023-04-09', 5664000.0, 1);
INSERT INTO car_analytics (id, date, revenue, bookings_count) VALUES ('68961c15-cbbc-44b2-afa9-5f2597bfe5a9', '2023-02-09', 944000.0, 1);
INSERT INTO car_analytics (id, date, revenue, bookings_count) VALUES ('11c44637-dff6-48f8-ae7b-d65ac123c809', '2023-07-05', 944000.0, 1);
INSERT INTO car_analytics (id, date, revenue, bookings_count) VALUES ('b0c93b4a-7288-404a-ae35-7ca18e3d232d', '2023-07-30', 944000.0, 1);
INSERT INTO car_analytics (id, date, revenue, bookings_count) VALUES ('225cab68-de4e-4354-be33-5548ceb15596', '2023-03-12', 6608000.0, 1);
INSERT INTO car_analytics (id, date, revenue, bookings_count) VALUES ('6b5bb114-c060-4e6f-8c33-634fffebc934', '2023-03-29', 8496000.0, 1);
INSERT INTO car_analytics (id, date, revenue, bookings_count) VALUES ('869b696f-d9de-4d4b-8b8e-36f7b0c99675', '2023-06-04', 9440000.0, 1);
INSERT INTO car_analytics (id, date, revenue, bookings_count) VALUES ('15a46d77-2f3e-4650-adfa-aedb8d5ed352', '2024-03-21', 15104000.0, 2);
INSERT INTO car_analytics (id, date, revenue, bookings_count) VALUES ('404e2cde-269f-4471-a3e2-26a0c4029d0a', '2024-04-23', 5664000.0, 2);
INSERT INTO car_analytics (id, date, revenue, bookings_count) VALUES ('8247c422-ad2b-4432-8928-20cd406f0d8d', '2023-09-13', 5664000.0, 1);
INSERT INTO car_analytics (id, date, revenue, bookings_count) VALUES ('950f8e6c-8ac1-4d42-965a-96ca60a7bf23', '2023-01-20', 2832000.0, 1);
INSERT INTO car_analytics (id, date, revenue, bookings_count) VALUES ('644f2fc4-8bff-4868-b8be-9eaca3bccf3e', '2024-03-19', 4720000.0, 1);
INSERT INTO car_analytics (id, date, revenue, bookings_count) VALUES ('56418425-29a9-4456-88ec-da3fbbb7584c', '2023-12-14', 14160000.0, 2);
INSERT INTO car_analytics (id, date, revenue, bookings_count) VALUES ('9406a499-762b-477f-a040-142cb18a0c6a', '2024-01-23', 10384000.0, 2);
INSERT INTO car_analytics (id, date, revenue, bookings_count) VALUES ('cb40acc8-a408-4a60-9286-40a10597d18c', '2024-04-03', 5664000.0, 1);
INSERT INTO car_analytics (id, date, revenue, bookings_count) VALUES ('36a7a77b-a682-4c88-90c5-8b7ae1c4b968', '2024-03-17', 8496000.0, 1);
INSERT INTO car_analytics (id, date, revenue, bookings_count) VALUES ('97c24cf6-2e4e-4bb1-aaa9-7b9cfa05bbdf', '2024-01-11', 2832000.0, 1);
INSERT INTO car_analytics (id, date, revenue, bookings_count) VALUES ('82ff48ce-b6fd-495a-9a61-6ddcdc925aa3', '2023-01-30', 6608000.0, 1);
INSERT INTO car_analytics (id, date, revenue, bookings_count) VALUES ('e88b3b5c-9572-4e70-a77f-4d1769cd600a', '2024-03-06', 5664000.0, 1);
INSERT INTO car_analytics (id, date, revenue, bookings_count) VALUES ('a95fa45b-f1a2-4111-a3bd-ec05a78ad734', '2023-11-14', 5664000.0, 2);
INSERT INTO car_analytics (id, date, revenue, bookings_count) VALUES ('8620a7a0-20f8-4d26-8c69-621b5d48cbb2', '2024-04-22', 8496000.0, 1);
INSERT INTO car_analytics (id, date, revenue, bookings_count) VALUES ('08251c10-e589-4937-8819-15eee6f34680', '2023-03-05', 4720000.0, 1);
INSERT INTO car_analytics (id, date, revenue, bookings_count) VALUES ('cb855396-d1ca-463c-829a-0bfa80284239', '2023-02-03', 3776000.0, 1);
INSERT INTO car_analytics (id, date, revenue, bookings_count) VALUES ('f6ba26af-1341-42a7-84ca-8eb4e35ec92b', '2024-01-28', 4720000.0, 1);
INSERT INTO car_analytics (id, date, revenue, bookings_count) VALUES ('56568cab-f0bc-4833-ba1f-00483b793fd7', '2023-10-06', 944000.0, 1);
INSERT INTO car_analytics (id, date, revenue, bookings_count) VALUES ('ba44ddf6-04c0-4361-add2-1b35d5ff2d05', '2023-12-20', 944000.0, 1);
INSERT INTO car_analytics (id, date, revenue, bookings_count) VALUES ('2113fa71-8e95-41d6-83c1-d55f06589439', '2023-05-16', 3776000.0, 1);
INSERT INTO car_analytics (id, date, revenue, bookings_count) VALUES ('1432a951-0cdc-4e4b-b335-2a22494eead0', '2023-12-26', 2832000.0, 1);
INSERT INTO car_analytics (id, date, revenue, bookings_count) VALUES ('7467e725-ec53-4108-80ed-2590d47bc64f', '2023-01-18', 1888000.0, 1);
INSERT INTO car_analytics (id, date, revenue, bookings_count) VALUES ('32d8670c-4bfc-46ae-bcb6-dc024e1c4fdf', '2023-08-26', 5664000.0, 2);
INSERT INTO car_analytics (id, date, revenue, bookings_count) VALUES ('d2bb822c-6e0f-45ee-8213-d88b9add1981', '2023-11-16', 4720000.0, 1);
INSERT INTO car_analytics (id, date, revenue, bookings_count) VALUES ('a1b50a8e-a271-45b1-930a-4a8f958f1cd6', '2024-01-18', 3776000.0, 1);
INSERT INTO car_analytics (id, date, revenue, bookings_count) VALUES ('af1c0870-85dc-4cce-a817-823176d7e15e', '2023-01-27', 6608000.0, 1);
INSERT INTO car_analytics (id, date, revenue, bookings_count) VALUES ('84310b8c-f2f8-47eb-bf41-17c3f2638122', '2024-05-24', 8496000.0, 2);
INSERT INTO car_analytics (id, date, revenue, bookings_count) VALUES ('f83d9a6f-459f-43b4-a1bf-d74fc5987fc6', '2023-11-22', 2832000.0, 1);
INSERT INTO car_analytics (id, date, revenue, bookings_count) VALUES ('7972a79d-67a6-4404-9670-df88598a3b20', '2023-11-01', 10384000.0, 2);
INSERT INTO car_analytics (id, date, revenue, bookings_count) VALUES ('8f5ded30-84ab-4624-a9fa-51d467176349', '2023-08-04', 7552000.0, 1);
INSERT INTO car_analytics (id, date, revenue, bookings_count) VALUES ('1e6617ee-f817-4668-b33e-e8d46be4244f', '2023-12-09', 2832000.0, 1);
INSERT INTO car_analytics (id, date, revenue, bookings_count) VALUES ('e813849d-3630-4221-bf69-410d92588810', '2023-04-29', 5664000.0, 2);
INSERT INTO car_analytics (id, date, revenue, bookings_count) VALUES ('5bdca56d-bdce-416e-8dcc-e3c6b8b73b5c', '2024-01-04', 1888000.0, 1);
INSERT INTO car_analytics (id, date, revenue, bookings_count) VALUES ('92622caa-f41d-45bf-927e-fdfb3963b226', '2023-05-30', 1888000.0, 1);
INSERT INTO car_analytics (id, date, revenue, bookings_count) VALUES ('199b8d05-1e66-428a-9ba7-da09b28509c3', '2023-10-11', 1888000.0, 1);
INSERT INTO car_analytics (id, date, revenue, bookings_count) VALUES ('54ae65f6-8c0e-40fe-bd48-24e7b8bcf91c', '2023-02-28', 9440000.0, 1);
INSERT INTO car_analytics (id, date, revenue, bookings_count) VALUES ('e007c3c1-b07f-4896-80d5-6d9d3440c638', '2023-11-28', 7552000.0, 1);
INSERT INTO car_analytics (id, date, revenue, bookings_count) VALUES ('2b878268-e4b3-4625-b634-33df0b4acd1d', '2023-03-03', 8496000.0, 1);
INSERT INTO car_analytics (id, date, revenue, bookings_count) VALUES ('cefa4530-1574-4ffb-b162-6fb9542e6e79', '2023-10-05', 14160000.0, 2);
INSERT INTO car_analytics (id, date, revenue, bookings_count) VALUES ('8df2785f-fd5a-46ee-9e7c-c6df47701656', '2024-05-03', 5664000.0, 1);
INSERT INTO car_analytics (id, date, revenue, bookings_count) VALUES ('dea33a15-ce73-4260-9573-bf4c2833d466', '2023-07-01', 6608000.0, 1);
INSERT INTO car_analytics (id, date, revenue, bookings_count) VALUES ('d44ee3c6-1d33-4281-bc4b-199d029a455a', '2023-09-14', 18880000.0, 3);
INSERT INTO car_analytics (id, date, revenue, bookings_count) VALUES ('c5146aa0-581b-4892-8967-35d4f9c86730', '2023-04-19', 5664000.0, 1);
INSERT INTO car_analytics (id, date, revenue, bookings_count) VALUES ('2468d93f-7fe1-4aac-8d2d-4d297f0d660f', '2024-03-01', 4720000.0, 1);
INSERT INTO car_analytics (id, date, revenue, bookings_count) VALUES ('0b1e241b-821f-44a0-8b20-4740dfffe8a9', '2023-12-25', 6608000.0, 2);
INSERT INTO car_analytics (id, date, revenue, bookings_count) VALUES ('0952fb12-87da-44f6-8395-ba2a27b0979d', '2023-12-05', 6608000.0, 1);
INSERT INTO car_analytics (id, date, revenue, bookings_count) VALUES ('b2276c06-aecf-4f87-aa52-defab0a68b60', '2024-02-06', 4720000.0, 1);
INSERT INTO car_analytics (id, date, revenue, bookings_count) VALUES ('5c2c690b-0dd2-473e-be58-8944f8361fdc', '2023-06-30', 6608000.0, 1);
INSERT INTO car_analytics (id, date, revenue, bookings_count) VALUES ('b7ac81f4-858c-4f29-878b-49543d9acd0b', '2023-07-07', 1888000.0, 1);
INSERT INTO car_analytics (id, date, revenue, bookings_count) VALUES ('893645aa-5ceb-4e7a-8878-a5884380f8a2', '2024-04-13', 10384000.0, 2);
INSERT INTO car_analytics (id, date, revenue, bookings_count) VALUES ('47300b27-af69-47e3-9b0b-b12cec731dc7', '2024-02-25', 8496000.0, 2);
INSERT INTO car_analytics (id, date, revenue, bookings_count) VALUES ('0700877a-1f51-47c9-a736-b7c59344bab0', '2023-09-12', 8496000.0, 1);
INSERT INTO car_analytics (id, date, revenue, bookings_count) VALUES ('17852756-8072-490a-91ff-d8557d0d3bed', '2023-12-24', 2832000.0, 1);
INSERT INTO car_analytics (id, date, revenue, bookings_count) VALUES ('3fb70da5-4e6a-45c4-9618-176504ac97c1', '2023-03-18', 944000.0, 1);
INSERT INTO car_analytics (id, date, revenue, bookings_count) VALUES ('aae1825f-b739-4169-b3e0-3374220f885f', '2023-04-02', 8496000.0, 2);
INSERT INTO car_analytics (id, date, revenue, bookings_count) VALUES ('15883fd7-4767-4bc1-acb5-98555f54b844', '2024-04-15', 6608000.0, 1);
INSERT INTO car_analytics (id, date, revenue, bookings_count) VALUES ('58027f25-8418-4a9f-be0b-016a8bb66b47', '2023-12-23', 7552000.0, 1);
INSERT INTO car_analytics (id, date, revenue, bookings_count) VALUES ('97e46f2a-6c1c-422b-8194-55e3394c15a7', '2023-09-25', 944000.0, 1);
INSERT INTO car_analytics (id, date, revenue, bookings_count) VALUES ('466d383d-1e70-4a96-84a8-3d578da84bb3', '2023-01-05', 6608000.0, 1);
INSERT INTO car_analytics (id, date, revenue, bookings_count) VALUES ('484e35a9-a3fe-424f-82a8-9cbad40f9255', '2024-04-20', 6608000.0, 1);
INSERT INTO car_analytics (id, date, revenue, bookings_count) VALUES ('73d3ce64-266a-4e70-9e27-14989b7ce15f', '2024-01-13', 7552000.0, 1);
INSERT INTO car_analytics (id, date, revenue, bookings_count) VALUES ('a77175bd-1dc1-439e-b0bd-d988f44bca80', '2023-12-29', 944000.0, 1);
INSERT INTO car_analytics (id, date, revenue, bookings_count) VALUES ('810cb45b-487d-4e82-a467-843f4d6ba026', '2023-02-16', 944000.0, 1);
INSERT INTO car_analytics (id, date, revenue, bookings_count) VALUES ('b58b7bd9-cc7b-4fa6-88b4-d73a6a186ab1', '2023-05-10', 944000.0, 1);
INSERT INTO car_analytics (id, date, revenue, bookings_count) VALUES ('f18626c1-a194-4197-9fc3-4eed052e8206', '2024-04-21', 944000.0, 1);
INSERT INTO car_analytics (id, date, revenue, bookings_count) VALUES ('0d249484-a553-4a15-bcd5-db4467da23ec', '2023-03-26', 8496000.0, 1);
INSERT INTO car_analytics (id, date, revenue, bookings_count) VALUES ('581cb652-d6c6-4816-952b-434509ebc8ed', '2024-04-29', 7552000.0, 2);
INSERT INTO car_analytics (id, date, revenue, bookings_count) VALUES ('a7746c41-0572-4c21-9699-4ff57b806ee5', '2023-09-24', 9440000.0, 1);
INSERT INTO car_analytics (id, date, revenue, bookings_count) VALUES ('5d882fbf-ba48-44e5-8ca2-0a5b8418b98a', '2023-08-20', 6608000.0, 1);
INSERT INTO car_analytics (id, date, revenue, bookings_count) VALUES ('41064147-8240-4fb1-9482-147cc780a388', '2023-03-13', 5664000.0, 1);
INSERT INTO car_analytics (id, date, revenue, bookings_count) VALUES ('d71263e5-c3b1-4815-b739-b244c5afbe81', '2023-07-18', 944000.0, 1);
INSERT INTO car_analytics (id, date, revenue, bookings_count) VALUES ('e45e22e3-ceca-4135-afde-87af4e932c11', '2023-02-26', 944000.0, 1);
INSERT INTO car_analytics (id, date, revenue, bookings_count) VALUES ('d326660b-0c0d-4956-b8aa-1b1c0fbb8c2e', '2023-06-14', 9440000.0, 1);
INSERT INTO car_analytics (id, date, revenue, bookings_count) VALUES ('2a580042-610f-4f81-8539-98c11c479326', '2023-04-28', 1888000.0, 1);
INSERT INTO car_analytics (id, date, revenue, bookings_count) VALUES ('85d8f674-5295-4849-a0de-0066a5b36ba1', '2023-09-29', 6608000.0, 1);
INSERT INTO car_analytics (id, date, revenue, bookings_count) VALUES ('8dbaf5f8-09db-4e01-8638-f4e48b994fa2', '2023-07-08', 7552000.0, 1);
INSERT INTO car_analytics (id, date, revenue, bookings_count) VALUES ('768e9091-2256-4641-b54d-94e715fc6fc9', '2023-05-02', 944000.0, 1);
INSERT INTO car_analytics (id, date, revenue, bookings_count) VALUES ('947a09f5-d279-4b43-aee1-2e0bf896d667', '2023-04-06', 1888000.0, 1);
INSERT INTO car_analytics (id, date, revenue, bookings_count) VALUES ('1e24fe05-d73b-4cb0-806f-b2c513264131', '2023-01-04', 4720000.0, 1);
INSERT INTO car_analytics (id, date, revenue, bookings_count) VALUES ('4e524dc2-bb22-4627-8ed5-91141023cde9', '2023-10-17', 2832000.0, 1);
INSERT INTO car_analytics (id, date, revenue, bookings_count) VALUES ('3c4053b9-ef85-44c0-a9fc-512f581a4bf4', '2023-10-03', 5664000.0, 1);
INSERT INTO car_analytics (id, date, revenue, bookings_count) VALUES ('3ec05499-876b-4192-885f-caa06a513cc2', '2023-03-23', 3776000.0, 1);
INSERT INTO car_analytics (id, date, revenue, bookings_count) VALUES ('f59221df-ff4c-4d26-a14d-854e083c9ee1', '2024-03-29', 9440000.0, 1);
INSERT INTO car_analytics (id, date, revenue, bookings_count) VALUES ('00c140fe-7f4d-4e64-9e63-a73db5ac21aa', '2023-01-22', 9440000.0, 1);
INSERT INTO car_analytics (id, date, revenue, bookings_count) VALUES ('2aa51f1e-5e8c-44f8-bf49-e079ff3b4a63', '2023-02-01', 3776000.0, 1);
INSERT INTO car_analytics (id, date, revenue, bookings_count) VALUES ('c94e0ff9-d769-4100-ba9e-0f1d384268c1', '2023-05-09', 7552000.0, 1);
INSERT INTO car_analytics (id, date, revenue, bookings_count) VALUES ('a7cf2648-80dd-497a-a972-2dc29b941404', '2023-11-25', 1888000.0, 1);
INSERT INTO car_analytics (id, date, revenue, bookings_count) VALUES ('664ee0d2-40b8-44c9-aa13-492368374ea2', '2023-06-02', 15104000.0, 2);
INSERT INTO car_analytics (id, date, revenue, bookings_count) VALUES ('4be0c642-8a5a-46d0-9858-d0c844dcad63', '2023-06-05', 944000.0, 1);
INSERT INTO car_analytics (id, date, revenue, bookings_count) VALUES ('63896bb6-d0ec-4f56-b48c-a0df942139e9', '2024-02-27', 5664000.0, 1);
INSERT INTO car_analytics (id, date, revenue, bookings_count) VALUES ('02b7fe88-3507-43a6-b4d7-36f5f4f9350d', '2023-05-21', 7552000.0, 1);
INSERT INTO car_analytics (id, date, revenue, bookings_count) VALUES ('637d625d-5e4a-493c-9978-146998f0ee3c', '2023-09-28', 944000.0, 1);
INSERT INTO car_analytics (id, date, revenue, bookings_count) VALUES ('2deb4314-325d-4e88-8ad7-7b6f737bca0d', '2024-03-31', 5664000.0, 1);
INSERT INTO car_analytics (id, date, revenue, bookings_count) VALUES ('ca74a043-e23d-4591-bb97-479fc3987ee3', '2024-03-02', 8496000.0, 1);
INSERT INTO car_analytics (id, date, revenue, bookings_count) VALUES ('0eab8f85-a2aa-4927-ae57-46339827f8c3', '2023-10-28', 16048000.0, 2);
INSERT INTO car_analytics (id, date, revenue, bookings_count) VALUES ('4c7e443c-e952-4a5e-8784-a98651d3de4e', '2023-05-23', 7552000.0, 1);
INSERT INTO car_analytics (id, date, revenue, bookings_count) VALUES ('6c7fcada-700f-43ad-9a7f-7e231900b558', '2023-07-06', 8496000.0, 1);
INSERT INTO car_analytics (id, date, revenue, bookings_count) VALUES ('3b2f0b0b-1083-47aa-836f-f7824190add1', '2024-02-19', 4720000.0, 1);
INSERT INTO car_analytics (id, date, revenue, bookings_count) VALUES ('347fd99f-cefd-450d-b655-3339318ebf5e', '2023-03-28', 5664000.0, 1);
INSERT INTO car_analytics (id, date, revenue, bookings_count) VALUES ('730b0e0d-9587-45ff-97d8-bb87170bb52e', '2024-01-10', 9440000.0, 1);
INSERT INTO car_analytics (id, date, revenue, bookings_count) VALUES ('cd896a99-0118-4b81-bbf0-8b644a60b12c', '2024-05-01', 7552000.0, 1);
INSERT INTO car_analytics (id, date, revenue, bookings_count) VALUES ('267b2cd3-d4e1-4241-b8ab-e7085c4d308f', '2023-10-31', 2832000.0, 1);
INSERT INTO car_analytics (id, date, revenue, bookings_count) VALUES ('4361e1a7-c184-4298-a0ba-985aad86ce5b', '2023-09-23', 7552000.0, 1);
INSERT INTO car_analytics (id, date, revenue, bookings_count) VALUES ('68e64bb3-afda-4f37-9925-753d4b86fd54', '2023-07-17', 9440000.0, 1);
INSERT INTO car_analytics (id, date, revenue, bookings_count) VALUES ('7171e8c9-4184-4585-a1c8-487039c2d655', '2023-08-27', 7552000.0, 1);
INSERT INTO car_analytics (id, date, revenue, bookings_count) VALUES ('d21a983b-e58e-41c9-9e70-15e4e03dc1c6', '2023-09-11', 944000.0, 1);
INSERT INTO car_booking_history (id, booking_id, status, changed_at) VALUES ('03a7e6eb-cb6f-406a-810d-f4bcfcc8b5f9', 'ee26cd5b-42da-45f6-a678-82e993b37bfa', 'PENDING', '2023-01-01 00:00:00');
INSERT INTO car_booking_history (id, booking_id, status, changed_at) VALUES ('3e8dbb26-766d-4f98-a625-f3746646c576', 'ee26cd5b-42da-45f6-a678-82e993b37bfa', 'COMPLETED', '2023-01-01 00:00:00');
INSERT INTO car_booking_history (id, booking_id, status, changed_at) VALUES ('588c0974-fa6d-4887-88a5-c7b59dcf3608', '44638f0e-8555-416e-b7ac-c4e1ffac2d29', 'PENDING', '2023-01-01 00:00:00');
INSERT INTO car_booking_history (id, booking_id, status, changed_at) VALUES ('c9168a04-7227-46e5-a1e4-9de4cf5a8282', '44638f0e-8555-416e-b7ac-c4e1ffac2d29', 'COMPLETED', '2023-01-01 00:00:00');
INSERT INTO car_booking_history (id, booking_id, status, changed_at) VALUES ('af68312c-e205-4172-8a88-a191587f1e66', 'bd7dfc33-a249-40b9-a92f-6f6de22da2db', 'PENDING', '2023-01-01 00:00:00');
INSERT INTO car_booking_history (id, booking_id, status, changed_at) VALUES ('379a9209-248f-43f5-b6a5-9576ab163776', 'bd7dfc33-a249-40b9-a92f-6f6de22da2db', 'COMPLETED', '2023-01-01 00:00:00');
INSERT INTO car_booking_history (id, booking_id, status, changed_at) VALUES ('228e95eb-a245-40cd-a7e3-05466f8a8cf6', '64c06a62-250a-4c30-82dc-f0e6d08dcd8b', 'PENDING', '2023-01-01 00:00:00');
INSERT INTO car_booking_history (id, booking_id, status, changed_at) VALUES ('ac97382e-2ff2-4ea9-8849-0e2f2d09c5c0', '64c06a62-250a-4c30-82dc-f0e6d08dcd8b', 'COMPLETED', '2023-01-01 00:00:00');
INSERT INTO car_booking_history (id, booking_id, status, changed_at) VALUES ('5de917c2-2942-4ca8-be9e-f535b25c27e8', 'c141846c-27ce-4740-8b0c-030a59931f9d', 'PENDING', '2023-01-01 00:00:00');
INSERT INTO car_booking_history (id, booking_id, status, changed_at) VALUES ('ffbe193d-7811-430c-b965-2cca5b649b2a', 'c141846c-27ce-4740-8b0c-030a59931f9d', 'COMPLETED', '2023-01-01 00:00:00');
INSERT INTO car_booking_history (id, booking_id, status, changed_at) VALUES ('7526e75f-991f-44a4-a3a7-d9e83c4e0114', '463816e6-7b23-44a9-9b13-dfbaad2d4909', 'PENDING', '2023-01-01 00:00:00');
INSERT INTO car_booking_history (id, booking_id, status, changed_at) VALUES ('c7d247a2-b90b-4e14-8d3a-ed70b1502bbc', '463816e6-7b23-44a9-9b13-dfbaad2d4909', 'COMPLETED', '2023-01-01 00:00:00');
INSERT INTO car_booking_history (id, booking_id, status, changed_at) VALUES ('d817fa1e-4c19-48a1-9ad0-b01e275b50b7', 'f1d91163-ef41-4222-bfce-0d436695469b', 'PENDING', '2023-01-01 00:00:00');
INSERT INTO car_booking_history (id, booking_id, status, changed_at) VALUES ('4bb999bb-b4e8-43a5-b940-fd8c36dae915', 'f1d91163-ef41-4222-bfce-0d436695469b', 'COMPLETED', '2023-01-01 00:00:00');
INSERT INTO car_booking_history (id, booking_id, status, changed_at) VALUES ('21907877-7607-4eab-b9f4-ac3623cf0f68', 'b48370a6-2fe4-4ed4-9068-cf458aa8b5f3', 'PENDING', '2023-01-01 00:00:00');
INSERT INTO car_booking_history (id, booking_id, status, changed_at) VALUES ('e7c09b98-9327-4e0b-b9ec-715e1f73cfc6', 'b48370a6-2fe4-4ed4-9068-cf458aa8b5f3', 'COMPLETED', '2023-01-01 00:00:00');
INSERT INTO car_booking_history (id, booking_id, status, changed_at) VALUES ('0e758d96-3394-4975-b9ee-bd5a9fb7fddd', '4849436b-a5ff-4a10-92f3-c5c91a10445a', 'PENDING', '2023-01-01 00:00:00');
INSERT INTO car_booking_history (id, booking_id, status, changed_at) VALUES ('bb6f8a9d-d4d7-42ff-8c3d-0c5b5e1bb731', '4849436b-a5ff-4a10-92f3-c5c91a10445a', 'COMPLETED', '2023-01-01 00:00:00');
INSERT INTO car_booking_history (id, booking_id, status, changed_at) VALUES ('7daabbe7-0301-42a9-bada-3a45f45eeaa6', 'a75e9aef-950b-46cc-890b-042b40cd822d', 'PENDING', '2023-01-01 00:00:00');
INSERT INTO car_booking_history (id, booking_id, status, changed_at) VALUES ('2d7f8fcf-f218-4c7d-8de1-d182025493b7', 'a75e9aef-950b-46cc-890b-042b40cd822d', 'COMPLETED', '2023-01-01 00:00:00');
INSERT INTO car_booking_history (id, booking_id, status, changed_at) VALUES ('157e1b03-eaa5-4409-a7b2-8f98dc8d43bf', '806ae743-2109-4e6d-a5e7-8c11857224cf', 'PENDING', '2023-01-01 00:00:00');
INSERT INTO car_booking_history (id, booking_id, status, changed_at) VALUES ('702f7d31-a8f3-4eaa-bfc4-e5893a8e794d', '806ae743-2109-4e6d-a5e7-8c11857224cf', 'COMPLETED', '2023-01-01 00:00:00');
INSERT INTO car_booking_history (id, booking_id, status, changed_at) VALUES ('46533702-908b-46a8-8016-b341a39ddf03', '433b30bf-26e5-4469-8ddc-c448b2cad5da', 'PENDING', '2023-01-01 00:00:00');
INSERT INTO car_booking_history (id, booking_id, status, changed_at) VALUES ('f6d2ce4d-9fe0-4b8e-b237-684bb17a7ebb', '433b30bf-26e5-4469-8ddc-c448b2cad5da', 'COMPLETED', '2023-01-01 00:00:00');
INSERT INTO car_booking_history (id, booking_id, status, changed_at) VALUES ('cb61b66f-5597-4583-9f4b-9a1d918c6117', 'babab969-003b-4cb6-a87b-230c97d1a331', 'PENDING', '2023-01-01 00:00:00');
INSERT INTO car_booking_history (id, booking_id, status, changed_at) VALUES ('148bd1c7-4808-497e-8519-36769e5eb45a', 'babab969-003b-4cb6-a87b-230c97d1a331', 'COMPLETED', '2023-01-01 00:00:00');
INSERT INTO car_booking_history (id, booking_id, status, changed_at) VALUES ('a5465e19-fcef-4386-8de0-18624987797f', 'b25ec6c3-c6cf-455f-8404-a059afd67f94', 'PENDING', '2023-01-01 00:00:00');
INSERT INTO car_booking_history (id, booking_id, status, changed_at) VALUES ('492e5af7-0a60-41a5-869d-3dbf2be9b6bc', 'b25ec6c3-c6cf-455f-8404-a059afd67f94', 'COMPLETED', '2023-01-01 00:00:00');
INSERT INTO car_booking_history (id, booking_id, status, changed_at) VALUES ('834ee75b-c826-408b-bf03-b2ca3750f14b', 'd8db63d4-7eaa-4f2c-bc5a-8d0a4869513d', 'PENDING', '2023-01-01 00:00:00');
INSERT INTO car_booking_history (id, booking_id, status, changed_at) VALUES ('847b0ef0-d1b9-4185-b4ad-3b2fbd914953', 'd8db63d4-7eaa-4f2c-bc5a-8d0a4869513d', 'COMPLETED', '2023-01-01 00:00:00');
INSERT INTO car_booking_history (id, booking_id, status, changed_at) VALUES ('eda7a75b-1ec7-4d82-b2c6-76e9cfecb188', 'c465f146-7d08-4ffa-8ed4-36f5c903de18', 'PENDING', '2023-01-01 00:00:00');
INSERT INTO car_booking_history (id, booking_id, status, changed_at) VALUES ('a48401ae-bea6-4e26-9163-0d61ea867ade', 'c465f146-7d08-4ffa-8ed4-36f5c903de18', 'COMPLETED', '2023-01-01 00:00:00');
INSERT INTO car_booking_history (id, booking_id, status, changed_at) VALUES ('5420c817-e219-4bc0-b753-94ede858b687', '77cfbaae-f603-4228-9cbe-c4435fdd9f9b', 'PENDING', '2023-01-01 00:00:00');
INSERT INTO car_booking_history (id, booking_id, status, changed_at) VALUES ('56df79cd-8482-405a-bb27-2f73ad7bb991', '77cfbaae-f603-4228-9cbe-c4435fdd9f9b', 'COMPLETED', '2023-01-01 00:00:00');
INSERT INTO car_booking_history (id, booking_id, status, changed_at) VALUES ('2ec69ab3-8361-4bf5-a88d-dc7e65127fa4', '1ee374d2-4261-4faa-ba1b-0c4f8c1af8d1', 'PENDING', '2023-01-01 00:00:00');
INSERT INTO car_booking_history (id, booking_id, status, changed_at) VALUES ('2af3dad1-0eaf-4c40-9361-de81f80afa48', '1ee374d2-4261-4faa-ba1b-0c4f8c1af8d1', 'COMPLETED', '2023-01-01 00:00:00');
INSERT INTO car_booking_history (id, booking_id, status, changed_at) VALUES ('ba44078b-d263-4004-ac3e-a98047454912', '9115f8bf-7d19-4828-8508-0060f100c881', 'PENDING', '2023-01-01 00:00:00');
INSERT INTO car_booking_history (id, booking_id, status, changed_at) VALUES ('eaa04411-c5e7-4b2a-9fc4-ea652dcb5f9f', '9115f8bf-7d19-4828-8508-0060f100c881', 'COMPLETED', '2023-01-01 00:00:00');
INSERT INTO car_booking_history (id, booking_id, status, changed_at) VALUES ('d00f2760-8ce6-462c-8cc5-fd18b155a4e5', 'bd61829a-db10-42c8-b560-5458098787d9', 'PENDING', '2023-01-01 00:00:00');
INSERT INTO car_booking_history (id, booking_id, status, changed_at) VALUES ('9e931015-d503-4ab5-8777-46e8913ea6b5', 'bd61829a-db10-42c8-b560-5458098787d9', 'COMPLETED', '2023-01-01 00:00:00');
INSERT INTO car_booking_history (id, booking_id, status, changed_at) VALUES ('14ac306a-2128-479c-9099-39e0abd467b5', '8536423b-2086-4a31-897f-e5814b8e9283', 'PENDING', '2023-01-01 00:00:00');
INSERT INTO car_booking_history (id, booking_id, status, changed_at) VALUES ('44f6f385-9f1e-40b8-9e50-b7c3aa2f5582', '8536423b-2086-4a31-897f-e5814b8e9283', 'COMPLETED', '2023-01-01 00:00:00');
INSERT INTO car_booking_history (id, booking_id, status, changed_at) VALUES ('1b597675-e71c-47c8-8659-e2acfccbac99', '916dc16e-aeb2-402c-9bf3-c452d330038f', 'PENDING', '2023-01-01 00:00:00');
INSERT INTO car_booking_history (id, booking_id, status, changed_at) VALUES ('dbdba8e9-7f11-4c60-8e9d-34258594d789', '916dc16e-aeb2-402c-9bf3-c452d330038f', 'COMPLETED', '2023-01-01 00:00:00');
INSERT INTO car_booking_history (id, booking_id, status, changed_at) VALUES ('e036f8df-9d01-4d3c-a1ef-671675debe1b', '31e1f2f8-ac41-4622-9b2e-3766404d820b', 'PENDING', '2023-01-01 00:00:00');
INSERT INTO car_booking_history (id, booking_id, status, changed_at) VALUES ('37b2dbd6-671b-4510-b25f-66979f0462c0', '31e1f2f8-ac41-4622-9b2e-3766404d820b', 'COMPLETED', '2023-01-01 00:00:00');
INSERT INTO car_booking_history (id, booking_id, status, changed_at) VALUES ('a21871eb-19bb-4629-92c0-939db13f2acb', 'f59d633f-79a0-44fd-99e3-48c8eb894533', 'PENDING', '2023-01-01 00:00:00');
INSERT INTO car_booking_history (id, booking_id, status, changed_at) VALUES ('3d3332bd-289b-46b5-9c3b-26b920698894', 'f59d633f-79a0-44fd-99e3-48c8eb894533', 'COMPLETED', '2023-01-01 00:00:00');
INSERT INTO car_booking_history (id, booking_id, status, changed_at) VALUES ('bd1d817f-7900-4198-bfb6-b0db02ca93ca', '5441bbd2-50aa-4e66-b008-cb6773d93001', 'PENDING', '2023-01-01 00:00:00');
INSERT INTO car_booking_history (id, booking_id, status, changed_at) VALUES ('f2e1781b-ad45-4ddb-bb7c-43b800ba95b6', '5441bbd2-50aa-4e66-b008-cb6773d93001', 'COMPLETED', '2023-01-01 00:00:00');
INSERT INTO car_booking_history (id, booking_id, status, changed_at) VALUES ('7a758ec4-7335-4ffc-90a6-65b4f03c29f2', 'dc8fa3b6-133a-40c7-b0cc-8e7e5a183a34', 'PENDING', '2023-01-01 00:00:00');
INSERT INTO car_booking_history (id, booking_id, status, changed_at) VALUES ('469a2893-1216-4eca-bed2-89ab5c4ce362', 'dc8fa3b6-133a-40c7-b0cc-8e7e5a183a34', 'COMPLETED', '2023-01-01 00:00:00');
INSERT INTO car_booking_history (id, booking_id, status, changed_at) VALUES ('9a077f85-80cc-4c69-bda3-2ead80c77fca', 'd827d853-96da-4861-bdbf-88dc26becb6a', 'PENDING', '2023-01-01 00:00:00');
INSERT INTO car_booking_history (id, booking_id, status, changed_at) VALUES ('0109e0a9-5da1-41db-b509-7dea01183c44', 'd827d853-96da-4861-bdbf-88dc26becb6a', 'COMPLETED', '2023-01-01 00:00:00');
INSERT INTO car_booking_history (id, booking_id, status, changed_at) VALUES ('c3ac6669-55ea-4462-b2bc-fb177cb1d690', 'f2b5ed77-6435-4e59-9bd8-99074097461d', 'PENDING', '2023-01-01 00:00:00');
INSERT INTO car_booking_history (id, booking_id, status, changed_at) VALUES ('38273fd6-fec8-4e56-9a2c-016b958e0ec0', 'f2b5ed77-6435-4e59-9bd8-99074097461d', 'COMPLETED', '2023-01-01 00:00:00');
INSERT INTO car_booking_history (id, booking_id, status, changed_at) VALUES ('ec12a8db-9d2e-4970-b00f-f3dcee9e5481', 'e423b3d6-32ab-49f9-908a-a1cd8c79a8fd', 'PENDING', '2023-01-01 00:00:00');
INSERT INTO car_booking_history (id, booking_id, status, changed_at) VALUES ('e4f9f42b-e289-47a7-8e09-9400392df38b', 'e423b3d6-32ab-49f9-908a-a1cd8c79a8fd', 'COMPLETED', '2023-01-01 00:00:00');
INSERT INTO car_booking_history (id, booking_id, status, changed_at) VALUES ('0eb4f305-30cd-48b8-89e9-e02f6e43411c', '11e0b83d-3042-4660-aee1-bcf016c788ae', 'PENDING', '2023-01-01 00:00:00');
INSERT INTO car_booking_history (id, booking_id, status, changed_at) VALUES ('7b976741-087d-4a9a-9056-0911cc190d58', '11e0b83d-3042-4660-aee1-bcf016c788ae', 'COMPLETED', '2023-01-01 00:00:00');
INSERT INTO car_booking_history (id, booking_id, status, changed_at) VALUES ('95a0ab3e-e477-40db-a4d3-d58bdfea27f4', 'b1a723bc-76dd-4ff8-b758-e33be1e2b0e6', 'PENDING', '2023-01-01 00:00:00');
INSERT INTO car_booking_history (id, booking_id, status, changed_at) VALUES ('8fbc53f6-3551-477c-af8f-2a16828cae23', 'b1a723bc-76dd-4ff8-b758-e33be1e2b0e6', 'COMPLETED', '2023-01-01 00:00:00');
INSERT INTO car_booking_history (id, booking_id, status, changed_at) VALUES ('ac718454-ee67-45eb-83cc-1a5305c0f15e', '79d90706-8b3f-404e-8a94-610a8473ddcf', 'PENDING', '2023-01-01 00:00:00');
INSERT INTO car_booking_history (id, booking_id, status, changed_at) VALUES ('32e92ad5-5900-4475-b126-e84575fb7729', '79d90706-8b3f-404e-8a94-610a8473ddcf', 'COMPLETED', '2023-01-01 00:00:00');
INSERT INTO car_booking_history (id, booking_id, status, changed_at) VALUES ('f50756cf-66b6-4f4c-88c1-436e673c542e', 'ecfa9ea7-6c2f-40db-aa1b-1539a1a04b07', 'PENDING', '2023-01-01 00:00:00');
INSERT INTO car_booking_history (id, booking_id, status, changed_at) VALUES ('3f0d36af-ee84-4cf6-8020-db52c30e1ec1', 'ecfa9ea7-6c2f-40db-aa1b-1539a1a04b07', 'COMPLETED', '2023-01-01 00:00:00');
INSERT INTO car_booking_history (id, booking_id, status, changed_at) VALUES ('a0e4fc01-a11d-42ff-9528-348f23a88b67', '900d64a2-b621-4935-8e3c-7032b5c43ad8', 'PENDING', '2023-01-01 00:00:00');
INSERT INTO car_booking_history (id, booking_id, status, changed_at) VALUES ('bee3ddaf-69b6-467a-ae7b-11e1b67a2f90', '900d64a2-b621-4935-8e3c-7032b5c43ad8', 'COMPLETED', '2023-01-01 00:00:00');
INSERT INTO car_booking_history (id, booking_id, status, changed_at) VALUES ('44999c5c-98dd-494e-9e53-964fc6a53d19', '850b0921-8ba8-41f4-b0b4-f759b0bd233e', 'PENDING', '2023-01-01 00:00:00');
INSERT INTO car_booking_history (id, booking_id, status, changed_at) VALUES ('f5257525-28f9-47af-96bc-ddff31c88563', '850b0921-8ba8-41f4-b0b4-f759b0bd233e', 'COMPLETED', '2023-01-01 00:00:00');
INSERT INTO car_booking_history (id, booking_id, status, changed_at) VALUES ('e5199a92-59e3-4c0d-9ccd-0e92ef80ea12', '51ab611d-af6f-4fe6-938a-1d8272c0af05', 'PENDING', '2023-01-01 00:00:00');
INSERT INTO car_booking_history (id, booking_id, status, changed_at) VALUES ('5e6e4cb6-7140-469f-b1cf-6f32c25d0f6e', '51ab611d-af6f-4fe6-938a-1d8272c0af05', 'COMPLETED', '2023-01-01 00:00:00');
INSERT INTO car_booking_history (id, booking_id, status, changed_at) VALUES ('3a36d8c0-3590-4db8-af8d-11089c710abd', 'f880bd25-bbf5-48b0-b1e1-f681eb622ab7', 'PENDING', '2023-01-01 00:00:00');
INSERT INTO car_booking_history (id, booking_id, status, changed_at) VALUES ('f0c39091-3253-44fb-94b6-2b7c7d28ad83', 'f880bd25-bbf5-48b0-b1e1-f681eb622ab7', 'COMPLETED', '2023-01-01 00:00:00');
INSERT INTO car_booking_history (id, booking_id, status, changed_at) VALUES ('65f4d5e6-ebb4-4bf1-9811-327758a54ac2', 'a2610941-9252-4b6a-b984-788e8d655a2a', 'PENDING', '2023-01-01 00:00:00');
INSERT INTO car_booking_history (id, booking_id, status, changed_at) VALUES ('86fafbc7-93a3-487e-8cd3-a692a124108f', 'a2610941-9252-4b6a-b984-788e8d655a2a', 'COMPLETED', '2023-01-01 00:00:00');
INSERT INTO car_booking_history (id, booking_id, status, changed_at) VALUES ('a58fa00b-17a6-4fb6-861e-5541230622f8', 'fcd62fbe-0371-49a3-a8a1-7cad1d3f5d17', 'PENDING', '2023-01-01 00:00:00');
INSERT INTO car_booking_history (id, booking_id, status, changed_at) VALUES ('e2905875-7524-4b01-a04a-3288d8ce74d1', 'fcd62fbe-0371-49a3-a8a1-7cad1d3f5d17', 'COMPLETED', '2023-01-01 00:00:00');
INSERT INTO car_booking_history (id, booking_id, status, changed_at) VALUES ('6a772097-4ded-4203-99e9-6ac4e7c458d3', '0aca6d42-3d68-48a1-aebb-34045f6be91f', 'PENDING', '2023-01-01 00:00:00');
INSERT INTO car_booking_history (id, booking_id, status, changed_at) VALUES ('23f7158e-d90c-495a-8724-49b26a696725', '0aca6d42-3d68-48a1-aebb-34045f6be91f', 'COMPLETED', '2023-01-01 00:00:00');
INSERT INTO car_booking_history (id, booking_id, status, changed_at) VALUES ('c542a8c2-27fa-499d-83a8-8a0c8e526a0c', 'c4b7ffc2-bbf0-400d-842d-e299081d0806', 'PENDING', '2023-01-01 00:00:00');
INSERT INTO car_booking_history (id, booking_id, status, changed_at) VALUES ('bd6905ff-e2ac-4cbf-a27b-63d372d3f7f5', 'c4b7ffc2-bbf0-400d-842d-e299081d0806', 'COMPLETED', '2023-01-01 00:00:00');
INSERT INTO car_booking_history (id, booking_id, status, changed_at) VALUES ('211adf2c-4daf-4d41-b1ca-97ab82863606', '9e6754aa-b15a-4712-8779-370d8dfe3d18', 'PENDING', '2023-01-01 00:00:00');
INSERT INTO car_booking_history (id, booking_id, status, changed_at) VALUES ('01650ebb-6b76-4f4c-b173-0eae6259eca7', '9e6754aa-b15a-4712-8779-370d8dfe3d18', 'COMPLETED', '2023-01-01 00:00:00');
INSERT INTO car_booking_history (id, booking_id, status, changed_at) VALUES ('1a310bd5-a3ba-42df-ba8a-0884ac3b7265', 'a01b9227-2a18-43a7-953c-f6933a18f9d0', 'PENDING', '2023-01-01 00:00:00');
INSERT INTO car_booking_history (id, booking_id, status, changed_at) VALUES ('009c12b6-b34c-4cf3-a6f7-ca4f53f2bcf2', 'a01b9227-2a18-43a7-953c-f6933a18f9d0', 'COMPLETED', '2023-01-01 00:00:00');
INSERT INTO car_booking_history (id, booking_id, status, changed_at) VALUES ('12d35be3-34ff-44b7-8867-d9e68f1a38ad', 'ed99a140-b36c-4ed2-a902-67ad804cb54f', 'PENDING', '2023-01-01 00:00:00');
INSERT INTO car_booking_history (id, booking_id, status, changed_at) VALUES ('b2c03992-283a-47e4-9af7-07d0210495e4', 'ed99a140-b36c-4ed2-a902-67ad804cb54f', 'COMPLETED', '2023-01-01 00:00:00');
INSERT INTO car_booking_history (id, booking_id, status, changed_at) VALUES ('c64f6f08-dd9b-4181-943d-98027c2e4b0c', 'a4ad8f35-b646-480a-99ae-59286652fb91', 'PENDING', '2023-01-01 00:00:00');
INSERT INTO car_booking_history (id, booking_id, status, changed_at) VALUES ('f3d6e429-6090-4e54-a2c4-45b90603fe75', 'a4ad8f35-b646-480a-99ae-59286652fb91', 'COMPLETED', '2023-01-01 00:00:00');
INSERT INTO car_booking_history (id, booking_id, status, changed_at) VALUES ('5716b3e1-9d44-42ba-8f68-8e10d865f5f6', '68f9b3f7-a6a2-4425-a8c3-e21e9d80e24e', 'PENDING', '2023-01-01 00:00:00');
INSERT INTO car_booking_history (id, booking_id, status, changed_at) VALUES ('03c7fe56-2fd7-4f82-9e8c-5bf1e9120c9f', '68f9b3f7-a6a2-4425-a8c3-e21e9d80e24e', 'COMPLETED', '2023-01-01 00:00:00');
INSERT INTO car_booking_history (id, booking_id, status, changed_at) VALUES ('b2860123-aed5-4107-89d2-4ba95c0100b6', '91c6d1c8-1783-4372-8ce9-5c62df9d8334', 'PENDING', '2023-01-01 00:00:00');
INSERT INTO car_booking_history (id, booking_id, status, changed_at) VALUES ('d7d1e19d-765f-437b-b296-49344f32564b', '91c6d1c8-1783-4372-8ce9-5c62df9d8334', 'COMPLETED', '2023-01-01 00:00:00');
INSERT INTO car_booking_history (id, booking_id, status, changed_at) VALUES ('a77d0c62-0080-4768-b287-5f3cae4b75b3', '0529d037-1de8-4c7d-8cea-69487d1ccbc5', 'PENDING', '2023-01-01 00:00:00');
INSERT INTO car_booking_history (id, booking_id, status, changed_at) VALUES ('2b72e631-b906-4816-bd6c-6e64e18409ee', '0529d037-1de8-4c7d-8cea-69487d1ccbc5', 'COMPLETED', '2023-01-01 00:00:00');
INSERT INTO car_booking_history (id, booking_id, status, changed_at) VALUES ('262fa808-a0b7-463a-a0b8-8492ec97f66d', 'a91e47c6-80c3-441b-800a-ae74ad6b6ce8', 'PENDING', '2023-01-01 00:00:00');
INSERT INTO car_booking_history (id, booking_id, status, changed_at) VALUES ('a4f3df7e-f7e9-4803-aa23-4143ff2758f6', 'a91e47c6-80c3-441b-800a-ae74ad6b6ce8', 'COMPLETED', '2023-01-01 00:00:00');
INSERT INTO car_booking_history (id, booking_id, status, changed_at) VALUES ('a65abce9-06ad-4855-8bb0-195e2bac4dde', '4217d6ad-3abc-4d53-9254-8cf6220512e9', 'PENDING', '2023-01-01 00:00:00');
INSERT INTO car_booking_history (id, booking_id, status, changed_at) VALUES ('f70a9afc-c5dc-41f3-b367-0fbfa317629e', '4217d6ad-3abc-4d53-9254-8cf6220512e9', 'COMPLETED', '2023-01-01 00:00:00');
INSERT INTO car_booking_history (id, booking_id, status, changed_at) VALUES ('f2d57586-0704-4fc7-8dc3-f1bbfb0441a7', '3c8090df-c312-4c9b-9b18-af31c27c1981', 'PENDING', '2023-01-01 00:00:00');
INSERT INTO car_booking_history (id, booking_id, status, changed_at) VALUES ('7defe298-55d4-431f-b347-b0c8f9741ee6', '3c8090df-c312-4c9b-9b18-af31c27c1981', 'COMPLETED', '2023-01-01 00:00:00');
INSERT INTO car_booking_history (id, booking_id, status, changed_at) VALUES ('76bf9f46-abae-4147-a251-44b5f3e9da87', 'b69ad818-1b50-4ec6-8de1-dc088f828f37', 'PENDING', '2023-01-01 00:00:00');
INSERT INTO car_booking_history (id, booking_id, status, changed_at) VALUES ('2ed5ade8-ea0b-49ba-bc38-0375c568c9fb', 'b69ad818-1b50-4ec6-8de1-dc088f828f37', 'COMPLETED', '2023-01-01 00:00:00');
INSERT INTO car_booking_history (id, booking_id, status, changed_at) VALUES ('52f2244a-bc7c-4bea-8cd6-728c42867f8b', '7cffe9d9-ac2a-422a-bf57-f2bd04e1893e', 'PENDING', '2023-01-01 00:00:00');
INSERT INTO car_booking_history (id, booking_id, status, changed_at) VALUES ('c61edd64-d959-451a-b11a-434ecc2fe6ac', '7cffe9d9-ac2a-422a-bf57-f2bd04e1893e', 'COMPLETED', '2023-01-01 00:00:00');
INSERT INTO car_booking_history (id, booking_id, status, changed_at) VALUES ('a0938188-bec4-4a6b-bb02-b8ca19773113', 'd2f2b55b-f4cb-4183-aac5-86b6ce3a750e', 'PENDING', '2023-01-01 00:00:00');
INSERT INTO car_booking_history (id, booking_id, status, changed_at) VALUES ('14bdc96c-6867-4e15-b92b-8ab9a4b8327c', 'd2f2b55b-f4cb-4183-aac5-86b6ce3a750e', 'COMPLETED', '2023-01-01 00:00:00');
INSERT INTO car_booking_history (id, booking_id, status, changed_at) VALUES ('de664b8b-db45-46d1-9587-b99404c7f138', '23c00b49-eac9-4eee-96e0-91d8ebfa1b6a', 'PENDING', '2023-01-01 00:00:00');
INSERT INTO car_booking_history (id, booking_id, status, changed_at) VALUES ('5a84e263-3a97-468c-850c-d7245e7177dd', '23c00b49-eac9-4eee-96e0-91d8ebfa1b6a', 'COMPLETED', '2023-01-01 00:00:00');
INSERT INTO car_booking_history (id, booking_id, status, changed_at) VALUES ('65ef8fd7-113d-46b5-a18c-149378f3887d', 'c38d2c20-57e7-4b4a-8408-7e6ac7b5d6d5', 'PENDING', '2023-01-01 00:00:00');
INSERT INTO car_booking_history (id, booking_id, status, changed_at) VALUES ('8a26a42a-7128-47de-9fb4-8f8cc59c92b0', 'c38d2c20-57e7-4b4a-8408-7e6ac7b5d6d5', 'COMPLETED', '2023-01-01 00:00:00');
INSERT INTO car_booking_history (id, booking_id, status, changed_at) VALUES ('bc426298-c2e4-41d2-99c8-18249743fb54', '39014f9f-034c-46d9-8153-7637f52fa225', 'PENDING', '2023-01-01 00:00:00');
INSERT INTO car_booking_history (id, booking_id, status, changed_at) VALUES ('3306f490-67da-40c4-95fd-274cf2d8b956', '39014f9f-034c-46d9-8153-7637f52fa225', 'COMPLETED', '2023-01-01 00:00:00');
INSERT INTO car_booking_history (id, booking_id, status, changed_at) VALUES ('ffd24e37-e3ba-41b9-aca6-6cef112da557', '5212e9b7-2da9-423f-9363-f409ee6ea646', 'PENDING', '2023-01-01 00:00:00');
INSERT INTO car_booking_history (id, booking_id, status, changed_at) VALUES ('81da288b-3208-4aad-a100-aba94feac8b4', '5212e9b7-2da9-423f-9363-f409ee6ea646', 'COMPLETED', '2023-01-01 00:00:00');
INSERT INTO car_booking_history (id, booking_id, status, changed_at) VALUES ('71d9ebdf-1c50-4d1a-92b4-4c6ef19cf105', '467e9c09-c431-4f05-b894-6dde72677335', 'PENDING', '2023-01-01 00:00:00');
INSERT INTO car_booking_history (id, booking_id, status, changed_at) VALUES ('7b0276e0-9032-40e0-950b-56db4f479c90', '467e9c09-c431-4f05-b894-6dde72677335', 'COMPLETED', '2023-01-01 00:00:00');
INSERT INTO car_booking_history (id, booking_id, status, changed_at) VALUES ('14088704-ce6f-4600-8b88-5bbf4ed52551', '812dafca-5edd-4f5e-bf8e-8ff7bd348158', 'PENDING', '2023-01-01 00:00:00');
INSERT INTO car_booking_history (id, booking_id, status, changed_at) VALUES ('ee65957f-9e50-4f6b-b8ed-576c4f851a0a', '812dafca-5edd-4f5e-bf8e-8ff7bd348158', 'COMPLETED', '2023-01-01 00:00:00');
INSERT INTO car_booking_history (id, booking_id, status, changed_at) VALUES ('0ebd2eff-2542-48dd-b455-80f684dc0132', 'c2fc426e-c6fd-4358-bed6-5c0f8b6a04b5', 'PENDING', '2023-01-01 00:00:00');
INSERT INTO car_booking_history (id, booking_id, status, changed_at) VALUES ('0f1882c6-53c6-42b2-9449-5040f994de4f', 'c2fc426e-c6fd-4358-bed6-5c0f8b6a04b5', 'COMPLETED', '2023-01-01 00:00:00');
INSERT INTO car_booking_history (id, booking_id, status, changed_at) VALUES ('70fac535-db0e-4bae-ae74-1c3ed83d6aa4', 'c42c1078-9e76-4ff2-a9e8-1ad97c7f3ca9', 'PENDING', '2023-01-01 00:00:00');
INSERT INTO car_booking_history (id, booking_id, status, changed_at) VALUES ('c119b321-0fea-400a-b74a-6c3043ddb976', 'c42c1078-9e76-4ff2-a9e8-1ad97c7f3ca9', 'COMPLETED', '2023-01-01 00:00:00');
INSERT INTO car_booking_history (id, booking_id, status, changed_at) VALUES ('3967e42d-d101-47f4-b57f-112217fd38e5', '40b34305-54d7-4d9b-a2a2-db104a21a67a', 'PENDING', '2023-01-01 00:00:00');
INSERT INTO car_booking_history (id, booking_id, status, changed_at) VALUES ('68b896bc-590f-45bc-9d3e-6b4bec74ee06', '40b34305-54d7-4d9b-a2a2-db104a21a67a', 'COMPLETED', '2023-01-01 00:00:00');
INSERT INTO car_booking_history (id, booking_id, status, changed_at) VALUES ('14731e9a-1745-4a1f-9114-48e7e1dad21d', 'e80e8e4d-ca1c-4d0f-8196-9fc781ca5671', 'PENDING', '2023-01-01 00:00:00');
INSERT INTO car_booking_history (id, booking_id, status, changed_at) VALUES ('758767e4-32e9-4237-b3cb-9475efe928d0', 'e80e8e4d-ca1c-4d0f-8196-9fc781ca5671', 'COMPLETED', '2023-01-01 00:00:00');
INSERT INTO car_booking_history (id, booking_id, status, changed_at) VALUES ('7c24c1c2-c351-4757-af28-914e019ca5d9', '3b947b9d-5a5b-4095-852f-7d44011ba03a', 'PENDING', '2023-01-01 00:00:00');
INSERT INTO car_booking_history (id, booking_id, status, changed_at) VALUES ('cf3ee41b-48a1-46e3-8177-bc6f32d0e611', '3b947b9d-5a5b-4095-852f-7d44011ba03a', 'COMPLETED', '2023-01-01 00:00:00');
INSERT INTO car_booking_history (id, booking_id, status, changed_at) VALUES ('94f5a5be-9ee7-4b9f-a085-115bdea076fa', '70d86ed2-8b6d-4a51-87c2-2db047d2af66', 'PENDING', '2023-01-01 00:00:00');
INSERT INTO car_booking_history (id, booking_id, status, changed_at) VALUES ('0ba8e948-58f1-4517-8756-8f74209976f7', '70d86ed2-8b6d-4a51-87c2-2db047d2af66', 'COMPLETED', '2023-01-01 00:00:00');
INSERT INTO car_booking_history (id, booking_id, status, changed_at) VALUES ('a4a0aa86-08d7-45fc-b5ba-afbed3b2470f', 'b54dd92e-7a53-4665-b8fd-48af3816e12c', 'PENDING', '2023-01-01 00:00:00');
INSERT INTO car_booking_history (id, booking_id, status, changed_at) VALUES ('3c3fbab4-bd0a-41b3-8263-8c74e10ec12b', 'b54dd92e-7a53-4665-b8fd-48af3816e12c', 'COMPLETED', '2023-01-01 00:00:00');
INSERT INTO car_booking_history (id, booking_id, status, changed_at) VALUES ('61151274-761e-4695-bddf-bc73dfdb51d7', 'a805ec0e-2ef4-4a32-8daf-b7e6eaa7003d', 'PENDING', '2023-01-01 00:00:00');
INSERT INTO car_booking_history (id, booking_id, status, changed_at) VALUES ('e2a6eb35-db25-45d4-851b-c42c0e664882', 'a805ec0e-2ef4-4a32-8daf-b7e6eaa7003d', 'COMPLETED', '2023-01-01 00:00:00');
INSERT INTO car_booking_history (id, booking_id, status, changed_at) VALUES ('8c663f1a-efbc-41e2-a830-342f50fd37e0', '9ede48f2-1e34-4119-84a8-f0d303aecbed', 'PENDING', '2023-01-01 00:00:00');
INSERT INTO car_booking_history (id, booking_id, status, changed_at) VALUES ('9c913605-dd90-4ca3-ae32-0dbf3699b03c', '9ede48f2-1e34-4119-84a8-f0d303aecbed', 'COMPLETED', '2023-01-01 00:00:00');
INSERT INTO car_booking_history (id, booking_id, status, changed_at) VALUES ('5dad0321-4795-4aaa-a101-760321829e6a', '50980b04-ca97-4ebf-b0fc-1a32bcbcd4f7', 'PENDING', '2023-01-01 00:00:00');
INSERT INTO car_booking_history (id, booking_id, status, changed_at) VALUES ('70d33166-fb96-4fb4-a297-9520a9edc3bd', '50980b04-ca97-4ebf-b0fc-1a32bcbcd4f7', 'COMPLETED', '2023-01-01 00:00:00');
INSERT INTO car_booking_history (id, booking_id, status, changed_at) VALUES ('54d6eac4-b2f0-40fc-9c34-30d4d8c1e864', 'b1fdebf2-d122-4bff-b3f4-a2782cf947e6', 'PENDING', '2023-01-01 00:00:00');
INSERT INTO car_booking_history (id, booking_id, status, changed_at) VALUES ('a27b6499-c255-401f-814d-6790a0d4840d', 'b1fdebf2-d122-4bff-b3f4-a2782cf947e6', 'COMPLETED', '2023-01-01 00:00:00');
INSERT INTO car_booking_history (id, booking_id, status, changed_at) VALUES ('887f31cb-5430-48dc-99d7-94450398eb52', '551ec303-0f90-43bf-915f-10075c88167a', 'PENDING', '2023-01-01 00:00:00');
INSERT INTO car_booking_history (id, booking_id, status, changed_at) VALUES ('6b24ae98-c6d1-497c-9efe-cae1a03c41c1', '551ec303-0f90-43bf-915f-10075c88167a', 'COMPLETED', '2023-01-01 00:00:00');
INSERT INTO car_booking_history (id, booking_id, status, changed_at) VALUES ('525f6795-30a5-4260-a2d6-f47eb5664c99', 'b5070bfa-b33b-4c2d-a250-2bc187c5b5b3', 'PENDING', '2023-01-01 00:00:00');
INSERT INTO car_booking_history (id, booking_id, status, changed_at) VALUES ('5c596766-7fd9-4357-a022-1a5154e2a4f6', 'b5070bfa-b33b-4c2d-a250-2bc187c5b5b3', 'COMPLETED', '2023-01-01 00:00:00');
INSERT INTO car_booking_history (id, booking_id, status, changed_at) VALUES ('ad1bfdd3-31a0-497f-a127-8f9a8a37806b', '9f23b32d-abfa-4ae4-b6c7-1ce7fcb30d60', 'PENDING', '2023-01-01 00:00:00');
INSERT INTO car_booking_history (id, booking_id, status, changed_at) VALUES ('5ac29256-9eb5-46d3-98cf-f7d8fe919b65', '9f23b32d-abfa-4ae4-b6c7-1ce7fcb30d60', 'COMPLETED', '2023-01-01 00:00:00');
INSERT INTO car_booking_history (id, booking_id, status, changed_at) VALUES ('0961cacb-cbd9-4fcd-8fa3-79810ab85668', '0062db10-6c6e-43f8-8112-6efba67c7c7a', 'PENDING', '2023-01-01 00:00:00');
INSERT INTO car_booking_history (id, booking_id, status, changed_at) VALUES ('9bab0201-abf8-45c2-8829-3d3db27f3fa8', '0062db10-6c6e-43f8-8112-6efba67c7c7a', 'COMPLETED', '2023-01-01 00:00:00');
INSERT INTO car_booking_history (id, booking_id, status, changed_at) VALUES ('3f502aa3-27c4-44f7-b6e1-05b074f32dde', '19318ff4-c701-4c79-8ab3-ace2c5ac41a5', 'PENDING', '2023-01-01 00:00:00');
INSERT INTO car_booking_history (id, booking_id, status, changed_at) VALUES ('013b0c96-e584-4bf7-9fa6-335e46e79cf5', '19318ff4-c701-4c79-8ab3-ace2c5ac41a5', 'COMPLETED', '2023-01-01 00:00:00');
INSERT INTO car_booking_history (id, booking_id, status, changed_at) VALUES ('4a7bc929-2633-4643-907e-54914009cbb0', '0e79fd4c-e330-4cea-960e-880abb307705', 'PENDING', '2023-01-01 00:00:00');
INSERT INTO car_booking_history (id, booking_id, status, changed_at) VALUES ('d471d064-e7e9-4484-8cc5-01f114c8b96b', '0e79fd4c-e330-4cea-960e-880abb307705', 'COMPLETED', '2023-01-01 00:00:00');
INSERT INTO car_booking_history (id, booking_id, status, changed_at) VALUES ('96cf80b1-cf20-4025-a694-157acaa7ddc6', '19fa1219-0ae5-4531-9c19-ed1fda6f92d5', 'PENDING', '2023-01-01 00:00:00');
INSERT INTO car_booking_history (id, booking_id, status, changed_at) VALUES ('5aa4fe59-bfd9-4279-b229-2181fb26bf8e', '19fa1219-0ae5-4531-9c19-ed1fda6f92d5', 'COMPLETED', '2023-01-01 00:00:00');
INSERT INTO car_booking_history (id, booking_id, status, changed_at) VALUES ('a6a3ad17-30a6-4b91-a12d-0f38258610c3', '85dab4ef-0102-482f-bde1-dbb5273adf1a', 'PENDING', '2023-01-01 00:00:00');
INSERT INTO car_booking_history (id, booking_id, status, changed_at) VALUES ('f7fa9240-7d3e-4cbf-a288-8d3340e8fcd1', '85dab4ef-0102-482f-bde1-dbb5273adf1a', 'COMPLETED', '2023-01-01 00:00:00');
INSERT INTO car_booking_history (id, booking_id, status, changed_at) VALUES ('2aa265f0-393d-4e0a-8117-e83caf93f8b4', '509340b5-3f66-40b1-8b1b-a2d996b4661e', 'PENDING', '2023-01-01 00:00:00');
INSERT INTO car_booking_history (id, booking_id, status, changed_at) VALUES ('9460e775-d2c5-49ff-9c3d-ed2d9f86298d', '509340b5-3f66-40b1-8b1b-a2d996b4661e', 'COMPLETED', '2023-01-01 00:00:00');
INSERT INTO car_booking_history (id, booking_id, status, changed_at) VALUES ('b918077a-c46e-4620-8d6d-de2e2dacd3d4', '59fe2d80-c341-4fea-934e-67918cfd036f', 'PENDING', '2023-01-01 00:00:00');
INSERT INTO car_booking_history (id, booking_id, status, changed_at) VALUES ('60363b8f-37fd-4b8a-abb1-f589ed611f03', '59fe2d80-c341-4fea-934e-67918cfd036f', 'COMPLETED', '2023-01-01 00:00:00');
INSERT INTO car_booking_history (id, booking_id, status, changed_at) VALUES ('8a66bd78-9a29-44fd-84e9-4a471d798865', '208e0247-3387-4d58-910e-5f1e830b0943', 'PENDING', '2023-01-01 00:00:00');
INSERT INTO car_booking_history (id, booking_id, status, changed_at) VALUES ('9e005efa-5c04-484f-af21-7dcf65ff2228', '208e0247-3387-4d58-910e-5f1e830b0943', 'COMPLETED', '2023-01-01 00:00:00');
INSERT INTO car_booking_history (id, booking_id, status, changed_at) VALUES ('e2ca8a37-920c-43e0-968d-1b836a3a7eb2', '504ab72d-e9a1-4a62-9a5f-78494f5bc4ec', 'PENDING', '2023-01-01 00:00:00');
INSERT INTO car_booking_history (id, booking_id, status, changed_at) VALUES ('bdc70365-4ec2-4a5c-9e21-86e52e6e88e2', '504ab72d-e9a1-4a62-9a5f-78494f5bc4ec', 'COMPLETED', '2023-01-01 00:00:00');
INSERT INTO car_booking_history (id, booking_id, status, changed_at) VALUES ('77d9cb14-470d-48e7-9613-789aec9e7ebb', 'a52c8f5c-b424-4cfc-9bb4-d2437b716f8b', 'PENDING', '2023-01-01 00:00:00');
INSERT INTO car_booking_history (id, booking_id, status, changed_at) VALUES ('c0519309-216c-49b4-81e8-67a5bda792f7', 'a52c8f5c-b424-4cfc-9bb4-d2437b716f8b', 'COMPLETED', '2023-01-01 00:00:00');
INSERT INTO car_booking_history (id, booking_id, status, changed_at) VALUES ('59a5d657-6cbf-4af8-93d2-99805ef796b1', '7d4e42c2-97d6-4265-b39a-0d9a59fe6015', 'PENDING', '2023-01-01 00:00:00');
INSERT INTO car_booking_history (id, booking_id, status, changed_at) VALUES ('0078c09f-32f4-4cdd-b57e-f2a301e80442', '7d4e42c2-97d6-4265-b39a-0d9a59fe6015', 'COMPLETED', '2023-01-01 00:00:00');
INSERT INTO car_booking_history (id, booking_id, status, changed_at) VALUES ('49b21f9d-6781-4a1f-a0bb-6dd76c78ed70', '0cf2a947-cc0a-4111-9a94-58e36451dabc', 'PENDING', '2023-01-01 00:00:00');
INSERT INTO car_booking_history (id, booking_id, status, changed_at) VALUES ('09061dca-07c5-4a56-9bb4-e4b91ef2fecf', '0cf2a947-cc0a-4111-9a94-58e36451dabc', 'COMPLETED', '2023-01-01 00:00:00');
INSERT INTO car_booking_history (id, booking_id, status, changed_at) VALUES ('2ff5b7b8-d0a9-4e49-9472-c4fb4a8a8b4c', '4f1c73a3-0ef5-45ad-99ee-73dde8dccbd2', 'PENDING', '2023-01-01 00:00:00');
INSERT INTO car_booking_history (id, booking_id, status, changed_at) VALUES ('72923d70-6513-4743-b52e-03dbfedee897', '4f1c73a3-0ef5-45ad-99ee-73dde8dccbd2', 'COMPLETED', '2023-01-01 00:00:00');
INSERT INTO car_booking_history (id, booking_id, status, changed_at) VALUES ('2ffcda5b-45b2-4b72-8602-41b106a82a7a', '6ea19d2e-b453-4a3c-8a5b-082d797fbdf4', 'PENDING', '2023-01-01 00:00:00');
INSERT INTO car_booking_history (id, booking_id, status, changed_at) VALUES ('73620d7e-3ecc-429e-8f25-47e837503bbd', '6ea19d2e-b453-4a3c-8a5b-082d797fbdf4', 'COMPLETED', '2023-01-01 00:00:00');
INSERT INTO car_booking_history (id, booking_id, status, changed_at) VALUES ('e31cd0bc-fa81-4338-ac9f-29d6397f5e51', 'c9f60823-61e6-456c-bd11-e4d2e922d952', 'PENDING', '2023-01-01 00:00:00');
INSERT INTO car_booking_history (id, booking_id, status, changed_at) VALUES ('baafa478-4100-42e5-850f-6635adf2503d', 'c9f60823-61e6-456c-bd11-e4d2e922d952', 'COMPLETED', '2023-01-01 00:00:00');
INSERT INTO car_booking_history (id, booking_id, status, changed_at) VALUES ('88262343-5307-4d78-8336-748c956083ef', '52ed2b59-1171-4826-96e2-0227b755db28', 'PENDING', '2023-01-01 00:00:00');
INSERT INTO car_booking_history (id, booking_id, status, changed_at) VALUES ('0decccea-a3d6-48ef-a9bb-b9f54ae53f77', '52ed2b59-1171-4826-96e2-0227b755db28', 'COMPLETED', '2023-01-01 00:00:00');
INSERT INTO car_booking_history (id, booking_id, status, changed_at) VALUES ('d50de82a-726a-4daa-954c-2802826563ab', 'aa012a40-0fcc-434b-b863-8397bf4b587f', 'PENDING', '2023-01-01 00:00:00');
INSERT INTO car_booking_history (id, booking_id, status, changed_at) VALUES ('5290cb9a-fd93-402b-8e46-9d81272197a0', 'aa012a40-0fcc-434b-b863-8397bf4b587f', 'COMPLETED', '2023-01-01 00:00:00');
INSERT INTO car_booking_history (id, booking_id, status, changed_at) VALUES ('60ded890-61c3-47da-811d-9d7157c1fb32', '895ec460-c2fd-4a1a-95a4-824067232dad', 'PENDING', '2023-01-01 00:00:00');
INSERT INTO car_booking_history (id, booking_id, status, changed_at) VALUES ('809734d4-4ba4-4279-bc03-7acfa413a1b8', '895ec460-c2fd-4a1a-95a4-824067232dad', 'COMPLETED', '2023-01-01 00:00:00');
INSERT INTO car_booking_history (id, booking_id, status, changed_at) VALUES ('d85e2e13-efec-43e4-a5b5-ac3bfb775bb7', '05489ec3-239f-4d7e-8793-f678b9fdc903', 'PENDING', '2023-01-01 00:00:00');
INSERT INTO car_booking_history (id, booking_id, status, changed_at) VALUES ('b42433bf-a58a-4825-80ca-2fd36698cf40', '05489ec3-239f-4d7e-8793-f678b9fdc903', 'COMPLETED', '2023-01-01 00:00:00');
INSERT INTO car_booking_history (id, booking_id, status, changed_at) VALUES ('77b93920-04ba-4595-96db-a7f8f7c0a66f', '713cfb75-249d-41a0-a1ff-52d2cd215651', 'PENDING', '2023-01-01 00:00:00');
INSERT INTO car_booking_history (id, booking_id, status, changed_at) VALUES ('3fa16fbb-5e3d-48ba-92ff-61909339342f', '713cfb75-249d-41a0-a1ff-52d2cd215651', 'COMPLETED', '2023-01-01 00:00:00');
INSERT INTO car_booking_history (id, booking_id, status, changed_at) VALUES ('8f4bd0dc-770b-4046-a47d-407ddfd9054a', '9ad7eb8b-d1fb-4b2e-ae21-ec60630cc0f6', 'PENDING', '2023-01-01 00:00:00');
INSERT INTO car_booking_history (id, booking_id, status, changed_at) VALUES ('f287edbe-dfbc-43cd-9c85-6ddc095ff973', '9ad7eb8b-d1fb-4b2e-ae21-ec60630cc0f6', 'COMPLETED', '2023-01-01 00:00:00');
INSERT INTO car_booking_history (id, booking_id, status, changed_at) VALUES ('f022e124-41ac-47df-b64a-9bb3e78ff887', '65f93906-7864-41cc-bd1a-1f164b1eea6d', 'PENDING', '2023-01-01 00:00:00');
INSERT INTO car_booking_history (id, booking_id, status, changed_at) VALUES ('c86e229d-f0e8-4159-a860-dd1879730931', '65f93906-7864-41cc-bd1a-1f164b1eea6d', 'COMPLETED', '2023-01-01 00:00:00');
INSERT INTO car_booking_history (id, booking_id, status, changed_at) VALUES ('4666c2c1-1ee3-41ef-9a44-6dbaf4750dfe', '8e6c0da9-5cbd-4b18-8d25-2f5c80d87feb', 'PENDING', '2023-01-01 00:00:00');
INSERT INTO car_booking_history (id, booking_id, status, changed_at) VALUES ('ed7c5412-862c-4a34-a33f-58de64cd27ee', '8e6c0da9-5cbd-4b18-8d25-2f5c80d87feb', 'COMPLETED', '2023-01-01 00:00:00');
INSERT INTO car_booking_history (id, booking_id, status, changed_at) VALUES ('34a8e69c-c0fc-4df7-a280-cb5aa3c748f8', '71652cbe-3e3c-4440-9bd4-099e01ccd993', 'PENDING', '2023-01-01 00:00:00');
INSERT INTO car_booking_history (id, booking_id, status, changed_at) VALUES ('b54455b9-2051-4bbf-9ab9-8d847fcb5119', '71652cbe-3e3c-4440-9bd4-099e01ccd993', 'COMPLETED', '2023-01-01 00:00:00');
INSERT INTO car_booking_history (id, booking_id, status, changed_at) VALUES ('4e87ebb8-7395-43f6-b1a6-85bb98e653eb', '599f49d5-6e39-4db7-bf3f-9c2db4ccecaf', 'PENDING', '2023-01-01 00:00:00');
INSERT INTO car_booking_history (id, booking_id, status, changed_at) VALUES ('ec0ff83e-f77c-407a-9126-f0e48fcfaa21', '599f49d5-6e39-4db7-bf3f-9c2db4ccecaf', 'COMPLETED', '2023-01-01 00:00:00');
INSERT INTO car_booking_history (id, booking_id, status, changed_at) VALUES ('be7fe519-feb3-4dad-832e-0c262f40e00b', 'b2553939-9283-42d6-ad7b-6df96ba9c7b6', 'PENDING', '2023-01-01 00:00:00');
INSERT INTO car_booking_history (id, booking_id, status, changed_at) VALUES ('f6d55747-9168-4047-a582-0ba1bc7c7fdb', 'b2553939-9283-42d6-ad7b-6df96ba9c7b6', 'COMPLETED', '2023-01-01 00:00:00');
INSERT INTO car_booking_history (id, booking_id, status, changed_at) VALUES ('b8951157-546c-499c-80a2-cd47296d76d3', '580f1462-0597-401b-b581-352e25823fbd', 'PENDING', '2023-01-01 00:00:00');
INSERT INTO car_booking_history (id, booking_id, status, changed_at) VALUES ('42cff13c-d38e-4aa6-a507-5e30bc4dc4b0', '580f1462-0597-401b-b581-352e25823fbd', 'COMPLETED', '2023-01-01 00:00:00');
INSERT INTO car_booking_history (id, booking_id, status, changed_at) VALUES ('32f75ce3-ba86-4857-8b19-08669effd39d', 'e774231c-ba32-4d0d-96cb-f55f695b9530', 'PENDING', '2023-01-01 00:00:00');
INSERT INTO car_booking_history (id, booking_id, status, changed_at) VALUES ('83935efe-cdd0-4678-b0b5-af6579b662cb', 'e774231c-ba32-4d0d-96cb-f55f695b9530', 'COMPLETED', '2023-01-01 00:00:00');
INSERT INTO car_booking_history (id, booking_id, status, changed_at) VALUES ('5263d5c5-8724-4b09-b2d5-b6340ebc988e', '8353b36d-dffc-4af4-8c4c-e995e4bb5982', 'PENDING', '2023-01-01 00:00:00');
INSERT INTO car_booking_history (id, booking_id, status, changed_at) VALUES ('c8b1a834-8712-41cb-86ae-b969e9e4614c', '8353b36d-dffc-4af4-8c4c-e995e4bb5982', 'COMPLETED', '2023-01-01 00:00:00');
INSERT INTO car_booking_history (id, booking_id, status, changed_at) VALUES ('21b3febf-f2ed-4eed-b25a-31e18d3ab6a3', 'cd3df36c-42bf-4c14-a924-5a4ef7222dd3', 'PENDING', '2023-01-01 00:00:00');
INSERT INTO car_booking_history (id, booking_id, status, changed_at) VALUES ('8c13457a-0755-4618-96c1-e4b98fd99c18', 'cd3df36c-42bf-4c14-a924-5a4ef7222dd3', 'COMPLETED', '2023-01-01 00:00:00');
INSERT INTO car_booking_history (id, booking_id, status, changed_at) VALUES ('f29db879-ac8f-4573-99b2-6189c370e78c', '727cb257-6b28-48fe-b6a1-66d1343dbc1a', 'PENDING', '2023-01-01 00:00:00');
INSERT INTO car_booking_history (id, booking_id, status, changed_at) VALUES ('ec803a05-4acb-451a-ab60-62ffa2844e3f', '727cb257-6b28-48fe-b6a1-66d1343dbc1a', 'COMPLETED', '2023-01-01 00:00:00');
INSERT INTO car_booking_history (id, booking_id, status, changed_at) VALUES ('661dcb1e-d762-42cb-a286-06af999d1cee', 'de4fc4eb-7d82-46a0-a193-9d29b8bb333a', 'PENDING', '2023-01-01 00:00:00');
INSERT INTO car_booking_history (id, booking_id, status, changed_at) VALUES ('62b91e4c-da6f-4d1e-b839-1b3c2496d2b4', 'de4fc4eb-7d82-46a0-a193-9d29b8bb333a', 'COMPLETED', '2023-01-01 00:00:00');
INSERT INTO car_booking_history (id, booking_id, status, changed_at) VALUES ('633b78ae-70a1-4440-a041-8c64502e7466', '24ca2c42-80a0-4bee-8c43-b9d2ce49c89a', 'PENDING', '2023-01-01 00:00:00');
INSERT INTO car_booking_history (id, booking_id, status, changed_at) VALUES ('fbc3a608-e7a6-4548-aee6-3d6271186a6e', '24ca2c42-80a0-4bee-8c43-b9d2ce49c89a', 'COMPLETED', '2023-01-01 00:00:00');
INSERT INTO car_booking_history (id, booking_id, status, changed_at) VALUES ('0bf2ca56-53b7-4d28-8703-4b00604d7ffa', 'a0bf9dc5-89a7-4aab-a0b0-309d44f46e2b', 'PENDING', '2023-01-01 00:00:00');
INSERT INTO car_booking_history (id, booking_id, status, changed_at) VALUES ('17857df8-0f0e-4423-9185-e780c0e0f94d', 'a0bf9dc5-89a7-4aab-a0b0-309d44f46e2b', 'COMPLETED', '2023-01-01 00:00:00');
INSERT INTO car_booking_history (id, booking_id, status, changed_at) VALUES ('c5fb23f1-7eb8-40c9-a129-c34967862e9a', 'ae2ed1a6-f384-4baf-8743-41e3bf18f3bd', 'PENDING', '2023-01-01 00:00:00');
INSERT INTO car_booking_history (id, booking_id, status, changed_at) VALUES ('8eaae130-0d6b-43d9-99f9-a198ddc421e4', 'ae2ed1a6-f384-4baf-8743-41e3bf18f3bd', 'COMPLETED', '2023-01-01 00:00:00');
INSERT INTO car_booking_history (id, booking_id, status, changed_at) VALUES ('cfeb9fb3-7588-4477-81c9-ef40cd012fcc', 'ecd8a1d2-1b86-4a50-bf1e-ccb1064f4a81', 'PENDING', '2023-01-01 00:00:00');
INSERT INTO car_booking_history (id, booking_id, status, changed_at) VALUES ('cdd8b999-9b97-4ef6-83b3-6b344f5280dc', 'ecd8a1d2-1b86-4a50-bf1e-ccb1064f4a81', 'COMPLETED', '2023-01-01 00:00:00');
INSERT INTO car_booking_history (id, booking_id, status, changed_at) VALUES ('05e40b22-c331-45a7-b809-f5bb0ff16093', '78378eab-8a48-43cf-aa53-cc25effbd34a', 'PENDING', '2023-01-01 00:00:00');
INSERT INTO car_booking_history (id, booking_id, status, changed_at) VALUES ('a913fd4f-f824-4e51-8ad2-0d3c8236a84c', '78378eab-8a48-43cf-aa53-cc25effbd34a', 'COMPLETED', '2023-01-01 00:00:00');
INSERT INTO car_booking_history (id, booking_id, status, changed_at) VALUES ('55cd4612-ced7-4025-b1e8-c723c72c99e5', 'fe46afe7-dd84-450c-9182-2fa086a918ca', 'PENDING', '2023-01-01 00:00:00');
INSERT INTO car_booking_history (id, booking_id, status, changed_at) VALUES ('32f36a7a-fecb-4ac1-b691-2ccdb26c8c0b', 'fe46afe7-dd84-450c-9182-2fa086a918ca', 'COMPLETED', '2023-01-01 00:00:00');
INSERT INTO car_booking_history (id, booking_id, status, changed_at) VALUES ('7d24dcf9-43bc-47ed-9dcf-800a980563c9', '74125b14-d381-48c4-8d98-e6e57bb32997', 'PENDING', '2023-01-01 00:00:00');
INSERT INTO car_booking_history (id, booking_id, status, changed_at) VALUES ('27b65e36-fb60-4062-a09a-90a342affa4a', '74125b14-d381-48c4-8d98-e6e57bb32997', 'COMPLETED', '2023-01-01 00:00:00');
INSERT INTO car_booking_history (id, booking_id, status, changed_at) VALUES ('d49ca8a3-62fe-4a7c-9c02-57b8d6307c02', 'a2a8d82d-ef74-4049-b8b5-4511beec5acf', 'PENDING', '2023-01-01 00:00:00');
INSERT INTO car_booking_history (id, booking_id, status, changed_at) VALUES ('e5b91acf-76cb-4706-bc0e-2c3ad0338093', 'a2a8d82d-ef74-4049-b8b5-4511beec5acf', 'COMPLETED', '2023-01-01 00:00:00');
INSERT INTO car_booking_history (id, booking_id, status, changed_at) VALUES ('e41b85ab-62b2-423d-8771-3f757ba77434', 'b1d51716-c58a-4f04-b2e4-a5768dd085e1', 'PENDING', '2023-01-01 00:00:00');
INSERT INTO car_booking_history (id, booking_id, status, changed_at) VALUES ('5fb8492c-5c44-4568-920e-be9302fe1b9b', 'b1d51716-c58a-4f04-b2e4-a5768dd085e1', 'COMPLETED', '2023-01-01 00:00:00');
INSERT INTO car_booking_history (id, booking_id, status, changed_at) VALUES ('f5ab356b-a434-47ac-9ab3-fa984e438b9a', 'c1c95e11-1cfe-4f0f-950a-4b16c40e5d9a', 'PENDING', '2023-01-01 00:00:00');
INSERT INTO car_booking_history (id, booking_id, status, changed_at) VALUES ('f9eb01f4-1646-44b2-9d8b-64a20c6dc3b5', 'c1c95e11-1cfe-4f0f-950a-4b16c40e5d9a', 'COMPLETED', '2023-01-01 00:00:00');
INSERT INTO car_booking_history (id, booking_id, status, changed_at) VALUES ('84a58450-f5c8-432f-8f36-4f006fd953d9', 'b9cd2913-51b9-4e2a-a04c-f353bf6fc5d1', 'PENDING', '2023-01-01 00:00:00');
INSERT INTO car_booking_history (id, booking_id, status, changed_at) VALUES ('474989ed-d435-4192-9d56-0ae4fbd75a68', 'b9cd2913-51b9-4e2a-a04c-f353bf6fc5d1', 'COMPLETED', '2023-01-01 00:00:00');
INSERT INTO car_booking_history (id, booking_id, status, changed_at) VALUES ('1aeb5aea-ce14-4fc5-8020-7538e58e1c27', '89813ac6-cefa-44e8-b7ca-503a65cbfb3b', 'PENDING', '2023-01-01 00:00:00');
INSERT INTO car_booking_history (id, booking_id, status, changed_at) VALUES ('dbda3f94-d025-4792-88ef-ff8e758309f0', '89813ac6-cefa-44e8-b7ca-503a65cbfb3b', 'COMPLETED', '2023-01-01 00:00:00');
INSERT INTO car_booking_history (id, booking_id, status, changed_at) VALUES ('f31d33ff-29ae-4242-8761-28735e24df36', '4a4c9652-11b2-4558-be7c-3313189cad54', 'PENDING', '2023-01-01 00:00:00');
INSERT INTO car_booking_history (id, booking_id, status, changed_at) VALUES ('c31b3bf7-8b52-4fc9-a128-5d86cd479777', '4a4c9652-11b2-4558-be7c-3313189cad54', 'COMPLETED', '2023-01-01 00:00:00');
INSERT INTO car_booking_history (id, booking_id, status, changed_at) VALUES ('613e33ca-c44c-4455-a80c-e7d7132fc588', '90523e61-7f0f-4669-8429-10ce57a00ecf', 'PENDING', '2023-01-01 00:00:00');
INSERT INTO car_booking_history (id, booking_id, status, changed_at) VALUES ('010a8c39-b7c6-41e4-b9da-e67ff55997c7', '90523e61-7f0f-4669-8429-10ce57a00ecf', 'COMPLETED', '2023-01-01 00:00:00');
INSERT INTO car_booking_history (id, booking_id, status, changed_at) VALUES ('19e3f629-f7e2-4b53-90ab-4d3abe40bb44', 'a4b8fa0c-3d78-42de-bad7-230d036f4f96', 'PENDING', '2023-01-01 00:00:00');
INSERT INTO car_booking_history (id, booking_id, status, changed_at) VALUES ('6f818d67-13e8-4c93-bbe5-8fcfe22fbb29', 'a4b8fa0c-3d78-42de-bad7-230d036f4f96', 'COMPLETED', '2023-01-01 00:00:00');
INSERT INTO car_booking_history (id, booking_id, status, changed_at) VALUES ('35c8b643-8a1d-4229-b7a5-f562e28e1049', '87a5828d-ec31-42ac-92f4-2e3c27b0cf34', 'PENDING', '2023-01-01 00:00:00');
INSERT INTO car_booking_history (id, booking_id, status, changed_at) VALUES ('721e49bb-1ba3-4518-8bc8-5bfabf6e9a0a', '87a5828d-ec31-42ac-92f4-2e3c27b0cf34', 'COMPLETED', '2023-01-01 00:00:00');
INSERT INTO car_booking_history (id, booking_id, status, changed_at) VALUES ('284defa4-7934-4cbf-8c8b-78a78aee4fee', 'ab505432-2793-4db0-8ae2-ac2d18674080', 'PENDING', '2023-01-01 00:00:00');
INSERT INTO car_booking_history (id, booking_id, status, changed_at) VALUES ('0b28336b-75b5-40a2-b5fd-af04c1f89e52', 'ab505432-2793-4db0-8ae2-ac2d18674080', 'COMPLETED', '2023-01-01 00:00:00');
INSERT INTO car_booking_history (id, booking_id, status, changed_at) VALUES ('fbded303-ddae-4a3b-808e-8a19e06f8609', '493d2109-cadc-47ac-b697-5afc8f70d8e7', 'PENDING', '2023-01-01 00:00:00');
INSERT INTO car_booking_history (id, booking_id, status, changed_at) VALUES ('29fb794f-e466-482d-95fb-7ed8ef7b1b2a', '493d2109-cadc-47ac-b697-5afc8f70d8e7', 'COMPLETED', '2023-01-01 00:00:00');
INSERT INTO car_booking_history (id, booking_id, status, changed_at) VALUES ('3aecc0c1-4336-47ba-b720-407620076879', '18543b33-42e8-4d52-9435-46485ea328aa', 'PENDING', '2023-01-01 00:00:00');
INSERT INTO car_booking_history (id, booking_id, status, changed_at) VALUES ('d6d73d3c-1dac-4712-afa4-0471db9467b9', '18543b33-42e8-4d52-9435-46485ea328aa', 'COMPLETED', '2023-01-01 00:00:00');
INSERT INTO car_booking_history (id, booking_id, status, changed_at) VALUES ('b8ebd69a-23d2-42e5-9925-365413502177', '9329450d-226c-47bf-afe0-454214c7a546', 'PENDING', '2023-01-01 00:00:00');
INSERT INTO car_booking_history (id, booking_id, status, changed_at) VALUES ('cd696c28-47cc-4f13-a263-69cc323146c2', '9329450d-226c-47bf-afe0-454214c7a546', 'COMPLETED', '2023-01-01 00:00:00');
INSERT INTO car_booking_history (id, booking_id, status, changed_at) VALUES ('ba3d8a24-a4f5-4a34-a229-632a86f3070a', 'ef6e47a9-8510-4b75-9783-13b42b5d3163', 'PENDING', '2023-01-01 00:00:00');
INSERT INTO car_booking_history (id, booking_id, status, changed_at) VALUES ('ce526abe-3f17-47bb-a7e6-2d814f00c4c6', 'ef6e47a9-8510-4b75-9783-13b42b5d3163', 'COMPLETED', '2023-01-01 00:00:00');
INSERT INTO car_booking_history (id, booking_id, status, changed_at) VALUES ('9c27d017-c6ff-4715-ac04-8ad3ecd6f5fc', '0bc69fc5-80d7-499c-8d5d-845ae7675da4', 'PENDING', '2023-01-01 00:00:00');
INSERT INTO car_booking_history (id, booking_id, status, changed_at) VALUES ('d351d83c-9579-4f44-a3a4-143f4d6df57d', '0bc69fc5-80d7-499c-8d5d-845ae7675da4', 'COMPLETED', '2023-01-01 00:00:00');
INSERT INTO car_booking_history (id, booking_id, status, changed_at) VALUES ('aff8f7cb-1d5d-4413-89cb-c849ee8cb9cf', '8936c04c-3c7c-41c1-bf09-e0dc27555f3f', 'PENDING', '2023-01-01 00:00:00');
INSERT INTO car_booking_history (id, booking_id, status, changed_at) VALUES ('274f31fa-1616-4717-b5fb-752c198a23bd', '8936c04c-3c7c-41c1-bf09-e0dc27555f3f', 'COMPLETED', '2023-01-01 00:00:00');
INSERT INTO car_booking_history (id, booking_id, status, changed_at) VALUES ('5319b986-7e3e-4671-b444-bc388e85adcf', '1e9ca14c-53d9-4cc2-b68d-5557cac57e1c', 'PENDING', '2023-01-01 00:00:00');
INSERT INTO car_booking_history (id, booking_id, status, changed_at) VALUES ('d0ff8dbf-7aed-4ea1-a61b-60f17906e150', '1e9ca14c-53d9-4cc2-b68d-5557cac57e1c', 'COMPLETED', '2023-01-01 00:00:00');
INSERT INTO car_booking_history (id, booking_id, status, changed_at) VALUES ('20f67fe4-a86d-4f5c-b4e0-a55126f37df7', 'd5d01369-c2be-4673-b0f0-4378a74130c1', 'PENDING', '2023-01-01 00:00:00');
INSERT INTO car_booking_history (id, booking_id, status, changed_at) VALUES ('d53c7637-2aad-4e69-8f33-44b6c4d67617', 'd5d01369-c2be-4673-b0f0-4378a74130c1', 'COMPLETED', '2023-01-01 00:00:00');
INSERT INTO car_booking_history (id, booking_id, status, changed_at) VALUES ('9e32bae2-1905-4ee1-85a8-5d8ffc1d1c01', '78f008b4-3cfd-4eaf-9935-0d1b6a94b372', 'PENDING', '2023-01-01 00:00:00');
INSERT INTO car_booking_history (id, booking_id, status, changed_at) VALUES ('160feabf-60bb-4176-9b1b-4d1f0e30b3f6', '78f008b4-3cfd-4eaf-9935-0d1b6a94b372', 'COMPLETED', '2023-01-01 00:00:00');
INSERT INTO car_booking_history (id, booking_id, status, changed_at) VALUES ('30923cbf-5c9e-461f-bcd7-f435a5eed524', '2972ac91-146e-4011-8a6d-6312cd4acf25', 'PENDING', '2023-01-01 00:00:00');
INSERT INTO car_booking_history (id, booking_id, status, changed_at) VALUES ('16b96e33-848a-4291-b11d-4bbe4d58f88d', '2972ac91-146e-4011-8a6d-6312cd4acf25', 'COMPLETED', '2023-01-01 00:00:00');
INSERT INTO car_booking_history (id, booking_id, status, changed_at) VALUES ('a7f44fcb-c083-4355-8c9e-428ebb8fbe39', '1ee2953d-1b8b-461a-a5ac-20b66dda0bbf', 'PENDING', '2023-01-01 00:00:00');
INSERT INTO car_booking_history (id, booking_id, status, changed_at) VALUES ('dd4c66a1-3cef-4b50-bc98-967fe09a9237', '1ee2953d-1b8b-461a-a5ac-20b66dda0bbf', 'COMPLETED', '2023-01-01 00:00:00');
INSERT INTO car_booking_history (id, booking_id, status, changed_at) VALUES ('569deb73-4b43-4a12-b395-0d4b72588352', 'b02c38ff-380d-4319-afa2-4097b8bd0a00', 'PENDING', '2023-01-01 00:00:00');
INSERT INTO car_booking_history (id, booking_id, status, changed_at) VALUES ('dfb37fd9-9849-4316-af4a-99575887d6e5', 'b02c38ff-380d-4319-afa2-4097b8bd0a00', 'COMPLETED', '2023-01-01 00:00:00');
INSERT INTO car_booking_history (id, booking_id, status, changed_at) VALUES ('766f27c5-001a-4dfc-ae8f-c3980e761cf9', 'cb7c82d3-c3d6-4f15-8827-6e6249dcbec3', 'PENDING', '2023-01-01 00:00:00');
INSERT INTO car_booking_history (id, booking_id, status, changed_at) VALUES ('717c7ff7-14c3-4b1e-b8fb-a4679dba4664', 'cb7c82d3-c3d6-4f15-8827-6e6249dcbec3', 'COMPLETED', '2023-01-01 00:00:00');
INSERT INTO car_booking_history (id, booking_id, status, changed_at) VALUES ('174a6e70-f841-4ee6-9f71-d6e465af5244', '6d087326-57de-4d5e-af27-951512039b9d', 'PENDING', '2023-01-01 00:00:00');
INSERT INTO car_booking_history (id, booking_id, status, changed_at) VALUES ('bcbf06b8-2919-4be8-897a-2f33d86aa0ed', '6d087326-57de-4d5e-af27-951512039b9d', 'COMPLETED', '2023-01-01 00:00:00');
INSERT INTO car_booking_history (id, booking_id, status, changed_at) VALUES ('5f92b0a5-f887-4f64-b207-f8d7515ebd04', '3888165b-0f9f-42e4-8797-d3758a87fe1f', 'PENDING', '2023-01-01 00:00:00');
INSERT INTO car_booking_history (id, booking_id, status, changed_at) VALUES ('f9364bcd-d629-4b87-bc16-6223e5fa2f54', '3888165b-0f9f-42e4-8797-d3758a87fe1f', 'COMPLETED', '2023-01-01 00:00:00');
INSERT INTO car_booking_history (id, booking_id, status, changed_at) VALUES ('1540f2ca-af56-454c-9e35-f578e450784a', '8c9f660d-396a-45d8-beab-33f1a0a82418', 'PENDING', '2023-01-01 00:00:00');
INSERT INTO car_booking_history (id, booking_id, status, changed_at) VALUES ('b032431a-f41e-4487-898f-d304d80013a1', '8c9f660d-396a-45d8-beab-33f1a0a82418', 'COMPLETED', '2023-01-01 00:00:00');
INSERT INTO car_booking_history (id, booking_id, status, changed_at) VALUES ('857523bc-09b5-4c4e-af52-6c5dc81d803f', '4d37d9b8-4e6d-4a0d-88d6-3b3738eef303', 'PENDING', '2023-01-01 00:00:00');
INSERT INTO car_booking_history (id, booking_id, status, changed_at) VALUES ('e6d8b8f4-217e-4269-82bc-aa1a1788c47c', '4d37d9b8-4e6d-4a0d-88d6-3b3738eef303', 'COMPLETED', '2023-01-01 00:00:00');
INSERT INTO car_booking_history (id, booking_id, status, changed_at) VALUES ('ead8820d-5e23-41ad-be39-35a43a94ed6d', 'f26fae8a-82e8-44d8-aaa4-7fc37c33a842', 'PENDING', '2023-01-01 00:00:00');
INSERT INTO car_booking_history (id, booking_id, status, changed_at) VALUES ('b46c359a-31a7-413b-9fd7-f4e82b1f6d1f', 'f26fae8a-82e8-44d8-aaa4-7fc37c33a842', 'COMPLETED', '2023-01-01 00:00:00');
INSERT INTO car_booking_history (id, booking_id, status, changed_at) VALUES ('7d4851a0-2b0d-4e4b-bfa5-ef35ceae4343', 'ba11062f-a0d5-4d5c-a436-a7ed9f9cac4b', 'PENDING', '2023-01-01 00:00:00');
INSERT INTO car_booking_history (id, booking_id, status, changed_at) VALUES ('1be77b4f-f3c6-458d-a866-c64eb44f879d', 'ba11062f-a0d5-4d5c-a436-a7ed9f9cac4b', 'COMPLETED', '2023-01-01 00:00:00');
INSERT INTO car_booking_history (id, booking_id, status, changed_at) VALUES ('097d9e18-4bbb-4548-949a-37acb3d97a08', '865174d8-848f-4ee6-93cb-45d10c8dba87', 'PENDING', '2023-01-01 00:00:00');
INSERT INTO car_booking_history (id, booking_id, status, changed_at) VALUES ('d4e9869a-0ad7-47cd-aa60-db46becdf9be', '865174d8-848f-4ee6-93cb-45d10c8dba87', 'COMPLETED', '2023-01-01 00:00:00');
INSERT INTO car_booking_history (id, booking_id, status, changed_at) VALUES ('baa691f3-bb83-48ba-a950-e74728faabea', '75ecf41a-6536-4455-a764-251c155d4d42', 'PENDING', '2023-01-01 00:00:00');
INSERT INTO car_booking_history (id, booking_id, status, changed_at) VALUES ('a493f809-96f9-460a-9919-c9ecdef4e9a8', '75ecf41a-6536-4455-a764-251c155d4d42', 'COMPLETED', '2023-01-01 00:00:00');
INSERT INTO car_booking_history (id, booking_id, status, changed_at) VALUES ('33e63a0a-20ce-4333-af1b-2419a14eca6c', 'a0481adb-24e1-4532-8ce7-997c81fd9862', 'PENDING', '2023-01-01 00:00:00');
INSERT INTO car_booking_history (id, booking_id, status, changed_at) VALUES ('9c305892-432f-478f-a02b-5722e48f3299', 'a0481adb-24e1-4532-8ce7-997c81fd9862', 'COMPLETED', '2023-01-01 00:00:00');
INSERT INTO car_booking_history (id, booking_id, status, changed_at) VALUES ('52fb0417-33c7-4c91-9a0b-509cb2862697', 'a8ddf48b-5cca-4318-bbe1-2771115f5e8c', 'PENDING', '2023-01-01 00:00:00');
INSERT INTO car_booking_history (id, booking_id, status, changed_at) VALUES ('a0fea1ef-b2d4-4ad5-9fc6-9e4fabad4860', 'a8ddf48b-5cca-4318-bbe1-2771115f5e8c', 'COMPLETED', '2023-01-01 00:00:00');
INSERT INTO car_booking_history (id, booking_id, status, changed_at) VALUES ('3e94cda4-07f8-4b79-a045-dddff69a3e9f', 'cfed60c2-8967-4af8-a7b9-b0aecb87d67a', 'PENDING', '2023-01-01 00:00:00');
INSERT INTO car_booking_history (id, booking_id, status, changed_at) VALUES ('146a2f5f-49ba-4e1e-bb8a-fe7dd916d9d6', 'cfed60c2-8967-4af8-a7b9-b0aecb87d67a', 'COMPLETED', '2023-01-01 00:00:00');
INSERT INTO car_booking_history (id, booking_id, status, changed_at) VALUES ('78064d93-8ba5-4731-9e60-8fb679c163a2', '9c94f32d-6547-49a8-a12d-5740935c70e1', 'PENDING', '2023-01-01 00:00:00');
INSERT INTO car_booking_history (id, booking_id, status, changed_at) VALUES ('1b27e233-5634-4da1-9ceb-6359c4ad24f9', '9c94f32d-6547-49a8-a12d-5740935c70e1', 'COMPLETED', '2023-01-01 00:00:00');
INSERT INTO car_booking_history (id, booking_id, status, changed_at) VALUES ('99cb583f-6324-4d7d-b748-a76692f04d96', '8e17814d-067c-4689-9763-b35fe9eaecc8', 'PENDING', '2023-01-01 00:00:00');
INSERT INTO car_booking_history (id, booking_id, status, changed_at) VALUES ('08763129-4520-4725-80ed-08e86fd368e6', '8e17814d-067c-4689-9763-b35fe9eaecc8', 'COMPLETED', '2023-01-01 00:00:00');
INSERT INTO car_booking_history (id, booking_id, status, changed_at) VALUES ('84117e92-ed51-4a99-8f38-581ef8f606c3', '8d22a845-db4c-4eaf-8085-08e06c74665c', 'PENDING', '2023-01-01 00:00:00');
INSERT INTO car_booking_history (id, booking_id, status, changed_at) VALUES ('9e940578-eab5-4875-9f01-cf39d090b6a5', '8d22a845-db4c-4eaf-8085-08e06c74665c', 'COMPLETED', '2023-01-01 00:00:00');
INSERT INTO car_booking_history (id, booking_id, status, changed_at) VALUES ('eb1cbbd0-630f-4a4a-91dd-878e3484ecc2', '74aa5a96-abae-4387-8afc-0e00b9e8b632', 'PENDING', '2023-01-01 00:00:00');
INSERT INTO car_booking_history (id, booking_id, status, changed_at) VALUES ('ea4ee04f-a343-4619-84a4-56e7802797fe', '74aa5a96-abae-4387-8afc-0e00b9e8b632', 'COMPLETED', '2023-01-01 00:00:00');
INSERT INTO car_booking_history (id, booking_id, status, changed_at) VALUES ('02365972-37db-4d70-be78-a121b82d4633', 'acdc5d7b-2276-4a40-a2e5-2c88831a37b9', 'PENDING', '2023-01-01 00:00:00');
INSERT INTO car_booking_history (id, booking_id, status, changed_at) VALUES ('98f40b95-e363-4a98-b40c-fa36f738ad00', 'acdc5d7b-2276-4a40-a2e5-2c88831a37b9', 'COMPLETED', '2023-01-01 00:00:00');
INSERT INTO car_booking_history (id, booking_id, status, changed_at) VALUES ('4343c8a1-3676-4b35-8706-e99ed8b58499', '6aa2663e-06a9-48f2-94b3-9e19dff5948c', 'PENDING', '2023-01-01 00:00:00');
INSERT INTO car_booking_history (id, booking_id, status, changed_at) VALUES ('e38e2189-b885-4045-a81b-89dc3b7be67e', '6aa2663e-06a9-48f2-94b3-9e19dff5948c', 'COMPLETED', '2023-01-01 00:00:00');
INSERT INTO car_booking_history (id, booking_id, status, changed_at) VALUES ('3478b3ed-8dd1-42c1-a813-70877bbbbdb2', '646c8f84-5ede-461d-b46a-2083254d0728', 'PENDING', '2023-01-01 00:00:00');
INSERT INTO car_booking_history (id, booking_id, status, changed_at) VALUES ('635fb15c-7f71-4e35-b856-feb37523c870', '646c8f84-5ede-461d-b46a-2083254d0728', 'COMPLETED', '2023-01-01 00:00:00');
INSERT INTO car_booking_history (id, booking_id, status, changed_at) VALUES ('ae535b3a-dad7-4c44-a281-17e0bf9a3d08', '47965369-9ac6-46dc-b097-367e770d186f', 'PENDING', '2023-01-01 00:00:00');
INSERT INTO car_booking_history (id, booking_id, status, changed_at) VALUES ('5ff7507f-c11a-45d2-b14a-ad52ff46f630', '47965369-9ac6-46dc-b097-367e770d186f', 'COMPLETED', '2023-01-01 00:00:00');
INSERT INTO car_booking_history (id, booking_id, status, changed_at) VALUES ('465c9f5a-8937-4093-8689-8ce6f45e5faf', '97cb0f3f-dd60-49c5-83eb-8196a4debf0a', 'PENDING', '2023-01-01 00:00:00');
INSERT INTO car_booking_history (id, booking_id, status, changed_at) VALUES ('99238bc0-63bf-4d89-ba8a-83c6289cc06b', '97cb0f3f-dd60-49c5-83eb-8196a4debf0a', 'COMPLETED', '2023-01-01 00:00:00');
INSERT INTO car_booking_history (id, booking_id, status, changed_at) VALUES ('302c7cd8-df4e-4cda-805e-6f1af6e5e2af', '86db7dd0-9df2-41d1-8c89-901917ba24d7', 'PENDING', '2023-01-01 00:00:00');
INSERT INTO car_booking_history (id, booking_id, status, changed_at) VALUES ('426ab187-b61c-4f5b-a8bc-0cd3fd6472d2', '86db7dd0-9df2-41d1-8c89-901917ba24d7', 'COMPLETED', '2023-01-01 00:00:00');
INSERT INTO car_booking_history (id, booking_id, status, changed_at) VALUES ('ea0a0cd0-5c4a-4538-8e82-d2cceff37fa1', 'd3fb453e-2647-4124-bfaa-940b2eb431af', 'PENDING', '2023-01-01 00:00:00');
INSERT INTO car_booking_history (id, booking_id, status, changed_at) VALUES ('3afe9361-4bb2-4ffb-95e8-7d8ccf27b36a', 'd3fb453e-2647-4124-bfaa-940b2eb431af', 'COMPLETED', '2023-01-01 00:00:00');
INSERT INTO car_booking_history (id, booking_id, status, changed_at) VALUES ('904f8093-05e9-48c9-a59c-8ec5a7099360', '1b8b5bfd-8a56-4c70-adaf-0979e06b094a', 'PENDING', '2023-01-01 00:00:00');
INSERT INTO car_booking_history (id, booking_id, status, changed_at) VALUES ('14cdb745-7c4c-4510-b4e8-634859082891', '1b8b5bfd-8a56-4c70-adaf-0979e06b094a', 'COMPLETED', '2023-01-01 00:00:00');
INSERT INTO car_booking_history (id, booking_id, status, changed_at) VALUES ('89e45a92-c9e0-4713-bcba-5d05bd37e6c0', 'acab4cb0-4993-4459-a7a9-c0fc86b54375', 'PENDING', '2023-01-01 00:00:00');
INSERT INTO car_booking_history (id, booking_id, status, changed_at) VALUES ('e5db9b2b-b9dd-4cd1-8cd8-baa67ad027aa', 'acab4cb0-4993-4459-a7a9-c0fc86b54375', 'COMPLETED', '2023-01-01 00:00:00');
INSERT INTO car_booking_history (id, booking_id, status, changed_at) VALUES ('9c4f1ba8-d82a-43e0-94d9-e91fee2c14d2', 'bdd463c9-3c75-4391-8ba3-49794ef77489', 'PENDING', '2023-01-01 00:00:00');
INSERT INTO car_booking_history (id, booking_id, status, changed_at) VALUES ('69882183-7b41-4abb-8357-39888743f76a', 'bdd463c9-3c75-4391-8ba3-49794ef77489', 'COMPLETED', '2023-01-01 00:00:00');
INSERT INTO car_booking_history (id, booking_id, status, changed_at) VALUES ('51f572d6-3441-46a9-8490-0486ba1e6bff', '3b37c4bf-d9c4-4b1a-86ac-9f73a3398782', 'PENDING', '2023-01-01 00:00:00');
INSERT INTO car_booking_history (id, booking_id, status, changed_at) VALUES ('79b92e57-4a61-447f-a7fb-721fbb7e882e', '3b37c4bf-d9c4-4b1a-86ac-9f73a3398782', 'COMPLETED', '2023-01-01 00:00:00');
INSERT INTO car_booking_history (id, booking_id, status, changed_at) VALUES ('ba1cfc8b-f41c-4535-8e1d-05d3c291bea0', '6d1232a2-88af-4a93-9271-bff412ebd608', 'PENDING', '2023-01-01 00:00:00');
INSERT INTO car_booking_history (id, booking_id, status, changed_at) VALUES ('bb4829f5-4162-49c8-94ca-0fc137c16049', '6d1232a2-88af-4a93-9271-bff412ebd608', 'COMPLETED', '2023-01-01 00:00:00');
INSERT INTO car_booking_history (id, booking_id, status, changed_at) VALUES ('2b3ff0ad-7176-4274-99f6-38f32c76dbb3', '6f7256d2-5f90-47c6-860e-e17da54e2e32', 'PENDING', '2023-01-01 00:00:00');
INSERT INTO car_booking_history (id, booking_id, status, changed_at) VALUES ('575d3b49-bd43-4a02-8953-887d875fca86', '6f7256d2-5f90-47c6-860e-e17da54e2e32', 'COMPLETED', '2023-01-01 00:00:00');
INSERT INTO car_booking_history (id, booking_id, status, changed_at) VALUES ('705d83b1-042a-4e60-aa11-ac19b49968bc', '5f446532-a278-420d-8640-b7c6be60f5de', 'PENDING', '2023-01-01 00:00:00');
INSERT INTO car_booking_history (id, booking_id, status, changed_at) VALUES ('b26fed71-6ce4-40ef-bec1-f18bf00e6bbc', '5f446532-a278-420d-8640-b7c6be60f5de', 'COMPLETED', '2023-01-01 00:00:00');
INSERT INTO car_booking_history (id, booking_id, status, changed_at) VALUES ('abc45358-8489-4a64-9ebc-1c223d9089f9', 'ba470a79-cd03-4e93-aee5-f0c4c58ea3dd', 'PENDING', '2023-01-01 00:00:00');
INSERT INTO car_booking_history (id, booking_id, status, changed_at) VALUES ('549db089-d153-4f65-87e5-51e17d65fa27', 'ba470a79-cd03-4e93-aee5-f0c4c58ea3dd', 'COMPLETED', '2023-01-01 00:00:00');
INSERT INTO car_booking_history (id, booking_id, status, changed_at) VALUES ('95b170e9-1534-4922-b6be-78336646fc16', '917a02cb-e6f2-4294-9aed-2738deb73ab4', 'PENDING', '2023-01-01 00:00:00');
INSERT INTO car_booking_history (id, booking_id, status, changed_at) VALUES ('9cf6e04d-8665-43cc-8083-7937eafea81a', '917a02cb-e6f2-4294-9aed-2738deb73ab4', 'COMPLETED', '2023-01-01 00:00:00');
INSERT INTO car_booking_history (id, booking_id, status, changed_at) VALUES ('54e37d7f-7fd6-423d-883d-e0dbc906c942', '12bb3b81-56de-4528-8ab5-05e13342551e', 'PENDING', '2023-01-01 00:00:00');
INSERT INTO car_booking_history (id, booking_id, status, changed_at) VALUES ('85257431-3540-4120-ad55-c79f802b33cb', '12bb3b81-56de-4528-8ab5-05e13342551e', 'COMPLETED', '2023-01-01 00:00:00');
INSERT INTO car_booking_history (id, booking_id, status, changed_at) VALUES ('e1211114-4f25-4cc4-9e36-4036a33fda5f', '91c11fdf-07a4-4f2f-8022-a67446a7e827', 'PENDING', '2023-01-01 00:00:00');
INSERT INTO car_booking_history (id, booking_id, status, changed_at) VALUES ('f72142d0-c76b-40e5-a503-749b5466a196', '91c11fdf-07a4-4f2f-8022-a67446a7e827', 'COMPLETED', '2023-01-01 00:00:00');
INSERT INTO car_booking_history (id, booking_id, status, changed_at) VALUES ('ba8e0c65-2bc0-4518-a207-5fb46e53d840', 'f201a674-449b-4883-b468-96b4c3625eae', 'PENDING', '2023-01-01 00:00:00');
INSERT INTO car_booking_history (id, booking_id, status, changed_at) VALUES ('348b15e4-90f7-461e-9d3d-7ac75e9166f9', 'f201a674-449b-4883-b468-96b4c3625eae', 'COMPLETED', '2023-01-01 00:00:00');
INSERT INTO car_booking_history (id, booking_id, status, changed_at) VALUES ('541747c4-07ac-46b8-a02a-d7b1e307d062', 'c765352c-048f-4f58-b3dd-33028206431d', 'PENDING', '2023-01-01 00:00:00');
INSERT INTO car_booking_history (id, booking_id, status, changed_at) VALUES ('737d9851-1362-43df-af1e-d826c7dc617b', 'c765352c-048f-4f58-b3dd-33028206431d', 'COMPLETED', '2023-01-01 00:00:00');
INSERT INTO car_booking_history (id, booking_id, status, changed_at) VALUES ('5ec8bda8-ad5a-4c2f-8e4e-413253d23272', 'df3dd053-729b-4bea-8f01-be0a7e618721', 'PENDING', '2023-01-01 00:00:00');
INSERT INTO car_booking_history (id, booking_id, status, changed_at) VALUES ('80cf7441-95fa-49e7-9442-11c77e7a33c4', 'df3dd053-729b-4bea-8f01-be0a7e618721', 'COMPLETED', '2023-01-01 00:00:00');
INSERT INTO car_booking_history (id, booking_id, status, changed_at) VALUES ('37dc9ed8-78ab-4bd5-90f7-d3bce56f657d', 'bc3af355-7c22-43f8-bcb4-d48e5278c505', 'PENDING', '2023-01-01 00:00:00');
INSERT INTO car_booking_history (id, booking_id, status, changed_at) VALUES ('bb0a8c54-4052-4c49-8fb7-8bea8e711d33', 'bc3af355-7c22-43f8-bcb4-d48e5278c505', 'COMPLETED', '2023-01-01 00:00:00');
INSERT INTO car_booking_history (id, booking_id, status, changed_at) VALUES ('28e6353e-8905-4baa-bed5-f181249543a5', '3229b05c-b852-41b3-b3b7-64ae44c4880d', 'PENDING', '2023-01-01 00:00:00');
INSERT INTO car_booking_history (id, booking_id, status, changed_at) VALUES ('468a45ef-311f-4441-a248-af17c9e466ea', '3229b05c-b852-41b3-b3b7-64ae44c4880d', 'COMPLETED', '2023-01-01 00:00:00');
INSERT INTO car_booking_history (id, booking_id, status, changed_at) VALUES ('2bf58144-3903-44bd-81fa-646be1402a27', '0721e140-6c5f-4cdf-b3ae-f6136d4380e5', 'PENDING', '2023-01-01 00:00:00');
INSERT INTO car_booking_history (id, booking_id, status, changed_at) VALUES ('4b9d7b48-bb6c-432c-a947-668c056a54be', '0721e140-6c5f-4cdf-b3ae-f6136d4380e5', 'COMPLETED', '2023-01-01 00:00:00');
INSERT INTO car_booking_history (id, booking_id, status, changed_at) VALUES ('ffb2b22d-4912-4b15-983d-2ff303bfbfe0', '6052eb3c-866a-4bef-b84b-79bbe454a0d0', 'PENDING', '2023-01-01 00:00:00');
INSERT INTO car_booking_history (id, booking_id, status, changed_at) VALUES ('15fd6200-fec3-4969-8f5e-6282025ea459', '6052eb3c-866a-4bef-b84b-79bbe454a0d0', 'COMPLETED', '2023-01-01 00:00:00');
INSERT INTO car_booking_history (id, booking_id, status, changed_at) VALUES ('b3937e18-37ac-479f-b57f-0aa3e021bffc', '39d26e0b-9fad-4222-bb4c-9732954fe485', 'PENDING', '2023-01-01 00:00:00');
INSERT INTO car_booking_history (id, booking_id, status, changed_at) VALUES ('0cd18b7d-cd0c-497a-93e4-5dbdfc12e751', '39d26e0b-9fad-4222-bb4c-9732954fe485', 'COMPLETED', '2023-01-01 00:00:00');
INSERT INTO car_booking_history (id, booking_id, status, changed_at) VALUES ('3a7f5193-7b3f-4d01-a3a0-9f80ce646319', '33638f27-c391-4047-bf9c-afd2d011e08c', 'PENDING', '2023-01-01 00:00:00');
INSERT INTO car_booking_history (id, booking_id, status, changed_at) VALUES ('472cd469-35e1-440f-956e-d137e560ef38', '33638f27-c391-4047-bf9c-afd2d011e08c', 'COMPLETED', '2023-01-01 00:00:00');
INSERT INTO car_booking_history (id, booking_id, status, changed_at) VALUES ('5554d2ba-806e-4731-ba22-2fe8bebd1233', '091a2ecd-7847-47c3-a814-d38107c764f2', 'PENDING', '2023-01-01 00:00:00');
INSERT INTO car_booking_history (id, booking_id, status, changed_at) VALUES ('2116f1b5-95dc-411c-b362-d5fec1c32524', '091a2ecd-7847-47c3-a814-d38107c764f2', 'COMPLETED', '2023-01-01 00:00:00');
INSERT INTO car_booking_history (id, booking_id, status, changed_at) VALUES ('516426c0-7fab-4cd5-bbd0-e6dd79032083', '92976cd6-1b30-4154-a146-7dc5ca9a0322', 'PENDING', '2023-01-01 00:00:00');
INSERT INTO car_booking_history (id, booking_id, status, changed_at) VALUES ('3afda6d9-b7df-4a10-bfac-1dd9d4c21ce3', '92976cd6-1b30-4154-a146-7dc5ca9a0322', 'COMPLETED', '2023-01-01 00:00:00');
INSERT INTO car_booking_history (id, booking_id, status, changed_at) VALUES ('51cf3268-693e-4073-99f6-39c784516804', '94953c0d-ff8d-4d72-8689-c4c6effb932d', 'PENDING', '2023-01-01 00:00:00');
INSERT INTO car_booking_history (id, booking_id, status, changed_at) VALUES ('706c544f-6938-4a55-8ef5-6f67b175a191', '94953c0d-ff8d-4d72-8689-c4c6effb932d', 'COMPLETED', '2023-01-01 00:00:00');
INSERT INTO car_booking_history (id, booking_id, status, changed_at) VALUES ('a189f5d1-70e6-46eb-9811-9d1379b1da1b', '153b1b57-a8cc-43c2-b096-5a2a1290c222', 'PENDING', '2023-01-01 00:00:00');
INSERT INTO car_booking_history (id, booking_id, status, changed_at) VALUES ('c9bceebb-f8e2-4c07-88dc-0a8f1fa81911', '153b1b57-a8cc-43c2-b096-5a2a1290c222', 'COMPLETED', '2023-01-01 00:00:00');
INSERT INTO car_booking_history (id, booking_id, status, changed_at) VALUES ('fdc58fc9-35db-4359-acb6-81c5fed7649f', '42058f97-061c-4eb3-854b-82ba1b5d4b72', 'PENDING', '2023-01-01 00:00:00');
INSERT INTO car_booking_history (id, booking_id, status, changed_at) VALUES ('14e2daf9-cf12-492f-96bc-002e0dcfb5a7', '42058f97-061c-4eb3-854b-82ba1b5d4b72', 'COMPLETED', '2023-01-01 00:00:00');
INSERT INTO car_booking_history (id, booking_id, status, changed_at) VALUES ('6a471d18-cd08-487c-a1e9-d22e4256be11', '7fb38c0c-49cc-41a1-b768-14ca1165c965', 'PENDING', '2023-01-01 00:00:00');
INSERT INTO car_booking_history (id, booking_id, status, changed_at) VALUES ('866e88f3-6726-4251-8348-6bf017048239', '7fb38c0c-49cc-41a1-b768-14ca1165c965', 'COMPLETED', '2023-01-01 00:00:00');
INSERT INTO car_booking_history (id, booking_id, status, changed_at) VALUES ('37dd1272-bd28-4637-84e8-91e8c0853597', '27dc7f3d-60a2-43b8-823d-448e32649f31', 'PENDING', '2023-01-01 00:00:00');
INSERT INTO car_booking_history (id, booking_id, status, changed_at) VALUES ('78c0cab3-638f-4637-b637-09a04d6c19bc', '27dc7f3d-60a2-43b8-823d-448e32649f31', 'COMPLETED', '2023-01-01 00:00:00');
INSERT INTO car_booking_history (id, booking_id, status, changed_at) VALUES ('bf7f17b4-5407-4bae-9680-6a2c7a7787c1', 'c6cd800d-0ec4-4334-b100-0ec63efe5c3a', 'PENDING', '2023-01-01 00:00:00');
INSERT INTO car_booking_history (id, booking_id, status, changed_at) VALUES ('86e97352-43bc-4d2b-8e63-80db62691536', 'c6cd800d-0ec4-4334-b100-0ec63efe5c3a', 'COMPLETED', '2023-01-01 00:00:00');
INSERT INTO car_booking_history (id, booking_id, status, changed_at) VALUES ('fbaf40f7-e223-4ab8-b468-d69ea3c7d8bc', '29e289ae-7272-49c3-a00d-bd839d2bd13b', 'PENDING', '2023-01-01 00:00:00');
INSERT INTO car_booking_history (id, booking_id, status, changed_at) VALUES ('51e5c082-ebed-4111-9a85-924eeb3a4328', '29e289ae-7272-49c3-a00d-bd839d2bd13b', 'COMPLETED', '2023-01-01 00:00:00');
INSERT INTO car_booking_history (id, booking_id, status, changed_at) VALUES ('a74f1093-d7fb-48ab-9f2c-88d287505a11', '0dbd3771-7476-44bd-b1ff-1e735978edf7', 'PENDING', '2023-01-01 00:00:00');
INSERT INTO car_booking_history (id, booking_id, status, changed_at) VALUES ('7613f693-6100-4341-93c8-c50fb9dc8f4f', '0dbd3771-7476-44bd-b1ff-1e735978edf7', 'COMPLETED', '2023-01-01 00:00:00');
INSERT INTO car_booking_history (id, booking_id, status, changed_at) VALUES ('87b60baa-8df9-466f-9312-ce140d780f13', 'e3b70e95-1c3b-4a48-8c21-a6fe06e7ca11', 'PENDING', '2023-01-01 00:00:00');
INSERT INTO car_booking_history (id, booking_id, status, changed_at) VALUES ('5532bdc7-cf18-4869-85f0-fb4ddec21fb5', 'e3b70e95-1c3b-4a48-8c21-a6fe06e7ca11', 'COMPLETED', '2023-01-01 00:00:00');
INSERT INTO car_booking_history (id, booking_id, status, changed_at) VALUES ('0e0f139f-0fb9-4ba9-a058-53473f88821f', 'ae6154dd-fa38-4dfb-a78e-5a341de572b2', 'PENDING', '2023-01-01 00:00:00');
INSERT INTO car_booking_history (id, booking_id, status, changed_at) VALUES ('932943d7-9334-4ffd-8ff6-e0eb5b651f9d', 'ae6154dd-fa38-4dfb-a78e-5a341de572b2', 'COMPLETED', '2023-01-01 00:00:00');
INSERT INTO car_booking_history (id, booking_id, status, changed_at) VALUES ('58002544-e6de-4140-8e7d-25c9b4310ee6', '1b861b6c-662f-4c3d-9e55-8c1c31350d8b', 'PENDING', '2023-01-01 00:00:00');
INSERT INTO car_booking_history (id, booking_id, status, changed_at) VALUES ('2ddb56b1-0ff9-40cc-b314-531097b82dce', '1b861b6c-662f-4c3d-9e55-8c1c31350d8b', 'COMPLETED', '2023-01-01 00:00:00');
INSERT INTO car_booking_history (id, booking_id, status, changed_at) VALUES ('77eae424-78ea-4492-85f4-75b3d0eedd79', '5e87071d-f04c-4c24-b672-316c71458554', 'PENDING', '2023-01-01 00:00:00');
INSERT INTO car_booking_history (id, booking_id, status, changed_at) VALUES ('55e089f4-bbb2-4bef-a3dd-1fb4039d5bfc', '5e87071d-f04c-4c24-b672-316c71458554', 'COMPLETED', '2023-01-01 00:00:00');
INSERT INTO car_booking_history (id, booking_id, status, changed_at) VALUES ('efa3eb28-4119-4dee-b649-f2da99ab59e7', 'a5ed8a05-f098-4147-b9ef-9b3419c7728a', 'PENDING', '2023-01-01 00:00:00');
INSERT INTO car_booking_history (id, booking_id, status, changed_at) VALUES ('94eae0b3-a208-44ea-8dae-1a906ca89be4', 'a5ed8a05-f098-4147-b9ef-9b3419c7728a', 'COMPLETED', '2023-01-01 00:00:00');
INSERT INTO car_booking_history (id, booking_id, status, changed_at) VALUES ('32a379ed-7d7f-487b-b0cf-becb7f7b23dd', '551028fd-6b02-46e6-8800-0e901cf069e1', 'PENDING', '2023-01-01 00:00:00');
INSERT INTO car_booking_history (id, booking_id, status, changed_at) VALUES ('3b61b5ef-c12b-47a7-a2a2-48cf60ac0aea', '551028fd-6b02-46e6-8800-0e901cf069e1', 'COMPLETED', '2023-01-01 00:00:00');
INSERT INTO car_booking_history (id, booking_id, status, changed_at) VALUES ('c1fa7abb-b4ff-45ba-8876-5c41492348b9', 'ff246966-cd84-4606-b86a-18a3a2633c1a', 'PENDING', '2023-01-01 00:00:00');
INSERT INTO car_booking_history (id, booking_id, status, changed_at) VALUES ('57575898-988b-490d-b947-e8aa82f2c65f', 'ff246966-cd84-4606-b86a-18a3a2633c1a', 'COMPLETED', '2023-01-01 00:00:00');
INSERT INTO car_booking_history (id, booking_id, status, changed_at) VALUES ('4881d1e0-6683-4077-9cf0-df49eb0ca5be', '7f975346-9925-45f1-94bc-9982bcc6ef73', 'PENDING', '2023-01-01 00:00:00');
INSERT INTO car_booking_history (id, booking_id, status, changed_at) VALUES ('aabd8710-2d5d-434b-94ea-bd3672187f59', '7f975346-9925-45f1-94bc-9982bcc6ef73', 'COMPLETED', '2023-01-01 00:00:00');
INSERT INTO car_booking_history (id, booking_id, status, changed_at) VALUES ('33aed53d-fe54-4867-aea4-c567b88de6d4', 'afa60456-d14b-4ab4-b6fd-42e960e710b4', 'PENDING', '2023-01-01 00:00:00');
INSERT INTO car_booking_history (id, booking_id, status, changed_at) VALUES ('3cc64cfb-2e81-4f8a-ad85-fc0b8a4d579b', 'afa60456-d14b-4ab4-b6fd-42e960e710b4', 'COMPLETED', '2023-01-01 00:00:00');
INSERT INTO car_booking_history (id, booking_id, status, changed_at) VALUES ('daa622cf-61fb-44d1-b27d-772f577b2222', 'e594ce18-3233-4ee6-8133-69ca85f7050f', 'PENDING', '2023-01-01 00:00:00');
INSERT INTO car_booking_history (id, booking_id, status, changed_at) VALUES ('6d039390-2809-451d-862d-abaacab812b8', 'e594ce18-3233-4ee6-8133-69ca85f7050f', 'COMPLETED', '2023-01-01 00:00:00');
INSERT INTO car_booking_history (id, booking_id, status, changed_at) VALUES ('831c5f34-7081-4ac7-bdd3-09ee06dbc75c', 'e06be4a0-9668-4c80-9a00-174d026a0469', 'PENDING', '2023-01-01 00:00:00');
INSERT INTO car_booking_history (id, booking_id, status, changed_at) VALUES ('3c2fd5d3-6a83-4763-8b86-5ecff9b0de62', 'e06be4a0-9668-4c80-9a00-174d026a0469', 'COMPLETED', '2023-01-01 00:00:00');
INSERT INTO car_booking_history (id, booking_id, status, changed_at) VALUES ('eb4e8144-e32c-468a-9075-729f5925311b', '190fb51c-e2df-467f-a1f1-135e4a9369a1', 'PENDING', '2023-01-01 00:00:00');
INSERT INTO car_booking_history (id, booking_id, status, changed_at) VALUES ('3e3db77c-5d7a-4d42-8fac-bccff393839c', '190fb51c-e2df-467f-a1f1-135e4a9369a1', 'COMPLETED', '2023-01-01 00:00:00');
INSERT INTO car_booking_history (id, booking_id, status, changed_at) VALUES ('3278b1bd-81cc-4e1c-9e62-08a5b14d9647', 'ea49531e-2e68-4a3d-b38a-7c6281ff6ed1', 'PENDING', '2023-01-01 00:00:00');
INSERT INTO car_booking_history (id, booking_id, status, changed_at) VALUES ('e73167bd-5c3c-4449-81e9-51e6eccd76b8', 'ea49531e-2e68-4a3d-b38a-7c6281ff6ed1', 'COMPLETED', '2023-01-01 00:00:00');
INSERT INTO car_booking_history (id, booking_id, status, changed_at) VALUES ('9671334b-e4c9-41c6-8034-4605d386bbf0', 'fccdc05b-b064-4edc-a3dc-8e04cbeab367', 'PENDING', '2023-01-01 00:00:00');
INSERT INTO car_booking_history (id, booking_id, status, changed_at) VALUES ('0397e218-70d9-4b47-9c2c-7487099fd034', 'fccdc05b-b064-4edc-a3dc-8e04cbeab367', 'COMPLETED', '2023-01-01 00:00:00');
INSERT INTO car_booking_history (id, booking_id, status, changed_at) VALUES ('5518f706-6454-4551-b944-32723f740265', '93ff8467-ef4e-453e-ba5f-69be35a0a838', 'PENDING', '2023-01-01 00:00:00');
INSERT INTO car_booking_history (id, booking_id, status, changed_at) VALUES ('7cd90389-fb3a-4e8c-b669-de6bef8810b3', '93ff8467-ef4e-453e-ba5f-69be35a0a838', 'COMPLETED', '2023-01-01 00:00:00');
INSERT INTO car_booking_history (id, booking_id, status, changed_at) VALUES ('91e97dc3-1647-4d63-bb9f-7e479d43d5c4', '91bc5a75-78c5-4fa2-979f-6755dccc0624', 'PENDING', '2023-01-01 00:00:00');
INSERT INTO car_booking_history (id, booking_id, status, changed_at) VALUES ('6e0bb952-56ff-4835-beeb-a49faa4544b0', '91bc5a75-78c5-4fa2-979f-6755dccc0624', 'COMPLETED', '2023-01-01 00:00:00');
INSERT INTO car_booking_history (id, booking_id, status, changed_at) VALUES ('d8dbc707-49a9-45a0-8189-db90da3c99cf', 'adf5848d-e9a2-4874-b060-b06826714ef2', 'PENDING', '2023-01-01 00:00:00');
INSERT INTO car_booking_history (id, booking_id, status, changed_at) VALUES ('3debdb02-3966-4c18-8a83-4254a14f387a', 'adf5848d-e9a2-4874-b060-b06826714ef2', 'COMPLETED', '2023-01-01 00:00:00');
INSERT INTO car_booking_history (id, booking_id, status, changed_at) VALUES ('b14e5fd5-6904-4805-884f-d4d79a05e6ea', 'bc6c4781-a33a-439a-8f39-29500baa9d1a', 'PENDING', '2023-01-01 00:00:00');
INSERT INTO car_booking_history (id, booking_id, status, changed_at) VALUES ('ef9e0ef4-6a3c-4215-8dd4-4049a445012a', 'bc6c4781-a33a-439a-8f39-29500baa9d1a', 'COMPLETED', '2023-01-01 00:00:00');
INSERT INTO car_booking_history (id, booking_id, status, changed_at) VALUES ('f79c1955-edbd-4f45-adf8-ac2e1444b52b', '6483e382-6104-46ca-8c74-56d433b2c83e', 'PENDING', '2023-01-01 00:00:00');
INSERT INTO car_booking_history (id, booking_id, status, changed_at) VALUES ('10b0d7e8-5cb7-43f7-9a59-ae521ea6a595', '6483e382-6104-46ca-8c74-56d433b2c83e', 'COMPLETED', '2023-01-01 00:00:00');
INSERT INTO car_booking_history (id, booking_id, status, changed_at) VALUES ('f4f664aa-c937-484f-af8b-65df12287e67', '5cb9906d-8b93-4cf7-bf42-c8e693164dd6', 'PENDING', '2023-01-01 00:00:00');
INSERT INTO car_booking_history (id, booking_id, status, changed_at) VALUES ('5944b8ae-ee89-4b8d-b951-f92a98ea4d89', '5cb9906d-8b93-4cf7-bf42-c8e693164dd6', 'COMPLETED', '2023-01-01 00:00:00');
INSERT INTO car_booking_history (id, booking_id, status, changed_at) VALUES ('8899f02f-9672-4b3b-81d3-3369465bad8f', 'b4d73f6c-f8a6-421d-86ab-2be4e5bb30b0', 'PENDING', '2023-01-01 00:00:00');
INSERT INTO car_booking_history (id, booking_id, status, changed_at) VALUES ('1f936051-700d-4d83-bde8-13cd5569e65a', 'b4d73f6c-f8a6-421d-86ab-2be4e5bb30b0', 'COMPLETED', '2023-01-01 00:00:00');
INSERT INTO car_booking_history (id, booking_id, status, changed_at) VALUES ('6b7aa6fa-39a3-4a79-9232-4da3a17d6f34', '1405c679-1c14-40c7-a29e-9a338dfb29dd', 'PENDING', '2023-01-01 00:00:00');
INSERT INTO car_booking_history (id, booking_id, status, changed_at) VALUES ('02b57917-f3a0-4878-986e-2db73eec5b14', '1405c679-1c14-40c7-a29e-9a338dfb29dd', 'COMPLETED', '2023-01-01 00:00:00');
INSERT INTO car_booking_history (id, booking_id, status, changed_at) VALUES ('ad100747-4940-474e-9f47-6911eb4a9f52', '30fa35fa-a2d8-473c-9cd6-b6db6729b804', 'PENDING', '2023-01-01 00:00:00');
INSERT INTO car_booking_history (id, booking_id, status, changed_at) VALUES ('62a2cc75-a942-42b9-8c84-3cd660224f45', '30fa35fa-a2d8-473c-9cd6-b6db6729b804', 'COMPLETED', '2023-01-01 00:00:00');
INSERT INTO car_booking_history (id, booking_id, status, changed_at) VALUES ('71fd6e76-dddd-4821-abe1-5d5eb6a960e2', 'c071c5d9-4596-42b1-93ad-a80afa6952ff', 'PENDING', '2023-01-01 00:00:00');
INSERT INTO car_booking_history (id, booking_id, status, changed_at) VALUES ('77f70038-1436-49ac-8df3-70fffb1639f7', 'c071c5d9-4596-42b1-93ad-a80afa6952ff', 'COMPLETED', '2023-01-01 00:00:00');
INSERT INTO car_booking_history (id, booking_id, status, changed_at) VALUES ('8af45925-8565-45f0-a116-dcc60e21f987', '3617dbf5-b810-48d5-87a6-7e815cd0c397', 'PENDING', '2023-01-01 00:00:00');
INSERT INTO car_booking_history (id, booking_id, status, changed_at) VALUES ('4de22fff-a43d-48ac-817b-ed0987da855a', '3617dbf5-b810-48d5-87a6-7e815cd0c397', 'COMPLETED', '2023-01-01 00:00:00');
INSERT INTO car_booking_history (id, booking_id, status, changed_at) VALUES ('7cce6467-8724-497e-828a-49b7d4709d6d', 'b9ae54f1-583c-46b3-8249-e92fc0eb7030', 'PENDING', '2023-01-01 00:00:00');
INSERT INTO car_booking_history (id, booking_id, status, changed_at) VALUES ('3bb2861f-34d6-4bf2-91a3-54f80f2490a7', 'b9ae54f1-583c-46b3-8249-e92fc0eb7030', 'COMPLETED', '2023-01-01 00:00:00');
INSERT INTO car_booking_history (id, booking_id, status, changed_at) VALUES ('052318b1-4ed1-4ac8-8131-c4b79be12186', 'a28dafcf-7b48-40fd-9850-1462e6ceed61', 'PENDING', '2023-01-01 00:00:00');
INSERT INTO car_booking_history (id, booking_id, status, changed_at) VALUES ('26598841-fd3c-4ed2-873a-ee33df1e8767', 'a28dafcf-7b48-40fd-9850-1462e6ceed61', 'COMPLETED', '2023-01-01 00:00:00');
INSERT INTO car_booking_history (id, booking_id, status, changed_at) VALUES ('6c2c5185-2275-41df-afe9-0adcdb7f5614', '22faba3e-ad53-4edd-9d97-77df623190e7', 'PENDING', '2023-01-01 00:00:00');
INSERT INTO car_booking_history (id, booking_id, status, changed_at) VALUES ('0c32a3aa-0289-4dd7-b6cc-8f8b5f0da301', '22faba3e-ad53-4edd-9d97-77df623190e7', 'COMPLETED', '2023-01-01 00:00:00');
INSERT INTO car_booking_history (id, booking_id, status, changed_at) VALUES ('c0131afa-a847-415b-9d3c-cc954c58d64f', 'a99b10ab-efc2-4f23-876c-0f34612a6e54', 'PENDING', '2023-01-01 00:00:00');
INSERT INTO car_booking_history (id, booking_id, status, changed_at) VALUES ('d5589d43-1417-4af8-827a-9562a34ae55e', 'a99b10ab-efc2-4f23-876c-0f34612a6e54', 'COMPLETED', '2023-01-01 00:00:00');
INSERT INTO car_booking_history (id, booking_id, status, changed_at) VALUES ('dcd8d32e-72e2-4c45-8209-ea81560f44c4', 'aa213036-038b-47ce-8429-40d458e590f4', 'PENDING', '2023-01-01 00:00:00');
INSERT INTO car_booking_history (id, booking_id, status, changed_at) VALUES ('2358a51a-fe1d-4c37-8748-f3915cad8c2b', 'aa213036-038b-47ce-8429-40d458e590f4', 'COMPLETED', '2023-01-01 00:00:00');
INSERT INTO car_booking_history (id, booking_id, status, changed_at) VALUES ('4e3ec737-1fb5-455a-b17e-c046b46d6c28', '3ec76d1d-fefa-4168-8347-7ff643b61689', 'PENDING', '2023-01-01 00:00:00');
INSERT INTO car_booking_history (id, booking_id, status, changed_at) VALUES ('de3e9314-ecea-4521-a8ad-1c51db3e8b6b', '3ec76d1d-fefa-4168-8347-7ff643b61689', 'COMPLETED', '2023-01-01 00:00:00');
INSERT INTO car_booking_history (id, booking_id, status, changed_at) VALUES ('488ccabb-f3d3-478d-a954-791041ee1233', '98fa4798-8788-4aa4-b36a-7a72e78b4391', 'PENDING', '2023-01-01 00:00:00');
INSERT INTO car_booking_history (id, booking_id, status, changed_at) VALUES ('b06383bc-9997-4f61-8973-d89c73a1d6b4', '98fa4798-8788-4aa4-b36a-7a72e78b4391', 'COMPLETED', '2023-01-01 00:00:00');
INSERT INTO car_booking_history (id, booking_id, status, changed_at) VALUES ('c7bf8029-a771-4e77-a7b3-ab416dc075bc', '0787d459-44bf-4f1b-acd7-17c971cf4452', 'PENDING', '2023-01-01 00:00:00');
INSERT INTO car_booking_history (id, booking_id, status, changed_at) VALUES ('df45778a-330d-47f0-8a10-810caf0eca04', '0787d459-44bf-4f1b-acd7-17c971cf4452', 'COMPLETED', '2023-01-01 00:00:00');
INSERT INTO car_booking_history (id, booking_id, status, changed_at) VALUES ('10a22e52-45e1-45dd-811d-40aeef57d895', '5f434f43-3141-4c13-a62f-3aa5e74e9f93', 'PENDING', '2023-01-01 00:00:00');
INSERT INTO car_booking_history (id, booking_id, status, changed_at) VALUES ('e1346478-cf60-4324-ac44-a142ef5696be', '5f434f43-3141-4c13-a62f-3aa5e74e9f93', 'COMPLETED', '2023-01-01 00:00:00');
INSERT INTO car_booking_history (id, booking_id, status, changed_at) VALUES ('93c912dd-ed5a-4fcd-bfef-559f060a6e39', '69306d02-3653-4d91-9ed3-b8c32655dc37', 'PENDING', '2023-01-01 00:00:00');
INSERT INTO car_booking_history (id, booking_id, status, changed_at) VALUES ('58ace3e9-c943-46e0-a197-f970fbf51db1', '69306d02-3653-4d91-9ed3-b8c32655dc37', 'COMPLETED', '2023-01-01 00:00:00');
INSERT INTO car_booking_history (id, booking_id, status, changed_at) VALUES ('4d6166c2-ce0e-4cfc-91e0-febbca3fedf6', '8b5b8d17-ddbf-4197-abf7-7e4f6e8c3a8e', 'PENDING', '2023-01-01 00:00:00');
INSERT INTO car_booking_history (id, booking_id, status, changed_at) VALUES ('836ecd95-88a1-4807-bfbd-ae17f2eedc0f', '8b5b8d17-ddbf-4197-abf7-7e4f6e8c3a8e', 'COMPLETED', '2023-01-01 00:00:00');
INSERT INTO car_booking_history (id, booking_id, status, changed_at) VALUES ('f29b93dd-56c4-4779-8aaa-e5d36d170ec8', '503ae9da-1c34-4be8-bf63-b0cda9fe57f6', 'PENDING', '2023-01-01 00:00:00');
INSERT INTO car_booking_history (id, booking_id, status, changed_at) VALUES ('56bb9acd-03d4-4858-b25b-c96a09cdf6ac', '503ae9da-1c34-4be8-bf63-b0cda9fe57f6', 'COMPLETED', '2023-01-01 00:00:00');
INSERT INTO car_booking_history (id, booking_id, status, changed_at) VALUES ('33db3cc1-14a5-456b-8387-2ac8053bc6af', 'b608a55e-518b-4ffa-8ffc-49e563328f54', 'PENDING', '2023-01-01 00:00:00');
INSERT INTO car_booking_history (id, booking_id, status, changed_at) VALUES ('26f68417-d3df-44c3-8c98-bc5e15340777', 'b608a55e-518b-4ffa-8ffc-49e563328f54', 'COMPLETED', '2023-01-01 00:00:00');
INSERT INTO car_booking_history (id, booking_id, status, changed_at) VALUES ('f81c327d-25ec-407f-8812-dd5e9e66bec3', 'baf49ddc-c4a5-4e3b-a372-69b0f436a19d', 'PENDING', '2023-01-01 00:00:00');
INSERT INTO car_booking_history (id, booking_id, status, changed_at) VALUES ('e9051527-5d59-44ec-bed6-6dfc26451b2b', 'baf49ddc-c4a5-4e3b-a372-69b0f436a19d', 'COMPLETED', '2023-01-01 00:00:00');
INSERT INTO car_booking_history (id, booking_id, status, changed_at) VALUES ('85ed28b3-d926-42fd-a5b9-776c72a8bfa3', '45808321-b3fc-462a-b48b-84cf490000a3', 'PENDING', '2023-01-01 00:00:00');
INSERT INTO car_booking_history (id, booking_id, status, changed_at) VALUES ('2e5c4558-6663-4a7a-a2ee-2afa8ee75b17', '45808321-b3fc-462a-b48b-84cf490000a3', 'COMPLETED', '2023-01-01 00:00:00');
INSERT INTO car_booking_history (id, booking_id, status, changed_at) VALUES ('fdf82809-5f47-4258-84d5-5efd579e9f1c', '2d88fd18-4e6c-4fc1-b88e-6b0f18c468cc', 'PENDING', '2023-01-01 00:00:00');
INSERT INTO car_booking_history (id, booking_id, status, changed_at) VALUES ('63a67bf7-332c-41c0-96d8-249921844fd9', '2d88fd18-4e6c-4fc1-b88e-6b0f18c468cc', 'COMPLETED', '2023-01-01 00:00:00');
INSERT INTO car_booking_history (id, booking_id, status, changed_at) VALUES ('add35e13-258f-4cf4-b361-f700af8fdbd8', '84b9a0ac-695f-4d2f-9666-b83f217826fd', 'PENDING', '2023-01-01 00:00:00');
INSERT INTO car_booking_history (id, booking_id, status, changed_at) VALUES ('3b7ea849-3f36-4bad-b171-fba2bc0b7a82', '84b9a0ac-695f-4d2f-9666-b83f217826fd', 'COMPLETED', '2023-01-01 00:00:00');
INSERT INTO car_booking_history (id, booking_id, status, changed_at) VALUES ('c198ba0c-3f58-4670-9223-9ca6708357ca', 'a95149f6-0317-4922-abf5-c39cfc239e7e', 'PENDING', '2023-01-01 00:00:00');
INSERT INTO car_booking_history (id, booking_id, status, changed_at) VALUES ('60e14757-750b-475e-9666-253884249195', 'a95149f6-0317-4922-abf5-c39cfc239e7e', 'COMPLETED', '2023-01-01 00:00:00');
INSERT INTO car_booking_history (id, booking_id, status, changed_at) VALUES ('46b09688-36a3-4efe-9f14-5edcbbd97158', '2c4bf473-84f2-44d5-8962-dc4ef669d0cd', 'PENDING', '2023-01-01 00:00:00');
INSERT INTO car_booking_history (id, booking_id, status, changed_at) VALUES ('204f5208-ddb6-4088-8bad-b864739f8643', '2c4bf473-84f2-44d5-8962-dc4ef669d0cd', 'COMPLETED', '2023-01-01 00:00:00');
INSERT INTO car_booking_history (id, booking_id, status, changed_at) VALUES ('f794377e-9cf6-432a-8566-01487ba39d4b', 'a0e6ff24-c00a-44e0-8154-9c0099faa763', 'PENDING', '2023-01-01 00:00:00');
INSERT INTO car_booking_history (id, booking_id, status, changed_at) VALUES ('d8652318-6367-466a-a052-46fe47b6e1d5', 'a0e6ff24-c00a-44e0-8154-9c0099faa763', 'COMPLETED', '2023-01-01 00:00:00');
INSERT INTO car_booking_history (id, booking_id, status, changed_at) VALUES ('15806c26-7435-4196-b92e-91e42b160291', 'd44b6230-7f72-4a70-ac06-87f1786c6355', 'PENDING', '2023-01-01 00:00:00');
INSERT INTO car_booking_history (id, booking_id, status, changed_at) VALUES ('001495a8-e9d6-49bc-8ef3-419052d71f84', 'd44b6230-7f72-4a70-ac06-87f1786c6355', 'COMPLETED', '2023-01-01 00:00:00');
INSERT INTO car_booking_history (id, booking_id, status, changed_at) VALUES ('28dddf4e-6aee-42c9-ab37-04ad57d0b38b', '8a19fbb4-e4be-47ea-8084-580fde75bcd3', 'PENDING', '2023-01-01 00:00:00');
INSERT INTO car_booking_history (id, booking_id, status, changed_at) VALUES ('8de0e76a-a442-49e8-892b-491bf98ee678', '8a19fbb4-e4be-47ea-8084-580fde75bcd3', 'COMPLETED', '2023-01-01 00:00:00');
INSERT INTO car_booking_history (id, booking_id, status, changed_at) VALUES ('3169b11a-7f5c-4efb-a7ba-d5259c87b9bf', '69b84fe3-0ac4-4bed-b962-3230a9ffcc18', 'PENDING', '2023-01-01 00:00:00');
INSERT INTO car_booking_history (id, booking_id, status, changed_at) VALUES ('adc1508e-6e32-44c4-979d-7eceafc88d55', '69b84fe3-0ac4-4bed-b962-3230a9ffcc18', 'COMPLETED', '2023-01-01 00:00:00');
INSERT INTO car_booking_history (id, booking_id, status, changed_at) VALUES ('467520c3-894d-4046-90b8-b735bba6d785', '36907d2a-56e8-47b5-a161-2aed4134be38', 'PENDING', '2023-01-01 00:00:00');
INSERT INTO car_booking_history (id, booking_id, status, changed_at) VALUES ('66eeaba1-8a2e-47b5-87a7-3b26a9a2df7e', '36907d2a-56e8-47b5-a161-2aed4134be38', 'COMPLETED', '2023-01-01 00:00:00');
INSERT INTO car_booking_history (id, booking_id, status, changed_at) VALUES ('ee0363b0-a9c2-4075-8ed3-8381408abfd7', '866cdb70-1446-49ff-a851-dc2104e50dfd', 'PENDING', '2023-01-01 00:00:00');
INSERT INTO car_booking_history (id, booking_id, status, changed_at) VALUES ('2cb49de9-9679-44d8-8d76-244e2ce11cf9', '866cdb70-1446-49ff-a851-dc2104e50dfd', 'COMPLETED', '2023-01-01 00:00:00');
INSERT INTO car_booking_history (id, booking_id, status, changed_at) VALUES ('50529bd1-b0bb-4ff7-b7ef-298a8c70e33c', 'a10ad527-3075-433f-97c3-153b9a1bb014', 'PENDING', '2023-01-01 00:00:00');
INSERT INTO car_booking_history (id, booking_id, status, changed_at) VALUES ('14b40446-3877-4338-a73c-285ce6b8f4d8', 'a10ad527-3075-433f-97c3-153b9a1bb014', 'COMPLETED', '2023-01-01 00:00:00');
INSERT INTO car_booking_history (id, booking_id, status, changed_at) VALUES ('747f3c61-5fdf-4f58-8656-6217b6c65c19', '05079f97-f894-4e89-a684-666eb8475f7f', 'PENDING', '2023-01-01 00:00:00');
INSERT INTO car_booking_history (id, booking_id, status, changed_at) VALUES ('eddde5b0-3c84-4283-ba95-b57033fc75e8', '05079f97-f894-4e89-a684-666eb8475f7f', 'COMPLETED', '2023-01-01 00:00:00');
INSERT INTO car_booking_history (id, booking_id, status, changed_at) VALUES ('2c1e7617-1112-4627-b5e4-54e446dd37eb', 'c309d6be-b3c6-4eda-9654-f54407dcb6b8', 'PENDING', '2023-01-01 00:00:00');
INSERT INTO car_booking_history (id, booking_id, status, changed_at) VALUES ('d8c12c7f-3278-45e7-8be0-00b35782359f', 'c309d6be-b3c6-4eda-9654-f54407dcb6b8', 'COMPLETED', '2023-01-01 00:00:00');
INSERT INTO car_booking_history (id, booking_id, status, changed_at) VALUES ('fea0d033-a990-4a12-ab5f-2e00bc15d38a', '522e16b5-559e-4558-9999-85e462ed9d62', 'PENDING', '2023-01-01 00:00:00');
INSERT INTO car_booking_history (id, booking_id, status, changed_at) VALUES ('d9b743d6-a3ad-4c4b-bf9a-7a7010882a10', '522e16b5-559e-4558-9999-85e462ed9d62', 'COMPLETED', '2023-01-01 00:00:00');
INSERT INTO car_booking_history (id, booking_id, status, changed_at) VALUES ('3e1288b6-874f-4c15-9153-342e1025d586', 'cb90aadb-b8a5-4cc5-a23e-56b7c84ddaaa', 'PENDING', '2023-01-01 00:00:00');
INSERT INTO car_booking_history (id, booking_id, status, changed_at) VALUES ('93d34839-35d7-40f1-8b7c-6c96cdf7d2ad', 'cb90aadb-b8a5-4cc5-a23e-56b7c84ddaaa', 'COMPLETED', '2023-01-01 00:00:00');
INSERT INTO car_booking_history (id, booking_id, status, changed_at) VALUES ('ccbd40db-a0de-4197-9b11-80bc8cde9d1a', '1c2a60da-4d89-48e8-a44e-12604138fc97', 'PENDING', '2023-01-01 00:00:00');
INSERT INTO car_booking_history (id, booking_id, status, changed_at) VALUES ('f7753bb9-bb70-48b5-955f-e3c2adf09e4c', '1c2a60da-4d89-48e8-a44e-12604138fc97', 'COMPLETED', '2023-01-01 00:00:00');
INSERT INTO car_booking_history (id, booking_id, status, changed_at) VALUES ('951aa440-8e11-49b7-beff-8307a3583645', '93cd5eac-20e2-4c7b-8217-ce4219a73dac', 'PENDING', '2023-01-01 00:00:00');
INSERT INTO car_booking_history (id, booking_id, status, changed_at) VALUES ('8ff3134f-abe9-42a9-ac46-3f611ad83e3c', '93cd5eac-20e2-4c7b-8217-ce4219a73dac', 'COMPLETED', '2023-01-01 00:00:00');
INSERT INTO car_booking_history (id, booking_id, status, changed_at) VALUES ('27bfee5e-e502-4b1d-865f-e89f710a4022', '23d50356-a7da-499a-9046-e11aed5089c6', 'PENDING', '2023-01-01 00:00:00');
INSERT INTO car_booking_history (id, booking_id, status, changed_at) VALUES ('cda65542-22c1-4ac6-adec-c851f686c34d', '23d50356-a7da-499a-9046-e11aed5089c6', 'COMPLETED', '2023-01-01 00:00:00');
INSERT INTO car_booking_history (id, booking_id, status, changed_at) VALUES ('10ae55da-b68f-4877-98ca-5f2eb811b753', '920bd952-1b1b-4b8c-a26b-e3423c797d04', 'PENDING', '2023-01-01 00:00:00');
INSERT INTO car_booking_history (id, booking_id, status, changed_at) VALUES ('a2a4b7c7-7c50-4cb9-8da9-e9f01533c883', '920bd952-1b1b-4b8c-a26b-e3423c797d04', 'COMPLETED', '2023-01-01 00:00:00');
INSERT INTO car_booking_history (id, booking_id, status, changed_at) VALUES ('e10e5f5d-6e1a-4fab-8db8-f214e013f86c', '272e78ba-46b4-4a75-9ae3-45c54e742fb0', 'PENDING', '2023-01-01 00:00:00');
INSERT INTO car_booking_history (id, booking_id, status, changed_at) VALUES ('90a44adf-4ebd-4a98-955f-9eb897f71c81', '272e78ba-46b4-4a75-9ae3-45c54e742fb0', 'COMPLETED', '2023-01-01 00:00:00');
INSERT INTO car_booking_history (id, booking_id, status, changed_at) VALUES ('a9a53577-81fe-48f3-960e-5a570654ccd8', '7926efa8-570d-4f27-bd31-a3d26a2bd1ea', 'PENDING', '2023-01-01 00:00:00');
INSERT INTO car_booking_history (id, booking_id, status, changed_at) VALUES ('43ea1b5e-c656-4067-9b27-15a5a998b162', '7926efa8-570d-4f27-bd31-a3d26a2bd1ea', 'COMPLETED', '2023-01-01 00:00:00');
INSERT INTO car_booking_history (id, booking_id, status, changed_at) VALUES ('bd5a0338-9c0c-4a69-bb57-b080a21185f2', '45329614-cad5-4e02-858a-10c3c4cb5533', 'PENDING', '2023-01-01 00:00:00');
INSERT INTO car_booking_history (id, booking_id, status, changed_at) VALUES ('b4d4cb10-c4a5-4a0b-89e1-96f86d2cc6b8', '45329614-cad5-4e02-858a-10c3c4cb5533', 'COMPLETED', '2023-01-01 00:00:00');
INSERT INTO car_booking_history (id, booking_id, status, changed_at) VALUES ('a4e0f234-89f8-4392-84bf-814cd9f92ff2', 'f6c0d88f-436c-4651-b380-5a1a8cc73bf8', 'PENDING', '2023-01-01 00:00:00');
INSERT INTO car_booking_history (id, booking_id, status, changed_at) VALUES ('80c0f750-97b8-4b4c-b95f-b70c70b09cf9', 'f6c0d88f-436c-4651-b380-5a1a8cc73bf8', 'COMPLETED', '2023-01-01 00:00:00');
INSERT INTO car_booking_history (id, booking_id, status, changed_at) VALUES ('5a2ff00b-6adf-474c-9530-181fcc2badbe', 'f000783f-9a85-4433-a131-bc0e9a9d5e94', 'PENDING', '2023-01-01 00:00:00');
INSERT INTO car_booking_history (id, booking_id, status, changed_at) VALUES ('f3a37032-3577-42dc-8cbf-ecece6267a8f', 'f000783f-9a85-4433-a131-bc0e9a9d5e94', 'COMPLETED', '2023-01-01 00:00:00');
INSERT INTO car_booking_history (id, booking_id, status, changed_at) VALUES ('8de02dfb-e9fc-42d4-9e98-de79e4b71d61', 'fa5c5a9c-7234-423b-ab3d-4383adea38a8', 'PENDING', '2023-01-01 00:00:00');
INSERT INTO car_booking_history (id, booking_id, status, changed_at) VALUES ('e0caf20f-21c2-48d4-85fc-eb3b4a6952ce', 'fa5c5a9c-7234-423b-ab3d-4383adea38a8', 'COMPLETED', '2023-01-01 00:00:00');
INSERT INTO car_booking_history (id, booking_id, status, changed_at) VALUES ('6bf6791a-cd8a-4fa0-86a3-e487fc7afcd3', '53e21d37-3444-48eb-a1c9-39eeea5b72dc', 'PENDING', '2023-01-01 00:00:00');
INSERT INTO car_booking_history (id, booking_id, status, changed_at) VALUES ('6791bdbf-bc65-49f4-a4f3-ff312acf5509', '53e21d37-3444-48eb-a1c9-39eeea5b72dc', 'COMPLETED', '2023-01-01 00:00:00');
INSERT INTO car_booking_history (id, booking_id, status, changed_at) VALUES ('506ef740-f04e-4c37-809a-c4f8f34d8fc2', 'f30e54f7-dc63-4b80-94bc-71ac7d732483', 'PENDING', '2023-01-01 00:00:00');
INSERT INTO car_booking_history (id, booking_id, status, changed_at) VALUES ('53cdbeb5-ef59-4297-9564-e48dfe956353', 'f30e54f7-dc63-4b80-94bc-71ac7d732483', 'COMPLETED', '2023-01-01 00:00:00');
INSERT INTO car_booking_history (id, booking_id, status, changed_at) VALUES ('7cffbf19-daab-4f5a-b433-3f0929624d88', 'f08575aa-3962-4255-bf92-fc51613bd5bf', 'PENDING', '2023-01-01 00:00:00');
INSERT INTO car_booking_history (id, booking_id, status, changed_at) VALUES ('245b8614-f3bf-4b34-b0ff-e5e921b0a2cc', 'f08575aa-3962-4255-bf92-fc51613bd5bf', 'COMPLETED', '2023-01-01 00:00:00');
INSERT INTO car_booking_history (id, booking_id, status, changed_at) VALUES ('01130f65-f65e-4f82-951c-129f319d7c00', '9d83263b-fb02-459d-baa5-070303b4743c', 'PENDING', '2023-01-01 00:00:00');
INSERT INTO car_booking_history (id, booking_id, status, changed_at) VALUES ('41ab259e-15c2-4b48-8eeb-bd6a29ae74d4', '9d83263b-fb02-459d-baa5-070303b4743c', 'COMPLETED', '2023-01-01 00:00:00');
INSERT INTO car_booking_history (id, booking_id, status, changed_at) VALUES ('c3945e08-28a5-4827-8917-9275bc7b8d9b', '0f69fac6-cd5c-4fca-acba-2005bcbbf4d5', 'PENDING', '2023-01-01 00:00:00');
INSERT INTO car_booking_history (id, booking_id, status, changed_at) VALUES ('e6ad730d-a814-4649-8095-bf961612c8cf', '0f69fac6-cd5c-4fca-acba-2005bcbbf4d5', 'COMPLETED', '2023-01-01 00:00:00');
INSERT INTO car_booking_history (id, booking_id, status, changed_at) VALUES ('791cd78e-ac35-495a-aaef-20215afb64a0', '074ed2e0-28ec-4a3c-9ae5-5a7900e335ba', 'PENDING', '2023-01-01 00:00:00');
INSERT INTO car_booking_history (id, booking_id, status, changed_at) VALUES ('0aa03482-c641-4ee2-8f0b-a7f79255df65', '074ed2e0-28ec-4a3c-9ae5-5a7900e335ba', 'COMPLETED', '2023-01-01 00:00:00');
INSERT INTO car_booking_history (id, booking_id, status, changed_at) VALUES ('d50db238-be56-4e7e-96df-d9cc1e76794b', 'ac18e962-9c27-478e-a57e-a97e7d52cc86', 'PENDING', '2023-01-01 00:00:00');
INSERT INTO car_booking_history (id, booking_id, status, changed_at) VALUES ('510768e6-c0b1-43b9-a2d2-b1e47f8f0a43', 'ac18e962-9c27-478e-a57e-a97e7d52cc86', 'COMPLETED', '2023-01-01 00:00:00');
INSERT INTO car_booking_history (id, booking_id, status, changed_at) VALUES ('5f44fee8-964a-4c0b-b692-376d062dcf3b', 'cc3da2bf-c371-4794-8245-2bd5099102ff', 'PENDING', '2023-01-01 00:00:00');
INSERT INTO car_booking_history (id, booking_id, status, changed_at) VALUES ('e49950ba-5888-4b01-8f89-b311dffdfdb6', 'cc3da2bf-c371-4794-8245-2bd5099102ff', 'COMPLETED', '2023-01-01 00:00:00');
INSERT INTO car_booking_history (id, booking_id, status, changed_at) VALUES ('fd69a495-46f6-416d-a7d4-b549ae69bcdb', 'a6fd5e0e-3fb0-433c-8cb6-3bf4d23cb759', 'PENDING', '2023-01-01 00:00:00');
INSERT INTO car_booking_history (id, booking_id, status, changed_at) VALUES ('20879fc3-4317-4708-bc5b-a8113e88f9eb', 'a6fd5e0e-3fb0-433c-8cb6-3bf4d23cb759', 'COMPLETED', '2023-01-01 00:00:00');
INSERT INTO car_booking_history (id, booking_id, status, changed_at) VALUES ('981db254-3761-47cd-8a69-75df21f7e90f', 'eea75130-2548-409c-b724-892eca69268d', 'PENDING', '2023-01-01 00:00:00');
INSERT INTO car_booking_history (id, booking_id, status, changed_at) VALUES ('20d45752-9788-42e0-92aa-b50734dd23ab', 'eea75130-2548-409c-b724-892eca69268d', 'COMPLETED', '2023-01-01 00:00:00');
INSERT INTO car_booking_history (id, booking_id, status, changed_at) VALUES ('656ca14f-576f-4970-b827-8d40e7f9909f', 'b955ca89-b86d-43ed-b70d-f967a144e080', 'PENDING', '2023-01-01 00:00:00');
INSERT INTO car_booking_history (id, booking_id, status, changed_at) VALUES ('52b638e8-eb91-4eac-be2d-1b02144ae024', 'b955ca89-b86d-43ed-b70d-f967a144e080', 'COMPLETED', '2023-01-01 00:00:00');
INSERT INTO car_booking_history (id, booking_id, status, changed_at) VALUES ('db757906-008a-423d-be87-5025fc93b294', '90231e73-8598-421e-9610-907e51e41ab8', 'PENDING', '2023-01-01 00:00:00');
INSERT INTO car_booking_history (id, booking_id, status, changed_at) VALUES ('69c4493b-3b50-4770-9c84-50841f740534', '90231e73-8598-421e-9610-907e51e41ab8', 'COMPLETED', '2023-01-01 00:00:00');
INSERT INTO car_booking_history (id, booking_id, status, changed_at) VALUES ('ca26e5c7-051a-48bc-b4eb-d959406a7635', 'd18c0f81-8d6a-4312-b8f4-49362eb89431', 'PENDING', '2023-01-01 00:00:00');
INSERT INTO car_booking_history (id, booking_id, status, changed_at) VALUES ('6d002ef8-f74e-401c-ab91-91d5e56aeb91', 'd18c0f81-8d6a-4312-b8f4-49362eb89431', 'COMPLETED', '2023-01-01 00:00:00');
INSERT INTO car_booking_history (id, booking_id, status, changed_at) VALUES ('4006af75-8c7a-408f-a245-719266ee20ca', '9c0ba58e-2a42-4d07-8b89-6dd8dee083df', 'PENDING', '2023-01-01 00:00:00');
INSERT INTO car_booking_history (id, booking_id, status, changed_at) VALUES ('2efb8e65-b897-4526-a1bc-88098a5b88cd', '9c0ba58e-2a42-4d07-8b89-6dd8dee083df', 'COMPLETED', '2023-01-01 00:00:00');
INSERT INTO car_booking_history (id, booking_id, status, changed_at) VALUES ('1fec3ced-5ee5-4efd-b2e8-567ed490b1ad', '04ab7c6d-a441-4e3a-8e52-4fd95754c1d3', 'PENDING', '2023-01-01 00:00:00');
INSERT INTO car_booking_history (id, booking_id, status, changed_at) VALUES ('e909194e-14cf-4320-9c01-47d1ddbfe785', '04ab7c6d-a441-4e3a-8e52-4fd95754c1d3', 'COMPLETED', '2023-01-01 00:00:00');
INSERT INTO car_booking_history (id, booking_id, status, changed_at) VALUES ('24dcdfb0-2b81-4a3c-9fef-975800ca542d', '545d121b-b272-4c7c-b94f-2c9d2b724296', 'PENDING', '2023-01-01 00:00:00');
INSERT INTO car_booking_history (id, booking_id, status, changed_at) VALUES ('52ebbac1-e9ba-4c6e-9c2b-c36684eb7271', '545d121b-b272-4c7c-b94f-2c9d2b724296', 'COMPLETED', '2023-01-01 00:00:00');
INSERT INTO car_booking_history (id, booking_id, status, changed_at) VALUES ('fcfc8214-e496-47b3-8e3b-4817cf0c392d', '9bb7667f-0568-4427-93bb-9d73df3f34d8', 'PENDING', '2023-01-01 00:00:00');
INSERT INTO car_booking_history (id, booking_id, status, changed_at) VALUES ('2677f6b0-1669-4ad4-a3bb-64fadfe8b7e6', '9bb7667f-0568-4427-93bb-9d73df3f34d8', 'COMPLETED', '2023-01-01 00:00:00');
INSERT INTO car_booking_history (id, booking_id, status, changed_at) VALUES ('368d7caa-e22c-460d-adcb-cb9cbcda03dc', '0c228b82-8056-4b04-ac7c-6e3411d00776', 'PENDING', '2023-01-01 00:00:00');
INSERT INTO car_booking_history (id, booking_id, status, changed_at) VALUES ('f178ff0c-4d9a-42f0-a68c-988fd73c6bfb', '0c228b82-8056-4b04-ac7c-6e3411d00776', 'COMPLETED', '2023-01-01 00:00:00');
INSERT INTO car_booking_history (id, booking_id, status, changed_at) VALUES ('4dfbefdf-89fd-468b-ab1d-28bcc3df7b7e', '499632d8-f3f4-4a0a-b902-ee9b2d39fbc1', 'PENDING', '2023-01-01 00:00:00');
INSERT INTO car_booking_history (id, booking_id, status, changed_at) VALUES ('db77d56a-33b8-4584-9dac-0c1634898213', '499632d8-f3f4-4a0a-b902-ee9b2d39fbc1', 'COMPLETED', '2023-01-01 00:00:00');
INSERT INTO car_booking_history (id, booking_id, status, changed_at) VALUES ('ad902cd9-62d6-4bc0-9d8a-ae69bbdd5e7c', '140a517e-0ea8-4d97-9d4f-3645278fd2b9', 'PENDING', '2023-01-01 00:00:00');
INSERT INTO car_booking_history (id, booking_id, status, changed_at) VALUES ('58610d8a-a81e-4fb7-a0f1-048d6506cfd8', '140a517e-0ea8-4d97-9d4f-3645278fd2b9', 'COMPLETED', '2023-01-01 00:00:00');
INSERT INTO car_booking_history (id, booking_id, status, changed_at) VALUES ('10169703-bb76-4db1-bc4e-04544cb085dd', 'ffaecfa5-8b2e-4654-8ab5-306347b03e25', 'PENDING', '2023-01-01 00:00:00');
INSERT INTO car_booking_history (id, booking_id, status, changed_at) VALUES ('2b9109cc-eeef-452d-9f54-97b582d48c91', 'ffaecfa5-8b2e-4654-8ab5-306347b03e25', 'COMPLETED', '2023-01-01 00:00:00');
INSERT INTO car_booking_history (id, booking_id, status, changed_at) VALUES ('8878c803-fa16-4ae5-a571-d93def82c352', '90e3aa8e-5997-464e-9472-f03814123bc9', 'PENDING', '2023-01-01 00:00:00');
INSERT INTO car_booking_history (id, booking_id, status, changed_at) VALUES ('eb8ee546-703d-40cd-a55b-922bec6ae891', '90e3aa8e-5997-464e-9472-f03814123bc9', 'COMPLETED', '2023-01-01 00:00:00');
INSERT INTO car_booking_history (id, booking_id, status, changed_at) VALUES ('c6394174-961d-42bf-8740-a56cd3c7fbf9', 'd21c8ee1-45eb-4aff-981f-9388605ecaea', 'PENDING', '2023-01-01 00:00:00');
INSERT INTO car_booking_history (id, booking_id, status, changed_at) VALUES ('b971f841-2958-463f-b9a4-c8a153fcc88d', 'd21c8ee1-45eb-4aff-981f-9388605ecaea', 'COMPLETED', '2023-01-01 00:00:00');
INSERT INTO car_booking_history (id, booking_id, status, changed_at) VALUES ('69c48033-0ecc-47e3-ad42-fa149119669d', '399f3d52-e32f-4171-bd0a-007f807d21a9', 'PENDING', '2023-01-01 00:00:00');
INSERT INTO car_booking_history (id, booking_id, status, changed_at) VALUES ('e645ff6c-64fe-4b40-a2da-283061fde58e', '399f3d52-e32f-4171-bd0a-007f807d21a9', 'COMPLETED', '2023-01-01 00:00:00');
INSERT INTO car_booking_history (id, booking_id, status, changed_at) VALUES ('e316ead8-e9d3-44ef-a83f-e31845e46a99', '063e8d79-598c-443a-a254-6a9d15d106b0', 'PENDING', '2023-01-01 00:00:00');
INSERT INTO car_booking_history (id, booking_id, status, changed_at) VALUES ('4a7eebb2-4c86-4f9b-aac2-6cf07a7007b8', '063e8d79-598c-443a-a254-6a9d15d106b0', 'COMPLETED', '2023-01-01 00:00:00');
INSERT INTO car_booking_history (id, booking_id, status, changed_at) VALUES ('2512c224-7632-49df-ad9f-0881322ab986', '48c63b4c-5614-414c-9f0a-f333fab2d129', 'PENDING', '2023-01-01 00:00:00');
INSERT INTO car_booking_history (id, booking_id, status, changed_at) VALUES ('eede11c9-bdbd-4a91-b4c4-a246f4293830', '48c63b4c-5614-414c-9f0a-f333fab2d129', 'COMPLETED', '2023-01-01 00:00:00');
INSERT INTO car_booking_history (id, booking_id, status, changed_at) VALUES ('6d050b34-9da7-44c6-af45-7703670e629b', 'e1a8a751-b178-4938-9937-7c1620dac014', 'PENDING', '2023-01-01 00:00:00');
INSERT INTO car_booking_history (id, booking_id, status, changed_at) VALUES ('753592df-31a3-460d-96b2-43146ac6fcef', 'e1a8a751-b178-4938-9937-7c1620dac014', 'COMPLETED', '2023-01-01 00:00:00');
INSERT INTO car_booking_history (id, booking_id, status, changed_at) VALUES ('001fc3f4-cdfc-494d-9511-de4476c35893', '399c441b-aede-4df4-8a0a-17128d86071f', 'PENDING', '2023-01-01 00:00:00');
INSERT INTO car_booking_history (id, booking_id, status, changed_at) VALUES ('4991c062-bb3d-4242-9ab8-55c0a17922a1', '399c441b-aede-4df4-8a0a-17128d86071f', 'COMPLETED', '2023-01-01 00:00:00');
INSERT INTO car_booking_history (id, booking_id, status, changed_at) VALUES ('a4e6b1c9-f539-403e-9516-4b08235cec21', '573fbe7e-a5ab-497c-ab19-c29aeea94c02', 'PENDING', '2023-01-01 00:00:00');
INSERT INTO car_booking_history (id, booking_id, status, changed_at) VALUES ('e4633a52-2ebe-4a2f-bec9-479229e5d275', '573fbe7e-a5ab-497c-ab19-c29aeea94c02', 'COMPLETED', '2023-01-01 00:00:00');
INSERT INTO car_booking_history (id, booking_id, status, changed_at) VALUES ('5e70d0e2-0458-4ced-893b-2eae94cbc5fd', '39e42c94-46c0-4699-97c1-54c7bac651ef', 'PENDING', '2023-01-01 00:00:00');
INSERT INTO car_booking_history (id, booking_id, status, changed_at) VALUES ('9afcf6eb-587c-4bdf-9f15-ca161a47ea2e', '39e42c94-46c0-4699-97c1-54c7bac651ef', 'COMPLETED', '2023-01-01 00:00:00');
INSERT INTO car_booking_history (id, booking_id, status, changed_at) VALUES ('7eab384b-e920-47b8-93d7-2db593a36388', 'f501b4d9-2f27-400b-bd1f-37a424a45959', 'PENDING', '2023-01-01 00:00:00');
INSERT INTO car_booking_history (id, booking_id, status, changed_at) VALUES ('296e0337-c09e-4169-a93e-960441cde306', 'f501b4d9-2f27-400b-bd1f-37a424a45959', 'COMPLETED', '2023-01-01 00:00:00');
INSERT INTO car_booking_history (id, booking_id, status, changed_at) VALUES ('158c63d6-ac62-4afa-825c-f086b93f9ceb', '97e10176-6131-42d1-819a-9d511eac828e', 'PENDING', '2023-01-01 00:00:00');
INSERT INTO car_booking_history (id, booking_id, status, changed_at) VALUES ('7f984db0-a1a4-4c43-a4e3-d433dce64841', '97e10176-6131-42d1-819a-9d511eac828e', 'COMPLETED', '2023-01-01 00:00:00');
INSERT INTO car_booking_history (id, booking_id, status, changed_at) VALUES ('dcb4b642-c6e7-496c-9e35-2c7b7305c160', 'df99195f-4fcc-47d9-9be5-e13135feba48', 'PENDING', '2023-01-01 00:00:00');
INSERT INTO car_booking_history (id, booking_id, status, changed_at) VALUES ('e5746b86-cadd-4d5e-9467-f061560c9a47', 'df99195f-4fcc-47d9-9be5-e13135feba48', 'COMPLETED', '2023-01-01 00:00:00');
INSERT INTO car_booking_history (id, booking_id, status, changed_at) VALUES ('8f8b1615-e789-4fb3-8e53-08144ff459b2', 'ba9ea414-f57c-4636-a052-6a3d75709f41', 'PENDING', '2023-01-01 00:00:00');
INSERT INTO car_booking_history (id, booking_id, status, changed_at) VALUES ('d4d816f5-2adc-4368-afe1-2d544051e5ee', 'ba9ea414-f57c-4636-a052-6a3d75709f41', 'COMPLETED', '2023-01-01 00:00:00');
INSERT INTO car_booking_history (id, booking_id, status, changed_at) VALUES ('bb0aa6b0-a816-4e1b-847c-9a63ed8792ac', 'fe7bdb70-3c3f-421e-9c16-428722974b12', 'PENDING', '2023-01-01 00:00:00');
INSERT INTO car_booking_history (id, booking_id, status, changed_at) VALUES ('225c298f-ead0-4653-ac0c-236ff15a42f3', 'fe7bdb70-3c3f-421e-9c16-428722974b12', 'COMPLETED', '2023-01-01 00:00:00');
INSERT INTO car_booking_history (id, booking_id, status, changed_at) VALUES ('101841da-7719-4425-801a-03825a35ef95', 'c8fc6af9-4f18-4cc3-a02f-ade9a883f758', 'PENDING', '2023-01-01 00:00:00');
INSERT INTO car_booking_history (id, booking_id, status, changed_at) VALUES ('417cd4cf-2d91-4c66-a284-cdb2ebfe99e8', 'c8fc6af9-4f18-4cc3-a02f-ade9a883f758', 'COMPLETED', '2023-01-01 00:00:00');
INSERT INTO car_booking_history (id, booking_id, status, changed_at) VALUES ('929a97e4-2946-4ea3-8308-e2152fd15afa', 'fe57f5c5-9bf1-4906-ac22-dfeabe341c8f', 'PENDING', '2023-01-01 00:00:00');
INSERT INTO car_booking_history (id, booking_id, status, changed_at) VALUES ('c8fae00a-3203-4d26-b0d1-3cb01f5267a6', 'fe57f5c5-9bf1-4906-ac22-dfeabe341c8f', 'COMPLETED', '2023-01-01 00:00:00');
INSERT INTO car_booking_history (id, booking_id, status, changed_at) VALUES ('56869979-979b-4e9b-97c4-4b3c2a103e39', 'ac52baf2-09bf-495c-b53e-5014362f058f', 'PENDING', '2023-01-01 00:00:00');
INSERT INTO car_booking_history (id, booking_id, status, changed_at) VALUES ('4fb7192d-2e12-4468-a2f1-ed6ccfe56d00', 'ac52baf2-09bf-495c-b53e-5014362f058f', 'COMPLETED', '2023-01-01 00:00:00');
INSERT INTO car_booking_history (id, booking_id, status, changed_at) VALUES ('0447a11b-09f5-477b-b714-9d5e88978bf7', 'f6f2af57-8d75-4240-ba54-5499f90df164', 'PENDING', '2023-01-01 00:00:00');
INSERT INTO car_booking_history (id, booking_id, status, changed_at) VALUES ('8b38d19b-4f19-4323-b11c-5cad32003b17', 'f6f2af57-8d75-4240-ba54-5499f90df164', 'COMPLETED', '2023-01-01 00:00:00');
INSERT INTO car_booking_history (id, booking_id, status, changed_at) VALUES ('5193dffb-1906-4ede-b3af-156cdc7707bd', 'd71d07d6-cb51-44b7-befd-06f3f6a656ef', 'PENDING', '2023-01-01 00:00:00');
INSERT INTO car_booking_history (id, booking_id, status, changed_at) VALUES ('7f03b7ae-f0a6-4a3a-98a8-ae4c2c924b57', 'd71d07d6-cb51-44b7-befd-06f3f6a656ef', 'COMPLETED', '2023-01-01 00:00:00');
INSERT INTO car_booking_history (id, booking_id, status, changed_at) VALUES ('e98edc97-21f6-4887-8e5f-febe5ce2bf78', 'b14356c5-63e1-4a2f-8a25-12b87f6b1492', 'PENDING', '2023-01-01 00:00:00');
INSERT INTO car_booking_history (id, booking_id, status, changed_at) VALUES ('c2d3524f-f3f4-4d60-be71-dc0b7bf8d089', 'b14356c5-63e1-4a2f-8a25-12b87f6b1492', 'COMPLETED', '2023-01-01 00:00:00');
INSERT INTO car_booking_history (id, booking_id, status, changed_at) VALUES ('9ebbdcd0-06d0-4034-b192-1ab75cd5b717', '6dbc2923-6c5d-4750-8d1e-9b5c2aaa6339', 'PENDING', '2023-01-01 00:00:00');
INSERT INTO car_booking_history (id, booking_id, status, changed_at) VALUES ('d21bcd95-add3-42c0-bef4-3dfc9aa8e5ce', '6dbc2923-6c5d-4750-8d1e-9b5c2aaa6339', 'COMPLETED', '2023-01-01 00:00:00');
INSERT INTO car_booking_history (id, booking_id, status, changed_at) VALUES ('e8e636ff-cd5c-47d9-b6ab-4439b9cc0af3', '7f99e574-bb08-4677-b24d-8156eedb0640', 'PENDING', '2023-01-01 00:00:00');
INSERT INTO car_booking_history (id, booking_id, status, changed_at) VALUES ('965af315-987f-421d-b719-4c1affd882f0', '7f99e574-bb08-4677-b24d-8156eedb0640', 'COMPLETED', '2023-01-01 00:00:00');
INSERT INTO car_booking_history (id, booking_id, status, changed_at) VALUES ('56feabd0-5432-4e1c-9056-22d83c6ba7a8', 'dd15ec29-4453-4b22-8793-3fe3b8ac237f', 'PENDING', '2023-01-01 00:00:00');
INSERT INTO car_booking_history (id, booking_id, status, changed_at) VALUES ('36c9379f-45ca-4d06-89f8-d5cb1d0a1de7', 'dd15ec29-4453-4b22-8793-3fe3b8ac237f', 'COMPLETED', '2023-01-01 00:00:00');
INSERT INTO car_booking_history (id, booking_id, status, changed_at) VALUES ('afe1b2dd-7900-4f15-9a1b-211ecc805360', '56862a95-9728-4f37-b0de-6653081d8e22', 'PENDING', '2023-01-01 00:00:00');
INSERT INTO car_booking_history (id, booking_id, status, changed_at) VALUES ('8dcde712-bb14-499b-8162-ff7e003753b9', '56862a95-9728-4f37-b0de-6653081d8e22', 'COMPLETED', '2023-01-01 00:00:00');
INSERT INTO car_booking_history (id, booking_id, status, changed_at) VALUES ('db40be01-3dc8-448c-ab76-710bd1ec2bb1', 'a6a7e411-274c-43e2-ab5a-6c92071a9ab9', 'PENDING', '2023-01-01 00:00:00');
INSERT INTO car_booking_history (id, booking_id, status, changed_at) VALUES ('67b4f910-c86c-4bdc-a9d8-395eee7a4501', 'a6a7e411-274c-43e2-ab5a-6c92071a9ab9', 'COMPLETED', '2023-01-01 00:00:00');
INSERT INTO car_booking_history (id, booking_id, status, changed_at) VALUES ('3eb3c6af-21cd-426c-bd48-bcfdb3603187', 'c781a5ad-2ba9-4b97-9e0d-7bff2ce31482', 'PENDING', '2023-01-01 00:00:00');
INSERT INTO car_booking_history (id, booking_id, status, changed_at) VALUES ('037b9849-d868-4dc7-97ae-d541f445d9b1', 'c781a5ad-2ba9-4b97-9e0d-7bff2ce31482', 'COMPLETED', '2023-01-01 00:00:00');
INSERT INTO car_booking_history (id, booking_id, status, changed_at) VALUES ('2ef7144b-68ce-4922-b6ec-f38160f91ea1', '6f152cc8-a3ea-4872-b824-a7d3ceee77bd', 'PENDING', '2023-01-01 00:00:00');
INSERT INTO car_booking_history (id, booking_id, status, changed_at) VALUES ('8e1a4e99-0b88-478b-8e5c-7df22a652960', '6f152cc8-a3ea-4872-b824-a7d3ceee77bd', 'COMPLETED', '2023-01-01 00:00:00');
INSERT INTO car_booking_history (id, booking_id, status, changed_at) VALUES ('dc6ba122-9211-4465-ba6d-1e0b6d430c3d', '7dac195d-6fd8-4256-ade1-eb1f0a43129a', 'PENDING', '2023-01-01 00:00:00');
INSERT INTO car_booking_history (id, booking_id, status, changed_at) VALUES ('864b3355-4ba5-4aa1-93ec-1da53c855f50', '7dac195d-6fd8-4256-ade1-eb1f0a43129a', 'COMPLETED', '2023-01-01 00:00:00');
INSERT INTO car_booking_history (id, booking_id, status, changed_at) VALUES ('220ac0cd-aae8-44d8-959e-458358be4a6a', '64ce52de-4c5a-4283-b2a5-716cda4dc719', 'PENDING', '2023-01-01 00:00:00');
INSERT INTO car_booking_history (id, booking_id, status, changed_at) VALUES ('a056b79a-a979-42f5-88e0-fede514adf77', '64ce52de-4c5a-4283-b2a5-716cda4dc719', 'COMPLETED', '2023-01-01 00:00:00');
INSERT INTO car_booking_history (id, booking_id, status, changed_at) VALUES ('d318d7ec-8347-4072-a04a-780533602b28', '4f06cdec-17de-453f-9ea5-2d0fbc008b99', 'PENDING', '2023-01-01 00:00:00');
INSERT INTO car_booking_history (id, booking_id, status, changed_at) VALUES ('5f6dd817-f5b1-4fcc-98e8-dcee22fe15c4', '4f06cdec-17de-453f-9ea5-2d0fbc008b99', 'COMPLETED', '2023-01-01 00:00:00');
INSERT INTO car_booking_history (id, booking_id, status, changed_at) VALUES ('5e11d549-6780-42cd-bc47-2625654ef653', 'ec9fafd1-84f6-4efe-9fcf-ba7e18923fb6', 'PENDING', '2023-01-01 00:00:00');
INSERT INTO car_booking_history (id, booking_id, status, changed_at) VALUES ('093ad60e-e19f-4c3a-a010-451c06bcaeaa', 'ec9fafd1-84f6-4efe-9fcf-ba7e18923fb6', 'COMPLETED', '2023-01-01 00:00:00');
INSERT INTO car_booking_history (id, booking_id, status, changed_at) VALUES ('db605f3a-0a11-4817-aec1-950c7d67b692', '33d54e4e-07e2-4cf3-99c1-24eeed7c5851', 'PENDING', '2023-01-01 00:00:00');
INSERT INTO car_booking_history (id, booking_id, status, changed_at) VALUES ('ce36f6e4-e5fa-4016-bf62-b0683c44795c', '33d54e4e-07e2-4cf3-99c1-24eeed7c5851', 'COMPLETED', '2023-01-01 00:00:00');
INSERT INTO car_booking_history (id, booking_id, status, changed_at) VALUES ('9568a683-393f-44e9-bcdb-31de765958f9', '875bbdf3-d45f-423b-b9bf-fe4dbd0a166e', 'PENDING', '2023-01-01 00:00:00');
INSERT INTO car_booking_history (id, booking_id, status, changed_at) VALUES ('6a2cdbaf-a355-47d9-969f-58b8daae7817', '875bbdf3-d45f-423b-b9bf-fe4dbd0a166e', 'COMPLETED', '2023-01-01 00:00:00');
INSERT INTO car_booking_history (id, booking_id, status, changed_at) VALUES ('ba41448f-69cc-4e82-8217-f477a5eed2ce', '511b4343-3112-45bd-b04a-4bdbeec38e70', 'PENDING', '2023-01-01 00:00:00');
INSERT INTO car_booking_history (id, booking_id, status, changed_at) VALUES ('6d6ccdfe-f6c9-445b-aa87-a6580cfea9cd', '511b4343-3112-45bd-b04a-4bdbeec38e70', 'COMPLETED', '2023-01-01 00:00:00');
INSERT INTO car_booking_history (id, booking_id, status, changed_at) VALUES ('d8512c46-c845-4518-89ab-512bd1efc3be', '3e00667a-11c5-4f42-b243-42359a1bf713', 'PENDING', '2023-01-01 00:00:00');
INSERT INTO car_booking_history (id, booking_id, status, changed_at) VALUES ('bdccfe75-ee3a-4a5c-a38b-c6ebc13f7f15', '3e00667a-11c5-4f42-b243-42359a1bf713', 'COMPLETED', '2023-01-01 00:00:00');
INSERT INTO car_booking_history (id, booking_id, status, changed_at) VALUES ('8a4027dd-cf99-4144-8f0c-6a3a8968af2b', 'd3ee6c24-a75e-434d-9bcb-e694645ad653', 'PENDING', '2023-01-01 00:00:00');
INSERT INTO car_booking_history (id, booking_id, status, changed_at) VALUES ('9c07a319-8ab7-4ada-9611-b08d38c41b69', 'd3ee6c24-a75e-434d-9bcb-e694645ad653', 'COMPLETED', '2023-01-01 00:00:00');
INSERT INTO car_booking_history (id, booking_id, status, changed_at) VALUES ('7c8fbdae-2c73-49e9-90b2-3c61c87191da', '19668ee8-2017-493e-b746-f996b036b706', 'PENDING', '2023-01-01 00:00:00');
INSERT INTO car_booking_history (id, booking_id, status, changed_at) VALUES ('a92d94b4-f4fc-4ea3-8da8-448b3766a35b', '19668ee8-2017-493e-b746-f996b036b706', 'COMPLETED', '2023-01-01 00:00:00');
INSERT INTO car_booking_history (id, booking_id, status, changed_at) VALUES ('c5cb17c9-4121-4887-b1bc-36a3c27af2a2', 'f07cc58d-7312-418d-abbd-e09fe2160dc3', 'PENDING', '2023-01-01 00:00:00');
INSERT INTO car_booking_history (id, booking_id, status, changed_at) VALUES ('846548b1-e28b-45ca-9b7f-6dab042dc439', 'f07cc58d-7312-418d-abbd-e09fe2160dc3', 'COMPLETED', '2023-01-01 00:00:00');
INSERT INTO car_booking_history (id, booking_id, status, changed_at) VALUES ('1b83de6e-2634-47a5-8277-49400c39b625', '82ac5f94-c1aa-4edb-af74-5ff8f64799dd', 'PENDING', '2023-01-01 00:00:00');
INSERT INTO car_booking_history (id, booking_id, status, changed_at) VALUES ('957c8a4a-9b50-442d-af78-d015e36987ba', '82ac5f94-c1aa-4edb-af74-5ff8f64799dd', 'COMPLETED', '2023-01-01 00:00:00');
INSERT INTO car_booking_history (id, booking_id, status, changed_at) VALUES ('19c10de2-1a21-4da7-9981-ac7fee7f2292', '8608504c-2190-4c7d-a167-9c2bfe12e674', 'PENDING', '2023-01-01 00:00:00');
INSERT INTO car_booking_history (id, booking_id, status, changed_at) VALUES ('b9965db3-38a3-4278-8313-27e72ab2e6ab', '8608504c-2190-4c7d-a167-9c2bfe12e674', 'COMPLETED', '2023-01-01 00:00:00');
INSERT INTO car_booking_history (id, booking_id, status, changed_at) VALUES ('8769cc78-187e-443e-badf-f5a0345711e9', '69b2682f-bdaf-4dea-994e-91c93af82e1c', 'PENDING', '2023-01-01 00:00:00');
INSERT INTO car_booking_history (id, booking_id, status, changed_at) VALUES ('df1f0b41-7051-4351-b9bb-75d54ccaddec', '69b2682f-bdaf-4dea-994e-91c93af82e1c', 'COMPLETED', '2023-01-01 00:00:00');
INSERT INTO car_booking_history (id, booking_id, status, changed_at) VALUES ('a2d2aac3-306f-4670-96db-9eabf6fa7e9b', 'f8a37b74-d803-49a7-b327-06e5db0835e8', 'PENDING', '2023-01-01 00:00:00');
INSERT INTO car_booking_history (id, booking_id, status, changed_at) VALUES ('9b915395-1c5e-4073-9e67-2e505dfa8ce2', 'f8a37b74-d803-49a7-b327-06e5db0835e8', 'COMPLETED', '2023-01-01 00:00:00');
INSERT INTO car_booking_history (id, booking_id, status, changed_at) VALUES ('e6e04b6b-9f45-46d2-9d24-27c2276410bd', '2058051c-1bda-4a22-a226-effd88d403c7', 'PENDING', '2023-01-01 00:00:00');
INSERT INTO car_booking_history (id, booking_id, status, changed_at) VALUES ('c860348a-769e-4c70-804c-bc7064b6e8ad', '2058051c-1bda-4a22-a226-effd88d403c7', 'COMPLETED', '2023-01-01 00:00:00');
INSERT INTO car_booking_history (id, booking_id, status, changed_at) VALUES ('8c5faca4-3eb3-4d23-addf-7fe8ff31cc4d', 'f06a965f-ee11-4c7e-ae4d-9a3aa229085a', 'PENDING', '2023-01-01 00:00:00');
INSERT INTO car_booking_history (id, booking_id, status, changed_at) VALUES ('acd67e06-3e19-41a2-a8bd-9c0683a7502f', 'f06a965f-ee11-4c7e-ae4d-9a3aa229085a', 'COMPLETED', '2023-01-01 00:00:00');
INSERT INTO car_booking_history (id, booking_id, status, changed_at) VALUES ('fc86756a-68b4-43fe-9e72-7bc4793e120b', 'fcfb6083-9707-457d-8a3f-3f920675f5a4', 'PENDING', '2023-01-01 00:00:00');
INSERT INTO car_booking_history (id, booking_id, status, changed_at) VALUES ('2d3330df-9204-4014-8bf3-e150e02004e1', 'fcfb6083-9707-457d-8a3f-3f920675f5a4', 'COMPLETED', '2023-01-01 00:00:00');
INSERT INTO car_booking_history (id, booking_id, status, changed_at) VALUES ('53aab123-9d29-4539-a9f2-85c2c3e119fe', '40b02124-bb39-4d26-8887-dabf0e19d621', 'PENDING', '2023-01-01 00:00:00');
INSERT INTO car_booking_history (id, booking_id, status, changed_at) VALUES ('a567d97d-9306-4534-ab54-c86712d913dc', '40b02124-bb39-4d26-8887-dabf0e19d621', 'COMPLETED', '2023-01-01 00:00:00');
INSERT INTO car_booking_history (id, booking_id, status, changed_at) VALUES ('54e96bc6-0bd7-47d3-816d-09d491feaf2e', '1c4ea1c9-76ee-4bcd-ae99-2e473856fb71', 'PENDING', '2023-01-01 00:00:00');
INSERT INTO car_booking_history (id, booking_id, status, changed_at) VALUES ('4dc75760-fad9-4c5d-99a4-a1dc5b63bc10', '1c4ea1c9-76ee-4bcd-ae99-2e473856fb71', 'COMPLETED', '2023-01-01 00:00:00');
INSERT INTO car_booking_history (id, booking_id, status, changed_at) VALUES ('9ee6ca75-5545-4dea-9b02-16f9f7b86362', '54189701-785e-4cd7-9283-55e39e9c5570', 'PENDING', '2023-01-01 00:00:00');
INSERT INTO car_booking_history (id, booking_id, status, changed_at) VALUES ('72e8f048-3a88-49a5-b1a6-c1d69ce0c5d0', '54189701-785e-4cd7-9283-55e39e9c5570', 'COMPLETED', '2023-01-01 00:00:00');
INSERT INTO car_booking_history (id, booking_id, status, changed_at) VALUES ('81b92f4b-1594-414e-ac99-ada0e16be18d', '590b2293-e4da-4403-a50e-966d4825d38d', 'PENDING', '2023-01-01 00:00:00');
INSERT INTO car_booking_history (id, booking_id, status, changed_at) VALUES ('2de2c79a-5743-4f5f-93a6-8524e377ea2a', '590b2293-e4da-4403-a50e-966d4825d38d', 'COMPLETED', '2023-01-01 00:00:00');
INSERT INTO car_booking_history (id, booking_id, status, changed_at) VALUES ('820e767a-f8b5-4206-a71e-7dc7700b5ac4', '86b888bd-645e-4387-886c-bffd2bc48bb9', 'PENDING', '2023-01-01 00:00:00');
INSERT INTO car_booking_history (id, booking_id, status, changed_at) VALUES ('9899d64b-34e8-4fb6-b72b-aed862df65bb', '86b888bd-645e-4387-886c-bffd2bc48bb9', 'COMPLETED', '2023-01-01 00:00:00');
INSERT INTO car_booking_history (id, booking_id, status, changed_at) VALUES ('2d69c8fb-fbb8-4a77-83de-c1fc0c0e3501', 'b26c9931-a2c6-4775-ab85-4c44ceaabc6b', 'PENDING', '2023-01-01 00:00:00');
INSERT INTO car_booking_history (id, booking_id, status, changed_at) VALUES ('74c31088-b8ef-4261-9e55-3291efb4eb45', 'b26c9931-a2c6-4775-ab85-4c44ceaabc6b', 'COMPLETED', '2023-01-01 00:00:00');
INSERT INTO car_booking_history (id, booking_id, status, changed_at) VALUES ('01aeca4e-2904-417e-975c-6d44aed8b552', 'a8dc772d-e1d6-43b7-96de-6a22ba778cb1', 'PENDING', '2023-01-01 00:00:00');
INSERT INTO car_booking_history (id, booking_id, status, changed_at) VALUES ('37f543dc-ccf6-46bf-9fd0-7d22d32bc561', 'a8dc772d-e1d6-43b7-96de-6a22ba778cb1', 'COMPLETED', '2023-01-01 00:00:00');
INSERT INTO car_booking_history (id, booking_id, status, changed_at) VALUES ('64f19cb8-c21e-4f66-982a-d251a12cc41f', '76001aeb-4d8b-4499-9f1f-39b332400109', 'PENDING', '2023-01-01 00:00:00');
INSERT INTO car_booking_history (id, booking_id, status, changed_at) VALUES ('2ea18d22-dc0d-4335-8345-af583d0f4283', '76001aeb-4d8b-4499-9f1f-39b332400109', 'COMPLETED', '2023-01-01 00:00:00');
INSERT INTO car_booking_history (id, booking_id, status, changed_at) VALUES ('9903351d-5555-4f61-a985-30592fd329c8', '5197f961-1bb3-455f-9801-a57a8cee4203', 'PENDING', '2023-01-01 00:00:00');
INSERT INTO car_booking_history (id, booking_id, status, changed_at) VALUES ('ed051f39-6cdc-49cd-aa96-423a3b3100b3', '5197f961-1bb3-455f-9801-a57a8cee4203', 'COMPLETED', '2023-01-01 00:00:00');
INSERT INTO car_booking_history (id, booking_id, status, changed_at) VALUES ('032a4f80-4481-406f-ad9b-6049f8c8dd8f', 'd30adfcf-fdef-4173-8382-950dae6df1b0', 'PENDING', '2023-01-01 00:00:00');
INSERT INTO car_booking_history (id, booking_id, status, changed_at) VALUES ('2d063f69-9cc4-4bb3-bd73-af30b193ccaa', 'd30adfcf-fdef-4173-8382-950dae6df1b0', 'COMPLETED', '2023-01-01 00:00:00');
INSERT INTO car_booking_history (id, booking_id, status, changed_at) VALUES ('be68ec76-782a-47fc-afcc-f5ccd2b5660d', '6add07b8-4e00-4286-aa2b-85c2acf41c47', 'PENDING', '2023-01-01 00:00:00');
INSERT INTO car_booking_history (id, booking_id, status, changed_at) VALUES ('c2d7111d-e2a7-4638-9f4d-0ed8001bc63b', '6add07b8-4e00-4286-aa2b-85c2acf41c47', 'COMPLETED', '2023-01-01 00:00:00');
INSERT INTO car_booking_history (id, booking_id, status, changed_at) VALUES ('895dea55-0f4a-4198-85aa-cb99c4c85c5a', 'ec199453-66ae-4aea-9e19-7cad2ff0a912', 'PENDING', '2023-01-01 00:00:00');
INSERT INTO car_booking_history (id, booking_id, status, changed_at) VALUES ('469e2cd7-53cd-4682-ac1c-0bf52003aa5a', 'ec199453-66ae-4aea-9e19-7cad2ff0a912', 'COMPLETED', '2023-01-01 00:00:00');
INSERT INTO car_booking_history (id, booking_id, status, changed_at) VALUES ('fa852b29-f10a-4ac8-8e7a-eb62e761ce15', '5837a6ca-8233-4afa-81ba-317dfbca7d11', 'PENDING', '2023-01-01 00:00:00');
INSERT INTO car_booking_history (id, booking_id, status, changed_at) VALUES ('46abfb52-5a0c-4511-a72e-6b7e78e940ec', '5837a6ca-8233-4afa-81ba-317dfbca7d11', 'COMPLETED', '2023-01-01 00:00:00');
INSERT INTO car_booking_history (id, booking_id, status, changed_at) VALUES ('d94cafd5-17e7-4bca-8cb9-7a3a29a01e70', '28fd6634-6fbc-4e0f-849f-a7077edbc967', 'PENDING', '2023-01-01 00:00:00');
INSERT INTO car_booking_history (id, booking_id, status, changed_at) VALUES ('76120309-82a9-4cf4-aa5f-e580914daa9f', '28fd6634-6fbc-4e0f-849f-a7077edbc967', 'COMPLETED', '2023-01-01 00:00:00');
INSERT INTO car_booking_history (id, booking_id, status, changed_at) VALUES ('4d5c93e2-c501-4c14-bfde-7429911c496e', '1d3ed62d-e92b-4bbf-89d4-b375bbbc2ad2', 'PENDING', '2023-01-01 00:00:00');
INSERT INTO car_booking_history (id, booking_id, status, changed_at) VALUES ('52107f48-0408-4c3d-b7a8-8a2088695ef5', '1d3ed62d-e92b-4bbf-89d4-b375bbbc2ad2', 'COMPLETED', '2023-01-01 00:00:00');
INSERT INTO car_booking_history (id, booking_id, status, changed_at) VALUES ('05ffd85a-666a-4a62-a3d6-ad24e6171155', 'fe61a253-1ef6-41cd-b0e7-08e8ede107f7', 'PENDING', '2023-01-01 00:00:00');
INSERT INTO car_booking_history (id, booking_id, status, changed_at) VALUES ('34bd4688-92b3-4b8c-b356-8926c3189240', 'fe61a253-1ef6-41cd-b0e7-08e8ede107f7', 'COMPLETED', '2023-01-01 00:00:00');
INSERT INTO car_booking_history (id, booking_id, status, changed_at) VALUES ('ced8730d-05d2-4ecc-ab9e-3d979f599eb1', '849966da-d518-4904-a519-06771aaea1d3', 'PENDING', '2023-01-01 00:00:00');
INSERT INTO car_booking_history (id, booking_id, status, changed_at) VALUES ('7189112a-5008-43c7-bcd2-f549a29ed77d', '849966da-d518-4904-a519-06771aaea1d3', 'COMPLETED', '2023-01-01 00:00:00');
INSERT INTO car_booking_history (id, booking_id, status, changed_at) VALUES ('df34951d-e8dd-4cee-a2cd-6aa6c3cd0f98', '49fbe20f-576d-4892-8363-a6733ca9c78a', 'PENDING', '2023-01-01 00:00:00');
INSERT INTO car_booking_history (id, booking_id, status, changed_at) VALUES ('e0640db2-3f1e-49f5-bbf7-f302cca9d6b6', '49fbe20f-576d-4892-8363-a6733ca9c78a', 'COMPLETED', '2023-01-01 00:00:00');
INSERT INTO car_booking_history (id, booking_id, status, changed_at) VALUES ('7127d3d3-e127-40e5-afa2-f4d1988e089e', 'b94c79da-a0a0-4a78-b33a-20fc8c51e02c', 'PENDING', '2023-01-01 00:00:00');
INSERT INTO car_booking_history (id, booking_id, status, changed_at) VALUES ('8a27aba7-f37f-4944-9bc2-98576a366e71', 'b94c79da-a0a0-4a78-b33a-20fc8c51e02c', 'COMPLETED', '2023-01-01 00:00:00');
INSERT INTO car_booking_history (id, booking_id, status, changed_at) VALUES ('9c2ff8db-636c-43f9-8d1c-8da26c6db81e', '8fe756e4-6ba2-4445-8c95-b7e20390b9c9', 'PENDING', '2023-01-01 00:00:00');
INSERT INTO car_booking_history (id, booking_id, status, changed_at) VALUES ('85715132-54d9-4a8a-bd04-5fd17cf3959d', '8fe756e4-6ba2-4445-8c95-b7e20390b9c9', 'COMPLETED', '2023-01-01 00:00:00');
INSERT INTO car_booking_history (id, booking_id, status, changed_at) VALUES ('599e830e-1dd3-4461-a4ac-c4c05ba583dd', '7c01974b-985c-46e3-8286-4f549e21a7de', 'PENDING', '2023-01-01 00:00:00');
INSERT INTO car_booking_history (id, booking_id, status, changed_at) VALUES ('cd81d7dd-f5ca-4730-9462-cdee24164808', '7c01974b-985c-46e3-8286-4f549e21a7de', 'COMPLETED', '2023-01-01 00:00:00');
INSERT INTO car_booking_history (id, booking_id, status, changed_at) VALUES ('ab91507d-eb7f-43e6-9722-ee0ab1807042', 'e256f553-799f-4378-9213-7c310fca7314', 'PENDING', '2023-01-01 00:00:00');
INSERT INTO car_booking_history (id, booking_id, status, changed_at) VALUES ('10d6ff14-e460-41fb-b127-43aefc488257', 'e256f553-799f-4378-9213-7c310fca7314', 'COMPLETED', '2023-01-01 00:00:00');
INSERT INTO car_booking_history (id, booking_id, status, changed_at) VALUES ('1c7661a7-15db-4f6c-b75a-34b3290fee0a', '1ef591aa-391f-4cd7-a852-5ffeebd5160f', 'PENDING', '2023-01-01 00:00:00');
INSERT INTO car_booking_history (id, booking_id, status, changed_at) VALUES ('04b5cb35-87da-45b1-bf57-755ac1699ee6', '1ef591aa-391f-4cd7-a852-5ffeebd5160f', 'COMPLETED', '2023-01-01 00:00:00');
INSERT INTO car_booking_history (id, booking_id, status, changed_at) VALUES ('4dac5b2a-a42a-4bc3-9cbf-9b7ca4f7e01c', 'b950444b-4040-4591-8085-048443a4fe34', 'PENDING', '2023-01-01 00:00:00');
INSERT INTO car_booking_history (id, booking_id, status, changed_at) VALUES ('325c7963-c821-4a15-aca2-c85a60da8c69', 'b950444b-4040-4591-8085-048443a4fe34', 'COMPLETED', '2023-01-01 00:00:00');
INSERT INTO car_booking_history (id, booking_id, status, changed_at) VALUES ('9c92dd72-313c-4c94-87c8-20f3ba77fd86', 'a13ceee0-a443-4341-85ae-768835020f08', 'PENDING', '2023-01-01 00:00:00');
INSERT INTO car_booking_history (id, booking_id, status, changed_at) VALUES ('a74e937d-1209-46fd-89ce-49c1e608a448', 'a13ceee0-a443-4341-85ae-768835020f08', 'COMPLETED', '2023-01-01 00:00:00');
INSERT INTO car_booking_history (id, booking_id, status, changed_at) VALUES ('d998c288-ad2c-4cb4-872a-d8aef667e19b', '8fce4beb-6d6c-4eb3-b037-2e117e55c230', 'PENDING', '2023-01-01 00:00:00');
INSERT INTO car_booking_history (id, booking_id, status, changed_at) VALUES ('1dc20b55-a6b5-4983-aa41-7a7188c6b79d', '8fce4beb-6d6c-4eb3-b037-2e117e55c230', 'COMPLETED', '2023-01-01 00:00:00');
INSERT INTO car_booking_history (id, booking_id, status, changed_at) VALUES ('967b1de1-123e-4d04-a48a-ac1192558f0c', 'a7ea8437-8c51-45ef-aeeb-031922f034fa', 'PENDING', '2023-01-01 00:00:00');
INSERT INTO car_booking_history (id, booking_id, status, changed_at) VALUES ('d2793300-0dc8-4952-82be-0081498890b9', 'a7ea8437-8c51-45ef-aeeb-031922f034fa', 'COMPLETED', '2023-01-01 00:00:00');
INSERT INTO car_booking_history (id, booking_id, status, changed_at) VALUES ('4a66998b-d2f1-41d6-bae9-2f0715177d79', '0ec2a74f-6a31-4e2d-9e97-00aa7484c812', 'PENDING', '2023-01-01 00:00:00');
INSERT INTO car_booking_history (id, booking_id, status, changed_at) VALUES ('a69cc443-fa55-4c2a-a179-ee9ade522dab', '0ec2a74f-6a31-4e2d-9e97-00aa7484c812', 'COMPLETED', '2023-01-01 00:00:00');
INSERT INTO car_booking_history (id, booking_id, status, changed_at) VALUES ('8669b379-5bbd-4370-9d30-299cd21db5aa', 'b4efcafc-36fc-4a59-bd2d-6b00f6ea99ff', 'PENDING', '2023-01-01 00:00:00');
INSERT INTO car_booking_history (id, booking_id, status, changed_at) VALUES ('ca43addb-b33b-4d00-8a3f-3cb08d0a2304', 'b4efcafc-36fc-4a59-bd2d-6b00f6ea99ff', 'COMPLETED', '2023-01-01 00:00:00');
INSERT INTO car_booking_history (id, booking_id, status, changed_at) VALUES ('b98add49-22d6-46c9-910b-6664fe9ae558', '1f4dd94a-b67e-4342-a411-64ed0184205d', 'PENDING', '2023-01-01 00:00:00');
INSERT INTO car_booking_history (id, booking_id, status, changed_at) VALUES ('2c0ed8c9-fcfe-44e8-bc0b-3c2243e8dffb', '1f4dd94a-b67e-4342-a411-64ed0184205d', 'COMPLETED', '2023-01-01 00:00:00');
INSERT INTO car_booking_history (id, booking_id, status, changed_at) VALUES ('fbd80338-7d2a-4659-9291-30a86f88f6bd', '6b057c9b-5f91-4358-b058-4a587f2f7ccf', 'PENDING', '2023-01-01 00:00:00');
INSERT INTO car_booking_history (id, booking_id, status, changed_at) VALUES ('02010452-4be0-4e6c-94ce-eaf0d0d152ea', '6b057c9b-5f91-4358-b058-4a587f2f7ccf', 'COMPLETED', '2023-01-01 00:00:00');
INSERT INTO car_booking_history (id, booking_id, status, changed_at) VALUES ('ba6703f1-c41d-4e79-9481-49861a81480a', 'e55c00ff-1857-458c-8322-d374033de0d1', 'PENDING', '2023-01-01 00:00:00');
INSERT INTO car_booking_history (id, booking_id, status, changed_at) VALUES ('66504fb8-030a-4314-9ba3-d5a58d666538', 'e55c00ff-1857-458c-8322-d374033de0d1', 'COMPLETED', '2023-01-01 00:00:00');
INSERT INTO car_booking_history (id, booking_id, status, changed_at) VALUES ('90321775-6e5f-4c84-b0bf-cb07dc56e27c', 'e9cd8961-5b58-4a78-b974-542dd8bf6bfa', 'PENDING', '2023-01-01 00:00:00');
INSERT INTO car_booking_history (id, booking_id, status, changed_at) VALUES ('408c63cc-ebab-408b-b17e-f5880365afcc', 'e9cd8961-5b58-4a78-b974-542dd8bf6bfa', 'COMPLETED', '2023-01-01 00:00:00');
INSERT INTO car_booking_history (id, booking_id, status, changed_at) VALUES ('60f29405-1dfc-457d-b92b-4e142982d44a', 'bcae5fa5-696d-403b-a3b9-5bb417664201', 'PENDING', '2023-01-01 00:00:00');
INSERT INTO car_booking_history (id, booking_id, status, changed_at) VALUES ('664a5a46-f251-465e-810a-fc02cf1d472f', 'bcae5fa5-696d-403b-a3b9-5bb417664201', 'COMPLETED', '2023-01-01 00:00:00');
INSERT INTO car_booking_history (id, booking_id, status, changed_at) VALUES ('0ffc772c-35ee-482e-a3ac-be06d6309bff', 'e561dd4c-5da5-49ee-b9f3-e96a5a4b9f5b', 'PENDING', '2023-01-01 00:00:00');
INSERT INTO car_booking_history (id, booking_id, status, changed_at) VALUES ('6f897beb-b4b8-4c54-9d0e-9193dd07fc86', 'e561dd4c-5da5-49ee-b9f3-e96a5a4b9f5b', 'COMPLETED', '2023-01-01 00:00:00');
INSERT INTO car_booking_history (id, booking_id, status, changed_at) VALUES ('eed57205-38d9-445f-9e64-d943a1f59fa7', '5969b3ea-3d6d-4878-bf3a-71aacd81f26e', 'PENDING', '2023-01-01 00:00:00');
INSERT INTO car_booking_history (id, booking_id, status, changed_at) VALUES ('ebaad87a-a1e9-44fd-9f50-6119711a2c22', '5969b3ea-3d6d-4878-bf3a-71aacd81f26e', 'COMPLETED', '2023-01-01 00:00:00');
INSERT INTO car_booking_history (id, booking_id, status, changed_at) VALUES ('6e026c31-ad4b-4b33-9d54-3554236ce1e0', 'dd6967da-79c3-4d69-87ac-ec4653f75787', 'PENDING', '2023-01-01 00:00:00');
INSERT INTO car_booking_history (id, booking_id, status, changed_at) VALUES ('e34416dd-8e14-43ad-8326-07f16047e26e', 'dd6967da-79c3-4d69-87ac-ec4653f75787', 'COMPLETED', '2023-01-01 00:00:00');
INSERT INTO car_booking_history (id, booking_id, status, changed_at) VALUES ('0a5c1dca-bdf0-47b5-92df-34de732affc0', '752cfacb-a92d-432d-9848-5685d5977efc', 'PENDING', '2023-01-01 00:00:00');
INSERT INTO car_booking_history (id, booking_id, status, changed_at) VALUES ('ffcd2253-b6a5-43b5-bf51-1ab50eaa8e23', '752cfacb-a92d-432d-9848-5685d5977efc', 'COMPLETED', '2023-01-01 00:00:00');
INSERT INTO car_booking_history (id, booking_id, status, changed_at) VALUES ('75ca7bb4-f5bd-4d54-b8ad-fa6e23eeb07f', 'e23486db-c47d-4a47-b5b7-2d6920ec0fc8', 'PENDING', '2023-01-01 00:00:00');
INSERT INTO car_booking_history (id, booking_id, status, changed_at) VALUES ('44e9bad4-ecaf-4f90-b384-ded0654cc004', 'e23486db-c47d-4a47-b5b7-2d6920ec0fc8', 'COMPLETED', '2023-01-01 00:00:00');
INSERT INTO car_booking_history (id, booking_id, status, changed_at) VALUES ('31ce1c11-a9cb-4a23-a218-e5ace20d1a25', '9edac92d-2a95-4b8f-8b58-f8b04517aea5', 'PENDING', '2023-01-01 00:00:00');
INSERT INTO car_booking_history (id, booking_id, status, changed_at) VALUES ('6cd17e8b-5093-42d1-8bbf-2bfe4129e12d', '9edac92d-2a95-4b8f-8b58-f8b04517aea5', 'COMPLETED', '2023-01-01 00:00:00');
INSERT INTO car_booking_history (id, booking_id, status, changed_at) VALUES ('0b57420f-4e04-4b3c-b4e6-45c86732150b', '63483188-4c52-4e24-9649-9a2eefaacd98', 'PENDING', '2023-01-01 00:00:00');
INSERT INTO car_booking_history (id, booking_id, status, changed_at) VALUES ('cb56eaca-4d20-4e71-aeeb-b5b0ed0c8c0e', '63483188-4c52-4e24-9649-9a2eefaacd98', 'COMPLETED', '2023-01-01 00:00:00');
INSERT INTO car_booking_history (id, booking_id, status, changed_at) VALUES ('6d875962-fb37-43bf-b461-a43232b39845', '007b3c35-9df5-4be0-9e5e-9897c010d81c', 'PENDING', '2023-01-01 00:00:00');
INSERT INTO car_booking_history (id, booking_id, status, changed_at) VALUES ('46ee37f0-4119-43d3-bb0c-56425700e368', '007b3c35-9df5-4be0-9e5e-9897c010d81c', 'COMPLETED', '2023-01-01 00:00:00');
INSERT INTO car_booking_history (id, booking_id, status, changed_at) VALUES ('7584ba46-a709-49a9-803a-4c605379e8fa', '0dff1699-b429-4d8c-99a8-0fe586d71129', 'PENDING', '2023-01-01 00:00:00');
INSERT INTO car_booking_history (id, booking_id, status, changed_at) VALUES ('75f9b468-0cfc-45e0-9a28-5f7bf2722348', '0dff1699-b429-4d8c-99a8-0fe586d71129', 'COMPLETED', '2023-01-01 00:00:00');
INSERT INTO car_booking_history (id, booking_id, status, changed_at) VALUES ('4334f8ed-f133-4c46-a96b-c3b40ae2af85', '2e93e776-6b19-4372-afaf-2c061fa55508', 'PENDING', '2023-01-01 00:00:00');
INSERT INTO car_booking_history (id, booking_id, status, changed_at) VALUES ('b5261116-a43d-4320-a95c-493a67592a86', '2e93e776-6b19-4372-afaf-2c061fa55508', 'COMPLETED', '2023-01-01 00:00:00');
INSERT INTO car_booking_history (id, booking_id, status, changed_at) VALUES ('1eb38fc0-0582-413b-8722-faed3e2677b5', '6d501a76-78da-4a6a-9021-ebda9ad5e623', 'PENDING', '2023-01-01 00:00:00');
INSERT INTO car_booking_history (id, booking_id, status, changed_at) VALUES ('41f92bb3-0cb8-49ba-9e10-7612c046f9a5', '6d501a76-78da-4a6a-9021-ebda9ad5e623', 'COMPLETED', '2023-01-01 00:00:00');
INSERT INTO car_booking_history (id, booking_id, status, changed_at) VALUES ('2bd03b02-200f-421e-9120-d3d2f0a3e3f9', '7ea5181d-9597-413a-a816-02037323bbbe', 'PENDING', '2023-01-01 00:00:00');
INSERT INTO car_booking_history (id, booking_id, status, changed_at) VALUES ('8649095b-6765-4472-ae49-09aec421242c', '7ea5181d-9597-413a-a816-02037323bbbe', 'COMPLETED', '2023-01-01 00:00:00');
INSERT INTO car_booking_history (id, booking_id, status, changed_at) VALUES ('346fea70-2e00-4a86-96dd-b7fb1d2885cf', 'd924002a-984e-46a2-86f6-69e52a10a955', 'PENDING', '2023-01-01 00:00:00');
INSERT INTO car_booking_history (id, booking_id, status, changed_at) VALUES ('81458d85-c890-49ba-8c5c-48b0990fae5e', 'd924002a-984e-46a2-86f6-69e52a10a955', 'COMPLETED', '2023-01-01 00:00:00');
INSERT INTO car_booking_history (id, booking_id, status, changed_at) VALUES ('c6cfde1b-4cf8-45a1-8bfd-19b3fe3ecc63', 'a3a0357d-9067-4aab-b6b0-47065dba1446', 'PENDING', '2023-01-01 00:00:00');
INSERT INTO car_booking_history (id, booking_id, status, changed_at) VALUES ('1e38be77-e07f-4197-9c74-643b94dbb646', 'a3a0357d-9067-4aab-b6b0-47065dba1446', 'COMPLETED', '2023-01-01 00:00:00');
INSERT INTO car_booking_history (id, booking_id, status, changed_at) VALUES ('d8d3aa19-6390-4855-9289-5efd96045ed8', 'c9a41d73-5745-41e2-91f3-d410e5f1c464', 'PENDING', '2023-01-01 00:00:00');
INSERT INTO car_booking_history (id, booking_id, status, changed_at) VALUES ('dae4ed4b-74b7-4e1f-bf15-64ec71fab72a', 'c9a41d73-5745-41e2-91f3-d410e5f1c464', 'COMPLETED', '2023-01-01 00:00:00');
INSERT INTO car_booking_history (id, booking_id, status, changed_at) VALUES ('8d563037-56f4-4783-a7aa-624927020318', 'f01fa9bd-8dcb-44be-a741-bcc7eb08b883', 'PENDING', '2023-01-01 00:00:00');
INSERT INTO car_booking_history (id, booking_id, status, changed_at) VALUES ('93e3f0fa-ec00-41e8-a279-f1753455860f', 'f01fa9bd-8dcb-44be-a741-bcc7eb08b883', 'COMPLETED', '2023-01-01 00:00:00');
INSERT INTO car_booking_history (id, booking_id, status, changed_at) VALUES ('7cf9ceef-2c12-4bf9-a347-6841de973309', '3457584b-20a7-469d-8bef-e4dcf12a50a0', 'PENDING', '2023-01-01 00:00:00');
INSERT INTO car_booking_history (id, booking_id, status, changed_at) VALUES ('65fd1b1c-b62f-4b69-8348-b8819a69bc5a', '3457584b-20a7-469d-8bef-e4dcf12a50a0', 'COMPLETED', '2023-01-01 00:00:00');
INSERT INTO car_booking_history (id, booking_id, status, changed_at) VALUES ('a8548ec6-4fcf-4241-a8b5-2b291bc259c6', '5ea2317e-4b25-4c3b-8380-72349226083c', 'PENDING', '2023-01-01 00:00:00');
INSERT INTO car_booking_history (id, booking_id, status, changed_at) VALUES ('40c614a0-b86f-48e4-b419-05bbd439ccf5', '5ea2317e-4b25-4c3b-8380-72349226083c', 'COMPLETED', '2023-01-01 00:00:00');
INSERT INTO car_booking_history (id, booking_id, status, changed_at) VALUES ('6091e0c7-2fb9-48f8-8808-8078819ae083', 'aec9ae98-6206-43d7-ad91-8829db8613f5', 'PENDING', '2023-01-01 00:00:00');
INSERT INTO car_booking_history (id, booking_id, status, changed_at) VALUES ('881c0b10-721a-4446-9e87-2982bdf00e54', 'aec9ae98-6206-43d7-ad91-8829db8613f5', 'COMPLETED', '2023-01-01 00:00:00');
INSERT INTO car_booking_history (id, booking_id, status, changed_at) VALUES ('f8798ff2-fc5c-49e5-8591-aa78eb0ceb5f', 'bdb59ebc-ad22-46d5-ba11-775b3b9d594d', 'PENDING', '2023-01-01 00:00:00');
INSERT INTO car_booking_history (id, booking_id, status, changed_at) VALUES ('ffb24ea6-b731-4370-87d9-07629b9ab845', 'bdb59ebc-ad22-46d5-ba11-775b3b9d594d', 'COMPLETED', '2023-01-01 00:00:00');
INSERT INTO car_booking_history (id, booking_id, status, changed_at) VALUES ('ba21b95b-40f9-4464-b8ca-6759a5a42533', 'ea5f93b1-8557-4381-8222-07904b71121f', 'PENDING', '2023-01-01 00:00:00');
INSERT INTO car_booking_history (id, booking_id, status, changed_at) VALUES ('a672c99f-223d-411c-a5d7-2512870cd352', 'ea5f93b1-8557-4381-8222-07904b71121f', 'COMPLETED', '2023-01-01 00:00:00');
INSERT INTO car_booking_history (id, booking_id, status, changed_at) VALUES ('a65de655-a5dd-4fbf-b762-d55d6d79a44f', 'b2314ba0-db59-4f5a-a5dd-bba5ab092456', 'PENDING', '2023-01-01 00:00:00');
INSERT INTO car_booking_history (id, booking_id, status, changed_at) VALUES ('04ae7253-ccec-4c28-99d0-ab39b6b314d2', 'b2314ba0-db59-4f5a-a5dd-bba5ab092456', 'COMPLETED', '2023-01-01 00:00:00');
INSERT INTO car_booking_history (id, booking_id, status, changed_at) VALUES ('ad0d61bb-23ed-449c-9f75-6530fb483f4c', '72acc7d8-c54d-4567-882f-436bba5e07bb', 'PENDING', '2023-01-01 00:00:00');
INSERT INTO car_booking_history (id, booking_id, status, changed_at) VALUES ('59df5a86-879e-49bb-b985-2eabcee81d02', '72acc7d8-c54d-4567-882f-436bba5e07bb', 'COMPLETED', '2023-01-01 00:00:00');
INSERT INTO car_booking_history (id, booking_id, status, changed_at) VALUES ('ed0ccd64-a59a-417c-9ec9-f0d616c30126', 'a0941e55-f7ec-47d6-a5f5-4c652da1325e', 'PENDING', '2023-01-01 00:00:00');
INSERT INTO car_booking_history (id, booking_id, status, changed_at) VALUES ('dd380578-d7c8-4347-a188-bdd86dbf77d7', 'a0941e55-f7ec-47d6-a5f5-4c652da1325e', 'COMPLETED', '2023-01-01 00:00:00');
INSERT INTO car_booking_history (id, booking_id, status, changed_at) VALUES ('c02aeb0b-43f9-4167-a711-7885c2a2888c', 'dde30221-d9b0-4772-8006-c77919d0694a', 'PENDING', '2023-01-01 00:00:00');
INSERT INTO car_booking_history (id, booking_id, status, changed_at) VALUES ('095cdd44-1859-4ce6-81e1-34da4891c8a7', 'dde30221-d9b0-4772-8006-c77919d0694a', 'COMPLETED', '2023-01-01 00:00:00');
INSERT INTO car_booking_history (id, booking_id, status, changed_at) VALUES ('77dc5c57-176a-4fcd-b40f-665ea8fee05f', '9579b622-c9de-4c09-9fe9-5b1bc0e720a6', 'PENDING', '2023-01-01 00:00:00');
INSERT INTO car_booking_history (id, booking_id, status, changed_at) VALUES ('617ebf3e-7130-4764-8783-fe67e38b1a8e', '9579b622-c9de-4c09-9fe9-5b1bc0e720a6', 'COMPLETED', '2023-01-01 00:00:00');
INSERT INTO car_booking_history (id, booking_id, status, changed_at) VALUES ('37f96a0c-fb45-41eb-a8f8-f0cd69938837', '4f242f33-7acf-4753-b246-6c16b667488e', 'PENDING', '2023-01-01 00:00:00');
INSERT INTO car_booking_history (id, booking_id, status, changed_at) VALUES ('c7119c80-7fe1-4ce3-b3a7-9d46bc101307', '4f242f33-7acf-4753-b246-6c16b667488e', 'COMPLETED', '2023-01-01 00:00:00');
INSERT INTO car_booking_history (id, booking_id, status, changed_at) VALUES ('210b53b0-9a88-4acf-a5b3-edff8d85de1b', '198c5add-6300-4772-9673-b2aec8d9c992', 'PENDING', '2023-01-01 00:00:00');
INSERT INTO car_booking_history (id, booking_id, status, changed_at) VALUES ('50608272-4b0f-4f48-b12a-4646226e33d4', '198c5add-6300-4772-9673-b2aec8d9c992', 'COMPLETED', '2023-01-01 00:00:00');
INSERT INTO car_booking_history (id, booking_id, status, changed_at) VALUES ('0be9918a-5744-42ea-b103-e26228d0bda5', '189e785a-2878-4a22-a0aa-01a7000302e9', 'PENDING', '2023-01-01 00:00:00');
INSERT INTO car_booking_history (id, booking_id, status, changed_at) VALUES ('072bee08-af51-403f-82a9-f65d89414a15', '189e785a-2878-4a22-a0aa-01a7000302e9', 'COMPLETED', '2023-01-01 00:00:00');
INSERT INTO car_booking_history (id, booking_id, status, changed_at) VALUES ('cf765ce8-8319-4fa5-b292-f9217fdb203a', 'a84303a3-6c63-4290-9454-8cff9944629a', 'PENDING', '2023-01-01 00:00:00');
INSERT INTO car_booking_history (id, booking_id, status, changed_at) VALUES ('e65c7aa5-1f1a-4863-b44c-2da6eca3290b', 'a84303a3-6c63-4290-9454-8cff9944629a', 'COMPLETED', '2023-01-01 00:00:00');
INSERT INTO car_booking_history (id, booking_id, status, changed_at) VALUES ('c805f9d7-09cc-4a05-97d1-44f7c058e6b4', 'd0f3e8ec-c9a6-4ac4-a631-9c8620f892be', 'PENDING', '2023-01-01 00:00:00');
INSERT INTO car_booking_history (id, booking_id, status, changed_at) VALUES ('67d4039a-2b28-4daa-b554-0492dbb9a484', 'd0f3e8ec-c9a6-4ac4-a631-9c8620f892be', 'COMPLETED', '2023-01-01 00:00:00');
INSERT INTO car_booking_history (id, booking_id, status, changed_at) VALUES ('8bd22dd6-39de-4e3c-a089-89c9f6abb040', '49a7b5a0-7bab-4b9f-996d-eb35e17d66a9', 'PENDING', '2023-01-01 00:00:00');
INSERT INTO car_booking_history (id, booking_id, status, changed_at) VALUES ('2f1aa570-57a4-4dbf-b6c7-066ce0063d20', '49a7b5a0-7bab-4b9f-996d-eb35e17d66a9', 'COMPLETED', '2023-01-01 00:00:00');
INSERT INTO car_booking_history (id, booking_id, status, changed_at) VALUES ('977cba82-cc14-4f05-92eb-13ced117d856', 'e618246a-a9d5-4fb3-a7cc-ed69f77de614', 'PENDING', '2023-01-01 00:00:00');
INSERT INTO car_booking_history (id, booking_id, status, changed_at) VALUES ('94c95fcb-20c8-4b0b-a43b-bc27fdfec2a1', 'e618246a-a9d5-4fb3-a7cc-ed69f77de614', 'COMPLETED', '2023-01-01 00:00:00');
INSERT INTO car_booking_history (id, booking_id, status, changed_at) VALUES ('66302e67-2deb-44da-b2cb-f86fe624dffe', 'ba91bfee-ee0c-4879-8841-f3ecbf310408', 'PENDING', '2023-01-01 00:00:00');
INSERT INTO car_booking_history (id, booking_id, status, changed_at) VALUES ('12ca3b3b-2d31-40fe-91de-135d61b1e8a3', 'ba91bfee-ee0c-4879-8841-f3ecbf310408', 'COMPLETED', '2023-01-01 00:00:00');
INSERT INTO car_booking_history (id, booking_id, status, changed_at) VALUES ('b90b0771-b178-4413-8359-bd89a9efc0aa', 'e153bc12-6a9a-42cf-9845-36c6ddbc6e76', 'PENDING', '2023-01-01 00:00:00');
INSERT INTO car_booking_history (id, booking_id, status, changed_at) VALUES ('2994363a-e4cc-436a-83c3-bf8c066d57c5', 'e153bc12-6a9a-42cf-9845-36c6ddbc6e76', 'COMPLETED', '2023-01-01 00:00:00');
INSERT INTO car_booking_history (id, booking_id, status, changed_at) VALUES ('9c5c0c60-a0a5-494e-aaf4-15a03f837856', '8098e139-1ca3-4dd1-8d1b-d1e18808df69', 'PENDING', '2023-01-01 00:00:00');
INSERT INTO car_booking_history (id, booking_id, status, changed_at) VALUES ('bea0527e-65f1-4625-9a3a-9947b2531a55', '8098e139-1ca3-4dd1-8d1b-d1e18808df69', 'COMPLETED', '2023-01-01 00:00:00');
INSERT INTO car_booking_history (id, booking_id, status, changed_at) VALUES ('9fd934c3-e397-4ed3-aea3-7b4a7bbe15fe', 'c16b4cf6-abcd-404c-b788-6b0b2e1ded68', 'PENDING', '2023-01-01 00:00:00');
INSERT INTO car_booking_history (id, booking_id, status, changed_at) VALUES ('239cb8dc-2beb-4b2f-b71f-85eab74fc9b8', 'c16b4cf6-abcd-404c-b788-6b0b2e1ded68', 'COMPLETED', '2023-01-01 00:00:00');
INSERT INTO car_booking_history (id, booking_id, status, changed_at) VALUES ('87b8b475-2c76-47c0-bb59-14fde696d331', '37bb6c42-9c7f-4c2c-a028-75de58260342', 'PENDING', '2023-01-01 00:00:00');
INSERT INTO car_booking_history (id, booking_id, status, changed_at) VALUES ('95c9ae16-60c9-4ec9-9cbf-8a4fdecbed45', '37bb6c42-9c7f-4c2c-a028-75de58260342', 'COMPLETED', '2023-01-01 00:00:00');
INSERT INTO car_booking_history (id, booking_id, status, changed_at) VALUES ('b1638a30-1472-4676-88aa-cdc90b895121', 'b710d8c9-6abc-4031-807f-df429d72f488', 'PENDING', '2023-01-01 00:00:00');
INSERT INTO car_booking_history (id, booking_id, status, changed_at) VALUES ('31ef42af-c708-47b9-8813-1f8ee6040a3c', 'b710d8c9-6abc-4031-807f-df429d72f488', 'COMPLETED', '2023-01-01 00:00:00');
INSERT INTO car_booking_history (id, booking_id, status, changed_at) VALUES ('46669cfc-4507-4b3e-acb5-bb8ceab5f50b', 'cc9db1b7-9372-4605-8f95-d342a777218a', 'PENDING', '2023-01-01 00:00:00');
INSERT INTO car_booking_history (id, booking_id, status, changed_at) VALUES ('a7446e3c-7fa0-47e8-9667-bf8c2b74567f', 'cc9db1b7-9372-4605-8f95-d342a777218a', 'COMPLETED', '2023-01-01 00:00:00');
INSERT INTO car_booking_history (id, booking_id, status, changed_at) VALUES ('9a1d0412-2ddf-44c8-8f33-f504f99fb0c2', '8c23338b-f627-47c5-b1f2-bbb97844f56d', 'PENDING', '2023-01-01 00:00:00');
INSERT INTO car_booking_history (id, booking_id, status, changed_at) VALUES ('97cb7b13-8756-496f-9c21-28ec97f3d69c', '8c23338b-f627-47c5-b1f2-bbb97844f56d', 'COMPLETED', '2023-01-01 00:00:00');
INSERT INTO car_booking_history (id, booking_id, status, changed_at) VALUES ('3c17e7de-a253-4cac-bec2-e3f7d0b1b626', '035fb8e5-5b8f-48b4-9a90-1d1d3b4cb7d0', 'PENDING', '2023-01-01 00:00:00');
INSERT INTO car_booking_history (id, booking_id, status, changed_at) VALUES ('b2014348-838f-43a1-abf0-5f69dbd8cb17', '035fb8e5-5b8f-48b4-9a90-1d1d3b4cb7d0', 'COMPLETED', '2023-01-01 00:00:00');
INSERT INTO car_booking_history (id, booking_id, status, changed_at) VALUES ('ec160a48-7725-489a-90f5-84b73a4f9f88', '060fb2ad-26e7-4c25-ae48-d69bb50d1385', 'PENDING', '2023-01-01 00:00:00');
INSERT INTO car_booking_history (id, booking_id, status, changed_at) VALUES ('f2af53a3-e260-4b50-8e53-ee9f051189fb', '060fb2ad-26e7-4c25-ae48-d69bb50d1385', 'COMPLETED', '2023-01-01 00:00:00');
INSERT INTO car_booking_history (id, booking_id, status, changed_at) VALUES ('9b471cb0-28b3-4bda-9a07-1992653a916f', '411b6c4d-e0b9-449f-8ed5-34e63cf9eacf', 'PENDING', '2023-01-01 00:00:00');
INSERT INTO car_booking_history (id, booking_id, status, changed_at) VALUES ('c6ec3424-7f88-40b3-9c72-4344ef331c97', '411b6c4d-e0b9-449f-8ed5-34e63cf9eacf', 'COMPLETED', '2023-01-01 00:00:00');
INSERT INTO car_booking_history (id, booking_id, status, changed_at) VALUES ('fcc509a1-77bd-4dc8-9e5f-36aece491569', '1746ae0e-6923-4d60-98b6-1fc463e091b4', 'PENDING', '2023-01-01 00:00:00');
INSERT INTO car_booking_history (id, booking_id, status, changed_at) VALUES ('b276691e-2614-4a13-ae41-1b12896b7cba', '1746ae0e-6923-4d60-98b6-1fc463e091b4', 'COMPLETED', '2023-01-01 00:00:00');
INSERT INTO car_booking_history (id, booking_id, status, changed_at) VALUES ('8bfb8425-ae0f-44d3-a491-1c1a828d1d84', 'f21b45e6-bc7d-4c6e-9ab9-4ff4abd6a661', 'PENDING', '2023-01-01 00:00:00');
INSERT INTO car_booking_history (id, booking_id, status, changed_at) VALUES ('d893f15e-20c4-472c-81c4-a44bb171d3e2', 'f21b45e6-bc7d-4c6e-9ab9-4ff4abd6a661', 'COMPLETED', '2023-01-01 00:00:00');
INSERT INTO car_booking_history (id, booking_id, status, changed_at) VALUES ('5fd5828a-e2e4-4a9b-8c18-4753d5034933', '6708ea8d-8cef-48a3-8dc6-b88b70e14039', 'PENDING', '2023-01-01 00:00:00');
INSERT INTO car_booking_history (id, booking_id, status, changed_at) VALUES ('a17cdeda-9bb9-4106-b518-41793cdc47a6', '6708ea8d-8cef-48a3-8dc6-b88b70e14039', 'COMPLETED', '2023-01-01 00:00:00');
INSERT INTO car_booking_history (id, booking_id, status, changed_at) VALUES ('c441cf4d-396f-4756-83ab-b17d7cac75ce', 'd0938064-0a68-4131-8776-3a0b65c0c2dc', 'PENDING', '2023-01-01 00:00:00');
INSERT INTO car_booking_history (id, booking_id, status, changed_at) VALUES ('8522882e-76d4-4284-a6b7-461387417991', 'd0938064-0a68-4131-8776-3a0b65c0c2dc', 'COMPLETED', '2023-01-01 00:00:00');
INSERT INTO car_booking_history (id, booking_id, status, changed_at) VALUES ('b0c5ebd2-7aa6-4275-9cf0-752d654a846f', '6f5110ea-3162-44aa-b22e-cf8350e84a3c', 'PENDING', '2023-01-01 00:00:00');
INSERT INTO car_booking_history (id, booking_id, status, changed_at) VALUES ('2ca25ba2-a77b-481a-bc87-2531ce9faf9d', '6f5110ea-3162-44aa-b22e-cf8350e84a3c', 'COMPLETED', '2023-01-01 00:00:00');
INSERT INTO car_booking_history (id, booking_id, status, changed_at) VALUES ('ef6cce61-8960-4eb5-94b3-24c3d82815ba', '0d6c8cba-6bdc-405f-82b3-23367f39d11d', 'PENDING', '2023-01-01 00:00:00');
INSERT INTO car_booking_history (id, booking_id, status, changed_at) VALUES ('d00cfad9-3416-4066-b807-c889d32c0428', '0d6c8cba-6bdc-405f-82b3-23367f39d11d', 'COMPLETED', '2023-01-01 00:00:00');
INSERT INTO car_booking_history (id, booking_id, status, changed_at) VALUES ('6a1ca47e-33e2-42ae-85d0-4a5e29643f20', '0d205b33-0111-4041-833e-d6d5d34117b3', 'PENDING', '2023-01-01 00:00:00');
INSERT INTO car_booking_history (id, booking_id, status, changed_at) VALUES ('b5dfb511-3778-407c-a802-c99658fee062', '0d205b33-0111-4041-833e-d6d5d34117b3', 'COMPLETED', '2023-01-01 00:00:00');
INSERT INTO car_booking_history (id, booking_id, status, changed_at) VALUES ('d9775a5f-dd76-443b-a32f-0ec16d63d330', '2a8f08fd-d606-4d91-83e3-2b15c4338cd2', 'PENDING', '2023-01-01 00:00:00');
INSERT INTO car_booking_history (id, booking_id, status, changed_at) VALUES ('e5c556f2-89e6-407c-83e6-7f15ace3e90a', '2a8f08fd-d606-4d91-83e3-2b15c4338cd2', 'COMPLETED', '2023-01-01 00:00:00');
INSERT INTO car_booking_history (id, booking_id, status, changed_at) VALUES ('eac2eba7-1e4c-40e5-ba9b-f5a780e2dad3', '0b03baf9-075d-400c-b838-d6ccd2c9a86b', 'PENDING', '2023-01-01 00:00:00');
INSERT INTO car_booking_history (id, booking_id, status, changed_at) VALUES ('a270354f-f218-4bc0-b80e-3e558d96a0fe', '0b03baf9-075d-400c-b838-d6ccd2c9a86b', 'COMPLETED', '2023-01-01 00:00:00');
INSERT INTO car_booking_history (id, booking_id, status, changed_at) VALUES ('36b4f12b-27c9-49d5-82d1-4dc534276ce3', 'f4b318a5-6655-4c5c-acf7-f1de743463a2', 'PENDING', '2023-01-01 00:00:00');
INSERT INTO car_booking_history (id, booking_id, status, changed_at) VALUES ('977b7b6d-9563-4c9d-acb3-58c0f2a4df84', 'f4b318a5-6655-4c5c-acf7-f1de743463a2', 'COMPLETED', '2023-01-01 00:00:00');
INSERT INTO car_booking_history (id, booking_id, status, changed_at) VALUES ('cb5f2ec9-be28-46fb-b320-2e8f4e0cc1cf', 'dd54c9c5-d2f3-4497-997d-002a7d78734b', 'PENDING', '2023-01-01 00:00:00');
INSERT INTO car_booking_history (id, booking_id, status, changed_at) VALUES ('bf521d22-e7ab-462c-8f19-309ec9009cf9', 'dd54c9c5-d2f3-4497-997d-002a7d78734b', 'COMPLETED', '2023-01-01 00:00:00');
INSERT INTO car_booking_history (id, booking_id, status, changed_at) VALUES ('ae0a7b13-1839-4e4f-92ad-dea8ff7e96ad', '1ad2f3c1-b457-48c7-81e5-04f791887b02', 'PENDING', '2023-01-01 00:00:00');
INSERT INTO car_booking_history (id, booking_id, status, changed_at) VALUES ('0ca712de-4ab6-4bf2-835b-f790b8c9218e', '1ad2f3c1-b457-48c7-81e5-04f791887b02', 'COMPLETED', '2023-01-01 00:00:00');
INSERT INTO car_booking_history (id, booking_id, status, changed_at) VALUES ('69712701-aa0c-4e73-9427-9dced6dfbeec', '4fa9be7d-34ad-46fc-968f-04b66c21d6ad', 'PENDING', '2023-01-01 00:00:00');
INSERT INTO car_booking_history (id, booking_id, status, changed_at) VALUES ('19c5e32f-0e95-433d-bd58-1b3e2e84f3a3', '4fa9be7d-34ad-46fc-968f-04b66c21d6ad', 'COMPLETED', '2023-01-01 00:00:00');
INSERT INTO car_booking_history (id, booking_id, status, changed_at) VALUES ('ca748a59-bc47-4d0e-aa7b-26e636ba2477', '1f3a6ea5-be37-4538-b6b3-de3de46cf58d', 'PENDING', '2023-01-01 00:00:00');
INSERT INTO car_booking_history (id, booking_id, status, changed_at) VALUES ('8353e8d7-bf1a-4301-9e44-f1aa14fc98d7', '1f3a6ea5-be37-4538-b6b3-de3de46cf58d', 'COMPLETED', '2023-01-01 00:00:00');
INSERT INTO car_booking_history (id, booking_id, status, changed_at) VALUES ('933258d3-7c8e-4918-a67e-cc3def2edb70', '9cbb14bc-f9dc-432d-b717-b6351033abd9', 'PENDING', '2023-01-01 00:00:00');
INSERT INTO car_booking_history (id, booking_id, status, changed_at) VALUES ('536c7444-4fd1-402f-b9c5-81451dc87c70', '9cbb14bc-f9dc-432d-b717-b6351033abd9', 'COMPLETED', '2023-01-01 00:00:00');
INSERT INTO car_booking_history (id, booking_id, status, changed_at) VALUES ('1a032dee-e725-479d-89d0-4697630f045c', 'c2c0f4bc-c3fa-4537-b9f5-4af326d9e778', 'PENDING', '2023-01-01 00:00:00');
INSERT INTO car_booking_history (id, booking_id, status, changed_at) VALUES ('46470201-a138-4ebb-90f7-5ae3cf3ddb78', 'c2c0f4bc-c3fa-4537-b9f5-4af326d9e778', 'COMPLETED', '2023-01-01 00:00:00');
INSERT INTO car_booking_history (id, booking_id, status, changed_at) VALUES ('ca153f74-41c1-46a0-94d8-557d6bd74356', '069de014-2455-475e-a7be-91860bb776ba', 'PENDING', '2023-01-01 00:00:00');
INSERT INTO car_booking_history (id, booking_id, status, changed_at) VALUES ('cc46f1e0-c2d6-4933-a592-fc5d6d6e2faf', '069de014-2455-475e-a7be-91860bb776ba', 'COMPLETED', '2023-01-01 00:00:00');
INSERT INTO car_booking_history (id, booking_id, status, changed_at) VALUES ('bbf6ea68-c6c9-4f42-991c-b135b17e2312', '3fc73f6e-99d8-4080-960e-aade1476f6b5', 'PENDING', '2023-01-01 00:00:00');
INSERT INTO car_booking_history (id, booking_id, status, changed_at) VALUES ('74ee8f35-ca81-4e95-b757-2409d219c6e2', '3fc73f6e-99d8-4080-960e-aade1476f6b5', 'COMPLETED', '2023-01-01 00:00:00');
INSERT INTO car_booking_history (id, booking_id, status, changed_at) VALUES ('67f9694e-a13c-4df9-bd42-a43936586bde', 'a05163ad-5bf2-4163-8a59-58ab86840696', 'PENDING', '2023-01-01 00:00:00');
INSERT INTO car_booking_history (id, booking_id, status, changed_at) VALUES ('0e37f24c-6596-4688-8d84-e4b4ef7169fe', 'a05163ad-5bf2-4163-8a59-58ab86840696', 'COMPLETED', '2023-01-01 00:00:00');
INSERT INTO car_booking_history (id, booking_id, status, changed_at) VALUES ('c1913b05-66a5-419c-85b5-7dc152cfa5d9', 'cb7c64d5-fbd3-43dd-929a-313de79b0fa5', 'PENDING', '2023-01-01 00:00:00');
INSERT INTO car_booking_history (id, booking_id, status, changed_at) VALUES ('9538bde0-33b2-4f9e-8b21-964505213389', 'cb7c64d5-fbd3-43dd-929a-313de79b0fa5', 'COMPLETED', '2023-01-01 00:00:00');
INSERT INTO car_booking_history (id, booking_id, status, changed_at) VALUES ('f4e0c0f0-a79d-456e-b8b4-a77b052e51e3', '10f6a521-ae60-431c-b628-a8e6956cbc60', 'PENDING', '2023-01-01 00:00:00');
INSERT INTO car_booking_history (id, booking_id, status, changed_at) VALUES ('a2fcfcb0-5b43-4643-9f17-3dae8f349baf', '10f6a521-ae60-431c-b628-a8e6956cbc60', 'COMPLETED', '2023-01-01 00:00:00');
INSERT INTO car_booking_history (id, booking_id, status, changed_at) VALUES ('c1851cea-e8a2-4ff0-8bac-dbcfe4798378', '82a44bab-97e5-4cdd-8652-895c5c7be77f', 'PENDING', '2023-01-01 00:00:00');
INSERT INTO car_booking_history (id, booking_id, status, changed_at) VALUES ('a8b827d4-6887-4567-aee3-8649e6c16b83', '82a44bab-97e5-4cdd-8652-895c5c7be77f', 'COMPLETED', '2023-01-01 00:00:00');
INSERT INTO car_booking_history (id, booking_id, status, changed_at) VALUES ('661a0774-e53f-444b-8c59-9f54da9d531c', 'f78edca8-e3f8-4152-8e40-7c85cec8691c', 'PENDING', '2023-01-01 00:00:00');
INSERT INTO car_booking_history (id, booking_id, status, changed_at) VALUES ('d198ca30-c1c2-4182-91c5-a68965c9fd50', 'f78edca8-e3f8-4152-8e40-7c85cec8691c', 'COMPLETED', '2023-01-01 00:00:00');
INSERT INTO car_booking_history (id, booking_id, status, changed_at) VALUES ('da5bec88-dea7-43ee-9804-8475a6ec7959', '94b5e0fa-79ef-409f-b3ce-6f46fb30cdf3', 'PENDING', '2023-01-01 00:00:00');
INSERT INTO car_booking_history (id, booking_id, status, changed_at) VALUES ('aa5e8761-2af6-437b-99f2-ea33f120d6ee', '94b5e0fa-79ef-409f-b3ce-6f46fb30cdf3', 'COMPLETED', '2023-01-01 00:00:00');
INSERT INTO car_booking_history (id, booking_id, status, changed_at) VALUES ('6c48c8bc-7ac6-400a-be42-d35c51560491', 'b8c2b95f-6e71-4f5c-bc95-6111571a78d5', 'PENDING', '2023-01-01 00:00:00');
INSERT INTO car_booking_history (id, booking_id, status, changed_at) VALUES ('88f743a5-a10f-44f0-8c52-e8b469d9f963', 'b8c2b95f-6e71-4f5c-bc95-6111571a78d5', 'COMPLETED', '2023-01-01 00:00:00');
INSERT INTO car_booking_history (id, booking_id, status, changed_at) VALUES ('f10d8545-3ebd-4d1b-b145-7da048805cb1', '405a5997-31ce-4d7f-b200-85591d6bf707', 'PENDING', '2023-01-01 00:00:00');
INSERT INTO car_booking_history (id, booking_id, status, changed_at) VALUES ('8c55203a-89cf-4b70-bd9f-54c569a377a5', '405a5997-31ce-4d7f-b200-85591d6bf707', 'COMPLETED', '2023-01-01 00:00:00');
INSERT INTO car_booking_history (id, booking_id, status, changed_at) VALUES ('06175d8d-6ed6-4db1-bf2b-d7cf10e10c69', 'd9a00b61-26af-4fe0-918b-eefa2f0cf5e3', 'PENDING', '2023-01-01 00:00:00');
INSERT INTO car_booking_history (id, booking_id, status, changed_at) VALUES ('14994cbf-f584-403f-8912-03830521e00f', 'd9a00b61-26af-4fe0-918b-eefa2f0cf5e3', 'COMPLETED', '2023-01-01 00:00:00');
INSERT INTO car_booking_history (id, booking_id, status, changed_at) VALUES ('4d3c9e5b-f0d2-4e82-89dd-b99569b9bc1e', '4414dc5f-17df-4d01-9651-e016dabe55b9', 'PENDING', '2023-01-01 00:00:00');
INSERT INTO car_booking_history (id, booking_id, status, changed_at) VALUES ('35f86640-3ed8-433f-99fe-5ebcfc74a8d2', '4414dc5f-17df-4d01-9651-e016dabe55b9', 'COMPLETED', '2023-01-01 00:00:00');
INSERT INTO car_booking_history (id, booking_id, status, changed_at) VALUES ('98c07809-47da-4d9f-b3fb-a4eee9aa3365', '146c2fa3-667c-4b5c-b6e1-a3192473552a', 'PENDING', '2023-01-01 00:00:00');
INSERT INTO car_booking_history (id, booking_id, status, changed_at) VALUES ('f4c9e52a-a165-4526-ab43-8d91a21a937b', '146c2fa3-667c-4b5c-b6e1-a3192473552a', 'COMPLETED', '2023-01-01 00:00:00');
INSERT INTO car_booking_history (id, booking_id, status, changed_at) VALUES ('df58fa48-62c9-4325-a4e8-bd25bc2681d2', 'e1a2f3ff-39e6-4ec3-b48b-6a1154779eb6', 'PENDING', '2023-01-01 00:00:00');
INSERT INTO car_booking_history (id, booking_id, status, changed_at) VALUES ('0c1525fd-a3d2-462d-b9f3-0c912145cbf9', 'e1a2f3ff-39e6-4ec3-b48b-6a1154779eb6', 'COMPLETED', '2023-01-01 00:00:00');
INSERT INTO car_booking_history (id, booking_id, status, changed_at) VALUES ('0b42101c-b439-4d32-8321-ce14a23da750', 'fecbb246-02a4-4b34-921f-4ccc7eeb7af6', 'PENDING', '2023-01-01 00:00:00');
INSERT INTO car_booking_history (id, booking_id, status, changed_at) VALUES ('b3697aa9-309c-4754-bb31-f4bee3b7935d', 'fecbb246-02a4-4b34-921f-4ccc7eeb7af6', 'COMPLETED', '2023-01-01 00:00:00');
INSERT INTO car_booking_history (id, booking_id, status, changed_at) VALUES ('b114a7cf-a32b-47ff-8eba-29819e8dfd04', '1f7ba908-ba45-4fd1-b339-c64775be456c', 'PENDING', '2023-01-01 00:00:00');
INSERT INTO car_booking_history (id, booking_id, status, changed_at) VALUES ('dfbc7404-8daf-4673-9ff1-058172e348f8', '1f7ba908-ba45-4fd1-b339-c64775be456c', 'COMPLETED', '2023-01-01 00:00:00');
INSERT INTO car_booking_history (id, booking_id, status, changed_at) VALUES ('f55860ae-3f15-49ec-bf1d-01d476408277', 'd431b8d2-c931-4a25-8549-e0d258c892e9', 'PENDING', '2023-01-01 00:00:00');
INSERT INTO car_booking_history (id, booking_id, status, changed_at) VALUES ('a5cbf8d2-18a2-4662-aa75-125c9c345d50', 'd431b8d2-c931-4a25-8549-e0d258c892e9', 'COMPLETED', '2023-01-01 00:00:00');
INSERT INTO car_booking_history (id, booking_id, status, changed_at) VALUES ('90dace00-cd04-4d7a-a83e-347fa82d7c19', 'ef89a934-f0f0-47d7-ae9e-bd9f46e09a5b', 'PENDING', '2023-01-01 00:00:00');
INSERT INTO car_booking_history (id, booking_id, status, changed_at) VALUES ('67539340-2f5a-4cc6-9acb-ea2dba92b852', 'ef89a934-f0f0-47d7-ae9e-bd9f46e09a5b', 'COMPLETED', '2023-01-01 00:00:00');
INSERT INTO car_booking_history (id, booking_id, status, changed_at) VALUES ('df87f950-5b26-4eee-b42d-310068371b29', '8f69a29b-fdad-487b-adc8-c14c89f1a0ad', 'PENDING', '2023-01-01 00:00:00');
INSERT INTO car_booking_history (id, booking_id, status, changed_at) VALUES ('bbe9a62b-ca9e-4836-83f0-ae39b3fe3b57', '8f69a29b-fdad-487b-adc8-c14c89f1a0ad', 'COMPLETED', '2023-01-01 00:00:00');
INSERT INTO car_booking_history (id, booking_id, status, changed_at) VALUES ('7a08d9c0-515b-439b-8310-2efa43ddc0e0', 'b9f617ce-23b4-40b0-9432-53024930f55a', 'PENDING', '2023-01-01 00:00:00');
INSERT INTO car_booking_history (id, booking_id, status, changed_at) VALUES ('68c6c162-717c-47f3-9776-da7e0dbde285', 'b9f617ce-23b4-40b0-9432-53024930f55a', 'COMPLETED', '2023-01-01 00:00:00');
INSERT INTO car_booking_history (id, booking_id, status, changed_at) VALUES ('cbf9e6e9-3083-40ba-a21a-e30b7c334b42', '7d6e1662-3fb3-46d2-aa55-53023e8db368', 'PENDING', '2023-01-01 00:00:00');
INSERT INTO car_booking_history (id, booking_id, status, changed_at) VALUES ('6f6bb167-215f-4054-a403-fd68c6a67dcb', '7d6e1662-3fb3-46d2-aa55-53023e8db368', 'COMPLETED', '2023-01-01 00:00:00');
INSERT INTO car_booking_history (id, booking_id, status, changed_at) VALUES ('fcb00fe5-7d4f-4751-ad07-4348ab8c5aa5', '56bcbc3d-1d52-43c4-8a00-ce55a2bfe343', 'PENDING', '2023-01-01 00:00:00');
INSERT INTO car_booking_history (id, booking_id, status, changed_at) VALUES ('5ef9f1d2-afe5-40c1-850a-7008e80fb98d', '56bcbc3d-1d52-43c4-8a00-ce55a2bfe343', 'COMPLETED', '2023-01-01 00:00:00');
INSERT INTO car_booking_history (id, booking_id, status, changed_at) VALUES ('6c20f9e4-ed31-4d5d-bbbe-823760fd0e04', '8e072fdd-4cb0-48a7-bba4-fd643304298c', 'PENDING', '2023-01-01 00:00:00');
INSERT INTO car_booking_history (id, booking_id, status, changed_at) VALUES ('0910194c-5bad-4912-b539-4f91cd26d2c9', '8e072fdd-4cb0-48a7-bba4-fd643304298c', 'COMPLETED', '2023-01-01 00:00:00');
INSERT INTO car_booking_history (id, booking_id, status, changed_at) VALUES ('fe495454-a862-4324-902c-712f16121591', 'd5673679-09ed-4644-a494-4f188040cd5a', 'PENDING', '2023-01-01 00:00:00');
INSERT INTO car_booking_history (id, booking_id, status, changed_at) VALUES ('04b533bd-42e8-48fb-bb8e-d58f95e3382f', 'd5673679-09ed-4644-a494-4f188040cd5a', 'COMPLETED', '2023-01-01 00:00:00');
INSERT INTO car_booking_history (id, booking_id, status, changed_at) VALUES ('f25fcbe5-18f3-4b0d-b542-a3b12e2e095c', 'f07a7a44-bde1-4af2-86ae-e2fc9e87f41a', 'PENDING', '2023-01-01 00:00:00');
INSERT INTO car_booking_history (id, booking_id, status, changed_at) VALUES ('e7848cc2-abe4-4f3c-b510-e7b26b420d7e', 'f07a7a44-bde1-4af2-86ae-e2fc9e87f41a', 'COMPLETED', '2023-01-01 00:00:00');
INSERT INTO car_booking_history (id, booking_id, status, changed_at) VALUES ('e212523d-e4ed-4cef-9442-85f20e20ef29', '4fa16da9-3d93-4359-a05b-9560fdb15cc7', 'PENDING', '2023-01-01 00:00:00');
INSERT INTO car_booking_history (id, booking_id, status, changed_at) VALUES ('a77d01d0-81cf-48ed-93f3-6526cab400fb', '4fa16da9-3d93-4359-a05b-9560fdb15cc7', 'COMPLETED', '2023-01-01 00:00:00');
INSERT INTO car_booking_history (id, booking_id, status, changed_at) VALUES ('4a4befca-317e-436c-8d4b-05397641da0e', '7b1814b2-8606-4fb3-a0cc-9f4b77079ba0', 'PENDING', '2023-01-01 00:00:00');
INSERT INTO car_booking_history (id, booking_id, status, changed_at) VALUES ('b6742068-7e31-451c-beb6-29635bf13672', '7b1814b2-8606-4fb3-a0cc-9f4b77079ba0', 'COMPLETED', '2023-01-01 00:00:00');
INSERT INTO car_booking_history (id, booking_id, status, changed_at) VALUES ('e548babe-08bf-481a-a719-0d4733a1ae4e', 'c6c0e9d4-e666-4fcf-85e1-4a809de4bc39', 'PENDING', '2023-01-01 00:00:00');
INSERT INTO car_booking_history (id, booking_id, status, changed_at) VALUES ('d6fd08dc-56f8-44cb-852b-e1d30a97d2e3', 'c6c0e9d4-e666-4fcf-85e1-4a809de4bc39', 'COMPLETED', '2023-01-01 00:00:00');
INSERT INTO car_booking_history (id, booking_id, status, changed_at) VALUES ('9e1c5998-235c-4707-b73f-b6c3d1d54ead', 'de30e707-5923-40ff-a274-d226575a16e4', 'PENDING', '2023-01-01 00:00:00');
INSERT INTO car_booking_history (id, booking_id, status, changed_at) VALUES ('479c9f8d-7f70-4393-b8f6-08693ddc9ba1', 'de30e707-5923-40ff-a274-d226575a16e4', 'COMPLETED', '2023-01-01 00:00:00');
INSERT INTO car_booking_history (id, booking_id, status, changed_at) VALUES ('4131a5bd-62f7-4687-9a5d-7dd3df98e11e', '6096cbc0-88c7-40f4-baf2-1e7ec3b4e34f', 'PENDING', '2023-01-01 00:00:00');
INSERT INTO car_booking_history (id, booking_id, status, changed_at) VALUES ('0a5c5572-ff77-4090-b095-8958ef784ef0', '6096cbc0-88c7-40f4-baf2-1e7ec3b4e34f', 'COMPLETED', '2023-01-01 00:00:00');
INSERT INTO car_booking_history (id, booking_id, status, changed_at) VALUES ('9268bc3e-d592-40dd-861e-1f09516500f5', '65d35afe-cd48-4e1c-a135-8368129e6d4f', 'PENDING', '2023-01-01 00:00:00');
INSERT INTO car_booking_history (id, booking_id, status, changed_at) VALUES ('ef3b2748-e5fa-4963-ae2e-dfdc7caf2425', '65d35afe-cd48-4e1c-a135-8368129e6d4f', 'COMPLETED', '2023-01-01 00:00:00');
INSERT INTO car_booking_history (id, booking_id, status, changed_at) VALUES ('3a3b796a-ec68-401a-94f2-f259f19f5573', '9e3a1fdf-77aa-456c-9253-d79979ff0b41', 'PENDING', '2023-01-01 00:00:00');
INSERT INTO car_booking_history (id, booking_id, status, changed_at) VALUES ('25384a28-bd05-46a6-8ab2-ddf2bb8a5df5', '9e3a1fdf-77aa-456c-9253-d79979ff0b41', 'COMPLETED', '2023-01-01 00:00:00');
INSERT INTO car_booking_history (id, booking_id, status, changed_at) VALUES ('1157508e-4374-4684-8768-b9d5866e18e6', 'b691ecbd-91bc-420e-aa54-65665e5ebf58', 'PENDING', '2023-01-01 00:00:00');
INSERT INTO car_booking_history (id, booking_id, status, changed_at) VALUES ('e19b3398-d901-42f1-9fea-ee6cb21b4fec', 'b691ecbd-91bc-420e-aa54-65665e5ebf58', 'COMPLETED', '2023-01-01 00:00:00');
INSERT INTO car_booking_history (id, booking_id, status, changed_at) VALUES ('4654dd07-3d1d-487e-a406-a5bc48cff0aa', 'be26638b-29bd-4cf5-9c06-1b5f08499c38', 'PENDING', '2023-01-01 00:00:00');
INSERT INTO car_booking_history (id, booking_id, status, changed_at) VALUES ('e1d99b69-b029-45f7-81dd-b8298920a261', 'be26638b-29bd-4cf5-9c06-1b5f08499c38', 'COMPLETED', '2023-01-01 00:00:00');
INSERT INTO car_booking_history (id, booking_id, status, changed_at) VALUES ('e1dcaa93-6517-472a-a64c-9769d4648257', '5c9806f5-269e-466c-9a95-94deedb87ab6', 'PENDING', '2023-01-01 00:00:00');
INSERT INTO car_booking_history (id, booking_id, status, changed_at) VALUES ('a6a7be8d-5ad8-45d5-8dc2-fa864a593502', '5c9806f5-269e-466c-9a95-94deedb87ab6', 'COMPLETED', '2023-01-01 00:00:00');
INSERT INTO car_booking_history (id, booking_id, status, changed_at) VALUES ('7262ffd6-beff-4b50-9b2d-d4578ce67b7f', 'c04da7ba-7761-46ad-92a4-d05b5b0f9b47', 'PENDING', '2023-01-01 00:00:00');
INSERT INTO car_booking_history (id, booking_id, status, changed_at) VALUES ('52e5ab56-0f17-42f7-807c-cc2f1bf65d6d', 'c04da7ba-7761-46ad-92a4-d05b5b0f9b47', 'COMPLETED', '2023-01-01 00:00:00');
INSERT INTO car_booking_history (id, booking_id, status, changed_at) VALUES ('92ca0af1-7d85-4dd8-a09e-307081287473', '002ad168-1b26-4a10-b9b7-1f058cfc914a', 'PENDING', '2023-01-01 00:00:00');
INSERT INTO car_booking_history (id, booking_id, status, changed_at) VALUES ('e39183cc-e9c7-4f2d-9b1d-c8bd78bbd8b5', '002ad168-1b26-4a10-b9b7-1f058cfc914a', 'COMPLETED', '2023-01-01 00:00:00');
INSERT INTO car_booking_history (id, booking_id, status, changed_at) VALUES ('bc2b3d83-3774-444b-b6e3-c4872cfd24bf', '8322f59d-f20c-4152-ba9a-23497c571c21', 'PENDING', '2023-01-01 00:00:00');
INSERT INTO car_booking_history (id, booking_id, status, changed_at) VALUES ('8b5d15c7-a341-4231-b6c7-2fda40e74ae0', '8322f59d-f20c-4152-ba9a-23497c571c21', 'COMPLETED', '2023-01-01 00:00:00');
INSERT INTO car_booking_history (id, booking_id, status, changed_at) VALUES ('dc728954-927b-44ce-8710-62cf739157b9', 'd874db9e-b492-4fe7-a376-c641be7f4807', 'PENDING', '2023-01-01 00:00:00');
INSERT INTO car_booking_history (id, booking_id, status, changed_at) VALUES ('016af614-2957-4573-9952-ac1b95f6d7fd', 'd874db9e-b492-4fe7-a376-c641be7f4807', 'COMPLETED', '2023-01-01 00:00:00');
INSERT INTO car_booking_history (id, booking_id, status, changed_at) VALUES ('968a19f1-a81c-4be4-80a3-922ea93c7a28', '637bec9e-9298-4407-9fe4-7f02ac9e5f6e', 'PENDING', '2023-01-01 00:00:00');
INSERT INTO car_booking_history (id, booking_id, status, changed_at) VALUES ('49acd305-8c31-46a9-aed5-0259c37c0f21', '637bec9e-9298-4407-9fe4-7f02ac9e5f6e', 'COMPLETED', '2023-01-01 00:00:00');
INSERT INTO car_booking_history (id, booking_id, status, changed_at) VALUES ('5d0a3e0a-e9d5-42d0-ba94-261e5a57013d', '492e4267-3485-460d-81cc-f5ff31fbc463', 'PENDING', '2023-01-01 00:00:00');
INSERT INTO car_booking_history (id, booking_id, status, changed_at) VALUES ('f8b21ce3-b9b0-4ac0-8539-069853cb9365', '492e4267-3485-460d-81cc-f5ff31fbc463', 'COMPLETED', '2023-01-01 00:00:00');
INSERT INTO car_booking_history (id, booking_id, status, changed_at) VALUES ('623723c3-7fb9-4ba2-a196-a926abe315bb', 'a77fc658-7844-402d-93b9-93611faef6da', 'PENDING', '2023-01-01 00:00:00');
INSERT INTO car_booking_history (id, booking_id, status, changed_at) VALUES ('b0a27563-03fd-47f6-a01c-a40c1f1d9e7d', 'a77fc658-7844-402d-93b9-93611faef6da', 'COMPLETED', '2023-01-01 00:00:00');
INSERT INTO car_booking_history (id, booking_id, status, changed_at) VALUES ('56978ada-4dea-4c0d-b1b3-21a8ec982eb1', '792fbdeb-9fc8-4983-a233-759becd85509', 'PENDING', '2023-01-01 00:00:00');
INSERT INTO car_booking_history (id, booking_id, status, changed_at) VALUES ('34b4b29f-3b38-493c-a385-18938f4661be', '792fbdeb-9fc8-4983-a233-759becd85509', 'COMPLETED', '2023-01-01 00:00:00');
INSERT INTO car_booking_history (id, booking_id, status, changed_at) VALUES ('4cddb4b0-324e-4e4a-976c-897ee29be519', '18353910-5e6a-4223-a92c-0d8976bc74cc', 'PENDING', '2023-01-01 00:00:00');
INSERT INTO car_booking_history (id, booking_id, status, changed_at) VALUES ('c8800374-bc6c-4720-812b-a9728202bcbe', '18353910-5e6a-4223-a92c-0d8976bc74cc', 'COMPLETED', '2023-01-01 00:00:00');
INSERT INTO car_booking_history (id, booking_id, status, changed_at) VALUES ('803b99b3-a85b-44c4-8cf2-4d076716f409', '5a0e00cf-2153-4684-a467-7ba3b182c38a', 'PENDING', '2023-01-01 00:00:00');
INSERT INTO car_booking_history (id, booking_id, status, changed_at) VALUES ('e5a5c20f-a323-4040-af4d-68537ef95d1e', '5a0e00cf-2153-4684-a467-7ba3b182c38a', 'COMPLETED', '2023-01-01 00:00:00');
INSERT INTO car_booking_history (id, booking_id, status, changed_at) VALUES ('04e7d4a0-e582-4a59-ae2f-624bb5f40b93', '36ed9f2e-7d6d-494d-9a18-81c23a05031d', 'PENDING', '2023-01-01 00:00:00');
INSERT INTO car_booking_history (id, booking_id, status, changed_at) VALUES ('1ec22150-af8e-440d-bfa3-99e7128a3bba', '36ed9f2e-7d6d-494d-9a18-81c23a05031d', 'COMPLETED', '2023-01-01 00:00:00');
INSERT INTO car_booking_history (id, booking_id, status, changed_at) VALUES ('a681dfaa-9a9e-4c62-b02b-07d42e1514fb', '410e799b-284e-46e5-a7fe-72e4a41f207f', 'PENDING', '2023-01-01 00:00:00');
INSERT INTO car_booking_history (id, booking_id, status, changed_at) VALUES ('295f2d4e-33c9-49af-8e6c-4b6a7bd5d4ae', '410e799b-284e-46e5-a7fe-72e4a41f207f', 'COMPLETED', '2023-01-01 00:00:00');
INSERT INTO car_booking_history (id, booking_id, status, changed_at) VALUES ('6864fb49-51ca-4644-a42f-704d4b3dbcd5', '105a1bb4-9f93-4c3c-99de-0539782dc7c9', 'PENDING', '2023-01-01 00:00:00');
INSERT INTO car_booking_history (id, booking_id, status, changed_at) VALUES ('cd5ccd18-9959-472a-9655-3889b8d43812', '105a1bb4-9f93-4c3c-99de-0539782dc7c9', 'COMPLETED', '2023-01-01 00:00:00');
INSERT INTO car_booking_history (id, booking_id, status, changed_at) VALUES ('e9d0b7dc-b357-4e95-9560-38c90c49a3b7', '5147f90c-0aaf-4654-b365-26373481d77d', 'PENDING', '2023-01-01 00:00:00');
INSERT INTO car_booking_history (id, booking_id, status, changed_at) VALUES ('9c0cc140-5e1a-48eb-ba61-92f4cf4ae52d', '5147f90c-0aaf-4654-b365-26373481d77d', 'COMPLETED', '2023-01-01 00:00:00');
INSERT INTO car_booking_history (id, booking_id, status, changed_at) VALUES ('5a659249-a234-43ea-9225-cd2c11ca6ea7', 'cf6b2bef-f91a-4ab9-b939-49b017c37f69', 'PENDING', '2023-01-01 00:00:00');
INSERT INTO car_booking_history (id, booking_id, status, changed_at) VALUES ('71bb8c21-3bf7-409a-ada0-03f33d4c6a1f', 'cf6b2bef-f91a-4ab9-b939-49b017c37f69', 'COMPLETED', '2023-01-01 00:00:00');
INSERT INTO car_booking_history (id, booking_id, status, changed_at) VALUES ('208f5fe6-73c4-49b1-bdbd-26d945c61e24', 'db98cfab-359b-41cf-a245-d6ac9f1b8a59', 'PENDING', '2023-01-01 00:00:00');
INSERT INTO car_booking_history (id, booking_id, status, changed_at) VALUES ('369f257f-78a0-401b-9d83-e51fa85f2e9f', 'db98cfab-359b-41cf-a245-d6ac9f1b8a59', 'COMPLETED', '2023-01-01 00:00:00');
INSERT INTO car_booking_history (id, booking_id, status, changed_at) VALUES ('9d5419ea-2b3b-4c7f-bb78-17be30b48c31', '0283a39f-bd5b-4e85-92ca-cce4ab3cd23f', 'PENDING', '2023-01-01 00:00:00');
INSERT INTO car_booking_history (id, booking_id, status, changed_at) VALUES ('6dc181d2-331f-40b5-9cbf-5ccf004b4ddf', '0283a39f-bd5b-4e85-92ca-cce4ab3cd23f', 'COMPLETED', '2023-01-01 00:00:00');
INSERT INTO car_booking_history (id, booking_id, status, changed_at) VALUES ('13f32a3b-8e7c-47bf-9488-b709de5a9298', '9df3218e-f3ba-4506-b4db-e603f2ac0442', 'PENDING', '2023-01-01 00:00:00');
INSERT INTO car_booking_history (id, booking_id, status, changed_at) VALUES ('74af44b7-2327-4c97-a188-0eb99a098c8c', '9df3218e-f3ba-4506-b4db-e603f2ac0442', 'COMPLETED', '2023-01-01 00:00:00');
INSERT INTO car_booking_history (id, booking_id, status, changed_at) VALUES ('d3069afb-a9d9-466e-b31b-77bd16156066', '748af2a6-3d4e-4b23-b176-2448bdad9daf', 'PENDING', '2023-01-01 00:00:00');
INSERT INTO car_booking_history (id, booking_id, status, changed_at) VALUES ('5cbcda6a-06ff-40a4-a8cf-4799bcbef8e8', '748af2a6-3d4e-4b23-b176-2448bdad9daf', 'COMPLETED', '2023-01-01 00:00:00');
INSERT INTO car_booking_history (id, booking_id, status, changed_at) VALUES ('d1f2983e-9f67-4601-98a4-d78af6c0a8fe', '03013166-9b37-481d-ae25-6949b9ddf914', 'PENDING', '2023-01-01 00:00:00');
INSERT INTO car_booking_history (id, booking_id, status, changed_at) VALUES ('628246db-d325-4f86-97b6-54a48183014b', '03013166-9b37-481d-ae25-6949b9ddf914', 'COMPLETED', '2023-01-01 00:00:00');
INSERT INTO car_booking_history (id, booking_id, status, changed_at) VALUES ('2ace0f03-4cad-4bfb-9ae3-b5a0c56ff99f', '80bc06e4-5560-4261-a800-768a896537c3', 'PENDING', '2023-01-01 00:00:00');
INSERT INTO car_booking_history (id, booking_id, status, changed_at) VALUES ('8ae302e8-33cb-4f27-a8a3-436f881eba8c', '80bc06e4-5560-4261-a800-768a896537c3', 'COMPLETED', '2023-01-01 00:00:00');
INSERT INTO car_booking_history (id, booking_id, status, changed_at) VALUES ('05ee47dd-5d8a-492b-af53-7034801a8446', '428b9165-ac9c-442a-9305-6e68527295e4', 'PENDING', '2023-01-01 00:00:00');
INSERT INTO car_booking_history (id, booking_id, status, changed_at) VALUES ('8ac1ced2-6192-492e-8f5f-88d1a1f1f3ea', '428b9165-ac9c-442a-9305-6e68527295e4', 'COMPLETED', '2023-01-01 00:00:00');
INSERT INTO car_booking_history (id, booking_id, status, changed_at) VALUES ('32c5eef6-49c3-46f4-9f1e-047b583450b1', 'c8114ca2-8a94-4649-b773-b4fc96c306d0', 'PENDING', '2023-01-01 00:00:00');
INSERT INTO car_booking_history (id, booking_id, status, changed_at) VALUES ('20707eb5-d3f9-4975-a32d-22c6c61b511d', 'c8114ca2-8a94-4649-b773-b4fc96c306d0', 'COMPLETED', '2023-01-01 00:00:00');
INSERT INTO car_booking_history (id, booking_id, status, changed_at) VALUES ('21910fa3-177e-460f-8f2f-f3658342eb96', '5104fac7-9fde-4627-9c25-f4e3fb590e2b', 'PENDING', '2023-01-01 00:00:00');
INSERT INTO car_booking_history (id, booking_id, status, changed_at) VALUES ('c69e2000-5178-4dd2-bb35-41b73a68b808', '5104fac7-9fde-4627-9c25-f4e3fb590e2b', 'COMPLETED', '2023-01-01 00:00:00');
INSERT INTO car_booking_history (id, booking_id, status, changed_at) VALUES ('f7d57b46-4431-45a0-b4a2-5ac085c52a8c', 'aab546c8-be6c-46d7-879d-e07ceddd7bd2', 'PENDING', '2023-01-01 00:00:00');
INSERT INTO car_booking_history (id, booking_id, status, changed_at) VALUES ('58f38450-88c3-48c5-9ef6-31125015b772', 'aab546c8-be6c-46d7-879d-e07ceddd7bd2', 'COMPLETED', '2023-01-01 00:00:00');
INSERT INTO car_booking_history (id, booking_id, status, changed_at) VALUES ('be4daba6-1a73-41e1-bab9-7cbf4250bd73', '5f6b56b7-5d42-4277-a3b8-e90b4b026a7a', 'PENDING', '2023-01-01 00:00:00');
INSERT INTO car_booking_history (id, booking_id, status, changed_at) VALUES ('c73a1ebc-675f-49b8-ba6c-6739e160b3c5', '5f6b56b7-5d42-4277-a3b8-e90b4b026a7a', 'COMPLETED', '2023-01-01 00:00:00');
INSERT INTO car_booking_history (id, booking_id, status, changed_at) VALUES ('d4cb2718-a6ba-4d6d-abe3-2e3978e66bb1', 'e2b49b8b-4d6f-4907-8848-16a3fe624e09', 'PENDING', '2023-01-01 00:00:00');
INSERT INTO car_booking_history (id, booking_id, status, changed_at) VALUES ('80fa62fd-afaa-4165-affe-5368ef1f9591', 'e2b49b8b-4d6f-4907-8848-16a3fe624e09', 'COMPLETED', '2023-01-01 00:00:00');
INSERT INTO car_booking_history (id, booking_id, status, changed_at) VALUES ('4e414676-c481-4a5f-ba65-c02aff9560c0', '9c4079ba-77fb-42c0-802a-20a1e75a5fe0', 'PENDING', '2023-01-01 00:00:00');
INSERT INTO car_booking_history (id, booking_id, status, changed_at) VALUES ('76f67a0d-aaf5-4d98-a079-16c337d2a49c', '9c4079ba-77fb-42c0-802a-20a1e75a5fe0', 'COMPLETED', '2023-01-01 00:00:00');
INSERT INTO car_booking_history (id, booking_id, status, changed_at) VALUES ('983e5e23-3857-4be7-b681-68e59038b812', 'dae2f0bb-2a25-4bd9-965c-36412e0ceee6', 'PENDING', '2023-01-01 00:00:00');
INSERT INTO car_booking_history (id, booking_id, status, changed_at) VALUES ('0b107755-7b4b-4674-8086-b89362b27c66', 'dae2f0bb-2a25-4bd9-965c-36412e0ceee6', 'COMPLETED', '2023-01-01 00:00:00');
INSERT INTO car_booking_history (id, booking_id, status, changed_at) VALUES ('416142c5-79c3-4028-bf0a-1629e5ce2727', 'b3682dc7-fe7b-4c45-b279-6b545b9b1dc1', 'PENDING', '2023-01-01 00:00:00');
INSERT INTO car_booking_history (id, booking_id, status, changed_at) VALUES ('3955885b-175c-4134-b446-2e242075803a', 'b3682dc7-fe7b-4c45-b279-6b545b9b1dc1', 'COMPLETED', '2023-01-01 00:00:00');
INSERT INTO car_booking_history (id, booking_id, status, changed_at) VALUES ('fa576d29-8976-46fd-a2dc-9f4612fe1fc3', 'c4212421-0b81-4f37-b37b-ddee15d14150', 'PENDING', '2023-01-01 00:00:00');
INSERT INTO car_booking_history (id, booking_id, status, changed_at) VALUES ('457d9b0d-b89f-44ef-88af-1c782a50bd86', 'c4212421-0b81-4f37-b37b-ddee15d14150', 'COMPLETED', '2023-01-01 00:00:00');
INSERT INTO car_booking_history (id, booking_id, status, changed_at) VALUES ('3a780af0-70be-4953-8ead-174779c48f9f', '2125cf0c-a1a7-44b5-b4da-bd35a758e44c', 'PENDING', '2023-01-01 00:00:00');
INSERT INTO car_booking_history (id, booking_id, status, changed_at) VALUES ('33c149b4-33f2-4664-b73d-3975f50f0502', '2125cf0c-a1a7-44b5-b4da-bd35a758e44c', 'COMPLETED', '2023-01-01 00:00:00');
INSERT INTO car_booking_history (id, booking_id, status, changed_at) VALUES ('d26b9ebc-ac53-4b41-90fe-474936b72224', '9ee027cf-8c7d-4f5d-a4c9-02e93e72f9bb', 'PENDING', '2023-01-01 00:00:00');
INSERT INTO car_booking_history (id, booking_id, status, changed_at) VALUES ('9d0c7d6c-f1d8-4d65-aaab-dd97d11f8c22', '9ee027cf-8c7d-4f5d-a4c9-02e93e72f9bb', 'COMPLETED', '2023-01-01 00:00:00');
INSERT INTO car_booking_history (id, booking_id, status, changed_at) VALUES ('e4379e27-3caa-4145-b480-98c4c200d665', 'f482ebb3-5270-4b4f-b8bc-2910bfec698d', 'PENDING', '2023-01-01 00:00:00');
INSERT INTO car_booking_history (id, booking_id, status, changed_at) VALUES ('1d8d94b1-9e3d-4777-8a0f-375ff1c4110d', 'f482ebb3-5270-4b4f-b8bc-2910bfec698d', 'COMPLETED', '2023-01-01 00:00:00');
INSERT INTO car_booking_history (id, booking_id, status, changed_at) VALUES ('85ad8271-45be-4b64-a181-bf710801e191', 'eb21bddb-8ff4-4b2c-ab6b-fcf057c6d44e', 'PENDING', '2023-01-01 00:00:00');
INSERT INTO car_booking_history (id, booking_id, status, changed_at) VALUES ('0aa04ee5-0e96-48d4-917c-4f627f609064', 'eb21bddb-8ff4-4b2c-ab6b-fcf057c6d44e', 'COMPLETED', '2023-01-01 00:00:00');
INSERT INTO car_booking_history (id, booking_id, status, changed_at) VALUES ('be93bce3-3bd5-420f-84b3-b55225fc6c3b', 'fa26f941-4e20-4162-835a-ccd65f161d46', 'PENDING', '2023-01-01 00:00:00');
INSERT INTO car_booking_history (id, booking_id, status, changed_at) VALUES ('3936be6a-8b10-4d18-93c9-dd44f9a42e71', 'fa26f941-4e20-4162-835a-ccd65f161d46', 'COMPLETED', '2023-01-01 00:00:00');
INSERT INTO car_booking_history (id, booking_id, status, changed_at) VALUES ('0bf7fe40-f2eb-47a5-ba10-e0aa3ef4da26', '3dcb8363-4c69-4b9c-8fb9-986b8f5b7e40', 'PENDING', '2023-01-01 00:00:00');
INSERT INTO car_booking_history (id, booking_id, status, changed_at) VALUES ('08668eac-c325-4698-a500-a0dac979627a', '3dcb8363-4c69-4b9c-8fb9-986b8f5b7e40', 'COMPLETED', '2023-01-01 00:00:00');
INSERT INTO car_booking_history (id, booking_id, status, changed_at) VALUES ('52bc41cf-cc95-42e1-a632-90ad2a476c86', '0126fe95-c147-4c5d-a76d-ef6ceae83dae', 'PENDING', '2023-01-01 00:00:00');
INSERT INTO car_booking_history (id, booking_id, status, changed_at) VALUES ('34bce63c-cc65-4090-9e7a-d513befd258d', '0126fe95-c147-4c5d-a76d-ef6ceae83dae', 'COMPLETED', '2023-01-01 00:00:00');
INSERT INTO car_booking_history (id, booking_id, status, changed_at) VALUES ('2e1a1e9c-891d-4f1b-8b7e-75e3ded7ed68', '1cc52228-76d5-4b31-b3d1-d87fc40b3175', 'PENDING', '2023-01-01 00:00:00');
INSERT INTO car_booking_history (id, booking_id, status, changed_at) VALUES ('db354a58-1d74-4435-8518-d672bc6e5bcb', '1cc52228-76d5-4b31-b3d1-d87fc40b3175', 'COMPLETED', '2023-01-01 00:00:00');
INSERT INTO car_booking_history (id, booking_id, status, changed_at) VALUES ('4d381105-556a-41ed-a750-cc2edaf8b05a', '7d33589a-fca4-45c2-9a41-0c0413684482', 'PENDING', '2023-01-01 00:00:00');
INSERT INTO car_booking_history (id, booking_id, status, changed_at) VALUES ('9ea45501-41e1-43c9-9426-e547564658e1', '7d33589a-fca4-45c2-9a41-0c0413684482', 'COMPLETED', '2023-01-01 00:00:00');
INSERT INTO car_booking_history (id, booking_id, status, changed_at) VALUES ('ab478288-4bf5-404f-a3e5-3f2579350d22', '652a65b5-f7d8-4597-a8a3-fdc4eaf64293', 'PENDING', '2023-01-01 00:00:00');
INSERT INTO car_booking_history (id, booking_id, status, changed_at) VALUES ('713a16d7-707e-4bbf-85b2-ae0ec44d785a', '652a65b5-f7d8-4597-a8a3-fdc4eaf64293', 'COMPLETED', '2023-01-01 00:00:00');
INSERT INTO car_booking_history (id, booking_id, status, changed_at) VALUES ('3b003b35-b50c-49d1-945a-32807064a7f6', '2b0db75a-6f22-4d0b-aa82-292879ee663f', 'PENDING', '2023-01-01 00:00:00');
INSERT INTO car_booking_history (id, booking_id, status, changed_at) VALUES ('f89d6f5d-c849-4c42-9a7a-9c6692330175', '2b0db75a-6f22-4d0b-aa82-292879ee663f', 'COMPLETED', '2023-01-01 00:00:00');
INSERT INTO car_booking_history (id, booking_id, status, changed_at) VALUES ('27b6eae5-2fee-4616-b6a1-03aa1a7208de', 'f1338407-922a-4aa1-9819-529b10667c14', 'PENDING', '2023-01-01 00:00:00');
INSERT INTO car_booking_history (id, booking_id, status, changed_at) VALUES ('7a3b7653-a511-4634-bf5f-dde068a864f8', 'f1338407-922a-4aa1-9819-529b10667c14', 'COMPLETED', '2023-01-01 00:00:00');
INSERT INTO car_booking_history (id, booking_id, status, changed_at) VALUES ('c0dd4be7-f6a5-49b9-bce5-0685acef4f38', 'aabbf1b3-340d-4263-b11c-af70a240b207', 'PENDING', '2023-01-01 00:00:00');
INSERT INTO car_booking_history (id, booking_id, status, changed_at) VALUES ('63424f9b-922f-4b08-bc2d-c0d0214f9ac3', 'aabbf1b3-340d-4263-b11c-af70a240b207', 'COMPLETED', '2023-01-01 00:00:00');
INSERT INTO car_booking_history (id, booking_id, status, changed_at) VALUES ('89a8b633-6a45-4577-b043-1e7febe9439d', '482b50ad-da5d-4b8f-89db-b7e97fff413f', 'PENDING', '2023-01-01 00:00:00');
INSERT INTO car_booking_history (id, booking_id, status, changed_at) VALUES ('38d5d1a0-5421-48c9-a426-3e39b32a12cc', '482b50ad-da5d-4b8f-89db-b7e97fff413f', 'COMPLETED', '2023-01-01 00:00:00');
INSERT INTO car_booking_history (id, booking_id, status, changed_at) VALUES ('0976a336-9a28-47b2-b477-f498c2c348a9', '238f6f0c-62f5-48e5-b7aa-9857d00203ed', 'PENDING', '2023-01-01 00:00:00');
INSERT INTO car_booking_history (id, booking_id, status, changed_at) VALUES ('32864126-e0e6-4eda-beda-d1cc61549041', '238f6f0c-62f5-48e5-b7aa-9857d00203ed', 'COMPLETED', '2023-01-01 00:00:00');
INSERT INTO car_booking_history (id, booking_id, status, changed_at) VALUES ('0fc4dfde-84c3-4a41-a8a5-15118f3a9d28', 'd7112093-7367-420a-8d44-b75727867a07', 'PENDING', '2023-01-01 00:00:00');
INSERT INTO car_booking_history (id, booking_id, status, changed_at) VALUES ('060af777-6500-409b-94b7-b41fafa1842a', 'd7112093-7367-420a-8d44-b75727867a07', 'COMPLETED', '2023-01-01 00:00:00');
INSERT INTO car_booking_history (id, booking_id, status, changed_at) VALUES ('e663ece8-aa0a-4825-af25-af9ed78807ee', '16c84498-b790-4d88-b140-24fc6c316211', 'PENDING', '2023-01-01 00:00:00');
INSERT INTO car_booking_history (id, booking_id, status, changed_at) VALUES ('49452ca7-283d-4682-b91e-d4ebcf35d155', '16c84498-b790-4d88-b140-24fc6c316211', 'COMPLETED', '2023-01-01 00:00:00');
INSERT INTO car_booking_history (id, booking_id, status, changed_at) VALUES ('719a182e-0580-40f2-852f-1296d98d8479', '05591210-c17b-456e-9f4f-33f2fbfdc1a4', 'PENDING', '2023-01-01 00:00:00');
INSERT INTO car_booking_history (id, booking_id, status, changed_at) VALUES ('ed2093e4-14c3-4119-95e5-726a84bbd154', '05591210-c17b-456e-9f4f-33f2fbfdc1a4', 'COMPLETED', '2023-01-01 00:00:00');
INSERT INTO car_booking_history (id, booking_id, status, changed_at) VALUES ('ed1c0899-58ce-410a-b7d5-fab0964611ce', '0f526b76-825a-4606-b556-c6fb5b18688b', 'PENDING', '2023-01-01 00:00:00');
INSERT INTO car_booking_history (id, booking_id, status, changed_at) VALUES ('7fcf90fb-eab2-45b0-9ae7-015f562bfe74', '0f526b76-825a-4606-b556-c6fb5b18688b', 'COMPLETED', '2023-01-01 00:00:00');
INSERT INTO car_booking_history (id, booking_id, status, changed_at) VALUES ('7ab77fff-c440-4b6b-b8f5-4ab50b852205', '4a9d9f41-1f1b-4f4c-b07e-4bf0ebc0a8aa', 'PENDING', '2023-01-01 00:00:00');
INSERT INTO car_booking_history (id, booking_id, status, changed_at) VALUES ('d1b9e627-c389-42e9-af68-c7c6e5a81832', '4a9d9f41-1f1b-4f4c-b07e-4bf0ebc0a8aa', 'COMPLETED', '2023-01-01 00:00:00');
INSERT INTO car_booking_history (id, booking_id, status, changed_at) VALUES ('00f9b142-eab2-49bd-9f69-8cd270d31f7d', '5e7f1c39-c191-4900-92fb-0421633bc9b2', 'PENDING', '2023-01-01 00:00:00');
INSERT INTO car_booking_history (id, booking_id, status, changed_at) VALUES ('d46c9bed-c93d-4c7c-949b-1cc6d892f37e', '5e7f1c39-c191-4900-92fb-0421633bc9b2', 'COMPLETED', '2023-01-01 00:00:00');