-- ============================================================
-- LUXEWAY SAMPLE DATA - SQL SERVER COMPATIBLE
-- ============================================================
SET QUOTED_IDENTIFIER ON;
SET ANSI_NULLS ON;
SET ANSI_PADDING ON;
SET ANSI_WARNINGS ON;
SET ARITHABORT ON;
SET CONCAT_NULL_YIELDS_NULL ON;
SET NUMERIC_ROUNDABORT OFF;
-- Ensure preferred_language column exists
IF COL_LENGTH('users', 'preferred_language') IS NULL
BEGIN
    ALTER TABLE users ADD preferred_language NVARCHAR(10) DEFAULT 'en'
END;

-- ============================================================
-- ECOSYSTEM SCHEMA UPDATES & NEW TABLES
-- ============================================================

-- Ensure new vehicle columns exist
IF COL_LENGTH('vehicles', 'vehicle_type') IS NULL
BEGIN
    ALTER TABLE vehicles ADD vehicle_type NVARCHAR(20) NOT NULL DEFAULT 'CAR'
END;

IF COL_LENGTH('vehicles', 'engine_cc') IS NULL
BEGIN
    ALTER TABLE vehicles ADD engine_cc INT NULL
END;

IF COL_LENGTH('vehicles', 'has_helmet') IS NULL
BEGIN
    ALTER TABLE vehicles ADD has_helmet BIT NOT NULL DEFAULT 0
END;

IF COL_LENGTH('vehicles', 'has_phone_holder') IS NULL
BEGIN
    ALTER TABLE vehicles ADD has_phone_holder BIT NOT NULL DEFAULT 0
END;

IF COL_LENGTH('vehicles', 'has_raincoat') IS NULL
BEGIN
    ALTER TABLE vehicles ADD has_raincoat BIT NOT NULL DEFAULT 0
END;

IF COL_LENGTH('vehicles', 'has_touring_package') IS NULL
BEGIN
    ALTER TABLE vehicles ADD has_touring_package BIT NOT NULL DEFAULT 0
END;

IF COL_LENGTH('vehicles', 'has_chauffeur') IS NULL
BEGIN
    ALTER TABLE vehicles ADD has_chauffeur BIT NOT NULL DEFAULT 0
END;

IF COL_LENGTH('vehicles', 'airport_delivery') IS NULL
BEGIN
    ALTER TABLE vehicles ADD airport_delivery BIT NOT NULL DEFAULT 0
END;

IF COL_LENGTH('vehicles', 'wedding_rental') IS NULL
BEGIN
    ALTER TABLE vehicles ADD wedding_rental BIT NOT NULL DEFAULT 0
END;

IF COL_LENGTH('vehicles', 'business_rental') IS NULL
BEGIN
    ALTER TABLE vehicles ADD business_rental BIT NOT NULL DEFAULT 0
END;

IF COL_LENGTH('vehicles', 'description') IS NULL
BEGIN
    ALTER TABLE vehicles ADD description NVARCHAR(MAX) NULL
END;

-- Update vehicles category check constraint to allow new Car & Motorbike categories
IF EXISTS (SELECT * FROM sys.objects WHERE name = 'CHK_vehicles_category' AND parent_object_id = OBJECT_ID('vehicles'))
BEGIN
    ALTER TABLE vehicles DROP CONSTRAINT CHK_vehicles_category
END;

ALTER TABLE vehicles ADD CONSTRAINT CHK_vehicles_category CHECK (category IN (
    'ECONOMY','FAMILY','BUSINESS','ELECTRIC','MOTORBIKE','SUV','CITY_CAR','TOURISM',
    'SEDAN','MPV','LUXURY','ELECTRIC_CAR','SPORTS','PICKUP',
    'SCOOTER','AUTOMATIC_SCOOTER','MANUAL_MOTORCYCLE','SPORT_BIKE','TOURING_BIKE','ADVENTURE_BIKE','CLASSIC_BIKE','ELECTRIC_BIKE'
));

-- Ensure vehicle_brands table exists
IF OBJECT_ID('vehicle_brands', 'U') IS NULL
BEGIN
    CREATE TABLE vehicle_brands (
        id              NVARCHAR(36)    NOT NULL PRIMARY KEY,
        name            NVARCHAR(100)   NOT NULL UNIQUE,
        country         NVARCHAR(100)   NOT NULL DEFAULT N'Japan',
        vehicle_type    NVARCHAR(20)    NOT NULL CONSTRAINT CHK_brand_type CHECK (vehicle_type IN ('CAR', 'MOTORBIKE', 'BOTH')),
        logo_url        NVARCHAR(500),
        is_active       BIT             NOT NULL DEFAULT 1,
        sort_order      INT             NOT NULL DEFAULT 0,
        created_at      DATETIME2       NOT NULL DEFAULT GETDATE()
    )
END;

-- Ensure vehicle_models table exists
IF OBJECT_ID('vehicle_models', 'U') IS NULL
BEGIN
    CREATE TABLE vehicle_models (
        id              NVARCHAR(36)    NOT NULL PRIMARY KEY,
        brand_id        NVARCHAR(36)    NOT NULL,
        model_name      NVARCHAR(200)   NOT NULL,
        vehicle_type    NVARCHAR(20)    NOT NULL CONSTRAINT CHK_model_type CHECK (vehicle_type IN ('CAR', 'MOTORBIKE')),
        category        NVARCHAR(50)    NOT NULL,
        engine_cc       INT             NULL,       -- For motorbikes
        seats           INT             NULL,       -- For cars
        base_price_min  DECIMAL(12,0)   NOT NULL,   -- VND/day minimum
        base_price_max  DECIMAL(12,0)   NOT NULL,   -- VND/day maximum
        is_active       BIT             NOT NULL DEFAULT 1,
        sort_order      INT             NOT NULL DEFAULT 0,
        CONSTRAINT FK_vehicle_models_brand FOREIGN KEY (brand_id) REFERENCES vehicle_brands(id) ON DELETE NO ACTION
    )
END;

-- Clear tables (respecting foreign keys)
DELETE FROM vehicle_models;
DELETE FROM vehicle_brands;

-- Seed brand catalog
INSERT INTO vehicle_brands (id, name, country, vehicle_type, is_active) VALUES
('B1', N'Honda', N'Japan', 'BOTH', 1),
('B2', N'Yamaha', N'Japan', 'MOTORBIKE', 1),
('B3', N'Suzuki', N'Japan', 'BOTH', 1),
('B4', N'VinFast', N'Vietnam', 'BOTH', 1),
('B5', N'Kawasaki', N'Japan', 'MOTORBIKE', 1),
('B6', N'Toyota', N'Japan', 'CAR', 1),
('B7', N'Mazda', N'Japan', 'CAR', 1),
('B8', N'Hyundai', N'South Korea', 'CAR', 1),
('B9', N'Kia', N'South Korea', 'CAR', 1),
('B10', N'Ford', N'USA', 'CAR', 1),
('B11', N'Mitsubishi', N'Japan', 'CAR', 1),
('B12', N'Mercedes-Benz', N'Germany', 'CAR', 1),
('B13', N'BMW', N'Germany', 'CAR', 1),
('B14', N'Audi', N'Germany', 'CAR', 1),
('B15', N'Porsche', N'Germany', 'CAR', 1);

-- Seed model catalog
INSERT INTO vehicle_models (id, brand_id, model_name, vehicle_type, category, engine_cc, seats, base_price_min, base_price_max, is_active) VALUES
('M1', 'B1', N'Vision', 'MOTORBIKE', 'SCOOTER', 110, NULL, 120000, 180000, 1),
('M2', 'B1', N'Air Blade', 'MOTORBIKE', 'AUTOMATIC_SCOOTER', 125, NULL, 150000, 250000, 1),
('M3', 'B1', N'Lead', 'MOTORBIKE', 'SCOOTER', 125, NULL, 150000, 220000, 1),
('M4', 'B1', N'SH125i', 'MOTORBIKE', 'SCOOTER', 125, NULL, 250000, 400000, 1),
('M5', 'B1', N'SH160i', 'MOTORBIKE', 'SCOOTER', 156, NULL, 350000, 550000, 1),
('M6', 'B1', N'SH350i', 'MOTORBIKE', 'SCOOTER', 330, NULL, 600000, 900000, 1),
('M7', 'B1', N'Winner X', 'MOTORBIKE', 'MANUAL_MOTORCYCLE', 150, NULL, 150000, 250000, 1),
('M8', 'B2', N'Sirius', 'MOTORBIKE', 'MANUAL_MOTORCYCLE', 110, NULL, 100000, 150000, 1),
('M9', 'B2', N'Exciter 155', 'MOTORBIKE', 'MANUAL_MOTORCYCLE', 155, NULL, 180000, 280000, 1),
('M10', 'B2', N'Grande', 'MOTORBIKE', 'SCOOTER', 125, NULL, 150000, 250000, 1),
('M11', 'B4', N'Evo200', 'MOTORBIKE', 'ELECTRIC_BIKE', NULL, NULL, 120000, 180000, 1),
('M12', 'B4', N'Feliz S', 'MOTORBIKE', 'ELECTRIC_BIKE', NULL, NULL, 150000, 220000, 1),
('M13', 'B4', N'Klara S', 'MOTORBIKE', 'ELECTRIC_BIKE', NULL, NULL, 180000, 280000, 1),
('M14', 'B1', N'CB150R', 'MOTORBIKE', 'SPORT_BIKE', 150, NULL, 300000, 450000, 1),
('M15', 'B2', N'MT15', 'MOTORBIKE', 'SPORT_BIKE', 155, NULL, 350000, 500000, 1),
('M16', 'B5', N'Versys X300', 'MOTORBIKE', 'ADVENTURE_BIKE', 296, NULL, 600000, 900000, 1),
('M17', 'B6', N'Vios', 'CAR', 'SEDAN', NULL, 5, 600000, 900000, 1),
('M18', 'B6', N'Innova', 'CAR', 'MPV', NULL, 7, 900000, 140000, 1),
('M19', 'B6', N'Fortuner', 'CAR', 'SUV', NULL, 7, 1200000, 1800000, 1),
('M20', 'B7', N'Mazda 3', 'CAR', 'SEDAN', NULL, 5, 700000, 1000000, 1),
('M21', 'B7', N'CX-5', 'CAR', 'SUV', NULL, 5, 900000, 1300000, 1),
('M22', 'B8', N'Accent', 'CAR', 'SEDAN', NULL, 5, 600000, 850000, 1),
('M23', 'B8', N'Santa Fe', 'CAR', 'SUV', NULL, 7, 1300000, 2000000, 1),
('M24', 'B10', N'Ranger Wildtrak', 'CAR', 'PICKUP', NULL, 5, 1000000, 1500000, 1),
('M25', 'B4', N'VF8', 'CAR', 'ELECTRIC_CAR', NULL, 5, 1200000, 1800000, 1),
('M26', 'B4', N'VF9', 'CAR', 'ELECTRIC_CAR', NULL, 7, 1800000, 2800000, 1),
('M27', 'B12', N'C200', 'CAR', 'LUXURY', NULL, 5, 1800000, 2500000, 1),
('M28', 'B13', N'BMW 320i', 'CAR', 'LUXURY', NULL, 5, 2000000, 3000000, 1);

-- Clear existing data (in reverse order of dependencies)
DELETE FROM dispute_evidence;
DELETE FROM disputes;
DELETE FROM reviews;
DELETE FROM payments;
DELETE FROM bookings;
DELETE FROM faqs;
DELETE FROM vehicle_features;
DELETE FROM vehicle_images;
DELETE FROM vehicles;

-- Clear new ecosystem data
DELETE FROM car_delivery;
DELETE FROM chauffeur_services;
DELETE FROM airport_transfer_services;
DELETE FROM car_booking_history;
DELETE FROM car_bookings;
DELETE FROM car_specifications;
DELETE FROM car_images;
DELETE FROM car_locations;
DELETE FROM car_pricing;
DELETE FROM car_availability;
DELETE FROM business_packages;
DELETE FROM wedding_packages;
DELETE FROM cars;
DELETE FROM car_models;
DELETE FROM car_brands;

DELETE FROM equipment_rentals;
DELETE FROM motorbike_booking_history;
DELETE FROM motorbike_bookings;
DELETE FROM motorbike_specifications;
DELETE FROM motorbike_images;
DELETE FROM motorbike_locations;
DELETE FROM motorbike_pricing;
DELETE FROM motorbike_availability;
DELETE FROM tour_packages;
DELETE FROM adventure_packages;
DELETE FROM motorbikes;
DELETE FROM motorbike_models;
DELETE FROM motorbike_brands;

DELETE FROM users;

-- ============================================================
-- CAR ECOSYSTEM SEED DATA
-- car_brands → car_models → users (owners) → cars →
-- car_specifications → car_locations → car_images
-- ============================================================

-- ====== CAR BRANDS ======
INSERT INTO car_brands (id, name, country, logo_url, is_active, created_at) VALUES
('CB01', N'Toyota',        N'Japan',       'https://upload.wikimedia.org/wikipedia/commons/thumb/9/9d/Toyota_carlogo.svg/320px-Toyota_carlogo.svg.png', 1, GETDATE()),
('CB02', N'Honda',         N'Japan',       'https://upload.wikimedia.org/wikipedia/commons/thumb/7/7b/Honda_Logo.svg/320px-Honda_Logo.svg.png',  1, GETDATE()),
('CB03', N'Mazda',         N'Japan',       'https://upload.wikimedia.org/wikipedia/commons/thumb/5/56/Mazda_logo.svg/320px-Mazda_logo.svg.png',  1, GETDATE()),
('CB04', N'Hyundai',       N'South Korea', 'https://upload.wikimedia.org/wikipedia/commons/thumb/2/27/Hyundai_Motor_Company_logo.svg/320px-Hyundai_Motor_Company_logo.svg.png', 1, GETDATE()),
('CB05', N'Mercedes-Benz', N'Germany',     'https://upload.wikimedia.org/wikipedia/commons/thumb/9/90/Mercedes-Logo.svg/320px-Mercedes-Logo.svg.png', 1, GETDATE()),
('CB06', N'BMW',           N'Germany',     'https://upload.wikimedia.org/wikipedia/commons/thumb/4/44/BMW.svg/320px-BMW.svg.png',                 1, GETDATE()),
('CB07', N'VinFast',       N'Vietnam',     'https://upload.wikimedia.org/wikipedia/commons/thumb/c/c8/VinFast_logo.svg/320px-VinFast_logo.svg.png', 1, GETDATE()),
('CB08', N'Ford',          N'USA',         'https://upload.wikimedia.org/wikipedia/commons/thumb/3/3e/Ford_logo_flat.svg/320px-Ford_logo_flat.svg.png', 1, GETDATE()),
('CB09', N'Kia',           N'South Korea', 'https://upload.wikimedia.org/wikipedia/commons/thumb/1/13/Kia-logo.svg/320px-Kia-logo.svg.png',     1, GETDATE()),
('CB10', N'Mitsubishi',    N'Japan',       'https://upload.wikimedia.org/wikipedia/commons/thumb/8/8e/Mitsubishi_logo.svg/320px-Mitsubishi_logo.svg.png', 1, GETDATE());

-- ====== CAR MODELS ======
INSERT INTO car_models (id, brand_id, name, category, created_at) VALUES
('CM01', 'CB01', N'Vios',      'sedan',   GETDATE()),
('CM02', 'CB01', N'Camry',     'sedan',   GETDATE()),
('CM03', 'CB01', N'Fortuner',  'suv',     GETDATE()),
('CM04', 'CB01', N'Innova',    'mpv',     GETDATE()),
('CM05', 'CB02', N'City',      'sedan',   GETDATE()),
('CM06', 'CB02', N'CR-V',      'suv',     GETDATE()),
('CM07', 'CB03', N'Mazda 3',   'sedan',   GETDATE()),
('CM08', 'CB03', N'CX-5',      'suv',     GETDATE()),
('CM09', 'CB04', N'Accent',    'economy', GETDATE()),
('CM10', 'CB04', N'Tucson',    'suv',     GETDATE()),
('CM11', 'CB04', N'Santa Fe',  'suv',     GETDATE()),
('CM12', 'CB05', N'C200',      'luxury',  GETDATE()),
('CM13', 'CB05', N'E300',      'luxury',  GETDATE()),
('CM14', 'CB06', N'BMW 320i',  'luxury',  GETDATE()),
('CM15', 'CB06', N'BMW X5',    'suv',     GETDATE()),
('CM16', 'CB07', N'VF8',       'electric', GETDATE()),
('CM17', 'CB07', N'VF9',       'electric', GETDATE()),
('CM18', 'CB08', N'Ranger',    'pickup',  GETDATE()),
('CM19', 'CB08', N'Everest',   'suv',     GETDATE()),
('CM20', 'CB09', N'Morning',   'economy', GETDATE()),
('CM21', 'CB10', N'Xpander',   'mpv',     GETDATE()),
('CM22', 'CB10', N'Outlander', 'suv',     GETDATE());

-- ======-- ====== USERS DATA (SQL Server UUID Format) ======
-- Admin User
INSERT INTO users (
        id,
        email,
        password_hash,
        first_name,
        last_name,
        display_name,
        avatar,
        phone,
        role,
        verified,
        kyc_verified,
        driving_license_verified,
        rating,
        total_reviews,
        total_rentals,
        bio,
        location,
        account_type,
        company_name,
        is_active,
        joined_at,
        last_active,
        created_at,
        updated_at
    )
VALUES (
        'A1B2C3D4-E5F6-7890-ABCD-123456789012',
        'admin@luxeway.vn',
        '$2a$10$92IXUNpkjO0rOQ5byMi.Ye4oKoEa3Ro9llC/.og/at2.uheWG/igi',
        N'Admin',
        N'LuxeWay',
        N'Admin LuxeWay',
        'https://ui-avatars.com/api/?name=Admin+LuxeWay&background=0F172A&color=fff&size=200',
        '0901234567',
        'ADMIN',
        1,
        1,
        1,
        5.00,
        0,
        0,
        N'LuxeWay Platform Administrator',
        N'Hồ Chí Minh',
        'INDIVIDUAL',
        NULL,
        1,
        '2024-01-01 00:00:00',
        '2024-05-23 10:00:00',
        '2024-01-01 00:00:00',
        '2024-05-23 10:00:00'
    );
-- Customer Users
INSERT INTO users (
        id,
        email,
        password_hash,
        first_name,
        last_name,
        display_name,
        avatar,
        phone,
        role,
        verified,
        kyc_verified,
        driving_license_verified,
        rating,
        total_reviews,
        total_rentals,
        bio,
        location,
        account_type,
        company_name,
        is_active,
        joined_at,
        last_active,
        created_at,
        updated_at
    )
VALUES (
        'B2C3D4E5-F6G7-8901-BCDE-234567890123',
        'nguyen.van.a@gmail.com',
        '$2a$10$92IXUNpkjO0rOQ5byMi.Ye4oKoEa3Ro9llC/.og/at2.uheWG/igi',
        N'Nguyễn',
        N'Văn A',
        N'Nguyễn Văn A',
        'https://images.unsplash.com/photo-1507003211169-0a1dd7228f2d?w=200&h=200&fit=crop',
        '0901111111',
        'CUSTOMER',
        1,
        1,
        1,
        4.80,
        15,
        8,
        N'Yêu thích du lịch và khám phá những địa điểm mới',
        N'Hà Nội',
        'INDIVIDUAL',
        NULL,
        1,
        '2024-02-15 08:30:00',
        '2024-05-23 09:45:00',
        '2024-02-15 08:30:00',
        '2024-05-23 09:45:00'
    ),
    (
        'C3D4E5F6-G7H8-9012-CDEF-345678901234',
        'tran.thi.b@gmail.com',
        '$2a$10$92IXUNpkjO0rOQ5byMi.Ye4oKoEa3Ro9llC/.og/at2.uheWG/igi',
        N'Trần',
        N'Thị B',
        N'Trần Thị B',
        'https://images.unsplash.com/photo-1494790108755-2616b612b786?w=200&h=200&fit=crop',
        '0902222222',
        'CUSTOMER',
        1,
        1,
        1,
        4.90,
        22,
        12,
        N'Thích lái xe và trải nghiệm các dòng xe khác nhau',
        N'Hồ Chí Minh',
        'INDIVIDUAL',
        NULL,
        1,
        '2024-03-01 14:20:00',
        '2024-05-23 08:15:00',
        '2024-03-01 14:20:00',
        '2024-05-23 08:15:00'
    ),
    (
        'D4E5F6G7-H8I9-0123-DEFG-456789012345',
        'le.van.c@gmail.com',
        '$2a$10$92IXUNpkjO0rOQ5byMi.Ye4oKoEa3Ro9llC/.og/at2.uheWG/igi',
        N'Lê',
        N'Văn C',
        N'Lê Văn C',
        'https://images.unsplash.com/photo-1500648767791-00dcc994a43e?w=200&h=200&fit=crop',
        '0903333333',
        'CUSTOMER',
        1,
        0,
        1,
        4.60,
        8,
        5,
        N'Sinh viên đại học, thường thuê xe cho các chuyến đi ngắn',
        N'Đà Nẵng',
        'INDIVIDUAL',
        NULL,
        1,
        '2024-04-10 11:45:00',
        '2024-05-22 20:30:00',
        '2024-04-10 11:45:00',
        '2024-05-22 20:30:00'
    );
-- Vehicle Owner Users (Individual)
INSERT INTO users (
        id,
        email,
        password_hash,
        first_name,
        last_name,
        display_name,
        avatar,
        phone,
        role,
        verified,
        kyc_verified,
        driving_license_verified,
        rating,
        total_reviews,
        total_rentals,
        bio,
        location,
        account_type,
        company_name,
        is_active,
        joined_at,
        last_active,
        created_at,
        updated_at
    )
VALUES (
        'E5F6G7H8-I9J0-1234-EFGH-567890123456',
        'pham.minh.d@gmail.com',
        '$2a$10$92IXUNpkjO0rOQ5byMi.Ye4oKoEa3Ro9llC/.og/at2.uheWG/igi',
        N'Phạm',
        N'Minh D',
        N'Phạm Minh D',
        'https://images.unsplash.com/photo-1438761681033-6461ffad8d80?w=200&h=200&fit=crop',
        '0904444444',
        'OWNER',
        1,
        1,
        1,
        4.95,
        45,
        0,
        N'Chủ sở hữu 3 chiếc xe, cam kết chất lượng dịch vụ tốt nhất',
        N'Hà Nội',
        'INDIVIDUAL',
        NULL,
        1,
        '2024-01-20 09:15:00',
        '2024-05-23 07:20:00',
        '2024-01-20 09:15:00',
        '2024-05-23 07:20:00'
    ),
    (
        'F6G7H8I9-J0K1-2345-FGHI-678901234567',
        'hoang.thi.e@gmail.com',
        '$2a$10$92IXUNpkjO0rOQ5byMi.Ye4oKoEa3Ro9llC/.og/at2.uheWG/igi',
        N'Hoàng',
        N'Thị E',
        N'Hoàng Thị E',
        'https://images.unsplash.com/photo-1472099645785-5658abf4ff4e?w=200&h=200&fit=crop',
        '0905555555',
        'OWNER',
        1,
        1,
        1,
        4.85,
        38,
        0,
        N'Chuyên cho thuê xe cao cấp, dịch vụ chuyên nghiệp',
        N'Hồ Chí Minh',
        'INDIVIDUAL',
        NULL,
        1,
        '2024-02-05 16:30:00',
        '2024-05-23 06:45:00',
        '2024-02-05 16:30:00',
        '2024-05-23 06:45:00'
    );
-- Business Owner Users
INSERT INTO users (
        id,
        email,
        password_hash,
        first_name,
        last_name,
        display_name,
        avatar,
        phone,
        role,
        verified,
        kyc_verified,
        driving_license_verified,
        rating,
        total_reviews,
        total_rentals,
        bio,
        location,
        account_type,
        company_name,
        is_active,
        joined_at,
        last_active,
        created_at,
        updated_at
    )
VALUES (
        'G7H8I9J0-K1L2-3456-GHIJ-789012345678',
        'contact@saigoncarrental.vn',
        '$2a$10$92IXUNpkjO0rOQ5byMi.Ye4oKoEa3Ro9llC/.og/at2.uheWG/igi',
        N'Nguyễn',
        N'Văn F',
        N'Saigon Car Rental',
        'https://images.unsplash.com/photo-1544725176-7c40e5a71c5e?w=200&h=200&fit=crop',
        '0906666666',
        'OWNER',
        1,
        1,
        1,
        4.92,
        156,
        0,
        N'Công ty cho thuê xe hàng đầu tại TP.HCM với đội xe đa dạng',
        N'Hồ Chí Minh',
        'BUSINESS',
        N'Saigon Car Rental Co., Ltd',
        1,
        '2023-12-01 08:00:00',
        '2024-05-23 05:30:00',
        '2023-12-01 08:00:00',
        '2024-05-23 05:30:00'
    ),
    (
        'H8I9J0K1-L2M3-4567-HIJK-890123456789',
        'info@hanoiautorental.com',
        '$2a$10$92IXUNpkjO0rOQ5byMi.Ye4oKoEa3Ro9llC/.og/at2.uheWG/igi',
        N'Trần',
        N'Văn G',
        N'Hanoi Auto Rental',
        'https://images.unsplash.com/photo-1506794778202-cad84cf45f1d?w=200&h=200&fit=crop',
        '0907777777',
        'OWNER',
        1,
        1,
        1,
        4.88,
        89,
        0,
        N'Dịch vụ cho thuê xe tự lái uy tín tại Hà Nội',
        N'Hà Nội',
        'BUSINESS',
        N'Hanoi Auto Rental JSC',
        1,
        '2024-01-15 10:20:00',
        '2024-05-23 04:15:00',
        '2024-01-15 10:20:00',
        '2024-05-23 04:15:00'
    );
-- ====== CARS DATA (New Ecosystem) ======
-- Owners: E5F6 = Phạm Minh D (Hà Nội), F6G7 = Hoàng Thị E (HCM), G7H8 = Saigon Car Rental, H8I9 = Hanoi Auto Rental
INSERT INTO cars (id, model_id, owner_id, name, license_plate, price_per_day, deposit, status, rating, total_reviews, total_bookings, is_verified, is_featured, created_at) VALUES
('CAR-001', 'CM05', 'E5F6G7H8-I9J0-1234-EFGH-567890123456', N'Honda City 2023 - Sedan Tiết Kiệm',    '30H-11111', 800000,  3000000, 'AVAILABLE', 4.80, 25, 18, 1, 1, GETDATE()),
('CAR-002', 'CM01', 'E5F6G7H8-I9J0-1234-EFGH-567890123456', N'Toyota Vios 2022 - Đi Phố Thần Thánh', '30H-22222', 750000,  2800000, 'AVAILABLE', 4.90, 31, 22, 1, 0, GETDATE()),
('CAR-003', 'CM07', 'E5F6G7H8-I9J0-1234-EFGH-567890123456', N'Mazda 3 2023 - Sedan Thể Thao',         '30H-33333', 950000,  3500000, 'AVAILABLE', 4.85, 19, 14, 1, 1, GETDATE()),
('CAR-004', 'CM12', 'F6G7H8I9-J0K1-2345-FGHI-678901234567', N'Mercedes C200 2021 - Hạng Sang VIP',    '51A-99999', 2500000, 8000000, 'AVAILABLE', 4.95, 42, 28, 1, 1, GETDATE()),
('CAR-005', 'CM14', 'F6G7H8I9-J0K1-2345-FGHI-678901234567', N'BMW 320i 2022 - Luxury Sedan',          '51A-88888', 2200000, 7500000, 'AVAILABLE', 4.88, 33, 21, 1, 1, GETDATE()),
('CAR-006', 'CM15', 'F6G7H8I9-J0K1-2345-FGHI-678901234567', N'BMW X5 2022 - SUV Hạng Sang',           '51A-77777', 3500000,11000000, 'AVAILABLE', 4.92, 27, 16, 1, 1, GETDATE()),
('CAR-007', 'CM02', 'G7H8I9J0-K1L2-3456-GHIJ-789012345678', N'Toyota Camry 2023 - Business Class',    '51C-77777', 1800000, 6000000, 'AVAILABLE', 4.92, 67, 45, 1, 1, GETDATE()),
('CAR-008', 'CM06', 'G7H8I9J0-K1L2-3456-GHIJ-789012345678', N'Honda CR-V 2023 - SUV Gia Đình 7 Chỗ', '51D-66666', 1500000, 5000000, 'AVAILABLE', 4.88, 52, 38, 1, 0, GETDATE()),
('CAR-009', 'CM16', 'G7H8I9J0-K1L2-3456-GHIJ-789012345678', N'VinFast VF8 2023 - Xe Điện Thông Minh','51E-55555', 2200000, 7000000, 'AVAILABLE', 4.75, 28, 15, 1, 1, GETDATE()),
('CAR-010', 'CM08', 'H8I9J0K1-L2M3-4567-HIJK-890123456789', N'Mazda CX-5 2023 - SUV Nhật Cao Cấp',   '30C-44444', 1600000, 5500000, 'AVAILABLE', 4.90, 41, 29, 1, 1, GETDATE()),
('CAR-011', 'CM10', 'H8I9J0K1-L2M3-4567-HIJK-890123456789', N'Hyundai Tucson 2022 - Crossover Hiện Đại','30D-33333',1400000, 4800000, 'AVAILABLE', 4.82, 36, 24, 1, 0, GETDATE()),
('CAR-012', 'CM03', 'H8I9J0K1-L2M3-4567-HIJK-890123456789', N'Toyota Fortuner 2022 - SUV Địa Hình',  '30E-22222', 2000000, 6500000, 'AVAILABLE', 4.78, 29, 18, 1, 0, GETDATE()),
('CAR-013', 'CM17', 'G7H8I9J0-K1L2-3456-GHIJ-789012345678', N'VinFast VF9 2023 - SUV Điện 7 Chỗ',   '51F-44444', 2800000, 9000000, 'AVAILABLE', 4.70, 18, 11, 1, 1, GETDATE()),
('CAR-014', 'CM13', 'F6G7H8I9-J0K1-2345-FGHI-678901234567', N'Mercedes E300 2022 - Executive Sedan',  '51B-33333', 3200000,10000000, 'AVAILABLE', 4.96, 15, 9,  1, 1, GETDATE()),
('CAR-015', 'CM11', 'G7H8I9J0-K1L2-3456-GHIJ-789012345678', N'Hyundai Santa Fe 2023 - SUV 7 Chỗ',   '51G-22222', 1700000, 5800000, 'AVAILABLE', 4.84, 23, 17, 1, 0, GETDATE()),
('CAR-016', 'CM19', 'H8I9J0K1-L2M3-4567-HIJK-890123456789', N'Ford Everest 2022 - SUV Du Lịch 7 Chỗ','30F-11111', 2000000, 6500000, 'AVAILABLE', 4.78, 33, 18, 1, 0, GETDATE()),
('CAR-017', 'CM09', 'E5F6G7H8-I9J0-1234-EFGH-567890123456', N'Hyundai Accent 2023 - Giá Tốt Hà Nội', '30G-99999', 680000,  2500000, 'AVAILABLE', 4.65, 14, 10, 1, 0, GETDATE()),
('CAR-018', 'CM21', 'G7H8I9J0-K1L2-3456-GHIJ-789012345678', N'Mitsubishi Xpander 2023 - MPV 7 Chỗ', '51H-88888', 1200000, 4000000, 'AVAILABLE', 4.80, 31, 22, 1, 0, GETDATE());

-- ====== CAR SPECIFICATIONS ======
INSERT INTO car_specifications (id, car_id, seats, doors, transmission, fuel_type, has_chauffeur, airport_delivery, electric, hybrid) VALUES
('CS-001', 'CAR-001', 5, 4, 'AUTOMATIC', 'GASOLINE', 0, 0, 0, 0),
('CS-002', 'CAR-002', 5, 4, 'AUTOMATIC', 'GASOLINE', 0, 1, 0, 0),
('CS-003', 'CAR-003', 5, 4, 'AUTOMATIC', 'GASOLINE', 0, 0, 0, 0),
('CS-004', 'CAR-004', 5, 4, 'AUTOMATIC', 'GASOLINE', 1, 1, 0, 0),
('CS-005', 'CAR-005', 5, 4, 'AUTOMATIC', 'GASOLINE', 0, 1, 0, 0),
('CS-006', 'CAR-006', 5, 4, 'AUTOMATIC', 'GASOLINE', 1, 1, 0, 0),
('CS-007', 'CAR-007', 5, 4, 'AUTOMATIC', 'GASOLINE', 1, 1, 0, 0),
('CS-008', 'CAR-008', 7, 4, 'AUTOMATIC', 'GASOLINE', 0, 1, 0, 0),
('CS-009', 'CAR-009', 5, 4, 'AUTOMATIC', 'ELECTRIC',  0, 1, 1, 0),
('CS-010', 'CAR-010', 5, 4, 'AUTOMATIC', 'GASOLINE', 0, 0, 0, 0),
('CS-011', 'CAR-011', 5, 4, 'AUTOMATIC', 'GASOLINE', 0, 0, 0, 0),
('CS-012', 'CAR-012', 7, 4, 'AUTOMATIC', 'DIESEL',   0, 1, 0, 0),
('CS-013', 'CAR-013', 7, 4, 'AUTOMATIC', 'ELECTRIC',  0, 1, 1, 0),
('CS-014', 'CAR-014', 5, 4, 'AUTOMATIC', 'GASOLINE', 1, 1, 0, 0),
('CS-015', 'CAR-015', 7, 4, 'AUTOMATIC', 'GASOLINE', 0, 1, 0, 0),
('CS-016', 'CAR-016', 7, 4, 'AUTOMATIC', 'DIESEL',   0, 1, 0, 0),
('CS-017', 'CAR-017', 5, 4, 'AUTOMATIC', 'GASOLINE', 0, 0, 0, 0),
('CS-018', 'CAR-018', 7, 4, 'AUTOMATIC', 'GASOLINE', 0, 0, 0, 0);

-- ====== CAR LOCATIONS ======
INSERT INTO car_locations (id, car_id, city, address, latitude, longitude) VALUES
('CL-001', 'CAR-001', N'Hà Nội',       N'123 Đường Láng, Đống Đa, Hà Nội',               21.02850000, 105.85420000),
('CL-002', 'CAR-002', N'Hà Nội',       N'456 Phố Huế, Hai Bà Trưng, Hà Nội',             21.02450000, 105.85250000),
('CL-003', 'CAR-003', N'Hà Nội',       N'789 Trần Duy Hưng, Cầu Giấy, Hà Nội',           21.03130000, 105.79810000),
('CL-004', 'CAR-004', N'Hồ Chí Minh',  N'123 Nguyễn Huệ, Quận 1, TP.HCM',               10.77690000, 106.70090000),
('CL-005', 'CAR-005', N'Hồ Chí Minh',  N'456 Lê Lợi, Quận 1, TP.HCM',                   10.77560000, 106.70190000),
('CL-006', 'CAR-006', N'Hồ Chí Minh',  N'789 Nguyễn Văn Cừ, Quận 5, TP.HCM',            10.75890000, 106.67890000),
('CL-007', 'CAR-007', N'Hồ Chí Minh',  N'321 Võ Văn Tần, Quận 3, TP.HCM',               10.77560000, 106.69170000),
('CL-008', 'CAR-008', N'Hồ Chí Minh',  N'654 Lê Văn Sỹ, Quận 3, TP.HCM',               10.78690000, 106.68310000),
('CL-009', 'CAR-009', N'Hồ Chí Minh',  N'987 Điện Biên Phủ, Bình Thạnh, TP.HCM',        10.80140000, 106.71220000),
('CL-010', 'CAR-010', N'Hà Nội',       N'987 Phạm Hùng, Nam Từ Liêm, Hà Nội',            21.03780000, 105.78040000),
('CL-011', 'CAR-011', N'Hà Nội',       N'147 Trần Duy Hưng, Cầu Giấy, Hà Nội',           21.03130000, 105.79810000),
('CL-012', 'CAR-012', N'Hà Nội',       N'369 Nguyễn Trãi, Thanh Xuân, Hà Nội',            21.00580000, 105.80860000),
('CL-013', 'CAR-013', N'Hồ Chí Minh',  N'258 Phan Xích Long, Phú Nhuận, TP.HCM',         10.80560000, 106.69220000),
('CL-014', 'CAR-014', N'Hồ Chí Minh',  N'36 Tôn Đức Thắng, Quận 1, TP.HCM',             10.77230000, 106.70450000),
('CL-015', 'CAR-015', N'Hồ Chí Minh',  N'12 Lý Thường Kiệt, Quận 10, TP.HCM',           10.77010000, 106.67950000),
('CL-016', 'CAR-016', N'Hà Nội',       N'258 Tô Hiệu, Lê Chân, Hải Phòng',              20.84490000, 106.68810000),
('CL-017', 'CAR-017', N'Hà Nội',       N'91 Kim Mã, Ba Đình, Hà Nội',                    21.03200000, 105.83610000),
('CL-018', 'CAR-018', N'Hồ Chí Minh',  N'168 Hoàng Hoa Thám, Bình Thạnh, TP.HCM',       10.80720000, 106.70180000);

-- ====== CAR IMAGES ======
-- Mỗi xe có 3 ảnh (1 primary + 2 phụ) lấy từ Unsplash
INSERT INTO car_images (id, car_id, url, is_primary, sort_order) VALUES
-- CAR-001: Honda City (sedan trắng)
('CI-001-1','CAR-001','https://images.unsplash.com/photo-1549317661-bd32c8ce0db2?w=900&auto=format&fit=crop',1,1),
('CI-001-2','CAR-001','https://images.unsplash.com/photo-1552519507-da3b142c6e3d?w=900&auto=format&fit=crop',0,2),
('CI-001-3','CAR-001','https://images.unsplash.com/photo-1590362891991-f776e747a588?w=900&auto=format&fit=crop',0,3),
-- CAR-002: Toyota Vios (sedan bạc)
('CI-002-1','CAR-002','https://images.unsplash.com/photo-1590362891991-f776e747a588?w=900&auto=format&fit=crop',1,1),
('CI-002-2','CAR-002','https://images.unsplash.com/photo-1549317661-bd32c8ce0db2?w=900&auto=format&fit=crop',0,2),
('CI-002-3','CAR-002','https://images.unsplash.com/photo-1494976388531-d1058494cdd8?w=900&auto=format&fit=crop',0,3),
-- CAR-003: Mazda 3 (sedan đỏ)
('CI-003-1','CAR-003','https://images.unsplash.com/photo-1617788138017-80ad40651399?w=900&auto=format&fit=crop',1,1),
('CI-003-2','CAR-003','https://images.unsplash.com/photo-1532581140115-3e355d1ed1de?w=900&auto=format&fit=crop',0,2),
('CI-003-3','CAR-003','https://images.unsplash.com/photo-1543796076-c8c6fe34e4be?w=900&auto=format&fit=crop',0,3),
-- CAR-004: Mercedes C200 (đen sang trọng)
('CI-004-1','CAR-004','https://images.unsplash.com/photo-1549924231-f129b911e442?w=900&auto=format&fit=crop',1,1),
('CI-004-2','CAR-004','https://images.unsplash.com/photo-1606152421802-db97b9c7a11b?w=900&auto=format&fit=crop',0,2),
('CI-004-3','CAR-004','https://images.unsplash.com/photo-1555215695-3004980ad54e?w=900&auto=format&fit=crop',0,3),
-- CAR-005: BMW 320i (luxury sedan)
('CI-005-1','CAR-005','https://images.unsplash.com/photo-1556189250-72ba954cfc2b?w=900&auto=format&fit=crop',1,1),
('CI-005-2','CAR-005','https://images.unsplash.com/photo-1603584173870-7f23fdae1b7a?w=900&auto=format&fit=crop',0,2),
('CI-005-3','CAR-005','https://images.unsplash.com/photo-1617786668987-0fe1e22c44c4?w=900&auto=format&fit=crop',0,3),
-- CAR-006: BMW X5 (SUV xanh dương)
('CI-006-1','CAR-006','https://images.unsplash.com/photo-1519245659620-e859806a8d3b?w=900&auto=format&fit=crop',1,1),
('CI-006-2','CAR-006','https://images.unsplash.com/photo-1605559424843-9e4c228bf1c2?w=900&auto=format&fit=crop',0,2),
('CI-006-3','CAR-006','https://images.unsplash.com/photo-1502877338535-766e1452684a?w=900&auto=format&fit=crop',0,3),
-- CAR-007: Toyota Camry (đen business)
('CI-007-1','CAR-007','https://images.unsplash.com/photo-1508974239320-0a029497e820?w=900&auto=format&fit=crop',1,1),
('CI-007-2','CAR-007','https://images.unsplash.com/photo-1609521263047-f8f205293f24?w=900&auto=format&fit=crop',0,2),
('CI-007-3','CAR-007','https://images.unsplash.com/photo-1471444928139-48c5bf5173f8?w=900&auto=format&fit=crop',0,3),
-- CAR-008: Honda CR-V (SUV trắng 7 chỗ)
('CI-008-1','CAR-008','https://images.unsplash.com/photo-1533473359331-0135ef1b58bf?w=900&auto=format&fit=crop',1,1),
('CI-008-2','CAR-008','https://images.unsplash.com/photo-1544636331-e26879cd4d9b?w=900&auto=format&fit=crop',0,2),
('CI-008-3','CAR-008','https://images.unsplash.com/photo-1503376780353-7e6692767b70?w=900&auto=format&fit=crop',0,3),
-- CAR-009: VinFast VF8 (điện xanh lá)
('CI-009-1','CAR-009','https://images.unsplash.com/photo-1593941707882-a5bba14938c7?w=900&auto=format&fit=crop',1,1),
('CI-009-2','CAR-009','https://images.unsplash.com/photo-1560958089-b8a1929cea89?w=900&auto=format&fit=crop',0,2),
('CI-009-3','CAR-009','https://images.unsplash.com/photo-1617788138017-80ad40651399?w=900&auto=format&fit=crop',0,3),
-- CAR-010: Mazda CX-5 (SUV đỏ)
('CI-010-1','CAR-010','https://images.unsplash.com/photo-1614025072397-c81fc03ac5b2?w=900&auto=format&fit=crop',1,1),
('CI-010-2','CAR-010','https://images.unsplash.com/photo-1543465077-db45d34b88a5?w=900&auto=format&fit=crop',0,2),
('CI-010-3','CAR-010','https://images.unsplash.com/photo-1491921125492-f0b9c835b699?w=900&auto=format&fit=crop',0,3),
-- CAR-011: Hyundai Tucson (crossover xám)
('CI-011-1','CAR-011','https://images.unsplash.com/photo-1546614042-7df3c24c9e5d?w=900&auto=format&fit=crop',1,1),
('CI-011-2','CAR-011','https://images.unsplash.com/photo-1502161254066-6c74afbf07aa?w=900&auto=format&fit=crop',0,2),
('CI-011-3','CAR-011','https://images.unsplash.com/photo-1493238792000-8113da705763?w=900&auto=format&fit=crop',0,3),
-- CAR-012: Toyota Fortuner (SUV 7 chỗ nâu)
('CI-012-1','CAR-012','https://images.unsplash.com/photo-1519245659620-e859806a8d3b?w=900&auto=format&fit=crop',1,1),
('CI-012-2','CAR-012','https://images.unsplash.com/photo-1502877338535-766e1452684a?w=900&auto=format&fit=crop',0,2),
('CI-012-3','CAR-012','https://images.unsplash.com/photo-1544636331-e26879cd4d9b?w=900&auto=format&fit=crop',0,3),
-- CAR-013: VinFast VF9 (SUV điện 7 chỗ)
('CI-013-1','CAR-013','https://images.unsplash.com/photo-1560958089-b8a1929cea89?w=900&auto=format&fit=crop',1,1),
('CI-013-2','CAR-013','https://images.unsplash.com/photo-1593941707882-a5bba14938c7?w=900&auto=format&fit=crop',0,2),
('CI-013-3','CAR-013','https://images.unsplash.com/photo-1468818419534-f9f9e2310f4e?w=900&auto=format&fit=crop',0,3),
-- CAR-014: Mercedes E300 (executive đen)
('CI-014-1','CAR-014','https://images.unsplash.com/photo-1606152421802-db97b9c7a11b?w=900&auto=format&fit=crop',1,1),
('CI-014-2','CAR-014','https://images.unsplash.com/photo-1549924231-f129b911e442?w=900&auto=format&fit=crop',0,2),
('CI-014-3','CAR-014','https://images.unsplash.com/photo-1508974239320-0a029497e820?w=900&auto=format&fit=crop',0,3),
-- CAR-015: Hyundai Santa Fe (SUV 7 chỗ)
('CI-015-1','CAR-015','https://images.unsplash.com/photo-1546614042-7df3c24c9e5d?w=900&auto=format&fit=crop',1,1),
('CI-015-2','CAR-015','https://images.unsplash.com/photo-1493238792000-8113da705763?w=900&auto=format&fit=crop',0,2),
('CI-015-3','CAR-015','https://images.unsplash.com/photo-1502161254066-6c74afbf07aa?w=900&auto=format&fit=crop',0,3),
-- CAR-016: Ford Everest (SUV 7 chỗ nâu)
('CI-016-1','CAR-016','https://images.unsplash.com/photo-1502877338535-766e1452684a?w=900&auto=format&fit=crop',1,1),
('CI-016-2','CAR-016','https://images.unsplash.com/photo-1519245659620-e859806a8d3b?w=900&auto=format&fit=crop',0,2),
('CI-016-3','CAR-016','https://images.unsplash.com/photo-1605559424843-9e4c228bf1c2?w=900&auto=format&fit=crop',0,3),
-- CAR-017: Hyundai Accent (economy đỏ)
('CI-017-1','CAR-017','https://images.unsplash.com/photo-1617788138017-80ad40651399?w=900&auto=format&fit=crop',1,1),
('CI-017-2','CAR-017','https://images.unsplash.com/photo-1543796076-c8c6fe34e4be?w=900&auto=format&fit=crop',0,2),
('CI-017-3','CAR-017','https://images.unsplash.com/photo-1494976388531-d1058494cdd8?w=900&auto=format&fit=crop',0,3),
-- CAR-018: Mitsubishi Xpander (MPV 7 chỗ)
('CI-018-1','CAR-018','https://images.unsplash.com/photo-1533473359331-0135ef1b58bf?w=900&auto=format&fit=crop',1,1),
('CI-018-2','CAR-018','https://images.unsplash.com/photo-1503376780353-7e6692767b70?w=900&auto=format&fit=crop',0,2),
('CI-018-3','CAR-018','https://images.unsplash.com/photo-1544636331-e26879cd4d9b?w=900&auto=format&fit=crop',0,3);

-- ====== VEHICLES DATA ======
INSERT INTO vehicles (
        id,
        owner_id,
        name,
        brand,
        model,
        year,
        category,
        description,
        thumbnail_url,
        price_per_day,
        price_per_week,
        deposit,
        city,
        country,
        address,
        latitude,
        longitude,
        horsepower,
        top_speed,
        acceleration,
        seats,
        doors,
        transmission,
        fuel_type,
        range_km,
        engine_size,
        color,
        license_plate,
        min_rental_days,
        max_rental_days,
        advance_booking_days,
        status,
        rating,
        total_reviews,
        total_bookings,
        is_verified,
        is_featured,
        instant_book,
        delivery_available,
        delivery_fee,
        created_at,
        updated_at
    )
VALUES (
        'V1A2B3C4-D5E6-7890-VHCL-111111111111',
        'E5F6G7H8-I9J0-1234-EFGH-567890123456',
        N'Honda City 2023 - Xe Đẹp Như Mới',
        N'Honda',
        N'City',
        2023,
        'ECONOMY',
        N'Honda City 2023 màu trắng, nội thất đen sang trọng. Xe được bảo dưỡng định kỳ, sạch sẽ, tiết kiệm nhiên liệu. Phù hợp cho gia đình nhỏ và các chuyến đi trong thành phố.',
        '/uploads/vehicles/honda_city.png',
        800000.00,
        5200000.00,
        3000000.00,
        N'Hà Nội',
        N'Vietnam',
        N'123 Đường Láng, Đống Đa, Hà Nội',
        21.0285,
        105.8542,
        120,
        180,
        11.5,
        5,
        4,
        'AUTOMATIC',
        'GASOLINE',
        600,
        '1.5L',
        N'Trắng',
        '30A-12345',
        1,
        15,
        365,
        'AVAILABLE',
        4.80,
        25,
        18,
        1,
        0,
        1,
        1,
        50000.00,
        '2024-02-01 10:00:00',
        '2024-05-23 08:00:00'
    ),
    (
        'V2B3C4D5-E6F7-8901-VHCL-222222222222',
        'E5F6G7H8-I9J0-1234-EFGH-567890123456',
        N'Toyota Vios 2022 - Tiết Kiệm Nhiên Liệu',
        N'Toyota',
        N'Vios',
        2022,
        'ECONOMY',
        N'Toyota Vios 2022 màu bạc, số tự động, máy lạnh mát, âm thanh tốt. Xe gia đình sử dụng ít, còn rất mới. Lý tưởng cho các chuyến đi xa và trong thành phố.',
        '/uploads/vehicles/toyota_vios.png',
        750000.00,
        4900000.00,
        2800000.00,
        N'Hà Nội',
        N'Vietnam',
        N'456 Phố Huế, Hai Bà Trưng, Hà Nội',
        21.0245,
        105.8525,
        107,
        175,
        12.3,
        5,
        4,
        'AUTOMATIC',
        'GASOLINE',
        650,
        '1.5L',
        N'Bạc',
        '30B-67890',
        1,
        20,
        365,
        'AVAILABLE',
        4.90,
        31,
        22,
        1,
        1,
        1,
        1,
        50000.00,
        '2024-02-15 14:30:00',
        '2024-05-22 19:45:00'
    ),
    (
        'V3C4D5E6-F7G8-9012-VHCL-333333333333',
        'E5F6G7H8-I9J0-1234-EFGH-567890123456',
        N'Honda Air Blade 2023 - Xe Máy Cao Cấp',
        N'Honda',
        N'Air Blade',
        2023,
        'MOTORBIKE',
        N'Honda Air Blade 2023 màu đỏ đen thể thao, phanh ABS, khóa thông minh. Xe mới 100%, phù hợp di chuyển nhanh trong thành phố, tiết kiệm và linh hoạt.',
        '/uploads/vehicles/honda_airblade.png',
        200000.00,
        1300000.00,
        1000000.00,
        N'Hà Nội',
        N'Vietnam',
        N'789 Giải Phóng, Hoàng Mai, Hà Nội',
        21.0122,
        105.8667,
        11,
        100,
        9.5,
        2,
        0,
        'AUTOMATIC',
        'GASOLINE',
        200,
        '150cc',
        N'Đỏ Đen',
        '29X1-12345',
        1,
        10,
        180,
        'AVAILABLE',
        4.70,
        18,
        35,
        1,
        0,
        1,
        1,
        30000.00,
        '2024-03-01 09:15:00',
        '2024-05-23 07:30:00'
    ),
    (
        'V4D5E6F7-G8H9-0123-VHCL-444444444444',
        'F6G7H8I9-J0K1-2345-FGHI-678901234567',
        N'Mercedes C200 2021 - Sang Trọng',
        N'Mercedes-Benz',
        N'C200',
        2021,
        'BUSINESS',
        N'Mercedes C200 2021 màu đen, nội thất da cao cấp, đầy đủ tiện nghi hiện đại. Xe dành cho khách hàng VIP, các sự kiện quan trọng và chuyến công tác.',
        '/uploads/vehicles/mercedes_c200.png',
        2500000.00,
        16000000.00,
        8000000.00,
        N'Hồ Chí Minh',
        N'Vietnam',
        N'123 Nguyễn Huệ, Quận 1, TP.HCM',
        10.7769,
        106.7009,
        184,
        230,
        7.7,
        5,
        4,
        'AUTOMATIC',
        'GASOLINE',
        500,
        '1.5L Turbo',
        N'Đen',
        '51A-99999',
        2,
        7,
        365,
        'AVAILABLE',
        4.95,
        42,
        28,
        1,
        1,
        0,
        1,
        100000.00,
        '2024-02-20 11:45:00',
        '2024-05-23 06:20:00'
    ),
    (
        'V5E6F7G8-H9I0-1234-VHCL-555555555555',
        'F6G7H8I9-J0K1-2345-FGHI-678901234567',
        N'BMW X3 2022 - SUV Thể Thao',
        N'BMW',
        N'X3',
        2022,
        'SUV',
        N'BMW X3 2022 màu xanh dương metallic, động cơ mạnh mẽ, hệ thống an toàn hiện đại. Phù hợp cho gia đình lớn và các chuyến đi địa hình.',
        '/uploads/vehicles/bmw_x3.png',
        3200000.00,
        20000000.00,
        10000000.00,
        N'Hồ Chí Minh',
        N'Vietnam',
        N'456 Lê Lợi, Quận 1, TP.HCM',
        10.7756,
        106.7019,
        248,
        213,
        6.3,
        5,
        4,
        'AUTOMATIC',
        'GASOLINE',
        450,
        '2.0L Turbo',
        N'Xanh Dương',
        '51B-88888',
        2,
        14,
        365,
        'AVAILABLE',
        4.85,
        35,
        19,
        1,
        1,
        0,
        1,
        120000.00,
        '2024-03-10 16:20:00',
        '2024-05-22 18:10:00'
    );
-- Business Vehicles (Saigon Car Rental)
INSERT INTO vehicles (
        id,
        owner_id,
        name,
        brand,
        model,
        year,
        category,
        description,
        thumbnail_url,
        price_per_day,
        price_per_week,
        deposit,
        city,
        country,
        address,
        latitude,
        longitude,
        horsepower,
        top_speed,
        acceleration,
        seats,
        doors,
        transmission,
        fuel_type,
        range_km,
        engine_size,
        color,
        license_plate,
        min_rental_days,
        max_rental_days,
        advance_booking_days,
        status,
        rating,
        total_reviews,
        total_bookings,
        is_verified,
        is_featured,
        instant_book,
        delivery_available,
        delivery_fee,
        created_at,
        updated_at
    )
VALUES (
        'V6F7G8H9-I0J1-2345-VHCL-666666666666',
        'G7H8I9J0-K1L2-3456-GHIJ-789012345678',
        N'Toyota Camry 2023 - Hạng Sang',
        N'Toyota',
        N'Camry',
        2023,
        'BUSINESS',
        N'Toyota Camry 2023 màu đen, nội thất da beige, đầy đủ tính năng an toàn và tiện nghi. Xe doanh nghiệp cao cấp, phù hợp cho các cuộc họp và sự kiện quan trọng.',
        '/uploads/vehicles/toyota_camry.png',
        1800000.00,
        11500000.00,
        6000000.00,
        N'Hồ Chí Minh',
        N'Vietnam',
        N'789 Nguyễn Văn Cừ, Quận 5, TP.HCM',
        10.7589,
        106.6789,
        178,
        210,
        8.4,
        5,
        4,
        'AUTOMATIC',
        'GASOLINE',
        520,
        '2.5L',
        N'Đen',
        '51C-77777',
        1,
        30,
        365,
        'AVAILABLE',
        4.92,
        67,
        45,
        1,
        1,
        1,
        1,
        80000.00,
        '2024-01-05 08:30:00',
        '2024-05-23 05:45:00'
    ),
    (
        'V7G8H9I0-J1K2-3456-VHCL-777777777777',
        'G7H8I9J0-K1L2-3456-GHIJ-789012345678',
        N'Honda CR-V 2023 - SUV Gia Đình',
        N'Honda',
        N'CR-V',
        2023,
        'FAMILY',
        N'Honda CR-V 2023 màu trắng ngọc trai, 7 chỗ ngồi rộng rãi, cốp xe lớn. Lý tưởng cho gia đình đông người và các chuyến du lịch dài ngày.',
        '/uploads/vehicles/honda_crv.png',
        1500000.00,
        9800000.00,
        5000000.00,
        N'Hồ Chí Minh',
        N'Vietnam',
        N'321 Võ Văn Tần, Quận 3, TP.HCM',
        10.7756,
        106.6917,
        190,
        195,
        9.1,
        7,
        4,
        'AUTOMATIC',
        'GASOLINE',
        480,
        '1.5L Turbo',
        N'Trắng',
        '51D-66666',
        1,
        21,
        365,
        'AVAILABLE',
        4.88,
        52,
        38,
        1,
        0,
        1,
        1,
        70000.00,
        '2024-01-15 12:00:00',
        '2024-05-22 20:15:00'
    ),
    (
        'V8H9I0J1-K2L3-4567-VHCL-888888888888',
        'G7H8I9J0-K1L2-3456-GHIJ-789012345678',
        N'VinFast VF8 2023 - Xe Điện Thông Minh',
        N'VinFast',
        N'VF8',
        2023,
        'ELECTRIC',
        N'VinFast VF8 2023 màu xanh lá, xe điện thông minh với công nghệ tự lái cấp độ 2, màn hình cảm ứng lớn. Thân thiện môi trường, vận hành êm ái.',
        '/uploads/vehicles/vinfast_vf8.png',
        2200000.00,
        14000000.00,
        7000000.00,
        N'Hồ Chí Minh',
        N'Vietnam',
        N'654 Lê Văn Sỹ, Quận 3, TP.HCM',
        10.7869,
        106.6831,
        408,
        200,
        5.9,
        5,
        4,
        'AUTOMATIC',
        'ELECTRIC',
        420,
        'Electric',
        N'Xanh Lá',
        '51E-55555',
        1,
        14,
        365,
        'AVAILABLE',
        4.75,
        28,
        15,
        1,
        1,
        1,
        1,
        90000.00,
        '2024-02-01 14:45:00',
        '2024-05-23 04:30:00'
    );
-- Business Vehicles (Hanoi Auto Rental)
INSERT INTO vehicles (
        id,
        owner_id,
        name,
        brand,
        model,
        year,
        category,
        description,
        thumbnail_url,
        price_per_day,
        price_per_week,
        deposit,
        city,
        country,
        address,
        latitude,
        longitude,
        horsepower,
        top_speed,
        acceleration,
        seats,
        doors,
        transmission,
        fuel_type,
        range_km,
        engine_size,
        color,
        license_plate,
        min_rental_days,
        max_rental_days,
        advance_booking_days,
        status,
        rating,
        total_reviews,
        total_bookings,
        is_verified,
        is_featured,
        instant_book,
        delivery_available,
        delivery_fee,
        created_at,
        updated_at
    )
VALUES (
        'V9I0J1K2-L3M4-5678-VHCL-999999999999',
        'H8I9J0K1-L2M3-4567-HIJK-890123456789',
        N'Mazda CX-5 2023 - SUV Nhật Bản',
        N'Mazda',
        N'CX-5',
        2023,
        'SUV',
        N'Mazda CX-5 2023 màu đỏ pha lê, thiết kế KODO đẹp mắt, công nghệ SKYACTIV tiết kiệm nhiên liệu. Xe SUV 5 chỗ cao cấp, phù hợp mọi địa hình.',
        '/uploads/vehicles/mazda_cx5.png',
        1600000.00,
        10500000.00,
        5500000.00,
        N'Hà Nội',
        N'Vietnam',
        N'987 Phạm Hùng, Nam Từ Liêm, Hà Nội',
        21.0378,
        105.7804,
        188,
        200,
        8.7,
        5,
        4,
        'AUTOMATIC',
        'GASOLINE',
        500,
        '2.5L',
        N'Đỏ',
        '30C-44444',
        1,
        20,
        365,
        'AVAILABLE',
        4.90,
        41,
        29,
        1,
        1,
        1,
        1,
        60000.00,
        '2024-01-25 09:30:00',
        '2024-05-23 03:20:00'
    ),
    (
        'VA0J1K2L-M3N4-6789-VHCL-AAAAAAAAAAAA',
        'H8I9J0K1-L2M3-4567-HIJK-890123456789',
        N'Hyundai Tucson 2022 - Crossover Hiện Đại',
        N'Hyundai',
        N'Tucson',
        2022,
        'SUV',
        N'Hyundai Tucson 2022 màu xám titan, thiết kế hiện đại với đèn LED Parametric. Nội thất rộng rãi, công nghệ SmartSense an toàn cao.',
        '/uploads/vehicles/hyundai_tucson.png',
        1400000.00,
        9100000.00,
        4800000.00,
        N'Hà Nội',
        N'Vietnam',
        N'147 Trần Duy Hưng, Cầu Giấy, Hà Nội',
        21.0313,
        105.7981,
        177,
        193,
        9.3,
        5,
        4,
        'AUTOMATIC',
        'GASOLINE',
        485,
        '2.0L',
        N'Xám',
        '30D-33333',
        1,
        18,
        365,
        'AVAILABLE',
        4.85,
        36,
        24,
        1,
        0,
        1,
        1,
        55000.00,
        '2024-02-10 11:15:00',
        '2024-05-22 17:40:00'
    ),
    (
        'VB1K2L3M-N4O5-7890-VHCL-BBBBBBBBBBBB',
        'H8I9J0K1-L2M3-4567-HIJK-890123456789',
        N'Kia Morning 2023 - Xe Nhỏ Gọn',
        N'Kia',
        N'Morning',
        2023,
        'CITY_CAR',
        N'Kia Morning 2023 màu vàng chanh, xe nhỏ gọn lý tưởng cho việc di chuyển trong thành phố. Tiết kiệm nhiên liệu, dễ đậu xe, phù hợp với sinh viên và nhân viên văn phòng.',
        '/uploads/vehicles/kia_morning.png',
        600000.00,
        3900000.00,
        2200000.00,
        N'Hà Nội',
        N'Vietnam',
        N'258 Tô Hiệu, Lê Chân, Hải Phòng',
        20.8449,
        106.6881,
        83,
        155,
        14.2,
        5,
        4,
        'MANUAL',
        'GASOLINE',
        550,
        '1.25L',
        N'Vàng',
        '15A-22222',
        1,
        12,
        180,
        'AVAILABLE',
        4.60,
        22,
        31,
        1,
        0,
        1,
        0,
        40000.00,
        '2024-03-05 15:45:00',
        '2024-05-23 02:10:00'
    ),
    (
        'VC2L3M4N-O5P6-8901-VHCL-CCCCCCCCCCCC',
        'H8I9J0K1-L2M3-4567-HIJK-890123456789',
        N'Ford Everest 2022 - SUV 7 Chỗ',
        N'Ford',
        N'Everest',
        2022,
        'TOURISM',
        N'Ford Everest 2022 màu nâu đồng, SUV 7 chỗ mạnh mẽ với khả năng vượt địa hình tốt. Phù hợp cho các chuyến du lịch gia đình và khám phá thiên nhiên.',
        '/uploads/vehicles/ford_everest.png',
        2000000.00,
        13000000.00,
        6500000.00,
        N'Hà Nội',
        N'Vietnam',
        N'369 Nguyễn Trãi, Thanh Xuân, Hà Nội',
        21.0058,
        105.8086,
        213,
        180,
        10.2,
        7,
        4,
        'AUTOMATIC',
        'DIESEL',
        400,
        '2.0L Turbo',
        N'Nâu',
        '30E-11111',
        2,
        21,
        365,
        'AVAILABLE',
        4.78,
        33,
        18,
        1,
        0,
        0,
        1,
        75000.00,
        '2024-02-28 13:20:00',
        '2024-05-22 16:55:00'
    );
-- ====== VEHICLE IMAGES ======
INSERT INTO vehicle_images (
        id,
        vehicle_id,
        url,
        is_primary,
        sort_order,
        created_at
    )
VALUES -- Honda City images
    (
        'IMG1A2B3-C4D5-6789-IMGS-111111111111',
        'V1A2B3C4-D5E6-7890-VHCL-111111111111',
        'https://images.unsplash.com/photo-1549317661-bd32c8ce0db2?w=800&auto=format&fit=crop',
        1,
        1,
        '2024-02-01 10:05:00'
    ),
    (
        'IMG2B3C4-D5E6-7890-IMGS-222222222222',
        'V1A2B3C4-D5E6-7890-VHCL-111111111111',
        'https://images.unsplash.com/photo-1552519507-da3b142c6e3d?w=800&auto=format&fit=crop',
        0,
        2,
        '2024-02-01 10:05:00'
    ),
    (
        'IMG3C4D5-E6F7-8901-IMGS-333333333333',
        'V1A2B3C4-D5E6-7890-VHCL-111111111111',
        'https://images.unsplash.com/photo-1590362891991-f776e747a588?w=800&auto=format&fit=crop',
        0,
        3,
        '2024-02-01 10:05:00'
    ),
    -- Toyota Vios images
    (
        'IMG4D5E6-F7G8-9012-IMGS-444444444444',
        'V2B3C4D5-E6F7-8901-VHCL-222222222222',
        'https://images.unsplash.com/photo-1590362891991-f776e747a588?w=800&auto=format&fit=crop',
        1,
        1,
        '2024-02-15 14:35:00'
    ),
    (
        'IMG5E6F7-G8H9-0123-IMGS-555555555555',
        'V2B3C4D5-E6F7-8901-VHCL-222222222222',
        'https://images.unsplash.com/photo-1549317661-bd32c8ce0db2?w=800&auto=format&fit=crop',
        0,
        2,
        '2024-02-15 14:35:00'
    ),
    -- Honda Air Blade images
    (
        'IMG6F7G8-H9I0-1234-IMGS-666666666666',
        'V3C4D5E6-F7G8-9012-VHCL-333333333333',
        'https://images.unsplash.com/photo-1558981403-c5f9899a28bc?w=800&auto=format&fit=crop',
        1,
        1,
        '2024-03-01 09:20:00'
    ),
    (
        'IMG7G8H9-I0J1-2345-IMGS-777777777777',
        'V3C4D5E6-F7G8-9012-VHCL-333333333333',
        'https://images.unsplash.com/photo-1558980394-0a37b3636608?w=800&auto=format&fit=crop',
        0,
        2,
        '2024-03-01 09:20:00'
    ),
    -- Mercedes C200 images
    (
        'IMG8H9I0-J1K2-3456-IMGS-888888888888',
        'V4D5E6F7-G8H9-0123-VHCL-444444444444',
        'https://images.unsplash.com/photo-1549924231-f129b911e442?w=800&auto=format&fit=crop',
        1,
        1,
        '2024-02-20 11:50:00'
    ),
    (
        'IMG9I0J1-K2L3-4567-IMGS-999999999999',
        'V4D5E6F7-G8H9-0123-VHCL-444444444444',
        'https://images.unsplash.com/photo-1606152421802-db97b9c7a11b?w=800&auto=format&fit=crop',
        0,
        2,
        '2024-02-20 11:50:00'
    ),
    (
        'IMGAJ1K2-L3M4-5678-IMGS-AAAAAAAAAAAA',
        'V4D5E6F7-G8H9-0123-VHCL-444444444444',
        'https://images.unsplash.com/photo-1555215695-3004980ad54e?w=800&auto=format&fit=crop',
        0,
        3,
        '2024-02-20 11:50:00'
    ),
    -- BMW X3 images
    (
        'IMGBK2L3-M4N5-6789-IMGS-BBBBBBBBBBBB',
        'V5E6F7G8-H9I0-1234-VHCL-555555555555',
        'https://images.unsplash.com/photo-1519245659620-e859806a8d3b?w=800&auto=format&fit=crop',
        1,
        1,
        '2024-03-10 16:25:00'
    ),
    (
        'IMGCL3M4-N5O6-7890-IMGS-CCCCCCCCCCCC',
        'V5E6F7G8-H9I0-1234-VHCL-555555555555',
        'https://images.unsplash.com/photo-1605559424843-9e4c228bf1c2?w=800&auto=format&fit=crop',
        0,
        2,
        '2024-03-10 16:25:00'
    );
-- ====== VEHICLE FEATURES ======
INSERT INTO vehicle_features (id, vehicle_id, feature)
VALUES -- Honda City features
    (
        'FEAT1A2B-3C4D-5678-FEAT-111111111111',
        'V1A2B3C4-D5E6-7890-VHCL-111111111111',
        N'Điều hòa tự động'
    ),
    (
        'FEAT2B3C-4D5E-6789-FEAT-222222222222',
        'V1A2B3C4-D5E6-7890-VHCL-111111111111',
        N'Camera lùi'
    ),
    (
        'FEAT3C4D-5E6F-7890-FEAT-333333333333',
        'V1A2B3C4-D5E6-7890-VHCL-111111111111',
        N'Bluetooth'
    ),
    (
        'FEAT4D5E-6F7G-8901-FEAT-444444444444',
        'V1A2B3C4-D5E6-7890-VHCL-111111111111',
        N'USB/AUX'
    ),
    (
        'FEAT5E6F-7G8H-9012-FEAT-555555555555',
        'V1A2B3C4-D5E6-7890-VHCL-111111111111',
        N'Cảm biến áp suất lốp'
    ),
    -- Toyota Vios features
    (
        'FEAT6F7G-8H9I-0123-FEAT-666666666666',
        'V2B3C4D5-E6F7-8901-VHCL-222222222222',
        N'Điều hòa tự động'
    ),
    (
        'FEAT7G8H-9I0J-1234-FEAT-777777777777',
        'V2B3C4D5-E6F7-8901-VHCL-222222222222',
        N'Camera 360 độ'
    ),
    (
        'FEAT8H9I-0J1K-2345-FEAT-888888888888',
        'V2B3C4D5-E6F7-8901-VHCL-222222222222',
        N'Bluetooth'
    ),
    (
        'FEAT9I0J-1K2L-3456-FEAT-999999999999',
        'V2B3C4D5-E6F7-8901-VHCL-222222222222',
        N'Cảm biến va chạm'
    ),
    (
        'FEATAJ1K-2L3M-4567-FEAT-AAAAAAAAAAAA',
        'V2B3C4D5-E6F7-8901-VHCL-222222222222',
        N'Khởi động bằng nút bấm'
    ),
    -- Honda Air Blade features
    (
        'FEATBK2L-3M4N-5678-FEAT-BBBBBBBBBBBB',
        'V3C4D5E6-F7G8-9012-VHCL-333333333333',
        N'Phanh ABS'
    ),
    (
        'FEATCL3M-4N5O-6789-FEAT-CCCCCCCCCCCC',
        'V3C4D5E6-F7G8-9012-VHCL-333333333333',
        N'Khóa thông minh'
    ),
    (
        'FEATDM4N-5O6P-7890-FEAT-DDDDDDDDDDDD',
        'V3C4D5E6-F7G8-9012-VHCL-333333333333',
        N'Đèn LED'
    ),
    (
        'FEATEN5O-6P7Q-8901-FEAT-EEEEEEEEEEEE',
        'V3C4D5E6-F7G8-9012-VHCL-333333333333',
        N'Cốp xe rộng'
    ),
    -- Mercedes C200 features
    (
        'FEATFO6P-7Q8R-9012-FEAT-FFFFFFFFFFFF',
        'V4D5E6F7-G8H9-0123-VHCL-444444444444',
        N'Nội thất da cao cấp'
    ),
    (
        'FEATGP7Q-8R9S-0123-FEAT-GGGGGGGGGGGG',
        'V4D5E6F7-G8H9-0123-VHCL-444444444444',
        N'Hệ thống âm thanh Burmester'
    ),
    (
        'FEATHQ8R-9S0T-1234-FEAT-HHHHHHHHHHHH',
        'V4D5E6F7-G8H9-0123-VHCL-444444444444',
        N'Điều hòa tự động 2 vùng'
    ),
    (
        'FEATIR9S-0T1U-2345-FEAT-IIIIIIIIIIII',
        'V4D5E6F7-G8H9-0123-VHCL-444444444444',
        N'Cửa sổ trời'
    ),
    (
        'FEATJS0T-1U2V-3456-FEAT-JJJJJJJJJJJJ',
        'V4D5E6F7-G8H9-0123-VHCL-444444444444',
        N'Hệ thống an toàn Mercedes me'
    ),
    (
        'FEATKT1U-2V3W-4567-FEAT-KKKKKKKKKKKK',
        'V4D5E6F7-G8H9-0123-VHCL-444444444444',
        N'Ghế chỉnh điện'
    ),
    -- BMW X3 features
    (
        'FEATLU2V-3W4X-5678-FEAT-LLLLLLLLLLLL',
        'V5E6F7G8-H9I0-1234-VHCL-555555555555',
        N'Hệ thống iDrive'
    ),
    (
        'FEATMV3W-4X5Y-6789-FEAT-MMMMMMMMMMMM',
        'V5E6F7G8-H9I0-1234-VHCL-555555555555',
        N'Dẫn động 4 bánh xDrive'
    ),
    (
        'FEATNW4X-5Y6Z-7890-FEAT-NNNNNNNNNNNN',
        'V5E6F7G8-H9I0-1234-VHCL-555555555555',
        N'Hệ thống âm thanh Harman Kardon'
    ),
    (
        'FEATOX5Y-6Z7A-8901-FEAT-OOOOOOOOOOOO',
        'V5E6F7G8-H9I0-1234-VHCL-555555555555',
        N'Cửa sổ trời toàn cảnh'
    ),
    (
        'FEATPY6Z-7A8B-9012-FEAT-PPPPPPPPPPPP',
        'V5E6F7G8-H9I0-1234-VHCL-555555555555',
        N'Hỗ trợ đỗ xe tự động'
    );
-- ====== SYSTEM SETTINGS ======
IF OBJECT_ID('dbo.system_settings', 'U') IS NULL CREATE TABLE system_settings (
    id NVARCHAR(36) NOT NULL PRIMARY KEY,
    key_name NVARCHAR(100) NOT NULL UNIQUE,
    value NVARCHAR(MAX) NOT NULL,
    data_type NVARCHAR(20) NOT NULL DEFAULT 'string',
    description NVARCHAR(MAX),
    is_public BIT NOT NULL DEFAULT 0,
    created_at DATETIME2 NOT NULL DEFAULT GETDATE(),
    updated_at DATETIME2 NOT NULL DEFAULT GETDATE()
);
DELETE FROM system_settings;
INSERT INTO system_settings (
        id,
        key_name,
        value,
        data_type,
        description,
        is_public,
        created_at,
        updated_at
    )
VALUES (
        'SET1A2B3-C4D5-6789-SETT-111111111111',
        'platform_commission_rate',
        '0.15',
        'number',
        N'Tỷ lệ hoa hồng platform (15%)',
        0,
        '2024-01-01 00:00:00',
        '2024-01-01 00:00:00'
    ),
    (
        'SET2B3C4-D5E6-7890-SETT-222222222222',
        'service_fee_rate',
        '0.12',
        'number',
        N'Tỷ lệ phí dịch vụ (12%)',
        1,
        '2024-01-01 00:00:00',
        '2024-01-01 00:00:00'
    ),
    (
        'SET3C4D5-E6F7-8901-SETT-333333333333',
        'tax_rate',
        '0.08',
        'number',
        N'Tỷ lệ thuế (8%)',
        1,
        '2024-01-01 00:00:00',
        '2024-01-01 00:00:00'
    ),
    (
        'SET4D5E6-F7G8-9012-SETT-444444444444',
        'max_advance_booking_days',
        '365',
        'number',
        N'Số ngày tối đa có thể đặt trước',
        1,
        '2024-01-01 00:00:00',
        '2024-01-01 00:00:00'
    ),
    (
        'SET5E6F7-G8H9-0123-SETT-555555555555',
        'min_cancellation_hours',
        '24',
        'number',
        N'Số giờ tối thiểu để hủy booking',
        1,
        '2024-01-01 00:00:00',
        '2024-01-01 00:00:00'
    ),
    (
        'SET6F7G8-H9I0-1234-SETT-666666666666',
        'platform_name',
        'LuxeWay',
        'string',
        N'Tên platform',
        1,
        '2024-01-01 00:00:00',
        '2024-01-01 00:00:00'
    ),
    (
        'SET7G8H9-I0J1-2345-SETT-777777777777',
        'support_email',
        'support@luxeway.vn',
        'string',
        N'Email hỗ trợ khách hàng',
        1,
        '2024-01-01 00:00:00',
        '2024-01-01 00:00:00'
    ),
    (
        'SET8H9I0-J1K2-3456-SETT-888888888888',
        'support_phone',
        '1900-LUXEWAY',
        'string',
        N'Hotline hỗ trợ',
        1,
        '2024-01-01 00:00:00',
        '2024-01-01 00:00:00'
    );
-- ====== COUPONS ======
DELETE FROM coupons;
INSERT INTO coupons (
        code,
        discount_percentage,
        max_discount_amount,
        valid_from,
        valid_until,
        is_active,
        max_uses,
        current_uses,
        created_at
    )
VALUES (
        'WELCOME2024',
        15,
        200000.00,
        '2024-01-01 00:00:00',
        '2024-12-31 23:59:59',
        1,
        1000,
        245,
        '2024-01-01 00:00:00'
    ),
    (
        'SUMMER50K',
        5,
        50000.00,
        '2024-06-01 00:00:00',
        '2024-08-31 23:59:59',
        1,
        500,
        123,
        '2024-06-01 00:00:00'
    ),
    (
        'LONGTERM20',
        20,
        500000.00,
        '2024-01-01 00:00:00',
        '2024-12-31 23:59:59',
        1,
        200,
        45,
        '2024-01-01 00:00:00'
    ),
    (
        'STUDENT100K',
        10,
        100000.00,
        '2024-03-01 00:00:00',
        '2024-12-31 23:59:59',
        1,
        300,
        78,
        '2024-03-01 00:00:00'
    ),
    (
        'VIP25',
        25,
        1000000.00,
        '2024-01-01 00:00:00',
        '2024-12-31 23:59:59',
        1,
        100,
        12,
        '2024-01-01 00:00:00'
    );
-- ====== BOOKINGS & REVIEWS SEEDS (SQL Server Compatible UUIDs) ======
INSERT INTO bookings (
        id,
        vehicle_id,
        renter_id,
        owner_id,
        status,
        start_date,
        end_date,
        total_days,
        base_price,
        price_per_day,
        addons_total,
        insurance_fee,
        delivery_fee,
        service_fee,
        taxes,
        discount,
        total,
        deposit,
        deposit_refunded,
        include_insurance,
        include_delivery,
        created_at,
        updated_at
    )
VALUES (
        'BK111111-1111-1111-1111-111111111111',
        'V4D5E6F7-G8H9-0123-VHCL-444444444444',
        'B2C3D4E5-F6G7-8901-BCDE-234567890123',
        'F6G7H8I9-J0K1-2345-FGHI-678901234567',
        'COMPLETED',
        '2024-05-10',
        '2024-05-12',
        2,
        5000000.00,
        2500000.00,
        0.00,
        0.00,
        0.00,
        600000.00,
        400000.00,
        0.00,
        6000000.00,
        8000000.00,
        1,
        1,
        0,
        '2024-05-12 12:00:00',
        '2024-05-12 12:00:00'
    ),
    (
        'BK222222-2222-2222-2222-222222222222',
        'V6F7G8H9-I0J1-2345-VHCL-666666666666',
        'C3D4E5F6-G7H8-9012-CDEF-345678901234',
        'G7H8I9J0-K1L2-3456-GHIJ-789012345678',
        'COMPLETED',
        '2024-05-15',
        '2024-05-18',
        3,
        5400000.00,
        1800000.00,
        0.00,
        0.00,
        0.00,
        648000.00,
        432000.00,
        0.00,
        6480000.00,
        6000000.00,
        1,
        1,
        0,
        '2024-05-18 12:00:00',
        '2024-05-18 12:00:00'
    ),
    (
        'BK333333-3333-3333-3333-333333333333',
        'V8H9I0J1-K2L3-4567-VHCL-888888888888',
        'D4E5F6G7-H8I9-0123-DEFG-456789012345',
        'G7H8I9J0-K1L2-3456-GHIJ-789012345678',
        'COMPLETED',
        '2024-05-20',
        '2024-05-22',
        2,
        4400000.00,
        2200000.00,
        0.00,
        0.00,
        0.00,
        528000.00,
        352000.00,
        0.00,
        5280000.00,
        7000000.00,
        1,
        1,
        0,
        '2024-05-22 12:00:00',
        '2024-05-22 12:00:00'
    );
INSERT INTO reviews (
        id,
        vehicle_id,
        booking_id,
        reviewer_id,
        owner_id,
        rating,
        cleanliness,
        accuracy,
        communication,
        value_rating,
        comment,
        helpful,
        created_at,
        updated_at
    )
VALUES (
        'RV111111-1111-1111-1111-111111111111',
        'V4D5E6F7-G8H9-0123-VHCL-444444444444',
        'BK111111-1111-1111-1111-111111111111',
        'B2C3D4E5-F6G7-8901-BCDE-234567890123',
        'F6G7H8I9-J0K1-2345-FGHI-678901234567',
        5,
        5,
        5,
        5,
        5,
        N'Absolutely breathtaking experience. The car was in perfect condition, the owner was incredibly professional. LuxeWay has set a new standard for luxury rentals worldwide.',
        5,
        '2024-05-12 13:00:00',
        '2024-05-12 13:00:00'
    ),
    (
        'RV222222-2222-2222-2222-222222222222',
        'V6F7G8H9-I0J1-2345-VHCL-666666666666',
        'BK222222-2222-2222-2222-222222222222',
        'C3D4E5F6-G7H8-9012-CDEF-345678901234',
        'G7H8I9J0-K1L2-3456-GHIJ-789012345678',
        5,
        5,
        5,
        5,
        5,
        N'Rented a Camry for our anniversary and it was magical. The seamless delivery to our hotel, impeccable service, and the car itself left us speechless. Worth every penny.',
        4,
        '2024-05-18 13:00:00',
        '2024-05-18 13:00:00'
    ),
    (
        'RV333333-3333-3333-3333-333333333333',
        'V8H9I0J1-K2L3-4567-VHCL-888888888888',
        'BK333333-3333-3333-3333-333333333333',
        'D4E5F6G7-H8I9-0123-DEFG-456789012345',
        'G7H8I9J0-K1L2-3456-GHIJ-789012345678',
        5,
        5,
        5,
        5,
        5,
        N'I''ve rented from Turo, Hertz, and others. LuxeWay is in an entirely different league. The vetting process, insurance options, and overall experience is second to none.',
        8,
        '2024-05-22 13:00:00',
        '2024-05-22 13:00:00'
    );
-- ====== FAQS SEEDS ======
INSERT INTO faqs (question, answer, is_active, display_order)
VALUES (
        N'How does LuxeWay verify vehicles?',
        N'Every vehicle undergoes a comprehensive 120-point inspection by certified mechanics, including photo verification, document checks, and insurance validation before listing.',
        1,
        1
    ),
    (
        N'What insurance is included?',
        N'All rentals include our baseline $1M coverage. Premium plans up to $5M are available. You can also add your own insurance during booking.',
        1,
        2
    ),
    (
        N'Can I cancel my booking?',
        N'Yes. Free cancellation is available up to 48 hours before pickup. Late cancellations may incur a fee depending on the vehicle''s policy.',
        1,
        3
    ),
    (
        N'How does delivery work?',
        N'Owners with delivery enabled will bring the vehicle to your specified address. Fees vary by distance and are shown transparently at checkout.',
        1,
        4
    ),
    (
        N'Is there a minimum age requirement?',
        N'Renters must be at least 25 years old and hold a valid driving license for at least 3 years. Some exotic vehicles may have higher requirements.',
        1,
        5
    ),
    (
        N'How are payments processed?',
        N'We use Stripe and VNPay for secure payments. You can also use our LuxeWay wallet. Payments are only released to owners after successful pickup confirmation.',
        1,
        6
    );
-- ====== DISPUTES ====== 
DELETE FROM disputes;
INSERT INTO disputes (
        booking_id,
        reporter_id,
        reason,
        description,
        evidence_url,
        status,
        admin_decision,
        created_at,
        updated_at
    )
VALUES (
        'BK111111-1111-1111-1111-111111111111',
        'B2C3D4E5-F6G7-8901-BCDE-234567890123',
        N'Vehicle damaged upon return',
        N'Chủ xe cáo buộc tôi làm trầy xước đuôi xe nhưng vết xước này đã có từ trước khi nhận xe. Tôi có ảnh chụp bàn giao làm bằng chứng.',
        'https://images.unsplash.com/photo-1568605117036-5fe5e7bab0b7?w=800',
        'OPEN',
        NULL,
        GETDATE(),
        GETDATE()
    ),
    (
        'BK222222-2222-2222-2222-222222222222',
        'C3D4E5F6-G7H8-9012-CDEF-345678901234',
        N'Renter late for pickup',
        N'Khách thuê đến muộn hơn 3 tiếng so với giờ hẹn mà không thông báo trước. Tôi yêu cầu bồi thường phí chờ đợi theo quy định.',
        NULL,
        'RESOLVED',
        N'Đã hoàn trả 10% tiền cọc cho chủ xe làm phí bồi thường trễ hẹn.',
        GETDATE(),
        GETDATE()
    );
-- ============================================================
-- HELP CENTER: DDL + SEED DATA
-- ============================================================

-- Drop dependent tables first
IF OBJECT_ID('dbo.support_ticket_messages', 'U') IS NOT NULL DROP TABLE dbo.support_ticket_messages;
IF OBJECT_ID('dbo.support_tickets', 'U') IS NOT NULL DROP TABLE dbo.support_tickets;
IF OBJECT_ID('dbo.help_articles', 'U') IS NOT NULL DROP TABLE dbo.help_articles;
IF OBJECT_ID('dbo.help_categories', 'U') IS NOT NULL DROP TABLE dbo.help_categories;

-- help_categories
CREATE TABLE dbo.help_categories (
    id            BIGINT IDENTITY(1,1) PRIMARY KEY,
    slug          NVARCHAR(100) NOT NULL UNIQUE,
    title         NVARCHAR(200) NOT NULL,
    description   NVARCHAR(500) NULL,
    icon          NVARCHAR(100) NULL,
    display_order INT NOT NULL DEFAULT 0,
    is_active     BIT NOT NULL DEFAULT 1,
    article_count INT NOT NULL DEFAULT 0,
    created_at    DATETIME2 DEFAULT GETDATE(),
    updated_at    DATETIME2 DEFAULT GETDATE()
);

-- help_articles
CREATE TABLE dbo.help_articles (
    id            BIGINT IDENTITY(1,1) PRIMARY KEY,
    category_id   BIGINT NOT NULL REFERENCES dbo.help_categories(id),
    title         NVARCHAR(300) NOT NULL,
    content       NVARCHAR(MAX) NOT NULL,
    tags          NVARCHAR(500) NULL,
    view_count    INT NOT NULL DEFAULT 0,
    is_published  BIT NOT NULL DEFAULT 1,
    display_order INT NOT NULL DEFAULT 0,
    created_at    DATETIME2 DEFAULT GETDATE(),
    updated_at    DATETIME2 DEFAULT GETDATE()
);

-- support_tickets
CREATE TABLE dbo.support_tickets (
    id            BIGINT IDENTITY(1,1) PRIMARY KEY,
    user_id       NVARCHAR(36) NOT NULL REFERENCES dbo.users(id),
    booking_id    NVARCHAR(36) NULL REFERENCES dbo.bookings(id),
    subject       NVARCHAR(300) NOT NULL,
    category      NVARCHAR(100) NOT NULL,
    priority      NVARCHAR(20) NOT NULL DEFAULT 'NORMAL',
    status        NVARCHAR(30) NOT NULL DEFAULT 'OPEN',
    created_at    DATETIME2 DEFAULT GETDATE(),
    updated_at    DATETIME2 DEFAULT GETDATE()
);

-- support_ticket_messages
CREATE TABLE dbo.support_ticket_messages (
    id            BIGINT IDENTITY(1,1) PRIMARY KEY,
    ticket_id     BIGINT NOT NULL REFERENCES dbo.support_tickets(id),
    sender_type   NVARCHAR(10) NOT NULL,
    message       NVARCHAR(MAX) NOT NULL,
    created_at    DATETIME2 DEFAULT GETDATE()
);

-- ============================================================
-- SEED: help_categories
-- ============================================================
INSERT INTO dbo.help_categories (slug, title, description, icon, display_order, is_active, article_count) VALUES
(N'booking',    N'Booking & Reservations', N'How to search, book, modify, or cancel a vehicle rental.', N'Calendar', 1, 1, 0),
(N'payment',    N'Payments & Billing',     N'VNPay, LuxeWallet, refunds, invoices, and pricing.',        N'CreditCard', 2, 1, 0),
(N'vehicle',    N'Vehicle & Delivery',     N'Delivery options, pickup process, vehicle condition standards.', N'Car', 3, 1, 0),
(N'account',    N'Account & Profile',      N'Registration, login, profile updates, and password.',       N'User', 4, 1, 0),
(N'kyc',        N'KYC & Verification',     N'Identity documents, driving license, and verification timelines.', N'BadgeCheck', 5, 1, 0),
(N'insurance',  N'Insurance & Safety',     N'Coverage details, claims process, and incident reporting.', N'Shield', 6, 1, 0),
(N'owner',      N'For Vehicle Owners',     N'Listing your vehicle, pricing, calendar, and owner analytics.', N'Key', 7, 1, 0),
(N'dispute',    N'Disputes & Issues',      N'How to raise a dispute, what to expect, and resolution timelines.', N'AlertTriangle', 8, 1, 0);

-- ============================================================
-- SEED: help_articles (Booking category)
-- ============================================================
INSERT INTO dbo.help_articles (category_id, title, content, tags, display_order, is_published) VALUES
(
  (SELECT id FROM dbo.help_categories WHERE slug = N'booking'),
  N'How do I book a vehicle on LuxeWay?',
  N'1. Go to the Marketplace and use the search bar to find vehicles by city, date, or category.\n2. Click on any vehicle card to view details.\n3. Select your pick-up and return dates using the calendar.\n4. Choose any optional add-ons (extra insurance, delivery).\n5. Review the pricing breakdown and click "Book Now".\n6. Sign the digital contract and complete payment via VNPay or LuxeWallet.\n\nYou will receive a confirmation email immediately after booking.',
  N'book, reservation, how to, search',
  1, 1
),
(
  (SELECT id FROM dbo.help_categories WHERE slug = N'booking'),
  N'Can I cancel my booking?',
  N'Yes. LuxeWay offers flexible cancellation:\n\n**Free cancellation**: Cancel more than 48 hours before your pickup time for a full refund.\n**Late cancellation**: Cancellations within 48 hours may incur a fee of up to 50% of the first day''s rental price, depending on the owner''s policy.\n\nTo cancel:\n1. Go to Dashboard → My Bookings.\n2. Select the booking and click "Cancel Booking".\n3. Confirm the cancellation. Refunds are processed in 3–5 business days.',
  N'cancel, refund, policy',
  2, 1
),
(
  (SELECT id FROM dbo.help_categories WHERE slug = N'booking'),
  N'How do I modify my booking dates?',
  N'Date modifications must be requested through the owner via the in-app chat. The owner can approve or decline the modification.\n\nIf the new dates result in a price difference:\n- **Extra cost**: You will be charged the difference.\n- **Lower cost**: A partial refund is issued.\n\nModifications are not guaranteed and depend on vehicle availability.',
  N'modify, change dates, reschedule',
  3, 1
);

-- ============================================================
-- SEED: help_articles (Payment category)
-- ============================================================
INSERT INTO dbo.help_articles (category_id, title, content, tags, display_order, is_published) VALUES
(
  (SELECT id FROM dbo.help_categories WHERE slug = N'payment'),
  N'What payment methods are accepted?',
  N'LuxeWay supports the following payment methods:\n\n**VNPay** — Vietnamese bank cards, e-wallets (MoMo, ZaloPay via VNPay), and international Visa/Mastercard.\n**LuxeWallet** — Top up your in-app wallet for instant 1-click payment at checkout.\n\nAll payments are encrypted and processed through certified payment gateways. LuxeWay never stores your card details.',
  N'payment, VNPay, wallet, card',
  1, 1
),
(
  (SELECT id FROM dbo.help_categories WHERE slug = N'payment'),
  N'When will I receive my refund?',
  N'Refund timelines depend on the method used:\n\n- **LuxeWallet refunds**: Instant — funds appear in your wallet immediately.\n- **VNPay refunds**: 3–5 business days to your original payment method.\n\nRefunds are triggered automatically when a cancellation is confirmed. If you have not received your refund after 7 days, please contact support with your booking ID.',
  N'refund, money back, timeline',
  2, 1
),
(
  (SELECT id FROM dbo.help_categories WHERE slug = N'payment'),
  N'How does the security deposit work?',
  N'A refundable security deposit is required for all bookings. It is:\n\n- **Held** at the time of booking (not charged to your account).\n- **Released** within 24 hours after the vehicle is returned in its original condition.\n- **Partially or fully deducted** only if damage, fuel shortfall, or late return is confirmed by both parties.\n\nDeposit amounts vary by vehicle and are displayed clearly on the vehicle detail page.',
  N'deposit, security, hold',
  3, 1
);

-- ============================================================
-- SEED: help_articles (Vehicle category)
-- ============================================================
INSERT INTO dbo.help_articles (category_id, title, content, tags, display_order, is_published) VALUES
(
  (SELECT id FROM dbo.help_categories WHERE slug = N'vehicle'),
  N'How does vehicle delivery work?',
  N'Owners who have enabled delivery will bring the vehicle directly to your specified address.\n\n**During booking**: If delivery is available, you''ll see a "Delivery Available" badge on the vehicle listing. Enter your delivery address at checkout.\n\n**Delivery fee**: Calculated based on distance from the owner''s location. This is shown transparently before you confirm.\n\n**Pickup option**: You can also choose to pick up the vehicle from the owner''s location at no extra cost.',
  N'delivery, pickup, address',
  1, 1
),
(
  (SELECT id FROM dbo.help_categories WHERE slug = N'vehicle'),
  N'What condition should I return the vehicle in?',
  N'Return the vehicle in the same condition you received it:\n\n- Same fuel level (check the fuel indicator at handover).\n- No new scratches, dents, or damage.\n- Interior cleaned — no food, rubbish, or stains.\n- On time — late returns may result in a fee per extra hour.\n\nBoth you and the owner will conduct a handover inspection. Take photos before and after your rental as evidence.',
  N'condition, return, clean, fuel',
  2, 1
);

-- ============================================================
-- SEED: help_articles (KYC category)
-- ============================================================
INSERT INTO dbo.help_articles (category_id, title, content, tags, display_order, is_published) VALUES
(
  (SELECT id FROM dbo.help_categories WHERE slug = N'kyc'),
  N'What documents do I need to upload for KYC?',
  N'To complete KYC verification you must upload:\n\n1. **Driver''s License** — front and back of your government-issued license.\n2. **National ID or Passport** — for identity verification.\n3. **Selfie with ID** — a clear photo of you holding your ID document.\n\nOptional: Personal insurance certificate for additional coverage.\n\n**Verification timeline**: Usually completed within 24 hours on business days.',
  N'KYC, documents, verification, license',
  1, 1
),
(
  (SELECT id FROM dbo.help_categories WHERE slug = N'kyc'),
  N'Is there a minimum age requirement?',
  N'Yes. To rent a vehicle on LuxeWay:\n\n- **Minimum age**: 25 years old.\n- **Driving experience**: Valid license held for at least 3 years.\n- **Exotic/luxury vehicles**: Some owners set a minimum age of 28–30 years.\n\nAge requirements are displayed on each vehicle''s listing page.',
  N'age, minimum, requirement',
  2, 1
);

-- ============================================================
-- SEED: help_articles (Insurance category)
-- ============================================================
INSERT INTO dbo.help_articles (category_id, title, content, tags, display_order, is_published) VALUES
(
  (SELECT id FROM dbo.help_categories WHERE slug = N'insurance'),
  N'What insurance is included with every rental?',
  N'Every LuxeWay booking includes our standard coverage:\n\n**Basic Coverage (included)**:\n- Third-party liability: up to ₫500,000,000.\n- Vehicle damage from collision (subject to excess).\n- Theft protection.\n\n**Premium Plans** (optional, selected at checkout):\n- Reduced excess.\n- Personal accident coverage.\n- Zero-deductible protection.\n\nAll coverage details are available in the digital contract before you confirm your booking.',
  N'insurance, coverage, protection, included',
  1, 1
);

-- ============================================================
-- SEED: help_articles (Owner category)
-- ============================================================
INSERT INTO dbo.help_articles (category_id, title, content, tags, display_order, is_published) VALUES
(
  (SELECT id FROM dbo.help_categories WHERE slug = N'owner'),
  N'How do I list my vehicle on LuxeWay?',
  N'To list your vehicle:\n\n1. Create an Owner account or upgrade your existing account.\n2. Complete KYC verification (required for all owners).\n3. Go to Owner Dashboard → Add Vehicle.\n4. Upload photos, set pricing per day, and configure availability.\n5. Submit for review — our team verifies the listing within 24 hours.\n\nOnce approved, your vehicle appears in the marketplace and you start receiving booking requests.',
  N'list, owner, add vehicle, register',
  1, 1
),
(
  (SELECT id FROM dbo.help_categories WHERE slug = N'owner'),
  N'How do I get paid for rentals?',
  N'Payment is released to your LuxeWallet automatically:\n\n- **Instant Book**: Payment is released 24 hours after the rental starts.\n- **Approval required**: Payment is released after you confirm the booking.\n\n**Platform commission**: LuxeWay charges 15% of the rental price.\n\nYou can withdraw your LuxeWallet balance to your bank account via VNPay at any time.',
  N'payment, earnings, commission, withdraw',
  2, 1
);

-- ============================================================
-- SEED: help_articles (Dispute category)
-- ============================================================
INSERT INTO dbo.help_articles (category_id, title, content, tags, display_order, is_published) VALUES
(
  (SELECT id FROM dbo.help_categories WHERE slug = N'dispute'),
  N'How do I raise a dispute?',
  N'If you experience an issue during or after a rental:\n\n1. Go to Dashboard → My Bookings.\n2. Find the relevant booking and click "Open Dispute".\n3. Select a reason (damage, no-show, misrepresentation, etc.).\n4. Describe the issue and upload photo evidence.\n5. Submit — our team will respond within 48 hours.\n\n**Important**: Disputes must be raised within 72 hours of the rental end date.',
  N'dispute, complaint, issue, damage',
  1, 1
);


-- ============================================================
-- ECOSYSTEM SEED DATA - 15 MOTORBIKES & 20 CARS
-- ============================================================

-- Seed additional 15+ Motorbikes
INSERT INTO vehicles (id, owner_id, name, brand, model, year, category, description, thumbnail_url, price_per_day, price_per_week, deposit, city, country, address, latitude, longitude, horsepower, top_speed, acceleration, seats, doors, transmission, fuel_type, range_km, engine_size, color, license_plate, min_rental_days, max_rental_days, advance_booking_days, status, rating, total_reviews, total_bookings, is_verified, is_featured, instant_book, delivery_available, delivery_fee, created_at, updated_at) VALUES
('VM-01', 'E5F6G7H8-I9J0-1234-EFGH-567890123456', N'Honda Vision 2022 - Xe Đẹp Tiết Kiệm', N'Honda', N'Vision', 2022, 'SCOOTER', N'Xe Vision đời mới màu đỏ đô sạch sẽ, máy êm thích hợp lượn phố.', 'https://images.unsplash.com/photo-1558981806-ec527fa84c39?w=800', 130000, 850000, 1000000, N'Hồ Chí Minh', N'Vietnam', N'Phú Nhuận, TP.HCM', 10.7994, 106.6803, 9, 95, 12.0, 2, 0, 'AUTOMATIC', 'GASOLINE', 250, '110cc', N'Đỏ', '59F1-99901', 1, 30, 365, 'AVAILABLE', 4.8, 12, 18, 1, 1, 1, 1, 20000, GETDATE(), GETDATE()),
('VM-02', 'E5F6G7H8-I9J0-1234-EFGH-567890123456', N'Honda Vision 2023 - Bản Cao Cấp', N'Honda', N'Vision', 2023, 'SCOOTER', N'Xe ga Honda Vision bản đặc biệt đen nhám cực ngầu, chạy đầm máy.', 'https://images.unsplash.com/photo-1558981806-ec527fa84c39?w=800', 150000, 950000, 1000000, N'Hồ Chí Minh', N'Vietnam', N'Quận 1, TP.HCM', 10.7769, 106.7009, 9, 95, 12.0, 2, 0, 'AUTOMATIC', 'GASOLINE', 250, '110cc', N'Đen Nhám', '59F1-99902', 1, 30, 365, 'AVAILABLE', 4.9, 8, 15, 1, 1, 1, 1, 20000, GETDATE(), GETDATE()),
('VM-03', 'E5F6G7H8-I9J0-1234-EFGH-567890123456', N'Honda Vision 2021 - Đi Học Đi Làm', N'Honda', N'Vision', 2021, 'SCOOTER', N'Xe Vision trắng gia đình đi giữ gìn kỹ, xăng cộ cực tốt.', 'https://images.unsplash.com/photo-1558981806-ec527fa84c39?w=800', 120000, 800000, 1000000, N'Hồ Chí Minh', N'Vietnam', N'Quận 3, TP.HCM', 10.7756, 106.6917, 9, 95, 12.0, 2, 0, 'AUTOMATIC', 'GASOLINE', 250, '110cc', N'Trắng', '59F1-99903', 1, 30, 365, 'AVAILABLE', 4.7, 20, 30, 1, 0, 1, 1, 20000, GETDATE(), GETDATE()),
('VM-04', 'F6G7H8I9-J0K1-2345-FGHI-678901234567', N'Honda Air Blade 125i - Đỏ Đen Thể Thao', N'Honda', N'Air Blade', 2022, 'AUTOMATIC_SCOOTER', N'Air Blade 125cc chạy êm, phanh cơ an toàn, có sạc điện thoại tiện lợi.', 'https://images.unsplash.com/photo-1558981806-ec527fa84c39?w=800', 180000, 1100000, 1500000, N'Hà Nội', N'Vietnam', N'Cầu Giấy, Hà Nội', 21.0313, 105.7981, 11, 105, 10.5, 2, 0, 'AUTOMATIC', 'GASOLINE', 220, '125cc', N'Đỏ Đen', '29F1-99904', 1, 30, 365, 'AVAILABLE', 4.85, 15, 22, 1, 1, 1, 1, 30000, GETDATE(), GETDATE()),
('VM-05', 'F6G7H8I9-J0K1-2345-FGHI-678901234567', N'Honda Air Blade 160i - Phanh ABS Siêu Khỏe', N'Honda', N'Air Blade', 2023, 'AUTOMATIC_SCOOTER', N'Xe AB 160cc mạnh mẽ phanh ABS an toàn tuyệt đối, máy siêu bốc.', 'https://images.unsplash.com/photo-1558981806-ec527fa84c39?w=800', 250000, 1500000, 2000000, N'Hà Nội', N'Vietnam', N'Hai Bà Trưng, Hà Nội', 21.0245, 105.8525, 15, 115, 8.5, 2, 0, 'AUTOMATIC', 'GASOLINE', 210, '160cc', N'Xanh Xám', '29F1-99905', 1, 30, 365, 'AVAILABLE', 4.95, 5, 12, 1, 1, 1, 1, 30000, GETDATE(), GETDATE()),
('VM-06', 'F6G7H8I9-J0K1-2345-FGHI-678901234567', N'Yamaha Exciter 155 VVA - Cam Đen Cực Chất', N'Yamaha', N'Exciter 155', 2022, 'MANUAL_MOTORCYCLE', N'Xe côn tay Exciter 155 VVA máy bốc, ga mượt, hoàn hảo cho phượt thủ.', 'https://images.unsplash.com/photo-1568772585407-9361f9bf3a87?w=800', 200000, 1300000, 2000000, N'Đà Nẵng', N'Vietnam', N'Hải Châu, Đà Nẵng', 16.0678, 108.2208, 17, 125, 7.5, 2, 0, 'MANUAL', 'GASOLINE', 200, '155cc', N'Cam Đen', '43F1-99906', 1, 30, 365, 'AVAILABLE', 4.88, 18, 25, 1, 1, 1, 1, 25000, GETDATE(), GETDATE()),
('VM-07', 'F6G7H8I9-J0K1-2345-FGHI-678901234567', N'VinFast Evo200 - Xe Điện Thời Trang', N'VinFast', N'Evo200', 2023, 'ELECTRIC_BIKE', N'Evo200 đi êm ái thích hợp dạo biển phố Đà Nẵng, sạc đầy đi được 150km.', 'https://images.unsplash.com/photo-1558981806-ec527fa84c39?w=800', 130000, 800000, 1500000, N'Đà Nẵng', N'Vietnam', N'Ngũ Hành Sơn, Đà Nẵng', 16.0583, 108.2608, 3, 70, 15.0, 2, 0, 'AUTOMATIC', 'ELECTRIC', 150, 'Electric', N'Vàng', '43F1-99907', 1, 30, 365, 'AVAILABLE', 4.76, 10, 14, 1, 0, 1, 1, 20000, GETDATE(), GETDATE()),
('VM-08', 'E5F6G7H8-I9J0-1234-EFGH-567890123456', N'Honda Lead 2022 - Cốp Siêu Rộng Rãi', N'Honda', N'Lead', 2022, 'SCOOTER', N'Xe Lead cốp rộng mênh mông đựng cả thế giới, thích hợp mua sắm du lịch.', 'https://images.unsplash.com/photo-1558981806-ec527fa84c39?w=800', 160000, 1000000, 1500000, N'Hồ Chí Minh', N'Vietnam', N'Tân Bình, TP.HCM', 10.8014, 106.6525, 11, 100, 11.0, 2, 0, 'AUTOMATIC', 'GASOLINE', 230, '125cc', N'Đỏ Đô', '59F1-99908', 1, 30, 365, 'AVAILABLE', 4.82, 22, 28, 1, 1, 1, 1, 20000, GETDATE(), GETDATE()),
('VM-09', 'E5F6G7H8-I9J0-1234-EFGH-567890123456', N'Honda SH125i 2023 - Sang Chảnh Đẳng Cấp', N'Honda', N'SH125i', 2023, 'SCOOTER', N'SH 125i xám xi măng sang chảnh thời thượng, xe chạy cực kỳ êm ái.', 'https://images.unsplash.com/photo-1558981806-ec527fa84c39?w=800', 350000, 2200000, 3000000, N'Hồ Chí Minh', N'Vietnam', N'Quận 7, TP.HCM', 10.7416, 106.7214, 12, 110, 10.0, 2, 0, 'AUTOMATIC', 'GASOLINE', 210, '125cc', N'Xám Xi Măng', '59F1-99909', 1, 30, 365, 'AVAILABLE', 4.96, 14, 20, 1, 1, 1, 1, 40000, GETDATE(), GETDATE()),
('VM-10', 'E5F6G7H8-I9J0-1234-EFGH-567890123456', N'Honda SH160i 2023 - ABS Cao Cấp', N'Honda', N'SH160i', 2023, 'SCOOTER', N'Honda SH160i ABS cực kỳ mạnh mẽ sang trọng, thu hút mọi ánh nhìn.', 'https://images.unsplash.com/photo-1558981806-ec527fa84c39?w=800', 450000, 2800000, 4000000, N'Hồ Chí Minh', N'Vietnam', N'Quận 2, TP.HCM', 10.7872, 106.7490, 16, 120, 8.0, 2, 0, 'AUTOMATIC', 'GASOLINE', 200, '156cc', N'Trắng', '59F1-99910', 1, 30, 365, 'AVAILABLE', 4.98, 9, 14, 1, 1, 1, 1, 40000, GETDATE(), GETDATE()),
('VM-11', 'F6G7H8I9-J0K1-2345-FGHI-678901234567', N'Yamaha Sirius 2021 - Tiết Kiệm Bền Bỉ', N'Yamaha', N'Sirius', 2021, 'MANUAL_MOTORCYCLE', N'Sirius số tròn bền bỉ, thích hợp đi phượt ngắn dã ngoại giá cực rẻ.', 'https://images.unsplash.com/photo-1558981806-ec527fa84c39?w=800', 100000, 600000, 1000000, N'Đà Nẵng', N'Vietnam', N'Liên Chiểu, Đà Nẵng', 16.0624, 108.1513, 8, 90, 13.0, 2, 0, 'MANUAL', 'GASOLINE', 260, '110cc', N'Đen Bạc', '43F1-99911', 1, 30, 365, 'AVAILABLE', 4.65, 34, 45, 1, 0, 1, 1, 20000, GETDATE(), GETDATE()),
('VM-12', 'F6G7H8I9-J0K1-2345-FGHI-678901234567', N'Yamaha Grande 2023 - Dành Cho Phái Đẹp', N'Yamaha', N'Grande', 2023, 'SCOOTER', N'Xe máy Grande trắng thời trang sang trọng, cốp to và máy cực kỳ êm.', 'https://images.unsplash.com/photo-1558981806-ec527fa84c39?w=800', 180000, 1100000, 1500000, N'Hà Nội', N'Vietnam', N'Ba Đình, Hà Nội', 21.0361, 105.8275, 8, 95, 12.5, 2, 0, 'AUTOMATIC', 'GASOLINE', 250, '125cc', N'Trắng Ngọc Trai', '29F1-99912', 1, 30, 365, 'AVAILABLE', 4.88, 11, 16, 1, 1, 1, 1, 30000, GETDATE(), GETDATE()),
('VM-13', 'E5F6G7H8-I9J0-1234-EFGH-567890123456', N'VinFast Feliz S - Xe Máy Điện Tiện Lợi', N'VinFast', N'Feliz S', 2023, 'ELECTRIC_BIKE', N'Feliz S xe điện chất lượng cao của VinFast chạy êm ái, pin LFP cao cấp.', 'https://images.unsplash.com/photo-1558981806-ec527fa84c39?w=800', 160000, 1000000, 1500000, N'Hồ Chí Minh', N'Vietnam', N'Gò Vấp, TP.HCM', 10.8388, 106.6669, 4, 80, 14.0, 2, 0, 'AUTOMATIC', 'ELECTRIC', 120, 'Electric', N'Xanh Dương', '59F1-99913', 1, 30, 365, 'AVAILABLE', 4.78, 7, 11, 1, 1, 1, 1, 20000, GETDATE(), GETDATE()),
('VM-14', 'E5F6G7H8-I9J0-1234-EFGH-567890123456', N'VinFast Klara S - Phong Cách Châu Âu', N'VinFast', N'Klara S', 2022, 'ELECTRIC_BIKE', N'Klara S mang đậm thiết kế Ý lịch lãm, đi mượt mà tiết kiệm.', 'https://images.unsplash.com/photo-1558981806-ec527fa84c39?w=800', 180000, 1200000, 1500000, N'Hồ Chí Minh', N'Vietnam', N'Bình Thạnh, TP.HCM', 10.8030, 106.6974, 4, 80, 13.5, 2, 0, 'AUTOMATIC', 'ELECTRIC', 120, 'Electric', N'Trắng', '59F1-99914', 1, 30, 365, 'AVAILABLE', 4.85, 12, 19, 1, 1, 1, 1, 20000, GETDATE(), GETDATE()),
('VM-15', 'F6G7H8I9-J0K1-2345-FGHI-678901234567', N'Kawasaki Versys X300 - Phượt Tour Chuyên Nghiệp', N'Kawasaki', N'Versys X300', 2022, 'ADVENTURE_BIKE', N'Versys X300 dòng Adventure chuyên tour đi êm ái đầm chắc, thích hợp đi đèo.', 'https://images.unsplash.com/photo-1568772585407-9361f9bf3a87?w=800', 650000, 4000000, 5000000, N'Hà Nội', N'Vietnam', N'Tây Hồ, Hà Nội', 21.0584, 105.8242, 40, 140, 6.0, 2, 0, 'MANUAL', 'GASOLINE', 350, '300cc', N'Xám Xanh', '29F1-99915', 1, 30, 365, 'AVAILABLE', 4.95, 21, 28, 1, 1, 1, 1, 50000, GETDATE(), GETDATE());

-- Seed additional 20+ Cars
INSERT INTO vehicles (id, owner_id, name, brand, model, year, category, description, thumbnail_url, price_per_day, price_per_week, deposit, city, country, address, latitude, longitude, horsepower, top_speed, acceleration, seats, doors, transmission, fuel_type, range_km, engine_size, color, license_plate, min_rental_days, max_rental_days, advance_booking_days, status, rating, total_reviews, total_bookings, is_verified, is_featured, instant_book, delivery_available, delivery_fee, created_at, updated_at) VALUES
('VC-01', 'G7H8I9J0-K1L2-3456-GHIJ-789012345678', N'Toyota Vios 2023 - Đầm Chắc Tiết Kiệm', N'Toyota', N'Vios', 2023, 'SEDAN', N'Vios G 2023 số tự động mới tinh chạy êm, siêu tiết kiệm nhiên liệu.', 'https://images.unsplash.com/photo-1590362891991-f776e747a588?w=800', 800000, 5000000, 3000000, N'Hồ Chí Minh', N'Vietnam', N'Tân Bình, TP.HCM', 10.8014, 106.6525, 107, 175, 12.0, 5, 4, 'AUTOMATIC', 'GASOLINE', 600, '1.5L', N'Trắng', '51G-99901', 1, 30, 365, 'AVAILABLE', 4.9, 14, 20, 1, 1, 1, 1, 50000, GETDATE(), GETDATE()),
('VC-02', 'G7H8I9J0-K1L2-3456-GHIJ-789012345678', N'Toyota Fortuner 2022 - SUV 7 Chỗ Mạnh Mẽ', N'Toyota', N'Fortuner', 2022, 'SUV', N'Fortuner máy dầu số tự động 7 chỗ gầm cao, đi đèo dốc cực tốt.', 'https://images.unsplash.com/photo-1533473359331-0135ef1b58bf?w=800', 1400000, 9000000, 5000000, N'Hồ Chí Minh', N'Vietnam', N'Quận 7, TP.HCM', 10.7416, 106.7214, 150, 180, 11.5, 7, 5, 'AUTOMATIC', 'DIESEL', 650, '2.4L Diesel', N'Đen', '51G-99902', 1, 30, 365, 'AVAILABLE', 4.88, 22, 30, 1, 1, 1, 1, 80000, GETDATE(), GETDATE()),
('VC-03', 'G7H8I9J0-K1L2-3456-GHIJ-789012345678', N'Mazda CX-5 2022 - Crossover Trẻ Trung', N'Mazda', N'CX-5', 2022, 'SUV', N'CX5 Premium 2.0 màu đỏ đô, hệ thống loa Bose nghe nhạc cực hay.', 'https://images.unsplash.com/photo-1583121274602-3e2820c69888?w=800', 1000000, 6500000, 4000000, N'Hồ Chí Minh', N'Vietnam', N'Quận 1, TP.HCM', 10.7769, 106.7009, 154, 190, 9.5, 5, 5, 'AUTOMATIC', 'GASOLINE', 580, '2.0L', N'Đỏ Pha Lê', '51G-99903', 1, 30, 365, 'AVAILABLE', 4.95, 31, 42, 1, 1, 1, 1, 60000, GETDATE(), GETDATE()),
('VC-04', 'H8I9J0K1-L2M3-4567-HIJK-890123456789', N'VinFast VF8 Plus 2023 - Xe Điện VIP', N'VinFast', N'VF8', 2023, 'ELECTRIC_CAR', N'VF8 Plus 2 cầu mạnh mẽ, có ADAS tự lái thông minh, da Nappa cao cấp.', 'https://images.unsplash.com/photo-1563720223185-11003d516935?w=800', 1300000, 8500000, 5000000, N'Hà Nội', N'Vietnam', N'Cầu Giấy, Hà Nội', 21.0313, 105.7981, 402, 200, 5.5, 5, 5, 'AUTOMATIC', 'ELECTRIC', 400, 'Electric', N'Xám Titan', '30H-99904', 1, 30, 365, 'AVAILABLE', 4.92, 18, 25, 1, 1, 1, 1, 80000, GETDATE(), GETDATE()),
('VC-05', 'H8I9J0K1-L2M3-4567-HIJK-890123456789', N'VinFast VF9 Plus - SUV Điện 7 Chỗ Siêu Rộng', N'VinFast', N'VF9', 2023, 'ELECTRIC_CAR', N'VF9 bản 6 ghế thương gia có massage hàng ghế sau, cực rộng rãi đẳng cấp.', 'https://images.unsplash.com/photo-1563720223185-11003d516935?w=800', 2000000, 13000000, 10000000, N'Hà Nội', N'Vietnam', N'Hai Bà Trưng, Hà Nội', 21.0245, 105.8525, 402, 200, 6.5, 6, 5, 'AUTOMATIC', 'ELECTRIC', 420, 'Electric', N'Đen', '30H-99905', 1, 30, 365, 'AVAILABLE', 4.97, 8, 14, 1, 1, 1, 1, 100000, GETDATE(), GETDATE()),
('VC-06', 'G7H8I9J0-K1L2-3456-GHIJ-789012345678', N'Kia Accent 2022 - Giá Tốt Gia Đình', N'Kia', N'Accent', 2022, 'SEDAN', N'Accent số tự động giá rẻ cực tiết kiệm xăng thích hợp chạy gia đình đô thị.', 'https://images.unsplash.com/photo-1590362891991-f776e747a588?w=800', 650000, 4200000, 3000000, N'Hồ Chí Minh', N'Vietnam', N'Gò Vấp, TP.HCM', 10.8388, 106.6669, 100, 170, 13.0, 5, 4, 'AUTOMATIC', 'GASOLINE', 600, '1.4L', N'Trắng', '51G-99906', 1, 30, 365, 'AVAILABLE', 4.75, 29, 36, 1, 0, 1, 1, 50000, GETDATE(), GETDATE()),
('VC-07', 'G7H8I9J0-K1L2-3456-GHIJ-789012345678', N'Toyota Innova 2021 - 8 Chỗ Gia Đình Du Lịch', N'Toyota', N'Innova', 2021, 'MPV', N'Innova thần thánh 8 chỗ ngồi siêu rộng rãi đi du lịch cực bền bỉ đầm chắc.', 'https://images.unsplash.com/photo-1590362891991-f776e747a588?w=800', 900000, 5800000, 4000000, N'Hồ Chí Minh', N'Vietnam', N'Bình Thạnh, TP.HCM', 10.8030, 106.6974, 137, 160, 14.0, 8, 5, 'MANUAL', 'GASOLINE', 550, '2.0L', N'Bạc', '51G-99907', 1, 30, 365, 'AVAILABLE', 4.8, 45, 60, 1, 1, 1, 1, 60000, GETDATE(), GETDATE()),
('VC-08', 'H8I9J0K1-L2M3-4567-HIJK-890123456789', N'Hyundai Accent 2023 - Đài Mới Trẻ Trung', N'Hyundai', N'Accent', 2023, 'SEDAN', N'Accent 2023 thiết kế cá tính sang trọng, đi êm ái máy 1.4 bốc vừa phải.', 'https://images.unsplash.com/photo-1590362891991-f776e747a588?w=800', 700000, 4500000, 3000000, N'Hà Nội', N'Vietnam', N'Tây Hồ, Hà Nội', 21.0584, 105.8242, 100, 172, 12.5, 5, 4, 'AUTOMATIC', 'GASOLINE', 620, '1.4L', N'Đỏ', '30H-99908', 1, 30, 365, 'AVAILABLE', 4.88, 12, 18, 1, 1, 1, 1, 50000, GETDATE(), GETDATE()),
('VC-09', 'H8I9J0K1-L2M3-4567-HIJK-890123456789', N'Hyundai Santa Fe 2022 - SUV Máy Dầu Đỉnh Cao', N'Hyundai', N'Santa Fe', 2022, 'SUV', N'Santa Fe Premium máy dầu chạy cực êm không mùi, full cửa sổ trời cảnh báo va chạm.', 'https://images.unsplash.com/photo-1533473359331-0135ef1b58bf?w=800', 1500000, 9500000, 5000000, N'Hà Nội', N'Vietnam', N'Đống Đa, Hà Nội', 21.0285, 105.8542, 202, 195, 9.0, 7, 5, 'AUTOMATIC', 'DIESEL', 700, '2.2L SmartStream', N'Xanh Đá', '30H-99909', 1, 30, 365, 'AVAILABLE', 4.96, 32, 45, 1, 1, 1, 1, 80000, GETDATE(), GETDATE()),
('VC-10', 'H8I9J0K1-L2M3-4567-HIJK-890123456789', N'Ford Ranger Wildtrak 2022 - Bán Tải Hầm Hố', N'Ford', N'Ranger Wildtrak', 2022, 'PICKUP', N'Bán tải Ranger Wildtrak 2.0 Bi-Turbo kéo khỏe, phượt Tây Bắc tuyệt cú mèo.', 'https://images.unsplash.com/photo-1533473359331-0135ef1b58bf?w=800', 1100000, 7000000, 5000000, N'Hà Nội', N'Vietnam', N'Nam Từ Liêm, Hà Nội', 21.0378, 105.7804, 213, 180, 10.0, 5, 4, 'AUTOMATIC', 'DIESEL', 600, '2.0L Bi-Turbo', N'Cam', '30H-99910', 1, 30, 365, 'AVAILABLE', 4.9, 19, 28, 1, 1, 1, 1, 70000, GETDATE(), GETDATE()),
('VC-11', 'G7H8I9J0-K1L2-3456-GHIJ-789012345678', N'Mazda 3 2023 - Sedan Đẹp Nhất Phân Khúc', N'Mazda', N'Mazda 3', 2023, 'SEDAN', N'Mazda 3 thế hệ mới màu trắng, thiết kế Kodo cực sang trọng đẳng cấp thanh lịch.', 'https://images.unsplash.com/photo-1590362891991-f776e747a588?w=800', 800000, 5200000, 3000000, N'Hồ Chí Minh', N'Vietnam', N'Phú Nhuận, TP.HCM', 10.7994, 106.6803, 110, 185, 10.8, 5, 4, 'AUTOMATIC', 'GASOLINE', 580, '1.5L', N'Trắng', '51G-99911', 1, 30, 365, 'AVAILABLE', 4.86, 15, 21, 1, 1, 1, 1, 50000, GETDATE(), GETDATE()),
('VC-12', 'G7H8I9J0-K1L2-3456-GHIJ-789012345678', N'Mitsubishi Xpander 2023 - 7 Chỗ Quốc Dân', N'Mitsubishi', N'Innova', 2023, 'MPV', N'Xpander đời mới rộng rãi cực tiết kiệm nhiên liệu, lựa chọn số 1 cho gia đình.', 'https://images.unsplash.com/photo-1590362891991-f776e747a588?w=800', 850000, 5500000, 3000000, N'Hồ Chí Minh', N'Vietnam', N'Quận 12, TP.HCM', 10.8672, 106.6783, 104, 160, 13.5, 7, 5, 'AUTOMATIC', 'GASOLINE', 600, '1.5L MIVEC', N'Bạc', '51G-99912', 1, 30, 365, 'AVAILABLE', 4.83, 38, 50, 1, 1, 1, 1, 60000, GETDATE(), GETDATE()),
('VC-13', 'H8I9J0K1-L2M3-4567-HIJK-890123456789', N'Mercedes C200 2022 - Xe Đức Sang Trọng', N'Mercedes-Benz', N'C200', 2022, 'LUXURY', N'Mercedes C200 Avantgarde sang trọng lịch lãm, thích hợp cưới hỏi công tác.', 'https://images.unsplash.com/photo-1552519507-da3b142c6e3d?w=800', 2000000, 13000000, 10000000, N'Hà Nội', N'Vietnam', N'Hoàn Kiếm, Hà Nội', 21.0285, 105.8542, 204, 240, 7.3, 5, 4, 'AUTOMATIC', 'GASOLINE', 500, '1.5L EQ Boost', N'Đen', '30H-99913', 1, 30, 365, 'AVAILABLE', 4.97, 11, 16, 1, 1, 1, 1, 100000, GETDATE(), GETDATE()),
('VC-14', 'H8I9J0K1-L2M3-4567-HIJK-890123456789', N'BMW 320i Sport Line - Trải Nghiệm Thể Thao', N'BMW', N'BMW 320i', 2022, 'LUXURY', N'BMW 3-Series dẫn động cầu sau lái cực bốc, đầm chắc chuẩn chất Đức.', 'https://images.unsplash.com/photo-1555215695-3004980ad54e?w=800', 2200000, 14000000, 10000000, N'Hà Nội', N'Vietnam', N'Ba Đình, Hà Nội', 21.0361, 105.8275, 184, 235, 7.1, 5, 4, 'AUTOMATIC', 'GASOLINE', 520, '2.0L TwinPower', N'Trắng', '30H-99914', 1, 30, 365, 'AVAILABLE', 4.99, 7, 10, 1, 1, 1, 1, 100000, GETDATE(), GETDATE()),
('VC-15', 'G7H8I9J0-K1L2-3456-GHIJ-789012345678', N'Kia Morning 2022 - Xe Đô Thị Nhỏ Gọn', N'Kia', N'Morning', 2022, 'CITY_CAR', N'Kia Morning số tự động nhỏ nhắn dễ luồn lách ngõ hẻm Sài Gòn, rất tiết kiệm xăng.', 'https://images.unsplash.com/photo-1590362891991-f776e747a588?w=800', 500000, 3200000, 2000000, N'Hồ Chí Minh', N'Vietnam', N'Bình Thạnh, TP.HCM', 10.8030, 106.6974, 83, 150, 14.5, 5, 4, 'AUTOMATIC', 'GASOLINE', 500, '1.25L', N'Đỏ', '51G-99915', 1, 30, 365, 'AVAILABLE', 4.7, 15, 23, 1, 0, 1, 0, 30000, GETDATE(), GETDATE()),
('VC-16', 'G7H8I9J0-K1L2-3456-GHIJ-789012345678', N'Hyundai Grand i10 2023 - Đời Mới Linh Hoạt', N'Hyundai', N'Accent', 2023, 'CITY_CAR', N'Grand i10 hatchback đời mới chạy đầm chắc, cabin rộng hơn Morning.', 'https://images.unsplash.com/photo-1590362891991-f776e747a588?w=800', 600000, 3800000, 2000000, N'Hồ Chí Minh', N'Vietnam', N'Quận 10, TP.HCM', 10.7762, 106.6702, 83, 155, 14.0, 5, 5, 'AUTOMATIC', 'GASOLINE', 520, '1.2L', N'Trắng', '51G-99916', 1, 30, 365, 'AVAILABLE', 4.8, 11, 19, 1, 1, 1, 1, 40000, GETDATE(), GETDATE()),
('VC-17', 'H8I9J0K1-L2M3-4567-HIJK-890123456789', N'Hyundai Tucson 2023 - Xe Nhật Đầm Ấm', N'Hyundai', N'Tucson', 2023, 'SUV', N'Hyundai Tucson 2023 bản xăng đặc biệt nội thất siêu rộng, cốp điện tiện lợi.', 'https://images.unsplash.com/photo-1533473359331-0135ef1b58bf?w=800', 1100000, 7200000, 4000000, N'Hà Nội', N'Vietnam', N'Cầu Giấy, Hà Nội', 21.0313, 105.7981, 156, 185, 10.5, 5, 5, 'AUTOMATIC', 'GASOLINE', 550, '2.0L', N'Đen', '30H-99917', 1, 30, 365, 'AVAILABLE', 4.89, 9, 13, 1, 1, 1, 1, 60000, GETDATE(), GETDATE()),
('VC-18', 'H8I9J0K1-L2M3-4567-HIJK-890123456789', N'Toyota Innova Cross 2024 - Hybrid Đời Mới', N'Toyota', N'Innova', 2024, 'MPV', N'Innova Cross Hybrid siêu êm ái rộng rãi, tiết kiệm xăng đáng kinh ngạc chỉ 5L/100km.', 'https://images.unsplash.com/photo-1590362891991-f776e747a588?w=800', 130000, 850000, 5000000, N'Hà Nội', N'Vietnam', N'Thanh Xuân, Hà Nội', 21.0058, 105.8086, 186, 180, 9.8, 7, 5, 'AUTOMATIC', 'HYBRID', 800, '2.0L Hybrid', N'Xám Bạc', '30H-99918', 1, 30, 365, 'AVAILABLE', 4.95, 4, 8, 1, 1, 1, 1, 80000, GETDATE(), GETDATE()),
('VC-19', 'G7H8I9J0-K1L2-3456-GHIJ-789012345678', N'Porsche Macan 2021 - Siêu Xe Thể Thao SUV', N'Porsche', N'Fortuner', 2021, 'LUXURY', N'Trải nghiệm đẳng cấp với Porsche Macan màu trắng tinh tế, phong cách quý tộc.', 'https://images.unsplash.com/photo-1503376780353-7e6692767b70?w=800', 8000000, 50000000, 50000000, N'Hồ Chí Minh', N'Vietnam', N'Quận 2, TP.HCM', 10.7872, 106.7490, 252, 225, 6.7, 5, 5, 'AUTOMATIC', 'GASOLINE', 480, '2.0L Turbo', N'Trắng', '51G-99919', 1, 30, 365, 'AVAILABLE', 4.98, 2, 4, 1, 1, 1, 1, 300000, GETDATE(), GETDATE()),
('VC-20', 'G7H8I9J0-K1L2-3456-GHIJ-789012345678', N'VinFast VF8 Eco 2023 - Điện Tiện Lợi', N'VinFast', N'VF8', 2023, 'ELECTRIC_CAR', N'VinFast VF8 Eco màu đỏ tươi tắn, tiết kiệm, sạc nhanh pin LFP bền bỉ.', 'https://images.unsplash.com/photo-1563720223185-11003d516935?w=800', 1100000, 7200000, 4000000, N'Hồ Chí Minh', N'Vietnam', N'Quận 1, TP.HCM', 10.7769, 106.7009, 348, 200, 5.9, 5, 5, 'AUTOMATIC', 'ELECTRIC', 400, 'Electric', N'Đỏ', '51G-99920', 1, 30, 365, 'AVAILABLE', 4.85, 9, 15, 1, 1, 1, 1, 70000, GETDATE(), GETDATE());

-- Update details for existing data
UPDATE vehicles SET vehicle_type = 'CAR', engine_cc = NULL, has_chauffeur = 0, airport_delivery = 1, wedding_rental = 0, business_rental = 1 WHERE category <> 'MOTORBIKE';
UPDATE vehicles SET vehicle_type = 'MOTORBIKE', engine_cc = 150, has_helmet = 1, has_phone_holder = 1, has_raincoat = 1 WHERE category = 'MOTORBIKE';

-- Update details for newly seeded motorbikes
UPDATE vehicles SET vehicle_type = 'MOTORBIKE', engine_cc = 110, has_helmet = 1, has_phone_holder = 1, has_raincoat = 1 WHERE id IN ('VM-01', 'VM-02', 'VM-03');
UPDATE vehicles SET vehicle_type = 'MOTORBIKE', engine_cc = 125, has_helmet = 1, has_phone_holder = 1, has_raincoat = 1 WHERE id IN ('VM-04', 'VM-08', 'VM-09', 'VM-10', 'VM-12');
UPDATE vehicles SET vehicle_type = 'MOTORBIKE', engine_cc = 160, has_helmet = 1, has_phone_holder = 1, has_raincoat = 1 WHERE id IN ('VM-05');
UPDATE vehicles SET vehicle_type = 'MOTORBIKE', engine_cc = 155, has_helmet = 1, has_phone_holder = 1, has_raincoat = 1 WHERE id IN ('VM-06');
UPDATE vehicles SET vehicle_type = 'MOTORBIKE', engine_cc = NULL, has_helmet = 1, has_phone_holder = 1, has_raincoat = 1, has_touring_package = 0 WHERE id IN ('VM-07', 'VM-13', 'VM-14');
UPDATE vehicles SET vehicle_type = 'MOTORBIKE', engine_cc = 110, has_helmet = 1, has_phone_holder = 0, has_raincoat = 1 WHERE id IN ('VM-11');
UPDATE vehicles SET vehicle_type = 'MOTORBIKE', engine_cc = 300, has_helmet = 1, has_phone_holder = 1, has_raincoat = 1, has_touring_package = 1 WHERE id IN ('VM-15');

-- Update details for newly seeded cars
UPDATE vehicles SET vehicle_type = 'CAR', engine_cc = NULL, has_chauffeur = 0, airport_delivery = 1, wedding_rental = 0, business_rental = 0 WHERE id IN ('VC-01', 'VC-02', 'VC-03', 'VC-06', 'VC-07', 'VC-08', 'VC-09', 'VC-10', 'VC-11', 'VC-12', 'VC-15', 'VC-16', 'VC-17', 'VC-18', 'VC-20');
UPDATE vehicles SET vehicle_type = 'CAR', engine_cc = NULL, has_chauffeur = 0, airport_delivery = 1, wedding_rental = 0, business_rental = 1 WHERE id IN ('VC-04', 'VC-05');
UPDATE vehicles SET vehicle_type = 'CAR', engine_cc = NULL, has_chauffeur = 1, airport_delivery = 1, wedding_rental = 1, business_rental = 1 WHERE id IN ('VC-13', 'VC-14', 'VC-19');

-- Update article counts in categories
UPDATE dbo.help_categories SET article_count = (
    SELECT COUNT(*) FROM dbo.help_articles ha WHERE ha.category_id = help_categories.id AND ha.is_published = 1
);

-- Success message
PRINT 'LuxeWay sample data has been successfully inserted!';
PRINT 'Total Users: 8 (1 Admin, 3 Customers, 2 Individual Owners, 2 Business Owners)';
PRINT 'Total Vehicles: 12 (Various categories from Economy to Luxury)';
PRINT 'Total Vehicle Images: 12';
PRINT 'Total Vehicle Features: 25';
PRINT 'Total System Settings: 8';
PRINT 'Total Coupons: 5';
PRINT 'Total Bookings: 3';
PRINT 'Total Reviews: 3';
PRINT 'Total FAQs: 6';
PRINT 'Total Help Categories: 8';
PRINT 'Total Help Articles: 15';
PRINT '';
PRINT 'Test Accounts:';
PRINT 'Admin: admin@luxeway.vn / password';
PRINT 'Customer: nguyen.van.a@gmail.com / password';
PRINT 'Owner: pham.minh.d@gmail.com / password';
PRINT 'Business: contact@saigoncarrental.vn / password';
PRINT '';
PRINT 'Ready to start LuxeWay backend development! 🚗✨';

-- ============================================================
-- LUXEWAY ECOSYSTEM SEED DATA (Bounded Contexts)
-- ============================================================

-- Motorbike Brands
INSERT INTO motorbike_brands (id, name, country, logo_url, is_active) VALUES
('MB-1', 'Honda', 'Japan', 'https://www.honda.com.vn/logo-bike.png', 1),
('MB-2', 'Yamaha', 'Japan', 'https://www.yamaha.com.vn/logo-bike.png', 1),
('MB-3', 'VinFast', 'Vietnam', 'https://vinfastauto.com/logo-bike.png', 1);

-- Motorbike Models
INSERT INTO motorbike_models (id, brand_id, name, category) VALUES
('MM-1', 'MB-1', 'Vision', 'SCOOTER'),
('MM-2', 'MB-1', 'Air Blade', 'SCOOTER'),
('MM-3', 'MB-2', 'Exciter 155', 'MANUAL_MOTORCYCLE'),
('MM-4', 'MB-3', 'Evo200', 'ELECTRIC_BIKE');

-- Motorbikes
INSERT INTO motorbikes (id, model_id, owner_id, name, license_plate, price_per_day, deposit, status, rating, total_reviews, total_bookings, is_verified, is_featured) VALUES
('BIKE-1', 'MM-1', 'E5F6G7H8-I9J0-1234-EFGH-567890123456', 'Honda Vision 2023 Standard', '29Y-123.45', 150000, 2000000, 'AVAILABLE', 4.7, 0, 0, 1, 1),
('BIKE-2', 'MM-2', 'E5F6G7H8-I9J0-1234-EFGH-567890123456', 'Honda Air Blade 125cc Special', '29Y-678.90', 200000, 2000000, 'AVAILABLE', 4.9, 0, 0, 1, 1),
('BIKE-3', 'MM-4', 'E5F6G7H8-I9J0-1234-EFGH-567890123456', 'VinFast Evo200 Lite Electric', '29E-555.55', 120000, 1500000, 'AVAILABLE', 4.5, 0, 0, 1, 0);

-- Motorbike Specs
INSERT INTO motorbike_specifications (id, motorbike_id, engine_cc, transmission, helmet_included, raincoat_included, phone_holder, luggage_rack) VALUES
('MBS-1', 'BIKE-1', 110, 'AUTOMATIC', 1, 1, 1, 0),
('MBS-2', 'BIKE-2', 125, 'AUTOMATIC', 1, 1, 1, 1),
('MBS-3', 'BIKE-3', 0, 'AUTOMATIC', 1, 1, 0, 0);

-- Motorbike Locations
INSERT INTO motorbike_locations (id, motorbike_id, city, address, latitude, longitude) VALUES
('MBL-1', 'BIKE-1', 'Ha Noi', 'Hoan Kiem, Ha Noi', 21.0285, 105.8542),
('MBL-2', 'BIKE-2', 'Ha Noi', 'Dong Da, Ha Noi', 21.0185, 105.8242),
('MBL-3', 'BIKE-3', 'Ha Noi', 'Ba Dinh, Ha Noi', 21.0385, 105.8342);

-- Motorbike Images
INSERT INTO motorbike_images (id, motorbike_id, url, is_primary, sort_order) VALUES
('MBI-1', 'BIKE-1', 'https://images.unsplash.com/photo-1558981806-ec527fa84c39?q=80&w=800&auto=format&fit=crop', 1, 0),
('MBI-2', 'BIKE-2', 'https://images.unsplash.com/photo-1568772585407-9361f9bf3a87?q=80&w=800&auto=format&fit=crop', 1, 0),
('MBI-3', 'BIKE-3', 'https://images.unsplash.com/photo-1485965120184-e220f721d03e?q=80&w=800&auto=format&fit=crop', 1, 0);

PRINT 'LuxeWay separate ecosystems seed data successfully inserted!';

-- ============================================================
-- AI PREDICTIVE ANALYTICS SEED DATA - FULL ECOSYSTEM (FIXED v2)
-- ============================================================

INSERT INTO car_bookings (id, car_id, renter_id, owner_id, status, start_date, end_date, total_days, price_per_day, base_price, service_fee, taxes, total, deposit, include_insurance, has_chauffeur, airport_delivery, wedding_package, business_package, created_at) VALUES ('2e0bd701-f669-4ba0-95fb-20c4836b8204', 'CAR-007', 'D4E5F6G7-H8I9-0123-DEFG-456789012345', 'G7H8I9J0-K1L2-3456-GHIJ-789012345678', 'CANCELLED', '2023-08-14', '2023-08-17', 3, 1800000, 5400000, 540000.0, 432000.0, 6372000.0, 3600000, 0, 0, 0, 0, 0, '2023-08-06 00:00:00');
INSERT INTO car_booking_history (id, booking_id, status, changed_at) VALUES ('1d50b1d6-9738-405d-9fb0-9fa8f43e60f1', '2e0bd701-f669-4ba0-95fb-20c4836b8204', 'PENDING', '2023-08-06 00:00:00');
INSERT INTO car_booking_history (id, booking_id, status, changed_at) VALUES ('c10941d7-710f-426c-88e6-dc1e211cfebc', '2e0bd701-f669-4ba0-95fb-20c4836b8204', 'CANCELLED', '2023-08-06 02:00:00');
INSERT INTO car_bookings (id, car_id, renter_id, owner_id, status, start_date, end_date, total_days, price_per_day, base_price, service_fee, taxes, total, deposit, include_insurance, has_chauffeur, airport_delivery, wedding_package, business_package, created_at) VALUES ('65855118-d058-4731-85af-0f2d8d4ef83e', 'CAR-004', 'C3D4E5F6-G7H8-9012-CDEF-345678901234', 'F6G7H8I9-J0K1-2345-FGHI-678901234567', 'COMPLETED', '2023-04-27', '2023-05-04', 7, 2500000, 17500000, 1750000.0, 1400000.0, 20650000.0, 5000000, 0, 0, 0, 0, 0, '2023-04-21 00:00:00');
INSERT INTO car_booking_history (id, booking_id, status, changed_at) VALUES ('70f20d63-412b-4a5e-b473-9f109b99064f', '65855118-d058-4731-85af-0f2d8d4ef83e', 'PENDING', '2023-04-21 00:00:00');
INSERT INTO car_booking_history (id, booking_id, status, changed_at) VALUES ('2444ea38-e753-45af-b7d7-970584f27811', '65855118-d058-4731-85af-0f2d8d4ef83e', 'COMPLETED', '2023-04-21 02:00:00');
INSERT INTO car_bookings (id, car_id, renter_id, owner_id, status, start_date, end_date, total_days, price_per_day, base_price, service_fee, taxes, total, deposit, include_insurance, has_chauffeur, airport_delivery, wedding_package, business_package, created_at) VALUES ('d0926723-4d5b-4263-a9c4-f2019f07bf64', 'CAR-002', 'D4E5F6G7-H8I9-0123-DEFG-456789012345', 'E5F6G7H8-I9J0-1234-EFGH-567890123456', 'COMPLETED', '2024-05-12', '2024-05-16', 4, 750000, 3000000, 300000.0, 240000.0, 3540000.0, 1500000, 0, 0, 0, 0, 0, '2024-04-30 00:00:00');
INSERT INTO car_booking_history (id, booking_id, status, changed_at) VALUES ('c6855c6d-281a-4ef8-9706-c8e649ee6379', 'd0926723-4d5b-4263-a9c4-f2019f07bf64', 'PENDING', '2024-04-30 00:00:00');
INSERT INTO car_booking_history (id, booking_id, status, changed_at) VALUES ('64ea44b7-93b9-4201-9a09-fa2fa8600b4c', 'd0926723-4d5b-4263-a9c4-f2019f07bf64', 'COMPLETED', '2024-04-30 02:00:00');
INSERT INTO car_bookings (id, car_id, renter_id, owner_id, status, start_date, end_date, total_days, price_per_day, base_price, service_fee, taxes, total, deposit, include_insurance, has_chauffeur, airport_delivery, wedding_package, business_package, created_at) VALUES ('f317f6e5-301e-48be-b75d-c427d4fda656', 'CAR-003', 'C3D4E5F6-G7H8-9012-CDEF-345678901234', 'E5F6G7H8-I9J0-1234-EFGH-567890123456', 'COMPLETED', '2023-01-06', '2023-01-14', 8, 950000, 7600000, 760000.0, 608000.0, 8968000.0, 1900000, 0, 0, 0, 0, 0, '2023-01-02 00:00:00');
INSERT INTO car_booking_history (id, booking_id, status, changed_at) VALUES ('4449dc30-d2a4-4b76-a1e0-369fe402c09e', 'f317f6e5-301e-48be-b75d-c427d4fda656', 'PENDING', '2023-01-02 00:00:00');
INSERT INTO car_booking_history (id, booking_id, status, changed_at) VALUES ('017070ca-93b8-4897-bd7f-975dbe121ac9', 'f317f6e5-301e-48be-b75d-c427d4fda656', 'COMPLETED', '2023-01-02 02:00:00');
INSERT INTO car_bookings (id, car_id, renter_id, owner_id, status, start_date, end_date, total_days, price_per_day, base_price, service_fee, taxes, total, deposit, include_insurance, has_chauffeur, airport_delivery, wedding_package, business_package, created_at) VALUES ('795212df-c4d3-4f13-a39c-660a6c1c896d', 'CAR-001', 'C3D4E5F6-G7H8-9012-CDEF-345678901234', 'E5F6G7H8-I9J0-1234-EFGH-567890123456', 'COMPLETED', '2023-02-16', '2023-02-22', 6, 800000, 4800000, 480000.0, 384000.0, 5664000.0, 1600000, 0, 0, 0, 0, 0, '2023-02-09 00:00:00');
INSERT INTO car_booking_history (id, booking_id, status, changed_at) VALUES ('3924b1e5-e8e0-4732-8d4b-92288fd6a313', '795212df-c4d3-4f13-a39c-660a6c1c896d', 'PENDING', '2023-02-09 00:00:00');
INSERT INTO car_booking_history (id, booking_id, status, changed_at) VALUES ('8a22d4fa-3108-4835-bf31-375da7e68f48', '795212df-c4d3-4f13-a39c-660a6c1c896d', 'COMPLETED', '2023-02-09 02:00:00');
INSERT INTO car_bookings (id, car_id, renter_id, owner_id, status, start_date, end_date, total_days, price_per_day, base_price, service_fee, taxes, total, deposit, include_insurance, has_chauffeur, airport_delivery, wedding_package, business_package, created_at) VALUES ('c21af62f-7176-44b4-b59a-312f8ad46e7f', 'CAR-002', 'D4E5F6G7-H8I9-0123-DEFG-456789012345', 'E5F6G7H8-I9J0-1234-EFGH-567890123456', 'COMPLETED', '2023-04-10', '2023-04-20', 10, 750000, 7500000, 750000.0, 600000.0, 8850000.0, 1500000, 0, 0, 0, 0, 0, '2023-04-02 00:00:00');
INSERT INTO car_booking_history (id, booking_id, status, changed_at) VALUES ('9b5bdc3d-d7ed-451c-9590-49225cf12bb7', 'c21af62f-7176-44b4-b59a-312f8ad46e7f', 'PENDING', '2023-04-02 00:00:00');
INSERT INTO car_booking_history (id, booking_id, status, changed_at) VALUES ('39903c47-e5df-4d5d-9fec-3216b0f1efc8', 'c21af62f-7176-44b4-b59a-312f8ad46e7f', 'COMPLETED', '2023-04-02 02:00:00');
INSERT INTO car_bookings (id, car_id, renter_id, owner_id, status, start_date, end_date, total_days, price_per_day, base_price, service_fee, taxes, total, deposit, include_insurance, has_chauffeur, airport_delivery, wedding_package, business_package, created_at) VALUES ('69aa97b1-8ee3-465f-a64b-a571261c806e', 'CAR-003', 'D4E5F6G7-H8I9-0123-DEFG-456789012345', 'E5F6G7H8-I9J0-1234-EFGH-567890123456', 'COMPLETED', '2023-05-12', '2023-05-22', 10, 950000, 9500000, 950000.0, 760000.0, 11210000.0, 1900000, 0, 0, 0, 0, 0, '2023-05-06 00:00:00');
INSERT INTO car_booking_history (id, booking_id, status, changed_at) VALUES ('d785041f-063c-449b-a6a4-9dee7011ffce', '69aa97b1-8ee3-465f-a64b-a571261c806e', 'PENDING', '2023-05-06 00:00:00');
INSERT INTO car_booking_history (id, booking_id, status, changed_at) VALUES ('fb91e97a-de28-449c-86ee-c0cda0779632', '69aa97b1-8ee3-465f-a64b-a571261c806e', 'COMPLETED', '2023-05-06 02:00:00');
INSERT INTO car_bookings (id, car_id, renter_id, owner_id, status, start_date, end_date, total_days, price_per_day, base_price, service_fee, taxes, total, deposit, include_insurance, has_chauffeur, airport_delivery, wedding_package, business_package, created_at) VALUES ('5ff632bf-a5b4-40a0-9f95-c549bf4395f7', 'CAR-004', 'C3D4E5F6-G7H8-9012-CDEF-345678901234', 'F6G7H8I9-J0K1-2345-FGHI-678901234567', 'COMPLETED', '2023-05-03', '2023-05-06', 3, 2500000, 7500000, 750000.0, 600000.0, 8850000.0, 5000000, 0, 0, 0, 0, 0, '2023-04-24 00:00:00');
INSERT INTO car_booking_history (id, booking_id, status, changed_at) VALUES ('fb94869b-4b15-4e93-af64-521f7e1d057a', '5ff632bf-a5b4-40a0-9f95-c549bf4395f7', 'PENDING', '2023-04-24 00:00:00');
INSERT INTO car_booking_history (id, booking_id, status, changed_at) VALUES ('f389e9b3-16f7-43ea-bad7-545b53dcd14e', '5ff632bf-a5b4-40a0-9f95-c549bf4395f7', 'COMPLETED', '2023-04-24 02:00:00');
INSERT INTO car_bookings (id, car_id, renter_id, owner_id, status, start_date, end_date, total_days, price_per_day, base_price, service_fee, taxes, total, deposit, include_insurance, has_chauffeur, airport_delivery, wedding_package, business_package, created_at) VALUES ('969d57e1-7bee-4081-b150-e09e664ecc16', 'CAR-007', 'B2C3D4E5-F6G7-8901-BCDE-234567890123', 'G7H8I9J0-K1L2-3456-GHIJ-789012345678', 'COMPLETED', '2023-04-22', '2023-04-30', 8, 1800000, 14400000, 1440000.0, 1152000.0, 16992000.0, 3600000, 0, 0, 0, 0, 0, '2023-04-14 00:00:00');
INSERT INTO car_booking_history (id, booking_id, status, changed_at) VALUES ('63358d90-a6db-47dc-bd7c-09a420009d8a', '969d57e1-7bee-4081-b150-e09e664ecc16', 'PENDING', '2023-04-14 00:00:00');
INSERT INTO car_booking_history (id, booking_id, status, changed_at) VALUES ('c42515a1-7586-45da-a3c6-f487b4b8d9a5', '969d57e1-7bee-4081-b150-e09e664ecc16', 'COMPLETED', '2023-04-14 02:00:00');
INSERT INTO car_bookings (id, car_id, renter_id, owner_id, status, start_date, end_date, total_days, price_per_day, base_price, service_fee, taxes, total, deposit, include_insurance, has_chauffeur, airport_delivery, wedding_package, business_package, created_at) VALUES ('9489bb32-b08b-4338-840a-4a38ed86c86c', 'CAR-004', 'B2C3D4E5-F6G7-8901-BCDE-234567890123', 'F6G7H8I9-J0K1-2345-FGHI-678901234567', 'COMPLETED', '2023-03-18', '2023-03-19', 1, 2500000, 2500000, 250000.0, 200000.0, 2950000.0, 5000000, 0, 0, 0, 0, 0, '2023-03-17 00:00:00');
INSERT INTO car_booking_history (id, booking_id, status, changed_at) VALUES ('3972f7dc-6412-4d3c-b562-6800a40d323a', '9489bb32-b08b-4338-840a-4a38ed86c86c', 'PENDING', '2023-03-17 00:00:00');
INSERT INTO car_booking_history (id, booking_id, status, changed_at) VALUES ('8a807c59-da1e-4c41-9f44-70d9f56359d7', '9489bb32-b08b-4338-840a-4a38ed86c86c', 'COMPLETED', '2023-03-17 02:00:00');
INSERT INTO car_bookings (id, car_id, renter_id, owner_id, status, start_date, end_date, total_days, price_per_day, base_price, service_fee, taxes, total, deposit, include_insurance, has_chauffeur, airport_delivery, wedding_package, business_package, created_at) VALUES ('1194b309-3394-40a7-a6b1-654e12f15181', 'CAR-002', 'C3D4E5F6-G7H8-9012-CDEF-345678901234', 'E5F6G7H8-I9J0-1234-EFGH-567890123456', 'COMPLETED', '2023-06-26', '2023-07-02', 6, 750000, 4500000, 450000.0, 360000.0, 5310000.0, 1500000, 0, 0, 0, 0, 0, '2023-06-23 00:00:00');
INSERT INTO car_booking_history (id, booking_id, status, changed_at) VALUES ('7b5ea3c2-0008-4b01-847a-692ccb2a8497', '1194b309-3394-40a7-a6b1-654e12f15181', 'PENDING', '2023-06-23 00:00:00');
INSERT INTO car_booking_history (id, booking_id, status, changed_at) VALUES ('61f9ebdc-1f39-4693-91cf-10340da02d22', '1194b309-3394-40a7-a6b1-654e12f15181', 'COMPLETED', '2023-06-23 02:00:00');
INSERT INTO car_bookings (id, car_id, renter_id, owner_id, status, start_date, end_date, total_days, price_per_day, base_price, service_fee, taxes, total, deposit, include_insurance, has_chauffeur, airport_delivery, wedding_package, business_package, created_at) VALUES ('6c47a83a-2abf-4bc3-a2c4-4cec426e99e3', 'CAR-002', 'B2C3D4E5-F6G7-8901-BCDE-234567890123', 'E5F6G7H8-I9J0-1234-EFGH-567890123456', 'COMPLETED', '2023-01-17', '2023-01-19', 2, 750000, 1500000, 150000.0, 120000.0, 1770000.0, 1500000, 0, 0, 0, 0, 0, '2023-01-16 00:00:00');
INSERT INTO car_booking_history (id, booking_id, status, changed_at) VALUES ('c7bc9aca-447f-44f8-beb9-d9cfa4fd5578', '6c47a83a-2abf-4bc3-a2c4-4cec426e99e3', 'PENDING', '2023-01-16 00:00:00');
INSERT INTO car_booking_history (id, booking_id, status, changed_at) VALUES ('8ccd7bd8-382a-44f7-aac1-1a0afce7bd8c', '6c47a83a-2abf-4bc3-a2c4-4cec426e99e3', 'COMPLETED', '2023-01-16 02:00:00');
INSERT INTO car_bookings (id, car_id, renter_id, owner_id, status, start_date, end_date, total_days, price_per_day, base_price, service_fee, taxes, total, deposit, include_insurance, has_chauffeur, airport_delivery, wedding_package, business_package, created_at) VALUES ('56ef7a92-fae5-4b5b-9ce3-0fb9870baf4b', 'CAR-001', 'C3D4E5F6-G7H8-9012-CDEF-345678901234', 'E5F6G7H8-I9J0-1234-EFGH-567890123456', 'COMPLETED', '2024-01-12', '2024-01-16', 4, 800000, 3200000, 320000.0, 256000.0, 3776000.0, 1600000, 0, 0, 0, 0, 0, '2024-01-09 00:00:00');
INSERT INTO car_booking_history (id, booking_id, status, changed_at) VALUES ('7bcc04f3-e621-4371-b7b7-06f2797082cc', '56ef7a92-fae5-4b5b-9ce3-0fb9870baf4b', 'PENDING', '2024-01-09 00:00:00');
INSERT INTO car_booking_history (id, booking_id, status, changed_at) VALUES ('51a77a04-e004-45d7-94ed-0d8422e9a966', '56ef7a92-fae5-4b5b-9ce3-0fb9870baf4b', 'COMPLETED', '2024-01-09 02:00:00');
INSERT INTO car_bookings (id, car_id, renter_id, owner_id, status, start_date, end_date, total_days, price_per_day, base_price, service_fee, taxes, total, deposit, include_insurance, has_chauffeur, airport_delivery, wedding_package, business_package, created_at) VALUES ('2f1fb15b-7acc-43e1-9792-9cc8036f7d83', 'CAR-007', 'B2C3D4E5-F6G7-8901-BCDE-234567890123', 'G7H8I9J0-K1L2-3456-GHIJ-789012345678', 'COMPLETED', '2023-04-01', '2023-04-10', 9, 1800000, 16200000, 1620000.0, 1296000.0, 19116000.0, 3600000, 0, 0, 0, 0, 0, '2023-03-24 00:00:00');
INSERT INTO car_booking_history (id, booking_id, status, changed_at) VALUES ('24ec4ad9-5ada-41e2-8076-c3a967cc1bb0', '2f1fb15b-7acc-43e1-9792-9cc8036f7d83', 'PENDING', '2023-03-24 00:00:00');
INSERT INTO car_booking_history (id, booking_id, status, changed_at) VALUES ('2abf16b5-7ae5-4fa3-99ba-09f2cbeda6a6', '2f1fb15b-7acc-43e1-9792-9cc8036f7d83', 'COMPLETED', '2023-03-24 02:00:00');
INSERT INTO car_bookings (id, car_id, renter_id, owner_id, status, start_date, end_date, total_days, price_per_day, base_price, service_fee, taxes, total, deposit, include_insurance, has_chauffeur, airport_delivery, wedding_package, business_package, created_at) VALUES ('59036456-14c5-4abf-a820-2bcb276b7f3f', 'CAR-002', 'C3D4E5F6-G7H8-9012-CDEF-345678901234', 'E5F6G7H8-I9J0-1234-EFGH-567890123456', 'COMPLETED', '2023-08-21', '2023-08-31', 10, 750000, 7500000, 750000.0, 600000.0, 8850000.0, 1500000, 0, 0, 0, 0, 0, '2023-08-13 00:00:00');
INSERT INTO car_booking_history (id, booking_id, status, changed_at) VALUES ('cb056e71-6e95-40e7-918a-7e4b161120e3', '59036456-14c5-4abf-a820-2bcb276b7f3f', 'PENDING', '2023-08-13 00:00:00');
INSERT INTO car_booking_history (id, booking_id, status, changed_at) VALUES ('c4ccf11e-f432-415f-a4d1-a93c98cd8ce9', '59036456-14c5-4abf-a820-2bcb276b7f3f', 'COMPLETED', '2023-08-13 02:00:00');
INSERT INTO car_bookings (id, car_id, renter_id, owner_id, status, start_date, end_date, total_days, price_per_day, base_price, service_fee, taxes, total, deposit, include_insurance, has_chauffeur, airport_delivery, wedding_package, business_package, created_at) VALUES ('9966df57-3210-48c0-b64b-4a1ccf8c7045', 'CAR-007', 'C3D4E5F6-G7H8-9012-CDEF-345678901234', 'G7H8I9J0-K1L2-3456-GHIJ-789012345678', 'COMPLETED', '2023-03-14', '2023-03-19', 5, 1800000, 9000000, 900000.0, 720000.0, 10620000.0, 3600000, 0, 0, 0, 0, 0, '2023-03-05 00:00:00');
INSERT INTO car_booking_history (id, booking_id, status, changed_at) VALUES ('37e8192b-8a38-4e3d-ab9c-3483c55e933b', '9966df57-3210-48c0-b64b-4a1ccf8c7045', 'PENDING', '2023-03-05 00:00:00');
INSERT INTO car_booking_history (id, booking_id, status, changed_at) VALUES ('bd11798a-7712-4604-b9f4-e0b18c362063', '9966df57-3210-48c0-b64b-4a1ccf8c7045', 'COMPLETED', '2023-03-05 02:00:00');
INSERT INTO car_bookings (id, car_id, renter_id, owner_id, status, start_date, end_date, total_days, price_per_day, base_price, service_fee, taxes, total, deposit, include_insurance, has_chauffeur, airport_delivery, wedding_package, business_package, created_at) VALUES ('646d3cb4-3f73-4dab-a781-b6c1030c58b2', 'CAR-007', 'B2C3D4E5-F6G7-8901-BCDE-234567890123', 'G7H8I9J0-K1L2-3456-GHIJ-789012345678', 'COMPLETED', '2024-04-20', '2024-04-27', 7, 1800000, 12600000, 1260000.0, 1008000.0, 14868000.0, 3600000, 0, 0, 0, 0, 0, '2024-04-16 00:00:00');
INSERT INTO car_booking_history (id, booking_id, status, changed_at) VALUES ('e3c4bbeb-eaf3-4a27-84f8-a17b8b177544', '646d3cb4-3f73-4dab-a781-b6c1030c58b2', 'PENDING', '2024-04-16 00:00:00');
INSERT INTO car_booking_history (id, booking_id, status, changed_at) VALUES ('2d6563dd-52cd-4830-87cf-ea35623c75a2', '646d3cb4-3f73-4dab-a781-b6c1030c58b2', 'COMPLETED', '2024-04-16 02:00:00');
INSERT INTO car_bookings (id, car_id, renter_id, owner_id, status, start_date, end_date, total_days, price_per_day, base_price, service_fee, taxes, total, deposit, include_insurance, has_chauffeur, airport_delivery, wedding_package, business_package, created_at) VALUES ('217c90d8-7d6e-4635-bdc8-9fdf9b9308f6', 'CAR-002', 'C3D4E5F6-G7H8-9012-CDEF-345678901234', 'E5F6G7H8-I9J0-1234-EFGH-567890123456', 'COMPLETED', '2023-02-21', '2023-02-27', 6, 750000, 4500000, 450000.0, 360000.0, 5310000.0, 1500000, 0, 0, 0, 0, 0, '2023-02-13 00:00:00');
INSERT INTO car_booking_history (id, booking_id, status, changed_at) VALUES ('4f795c72-dd5e-4663-8215-4b7cb60b91e9', '217c90d8-7d6e-4635-bdc8-9fdf9b9308f6', 'PENDING', '2023-02-13 00:00:00');
INSERT INTO car_booking_history (id, booking_id, status, changed_at) VALUES ('760143d1-d549-4e5f-9eba-ee6d37d07749', '217c90d8-7d6e-4635-bdc8-9fdf9b9308f6', 'COMPLETED', '2023-02-13 02:00:00');
INSERT INTO car_bookings (id, car_id, renter_id, owner_id, status, start_date, end_date, total_days, price_per_day, base_price, service_fee, taxes, total, deposit, include_insurance, has_chauffeur, airport_delivery, wedding_package, business_package, created_at) VALUES ('d65465d0-8927-4ced-8f1b-f06ebefbf6b4', 'CAR-004', 'C3D4E5F6-G7H8-9012-CDEF-345678901234', 'F6G7H8I9-J0K1-2345-FGHI-678901234567', 'COMPLETED', '2023-12-13', '2023-12-16', 3, 2500000, 7500000, 750000.0, 600000.0, 8850000.0, 5000000, 0, 0, 0, 0, 0, '2023-12-03 00:00:00');
INSERT INTO car_booking_history (id, booking_id, status, changed_at) VALUES ('de4f6986-fd89-4c01-9064-b7df06aa4679', 'd65465d0-8927-4ced-8f1b-f06ebefbf6b4', 'PENDING', '2023-12-03 00:00:00');
INSERT INTO car_booking_history (id, booking_id, status, changed_at) VALUES ('bf12fa0c-6aba-44e9-91dd-187cc13a8340', 'd65465d0-8927-4ced-8f1b-f06ebefbf6b4', 'COMPLETED', '2023-12-03 02:00:00');
INSERT INTO car_bookings (id, car_id, renter_id, owner_id, status, start_date, end_date, total_days, price_per_day, base_price, service_fee, taxes, total, deposit, include_insurance, has_chauffeur, airport_delivery, wedding_package, business_package, created_at) VALUES ('37044efc-2189-4e77-bff4-ddb2326e3f8f', 'CAR-003', 'D4E5F6G7-H8I9-0123-DEFG-456789012345', 'E5F6G7H8-I9J0-1234-EFGH-567890123456', 'COMPLETED', '2023-04-24', '2023-04-29', 5, 950000, 4750000, 475000.0, 380000.0, 5605000.0, 1900000, 0, 0, 0, 0, 0, '2023-04-18 00:00:00');
INSERT INTO car_booking_history (id, booking_id, status, changed_at) VALUES ('1d29961b-9bb0-41e8-9cb8-71501183e7fa', '37044efc-2189-4e77-bff4-ddb2326e3f8f', 'PENDING', '2023-04-18 00:00:00');
INSERT INTO car_booking_history (id, booking_id, status, changed_at) VALUES ('185749cc-2fcb-4374-8052-99e4b303bd5b', '37044efc-2189-4e77-bff4-ddb2326e3f8f', 'COMPLETED', '2023-04-18 02:00:00');
INSERT INTO car_bookings (id, car_id, renter_id, owner_id, status, start_date, end_date, total_days, price_per_day, base_price, service_fee, taxes, total, deposit, include_insurance, has_chauffeur, airport_delivery, wedding_package, business_package, created_at) VALUES ('fced01ed-fc56-47a4-81c8-994c3a13470a', 'CAR-001', 'B2C3D4E5-F6G7-8901-BCDE-234567890123', 'E5F6G7H8-I9J0-1234-EFGH-567890123456', 'CANCELLED', '2023-10-18', '2023-10-25', 7, 800000, 5600000, 560000.0, 448000.0, 6608000.0, 1600000, 0, 0, 0, 0, 0, '2023-10-11 00:00:00');
INSERT INTO car_booking_history (id, booking_id, status, changed_at) VALUES ('465ada6b-c4b2-4eb2-b4de-a589195b8dbb', 'fced01ed-fc56-47a4-81c8-994c3a13470a', 'PENDING', '2023-10-11 00:00:00');
INSERT INTO car_booking_history (id, booking_id, status, changed_at) VALUES ('c962c848-ecaa-4de4-8794-e16db04fadc1', 'fced01ed-fc56-47a4-81c8-994c3a13470a', 'CANCELLED', '2023-10-11 02:00:00');
INSERT INTO car_bookings (id, car_id, renter_id, owner_id, status, start_date, end_date, total_days, price_per_day, base_price, service_fee, taxes, total, deposit, include_insurance, has_chauffeur, airport_delivery, wedding_package, business_package, created_at) VALUES ('cbf9e102-5556-4a1a-af44-708fba850cf9', 'CAR-001', 'D4E5F6G7-H8I9-0123-DEFG-456789012345', 'E5F6G7H8-I9J0-1234-EFGH-567890123456', 'COMPLETED', '2023-10-05', '2023-10-06', 1, 800000, 800000, 80000.0, 64000.0, 944000.0, 1600000, 0, 0, 0, 0, 0, '2023-09-24 00:00:00');
INSERT INTO car_booking_history (id, booking_id, status, changed_at) VALUES ('4ed3fc91-5903-452b-b624-3357aa1edd46', 'cbf9e102-5556-4a1a-af44-708fba850cf9', 'PENDING', '2023-09-24 00:00:00');
INSERT INTO car_booking_history (id, booking_id, status, changed_at) VALUES ('ade9ce28-2890-4474-9f3a-22371385bc77', 'cbf9e102-5556-4a1a-af44-708fba850cf9', 'COMPLETED', '2023-09-24 02:00:00');
INSERT INTO car_bookings (id, car_id, renter_id, owner_id, status, start_date, end_date, total_days, price_per_day, base_price, service_fee, taxes, total, deposit, include_insurance, has_chauffeur, airport_delivery, wedding_package, business_package, created_at) VALUES ('e22f50e9-97d7-4041-8076-40624eee68c7', 'CAR-003', 'C3D4E5F6-G7H8-9012-CDEF-345678901234', 'E5F6G7H8-I9J0-1234-EFGH-567890123456', 'CANCELLED', '2023-03-04', '2023-03-10', 6, 950000, 5700000, 570000.0, 456000.0, 6726000.0, 1900000, 0, 0, 0, 0, 0, '2023-02-20 00:00:00');
INSERT INTO car_booking_history (id, booking_id, status, changed_at) VALUES ('b27c658e-b8b5-41b2-b6d1-d499983a3525', 'e22f50e9-97d7-4041-8076-40624eee68c7', 'PENDING', '2023-02-20 00:00:00');
INSERT INTO car_booking_history (id, booking_id, status, changed_at) VALUES ('a9209cd8-cfdd-4e88-ad05-1e4fffb15cca', 'e22f50e9-97d7-4041-8076-40624eee68c7', 'CANCELLED', '2023-02-20 02:00:00');
INSERT INTO car_bookings (id, car_id, renter_id, owner_id, status, start_date, end_date, total_days, price_per_day, base_price, service_fee, taxes, total, deposit, include_insurance, has_chauffeur, airport_delivery, wedding_package, business_package, created_at) VALUES ('0864b0b8-de92-4301-b935-31a2aa346294', 'CAR-004', 'B2C3D4E5-F6G7-8901-BCDE-234567890123', 'F6G7H8I9-J0K1-2345-FGHI-678901234567', 'COMPLETED', '2023-10-03', '2023-10-07', 4, 2500000, 10000000, 1000000.0, 800000.0, 11800000.0, 5000000, 0, 0, 0, 0, 0, '2023-09-20 00:00:00');
INSERT INTO car_booking_history (id, booking_id, status, changed_at) VALUES ('80788c2d-3400-4605-bd6e-0de0a539dcc5', '0864b0b8-de92-4301-b935-31a2aa346294', 'PENDING', '2023-09-20 00:00:00');
INSERT INTO car_booking_history (id, booking_id, status, changed_at) VALUES ('70b67718-dee0-4b78-ae8a-bd14349c8ea7', '0864b0b8-de92-4301-b935-31a2aa346294', 'COMPLETED', '2023-09-20 02:00:00');
INSERT INTO car_bookings (id, car_id, renter_id, owner_id, status, start_date, end_date, total_days, price_per_day, base_price, service_fee, taxes, total, deposit, include_insurance, has_chauffeur, airport_delivery, wedding_package, business_package, created_at) VALUES ('c91affc5-deda-49ae-b9c0-91e13305dc02', 'CAR-001', 'D4E5F6G7-H8I9-0123-DEFG-456789012345', 'E5F6G7H8-I9J0-1234-EFGH-567890123456', 'COMPLETED', '2024-03-30', '2024-04-06', 7, 800000, 5600000, 560000.0, 448000.0, 6608000.0, 1600000, 0, 0, 0, 0, 0, '2024-03-18 00:00:00');
INSERT INTO car_booking_history (id, booking_id, status, changed_at) VALUES ('24e19e83-5324-48f4-9e1d-b2db40e67a85', 'c91affc5-deda-49ae-b9c0-91e13305dc02', 'PENDING', '2024-03-18 00:00:00');
INSERT INTO car_booking_history (id, booking_id, status, changed_at) VALUES ('eb520de6-b7dc-408b-b366-00bbad188de1', 'c91affc5-deda-49ae-b9c0-91e13305dc02', 'COMPLETED', '2024-03-18 02:00:00');
INSERT INTO car_bookings (id, car_id, renter_id, owner_id, status, start_date, end_date, total_days, price_per_day, base_price, service_fee, taxes, total, deposit, include_insurance, has_chauffeur, airport_delivery, wedding_package, business_package, created_at) VALUES ('db6c2277-05e2-4cd9-a782-441263d1aea9', 'CAR-007', 'D4E5F6G7-H8I9-0123-DEFG-456789012345', 'G7H8I9J0-K1L2-3456-GHIJ-789012345678', 'COMPLETED', '2023-02-22', '2023-02-27', 5, 1800000, 9000000, 900000.0, 720000.0, 10620000.0, 3600000, 0, 0, 0, 0, 0, '2023-02-13 00:00:00');
INSERT INTO car_booking_history (id, booking_id, status, changed_at) VALUES ('cbcb77dd-7abd-448c-8cd7-c32d98df3ee7', 'db6c2277-05e2-4cd9-a782-441263d1aea9', 'PENDING', '2023-02-13 00:00:00');
INSERT INTO car_booking_history (id, booking_id, status, changed_at) VALUES ('aaf83e14-59bb-44e3-9c64-60a1b470f484', 'db6c2277-05e2-4cd9-a782-441263d1aea9', 'COMPLETED', '2023-02-13 02:00:00');
INSERT INTO car_bookings (id, car_id, renter_id, owner_id, status, start_date, end_date, total_days, price_per_day, base_price, service_fee, taxes, total, deposit, include_insurance, has_chauffeur, airport_delivery, wedding_package, business_package, created_at) VALUES ('d25e2130-de76-4e75-85cc-c87522563bbf', 'CAR-003', 'D4E5F6G7-H8I9-0123-DEFG-456789012345', 'E5F6G7H8-I9J0-1234-EFGH-567890123456', 'CANCELLED', '2023-03-03', '2023-03-08', 5, 950000, 4750000, 475000.0, 380000.0, 5605000.0, 1900000, 0, 0, 0, 0, 0, '2023-02-23 00:00:00');
INSERT INTO car_booking_history (id, booking_id, status, changed_at) VALUES ('bdd68378-728c-44ff-81a9-7aab3a2d70b9', 'd25e2130-de76-4e75-85cc-c87522563bbf', 'PENDING', '2023-02-23 00:00:00');
INSERT INTO car_booking_history (id, booking_id, status, changed_at) VALUES ('ed2f9432-4056-4d3e-8154-d7ac7b2b3274', 'd25e2130-de76-4e75-85cc-c87522563bbf', 'CANCELLED', '2023-02-23 02:00:00');
INSERT INTO car_bookings (id, car_id, renter_id, owner_id, status, start_date, end_date, total_days, price_per_day, base_price, service_fee, taxes, total, deposit, include_insurance, has_chauffeur, airport_delivery, wedding_package, business_package, created_at) VALUES ('9d792afc-7498-4818-b051-627ec5c2d6be', 'CAR-007', 'D4E5F6G7-H8I9-0123-DEFG-456789012345', 'G7H8I9J0-K1L2-3456-GHIJ-789012345678', 'COMPLETED', '2024-04-20', '2024-04-26', 6, 1800000, 10800000, 1080000.0, 864000.0, 12744000.0, 3600000, 0, 0, 0, 0, 0, '2024-04-14 00:00:00');
INSERT INTO car_booking_history (id, booking_id, status, changed_at) VALUES ('c2536032-e525-4eb1-a7b3-163a63735eb6', '9d792afc-7498-4818-b051-627ec5c2d6be', 'PENDING', '2024-04-14 00:00:00');
INSERT INTO car_booking_history (id, booking_id, status, changed_at) VALUES ('31166105-d691-47bb-90da-6595cf8ee020', '9d792afc-7498-4818-b051-627ec5c2d6be', 'COMPLETED', '2024-04-14 02:00:00');
INSERT INTO car_bookings (id, car_id, renter_id, owner_id, status, start_date, end_date, total_days, price_per_day, base_price, service_fee, taxes, total, deposit, include_insurance, has_chauffeur, airport_delivery, wedding_package, business_package, created_at) VALUES ('6bb7aab0-059f-4a3a-b111-1b200c28d7a7', 'CAR-007', 'C3D4E5F6-G7H8-9012-CDEF-345678901234', 'G7H8I9J0-K1L2-3456-GHIJ-789012345678', 'COMPLETED', '2024-03-08', '2024-03-18', 10, 1800000, 18000000, 1800000.0, 1440000.0, 21240000.0, 3600000, 0, 0, 0, 0, 0, '2024-03-02 00:00:00');
INSERT INTO car_booking_history (id, booking_id, status, changed_at) VALUES ('dc42804e-0823-4d6a-99fc-b2157f673a03', '6bb7aab0-059f-4a3a-b111-1b200c28d7a7', 'PENDING', '2024-03-02 00:00:00');
INSERT INTO car_booking_history (id, booking_id, status, changed_at) VALUES ('ce892617-c35e-4901-babf-c0264e4647b1', '6bb7aab0-059f-4a3a-b111-1b200c28d7a7', 'COMPLETED', '2024-03-02 02:00:00');
INSERT INTO car_bookings (id, car_id, renter_id, owner_id, status, start_date, end_date, total_days, price_per_day, base_price, service_fee, taxes, total, deposit, include_insurance, has_chauffeur, airport_delivery, wedding_package, business_package, created_at) VALUES ('4941773c-f670-4b77-bcc5-1bd10c8e59ff', 'CAR-002', 'C3D4E5F6-G7H8-9012-CDEF-345678901234', 'E5F6G7H8-I9J0-1234-EFGH-567890123456', 'COMPLETED', '2023-04-08', '2023-04-12', 4, 750000, 3000000, 300000.0, 240000.0, 3540000.0, 1500000, 0, 0, 0, 0, 0, '2023-04-03 00:00:00');
INSERT INTO car_booking_history (id, booking_id, status, changed_at) VALUES ('14613cb3-eab0-4944-98d9-8b631e25ff47', '4941773c-f670-4b77-bcc5-1bd10c8e59ff', 'PENDING', '2023-04-03 00:00:00');
INSERT INTO car_booking_history (id, booking_id, status, changed_at) VALUES ('7d529822-df6c-4353-85eb-931e456ed5d2', '4941773c-f670-4b77-bcc5-1bd10c8e59ff', 'COMPLETED', '2023-04-03 02:00:00');
INSERT INTO car_bookings (id, car_id, renter_id, owner_id, status, start_date, end_date, total_days, price_per_day, base_price, service_fee, taxes, total, deposit, include_insurance, has_chauffeur, airport_delivery, wedding_package, business_package, created_at) VALUES ('3134a7e4-5827-449a-b397-f5e5dedcf459', 'CAR-002', 'B2C3D4E5-F6G7-8901-BCDE-234567890123', 'E5F6G7H8-I9J0-1234-EFGH-567890123456', 'COMPLETED', '2023-05-08', '2023-05-17', 9, 750000, 6750000, 675000.0, 540000.0, 7965000.0, 1500000, 0, 0, 0, 0, 0, '2023-05-02 00:00:00');
INSERT INTO car_booking_history (id, booking_id, status, changed_at) VALUES ('c3674b8f-c5ff-4d62-88bf-4da681116862', '3134a7e4-5827-449a-b397-f5e5dedcf459', 'PENDING', '2023-05-02 00:00:00');
INSERT INTO car_booking_history (id, booking_id, status, changed_at) VALUES ('2d86dabb-a832-4a9b-ad51-0f6d32b07e28', '3134a7e4-5827-449a-b397-f5e5dedcf459', 'COMPLETED', '2023-05-02 02:00:00');
INSERT INTO car_bookings (id, car_id, renter_id, owner_id, status, start_date, end_date, total_days, price_per_day, base_price, service_fee, taxes, total, deposit, include_insurance, has_chauffeur, airport_delivery, wedding_package, business_package, created_at) VALUES ('daccb02a-9517-4e27-bae9-ac0de8beb186', 'CAR-002', 'C3D4E5F6-G7H8-9012-CDEF-345678901234', 'E5F6G7H8-I9J0-1234-EFGH-567890123456', 'COMPLETED', '2023-10-05', '2023-10-13', 8, 750000, 6000000, 600000.0, 480000.0, 7080000.0, 1500000, 0, 0, 0, 0, 0, '2023-09-21 00:00:00');
INSERT INTO car_booking_history (id, booking_id, status, changed_at) VALUES ('2f4430eb-aa7c-419a-878a-94e62978d0fd', 'daccb02a-9517-4e27-bae9-ac0de8beb186', 'PENDING', '2023-09-21 00:00:00');
INSERT INTO car_booking_history (id, booking_id, status, changed_at) VALUES ('7c39bd20-4937-4c8c-b615-77af90ccfb18', 'daccb02a-9517-4e27-bae9-ac0de8beb186', 'COMPLETED', '2023-09-21 02:00:00');
INSERT INTO car_bookings (id, car_id, renter_id, owner_id, status, start_date, end_date, total_days, price_per_day, base_price, service_fee, taxes, total, deposit, include_insurance, has_chauffeur, airport_delivery, wedding_package, business_package, created_at) VALUES ('ed4b9e73-d995-4d73-bf6e-10d4452cded7', 'CAR-007', 'B2C3D4E5-F6G7-8901-BCDE-234567890123', 'G7H8I9J0-K1L2-3456-GHIJ-789012345678', 'COMPLETED', '2023-05-29', '2023-06-02', 4, 1800000, 7200000, 720000.0, 576000.0, 8496000.0, 3600000, 0, 0, 0, 0, 0, '2023-05-15 00:00:00');
INSERT INTO car_booking_history (id, booking_id, status, changed_at) VALUES ('8e10017d-966c-4b33-8f5a-3756fc63ec09', 'ed4b9e73-d995-4d73-bf6e-10d4452cded7', 'PENDING', '2023-05-15 00:00:00');
INSERT INTO car_booking_history (id, booking_id, status, changed_at) VALUES ('99271cda-5b3f-4d2c-8878-9f38031b74dc', 'ed4b9e73-d995-4d73-bf6e-10d4452cded7', 'COMPLETED', '2023-05-15 02:00:00');
INSERT INTO car_bookings (id, car_id, renter_id, owner_id, status, start_date, end_date, total_days, price_per_day, base_price, service_fee, taxes, total, deposit, include_insurance, has_chauffeur, airport_delivery, wedding_package, business_package, created_at) VALUES ('05c17f8e-f18f-4d5a-9161-2d55b0f1ecf0', 'CAR-002', 'D4E5F6G7-H8I9-0123-DEFG-456789012345', 'E5F6G7H8-I9J0-1234-EFGH-567890123456', 'COMPLETED', '2023-06-15', '2023-06-24', 9, 750000, 6750000, 675000.0, 540000.0, 7965000.0, 1500000, 0, 0, 0, 0, 0, '2023-06-09 00:00:00');
INSERT INTO car_booking_history (id, booking_id, status, changed_at) VALUES ('e69c7b41-5615-481d-a412-2a0e1fd71da8', '05c17f8e-f18f-4d5a-9161-2d55b0f1ecf0', 'PENDING', '2023-06-09 00:00:00');
INSERT INTO car_booking_history (id, booking_id, status, changed_at) VALUES ('3c760d16-b0b4-4273-971b-b33445bfa1da', '05c17f8e-f18f-4d5a-9161-2d55b0f1ecf0', 'COMPLETED', '2023-06-09 02:00:00');
INSERT INTO car_bookings (id, car_id, renter_id, owner_id, status, start_date, end_date, total_days, price_per_day, base_price, service_fee, taxes, total, deposit, include_insurance, has_chauffeur, airport_delivery, wedding_package, business_package, created_at) VALUES ('efa39763-6bc6-485a-b9aa-61739db2c881', 'CAR-007', 'C3D4E5F6-G7H8-9012-CDEF-345678901234', 'G7H8I9J0-K1L2-3456-GHIJ-789012345678', 'COMPLETED', '2024-04-30', '2024-05-02', 2, 1800000, 3600000, 360000.0, 288000.0, 4248000.0, 3600000, 0, 0, 0, 0, 0, '2024-04-29 00:00:00');
INSERT INTO car_booking_history (id, booking_id, status, changed_at) VALUES ('116c81eb-cfb3-49e7-aa55-fd2d6957f557', 'efa39763-6bc6-485a-b9aa-61739db2c881', 'PENDING', '2024-04-29 00:00:00');
INSERT INTO car_booking_history (id, booking_id, status, changed_at) VALUES ('bc53cfb0-8cb1-4541-bef5-d048a979d904', 'efa39763-6bc6-485a-b9aa-61739db2c881', 'COMPLETED', '2024-04-29 02:00:00');
INSERT INTO car_bookings (id, car_id, renter_id, owner_id, status, start_date, end_date, total_days, price_per_day, base_price, service_fee, taxes, total, deposit, include_insurance, has_chauffeur, airport_delivery, wedding_package, business_package, created_at) VALUES ('9b07866a-8724-4040-94c1-31a427775a7a', 'CAR-007', 'D4E5F6G7-H8I9-0123-DEFG-456789012345', 'G7H8I9J0-K1L2-3456-GHIJ-789012345678', 'CANCELLED', '2023-05-23', '2023-05-26', 3, 1800000, 5400000, 540000.0, 432000.0, 6372000.0, 3600000, 0, 0, 0, 0, 0, '2023-05-09 00:00:00');
INSERT INTO car_booking_history (id, booking_id, status, changed_at) VALUES ('f5d2f7d7-2370-4ab6-969e-9f098645651c', '9b07866a-8724-4040-94c1-31a427775a7a', 'PENDING', '2023-05-09 00:00:00');
INSERT INTO car_booking_history (id, booking_id, status, changed_at) VALUES ('727d64ff-982a-4ab1-b5e7-3e8425e690ce', '9b07866a-8724-4040-94c1-31a427775a7a', 'CANCELLED', '2023-05-09 02:00:00');
INSERT INTO car_bookings (id, car_id, renter_id, owner_id, status, start_date, end_date, total_days, price_per_day, base_price, service_fee, taxes, total, deposit, include_insurance, has_chauffeur, airport_delivery, wedding_package, business_package, created_at) VALUES ('e46631c4-77c5-4e91-9762-de0711658faa', 'CAR-003', 'B2C3D4E5-F6G7-8901-BCDE-234567890123', 'E5F6G7H8-I9J0-1234-EFGH-567890123456', 'COMPLETED', '2023-05-30', '2023-06-02', 3, 950000, 2850000, 285000.0, 228000.0, 3363000.0, 1900000, 0, 0, 0, 0, 0, '2023-05-20 00:00:00');
INSERT INTO car_booking_history (id, booking_id, status, changed_at) VALUES ('7b4961f5-2228-4a04-bff3-ab0d1babcf65', 'e46631c4-77c5-4e91-9762-de0711658faa', 'PENDING', '2023-05-20 00:00:00');
INSERT INTO car_booking_history (id, booking_id, status, changed_at) VALUES ('d5096990-c427-4613-bd95-100ac86dbd5d', 'e46631c4-77c5-4e91-9762-de0711658faa', 'COMPLETED', '2023-05-20 02:00:00');
INSERT INTO car_bookings (id, car_id, renter_id, owner_id, status, start_date, end_date, total_days, price_per_day, base_price, service_fee, taxes, total, deposit, include_insurance, has_chauffeur, airport_delivery, wedding_package, business_package, created_at) VALUES ('514daf63-5587-4023-a236-965f45f86867', 'CAR-004', 'C3D4E5F6-G7H8-9012-CDEF-345678901234', 'F6G7H8I9-J0K1-2345-FGHI-678901234567', 'COMPLETED', '2024-02-20', '2024-02-27', 7, 2500000, 17500000, 1750000.0, 1400000.0, 20650000.0, 5000000, 0, 0, 0, 0, 0, '2024-02-17 00:00:00');
INSERT INTO car_booking_history (id, booking_id, status, changed_at) VALUES ('76ead920-192b-46a8-b3c5-6cb37cb9c0f3', '514daf63-5587-4023-a236-965f45f86867', 'PENDING', '2024-02-17 00:00:00');
INSERT INTO car_booking_history (id, booking_id, status, changed_at) VALUES ('0447d44b-0dd1-4e1f-b9f6-0c74ae799164', '514daf63-5587-4023-a236-965f45f86867', 'COMPLETED', '2024-02-17 02:00:00');
INSERT INTO car_bookings (id, car_id, renter_id, owner_id, status, start_date, end_date, total_days, price_per_day, base_price, service_fee, taxes, total, deposit, include_insurance, has_chauffeur, airport_delivery, wedding_package, business_package, created_at) VALUES ('9603e562-2bd6-439b-a3b3-49cbb0c2a5e9', 'CAR-001', 'D4E5F6G7-H8I9-0123-DEFG-456789012345', 'E5F6G7H8-I9J0-1234-EFGH-567890123456', 'CANCELLED', '2023-10-07', '2023-10-09', 2, 800000, 1600000, 160000.0, 128000.0, 1888000.0, 1600000, 0, 0, 0, 0, 0, '2023-09-25 00:00:00');
INSERT INTO car_booking_history (id, booking_id, status, changed_at) VALUES ('0d43ab93-dc09-477d-bed6-783585ea537f', '9603e562-2bd6-439b-a3b3-49cbb0c2a5e9', 'PENDING', '2023-09-25 00:00:00');
INSERT INTO car_booking_history (id, booking_id, status, changed_at) VALUES ('f425fd51-6c00-49bf-a07c-e5a7fb77cd8b', '9603e562-2bd6-439b-a3b3-49cbb0c2a5e9', 'CANCELLED', '2023-09-25 02:00:00');
INSERT INTO car_bookings (id, car_id, renter_id, owner_id, status, start_date, end_date, total_days, price_per_day, base_price, service_fee, taxes, total, deposit, include_insurance, has_chauffeur, airport_delivery, wedding_package, business_package, created_at) VALUES ('7439becf-8894-41d2-b5d8-439fd59aa8e2', 'CAR-002', 'D4E5F6G7-H8I9-0123-DEFG-456789012345', 'E5F6G7H8-I9J0-1234-EFGH-567890123456', 'COMPLETED', '2024-03-11', '2024-03-14', 3, 750000, 2250000, 225000.0, 180000.0, 2655000.0, 1500000, 0, 0, 0, 0, 0, '2024-03-09 00:00:00');
INSERT INTO car_booking_history (id, booking_id, status, changed_at) VALUES ('4dce044d-af74-4636-8dd5-7d30fe87cc1a', '7439becf-8894-41d2-b5d8-439fd59aa8e2', 'PENDING', '2024-03-09 00:00:00');
INSERT INTO car_booking_history (id, booking_id, status, changed_at) VALUES ('d0feb502-5814-44e8-a405-69841edf3ef3', '7439becf-8894-41d2-b5d8-439fd59aa8e2', 'COMPLETED', '2024-03-09 02:00:00');
INSERT INTO car_bookings (id, car_id, renter_id, owner_id, status, start_date, end_date, total_days, price_per_day, base_price, service_fee, taxes, total, deposit, include_insurance, has_chauffeur, airport_delivery, wedding_package, business_package, created_at) VALUES ('544dc934-cb0a-4531-9a95-45f742b0ad15', 'CAR-004', 'B2C3D4E5-F6G7-8901-BCDE-234567890123', 'F6G7H8I9-J0K1-2345-FGHI-678901234567', 'COMPLETED', '2023-06-09', '2023-06-17', 8, 2500000, 20000000, 2000000.0, 1600000.0, 23600000.0, 5000000, 0, 0, 0, 0, 0, '2023-06-03 00:00:00');
INSERT INTO car_booking_history (id, booking_id, status, changed_at) VALUES ('b8cad85c-d009-4f7b-8fdf-1eb7f26c6ca3', '544dc934-cb0a-4531-9a95-45f742b0ad15', 'PENDING', '2023-06-03 00:00:00');
INSERT INTO car_booking_history (id, booking_id, status, changed_at) VALUES ('de3d36c8-c8d5-43f4-96aa-8114e82288ef', '544dc934-cb0a-4531-9a95-45f742b0ad15', 'COMPLETED', '2023-06-03 02:00:00');
INSERT INTO car_bookings (id, car_id, renter_id, owner_id, status, start_date, end_date, total_days, price_per_day, base_price, service_fee, taxes, total, deposit, include_insurance, has_chauffeur, airport_delivery, wedding_package, business_package, created_at) VALUES ('1ee10ee7-04c3-4e70-b1a6-da7e3d6d5444', 'CAR-007', 'D4E5F6G7-H8I9-0123-DEFG-456789012345', 'G7H8I9J0-K1L2-3456-GHIJ-789012345678', 'COMPLETED', '2023-10-07', '2023-10-15', 8, 1800000, 14400000, 1440000.0, 1152000.0, 16992000.0, 3600000, 0, 0, 0, 0, 0, '2023-09-24 00:00:00');
INSERT INTO car_booking_history (id, booking_id, status, changed_at) VALUES ('d9f1888e-7599-4fb6-aee1-de4640796afd', '1ee10ee7-04c3-4e70-b1a6-da7e3d6d5444', 'PENDING', '2023-09-24 00:00:00');
INSERT INTO car_booking_history (id, booking_id, status, changed_at) VALUES ('04b24dfa-8bb3-43e4-b908-3c70f1843f8b', '1ee10ee7-04c3-4e70-b1a6-da7e3d6d5444', 'COMPLETED', '2023-09-24 02:00:00');
INSERT INTO car_bookings (id, car_id, renter_id, owner_id, status, start_date, end_date, total_days, price_per_day, base_price, service_fee, taxes, total, deposit, include_insurance, has_chauffeur, airport_delivery, wedding_package, business_package, created_at) VALUES ('3c845939-527a-4592-846b-8b5f5ebbbfa8', 'CAR-001', 'B2C3D4E5-F6G7-8901-BCDE-234567890123', 'E5F6G7H8-I9J0-1234-EFGH-567890123456', 'CANCELLED', '2023-08-12', '2023-08-21', 9, 800000, 7200000, 720000.0, 576000.0, 8496000.0, 1600000, 0, 0, 0, 0, 0, '2023-08-10 00:00:00');
INSERT INTO car_booking_history (id, booking_id, status, changed_at) VALUES ('94037367-3d7c-4221-9fc6-4581766f626d', '3c845939-527a-4592-846b-8b5f5ebbbfa8', 'PENDING', '2023-08-10 00:00:00');
INSERT INTO car_booking_history (id, booking_id, status, changed_at) VALUES ('c395abe4-3538-4b20-901d-2c81fe1ecee5', '3c845939-527a-4592-846b-8b5f5ebbbfa8', 'CANCELLED', '2023-08-10 02:00:00');
INSERT INTO car_bookings (id, car_id, renter_id, owner_id, status, start_date, end_date, total_days, price_per_day, base_price, service_fee, taxes, total, deposit, include_insurance, has_chauffeur, airport_delivery, wedding_package, business_package, created_at) VALUES ('193eab2b-9338-4057-9011-e7a14ebeda93', 'CAR-001', 'D4E5F6G7-H8I9-0123-DEFG-456789012345', 'E5F6G7H8-I9J0-1234-EFGH-567890123456', 'CANCELLED', '2023-08-20', '2023-08-30', 10, 800000, 8000000, 800000.0, 640000.0, 9440000.0, 1600000, 0, 0, 0, 0, 0, '2023-08-16 00:00:00');
INSERT INTO car_booking_history (id, booking_id, status, changed_at) VALUES ('085a66b0-0927-4025-a2b6-bf1155cc0a1e', '193eab2b-9338-4057-9011-e7a14ebeda93', 'PENDING', '2023-08-16 00:00:00');
INSERT INTO car_booking_history (id, booking_id, status, changed_at) VALUES ('013da9f5-a07b-4398-8727-32e6d806a309', '193eab2b-9338-4057-9011-e7a14ebeda93', 'CANCELLED', '2023-08-16 02:00:00');
INSERT INTO car_bookings (id, car_id, renter_id, owner_id, status, start_date, end_date, total_days, price_per_day, base_price, service_fee, taxes, total, deposit, include_insurance, has_chauffeur, airport_delivery, wedding_package, business_package, created_at) VALUES ('9e314dd6-6194-44f3-9b56-99fef895eb1b', 'CAR-004', 'B2C3D4E5-F6G7-8901-BCDE-234567890123', 'F6G7H8I9-J0K1-2345-FGHI-678901234567', 'COMPLETED', '2024-04-02', '2024-04-09', 7, 2500000, 17500000, 1750000.0, 1400000.0, 20650000.0, 5000000, 0, 0, 0, 0, 0, '2024-03-27 00:00:00');
INSERT INTO car_booking_history (id, booking_id, status, changed_at) VALUES ('e7ee3e2c-178e-4367-985e-bdd189953fbf', '9e314dd6-6194-44f3-9b56-99fef895eb1b', 'PENDING', '2024-03-27 00:00:00');
INSERT INTO car_booking_history (id, booking_id, status, changed_at) VALUES ('2c794a6e-469f-4bbc-9cea-b1b4d75dfa96', '9e314dd6-6194-44f3-9b56-99fef895eb1b', 'COMPLETED', '2024-03-27 02:00:00');
INSERT INTO car_bookings (id, car_id, renter_id, owner_id, status, start_date, end_date, total_days, price_per_day, base_price, service_fee, taxes, total, deposit, include_insurance, has_chauffeur, airport_delivery, wedding_package, business_package, created_at) VALUES ('484f8bb4-df59-4b88-80b4-d9455bc64e76', 'CAR-003', 'B2C3D4E5-F6G7-8901-BCDE-234567890123', 'E5F6G7H8-I9J0-1234-EFGH-567890123456', 'COMPLETED', '2024-04-06', '2024-04-07', 1, 950000, 950000, 95000.0, 76000.0, 1121000.0, 1900000, 0, 0, 0, 0, 0, '2024-04-02 00:00:00');
INSERT INTO car_booking_history (id, booking_id, status, changed_at) VALUES ('03d1a123-93e5-45d3-b319-1b84a2156c7a', '484f8bb4-df59-4b88-80b4-d9455bc64e76', 'PENDING', '2024-04-02 00:00:00');
INSERT INTO car_booking_history (id, booking_id, status, changed_at) VALUES ('82579461-b4e6-49c0-9c42-01c59c0adb4f', '484f8bb4-df59-4b88-80b4-d9455bc64e76', 'COMPLETED', '2024-04-02 02:00:00');
INSERT INTO car_bookings (id, car_id, renter_id, owner_id, status, start_date, end_date, total_days, price_per_day, base_price, service_fee, taxes, total, deposit, include_insurance, has_chauffeur, airport_delivery, wedding_package, business_package, created_at) VALUES ('e4c12560-4134-47fc-bed0-fcca43c7700b', 'CAR-002', 'D4E5F6G7-H8I9-0123-DEFG-456789012345', 'E5F6G7H8-I9J0-1234-EFGH-567890123456', 'CANCELLED', '2024-02-04', '2024-02-05', 1, 750000, 750000, 75000.0, 60000.0, 885000.0, 1500000, 0, 0, 0, 0, 0, '2024-01-26 00:00:00');
INSERT INTO car_booking_history (id, booking_id, status, changed_at) VALUES ('8b8da43e-969c-4ffe-a2bb-1aa67180c642', 'e4c12560-4134-47fc-bed0-fcca43c7700b', 'PENDING', '2024-01-26 00:00:00');
INSERT INTO car_booking_history (id, booking_id, status, changed_at) VALUES ('57319f4e-3869-4977-ba6d-3f771b3eccdd', 'e4c12560-4134-47fc-bed0-fcca43c7700b', 'CANCELLED', '2024-01-26 02:00:00');
INSERT INTO car_bookings (id, car_id, renter_id, owner_id, status, start_date, end_date, total_days, price_per_day, base_price, service_fee, taxes, total, deposit, include_insurance, has_chauffeur, airport_delivery, wedding_package, business_package, created_at) VALUES ('377974e1-fc95-455b-b671-48669d909e4a', 'CAR-003', 'D4E5F6G7-H8I9-0123-DEFG-456789012345', 'E5F6G7H8-I9J0-1234-EFGH-567890123456', 'COMPLETED', '2023-02-26', '2023-03-01', 3, 950000, 2850000, 285000.0, 228000.0, 3363000.0, 1900000, 0, 0, 0, 0, 0, '2023-02-22 00:00:00');
INSERT INTO car_booking_history (id, booking_id, status, changed_at) VALUES ('5c23998c-e644-4055-ab77-a177f6320b39', '377974e1-fc95-455b-b671-48669d909e4a', 'PENDING', '2023-02-22 00:00:00');
INSERT INTO car_booking_history (id, booking_id, status, changed_at) VALUES ('40a25e66-b152-4779-aaa6-78ea3ae94c0d', '377974e1-fc95-455b-b671-48669d909e4a', 'COMPLETED', '2023-02-22 02:00:00');
INSERT INTO car_bookings (id, car_id, renter_id, owner_id, status, start_date, end_date, total_days, price_per_day, base_price, service_fee, taxes, total, deposit, include_insurance, has_chauffeur, airport_delivery, wedding_package, business_package, created_at) VALUES ('c83dcde5-17e7-4461-ad9a-e06b0e01990a', 'CAR-003', 'D4E5F6G7-H8I9-0123-DEFG-456789012345', 'E5F6G7H8-I9J0-1234-EFGH-567890123456', 'CANCELLED', '2023-11-22', '2023-11-23', 1, 950000, 950000, 95000.0, 76000.0, 1121000.0, 1900000, 0, 0, 0, 0, 0, '2023-11-21 00:00:00');
INSERT INTO car_booking_history (id, booking_id, status, changed_at) VALUES ('c673aea6-282a-4af8-9932-7397221d634a', 'c83dcde5-17e7-4461-ad9a-e06b0e01990a', 'PENDING', '2023-11-21 00:00:00');
INSERT INTO car_booking_history (id, booking_id, status, changed_at) VALUES ('9bd72185-beac-4c27-81d3-ad1b5629f045', 'c83dcde5-17e7-4461-ad9a-e06b0e01990a', 'CANCELLED', '2023-11-21 02:00:00');
INSERT INTO car_bookings (id, car_id, renter_id, owner_id, status, start_date, end_date, total_days, price_per_day, base_price, service_fee, taxes, total, deposit, include_insurance, has_chauffeur, airport_delivery, wedding_package, business_package, created_at) VALUES ('afb1049b-799b-4409-8744-54dc24f5c37f', 'CAR-001', 'D4E5F6G7-H8I9-0123-DEFG-456789012345', 'E5F6G7H8-I9J0-1234-EFGH-567890123456', 'COMPLETED', '2023-04-14', '2023-04-20', 6, 800000, 4800000, 480000.0, 384000.0, 5664000.0, 1600000, 0, 0, 0, 0, 0, '2023-04-01 00:00:00');
INSERT INTO car_booking_history (id, booking_id, status, changed_at) VALUES ('3d37ebd1-9317-471e-97f8-576cc06c3ce8', 'afb1049b-799b-4409-8744-54dc24f5c37f', 'PENDING', '2023-04-01 00:00:00');
INSERT INTO car_booking_history (id, booking_id, status, changed_at) VALUES ('c52b0718-ae0e-460e-8ca0-a5d090c41853', 'afb1049b-799b-4409-8744-54dc24f5c37f', 'COMPLETED', '2023-04-01 02:00:00');
INSERT INTO car_bookings (id, car_id, renter_id, owner_id, status, start_date, end_date, total_days, price_per_day, base_price, service_fee, taxes, total, deposit, include_insurance, has_chauffeur, airport_delivery, wedding_package, business_package, created_at) VALUES ('b0f9a1aa-5cf2-4c70-a941-3aa4533aad78', 'CAR-002', 'B2C3D4E5-F6G7-8901-BCDE-234567890123', 'E5F6G7H8-I9J0-1234-EFGH-567890123456', 'COMPLETED', '2023-03-22', '2023-03-26', 4, 750000, 3000000, 300000.0, 240000.0, 3540000.0, 1500000, 0, 0, 0, 0, 0, '2023-03-11 00:00:00');
INSERT INTO car_booking_history (id, booking_id, status, changed_at) VALUES ('ab00b6c4-cdbf-4727-bfb4-a3ce8adf4ab5', 'b0f9a1aa-5cf2-4c70-a941-3aa4533aad78', 'PENDING', '2023-03-11 00:00:00');
INSERT INTO car_booking_history (id, booking_id, status, changed_at) VALUES ('326f4ed0-b115-48a5-88ff-539bd0a662b0', 'b0f9a1aa-5cf2-4c70-a941-3aa4533aad78', 'COMPLETED', '2023-03-11 02:00:00');
INSERT INTO car_bookings (id, car_id, renter_id, owner_id, status, start_date, end_date, total_days, price_per_day, base_price, service_fee, taxes, total, deposit, include_insurance, has_chauffeur, airport_delivery, wedding_package, business_package, created_at) VALUES ('8084e2b8-050c-481e-9e14-5705df6a5cae', 'CAR-007', 'B2C3D4E5-F6G7-8901-BCDE-234567890123', 'G7H8I9J0-K1L2-3456-GHIJ-789012345678', 'COMPLETED', '2023-08-06', '2023-08-12', 6, 1800000, 10800000, 1080000.0, 864000.0, 12744000.0, 3600000, 0, 0, 0, 0, 0, '2023-07-30 00:00:00');
INSERT INTO car_booking_history (id, booking_id, status, changed_at) VALUES ('7d0cd1bc-7bf9-4805-81f2-77cd62c2de9c', '8084e2b8-050c-481e-9e14-5705df6a5cae', 'PENDING', '2023-07-30 00:00:00');
INSERT INTO car_booking_history (id, booking_id, status, changed_at) VALUES ('a042b7d9-4e56-44a1-9cfe-a005a478c37a', '8084e2b8-050c-481e-9e14-5705df6a5cae', 'COMPLETED', '2023-07-30 02:00:00');
INSERT INTO car_bookings (id, car_id, renter_id, owner_id, status, start_date, end_date, total_days, price_per_day, base_price, service_fee, taxes, total, deposit, include_insurance, has_chauffeur, airport_delivery, wedding_package, business_package, created_at) VALUES ('a1dd8f5f-b623-4639-9d5a-bca2c1f3398b', 'CAR-007', 'D4E5F6G7-H8I9-0123-DEFG-456789012345', 'G7H8I9J0-K1L2-3456-GHIJ-789012345678', 'COMPLETED', '2023-07-04', '2023-07-10', 6, 1800000, 10800000, 1080000.0, 864000.0, 12744000.0, 3600000, 0, 0, 0, 0, 0, '2023-06-20 00:00:00');
INSERT INTO car_booking_history (id, booking_id, status, changed_at) VALUES ('d1c355b3-8275-4f4f-a6d6-0c0a27bd769d', 'a1dd8f5f-b623-4639-9d5a-bca2c1f3398b', 'PENDING', '2023-06-20 00:00:00');
INSERT INTO car_booking_history (id, booking_id, status, changed_at) VALUES ('6c9eda93-f1c2-4cdd-b96f-c3f9424f0ea3', 'a1dd8f5f-b623-4639-9d5a-bca2c1f3398b', 'COMPLETED', '2023-06-20 02:00:00');
INSERT INTO car_bookings (id, car_id, renter_id, owner_id, status, start_date, end_date, total_days, price_per_day, base_price, service_fee, taxes, total, deposit, include_insurance, has_chauffeur, airport_delivery, wedding_package, business_package, created_at) VALUES ('934bd984-beb4-4e80-aaee-5c857ed71953', 'CAR-007', 'D4E5F6G7-H8I9-0123-DEFG-456789012345', 'G7H8I9J0-K1L2-3456-GHIJ-789012345678', 'COMPLETED', '2023-07-17', '2023-07-27', 10, 1800000, 18000000, 1800000.0, 1440000.0, 21240000.0, 3600000, 0, 0, 0, 0, 0, '2023-07-11 00:00:00');
INSERT INTO car_booking_history (id, booking_id, status, changed_at) VALUES ('9228b165-faf6-4a04-8e7b-5e0515902c48', '934bd984-beb4-4e80-aaee-5c857ed71953', 'PENDING', '2023-07-11 00:00:00');
INSERT INTO car_booking_history (id, booking_id, status, changed_at) VALUES ('f7234de8-5d0e-41db-a291-16779190f2cf', '934bd984-beb4-4e80-aaee-5c857ed71953', 'COMPLETED', '2023-07-11 02:00:00');
INSERT INTO car_bookings (id, car_id, renter_id, owner_id, status, start_date, end_date, total_days, price_per_day, base_price, service_fee, taxes, total, deposit, include_insurance, has_chauffeur, airport_delivery, wedding_package, business_package, created_at) VALUES ('a5c8309e-1f05-4390-82ce-116063742a0e', 'CAR-001', 'B2C3D4E5-F6G7-8901-BCDE-234567890123', 'E5F6G7H8-I9J0-1234-EFGH-567890123456', 'COMPLETED', '2023-06-03', '2023-06-11', 8, 800000, 6400000, 640000.0, 512000.0, 7552000.0, 1600000, 0, 0, 0, 0, 0, '2023-05-28 00:00:00');
INSERT INTO car_booking_history (id, booking_id, status, changed_at) VALUES ('74e2d530-77e3-4fe4-a635-dabf779338a6', 'a5c8309e-1f05-4390-82ce-116063742a0e', 'PENDING', '2023-05-28 00:00:00');
INSERT INTO car_booking_history (id, booking_id, status, changed_at) VALUES ('9f1f03e9-b611-4689-81b8-f67ff75bf76b', 'a5c8309e-1f05-4390-82ce-116063742a0e', 'COMPLETED', '2023-05-28 02:00:00');
INSERT INTO car_bookings (id, car_id, renter_id, owner_id, status, start_date, end_date, total_days, price_per_day, base_price, service_fee, taxes, total, deposit, include_insurance, has_chauffeur, airport_delivery, wedding_package, business_package, created_at) VALUES ('ebf92bf4-07df-4636-8e0b-4cee3d660916', 'CAR-001', 'B2C3D4E5-F6G7-8901-BCDE-234567890123', 'E5F6G7H8-I9J0-1234-EFGH-567890123456', 'COMPLETED', '2023-09-05', '2023-09-14', 9, 800000, 7200000, 720000.0, 576000.0, 8496000.0, 1600000, 0, 0, 0, 0, 0, '2023-09-04 00:00:00');
INSERT INTO car_booking_history (id, booking_id, status, changed_at) VALUES ('44f38301-9c9b-49f8-b757-b532a61b950f', 'ebf92bf4-07df-4636-8e0b-4cee3d660916', 'PENDING', '2023-09-04 00:00:00');
INSERT INTO car_booking_history (id, booking_id, status, changed_at) VALUES ('8320c8df-61b1-44b5-aef8-b4ef268218e9', 'ebf92bf4-07df-4636-8e0b-4cee3d660916', 'COMPLETED', '2023-09-04 02:00:00');
INSERT INTO car_bookings (id, car_id, renter_id, owner_id, status, start_date, end_date, total_days, price_per_day, base_price, service_fee, taxes, total, deposit, include_insurance, has_chauffeur, airport_delivery, wedding_package, business_package, created_at) VALUES ('b97ba009-db2f-4753-87f3-0bf0e1208ee1', 'CAR-003', 'C3D4E5F6-G7H8-9012-CDEF-345678901234', 'E5F6G7H8-I9J0-1234-EFGH-567890123456', 'COMPLETED', '2023-04-01', '2023-04-07', 6, 950000, 5700000, 570000.0, 456000.0, 6726000.0, 1900000, 0, 0, 0, 0, 0, '2023-03-30 00:00:00');
INSERT INTO car_booking_history (id, booking_id, status, changed_at) VALUES ('1cff840e-4c74-4a2e-b67a-f6223113b640', 'b97ba009-db2f-4753-87f3-0bf0e1208ee1', 'PENDING', '2023-03-30 00:00:00');
INSERT INTO car_booking_history (id, booking_id, status, changed_at) VALUES ('150a128d-976b-4848-809d-0c06945771a8', 'b97ba009-db2f-4753-87f3-0bf0e1208ee1', 'COMPLETED', '2023-03-30 02:00:00');
INSERT INTO car_bookings (id, car_id, renter_id, owner_id, status, start_date, end_date, total_days, price_per_day, base_price, service_fee, taxes, total, deposit, include_insurance, has_chauffeur, airport_delivery, wedding_package, business_package, created_at) VALUES ('cffe3909-c57d-4dac-9ac5-5c1cc0203a0e', 'CAR-004', 'C3D4E5F6-G7H8-9012-CDEF-345678901234', 'F6G7H8I9-J0K1-2345-FGHI-678901234567', 'COMPLETED', '2023-12-13', '2023-12-16', 3, 2500000, 7500000, 750000.0, 600000.0, 8850000.0, 5000000, 0, 0, 0, 0, 0, '2023-12-11 00:00:00');
INSERT INTO car_booking_history (id, booking_id, status, changed_at) VALUES ('93e78d9c-1fd1-4194-8abb-47e2aba7b436', 'cffe3909-c57d-4dac-9ac5-5c1cc0203a0e', 'PENDING', '2023-12-11 00:00:00');
INSERT INTO car_booking_history (id, booking_id, status, changed_at) VALUES ('7e6bbaaf-5077-4efc-b675-37a7eb00b041', 'cffe3909-c57d-4dac-9ac5-5c1cc0203a0e', 'COMPLETED', '2023-12-11 02:00:00');
INSERT INTO car_bookings (id, car_id, renter_id, owner_id, status, start_date, end_date, total_days, price_per_day, base_price, service_fee, taxes, total, deposit, include_insurance, has_chauffeur, airport_delivery, wedding_package, business_package, created_at) VALUES ('646a15fe-90b5-484a-98d2-556fa62760e2', 'CAR-007', 'C3D4E5F6-G7H8-9012-CDEF-345678901234', 'G7H8I9J0-K1L2-3456-GHIJ-789012345678', 'COMPLETED', '2024-03-28', '2024-04-05', 8, 1800000, 14400000, 1440000.0, 1152000.0, 16992000.0, 3600000, 0, 0, 0, 0, 0, '2024-03-27 00:00:00');
INSERT INTO car_booking_history (id, booking_id, status, changed_at) VALUES ('2b26e9cc-a3b2-441e-b8c5-30e3b2dfdb22', '646a15fe-90b5-484a-98d2-556fa62760e2', 'PENDING', '2024-03-27 00:00:00');
INSERT INTO car_booking_history (id, booking_id, status, changed_at) VALUES ('4c7e2bc6-7885-4828-8248-23dc06aff3f8', '646a15fe-90b5-484a-98d2-556fa62760e2', 'COMPLETED', '2024-03-27 02:00:00');
INSERT INTO car_bookings (id, car_id, renter_id, owner_id, status, start_date, end_date, total_days, price_per_day, base_price, service_fee, taxes, total, deposit, include_insurance, has_chauffeur, airport_delivery, wedding_package, business_package, created_at) VALUES ('59ebfec6-2961-4883-8d6c-b412c697633e', 'CAR-003', 'B2C3D4E5-F6G7-8901-BCDE-234567890123', 'E5F6G7H8-I9J0-1234-EFGH-567890123456', 'COMPLETED', '2023-12-13', '2023-12-15', 2, 950000, 1900000, 190000.0, 152000.0, 2242000.0, 1900000, 0, 0, 0, 0, 0, '2023-12-03 00:00:00');
INSERT INTO car_booking_history (id, booking_id, status, changed_at) VALUES ('4ac47a55-ec6c-49d8-aace-9e2faf6a379c', '59ebfec6-2961-4883-8d6c-b412c697633e', 'PENDING', '2023-12-03 00:00:00');
INSERT INTO car_booking_history (id, booking_id, status, changed_at) VALUES ('d5711c0c-3c87-4ec7-b650-b3baecce9865', '59ebfec6-2961-4883-8d6c-b412c697633e', 'COMPLETED', '2023-12-03 02:00:00');
INSERT INTO car_bookings (id, car_id, renter_id, owner_id, status, start_date, end_date, total_days, price_per_day, base_price, service_fee, taxes, total, deposit, include_insurance, has_chauffeur, airport_delivery, wedding_package, business_package, created_at) VALUES ('e629ec86-0e3b-4a95-84fd-ef3d516b2c98', 'CAR-007', 'C3D4E5F6-G7H8-9012-CDEF-345678901234', 'G7H8I9J0-K1L2-3456-GHIJ-789012345678', 'COMPLETED', '2024-04-24', '2024-04-27', 3, 1800000, 5400000, 540000.0, 432000.0, 6372000.0, 3600000, 0, 0, 0, 0, 0, '2024-04-16 00:00:00');
INSERT INTO car_booking_history (id, booking_id, status, changed_at) VALUES ('5e418edc-9a41-4280-92da-98023ba2889b', 'e629ec86-0e3b-4a95-84fd-ef3d516b2c98', 'PENDING', '2024-04-16 00:00:00');
INSERT INTO car_booking_history (id, booking_id, status, changed_at) VALUES ('b562b67d-a527-440a-ad83-68395bbe1aef', 'e629ec86-0e3b-4a95-84fd-ef3d516b2c98', 'COMPLETED', '2024-04-16 02:00:00');
INSERT INTO car_bookings (id, car_id, renter_id, owner_id, status, start_date, end_date, total_days, price_per_day, base_price, service_fee, taxes, total, deposit, include_insurance, has_chauffeur, airport_delivery, wedding_package, business_package, created_at) VALUES ('f6e34dd8-0f8b-4ceb-b5cb-43aeb94ed771', 'CAR-001', 'C3D4E5F6-G7H8-9012-CDEF-345678901234', 'E5F6G7H8-I9J0-1234-EFGH-567890123456', 'COMPLETED', '2023-12-26', '2024-01-02', 7, 800000, 5600000, 560000.0, 448000.0, 6608000.0, 1600000, 0, 0, 0, 0, 0, '2023-12-13 00:00:00');
INSERT INTO car_booking_history (id, booking_id, status, changed_at) VALUES ('1315409e-43d4-4b63-ba60-7c94072a4b65', 'f6e34dd8-0f8b-4ceb-b5cb-43aeb94ed771', 'PENDING', '2023-12-13 00:00:00');
INSERT INTO car_booking_history (id, booking_id, status, changed_at) VALUES ('f02d5a9f-ff4c-4075-a8dc-39743f9d3068', 'f6e34dd8-0f8b-4ceb-b5cb-43aeb94ed771', 'COMPLETED', '2023-12-13 02:00:00');
INSERT INTO car_bookings (id, car_id, renter_id, owner_id, status, start_date, end_date, total_days, price_per_day, base_price, service_fee, taxes, total, deposit, include_insurance, has_chauffeur, airport_delivery, wedding_package, business_package, created_at) VALUES ('73acdc4b-1497-4b89-875e-eda3e8b15c24', 'CAR-003', 'D4E5F6G7-H8I9-0123-DEFG-456789012345', 'E5F6G7H8-I9J0-1234-EFGH-567890123456', 'CANCELLED', '2023-01-30', '2023-02-04', 5, 950000, 4750000, 475000.0, 380000.0, 5605000.0, 1900000, 0, 0, 0, 0, 0, '2023-01-22 00:00:00');
INSERT INTO car_booking_history (id, booking_id, status, changed_at) VALUES ('279e9fb4-ea1a-4cee-b2a1-e1f1d34c206e', '73acdc4b-1497-4b89-875e-eda3e8b15c24', 'PENDING', '2023-01-22 00:00:00');
INSERT INTO car_booking_history (id, booking_id, status, changed_at) VALUES ('e352a5b7-594e-4c3d-abd7-8e3a6be01897', '73acdc4b-1497-4b89-875e-eda3e8b15c24', 'CANCELLED', '2023-01-22 02:00:00');
INSERT INTO car_bookings (id, car_id, renter_id, owner_id, status, start_date, end_date, total_days, price_per_day, base_price, service_fee, taxes, total, deposit, include_insurance, has_chauffeur, airport_delivery, wedding_package, business_package, created_at) VALUES ('96bde826-68bd-46e6-ae3a-65aabe294de2', 'CAR-003', 'D4E5F6G7-H8I9-0123-DEFG-456789012345', 'E5F6G7H8-I9J0-1234-EFGH-567890123456', 'COMPLETED', '2023-08-11', '2023-08-21', 10, 950000, 9500000, 950000.0, 760000.0, 11210000.0, 1900000, 0, 0, 0, 0, 0, '2023-08-03 00:00:00');
INSERT INTO car_booking_history (id, booking_id, status, changed_at) VALUES ('65a178be-5e21-41e1-bbd1-c58fdc856c09', '96bde826-68bd-46e6-ae3a-65aabe294de2', 'PENDING', '2023-08-03 00:00:00');
INSERT INTO car_booking_history (id, booking_id, status, changed_at) VALUES ('6a01f741-8be9-42a6-a75d-b457f8cd498c', '96bde826-68bd-46e6-ae3a-65aabe294de2', 'COMPLETED', '2023-08-03 02:00:00');
INSERT INTO car_bookings (id, car_id, renter_id, owner_id, status, start_date, end_date, total_days, price_per_day, base_price, service_fee, taxes, total, deposit, include_insurance, has_chauffeur, airport_delivery, wedding_package, business_package, created_at) VALUES ('bb14d7fb-38ab-4276-846b-49bb317c2a8e', 'CAR-001', 'C3D4E5F6-G7H8-9012-CDEF-345678901234', 'E5F6G7H8-I9J0-1234-EFGH-567890123456', 'CANCELLED', '2023-01-12', '2023-01-15', 3, 800000, 2400000, 240000.0, 192000.0, 2832000.0, 1600000, 0, 0, 0, 0, 0, '2023-01-06 00:00:00');
INSERT INTO car_booking_history (id, booking_id, status, changed_at) VALUES ('0f811968-5d10-407f-8c76-c08ce1218ecb', 'bb14d7fb-38ab-4276-846b-49bb317c2a8e', 'PENDING', '2023-01-06 00:00:00');
INSERT INTO car_booking_history (id, booking_id, status, changed_at) VALUES ('77690f9a-341f-4bd8-a329-17ca754b3b11', 'bb14d7fb-38ab-4276-846b-49bb317c2a8e', 'CANCELLED', '2023-01-06 02:00:00');
INSERT INTO car_bookings (id, car_id, renter_id, owner_id, status, start_date, end_date, total_days, price_per_day, base_price, service_fee, taxes, total, deposit, include_insurance, has_chauffeur, airport_delivery, wedding_package, business_package, created_at) VALUES ('66824b33-2d04-4893-a57b-2d9c1e56e883', 'CAR-003', 'D4E5F6G7-H8I9-0123-DEFG-456789012345', 'E5F6G7H8-I9J0-1234-EFGH-567890123456', 'CANCELLED', '2023-08-14', '2023-08-15', 1, 950000, 950000, 95000.0, 76000.0, 1121000.0, 1900000, 0, 0, 0, 0, 0, '2023-08-04 00:00:00');
INSERT INTO car_booking_history (id, booking_id, status, changed_at) VALUES ('0d597710-e8fc-4edf-a485-420a2a95871c', '66824b33-2d04-4893-a57b-2d9c1e56e883', 'PENDING', '2023-08-04 00:00:00');
INSERT INTO car_booking_history (id, booking_id, status, changed_at) VALUES ('9a89c9ff-6da0-458c-b248-195ebf0bcd6d', '66824b33-2d04-4893-a57b-2d9c1e56e883', 'CANCELLED', '2023-08-04 02:00:00');
INSERT INTO car_bookings (id, car_id, renter_id, owner_id, status, start_date, end_date, total_days, price_per_day, base_price, service_fee, taxes, total, deposit, include_insurance, has_chauffeur, airport_delivery, wedding_package, business_package, created_at) VALUES ('e2aaa9af-2c4f-4dc6-bdb0-3239690770a5', 'CAR-003', 'D4E5F6G7-H8I9-0123-DEFG-456789012345', 'E5F6G7H8-I9J0-1234-EFGH-567890123456', 'COMPLETED', '2024-02-26', '2024-02-27', 1, 950000, 950000, 95000.0, 76000.0, 1121000.0, 1900000, 0, 0, 0, 0, 0, '2024-02-15 00:00:00');
INSERT INTO car_booking_history (id, booking_id, status, changed_at) VALUES ('1717bdc4-269f-4d76-a66e-2bf23827392a', 'e2aaa9af-2c4f-4dc6-bdb0-3239690770a5', 'PENDING', '2024-02-15 00:00:00');
INSERT INTO car_booking_history (id, booking_id, status, changed_at) VALUES ('a4c79027-7068-4c84-80d6-131c6a536c1e', 'e2aaa9af-2c4f-4dc6-bdb0-3239690770a5', 'COMPLETED', '2024-02-15 02:00:00');
INSERT INTO car_bookings (id, car_id, renter_id, owner_id, status, start_date, end_date, total_days, price_per_day, base_price, service_fee, taxes, total, deposit, include_insurance, has_chauffeur, airport_delivery, wedding_package, business_package, created_at) VALUES ('9e90c85b-d75c-46ff-beb2-ffc50ac2a9f9', 'CAR-001', 'C3D4E5F6-G7H8-9012-CDEF-345678901234', 'E5F6G7H8-I9J0-1234-EFGH-567890123456', 'CANCELLED', '2024-01-28', '2024-02-03', 6, 800000, 4800000, 480000.0, 384000.0, 5664000.0, 1600000, 0, 0, 0, 0, 0, '2024-01-24 00:00:00');
INSERT INTO car_booking_history (id, booking_id, status, changed_at) VALUES ('340c2525-a4c8-4315-b494-4899f9187a82', '9e90c85b-d75c-46ff-beb2-ffc50ac2a9f9', 'PENDING', '2024-01-24 00:00:00');
INSERT INTO car_booking_history (id, booking_id, status, changed_at) VALUES ('9a231235-5307-4563-a719-a22e4238e355', '9e90c85b-d75c-46ff-beb2-ffc50ac2a9f9', 'CANCELLED', '2024-01-24 02:00:00');
INSERT INTO car_bookings (id, car_id, renter_id, owner_id, status, start_date, end_date, total_days, price_per_day, base_price, service_fee, taxes, total, deposit, include_insurance, has_chauffeur, airport_delivery, wedding_package, business_package, created_at) VALUES ('7d792223-e179-486a-9e21-499a3f0d6ed4', 'CAR-007', 'C3D4E5F6-G7H8-9012-CDEF-345678901234', 'G7H8I9J0-K1L2-3456-GHIJ-789012345678', 'COMPLETED', '2023-04-01', '2023-04-04', 3, 1800000, 5400000, 540000.0, 432000.0, 6372000.0, 3600000, 0, 0, 0, 0, 0, '2023-03-20 00:00:00');
INSERT INTO car_booking_history (id, booking_id, status, changed_at) VALUES ('d23beb1e-d914-43a1-b36d-41f9b068498c', '7d792223-e179-486a-9e21-499a3f0d6ed4', 'PENDING', '2023-03-20 00:00:00');
INSERT INTO car_booking_history (id, booking_id, status, changed_at) VALUES ('96c4ca56-c303-450c-9979-73efa9d5a0b4', '7d792223-e179-486a-9e21-499a3f0d6ed4', 'COMPLETED', '2023-03-20 02:00:00');
INSERT INTO car_bookings (id, car_id, renter_id, owner_id, status, start_date, end_date, total_days, price_per_day, base_price, service_fee, taxes, total, deposit, include_insurance, has_chauffeur, airport_delivery, wedding_package, business_package, created_at) VALUES ('a2b9475f-428c-481b-a67a-77d2868d79dd', 'CAR-002', 'C3D4E5F6-G7H8-9012-CDEF-345678901234', 'E5F6G7H8-I9J0-1234-EFGH-567890123456', 'COMPLETED', '2023-02-01', '2023-02-10', 9, 750000, 6750000, 675000.0, 540000.0, 7965000.0, 1500000, 0, 0, 0, 0, 0, '2023-01-26 00:00:00');
INSERT INTO car_booking_history (id, booking_id, status, changed_at) VALUES ('8a8e11db-65e5-455f-b383-ddabaadbbe71', 'a2b9475f-428c-481b-a67a-77d2868d79dd', 'PENDING', '2023-01-26 00:00:00');
INSERT INTO car_booking_history (id, booking_id, status, changed_at) VALUES ('560eb855-0781-4fc4-9bd6-8ed67d72f67f', 'a2b9475f-428c-481b-a67a-77d2868d79dd', 'COMPLETED', '2023-01-26 02:00:00');
INSERT INTO car_bookings (id, car_id, renter_id, owner_id, status, start_date, end_date, total_days, price_per_day, base_price, service_fee, taxes, total, deposit, include_insurance, has_chauffeur, airport_delivery, wedding_package, business_package, created_at) VALUES ('8c9400f2-b7ec-49a0-8b6d-62fd8620c401', 'CAR-004', 'B2C3D4E5-F6G7-8901-BCDE-234567890123', 'F6G7H8I9-J0K1-2345-FGHI-678901234567', 'COMPLETED', '2023-08-03', '2023-08-05', 2, 2500000, 5000000, 500000.0, 400000.0, 5900000.0, 5000000, 0, 0, 0, 0, 0, '2023-07-20 00:00:00');
INSERT INTO car_booking_history (id, booking_id, status, changed_at) VALUES ('fc7f7fb7-39db-433d-a612-1303b56475d2', '8c9400f2-b7ec-49a0-8b6d-62fd8620c401', 'PENDING', '2023-07-20 00:00:00');
INSERT INTO car_booking_history (id, booking_id, status, changed_at) VALUES ('7c9b36d0-6481-4209-89ca-31cfb76fdd95', '8c9400f2-b7ec-49a0-8b6d-62fd8620c401', 'COMPLETED', '2023-07-20 02:00:00');
INSERT INTO car_bookings (id, car_id, renter_id, owner_id, status, start_date, end_date, total_days, price_per_day, base_price, service_fee, taxes, total, deposit, include_insurance, has_chauffeur, airport_delivery, wedding_package, business_package, created_at) VALUES ('1664410a-8322-4969-8a06-cfde515851fa', 'CAR-001', 'C3D4E5F6-G7H8-9012-CDEF-345678901234', 'E5F6G7H8-I9J0-1234-EFGH-567890123456', 'COMPLETED', '2023-02-25', '2023-03-03', 6, 800000, 4800000, 480000.0, 384000.0, 5664000.0, 1600000, 0, 0, 0, 0, 0, '2023-02-19 00:00:00');
INSERT INTO car_booking_history (id, booking_id, status, changed_at) VALUES ('fd96d8ad-af02-4a47-a75d-5f2d8e2b91c8', '1664410a-8322-4969-8a06-cfde515851fa', 'PENDING', '2023-02-19 00:00:00');
INSERT INTO car_booking_history (id, booking_id, status, changed_at) VALUES ('c870b50a-a449-4d3c-9efd-fb78bff82ce1', '1664410a-8322-4969-8a06-cfde515851fa', 'COMPLETED', '2023-02-19 02:00:00');
INSERT INTO car_bookings (id, car_id, renter_id, owner_id, status, start_date, end_date, total_days, price_per_day, base_price, service_fee, taxes, total, deposit, include_insurance, has_chauffeur, airport_delivery, wedding_package, business_package, created_at) VALUES ('9c4be732-fd9b-49d2-8586-eba1898dfe16', 'CAR-007', 'B2C3D4E5-F6G7-8901-BCDE-234567890123', 'G7H8I9J0-K1L2-3456-GHIJ-789012345678', 'COMPLETED', '2023-07-07', '2023-07-15', 8, 1800000, 14400000, 1440000.0, 1152000.0, 16992000.0, 3600000, 0, 0, 0, 0, 0, '2023-07-05 00:00:00');
INSERT INTO car_booking_history (id, booking_id, status, changed_at) VALUES ('c762fbe7-5c3b-465c-a3be-598a3ed7d478', '9c4be732-fd9b-49d2-8586-eba1898dfe16', 'PENDING', '2023-07-05 00:00:00');
INSERT INTO car_booking_history (id, booking_id, status, changed_at) VALUES ('f2bf9663-1ba0-453d-a4c3-b03db5ec4cdd', '9c4be732-fd9b-49d2-8586-eba1898dfe16', 'COMPLETED', '2023-07-05 02:00:00');
INSERT INTO car_bookings (id, car_id, renter_id, owner_id, status, start_date, end_date, total_days, price_per_day, base_price, service_fee, taxes, total, deposit, include_insurance, has_chauffeur, airport_delivery, wedding_package, business_package, created_at) VALUES ('0efbdefe-b51d-4f95-ada3-5fe6fdc1df22', 'CAR-002', 'B2C3D4E5-F6G7-8901-BCDE-234567890123', 'E5F6G7H8-I9J0-1234-EFGH-567890123456', 'COMPLETED', '2023-02-09', '2023-02-10', 1, 750000, 750000, 75000.0, 60000.0, 885000.0, 1500000, 0, 0, 0, 0, 0, '2023-02-02 00:00:00');
INSERT INTO car_booking_history (id, booking_id, status, changed_at) VALUES ('af7283c0-f62f-4c46-ab2c-d09fd0c36437', '0efbdefe-b51d-4f95-ada3-5fe6fdc1df22', 'PENDING', '2023-02-02 00:00:00');
INSERT INTO car_booking_history (id, booking_id, status, changed_at) VALUES ('e7b3da1f-7a21-4eeb-9aa4-7669d1f1a754', '0efbdefe-b51d-4f95-ada3-5fe6fdc1df22', 'COMPLETED', '2023-02-02 02:00:00');
INSERT INTO car_bookings (id, car_id, renter_id, owner_id, status, start_date, end_date, total_days, price_per_day, base_price, service_fee, taxes, total, deposit, include_insurance, has_chauffeur, airport_delivery, wedding_package, business_package, created_at) VALUES ('08ad92c4-df40-46d9-b6ed-6dcf85b5a24f', 'CAR-001', 'C3D4E5F6-G7H8-9012-CDEF-345678901234', 'E5F6G7H8-I9J0-1234-EFGH-567890123456', 'COMPLETED', '2024-03-03', '2024-03-05', 2, 800000, 1600000, 160000.0, 128000.0, 1888000.0, 1600000, 0, 0, 0, 0, 0, '2024-03-02 00:00:00');
INSERT INTO car_booking_history (id, booking_id, status, changed_at) VALUES ('b3833326-0c8d-48a0-98b7-8e9d4ecd1dd8', '08ad92c4-df40-46d9-b6ed-6dcf85b5a24f', 'PENDING', '2024-03-02 00:00:00');
INSERT INTO car_booking_history (id, booking_id, status, changed_at) VALUES ('50ea7797-c522-4dfe-a22d-772a0c399ce4', '08ad92c4-df40-46d9-b6ed-6dcf85b5a24f', 'COMPLETED', '2024-03-02 02:00:00');
INSERT INTO car_bookings (id, car_id, renter_id, owner_id, status, start_date, end_date, total_days, price_per_day, base_price, service_fee, taxes, total, deposit, include_insurance, has_chauffeur, airport_delivery, wedding_package, business_package, created_at) VALUES ('345aba26-ac9c-4fd7-99c5-3a3e428dff79', 'CAR-004', 'D4E5F6G7-H8I9-0123-DEFG-456789012345', 'F6G7H8I9-J0K1-2345-FGHI-678901234567', 'COMPLETED', '2023-12-28', '2023-12-29', 1, 2500000, 2500000, 250000.0, 200000.0, 2950000.0, 5000000, 0, 0, 0, 0, 0, '2023-12-15 00:00:00');
INSERT INTO car_booking_history (id, booking_id, status, changed_at) VALUES ('c95e6740-878a-45a0-bade-fe2bc6815a0e', '345aba26-ac9c-4fd7-99c5-3a3e428dff79', 'PENDING', '2023-12-15 00:00:00');
INSERT INTO car_booking_history (id, booking_id, status, changed_at) VALUES ('ecdef101-b0fc-4573-a492-dee5210fe930', '345aba26-ac9c-4fd7-99c5-3a3e428dff79', 'COMPLETED', '2023-12-15 02:00:00');
INSERT INTO car_bookings (id, car_id, renter_id, owner_id, status, start_date, end_date, total_days, price_per_day, base_price, service_fee, taxes, total, deposit, include_insurance, has_chauffeur, airport_delivery, wedding_package, business_package, created_at) VALUES ('55a78126-1a49-409b-acd5-dee977e618fb', 'CAR-007', 'C3D4E5F6-G7H8-9012-CDEF-345678901234', 'G7H8I9J0-K1L2-3456-GHIJ-789012345678', 'COMPLETED', '2024-04-18', '2024-04-23', 5, 1800000, 9000000, 900000.0, 720000.0, 10620000.0, 3600000, 0, 0, 0, 0, 0, '2024-04-05 00:00:00');
INSERT INTO car_booking_history (id, booking_id, status, changed_at) VALUES ('90be6c3b-f90b-409f-bd52-a0c52a9486cf', '55a78126-1a49-409b-acd5-dee977e618fb', 'PENDING', '2024-04-05 00:00:00');
INSERT INTO car_booking_history (id, booking_id, status, changed_at) VALUES ('446bb127-2eab-4cff-9ab6-3897a1fdc311', '55a78126-1a49-409b-acd5-dee977e618fb', 'COMPLETED', '2024-04-05 02:00:00');
INSERT INTO car_bookings (id, car_id, renter_id, owner_id, status, start_date, end_date, total_days, price_per_day, base_price, service_fee, taxes, total, deposit, include_insurance, has_chauffeur, airport_delivery, wedding_package, business_package, created_at) VALUES ('f5b2d0b4-a659-4333-9a91-eb481ba77644', 'CAR-007', 'C3D4E5F6-G7H8-9012-CDEF-345678901234', 'G7H8I9J0-K1L2-3456-GHIJ-789012345678', 'CANCELLED', '2023-02-12', '2023-02-13', 1, 1800000, 1800000, 180000.0, 144000.0, 2124000.0, 3600000, 0, 0, 0, 0, 0, '2023-02-10 00:00:00');
INSERT INTO car_booking_history (id, booking_id, status, changed_at) VALUES ('6f54de84-2b35-433c-8f53-ee4fbaed832b', 'f5b2d0b4-a659-4333-9a91-eb481ba77644', 'PENDING', '2023-02-10 00:00:00');
INSERT INTO car_booking_history (id, booking_id, status, changed_at) VALUES ('8c6ccd21-b467-49c6-b9b3-3c6464934d5b', 'f5b2d0b4-a659-4333-9a91-eb481ba77644', 'CANCELLED', '2023-02-10 02:00:00');
INSERT INTO car_bookings (id, car_id, renter_id, owner_id, status, start_date, end_date, total_days, price_per_day, base_price, service_fee, taxes, total, deposit, include_insurance, has_chauffeur, airport_delivery, wedding_package, business_package, created_at) VALUES ('66de55c3-c777-4259-8b5d-d48157032ba2', 'CAR-002', 'C3D4E5F6-G7H8-9012-CDEF-345678901234', 'E5F6G7H8-I9J0-1234-EFGH-567890123456', 'COMPLETED', '2023-02-06', '2023-02-14', 8, 750000, 6000000, 600000.0, 480000.0, 7080000.0, 1500000, 0, 0, 0, 0, 0, '2023-01-28 00:00:00');
INSERT INTO car_booking_history (id, booking_id, status, changed_at) VALUES ('86d864d9-a1d6-4e56-b502-f5f9eacc3657', '66de55c3-c777-4259-8b5d-d48157032ba2', 'PENDING', '2023-01-28 00:00:00');
INSERT INTO car_booking_history (id, booking_id, status, changed_at) VALUES ('f411ddad-435b-4fff-a9c3-dace8c13783b', '66de55c3-c777-4259-8b5d-d48157032ba2', 'COMPLETED', '2023-01-28 02:00:00');
INSERT INTO car_bookings (id, car_id, renter_id, owner_id, status, start_date, end_date, total_days, price_per_day, base_price, service_fee, taxes, total, deposit, include_insurance, has_chauffeur, airport_delivery, wedding_package, business_package, created_at) VALUES ('e098ef75-ebaf-4902-b874-baca606a8f33', 'CAR-007', 'D4E5F6G7-H8I9-0123-DEFG-456789012345', 'G7H8I9J0-K1L2-3456-GHIJ-789012345678', 'COMPLETED', '2024-01-03', '2024-01-12', 9, 1800000, 16200000, 1620000.0, 1296000.0, 19116000.0, 3600000, 0, 0, 0, 0, 0, '2023-12-21 00:00:00');
INSERT INTO car_booking_history (id, booking_id, status, changed_at) VALUES ('2b109c01-b436-4600-9811-899337b022a6', 'e098ef75-ebaf-4902-b874-baca606a8f33', 'PENDING', '2023-12-21 00:00:00');
INSERT INTO car_booking_history (id, booking_id, status, changed_at) VALUES ('8b039373-852e-4bf2-8857-46045e3afcbd', 'e098ef75-ebaf-4902-b874-baca606a8f33', 'COMPLETED', '2023-12-21 02:00:00');
INSERT INTO car_bookings (id, car_id, renter_id, owner_id, status, start_date, end_date, total_days, price_per_day, base_price, service_fee, taxes, total, deposit, include_insurance, has_chauffeur, airport_delivery, wedding_package, business_package, created_at) VALUES ('359a0f1a-a9f1-484b-895b-6196a841a866', 'CAR-001', 'C3D4E5F6-G7H8-9012-CDEF-345678901234', 'E5F6G7H8-I9J0-1234-EFGH-567890123456', 'COMPLETED', '2024-04-30', '2024-05-09', 9, 800000, 7200000, 720000.0, 576000.0, 8496000.0, 1600000, 0, 0, 0, 0, 0, '2024-04-21 00:00:00');
INSERT INTO car_booking_history (id, booking_id, status, changed_at) VALUES ('f5df7fd0-1f63-440c-a280-be8beca84714', '359a0f1a-a9f1-484b-895b-6196a841a866', 'PENDING', '2024-04-21 00:00:00');
INSERT INTO car_booking_history (id, booking_id, status, changed_at) VALUES ('15020ae5-2ef5-460f-9ed0-c5497fda10ca', '359a0f1a-a9f1-484b-895b-6196a841a866', 'COMPLETED', '2024-04-21 02:00:00');
INSERT INTO car_bookings (id, car_id, renter_id, owner_id, status, start_date, end_date, total_days, price_per_day, base_price, service_fee, taxes, total, deposit, include_insurance, has_chauffeur, airport_delivery, wedding_package, business_package, created_at) VALUES ('54de2b51-7af0-4940-9213-1c9fcabeca46', 'CAR-003', 'B2C3D4E5-F6G7-8901-BCDE-234567890123', 'E5F6G7H8-I9J0-1234-EFGH-567890123456', 'COMPLETED', '2023-08-25', '2023-08-26', 1, 950000, 950000, 95000.0, 76000.0, 1121000.0, 1900000, 0, 0, 0, 0, 0, '2023-08-20 00:00:00');
INSERT INTO car_booking_history (id, booking_id, status, changed_at) VALUES ('d7f68b98-612c-4b0a-880d-2e99af19d9ff', '54de2b51-7af0-4940-9213-1c9fcabeca46', 'PENDING', '2023-08-20 00:00:00');
INSERT INTO car_booking_history (id, booking_id, status, changed_at) VALUES ('da151882-9a1b-4cb3-9734-0606c00087da', '54de2b51-7af0-4940-9213-1c9fcabeca46', 'COMPLETED', '2023-08-20 02:00:00');
INSERT INTO car_bookings (id, car_id, renter_id, owner_id, status, start_date, end_date, total_days, price_per_day, base_price, service_fee, taxes, total, deposit, include_insurance, has_chauffeur, airport_delivery, wedding_package, business_package, created_at) VALUES ('11c31f9b-e5d8-4683-9e3e-b8b41562e3bf', 'CAR-002', 'D4E5F6G7-H8I9-0123-DEFG-456789012345', 'E5F6G7H8-I9J0-1234-EFGH-567890123456', 'COMPLETED', '2023-02-08', '2023-02-15', 7, 750000, 5250000, 525000.0, 420000.0, 6195000.0, 1500000, 0, 0, 0, 0, 0, '2023-01-30 00:00:00');
INSERT INTO car_booking_history (id, booking_id, status, changed_at) VALUES ('4bcf06bb-a595-4b49-b400-57276e61404c', '11c31f9b-e5d8-4683-9e3e-b8b41562e3bf', 'PENDING', '2023-01-30 00:00:00');
INSERT INTO car_booking_history (id, booking_id, status, changed_at) VALUES ('4dd27468-e8ba-4a43-95c3-7eb2dad955c8', '11c31f9b-e5d8-4683-9e3e-b8b41562e3bf', 'COMPLETED', '2023-01-30 02:00:00');
INSERT INTO car_bookings (id, car_id, renter_id, owner_id, status, start_date, end_date, total_days, price_per_day, base_price, service_fee, taxes, total, deposit, include_insurance, has_chauffeur, airport_delivery, wedding_package, business_package, created_at) VALUES ('a8dc47bb-a65c-4e19-ba62-30da6094064d', 'CAR-003', 'B2C3D4E5-F6G7-8901-BCDE-234567890123', 'E5F6G7H8-I9J0-1234-EFGH-567890123456', 'COMPLETED', '2023-01-12', '2023-01-18', 6, 950000, 5700000, 570000.0, 456000.0, 6726000.0, 1900000, 0, 0, 0, 0, 0, '2023-01-04 00:00:00');
INSERT INTO car_booking_history (id, booking_id, status, changed_at) VALUES ('f6fa108b-cb98-4979-be3a-e301042054ce', 'a8dc47bb-a65c-4e19-ba62-30da6094064d', 'PENDING', '2023-01-04 00:00:00');
INSERT INTO car_booking_history (id, booking_id, status, changed_at) VALUES ('7b2b7396-c8c6-4191-85d3-b83445788fb9', 'a8dc47bb-a65c-4e19-ba62-30da6094064d', 'COMPLETED', '2023-01-04 02:00:00');
INSERT INTO car_bookings (id, car_id, renter_id, owner_id, status, start_date, end_date, total_days, price_per_day, base_price, service_fee, taxes, total, deposit, include_insurance, has_chauffeur, airport_delivery, wedding_package, business_package, created_at) VALUES ('1e7fda64-241d-4a8c-86eb-06bd48a724d1', 'CAR-007', 'B2C3D4E5-F6G7-8901-BCDE-234567890123', 'G7H8I9J0-K1L2-3456-GHIJ-789012345678', 'COMPLETED', '2024-02-22', '2024-02-26', 4, 1800000, 7200000, 720000.0, 576000.0, 8496000.0, 3600000, 0, 0, 0, 0, 0, '2024-02-16 00:00:00');
INSERT INTO car_booking_history (id, booking_id, status, changed_at) VALUES ('bf483a1c-ad86-4554-88a1-5135cbd366c5', '1e7fda64-241d-4a8c-86eb-06bd48a724d1', 'PENDING', '2024-02-16 00:00:00');
INSERT INTO car_booking_history (id, booking_id, status, changed_at) VALUES ('1323c648-bd59-43b4-8dfc-bcf7d90060fa', '1e7fda64-241d-4a8c-86eb-06bd48a724d1', 'COMPLETED', '2024-02-16 02:00:00');
INSERT INTO car_bookings (id, car_id, renter_id, owner_id, status, start_date, end_date, total_days, price_per_day, base_price, service_fee, taxes, total, deposit, include_insurance, has_chauffeur, airport_delivery, wedding_package, business_package, created_at) VALUES ('79d46038-3d60-48bc-9ade-d5517196d005', 'CAR-007', 'D4E5F6G7-H8I9-0123-DEFG-456789012345', 'G7H8I9J0-K1L2-3456-GHIJ-789012345678', 'COMPLETED', '2024-05-26', '2024-06-03', 8, 1800000, 14400000, 1440000.0, 1152000.0, 16992000.0, 3600000, 0, 0, 0, 0, 0, '2024-05-15 00:00:00');
INSERT INTO car_booking_history (id, booking_id, status, changed_at) VALUES ('725af245-8c83-4619-ace4-349359cda7d5', '79d46038-3d60-48bc-9ade-d5517196d005', 'PENDING', '2024-05-15 00:00:00');
INSERT INTO car_booking_history (id, booking_id, status, changed_at) VALUES ('0d49a97c-a37c-4038-8dd1-c8cbd25968d6', '79d46038-3d60-48bc-9ade-d5517196d005', 'COMPLETED', '2024-05-15 02:00:00');
INSERT INTO car_bookings (id, car_id, renter_id, owner_id, status, start_date, end_date, total_days, price_per_day, base_price, service_fee, taxes, total, deposit, include_insurance, has_chauffeur, airport_delivery, wedding_package, business_package, created_at) VALUES ('72a3e003-3a34-4561-9458-c6946d0b1ee8', 'CAR-002', 'D4E5F6G7-H8I9-0123-DEFG-456789012345', 'E5F6G7H8-I9J0-1234-EFGH-567890123456', 'CANCELLED', '2023-09-25', '2023-09-27', 2, 750000, 1500000, 150000.0, 120000.0, 1770000.0, 1500000, 0, 0, 0, 0, 0, '2023-09-12 00:00:00');
INSERT INTO car_booking_history (id, booking_id, status, changed_at) VALUES ('ef4e596d-25b1-4bd6-b548-aef2ef0b417b', '72a3e003-3a34-4561-9458-c6946d0b1ee8', 'PENDING', '2023-09-12 00:00:00');
INSERT INTO car_booking_history (id, booking_id, status, changed_at) VALUES ('a0702e46-dce7-4bf2-a44c-b92d37338c31', '72a3e003-3a34-4561-9458-c6946d0b1ee8', 'CANCELLED', '2023-09-12 02:00:00');
INSERT INTO car_bookings (id, car_id, renter_id, owner_id, status, start_date, end_date, total_days, price_per_day, base_price, service_fee, taxes, total, deposit, include_insurance, has_chauffeur, airport_delivery, wedding_package, business_package, created_at) VALUES ('41949f06-37d2-4053-b373-40b5fba2d888', 'CAR-004', 'B2C3D4E5-F6G7-8901-BCDE-234567890123', 'F6G7H8I9-J0K1-2345-FGHI-678901234567', 'COMPLETED', '2023-06-23', '2023-07-03', 10, 2500000, 25000000, 2500000.0, 2000000.0, 29500000.0, 5000000, 0, 0, 0, 0, 0, '2023-06-17 00:00:00');
INSERT INTO car_booking_history (id, booking_id, status, changed_at) VALUES ('106e6657-15bf-4e34-9a0a-7ee48e22bc25', '41949f06-37d2-4053-b373-40b5fba2d888', 'PENDING', '2023-06-17 00:00:00');
INSERT INTO car_booking_history (id, booking_id, status, changed_at) VALUES ('5909aaf5-9fb0-41fc-8352-18dedf61f0df', '41949f06-37d2-4053-b373-40b5fba2d888', 'COMPLETED', '2023-06-17 02:00:00');
INSERT INTO car_bookings (id, car_id, renter_id, owner_id, status, start_date, end_date, total_days, price_per_day, base_price, service_fee, taxes, total, deposit, include_insurance, has_chauffeur, airport_delivery, wedding_package, business_package, created_at) VALUES ('43ef290b-542b-4982-a523-4ec38e16bffb', 'CAR-004', 'C3D4E5F6-G7H8-9012-CDEF-345678901234', 'F6G7H8I9-J0K1-2345-FGHI-678901234567', 'COMPLETED', '2023-05-24', '2023-05-25', 1, 2500000, 2500000, 250000.0, 200000.0, 2950000.0, 5000000, 0, 0, 0, 0, 0, '2023-05-11 00:00:00');
INSERT INTO car_booking_history (id, booking_id, status, changed_at) VALUES ('eefea667-1a0a-4dda-a9d4-adbef6c25aa8', '43ef290b-542b-4982-a523-4ec38e16bffb', 'PENDING', '2023-05-11 00:00:00');
INSERT INTO car_booking_history (id, booking_id, status, changed_at) VALUES ('a36880e1-d801-435a-bbb2-e83707fcbe72', '43ef290b-542b-4982-a523-4ec38e16bffb', 'COMPLETED', '2023-05-11 02:00:00');
INSERT INTO car_bookings (id, car_id, renter_id, owner_id, status, start_date, end_date, total_days, price_per_day, base_price, service_fee, taxes, total, deposit, include_insurance, has_chauffeur, airport_delivery, wedding_package, business_package, created_at) VALUES ('3dfac61d-76a8-4936-a555-8dab0b0ee7bb', 'CAR-001', 'B2C3D4E5-F6G7-8901-BCDE-234567890123', 'E5F6G7H8-I9J0-1234-EFGH-567890123456', 'CANCELLED', '2023-09-07', '2023-09-16', 9, 800000, 7200000, 720000.0, 576000.0, 8496000.0, 1600000, 0, 0, 0, 0, 0, '2023-09-01 00:00:00');
INSERT INTO car_booking_history (id, booking_id, status, changed_at) VALUES ('bd78d67f-f084-43a9-b31d-329ee4c249cb', '3dfac61d-76a8-4936-a555-8dab0b0ee7bb', 'PENDING', '2023-09-01 00:00:00');
INSERT INTO car_booking_history (id, booking_id, status, changed_at) VALUES ('b09fafb5-f1b5-4922-849f-b2294be8ab27', '3dfac61d-76a8-4936-a555-8dab0b0ee7bb', 'CANCELLED', '2023-09-01 02:00:00');
INSERT INTO car_bookings (id, car_id, renter_id, owner_id, status, start_date, end_date, total_days, price_per_day, base_price, service_fee, taxes, total, deposit, include_insurance, has_chauffeur, airport_delivery, wedding_package, business_package, created_at) VALUES ('d61c81dd-f7ed-44e2-87fb-0a3cc2102df3', 'CAR-003', 'D4E5F6G7-H8I9-0123-DEFG-456789012345', 'E5F6G7H8-I9J0-1234-EFGH-567890123456', 'COMPLETED', '2024-03-18', '2024-03-23', 5, 950000, 4750000, 475000.0, 380000.0, 5605000.0, 1900000, 0, 0, 0, 0, 0, '2024-03-16 00:00:00');
INSERT INTO car_booking_history (id, booking_id, status, changed_at) VALUES ('6b85c126-1e88-4687-9213-5f7200091af9', 'd61c81dd-f7ed-44e2-87fb-0a3cc2102df3', 'PENDING', '2024-03-16 00:00:00');
INSERT INTO car_booking_history (id, booking_id, status, changed_at) VALUES ('6816b121-74ce-4444-8def-c1be71752a94', 'd61c81dd-f7ed-44e2-87fb-0a3cc2102df3', 'COMPLETED', '2024-03-16 02:00:00');
INSERT INTO car_bookings (id, car_id, renter_id, owner_id, status, start_date, end_date, total_days, price_per_day, base_price, service_fee, taxes, total, deposit, include_insurance, has_chauffeur, airport_delivery, wedding_package, business_package, created_at) VALUES ('6a3e1539-aab7-4b20-a55d-450b25a31435', 'CAR-001', 'B2C3D4E5-F6G7-8901-BCDE-234567890123', 'E5F6G7H8-I9J0-1234-EFGH-567890123456', 'COMPLETED', '2023-08-01', '2023-08-06', 5, 800000, 4000000, 400000.0, 320000.0, 4720000.0, 1600000, 0, 0, 0, 0, 0, '2023-07-18 00:00:00');
INSERT INTO car_booking_history (id, booking_id, status, changed_at) VALUES ('88b0d84c-3d36-4642-9b55-e19d5fa275b7', '6a3e1539-aab7-4b20-a55d-450b25a31435', 'PENDING', '2023-07-18 00:00:00');
INSERT INTO car_booking_history (id, booking_id, status, changed_at) VALUES ('bf8b959d-3bb7-4f8b-9e30-decdc5fb7459', '6a3e1539-aab7-4b20-a55d-450b25a31435', 'COMPLETED', '2023-07-18 02:00:00');
INSERT INTO car_bookings (id, car_id, renter_id, owner_id, status, start_date, end_date, total_days, price_per_day, base_price, service_fee, taxes, total, deposit, include_insurance, has_chauffeur, airport_delivery, wedding_package, business_package, created_at) VALUES ('03f3ff56-5ba5-4467-8585-a4ef07466924', 'CAR-007', 'B2C3D4E5-F6G7-8901-BCDE-234567890123', 'G7H8I9J0-K1L2-3456-GHIJ-789012345678', 'COMPLETED', '2023-01-19', '2023-01-23', 4, 1800000, 7200000, 720000.0, 576000.0, 8496000.0, 3600000, 0, 0, 0, 0, 0, '2023-01-08 00:00:00');
INSERT INTO car_booking_history (id, booking_id, status, changed_at) VALUES ('0937604b-068e-441e-a8e0-069f93028bd7', '03f3ff56-5ba5-4467-8585-a4ef07466924', 'PENDING', '2023-01-08 00:00:00');
INSERT INTO car_booking_history (id, booking_id, status, changed_at) VALUES ('6a7f9579-0cb8-4306-8f71-c47eb2bf2414', '03f3ff56-5ba5-4467-8585-a4ef07466924', 'COMPLETED', '2023-01-08 02:00:00');
INSERT INTO car_bookings (id, car_id, renter_id, owner_id, status, start_date, end_date, total_days, price_per_day, base_price, service_fee, taxes, total, deposit, include_insurance, has_chauffeur, airport_delivery, wedding_package, business_package, created_at) VALUES ('ac82c62b-66a8-4c64-8a1f-f5b5d3346140', 'CAR-003', 'D4E5F6G7-H8I9-0123-DEFG-456789012345', 'E5F6G7H8-I9J0-1234-EFGH-567890123456', 'COMPLETED', '2024-03-25', '2024-03-26', 1, 950000, 950000, 95000.0, 76000.0, 1121000.0, 1900000, 0, 0, 0, 0, 0, '2024-03-23 00:00:00');
INSERT INTO car_booking_history (id, booking_id, status, changed_at) VALUES ('33b25d84-839f-49bc-be26-9b69c15e7623', 'ac82c62b-66a8-4c64-8a1f-f5b5d3346140', 'PENDING', '2024-03-23 00:00:00');
INSERT INTO car_booking_history (id, booking_id, status, changed_at) VALUES ('acac443d-1b94-4ece-bc69-5736e0b5a4fa', 'ac82c62b-66a8-4c64-8a1f-f5b5d3346140', 'COMPLETED', '2024-03-23 02:00:00');
INSERT INTO car_bookings (id, car_id, renter_id, owner_id, status, start_date, end_date, total_days, price_per_day, base_price, service_fee, taxes, total, deposit, include_insurance, has_chauffeur, airport_delivery, wedding_package, business_package, created_at) VALUES ('71ba2ad2-abe6-4365-aa47-283ad5f68f13', 'CAR-001', 'C3D4E5F6-G7H8-9012-CDEF-345678901234', 'E5F6G7H8-I9J0-1234-EFGH-567890123456', 'COMPLETED', '2023-09-06', '2023-09-08', 2, 800000, 1600000, 160000.0, 128000.0, 1888000.0, 1600000, 0, 0, 0, 0, 0, '2023-09-02 00:00:00');
INSERT INTO car_booking_history (id, booking_id, status, changed_at) VALUES ('ff77faaa-d2c1-428e-b451-500ff09930bb', '71ba2ad2-abe6-4365-aa47-283ad5f68f13', 'PENDING', '2023-09-02 00:00:00');
INSERT INTO car_booking_history (id, booking_id, status, changed_at) VALUES ('551e4638-fc1f-4a65-b4f0-1d77e9fa2784', '71ba2ad2-abe6-4365-aa47-283ad5f68f13', 'COMPLETED', '2023-09-02 02:00:00');
INSERT INTO car_bookings (id, car_id, renter_id, owner_id, status, start_date, end_date, total_days, price_per_day, base_price, service_fee, taxes, total, deposit, include_insurance, has_chauffeur, airport_delivery, wedding_package, business_package, created_at) VALUES ('ddc4e664-e021-4c80-80ed-bdaf162cc2a8', 'CAR-003', 'D4E5F6G7-H8I9-0123-DEFG-456789012345', 'E5F6G7H8-I9J0-1234-EFGH-567890123456', 'COMPLETED', '2023-04-22', '2023-04-25', 3, 950000, 2850000, 285000.0, 228000.0, 3363000.0, 1900000, 0, 0, 0, 0, 0, '2023-04-19 00:00:00');
INSERT INTO car_booking_history (id, booking_id, status, changed_at) VALUES ('4c24e587-2024-452f-b1d1-518d3d62dbae', 'ddc4e664-e021-4c80-80ed-bdaf162cc2a8', 'PENDING', '2023-04-19 00:00:00');
INSERT INTO car_booking_history (id, booking_id, status, changed_at) VALUES ('680b971a-4720-4f2a-8778-1dfeef2df5ad', 'ddc4e664-e021-4c80-80ed-bdaf162cc2a8', 'COMPLETED', '2023-04-19 02:00:00');
INSERT INTO car_bookings (id, car_id, renter_id, owner_id, status, start_date, end_date, total_days, price_per_day, base_price, service_fee, taxes, total, deposit, include_insurance, has_chauffeur, airport_delivery, wedding_package, business_package, created_at) VALUES ('e3e169c4-d6c6-44c1-a3fe-8aeb55fdcb99', 'CAR-007', 'D4E5F6G7-H8I9-0123-DEFG-456789012345', 'G7H8I9J0-K1L2-3456-GHIJ-789012345678', 'CANCELLED', '2024-03-24', '2024-03-29', 5, 1800000, 9000000, 900000.0, 720000.0, 10620000.0, 3600000, 0, 0, 0, 0, 0, '2024-03-14 00:00:00');
INSERT INTO car_booking_history (id, booking_id, status, changed_at) VALUES ('c5a80073-f38c-4fea-a3a5-b73c41d1f180', 'e3e169c4-d6c6-44c1-a3fe-8aeb55fdcb99', 'PENDING', '2024-03-14 00:00:00');
INSERT INTO car_booking_history (id, booking_id, status, changed_at) VALUES ('9db353ae-af22-4af5-acb3-d7a4d59f767b', 'e3e169c4-d6c6-44c1-a3fe-8aeb55fdcb99', 'CANCELLED', '2024-03-14 02:00:00');
INSERT INTO car_bookings (id, car_id, renter_id, owner_id, status, start_date, end_date, total_days, price_per_day, base_price, service_fee, taxes, total, deposit, include_insurance, has_chauffeur, airport_delivery, wedding_package, business_package, created_at) VALUES ('e59e2d3c-a38a-4c72-8012-6d7db7abf7f5', 'CAR-001', 'C3D4E5F6-G7H8-9012-CDEF-345678901234', 'E5F6G7H8-I9J0-1234-EFGH-567890123456', 'COMPLETED', '2023-04-02', '2023-04-03', 1, 800000, 800000, 80000.0, 64000.0, 944000.0, 1600000, 0, 0, 0, 0, 0, '2023-03-27 00:00:00');
INSERT INTO car_booking_history (id, booking_id, status, changed_at) VALUES ('03d86f78-1f49-4d99-a782-526282b8a57a', 'e59e2d3c-a38a-4c72-8012-6d7db7abf7f5', 'PENDING', '2023-03-27 00:00:00');
INSERT INTO car_booking_history (id, booking_id, status, changed_at) VALUES ('28147a1f-f864-4a4e-8cec-40ae8f50ba52', 'e59e2d3c-a38a-4c72-8012-6d7db7abf7f5', 'COMPLETED', '2023-03-27 02:00:00');
INSERT INTO car_bookings (id, car_id, renter_id, owner_id, status, start_date, end_date, total_days, price_per_day, base_price, service_fee, taxes, total, deposit, include_insurance, has_chauffeur, airport_delivery, wedding_package, business_package, created_at) VALUES ('8bb73059-ccd8-486d-a91d-c7270ba791fe', 'CAR-001', 'B2C3D4E5-F6G7-8901-BCDE-234567890123', 'E5F6G7H8-I9J0-1234-EFGH-567890123456', 'CANCELLED', '2024-03-18', '2024-03-21', 3, 800000, 2400000, 240000.0, 192000.0, 2832000.0, 1600000, 0, 0, 0, 0, 0, '2024-03-12 00:00:00');
INSERT INTO car_booking_history (id, booking_id, status, changed_at) VALUES ('52d5bd75-d35b-4b7f-a747-0efb4a9745c4', '8bb73059-ccd8-486d-a91d-c7270ba791fe', 'PENDING', '2024-03-12 00:00:00');
INSERT INTO car_booking_history (id, booking_id, status, changed_at) VALUES ('25acf7ef-36b2-49ec-861b-136c27dbc0b9', '8bb73059-ccd8-486d-a91d-c7270ba791fe', 'CANCELLED', '2024-03-12 02:00:00');
INSERT INTO car_bookings (id, car_id, renter_id, owner_id, status, start_date, end_date, total_days, price_per_day, base_price, service_fee, taxes, total, deposit, include_insurance, has_chauffeur, airport_delivery, wedding_package, business_package, created_at) VALUES ('5a9aba1f-b2cb-4cbb-9ae3-3ec5a13f738c', 'CAR-002', 'C3D4E5F6-G7H8-9012-CDEF-345678901234', 'E5F6G7H8-I9J0-1234-EFGH-567890123456', 'COMPLETED', '2023-06-03', '2023-06-13', 10, 750000, 7500000, 750000.0, 600000.0, 8850000.0, 1500000, 0, 0, 0, 0, 0, '2023-05-20 00:00:00');
INSERT INTO car_booking_history (id, booking_id, status, changed_at) VALUES ('32cc6191-314d-45c5-8dae-a2440017346e', '5a9aba1f-b2cb-4cbb-9ae3-3ec5a13f738c', 'PENDING', '2023-05-20 00:00:00');
INSERT INTO car_booking_history (id, booking_id, status, changed_at) VALUES ('e27824de-af8d-4790-8cbd-992dfce7d506', '5a9aba1f-b2cb-4cbb-9ae3-3ec5a13f738c', 'COMPLETED', '2023-05-20 02:00:00');
INSERT INTO car_bookings (id, car_id, renter_id, owner_id, status, start_date, end_date, total_days, price_per_day, base_price, service_fee, taxes, total, deposit, include_insurance, has_chauffeur, airport_delivery, wedding_package, business_package, created_at) VALUES ('327f2e36-ccd7-4af5-869b-deab2d8b8c61', 'CAR-007', 'B2C3D4E5-F6G7-8901-BCDE-234567890123', 'G7H8I9J0-K1L2-3456-GHIJ-789012345678', 'COMPLETED', '2023-02-17', '2023-02-24', 7, 1800000, 12600000, 1260000.0, 1008000.0, 14868000.0, 3600000, 0, 0, 0, 0, 0, '2023-02-07 00:00:00');
INSERT INTO car_booking_history (id, booking_id, status, changed_at) VALUES ('08d49075-66c5-40e6-aa78-3d45bf173183', '327f2e36-ccd7-4af5-869b-deab2d8b8c61', 'PENDING', '2023-02-07 00:00:00');
INSERT INTO car_booking_history (id, booking_id, status, changed_at) VALUES ('f5b37b61-9634-44e9-9acb-4ff97c6752dc', '327f2e36-ccd7-4af5-869b-deab2d8b8c61', 'COMPLETED', '2023-02-07 02:00:00');
INSERT INTO car_bookings (id, car_id, renter_id, owner_id, status, start_date, end_date, total_days, price_per_day, base_price, service_fee, taxes, total, deposit, include_insurance, has_chauffeur, airport_delivery, wedding_package, business_package, created_at) VALUES ('e0075c8f-2c6a-4539-b6e9-403b4fbc46eb', 'CAR-003', 'C3D4E5F6-G7H8-9012-CDEF-345678901234', 'E5F6G7H8-I9J0-1234-EFGH-567890123456', 'COMPLETED', '2023-03-25', '2023-03-28', 3, 950000, 2850000, 285000.0, 228000.0, 3363000.0, 1900000, 0, 0, 0, 0, 0, '2023-03-23 00:00:00');
INSERT INTO car_booking_history (id, booking_id, status, changed_at) VALUES ('517e9520-47ed-40ee-8201-11e9a91ecafd', 'e0075c8f-2c6a-4539-b6e9-403b4fbc46eb', 'PENDING', '2023-03-23 00:00:00');
INSERT INTO car_booking_history (id, booking_id, status, changed_at) VALUES ('c135af01-5a5b-4493-b953-f74405fb2b61', 'e0075c8f-2c6a-4539-b6e9-403b4fbc46eb', 'COMPLETED', '2023-03-23 02:00:00');
INSERT INTO car_bookings (id, car_id, renter_id, owner_id, status, start_date, end_date, total_days, price_per_day, base_price, service_fee, taxes, total, deposit, include_insurance, has_chauffeur, airport_delivery, wedding_package, business_package, created_at) VALUES ('beab5f24-d83c-4f14-a5d3-e61267c1f4bf', 'CAR-004', 'D4E5F6G7-H8I9-0123-DEFG-456789012345', 'F6G7H8I9-J0K1-2345-FGHI-678901234567', 'CANCELLED', '2023-03-15', '2023-03-25', 10, 2500000, 25000000, 2500000.0, 2000000.0, 29500000.0, 5000000, 0, 0, 0, 0, 0, '2023-03-13 00:00:00');
INSERT INTO car_booking_history (id, booking_id, status, changed_at) VALUES ('f4f697b1-d4bb-493a-90da-f50e09197dfb', 'beab5f24-d83c-4f14-a5d3-e61267c1f4bf', 'PENDING', '2023-03-13 00:00:00');
INSERT INTO car_booking_history (id, booking_id, status, changed_at) VALUES ('ca1f7413-4f20-47d9-a6ba-8c7bbef12e11', 'beab5f24-d83c-4f14-a5d3-e61267c1f4bf', 'CANCELLED', '2023-03-13 02:00:00');
INSERT INTO car_bookings (id, car_id, renter_id, owner_id, status, start_date, end_date, total_days, price_per_day, base_price, service_fee, taxes, total, deposit, include_insurance, has_chauffeur, airport_delivery, wedding_package, business_package, created_at) VALUES ('c133a5ab-2e85-48dd-a8f4-c59751d7f880', 'CAR-003', 'D4E5F6G7-H8I9-0123-DEFG-456789012345', 'E5F6G7H8-I9J0-1234-EFGH-567890123456', 'COMPLETED', '2024-02-06', '2024-02-15', 9, 950000, 8550000, 855000.0, 684000.0, 10089000.0, 1900000, 0, 0, 0, 0, 0, '2024-01-30 00:00:00');
INSERT INTO car_booking_history (id, booking_id, status, changed_at) VALUES ('c902e3fe-23ed-45e8-8c6e-dc9a062d4545', 'c133a5ab-2e85-48dd-a8f4-c59751d7f880', 'PENDING', '2024-01-30 00:00:00');
INSERT INTO car_booking_history (id, booking_id, status, changed_at) VALUES ('224f9f61-16e3-42a1-bddc-fcfed2f52630', 'c133a5ab-2e85-48dd-a8f4-c59751d7f880', 'COMPLETED', '2024-01-30 02:00:00');
INSERT INTO car_bookings (id, car_id, renter_id, owner_id, status, start_date, end_date, total_days, price_per_day, base_price, service_fee, taxes, total, deposit, include_insurance, has_chauffeur, airport_delivery, wedding_package, business_package, created_at) VALUES ('f525e712-6c5d-422c-8a0e-ab3c83b7e890', 'CAR-002', 'B2C3D4E5-F6G7-8901-BCDE-234567890123', 'E5F6G7H8-I9J0-1234-EFGH-567890123456', 'COMPLETED', '2023-12-26', '2024-01-05', 10, 750000, 7500000, 750000.0, 600000.0, 8850000.0, 1500000, 0, 0, 0, 0, 0, '2023-12-17 00:00:00');
INSERT INTO car_booking_history (id, booking_id, status, changed_at) VALUES ('dabac7ca-a22f-489c-a64c-96e0111ddac3', 'f525e712-6c5d-422c-8a0e-ab3c83b7e890', 'PENDING', '2023-12-17 00:00:00');
INSERT INTO car_booking_history (id, booking_id, status, changed_at) VALUES ('7962dd44-e431-44f4-b896-4b5d896064bc', 'f525e712-6c5d-422c-8a0e-ab3c83b7e890', 'COMPLETED', '2023-12-17 02:00:00');
INSERT INTO car_bookings (id, car_id, renter_id, owner_id, status, start_date, end_date, total_days, price_per_day, base_price, service_fee, taxes, total, deposit, include_insurance, has_chauffeur, airport_delivery, wedding_package, business_package, created_at) VALUES ('2138303f-58e9-4c94-9a76-e685d2625423', 'CAR-003', 'C3D4E5F6-G7H8-9012-CDEF-345678901234', 'E5F6G7H8-I9J0-1234-EFGH-567890123456', 'CANCELLED', '2024-02-18', '2024-02-22', 4, 950000, 3800000, 380000.0, 304000.0, 4484000.0, 1900000, 0, 0, 0, 0, 0, '2024-02-10 00:00:00');
INSERT INTO car_booking_history (id, booking_id, status, changed_at) VALUES ('3d33d3dd-e7b5-4b80-98a4-4f547ca3f5d9', '2138303f-58e9-4c94-9a76-e685d2625423', 'PENDING', '2024-02-10 00:00:00');
INSERT INTO car_booking_history (id, booking_id, status, changed_at) VALUES ('3b5d71b7-fb08-4558-9cda-b0699f6fe923', '2138303f-58e9-4c94-9a76-e685d2625423', 'CANCELLED', '2024-02-10 02:00:00');
INSERT INTO car_bookings (id, car_id, renter_id, owner_id, status, start_date, end_date, total_days, price_per_day, base_price, service_fee, taxes, total, deposit, include_insurance, has_chauffeur, airport_delivery, wedding_package, business_package, created_at) VALUES ('9eb07383-bce0-4365-8f05-3a4fd445b16d', 'CAR-001', 'D4E5F6G7-H8I9-0123-DEFG-456789012345', 'E5F6G7H8-I9J0-1234-EFGH-567890123456', 'COMPLETED', '2024-02-29', '2024-03-06', 6, 800000, 4800000, 480000.0, 384000.0, 5664000.0, 1600000, 0, 0, 0, 0, 0, '2024-02-21 00:00:00');
INSERT INTO car_booking_history (id, booking_id, status, changed_at) VALUES ('b2d3989a-ed42-4a30-9a00-dfba9c5df78b', '9eb07383-bce0-4365-8f05-3a4fd445b16d', 'PENDING', '2024-02-21 00:00:00');
INSERT INTO car_booking_history (id, booking_id, status, changed_at) VALUES ('85b8c208-cb86-4e00-94c0-a33469fcc4be', '9eb07383-bce0-4365-8f05-3a4fd445b16d', 'COMPLETED', '2024-02-21 02:00:00');
INSERT INTO car_bookings (id, car_id, renter_id, owner_id, status, start_date, end_date, total_days, price_per_day, base_price, service_fee, taxes, total, deposit, include_insurance, has_chauffeur, airport_delivery, wedding_package, business_package, created_at) VALUES ('39c30e54-5d91-4141-b3e2-af39318209c3', 'CAR-001', 'B2C3D4E5-F6G7-8901-BCDE-234567890123', 'E5F6G7H8-I9J0-1234-EFGH-567890123456', 'COMPLETED', '2023-10-16', '2023-10-19', 3, 800000, 2400000, 240000.0, 192000.0, 2832000.0, 1600000, 0, 0, 0, 0, 0, '2023-10-13 00:00:00');
INSERT INTO car_booking_history (id, booking_id, status, changed_at) VALUES ('3bed6e92-4d3c-4441-ac9e-f7fb9f48ff2c', '39c30e54-5d91-4141-b3e2-af39318209c3', 'PENDING', '2023-10-13 00:00:00');
INSERT INTO car_booking_history (id, booking_id, status, changed_at) VALUES ('a4583cd1-3d62-4348-be7f-326a3fef494b', '39c30e54-5d91-4141-b3e2-af39318209c3', 'COMPLETED', '2023-10-13 02:00:00');
INSERT INTO car_bookings (id, car_id, renter_id, owner_id, status, start_date, end_date, total_days, price_per_day, base_price, service_fee, taxes, total, deposit, include_insurance, has_chauffeur, airport_delivery, wedding_package, business_package, created_at) VALUES ('358c8513-c277-423f-a047-9720dabc4c41', 'CAR-007', 'C3D4E5F6-G7H8-9012-CDEF-345678901234', 'G7H8I9J0-K1L2-3456-GHIJ-789012345678', 'CANCELLED', '2023-09-22', '2023-09-25', 3, 1800000, 5400000, 540000.0, 432000.0, 6372000.0, 3600000, 0, 0, 0, 0, 0, '2023-09-20 00:00:00');
INSERT INTO car_booking_history (id, booking_id, status, changed_at) VALUES ('1b77b551-2491-47ad-a11c-28e9682017df', '358c8513-c277-423f-a047-9720dabc4c41', 'PENDING', '2023-09-20 00:00:00');
INSERT INTO car_booking_history (id, booking_id, status, changed_at) VALUES ('f2e83456-9b0c-4440-8c50-75335956f6c1', '358c8513-c277-423f-a047-9720dabc4c41', 'CANCELLED', '2023-09-20 02:00:00');
INSERT INTO car_bookings (id, car_id, renter_id, owner_id, status, start_date, end_date, total_days, price_per_day, base_price, service_fee, taxes, total, deposit, include_insurance, has_chauffeur, airport_delivery, wedding_package, business_package, created_at) VALUES ('aa91b82a-d1aa-4e96-816b-9b2f63d30217', 'CAR-002', 'B2C3D4E5-F6G7-8901-BCDE-234567890123', 'E5F6G7H8-I9J0-1234-EFGH-567890123456', 'COMPLETED', '2024-02-15', '2024-02-18', 3, 750000, 2250000, 225000.0, 180000.0, 2655000.0, 1500000, 0, 0, 0, 0, 0, '2024-02-09 00:00:00');
INSERT INTO car_booking_history (id, booking_id, status, changed_at) VALUES ('d55ff19f-98a4-475a-b7a0-1c4a91c1c5a5', 'aa91b82a-d1aa-4e96-816b-9b2f63d30217', 'PENDING', '2024-02-09 00:00:00');
INSERT INTO car_booking_history (id, booking_id, status, changed_at) VALUES ('394d56f3-eb4d-474b-80ba-902152d8afd5', 'aa91b82a-d1aa-4e96-816b-9b2f63d30217', 'COMPLETED', '2024-02-09 02:00:00');
INSERT INTO car_bookings (id, car_id, renter_id, owner_id, status, start_date, end_date, total_days, price_per_day, base_price, service_fee, taxes, total, deposit, include_insurance, has_chauffeur, airport_delivery, wedding_package, business_package, created_at) VALUES ('570c8461-fb62-4d8e-a57c-a594dbccb9ef', 'CAR-007', 'C3D4E5F6-G7H8-9012-CDEF-345678901234', 'G7H8I9J0-K1L2-3456-GHIJ-789012345678', 'CANCELLED', '2023-08-08', '2023-08-18', 10, 1800000, 18000000, 1800000.0, 1440000.0, 21240000.0, 3600000, 0, 0, 0, 0, 0, '2023-07-29 00:00:00');
INSERT INTO car_booking_history (id, booking_id, status, changed_at) VALUES ('fcf7ede8-ae7e-40c3-bf32-94e30e3297d3', '570c8461-fb62-4d8e-a57c-a594dbccb9ef', 'PENDING', '2023-07-29 00:00:00');
INSERT INTO car_booking_history (id, booking_id, status, changed_at) VALUES ('bdc3359e-e359-4c00-9802-1f06d8d08241', '570c8461-fb62-4d8e-a57c-a594dbccb9ef', 'CANCELLED', '2023-07-29 02:00:00');
INSERT INTO car_bookings (id, car_id, renter_id, owner_id, status, start_date, end_date, total_days, price_per_day, base_price, service_fee, taxes, total, deposit, include_insurance, has_chauffeur, airport_delivery, wedding_package, business_package, created_at) VALUES ('3bd50a3b-5c7d-4ce6-823d-2c25089d677b', 'CAR-004', 'B2C3D4E5-F6G7-8901-BCDE-234567890123', 'F6G7H8I9-J0K1-2345-FGHI-678901234567', 'COMPLETED', '2023-01-28', '2023-01-31', 3, 2500000, 7500000, 750000.0, 600000.0, 8850000.0, 5000000, 0, 0, 0, 0, 0, '2023-01-24 00:00:00');
INSERT INTO car_booking_history (id, booking_id, status, changed_at) VALUES ('ed141c1a-d769-437b-92ee-ecdd962fae85', '3bd50a3b-5c7d-4ce6-823d-2c25089d677b', 'PENDING', '2023-01-24 00:00:00');
INSERT INTO car_booking_history (id, booking_id, status, changed_at) VALUES ('0d301eba-5bc1-497d-a011-f352d792e609', '3bd50a3b-5c7d-4ce6-823d-2c25089d677b', 'COMPLETED', '2023-01-24 02:00:00');
INSERT INTO car_bookings (id, car_id, renter_id, owner_id, status, start_date, end_date, total_days, price_per_day, base_price, service_fee, taxes, total, deposit, include_insurance, has_chauffeur, airport_delivery, wedding_package, business_package, created_at) VALUES ('2135dd31-4687-41b0-9b9a-aa6d2a7bdf90', 'CAR-003', 'C3D4E5F6-G7H8-9012-CDEF-345678901234', 'E5F6G7H8-I9J0-1234-EFGH-567890123456', 'COMPLETED', '2024-05-14', '2024-05-23', 9, 950000, 8550000, 855000.0, 684000.0, 10089000.0, 1900000, 0, 0, 0, 0, 0, '2024-05-09 00:00:00');
INSERT INTO car_booking_history (id, booking_id, status, changed_at) VALUES ('f6c75637-323f-4f7a-b0ea-1377e2d655c1', '2135dd31-4687-41b0-9b9a-aa6d2a7bdf90', 'PENDING', '2024-05-09 00:00:00');
INSERT INTO car_booking_history (id, booking_id, status, changed_at) VALUES ('afb59aff-33bd-4f2f-812e-d52c68d93da8', '2135dd31-4687-41b0-9b9a-aa6d2a7bdf90', 'COMPLETED', '2024-05-09 02:00:00');
INSERT INTO car_bookings (id, car_id, renter_id, owner_id, status, start_date, end_date, total_days, price_per_day, base_price, service_fee, taxes, total, deposit, include_insurance, has_chauffeur, airport_delivery, wedding_package, business_package, created_at) VALUES ('89bb1b7f-dea1-4531-b0b9-f88378a8fed0', 'CAR-007', 'B2C3D4E5-F6G7-8901-BCDE-234567890123', 'G7H8I9J0-K1L2-3456-GHIJ-789012345678', 'COMPLETED', '2023-11-04', '2023-11-05', 1, 1800000, 1800000, 180000.0, 144000.0, 2124000.0, 3600000, 0, 0, 0, 0, 0, '2023-11-01 00:00:00');
INSERT INTO car_booking_history (id, booking_id, status, changed_at) VALUES ('e61c09c7-b2ed-4b09-9963-cd68df5de09a', '89bb1b7f-dea1-4531-b0b9-f88378a8fed0', 'PENDING', '2023-11-01 00:00:00');
INSERT INTO car_booking_history (id, booking_id, status, changed_at) VALUES ('13001d2c-cfb1-4e08-a885-c7489b12d235', '89bb1b7f-dea1-4531-b0b9-f88378a8fed0', 'COMPLETED', '2023-11-01 02:00:00');
INSERT INTO car_bookings (id, car_id, renter_id, owner_id, status, start_date, end_date, total_days, price_per_day, base_price, service_fee, taxes, total, deposit, include_insurance, has_chauffeur, airport_delivery, wedding_package, business_package, created_at) VALUES ('7e41a8af-28ef-49fc-bb93-fe27d9c57787', 'CAR-007', 'D4E5F6G7-H8I9-0123-DEFG-456789012345', 'G7H8I9J0-K1L2-3456-GHIJ-789012345678', 'COMPLETED', '2023-06-22', '2023-06-29', 7, 1800000, 12600000, 1260000.0, 1008000.0, 14868000.0, 3600000, 0, 0, 0, 0, 0, '2023-06-16 00:00:00');
INSERT INTO car_booking_history (id, booking_id, status, changed_at) VALUES ('8b9d557b-ee94-4de2-a2e4-770ea8264823', '7e41a8af-28ef-49fc-bb93-fe27d9c57787', 'PENDING', '2023-06-16 00:00:00');
INSERT INTO car_booking_history (id, booking_id, status, changed_at) VALUES ('a3362150-5b4a-4fae-9597-fc97a782a77e', '7e41a8af-28ef-49fc-bb93-fe27d9c57787', 'COMPLETED', '2023-06-16 02:00:00');
INSERT INTO car_bookings (id, car_id, renter_id, owner_id, status, start_date, end_date, total_days, price_per_day, base_price, service_fee, taxes, total, deposit, include_insurance, has_chauffeur, airport_delivery, wedding_package, business_package, created_at) VALUES ('be3604b7-76b5-4727-9868-49c89ca116d3', 'CAR-007', 'B2C3D4E5-F6G7-8901-BCDE-234567890123', 'G7H8I9J0-K1L2-3456-GHIJ-789012345678', 'COMPLETED', '2024-01-07', '2024-01-16', 9, 1800000, 16200000, 1620000.0, 1296000.0, 19116000.0, 3600000, 0, 0, 0, 0, 0, '2024-01-06 00:00:00');
INSERT INTO car_booking_history (id, booking_id, status, changed_at) VALUES ('845aea0f-83fd-463e-87ab-d476949c1ab9', 'be3604b7-76b5-4727-9868-49c89ca116d3', 'PENDING', '2024-01-06 00:00:00');
INSERT INTO car_booking_history (id, booking_id, status, changed_at) VALUES ('dff8d5b5-8345-4133-955f-2fec3d433ae0', 'be3604b7-76b5-4727-9868-49c89ca116d3', 'COMPLETED', '2024-01-06 02:00:00');
INSERT INTO car_bookings (id, car_id, renter_id, owner_id, status, start_date, end_date, total_days, price_per_day, base_price, service_fee, taxes, total, deposit, include_insurance, has_chauffeur, airport_delivery, wedding_package, business_package, created_at) VALUES ('d3428b36-623c-49ad-8227-a10212ed8900', 'CAR-004', 'D4E5F6G7-H8I9-0123-DEFG-456789012345', 'F6G7H8I9-J0K1-2345-FGHI-678901234567', 'COMPLETED', '2024-01-01', '2024-01-10', 9, 2500000, 22500000, 2250000.0, 1800000.0, 26550000.0, 5000000, 0, 0, 0, 0, 0, '2023-12-26 00:00:00');
INSERT INTO car_booking_history (id, booking_id, status, changed_at) VALUES ('3c421c28-ca0d-4fdc-a3ed-f9f4405cfec8', 'd3428b36-623c-49ad-8227-a10212ed8900', 'PENDING', '2023-12-26 00:00:00');
INSERT INTO car_booking_history (id, booking_id, status, changed_at) VALUES ('da18dfd0-d95b-4571-a3bf-5eb4475baf22', 'd3428b36-623c-49ad-8227-a10212ed8900', 'COMPLETED', '2023-12-26 02:00:00');
INSERT INTO car_bookings (id, car_id, renter_id, owner_id, status, start_date, end_date, total_days, price_per_day, base_price, service_fee, taxes, total, deposit, include_insurance, has_chauffeur, airport_delivery, wedding_package, business_package, created_at) VALUES ('30ceaf98-c538-4f79-8483-371eba4ceea7', 'CAR-007', 'B2C3D4E5-F6G7-8901-BCDE-234567890123', 'G7H8I9J0-K1L2-3456-GHIJ-789012345678', 'COMPLETED', '2023-07-13', '2023-07-19', 6, 1800000, 10800000, 1080000.0, 864000.0, 12744000.0, 3600000, 0, 0, 0, 0, 0, '2023-07-12 00:00:00');
INSERT INTO car_booking_history (id, booking_id, status, changed_at) VALUES ('9b9e50bf-5ea6-474d-b7b2-daf9877f72ba', '30ceaf98-c538-4f79-8483-371eba4ceea7', 'PENDING', '2023-07-12 00:00:00');
INSERT INTO car_booking_history (id, booking_id, status, changed_at) VALUES ('046e5a61-38d1-48a5-abe2-ef6793fb1f42', '30ceaf98-c538-4f79-8483-371eba4ceea7', 'COMPLETED', '2023-07-12 02:00:00');
INSERT INTO car_bookings (id, car_id, renter_id, owner_id, status, start_date, end_date, total_days, price_per_day, base_price, service_fee, taxes, total, deposit, include_insurance, has_chauffeur, airport_delivery, wedding_package, business_package, created_at) VALUES ('b8017b7e-6efe-4a4f-8bff-cb04465be1b1', 'CAR-004', 'B2C3D4E5-F6G7-8901-BCDE-234567890123', 'F6G7H8I9-J0K1-2345-FGHI-678901234567', 'CANCELLED', '2023-06-03', '2023-06-13', 10, 2500000, 25000000, 2500000.0, 2000000.0, 29500000.0, 5000000, 0, 0, 0, 0, 0, '2023-05-24 00:00:00');
INSERT INTO car_booking_history (id, booking_id, status, changed_at) VALUES ('07559ed3-9e88-4329-95d5-4a2155130f4f', 'b8017b7e-6efe-4a4f-8bff-cb04465be1b1', 'PENDING', '2023-05-24 00:00:00');
INSERT INTO car_booking_history (id, booking_id, status, changed_at) VALUES ('72ecbef9-1772-4f52-883e-b624d7e871d6', 'b8017b7e-6efe-4a4f-8bff-cb04465be1b1', 'CANCELLED', '2023-05-24 02:00:00');
INSERT INTO car_bookings (id, car_id, renter_id, owner_id, status, start_date, end_date, total_days, price_per_day, base_price, service_fee, taxes, total, deposit, include_insurance, has_chauffeur, airport_delivery, wedding_package, business_package, created_at) VALUES ('479352c1-ebf2-41e0-bcbd-6387efc41f57', 'CAR-004', 'C3D4E5F6-G7H8-9012-CDEF-345678901234', 'F6G7H8I9-J0K1-2345-FGHI-678901234567', 'CANCELLED', '2024-04-02', '2024-04-11', 9, 2500000, 22500000, 2250000.0, 1800000.0, 26550000.0, 5000000, 0, 0, 0, 0, 0, '2024-03-24 00:00:00');
INSERT INTO car_booking_history (id, booking_id, status, changed_at) VALUES ('06296643-f936-43c6-af7d-df6365c606dd', '479352c1-ebf2-41e0-bcbd-6387efc41f57', 'PENDING', '2024-03-24 00:00:00');
INSERT INTO car_booking_history (id, booking_id, status, changed_at) VALUES ('84e12178-0dad-4014-bf9d-cede33a007df', '479352c1-ebf2-41e0-bcbd-6387efc41f57', 'CANCELLED', '2024-03-24 02:00:00');
INSERT INTO car_bookings (id, car_id, renter_id, owner_id, status, start_date, end_date, total_days, price_per_day, base_price, service_fee, taxes, total, deposit, include_insurance, has_chauffeur, airport_delivery, wedding_package, business_package, created_at) VALUES ('9c989759-b034-4681-bc97-bb75131b6eee', 'CAR-001', 'D4E5F6G7-H8I9-0123-DEFG-456789012345', 'E5F6G7H8-I9J0-1234-EFGH-567890123456', 'COMPLETED', '2024-04-08', '2024-04-18', 10, 800000, 8000000, 800000.0, 640000.0, 9440000.0, 1600000, 0, 0, 0, 0, 0, '2024-03-26 00:00:00');
INSERT INTO car_booking_history (id, booking_id, status, changed_at) VALUES ('7e32b10d-5102-4ca1-b2a3-127fcad94859', '9c989759-b034-4681-bc97-bb75131b6eee', 'PENDING', '2024-03-26 00:00:00');
INSERT INTO car_booking_history (id, booking_id, status, changed_at) VALUES ('89445baf-9fb5-4259-bcf6-13cd223a7c16', '9c989759-b034-4681-bc97-bb75131b6eee', 'COMPLETED', '2024-03-26 02:00:00');
INSERT INTO car_bookings (id, car_id, renter_id, owner_id, status, start_date, end_date, total_days, price_per_day, base_price, service_fee, taxes, total, deposit, include_insurance, has_chauffeur, airport_delivery, wedding_package, business_package, created_at) VALUES ('27e8dd8b-787c-425a-ada8-19f0b3e6e1f0', 'CAR-007', 'C3D4E5F6-G7H8-9012-CDEF-345678901234', 'G7H8I9J0-K1L2-3456-GHIJ-789012345678', 'COMPLETED', '2023-09-26', '2023-10-03', 7, 1800000, 12600000, 1260000.0, 1008000.0, 14868000.0, 3600000, 0, 0, 0, 0, 0, '2023-09-17 00:00:00');
INSERT INTO car_booking_history (id, booking_id, status, changed_at) VALUES ('e1f4e873-e53d-4b07-a792-0d7fa864369f', '27e8dd8b-787c-425a-ada8-19f0b3e6e1f0', 'PENDING', '2023-09-17 00:00:00');
INSERT INTO car_booking_history (id, booking_id, status, changed_at) VALUES ('5386b2fb-ac8d-4ad0-b6f4-2f872bc5eb18', '27e8dd8b-787c-425a-ada8-19f0b3e6e1f0', 'COMPLETED', '2023-09-17 02:00:00');
INSERT INTO car_bookings (id, car_id, renter_id, owner_id, status, start_date, end_date, total_days, price_per_day, base_price, service_fee, taxes, total, deposit, include_insurance, has_chauffeur, airport_delivery, wedding_package, business_package, created_at) VALUES ('2d8475ce-2815-47c5-b8c3-441509c7b475', 'CAR-001', 'D4E5F6G7-H8I9-0123-DEFG-456789012345', 'E5F6G7H8-I9J0-1234-EFGH-567890123456', 'COMPLETED', '2023-10-20', '2023-10-24', 4, 800000, 3200000, 320000.0, 256000.0, 3776000.0, 1600000, 0, 0, 0, 0, 0, '2023-10-09 00:00:00');
INSERT INTO car_booking_history (id, booking_id, status, changed_at) VALUES ('1a8139f9-36aa-41d6-8557-492960b13091', '2d8475ce-2815-47c5-b8c3-441509c7b475', 'PENDING', '2023-10-09 00:00:00');
INSERT INTO car_booking_history (id, booking_id, status, changed_at) VALUES ('4b668b34-8f16-4fa5-9681-4f49b91bf2f2', '2d8475ce-2815-47c5-b8c3-441509c7b475', 'COMPLETED', '2023-10-09 02:00:00');
INSERT INTO car_bookings (id, car_id, renter_id, owner_id, status, start_date, end_date, total_days, price_per_day, base_price, service_fee, taxes, total, deposit, include_insurance, has_chauffeur, airport_delivery, wedding_package, business_package, created_at) VALUES ('15748297-da16-44ba-aa9e-f68865fab32a', 'CAR-004', 'C3D4E5F6-G7H8-9012-CDEF-345678901234', 'F6G7H8I9-J0K1-2345-FGHI-678901234567', 'COMPLETED', '2023-08-16', '2023-08-21', 5, 2500000, 12500000, 1250000.0, 1000000.0, 14750000.0, 5000000, 0, 0, 0, 0, 0, '2023-08-02 00:00:00');
INSERT INTO car_booking_history (id, booking_id, status, changed_at) VALUES ('3b44086f-beba-45c6-878b-bc5f73db34bd', '15748297-da16-44ba-aa9e-f68865fab32a', 'PENDING', '2023-08-02 00:00:00');
INSERT INTO car_booking_history (id, booking_id, status, changed_at) VALUES ('7316f26d-bda9-41ee-8c86-4fb7a1b44e6e', '15748297-da16-44ba-aa9e-f68865fab32a', 'COMPLETED', '2023-08-02 02:00:00');
INSERT INTO car_bookings (id, car_id, renter_id, owner_id, status, start_date, end_date, total_days, price_per_day, base_price, service_fee, taxes, total, deposit, include_insurance, has_chauffeur, airport_delivery, wedding_package, business_package, created_at) VALUES ('2787d7f0-71ba-4df5-889c-7bd78d9564ca', 'CAR-003', 'B2C3D4E5-F6G7-8901-BCDE-234567890123', 'E5F6G7H8-I9J0-1234-EFGH-567890123456', 'COMPLETED', '2023-02-23', '2023-03-01', 6, 950000, 5700000, 570000.0, 456000.0, 6726000.0, 1900000, 0, 0, 0, 0, 0, '2023-02-11 00:00:00');
INSERT INTO car_booking_history (id, booking_id, status, changed_at) VALUES ('f72bce08-465f-4868-a972-4614f31f44e6', '2787d7f0-71ba-4df5-889c-7bd78d9564ca', 'PENDING', '2023-02-11 00:00:00');
INSERT INTO car_booking_history (id, booking_id, status, changed_at) VALUES ('db679c75-ecb6-4fc9-a2d6-416a4917f124', '2787d7f0-71ba-4df5-889c-7bd78d9564ca', 'COMPLETED', '2023-02-11 02:00:00');
INSERT INTO car_bookings (id, car_id, renter_id, owner_id, status, start_date, end_date, total_days, price_per_day, base_price, service_fee, taxes, total, deposit, include_insurance, has_chauffeur, airport_delivery, wedding_package, business_package, created_at) VALUES ('7952c533-1986-4ce2-a882-88a8ae9dcac5', 'CAR-007', 'D4E5F6G7-H8I9-0123-DEFG-456789012345', 'G7H8I9J0-K1L2-3456-GHIJ-789012345678', 'COMPLETED', '2024-01-16', '2024-01-21', 5, 1800000, 9000000, 900000.0, 720000.0, 10620000.0, 3600000, 0, 0, 0, 0, 0, '2024-01-07 00:00:00');
INSERT INTO car_booking_history (id, booking_id, status, changed_at) VALUES ('5ac2f2a7-370a-4ee9-8ba1-02481aaf4c47', '7952c533-1986-4ce2-a882-88a8ae9dcac5', 'PENDING', '2024-01-07 00:00:00');
INSERT INTO car_booking_history (id, booking_id, status, changed_at) VALUES ('4b87dbbc-51df-43af-a0ac-32e895304112', '7952c533-1986-4ce2-a882-88a8ae9dcac5', 'COMPLETED', '2024-01-07 02:00:00');
INSERT INTO car_bookings (id, car_id, renter_id, owner_id, status, start_date, end_date, total_days, price_per_day, base_price, service_fee, taxes, total, deposit, include_insurance, has_chauffeur, airport_delivery, wedding_package, business_package, created_at) VALUES ('32912f6f-fd24-480f-b5fa-23272ca86f76', 'CAR-003', 'D4E5F6G7-H8I9-0123-DEFG-456789012345', 'E5F6G7H8-I9J0-1234-EFGH-567890123456', 'COMPLETED', '2023-11-20', '2023-11-28', 8, 950000, 7600000, 760000.0, 608000.0, 8968000.0, 1900000, 0, 0, 0, 0, 0, '2023-11-13 00:00:00');
INSERT INTO car_booking_history (id, booking_id, status, changed_at) VALUES ('4e19ec02-bb94-4741-a6a7-5f3ffbdad958', '32912f6f-fd24-480f-b5fa-23272ca86f76', 'PENDING', '2023-11-13 00:00:00');
INSERT INTO car_booking_history (id, booking_id, status, changed_at) VALUES ('ec5ad520-acbc-497e-b64e-9159a7d19a10', '32912f6f-fd24-480f-b5fa-23272ca86f76', 'COMPLETED', '2023-11-13 02:00:00');
INSERT INTO car_bookings (id, car_id, renter_id, owner_id, status, start_date, end_date, total_days, price_per_day, base_price, service_fee, taxes, total, deposit, include_insurance, has_chauffeur, airport_delivery, wedding_package, business_package, created_at) VALUES ('0f1659df-b637-4029-bcf4-c392889e1d63', 'CAR-004', 'C3D4E5F6-G7H8-9012-CDEF-345678901234', 'F6G7H8I9-J0K1-2345-FGHI-678901234567', 'COMPLETED', '2024-05-21', '2024-05-22', 1, 2500000, 2500000, 250000.0, 200000.0, 2950000.0, 5000000, 0, 0, 0, 0, 0, '2024-05-07 00:00:00');
INSERT INTO car_booking_history (id, booking_id, status, changed_at) VALUES ('a983a9ae-9ebe-4bcd-af2d-2b4510388c1f', '0f1659df-b637-4029-bcf4-c392889e1d63', 'PENDING', '2024-05-07 00:00:00');
INSERT INTO car_booking_history (id, booking_id, status, changed_at) VALUES ('1e55c9a1-366e-490d-ada9-48b85dcafe38', '0f1659df-b637-4029-bcf4-c392889e1d63', 'COMPLETED', '2024-05-07 02:00:00');
INSERT INTO car_bookings (id, car_id, renter_id, owner_id, status, start_date, end_date, total_days, price_per_day, base_price, service_fee, taxes, total, deposit, include_insurance, has_chauffeur, airport_delivery, wedding_package, business_package, created_at) VALUES ('c5761b79-b1df-4894-929c-1f2e391a9ef0', 'CAR-002', 'D4E5F6G7-H8I9-0123-DEFG-456789012345', 'E5F6G7H8-I9J0-1234-EFGH-567890123456', 'CANCELLED', '2024-05-30', '2024-06-09', 10, 750000, 7500000, 750000.0, 600000.0, 8850000.0, 1500000, 0, 0, 0, 0, 0, '2024-05-28 00:00:00');
INSERT INTO car_booking_history (id, booking_id, status, changed_at) VALUES ('c201c0f3-2d43-4841-b3d8-2757fd612905', 'c5761b79-b1df-4894-929c-1f2e391a9ef0', 'PENDING', '2024-05-28 00:00:00');
INSERT INTO car_booking_history (id, booking_id, status, changed_at) VALUES ('2713c59e-3165-4979-b804-a57a8f78d99f', 'c5761b79-b1df-4894-929c-1f2e391a9ef0', 'CANCELLED', '2024-05-28 02:00:00');
INSERT INTO car_bookings (id, car_id, renter_id, owner_id, status, start_date, end_date, total_days, price_per_day, base_price, service_fee, taxes, total, deposit, include_insurance, has_chauffeur, airport_delivery, wedding_package, business_package, created_at) VALUES ('499632f2-9e6b-4d07-ba2e-5c4c494b7689', 'CAR-002', 'B2C3D4E5-F6G7-8901-BCDE-234567890123', 'E5F6G7H8-I9J0-1234-EFGH-567890123456', 'COMPLETED', '2023-05-05', '2023-05-07', 2, 750000, 1500000, 150000.0, 120000.0, 1770000.0, 1500000, 0, 0, 0, 0, 0, '2023-05-03 00:00:00');
INSERT INTO car_booking_history (id, booking_id, status, changed_at) VALUES ('a245bd71-1300-443c-b60f-73933e4982ea', '499632f2-9e6b-4d07-ba2e-5c4c494b7689', 'PENDING', '2023-05-03 00:00:00');
INSERT INTO car_booking_history (id, booking_id, status, changed_at) VALUES ('a9383dc6-7443-4b9d-95d8-cb3da4bbd335', '499632f2-9e6b-4d07-ba2e-5c4c494b7689', 'COMPLETED', '2023-05-03 02:00:00');
INSERT INTO car_bookings (id, car_id, renter_id, owner_id, status, start_date, end_date, total_days, price_per_day, base_price, service_fee, taxes, total, deposit, include_insurance, has_chauffeur, airport_delivery, wedding_package, business_package, created_at) VALUES ('8c72cb88-dacd-4f01-81d1-900aa41eac5e', 'CAR-002', 'D4E5F6G7-H8I9-0123-DEFG-456789012345', 'E5F6G7H8-I9J0-1234-EFGH-567890123456', 'COMPLETED', '2024-01-20', '2024-01-27', 7, 750000, 5250000, 525000.0, 420000.0, 6195000.0, 1500000, 0, 0, 0, 0, 0, '2024-01-16 00:00:00');
INSERT INTO car_booking_history (id, booking_id, status, changed_at) VALUES ('30bf96fc-4eed-4814-8a04-cba6234d62d8', '8c72cb88-dacd-4f01-81d1-900aa41eac5e', 'PENDING', '2024-01-16 00:00:00');
INSERT INTO car_booking_history (id, booking_id, status, changed_at) VALUES ('1fe1c8ec-1782-4e72-8fa7-5a2eedf9ea96', '8c72cb88-dacd-4f01-81d1-900aa41eac5e', 'COMPLETED', '2024-01-16 02:00:00');
INSERT INTO car_bookings (id, car_id, renter_id, owner_id, status, start_date, end_date, total_days, price_per_day, base_price, service_fee, taxes, total, deposit, include_insurance, has_chauffeur, airport_delivery, wedding_package, business_package, created_at) VALUES ('92242ea3-b464-49a5-8d1d-965d4cac1762', 'CAR-004', 'D4E5F6G7-H8I9-0123-DEFG-456789012345', 'F6G7H8I9-J0K1-2345-FGHI-678901234567', 'CANCELLED', '2023-02-18', '2023-02-21', 3, 2500000, 7500000, 750000.0, 600000.0, 8850000.0, 5000000, 0, 0, 0, 0, 0, '2023-02-10 00:00:00');
INSERT INTO car_booking_history (id, booking_id, status, changed_at) VALUES ('22b2230c-7210-4e16-83ca-4cebab2d702a', '92242ea3-b464-49a5-8d1d-965d4cac1762', 'PENDING', '2023-02-10 00:00:00');
INSERT INTO car_booking_history (id, booking_id, status, changed_at) VALUES ('89cb8976-e00f-43b5-aaea-548a14da21b3', '92242ea3-b464-49a5-8d1d-965d4cac1762', 'CANCELLED', '2023-02-10 02:00:00');
INSERT INTO car_bookings (id, car_id, renter_id, owner_id, status, start_date, end_date, total_days, price_per_day, base_price, service_fee, taxes, total, deposit, include_insurance, has_chauffeur, airport_delivery, wedding_package, business_package, created_at) VALUES ('018f0330-f7f8-435f-a7e4-6578dcce141d', 'CAR-001', 'B2C3D4E5-F6G7-8901-BCDE-234567890123', 'E5F6G7H8-I9J0-1234-EFGH-567890123456', 'COMPLETED', '2023-08-06', '2023-08-07', 1, 800000, 800000, 80000.0, 64000.0, 944000.0, 1600000, 0, 0, 0, 0, 0, '2023-08-05 00:00:00');
INSERT INTO car_booking_history (id, booking_id, status, changed_at) VALUES ('c64723a4-5b56-4162-8358-b07a6c5f1d3d', '018f0330-f7f8-435f-a7e4-6578dcce141d', 'PENDING', '2023-08-05 00:00:00');
INSERT INTO car_booking_history (id, booking_id, status, changed_at) VALUES ('e296ecd1-cf0e-4db2-ba22-8aaa45dae54d', '018f0330-f7f8-435f-a7e4-6578dcce141d', 'COMPLETED', '2023-08-05 02:00:00');
INSERT INTO car_bookings (id, car_id, renter_id, owner_id, status, start_date, end_date, total_days, price_per_day, base_price, service_fee, taxes, total, deposit, include_insurance, has_chauffeur, airport_delivery, wedding_package, business_package, created_at) VALUES ('bf7bdaa4-c90a-4582-bae7-273ef7db2806', 'CAR-003', 'B2C3D4E5-F6G7-8901-BCDE-234567890123', 'E5F6G7H8-I9J0-1234-EFGH-567890123456', 'COMPLETED', '2023-12-04', '2023-12-12', 8, 950000, 7600000, 760000.0, 608000.0, 8968000.0, 1900000, 0, 0, 0, 0, 0, '2023-11-21 00:00:00');
INSERT INTO car_booking_history (id, booking_id, status, changed_at) VALUES ('8004b2c8-befe-475c-9dee-97466e21cb59', 'bf7bdaa4-c90a-4582-bae7-273ef7db2806', 'PENDING', '2023-11-21 00:00:00');
INSERT INTO car_booking_history (id, booking_id, status, changed_at) VALUES ('30286e18-97f8-415a-a2c0-b8961ab483d1', 'bf7bdaa4-c90a-4582-bae7-273ef7db2806', 'COMPLETED', '2023-11-21 02:00:00');
INSERT INTO car_bookings (id, car_id, renter_id, owner_id, status, start_date, end_date, total_days, price_per_day, base_price, service_fee, taxes, total, deposit, include_insurance, has_chauffeur, airport_delivery, wedding_package, business_package, created_at) VALUES ('7b151c82-9926-4138-b723-2edf52d84c86', 'CAR-007', 'C3D4E5F6-G7H8-9012-CDEF-345678901234', 'G7H8I9J0-K1L2-3456-GHIJ-789012345678', 'COMPLETED', '2023-05-21', '2023-05-30', 9, 1800000, 16200000, 1620000.0, 1296000.0, 19116000.0, 3600000, 0, 0, 0, 0, 0, '2023-05-14 00:00:00');
INSERT INTO car_booking_history (id, booking_id, status, changed_at) VALUES ('38e386aa-3ea6-4e11-8310-3eafa318c900', '7b151c82-9926-4138-b723-2edf52d84c86', 'PENDING', '2023-05-14 00:00:00');
INSERT INTO car_booking_history (id, booking_id, status, changed_at) VALUES ('b41688ea-d48d-40f5-8de6-9bde2815ad0c', '7b151c82-9926-4138-b723-2edf52d84c86', 'COMPLETED', '2023-05-14 02:00:00');
INSERT INTO car_bookings (id, car_id, renter_id, owner_id, status, start_date, end_date, total_days, price_per_day, base_price, service_fee, taxes, total, deposit, include_insurance, has_chauffeur, airport_delivery, wedding_package, business_package, created_at) VALUES ('af903bb3-032d-48b4-952e-faf47ceba46e', 'CAR-003', 'C3D4E5F6-G7H8-9012-CDEF-345678901234', 'E5F6G7H8-I9J0-1234-EFGH-567890123456', 'CANCELLED', '2023-08-14', '2023-08-16', 2, 950000, 1900000, 190000.0, 152000.0, 2242000.0, 1900000, 0, 0, 0, 0, 0, '2023-07-31 00:00:00');
INSERT INTO car_booking_history (id, booking_id, status, changed_at) VALUES ('ad4fb2f7-3227-436f-be2b-aed3244fe094', 'af903bb3-032d-48b4-952e-faf47ceba46e', 'PENDING', '2023-07-31 00:00:00');
INSERT INTO car_booking_history (id, booking_id, status, changed_at) VALUES ('37d8ae15-0818-4c2e-be05-430cab9cdf72', 'af903bb3-032d-48b4-952e-faf47ceba46e', 'CANCELLED', '2023-07-31 02:00:00');
INSERT INTO car_bookings (id, car_id, renter_id, owner_id, status, start_date, end_date, total_days, price_per_day, base_price, service_fee, taxes, total, deposit, include_insurance, has_chauffeur, airport_delivery, wedding_package, business_package, created_at) VALUES ('4f21ce57-cccb-4f97-8745-c5935d2d385f', 'CAR-004', 'D4E5F6G7-H8I9-0123-DEFG-456789012345', 'F6G7H8I9-J0K1-2345-FGHI-678901234567', 'COMPLETED', '2023-03-08', '2023-03-10', 2, 2500000, 5000000, 500000.0, 400000.0, 5900000.0, 5000000, 0, 0, 0, 0, 0, '2023-02-25 00:00:00');
INSERT INTO car_booking_history (id, booking_id, status, changed_at) VALUES ('cb516b02-619c-4d84-86d7-71d445ce6777', '4f21ce57-cccb-4f97-8745-c5935d2d385f', 'PENDING', '2023-02-25 00:00:00');
INSERT INTO car_booking_history (id, booking_id, status, changed_at) VALUES ('a795d91a-ec77-475c-a283-209193c892e4', '4f21ce57-cccb-4f97-8745-c5935d2d385f', 'COMPLETED', '2023-02-25 02:00:00');
INSERT INTO car_bookings (id, car_id, renter_id, owner_id, status, start_date, end_date, total_days, price_per_day, base_price, service_fee, taxes, total, deposit, include_insurance, has_chauffeur, airport_delivery, wedding_package, business_package, created_at) VALUES ('ca053166-e2fc-497e-afa6-2374fda98ab0', 'CAR-003', 'C3D4E5F6-G7H8-9012-CDEF-345678901234', 'E5F6G7H8-I9J0-1234-EFGH-567890123456', 'CANCELLED', '2024-02-06', '2024-02-12', 6, 950000, 5700000, 570000.0, 456000.0, 6726000.0, 1900000, 0, 0, 0, 0, 0, '2024-02-05 00:00:00');
INSERT INTO car_booking_history (id, booking_id, status, changed_at) VALUES ('1b8d8f5f-57f7-4c3d-8b1b-bddaa55d4fcf', 'ca053166-e2fc-497e-afa6-2374fda98ab0', 'PENDING', '2024-02-05 00:00:00');
INSERT INTO car_booking_history (id, booking_id, status, changed_at) VALUES ('b419c902-f6a0-471d-8d4c-021244984420', 'ca053166-e2fc-497e-afa6-2374fda98ab0', 'CANCELLED', '2024-02-05 02:00:00');
INSERT INTO car_bookings (id, car_id, renter_id, owner_id, status, start_date, end_date, total_days, price_per_day, base_price, service_fee, taxes, total, deposit, include_insurance, has_chauffeur, airport_delivery, wedding_package, business_package, created_at) VALUES ('10090f72-f3fb-4145-8eec-0cdce9dd1e74', 'CAR-004', 'D4E5F6G7-H8I9-0123-DEFG-456789012345', 'F6G7H8I9-J0K1-2345-FGHI-678901234567', 'COMPLETED', '2024-05-25', '2024-05-26', 1, 2500000, 2500000, 250000.0, 200000.0, 2950000.0, 5000000, 0, 0, 0, 0, 0, '2024-05-20 00:00:00');
INSERT INTO car_booking_history (id, booking_id, status, changed_at) VALUES ('7d9c1d26-819e-4fa5-ba29-33df626d871f', '10090f72-f3fb-4145-8eec-0cdce9dd1e74', 'PENDING', '2024-05-20 00:00:00');
INSERT INTO car_booking_history (id, booking_id, status, changed_at) VALUES ('3321af4a-ec67-4bed-992c-d8b4171b8655', '10090f72-f3fb-4145-8eec-0cdce9dd1e74', 'COMPLETED', '2024-05-20 02:00:00');
INSERT INTO car_bookings (id, car_id, renter_id, owner_id, status, start_date, end_date, total_days, price_per_day, base_price, service_fee, taxes, total, deposit, include_insurance, has_chauffeur, airport_delivery, wedding_package, business_package, created_at) VALUES ('c889f96f-ddd3-4c06-bd68-40512e0cb496', 'CAR-002', 'B2C3D4E5-F6G7-8901-BCDE-234567890123', 'E5F6G7H8-I9J0-1234-EFGH-567890123456', 'COMPLETED', '2023-09-19', '2023-09-21', 2, 750000, 1500000, 150000.0, 120000.0, 1770000.0, 1500000, 0, 0, 0, 0, 0, '2023-09-07 00:00:00');
INSERT INTO car_booking_history (id, booking_id, status, changed_at) VALUES ('71a432b0-8de9-4544-a5bd-c90f31754972', 'c889f96f-ddd3-4c06-bd68-40512e0cb496', 'PENDING', '2023-09-07 00:00:00');
INSERT INTO car_booking_history (id, booking_id, status, changed_at) VALUES ('ad58b13a-29e9-4b65-ab49-4dad29571c82', 'c889f96f-ddd3-4c06-bd68-40512e0cb496', 'COMPLETED', '2023-09-07 02:00:00');
INSERT INTO car_bookings (id, car_id, renter_id, owner_id, status, start_date, end_date, total_days, price_per_day, base_price, service_fee, taxes, total, deposit, include_insurance, has_chauffeur, airport_delivery, wedding_package, business_package, created_at) VALUES ('d58d3729-6d1f-4a33-a69f-754b62cfc928', 'CAR-004', 'D4E5F6G7-H8I9-0123-DEFG-456789012345', 'F6G7H8I9-J0K1-2345-FGHI-678901234567', 'COMPLETED', '2024-03-14', '2024-03-19', 5, 2500000, 12500000, 1250000.0, 1000000.0, 14750000.0, 5000000, 0, 0, 0, 0, 0, '2024-03-13 00:00:00');
INSERT INTO car_booking_history (id, booking_id, status, changed_at) VALUES ('40672a8b-397a-405d-bdb3-287ee9037889', 'd58d3729-6d1f-4a33-a69f-754b62cfc928', 'PENDING', '2024-03-13 00:00:00');
INSERT INTO car_booking_history (id, booking_id, status, changed_at) VALUES ('b52897a7-88d8-4205-a58a-a4e975838476', 'd58d3729-6d1f-4a33-a69f-754b62cfc928', 'COMPLETED', '2024-03-13 02:00:00');
INSERT INTO car_bookings (id, car_id, renter_id, owner_id, status, start_date, end_date, total_days, price_per_day, base_price, service_fee, taxes, total, deposit, include_insurance, has_chauffeur, airport_delivery, wedding_package, business_package, created_at) VALUES ('e0064540-9ff3-4e1f-86e5-228590dfc0d3', 'CAR-004', 'B2C3D4E5-F6G7-8901-BCDE-234567890123', 'F6G7H8I9-J0K1-2345-FGHI-678901234567', 'COMPLETED', '2023-05-09', '2023-05-11', 2, 2500000, 5000000, 500000.0, 400000.0, 5900000.0, 5000000, 0, 0, 0, 0, 0, '2023-05-07 00:00:00');
INSERT INTO car_booking_history (id, booking_id, status, changed_at) VALUES ('6eae7804-1cdd-43b3-846b-43b42c06387d', 'e0064540-9ff3-4e1f-86e5-228590dfc0d3', 'PENDING', '2023-05-07 00:00:00');
INSERT INTO car_booking_history (id, booking_id, status, changed_at) VALUES ('8babaaad-8ea7-4acf-a1b4-eece4a58f46b', 'e0064540-9ff3-4e1f-86e5-228590dfc0d3', 'COMPLETED', '2023-05-07 02:00:00');
INSERT INTO car_bookings (id, car_id, renter_id, owner_id, status, start_date, end_date, total_days, price_per_day, base_price, service_fee, taxes, total, deposit, include_insurance, has_chauffeur, airport_delivery, wedding_package, business_package, created_at) VALUES ('90aaa515-206b-4644-8685-db862f15fd3f', 'CAR-004', 'B2C3D4E5-F6G7-8901-BCDE-234567890123', 'F6G7H8I9-J0K1-2345-FGHI-678901234567', 'COMPLETED', '2023-12-09', '2023-12-10', 1, 2500000, 2500000, 250000.0, 200000.0, 2950000.0, 5000000, 0, 0, 0, 0, 0, '2023-12-04 00:00:00');
INSERT INTO car_booking_history (id, booking_id, status, changed_at) VALUES ('3ccd2770-152f-415d-9778-8662c7310087', '90aaa515-206b-4644-8685-db862f15fd3f', 'PENDING', '2023-12-04 00:00:00');
INSERT INTO car_booking_history (id, booking_id, status, changed_at) VALUES ('d4311060-9b98-4562-b5c2-69c28daf71ee', '90aaa515-206b-4644-8685-db862f15fd3f', 'COMPLETED', '2023-12-04 02:00:00');
INSERT INTO car_bookings (id, car_id, renter_id, owner_id, status, start_date, end_date, total_days, price_per_day, base_price, service_fee, taxes, total, deposit, include_insurance, has_chauffeur, airport_delivery, wedding_package, business_package, created_at) VALUES ('3b1264ab-4b52-4ed2-8a1a-54d4946e9d55', 'CAR-003', 'D4E5F6G7-H8I9-0123-DEFG-456789012345', 'E5F6G7H8-I9J0-1234-EFGH-567890123456', 'COMPLETED', '2023-06-13', '2023-06-18', 5, 950000, 4750000, 475000.0, 380000.0, 5605000.0, 1900000, 0, 0, 0, 0, 0, '2023-06-09 00:00:00');
INSERT INTO car_booking_history (id, booking_id, status, changed_at) VALUES ('4aa9ba8b-ecc0-48ba-8ee8-06364b070dcb', '3b1264ab-4b52-4ed2-8a1a-54d4946e9d55', 'PENDING', '2023-06-09 00:00:00');
INSERT INTO car_booking_history (id, booking_id, status, changed_at) VALUES ('c9d7ba31-9d20-4ba3-8fa5-4c614c556435', '3b1264ab-4b52-4ed2-8a1a-54d4946e9d55', 'COMPLETED', '2023-06-09 02:00:00');
INSERT INTO car_bookings (id, car_id, renter_id, owner_id, status, start_date, end_date, total_days, price_per_day, base_price, service_fee, taxes, total, deposit, include_insurance, has_chauffeur, airport_delivery, wedding_package, business_package, created_at) VALUES ('7501ccc3-5dfb-4aa8-83da-e20e6ceaebe1', 'CAR-007', 'C3D4E5F6-G7H8-9012-CDEF-345678901234', 'G7H8I9J0-K1L2-3456-GHIJ-789012345678', 'COMPLETED', '2023-06-13', '2023-06-16', 3, 1800000, 5400000, 540000.0, 432000.0, 6372000.0, 3600000, 0, 0, 0, 0, 0, '2023-06-03 00:00:00');
INSERT INTO car_booking_history (id, booking_id, status, changed_at) VALUES ('67915ce7-15f0-4c17-ab5a-831d8e2c3414', '7501ccc3-5dfb-4aa8-83da-e20e6ceaebe1', 'PENDING', '2023-06-03 00:00:00');
INSERT INTO car_booking_history (id, booking_id, status, changed_at) VALUES ('bfbf3733-30c0-45b2-9ac1-4909b51af680', '7501ccc3-5dfb-4aa8-83da-e20e6ceaebe1', 'COMPLETED', '2023-06-03 02:00:00');
INSERT INTO car_bookings (id, car_id, renter_id, owner_id, status, start_date, end_date, total_days, price_per_day, base_price, service_fee, taxes, total, deposit, include_insurance, has_chauffeur, airport_delivery, wedding_package, business_package, created_at) VALUES ('01c68286-be43-4793-a7d7-b85226b9be13', 'CAR-003', 'D4E5F6G7-H8I9-0123-DEFG-456789012345', 'E5F6G7H8-I9J0-1234-EFGH-567890123456', 'COMPLETED', '2024-04-28', '2024-04-29', 1, 950000, 950000, 95000.0, 76000.0, 1121000.0, 1900000, 0, 0, 0, 0, 0, '2024-04-16 00:00:00');
INSERT INTO car_booking_history (id, booking_id, status, changed_at) VALUES ('f7ced3a7-bc0c-42ca-a05f-4b08a39a8242', '01c68286-be43-4793-a7d7-b85226b9be13', 'PENDING', '2024-04-16 00:00:00');
INSERT INTO car_booking_history (id, booking_id, status, changed_at) VALUES ('bc267f4f-6d41-4da3-9e21-bb52449385d5', '01c68286-be43-4793-a7d7-b85226b9be13', 'COMPLETED', '2024-04-16 02:00:00');
INSERT INTO car_bookings (id, car_id, renter_id, owner_id, status, start_date, end_date, total_days, price_per_day, base_price, service_fee, taxes, total, deposit, include_insurance, has_chauffeur, airport_delivery, wedding_package, business_package, created_at) VALUES ('1ef50f4f-05bf-4fbf-a990-c1334bfa45a3', 'CAR-002', 'B2C3D4E5-F6G7-8901-BCDE-234567890123', 'E5F6G7H8-I9J0-1234-EFGH-567890123456', 'COMPLETED', '2023-04-22', '2023-04-26', 4, 750000, 3000000, 300000.0, 240000.0, 3540000.0, 1500000, 0, 0, 0, 0, 0, '2023-04-19 00:00:00');
INSERT INTO car_booking_history (id, booking_id, status, changed_at) VALUES ('8460ad47-b01b-42ca-8173-50c560f2cf03', '1ef50f4f-05bf-4fbf-a990-c1334bfa45a3', 'PENDING', '2023-04-19 00:00:00');
INSERT INTO car_booking_history (id, booking_id, status, changed_at) VALUES ('c92f4cb5-6504-4bba-b08b-df21d4ad467c', '1ef50f4f-05bf-4fbf-a990-c1334bfa45a3', 'COMPLETED', '2023-04-19 02:00:00');
INSERT INTO car_bookings (id, car_id, renter_id, owner_id, status, start_date, end_date, total_days, price_per_day, base_price, service_fee, taxes, total, deposit, include_insurance, has_chauffeur, airport_delivery, wedding_package, business_package, created_at) VALUES ('435b1c0a-b0c0-4a13-a182-f14f9efa6ef4', 'CAR-001', 'D4E5F6G7-H8I9-0123-DEFG-456789012345', 'E5F6G7H8-I9J0-1234-EFGH-567890123456', 'COMPLETED', '2023-08-17', '2023-08-20', 3, 800000, 2400000, 240000.0, 192000.0, 2832000.0, 1600000, 0, 0, 0, 0, 0, '2023-08-11 00:00:00');
INSERT INTO car_booking_history (id, booking_id, status, changed_at) VALUES ('328f1847-e225-4f13-a262-ed68649760e4', '435b1c0a-b0c0-4a13-a182-f14f9efa6ef4', 'PENDING', '2023-08-11 00:00:00');
INSERT INTO car_booking_history (id, booking_id, status, changed_at) VALUES ('80ac0754-5566-4bf3-9430-a78cdfdb8dbb', '435b1c0a-b0c0-4a13-a182-f14f9efa6ef4', 'COMPLETED', '2023-08-11 02:00:00');
INSERT INTO car_bookings (id, car_id, renter_id, owner_id, status, start_date, end_date, total_days, price_per_day, base_price, service_fee, taxes, total, deposit, include_insurance, has_chauffeur, airport_delivery, wedding_package, business_package, created_at) VALUES ('99372f9c-358e-45b6-b118-8b2b167b2d80', 'CAR-007', 'B2C3D4E5-F6G7-8901-BCDE-234567890123', 'G7H8I9J0-K1L2-3456-GHIJ-789012345678', 'COMPLETED', '2023-05-13', '2023-05-15', 2, 1800000, 3600000, 360000.0, 288000.0, 4248000.0, 3600000, 0, 0, 0, 0, 0, '2023-05-04 00:00:00');
INSERT INTO car_booking_history (id, booking_id, status, changed_at) VALUES ('dabcedde-ce39-48f6-9436-f671ab0efede', '99372f9c-358e-45b6-b118-8b2b167b2d80', 'PENDING', '2023-05-04 00:00:00');
INSERT INTO car_booking_history (id, booking_id, status, changed_at) VALUES ('d8d66443-9908-4d05-b80a-4c3c1bf92a98', '99372f9c-358e-45b6-b118-8b2b167b2d80', 'COMPLETED', '2023-05-04 02:00:00');
INSERT INTO car_bookings (id, car_id, renter_id, owner_id, status, start_date, end_date, total_days, price_per_day, base_price, service_fee, taxes, total, deposit, include_insurance, has_chauffeur, airport_delivery, wedding_package, business_package, created_at) VALUES ('c844a981-03bc-4697-bdb1-ee639e1d4d5c', 'CAR-001', 'B2C3D4E5-F6G7-8901-BCDE-234567890123', 'E5F6G7H8-I9J0-1234-EFGH-567890123456', 'COMPLETED', '2024-04-19', '2024-04-26', 7, 800000, 5600000, 560000.0, 448000.0, 6608000.0, 1600000, 0, 0, 0, 0, 0, '2024-04-18 00:00:00');
INSERT INTO car_booking_history (id, booking_id, status, changed_at) VALUES ('77916c00-5c91-4db6-bb30-a5dd0b397a79', 'c844a981-03bc-4697-bdb1-ee639e1d4d5c', 'PENDING', '2024-04-18 00:00:00');
INSERT INTO car_booking_history (id, booking_id, status, changed_at) VALUES ('a72f4de1-2609-405b-a601-611f4c225587', 'c844a981-03bc-4697-bdb1-ee639e1d4d5c', 'COMPLETED', '2024-04-18 02:00:00');
INSERT INTO car_bookings (id, car_id, renter_id, owner_id, status, start_date, end_date, total_days, price_per_day, base_price, service_fee, taxes, total, deposit, include_insurance, has_chauffeur, airport_delivery, wedding_package, business_package, created_at) VALUES ('55416d0d-92f0-4548-bddb-35e51695f4ba', 'CAR-001', 'D4E5F6G7-H8I9-0123-DEFG-456789012345', 'E5F6G7H8-I9J0-1234-EFGH-567890123456', 'COMPLETED', '2023-02-04', '2023-02-08', 4, 800000, 3200000, 320000.0, 256000.0, 3776000.0, 1600000, 0, 0, 0, 0, 0, '2023-02-02 00:00:00');
INSERT INTO car_booking_history (id, booking_id, status, changed_at) VALUES ('5dec9b69-cdaa-495d-a369-f01fa30e9fad', '55416d0d-92f0-4548-bddb-35e51695f4ba', 'PENDING', '2023-02-02 00:00:00');
INSERT INTO car_booking_history (id, booking_id, status, changed_at) VALUES ('71205055-0df4-4692-9ab0-657ba4986006', '55416d0d-92f0-4548-bddb-35e51695f4ba', 'COMPLETED', '2023-02-02 02:00:00');
INSERT INTO car_bookings (id, car_id, renter_id, owner_id, status, start_date, end_date, total_days, price_per_day, base_price, service_fee, taxes, total, deposit, include_insurance, has_chauffeur, airport_delivery, wedding_package, business_package, created_at) VALUES ('c31ab98c-b709-45cf-97e1-0135f37111ea', 'CAR-007', 'B2C3D4E5-F6G7-8901-BCDE-234567890123', 'G7H8I9J0-K1L2-3456-GHIJ-789012345678', 'COMPLETED', '2023-07-23', '2023-08-02', 10, 1800000, 18000000, 1800000.0, 1440000.0, 21240000.0, 3600000, 0, 0, 0, 0, 0, '2023-07-09 00:00:00');
INSERT INTO car_booking_history (id, booking_id, status, changed_at) VALUES ('c0c13a1e-0e13-4d6c-b562-ec6ec6bf85df', 'c31ab98c-b709-45cf-97e1-0135f37111ea', 'PENDING', '2023-07-09 00:00:00');
INSERT INTO car_booking_history (id, booking_id, status, changed_at) VALUES ('2d6af979-ed76-4f0a-9477-670546a2b3be', 'c31ab98c-b709-45cf-97e1-0135f37111ea', 'COMPLETED', '2023-07-09 02:00:00');
INSERT INTO car_bookings (id, car_id, renter_id, owner_id, status, start_date, end_date, total_days, price_per_day, base_price, service_fee, taxes, total, deposit, include_insurance, has_chauffeur, airport_delivery, wedding_package, business_package, created_at) VALUES ('8e74bc98-7d71-451a-a9b1-41dab38e46cf', 'CAR-002', 'B2C3D4E5-F6G7-8901-BCDE-234567890123', 'E5F6G7H8-I9J0-1234-EFGH-567890123456', 'COMPLETED', '2023-06-08', '2023-06-14', 6, 750000, 4500000, 450000.0, 360000.0, 5310000.0, 1500000, 0, 0, 0, 0, 0, '2023-06-02 00:00:00');
INSERT INTO car_booking_history (id, booking_id, status, changed_at) VALUES ('f3a5782a-ef6e-4b4d-a7d4-392ccbdea207', '8e74bc98-7d71-451a-a9b1-41dab38e46cf', 'PENDING', '2023-06-02 00:00:00');
INSERT INTO car_booking_history (id, booking_id, status, changed_at) VALUES ('57786220-c87d-4c65-80b4-24cac1efd5c1', '8e74bc98-7d71-451a-a9b1-41dab38e46cf', 'COMPLETED', '2023-06-02 02:00:00');
INSERT INTO car_bookings (id, car_id, renter_id, owner_id, status, start_date, end_date, total_days, price_per_day, base_price, service_fee, taxes, total, deposit, include_insurance, has_chauffeur, airport_delivery, wedding_package, business_package, created_at) VALUES ('96e67d2b-6aff-414f-acf8-dcef93d2110f', 'CAR-007', 'D4E5F6G7-H8I9-0123-DEFG-456789012345', 'G7H8I9J0-K1L2-3456-GHIJ-789012345678', 'COMPLETED', '2023-01-19', '2023-01-28', 9, 1800000, 16200000, 1620000.0, 1296000.0, 19116000.0, 3600000, 0, 0, 0, 0, 0, '2023-01-13 00:00:00');
INSERT INTO car_booking_history (id, booking_id, status, changed_at) VALUES ('6f6478fb-9646-4213-8513-4e163c8503ef', '96e67d2b-6aff-414f-acf8-dcef93d2110f', 'PENDING', '2023-01-13 00:00:00');
INSERT INTO car_booking_history (id, booking_id, status, changed_at) VALUES ('72e3ebdc-4974-4847-b779-debc1fa1bfee', '96e67d2b-6aff-414f-acf8-dcef93d2110f', 'COMPLETED', '2023-01-13 02:00:00');
INSERT INTO car_bookings (id, car_id, renter_id, owner_id, status, start_date, end_date, total_days, price_per_day, base_price, service_fee, taxes, total, deposit, include_insurance, has_chauffeur, airport_delivery, wedding_package, business_package, created_at) VALUES ('1e73d09c-43f2-4317-ad71-a629265ce5f6', 'CAR-003', 'D4E5F6G7-H8I9-0123-DEFG-456789012345', 'E5F6G7H8-I9J0-1234-EFGH-567890123456', 'COMPLETED', '2024-02-04', '2024-02-05', 1, 950000, 950000, 95000.0, 76000.0, 1121000.0, 1900000, 0, 0, 0, 0, 0, '2024-01-30 00:00:00');
INSERT INTO car_booking_history (id, booking_id, status, changed_at) VALUES ('46506bff-7c58-4798-bbb6-3e151c7d82f1', '1e73d09c-43f2-4317-ad71-a629265ce5f6', 'PENDING', '2024-01-30 00:00:00');
INSERT INTO car_booking_history (id, booking_id, status, changed_at) VALUES ('d1fd5993-009b-42b6-9d74-3f9dc80479f4', '1e73d09c-43f2-4317-ad71-a629265ce5f6', 'COMPLETED', '2024-01-30 02:00:00');
INSERT INTO car_bookings (id, car_id, renter_id, owner_id, status, start_date, end_date, total_days, price_per_day, base_price, service_fee, taxes, total, deposit, include_insurance, has_chauffeur, airport_delivery, wedding_package, business_package, created_at) VALUES ('04b9cd95-8423-45c0-9aee-05f423d7efc3', 'CAR-004', 'C3D4E5F6-G7H8-9012-CDEF-345678901234', 'F6G7H8I9-J0K1-2345-FGHI-678901234567', 'COMPLETED', '2024-04-28', '2024-05-03', 5, 2500000, 12500000, 1250000.0, 1000000.0, 14750000.0, 5000000, 0, 0, 0, 0, 0, '2024-04-17 00:00:00');
INSERT INTO car_booking_history (id, booking_id, status, changed_at) VALUES ('fa18495f-d769-42f2-9c1e-ecb4c11998a5', '04b9cd95-8423-45c0-9aee-05f423d7efc3', 'PENDING', '2024-04-17 00:00:00');
INSERT INTO car_booking_history (id, booking_id, status, changed_at) VALUES ('6a165c4d-c394-4504-87af-b2c0994cf20b', '04b9cd95-8423-45c0-9aee-05f423d7efc3', 'COMPLETED', '2024-04-17 02:00:00');
INSERT INTO car_bookings (id, car_id, renter_id, owner_id, status, start_date, end_date, total_days, price_per_day, base_price, service_fee, taxes, total, deposit, include_insurance, has_chauffeur, airport_delivery, wedding_package, business_package, created_at) VALUES ('9a85c528-208a-4655-b25b-6d5fc8ce2ebe', 'CAR-002', 'C3D4E5F6-G7H8-9012-CDEF-345678901234', 'E5F6G7H8-I9J0-1234-EFGH-567890123456', 'COMPLETED', '2023-07-04', '2023-07-08', 4, 750000, 3000000, 300000.0, 240000.0, 3540000.0, 1500000, 0, 0, 0, 0, 0, '2023-07-01 00:00:00');
INSERT INTO car_booking_history (id, booking_id, status, changed_at) VALUES ('caa56fa1-e954-4678-af96-ffa8c6e2cf0d', '9a85c528-208a-4655-b25b-6d5fc8ce2ebe', 'PENDING', '2023-07-01 00:00:00');
INSERT INTO car_booking_history (id, booking_id, status, changed_at) VALUES ('835ff273-06c5-4efe-80fa-38804f890641', '9a85c528-208a-4655-b25b-6d5fc8ce2ebe', 'COMPLETED', '2023-07-01 02:00:00');
INSERT INTO car_bookings (id, car_id, renter_id, owner_id, status, start_date, end_date, total_days, price_per_day, base_price, service_fee, taxes, total, deposit, include_insurance, has_chauffeur, airport_delivery, wedding_package, business_package, created_at) VALUES ('98d21c7e-6f57-414f-89d6-fc0e9a773e31', 'CAR-003', 'B2C3D4E5-F6G7-8901-BCDE-234567890123', 'E5F6G7H8-I9J0-1234-EFGH-567890123456', 'COMPLETED', '2023-10-21', '2023-10-30', 9, 950000, 8550000, 855000.0, 684000.0, 10089000.0, 1900000, 0, 0, 0, 0, 0, '2023-10-19 00:00:00');
INSERT INTO car_booking_history (id, booking_id, status, changed_at) VALUES ('9db5ab4b-93b6-41c0-a0f0-e4fd5d110003', '98d21c7e-6f57-414f-89d6-fc0e9a773e31', 'PENDING', '2023-10-19 00:00:00');
INSERT INTO car_booking_history (id, booking_id, status, changed_at) VALUES ('5d3343fd-8057-47bd-ab81-85a792acc8fb', '98d21c7e-6f57-414f-89d6-fc0e9a773e31', 'COMPLETED', '2023-10-19 02:00:00');
INSERT INTO car_bookings (id, car_id, renter_id, owner_id, status, start_date, end_date, total_days, price_per_day, base_price, service_fee, taxes, total, deposit, include_insurance, has_chauffeur, airport_delivery, wedding_package, business_package, created_at) VALUES ('ac9ffc79-956d-4888-ab43-198023d9ef7c', 'CAR-003', 'D4E5F6G7-H8I9-0123-DEFG-456789012345', 'E5F6G7H8-I9J0-1234-EFGH-567890123456', 'COMPLETED', '2023-01-03', '2023-01-04', 1, 950000, 950000, 95000.0, 76000.0, 1121000.0, 1900000, 0, 0, 0, 0, 0, '2022-12-30 00:00:00');
INSERT INTO car_booking_history (id, booking_id, status, changed_at) VALUES ('6fc46257-1800-44e7-9edf-75fbc4938920', 'ac9ffc79-956d-4888-ab43-198023d9ef7c', 'PENDING', '2022-12-30 00:00:00');
INSERT INTO car_booking_history (id, booking_id, status, changed_at) VALUES ('e83d1073-0f9c-4d28-996c-6465439e563b', 'ac9ffc79-956d-4888-ab43-198023d9ef7c', 'COMPLETED', '2022-12-30 02:00:00');
INSERT INTO car_bookings (id, car_id, renter_id, owner_id, status, start_date, end_date, total_days, price_per_day, base_price, service_fee, taxes, total, deposit, include_insurance, has_chauffeur, airport_delivery, wedding_package, business_package, created_at) VALUES ('6b7330ce-818f-48b3-b3b4-956e3e867f00', 'CAR-002', 'B2C3D4E5-F6G7-8901-BCDE-234567890123', 'E5F6G7H8-I9J0-1234-EFGH-567890123456', 'COMPLETED', '2023-03-08', '2023-03-10', 2, 750000, 1500000, 150000.0, 120000.0, 1770000.0, 1500000, 0, 0, 0, 0, 0, '2023-03-04 00:00:00');
INSERT INTO car_booking_history (id, booking_id, status, changed_at) VALUES ('99aa50e5-0b12-40a1-80aa-89dcc0d79ce5', '6b7330ce-818f-48b3-b3b4-956e3e867f00', 'PENDING', '2023-03-04 00:00:00');
INSERT INTO car_booking_history (id, booking_id, status, changed_at) VALUES ('2c42a358-917b-4272-9c79-bdbd8b5d0f95', '6b7330ce-818f-48b3-b3b4-956e3e867f00', 'COMPLETED', '2023-03-04 02:00:00');
INSERT INTO car_bookings (id, car_id, renter_id, owner_id, status, start_date, end_date, total_days, price_per_day, base_price, service_fee, taxes, total, deposit, include_insurance, has_chauffeur, airport_delivery, wedding_package, business_package, created_at) VALUES ('ef63d7cd-fb29-478d-806b-290c26639f7a', 'CAR-002', 'B2C3D4E5-F6G7-8901-BCDE-234567890123', 'E5F6G7H8-I9J0-1234-EFGH-567890123456', 'CANCELLED', '2023-07-17', '2023-07-21', 4, 750000, 3000000, 300000.0, 240000.0, 3540000.0, 1500000, 0, 0, 0, 0, 0, '2023-07-10 00:00:00');
INSERT INTO car_booking_history (id, booking_id, status, changed_at) VALUES ('decc94dd-b797-4b87-9970-b6c4a6c63bb0', 'ef63d7cd-fb29-478d-806b-290c26639f7a', 'PENDING', '2023-07-10 00:00:00');
INSERT INTO car_booking_history (id, booking_id, status, changed_at) VALUES ('c3fc3b3d-2ecb-416d-8478-33303f55bd59', 'ef63d7cd-fb29-478d-806b-290c26639f7a', 'CANCELLED', '2023-07-10 02:00:00');
INSERT INTO car_bookings (id, car_id, renter_id, owner_id, status, start_date, end_date, total_days, price_per_day, base_price, service_fee, taxes, total, deposit, include_insurance, has_chauffeur, airport_delivery, wedding_package, business_package, created_at) VALUES ('a02597da-ebe8-4a43-8cd3-c6311f95da85', 'CAR-001', 'C3D4E5F6-G7H8-9012-CDEF-345678901234', 'E5F6G7H8-I9J0-1234-EFGH-567890123456', 'COMPLETED', '2023-03-20', '2023-03-27', 7, 800000, 5600000, 560000.0, 448000.0, 6608000.0, 1600000, 0, 0, 0, 0, 0, '2023-03-15 00:00:00');
INSERT INTO car_booking_history (id, booking_id, status, changed_at) VALUES ('b26cb1c4-7c68-4e93-80d0-40c1f0dbdb77', 'a02597da-ebe8-4a43-8cd3-c6311f95da85', 'PENDING', '2023-03-15 00:00:00');
INSERT INTO car_booking_history (id, booking_id, status, changed_at) VALUES ('c6c01450-26bd-4a96-8391-b049a025e826', 'a02597da-ebe8-4a43-8cd3-c6311f95da85', 'COMPLETED', '2023-03-15 02:00:00');
INSERT INTO car_bookings (id, car_id, renter_id, owner_id, status, start_date, end_date, total_days, price_per_day, base_price, service_fee, taxes, total, deposit, include_insurance, has_chauffeur, airport_delivery, wedding_package, business_package, created_at) VALUES ('c8749aa8-db3a-4c40-8df4-06515b9944e2', 'CAR-001', 'D4E5F6G7-H8I9-0123-DEFG-456789012345', 'E5F6G7H8-I9J0-1234-EFGH-567890123456', 'COMPLETED', '2023-03-03', '2023-03-08', 5, 800000, 4000000, 400000.0, 320000.0, 4720000.0, 1600000, 0, 0, 0, 0, 0, '2023-02-25 00:00:00');
INSERT INTO car_booking_history (id, booking_id, status, changed_at) VALUES ('11717810-f26c-4d9c-b723-ed12e3c96585', 'c8749aa8-db3a-4c40-8df4-06515b9944e2', 'PENDING', '2023-02-25 00:00:00');
INSERT INTO car_booking_history (id, booking_id, status, changed_at) VALUES ('c9d015b6-c4ef-4d25-b6cd-e5144d02259a', 'c8749aa8-db3a-4c40-8df4-06515b9944e2', 'COMPLETED', '2023-02-25 02:00:00');
INSERT INTO car_bookings (id, car_id, renter_id, owner_id, status, start_date, end_date, total_days, price_per_day, base_price, service_fee, taxes, total, deposit, include_insurance, has_chauffeur, airport_delivery, wedding_package, business_package, created_at) VALUES ('af7cab58-a1b6-4da9-bb82-d65f789140dd', 'CAR-001', 'B2C3D4E5-F6G7-8901-BCDE-234567890123', 'E5F6G7H8-I9J0-1234-EFGH-567890123456', 'CANCELLED', '2023-09-19', '2023-09-24', 5, 800000, 4000000, 400000.0, 320000.0, 4720000.0, 1600000, 0, 0, 0, 0, 0, '2023-09-13 00:00:00');
INSERT INTO car_booking_history (id, booking_id, status, changed_at) VALUES ('07dd0e39-99c0-4933-9115-dda57bf345d7', 'af7cab58-a1b6-4da9-bb82-d65f789140dd', 'PENDING', '2023-09-13 00:00:00');
INSERT INTO car_booking_history (id, booking_id, status, changed_at) VALUES ('b17a2dac-aa86-4c7b-bbf5-1dee93740b05', 'af7cab58-a1b6-4da9-bb82-d65f789140dd', 'CANCELLED', '2023-09-13 02:00:00');
INSERT INTO car_bookings (id, car_id, renter_id, owner_id, status, start_date, end_date, total_days, price_per_day, base_price, service_fee, taxes, total, deposit, include_insurance, has_chauffeur, airport_delivery, wedding_package, business_package, created_at) VALUES ('0b173931-4ff3-455b-ab32-a3ffd6beaabc', 'CAR-004', 'C3D4E5F6-G7H8-9012-CDEF-345678901234', 'F6G7H8I9-J0K1-2345-FGHI-678901234567', 'COMPLETED', '2023-06-29', '2023-07-09', 10, 2500000, 25000000, 2500000.0, 2000000.0, 29500000.0, 5000000, 0, 0, 0, 0, 0, '2023-06-27 00:00:00');
INSERT INTO car_booking_history (id, booking_id, status, changed_at) VALUES ('3e74b4c7-2dbc-4cba-aac0-4d7accfe634c', '0b173931-4ff3-455b-ab32-a3ffd6beaabc', 'PENDING', '2023-06-27 00:00:00');
INSERT INTO car_booking_history (id, booking_id, status, changed_at) VALUES ('19965da0-e921-4a90-9806-f24b748b7d56', '0b173931-4ff3-455b-ab32-a3ffd6beaabc', 'COMPLETED', '2023-06-27 02:00:00');
INSERT INTO car_bookings (id, car_id, renter_id, owner_id, status, start_date, end_date, total_days, price_per_day, base_price, service_fee, taxes, total, deposit, include_insurance, has_chauffeur, airport_delivery, wedding_package, business_package, created_at) VALUES ('dd2b82e3-2cc5-4fc9-8267-0de8cded741d', 'CAR-004', 'B2C3D4E5-F6G7-8901-BCDE-234567890123', 'F6G7H8I9-J0K1-2345-FGHI-678901234567', 'COMPLETED', '2023-08-26', '2023-08-29', 3, 2500000, 7500000, 750000.0, 600000.0, 8850000.0, 5000000, 0, 0, 0, 0, 0, '2023-08-19 00:00:00');
INSERT INTO car_booking_history (id, booking_id, status, changed_at) VALUES ('539556f6-4568-46c7-aafc-c6328cc0ac4a', 'dd2b82e3-2cc5-4fc9-8267-0de8cded741d', 'PENDING', '2023-08-19 00:00:00');
INSERT INTO car_booking_history (id, booking_id, status, changed_at) VALUES ('2be20ec8-ebd4-41d3-9c93-b4bca3c2a518', 'dd2b82e3-2cc5-4fc9-8267-0de8cded741d', 'COMPLETED', '2023-08-19 02:00:00');
INSERT INTO car_bookings (id, car_id, renter_id, owner_id, status, start_date, end_date, total_days, price_per_day, base_price, service_fee, taxes, total, deposit, include_insurance, has_chauffeur, airport_delivery, wedding_package, business_package, created_at) VALUES ('e5c4641e-c651-46f6-aff2-b1d8b358fdde', 'CAR-002', 'D4E5F6G7-H8I9-0123-DEFG-456789012345', 'E5F6G7H8-I9J0-1234-EFGH-567890123456', 'CANCELLED', '2023-06-09', '2023-06-19', 10, 750000, 7500000, 750000.0, 600000.0, 8850000.0, 1500000, 0, 0, 0, 0, 0, '2023-05-27 00:00:00');
INSERT INTO car_booking_history (id, booking_id, status, changed_at) VALUES ('6d8bc9bb-c276-4a05-94ac-065b5509dc25', 'e5c4641e-c651-46f6-aff2-b1d8b358fdde', 'PENDING', '2023-05-27 00:00:00');
INSERT INTO car_booking_history (id, booking_id, status, changed_at) VALUES ('0fded223-6eae-4b66-96f1-b2831785a288', 'e5c4641e-c651-46f6-aff2-b1d8b358fdde', 'CANCELLED', '2023-05-27 02:00:00');
INSERT INTO car_bookings (id, car_id, renter_id, owner_id, status, start_date, end_date, total_days, price_per_day, base_price, service_fee, taxes, total, deposit, include_insurance, has_chauffeur, airport_delivery, wedding_package, business_package, created_at) VALUES ('da6d40d9-4470-4d5d-9e39-bfaae480dc02', 'CAR-002', 'D4E5F6G7-H8I9-0123-DEFG-456789012345', 'E5F6G7H8-I9J0-1234-EFGH-567890123456', 'COMPLETED', '2024-01-18', '2024-01-28', 10, 750000, 7500000, 750000.0, 600000.0, 8850000.0, 1500000, 0, 0, 0, 0, 0, '2024-01-04 00:00:00');
INSERT INTO car_booking_history (id, booking_id, status, changed_at) VALUES ('724cb4a6-26c2-44de-b84d-2baa338b6229', 'da6d40d9-4470-4d5d-9e39-bfaae480dc02', 'PENDING', '2024-01-04 00:00:00');
INSERT INTO car_booking_history (id, booking_id, status, changed_at) VALUES ('3e1da8e6-7b96-4b3b-aae6-86efca54e95d', 'da6d40d9-4470-4d5d-9e39-bfaae480dc02', 'COMPLETED', '2024-01-04 02:00:00');
INSERT INTO car_bookings (id, car_id, renter_id, owner_id, status, start_date, end_date, total_days, price_per_day, base_price, service_fee, taxes, total, deposit, include_insurance, has_chauffeur, airport_delivery, wedding_package, business_package, created_at) VALUES ('5441d240-18a4-4b06-a7c1-5cd6405f28ae', 'CAR-007', 'C3D4E5F6-G7H8-9012-CDEF-345678901234', 'G7H8I9J0-K1L2-3456-GHIJ-789012345678', 'COMPLETED', '2023-09-09', '2023-09-15', 6, 1800000, 10800000, 1080000.0, 864000.0, 12744000.0, 3600000, 0, 0, 0, 0, 0, '2023-08-27 00:00:00');
INSERT INTO car_booking_history (id, booking_id, status, changed_at) VALUES ('00087379-188a-465c-ae5b-9abbe37ceb58', '5441d240-18a4-4b06-a7c1-5cd6405f28ae', 'PENDING', '2023-08-27 00:00:00');
INSERT INTO car_booking_history (id, booking_id, status, changed_at) VALUES ('292150b3-3ec1-40a2-aa45-d73d653f3ca3', '5441d240-18a4-4b06-a7c1-5cd6405f28ae', 'COMPLETED', '2023-08-27 02:00:00');
INSERT INTO car_bookings (id, car_id, renter_id, owner_id, status, start_date, end_date, total_days, price_per_day, base_price, service_fee, taxes, total, deposit, include_insurance, has_chauffeur, airport_delivery, wedding_package, business_package, created_at) VALUES ('1e44ec54-c257-4701-8883-416950490649', 'CAR-003', 'B2C3D4E5-F6G7-8901-BCDE-234567890123', 'E5F6G7H8-I9J0-1234-EFGH-567890123456', 'COMPLETED', '2023-08-23', '2023-08-27', 4, 950000, 3800000, 380000.0, 304000.0, 4484000.0, 1900000, 0, 0, 0, 0, 0, '2023-08-17 00:00:00');
INSERT INTO car_booking_history (id, booking_id, status, changed_at) VALUES ('ecd0fdb8-3c32-437d-8e3b-9436db4545bf', '1e44ec54-c257-4701-8883-416950490649', 'PENDING', '2023-08-17 00:00:00');
INSERT INTO car_booking_history (id, booking_id, status, changed_at) VALUES ('7919587c-18f8-4be7-b8f9-35cc240b5e64', '1e44ec54-c257-4701-8883-416950490649', 'COMPLETED', '2023-08-17 02:00:00');
INSERT INTO car_bookings (id, car_id, renter_id, owner_id, status, start_date, end_date, total_days, price_per_day, base_price, service_fee, taxes, total, deposit, include_insurance, has_chauffeur, airport_delivery, wedding_package, business_package, created_at) VALUES ('d5a1e355-025b-4a44-868f-8c585d13069a', 'CAR-001', 'B2C3D4E5-F6G7-8901-BCDE-234567890123', 'E5F6G7H8-I9J0-1234-EFGH-567890123456', 'COMPLETED', '2023-12-19', '2023-12-22', 3, 800000, 2400000, 240000.0, 192000.0, 2832000.0, 1600000, 0, 0, 0, 0, 0, '2023-12-17 00:00:00');
INSERT INTO car_booking_history (id, booking_id, status, changed_at) VALUES ('df4ea294-8bc4-4ef7-8d4e-bad49056a437', 'd5a1e355-025b-4a44-868f-8c585d13069a', 'PENDING', '2023-12-17 00:00:00');
INSERT INTO car_booking_history (id, booking_id, status, changed_at) VALUES ('27767da8-90d2-460d-95eb-dfcb35eb5cd0', 'd5a1e355-025b-4a44-868f-8c585d13069a', 'COMPLETED', '2023-12-17 02:00:00');
INSERT INTO car_bookings (id, car_id, renter_id, owner_id, status, start_date, end_date, total_days, price_per_day, base_price, service_fee, taxes, total, deposit, include_insurance, has_chauffeur, airport_delivery, wedding_package, business_package, created_at) VALUES ('a3647c57-28d4-4c09-be44-8047a024e786', 'CAR-002', 'D4E5F6G7-H8I9-0123-DEFG-456789012345', 'E5F6G7H8-I9J0-1234-EFGH-567890123456', 'COMPLETED', '2024-05-13', '2024-05-15', 2, 750000, 1500000, 150000.0, 120000.0, 1770000.0, 1500000, 0, 0, 0, 0, 0, '2024-05-04 00:00:00');
INSERT INTO car_booking_history (id, booking_id, status, changed_at) VALUES ('8feeeca7-6724-455b-ab6f-c82eaeab3a66', 'a3647c57-28d4-4c09-be44-8047a024e786', 'PENDING', '2024-05-04 00:00:00');
INSERT INTO car_booking_history (id, booking_id, status, changed_at) VALUES ('cf0d7bab-b420-4c4d-813f-582b4d167d56', 'a3647c57-28d4-4c09-be44-8047a024e786', 'COMPLETED', '2024-05-04 02:00:00');
INSERT INTO car_bookings (id, car_id, renter_id, owner_id, status, start_date, end_date, total_days, price_per_day, base_price, service_fee, taxes, total, deposit, include_insurance, has_chauffeur, airport_delivery, wedding_package, business_package, created_at) VALUES ('2b88f0a8-76e1-43b5-8495-14486f870c35', 'CAR-007', 'D4E5F6G7-H8I9-0123-DEFG-456789012345', 'G7H8I9J0-K1L2-3456-GHIJ-789012345678', 'COMPLETED', '2023-10-28', '2023-11-05', 8, 1800000, 14400000, 1440000.0, 1152000.0, 16992000.0, 3600000, 0, 0, 0, 0, 0, '2023-10-14 00:00:00');
INSERT INTO car_booking_history (id, booking_id, status, changed_at) VALUES ('50a9c8fd-b3fa-4a87-8de8-c387c8bd4bb1', '2b88f0a8-76e1-43b5-8495-14486f870c35', 'PENDING', '2023-10-14 00:00:00');
INSERT INTO car_booking_history (id, booking_id, status, changed_at) VALUES ('c1f28827-888b-44cc-9a9e-137daa9e1643', '2b88f0a8-76e1-43b5-8495-14486f870c35', 'COMPLETED', '2023-10-14 02:00:00');
INSERT INTO car_bookings (id, car_id, renter_id, owner_id, status, start_date, end_date, total_days, price_per_day, base_price, service_fee, taxes, total, deposit, include_insurance, has_chauffeur, airport_delivery, wedding_package, business_package, created_at) VALUES ('c9c4dd45-f6e5-4786-b5f7-2299f5fb6f64', 'CAR-007', 'B2C3D4E5-F6G7-8901-BCDE-234567890123', 'G7H8I9J0-K1L2-3456-GHIJ-789012345678', 'COMPLETED', '2023-08-18', '2023-08-25', 7, 1800000, 12600000, 1260000.0, 1008000.0, 14868000.0, 3600000, 0, 0, 0, 0, 0, '2023-08-17 00:00:00');
INSERT INTO car_booking_history (id, booking_id, status, changed_at) VALUES ('c2e2efe6-9723-4651-af3a-3c6951c57abb', 'c9c4dd45-f6e5-4786-b5f7-2299f5fb6f64', 'PENDING', '2023-08-17 00:00:00');
INSERT INTO car_booking_history (id, booking_id, status, changed_at) VALUES ('1420bbca-949b-41a9-a467-79bb8e648cb0', 'c9c4dd45-f6e5-4786-b5f7-2299f5fb6f64', 'COMPLETED', '2023-08-17 02:00:00');
INSERT INTO car_bookings (id, car_id, renter_id, owner_id, status, start_date, end_date, total_days, price_per_day, base_price, service_fee, taxes, total, deposit, include_insurance, has_chauffeur, airport_delivery, wedding_package, business_package, created_at) VALUES ('9902e74d-acc3-4809-8a96-13217cce5be3', 'CAR-004', 'C3D4E5F6-G7H8-9012-CDEF-345678901234', 'F6G7H8I9-J0K1-2345-FGHI-678901234567', 'CANCELLED', '2023-03-14', '2023-03-22', 8, 2500000, 20000000, 2000000.0, 1600000.0, 23600000.0, 5000000, 0, 0, 0, 0, 0, '2023-03-10 00:00:00');
INSERT INTO car_booking_history (id, booking_id, status, changed_at) VALUES ('2889e18e-d9a1-4e88-9d4c-e5a4bc531515', '9902e74d-acc3-4809-8a96-13217cce5be3', 'PENDING', '2023-03-10 00:00:00');
INSERT INTO car_booking_history (id, booking_id, status, changed_at) VALUES ('12f9eb33-ff94-48f7-85cc-054f30df501e', '9902e74d-acc3-4809-8a96-13217cce5be3', 'CANCELLED', '2023-03-10 02:00:00');
INSERT INTO car_bookings (id, car_id, renter_id, owner_id, status, start_date, end_date, total_days, price_per_day, base_price, service_fee, taxes, total, deposit, include_insurance, has_chauffeur, airport_delivery, wedding_package, business_package, created_at) VALUES ('42de3101-24ed-4b43-ba05-28071f2878ea', 'CAR-001', 'C3D4E5F6-G7H8-9012-CDEF-345678901234', 'E5F6G7H8-I9J0-1234-EFGH-567890123456', 'COMPLETED', '2024-02-02', '2024-02-04', 2, 800000, 1600000, 160000.0, 128000.0, 1888000.0, 1600000, 0, 0, 0, 0, 0, '2024-01-28 00:00:00');
INSERT INTO car_booking_history (id, booking_id, status, changed_at) VALUES ('cb5d7560-1996-4170-be92-a8d7d606c74b', '42de3101-24ed-4b43-ba05-28071f2878ea', 'PENDING', '2024-01-28 00:00:00');
INSERT INTO car_booking_history (id, booking_id, status, changed_at) VALUES ('8ddf92f9-b0a9-4430-8ff1-c9eb647476c5', '42de3101-24ed-4b43-ba05-28071f2878ea', 'COMPLETED', '2024-01-28 02:00:00');
INSERT INTO car_bookings (id, car_id, renter_id, owner_id, status, start_date, end_date, total_days, price_per_day, base_price, service_fee, taxes, total, deposit, include_insurance, has_chauffeur, airport_delivery, wedding_package, business_package, created_at) VALUES ('5402ee7d-247d-448d-8d7b-0404e9806630', 'CAR-001', 'D4E5F6G7-H8I9-0123-DEFG-456789012345', 'E5F6G7H8-I9J0-1234-EFGH-567890123456', 'CANCELLED', '2023-01-21', '2023-01-26', 5, 800000, 4000000, 400000.0, 320000.0, 4720000.0, 1600000, 0, 0, 0, 0, 0, '2023-01-13 00:00:00');
INSERT INTO car_booking_history (id, booking_id, status, changed_at) VALUES ('a5b4c028-6ca9-45a2-8ae3-43df90f9c587', '5402ee7d-247d-448d-8d7b-0404e9806630', 'PENDING', '2023-01-13 00:00:00');
INSERT INTO car_booking_history (id, booking_id, status, changed_at) VALUES ('e44db68b-f71d-4357-b4c0-8e9dde7a1ed0', '5402ee7d-247d-448d-8d7b-0404e9806630', 'CANCELLED', '2023-01-13 02:00:00');
INSERT INTO car_bookings (id, car_id, renter_id, owner_id, status, start_date, end_date, total_days, price_per_day, base_price, service_fee, taxes, total, deposit, include_insurance, has_chauffeur, airport_delivery, wedding_package, business_package, created_at) VALUES ('fd870a55-c5c5-4088-90d5-980b664a87b0', 'CAR-002', 'D4E5F6G7-H8I9-0123-DEFG-456789012345', 'E5F6G7H8-I9J0-1234-EFGH-567890123456', 'COMPLETED', '2023-01-23', '2023-01-29', 6, 750000, 4500000, 450000.0, 360000.0, 5310000.0, 1500000, 0, 0, 0, 0, 0, '2023-01-12 00:00:00');
INSERT INTO car_booking_history (id, booking_id, status, changed_at) VALUES ('87c00fc6-0a0b-46f2-a22d-5c48914ef8ba', 'fd870a55-c5c5-4088-90d5-980b664a87b0', 'PENDING', '2023-01-12 00:00:00');
INSERT INTO car_booking_history (id, booking_id, status, changed_at) VALUES ('8930343e-14e7-4c06-b903-2b148f4f5109', 'fd870a55-c5c5-4088-90d5-980b664a87b0', 'COMPLETED', '2023-01-12 02:00:00');
INSERT INTO car_bookings (id, car_id, renter_id, owner_id, status, start_date, end_date, total_days, price_per_day, base_price, service_fee, taxes, total, deposit, include_insurance, has_chauffeur, airport_delivery, wedding_package, business_package, created_at) VALUES ('9842634e-88e0-465d-9556-0d3e8109003e', 'CAR-001', 'C3D4E5F6-G7H8-9012-CDEF-345678901234', 'E5F6G7H8-I9J0-1234-EFGH-567890123456', 'COMPLETED', '2024-05-18', '2024-05-27', 9, 800000, 7200000, 720000.0, 576000.0, 8496000.0, 1600000, 0, 0, 0, 0, 0, '2024-05-17 00:00:00');
INSERT INTO car_booking_history (id, booking_id, status, changed_at) VALUES ('3d6635c9-8e2f-4097-b9b1-9b25660e9ed8', '9842634e-88e0-465d-9556-0d3e8109003e', 'PENDING', '2024-05-17 00:00:00');
INSERT INTO car_booking_history (id, booking_id, status, changed_at) VALUES ('acf9ab87-fc4d-4e3c-b2d7-9c27d039c3b9', '9842634e-88e0-465d-9556-0d3e8109003e', 'COMPLETED', '2024-05-17 02:00:00');
INSERT INTO car_bookings (id, car_id, renter_id, owner_id, status, start_date, end_date, total_days, price_per_day, base_price, service_fee, taxes, total, deposit, include_insurance, has_chauffeur, airport_delivery, wedding_package, business_package, created_at) VALUES ('4c1baba1-040d-481a-a9b4-2e4d239282af', 'CAR-002', 'B2C3D4E5-F6G7-8901-BCDE-234567890123', 'E5F6G7H8-I9J0-1234-EFGH-567890123456', 'CANCELLED', '2024-04-30', '2024-05-09', 9, 750000, 6750000, 675000.0, 540000.0, 7965000.0, 1500000, 0, 0, 0, 0, 0, '2024-04-20 00:00:00');
INSERT INTO car_booking_history (id, booking_id, status, changed_at) VALUES ('fbecc05e-061d-47c6-896f-3ae65051b001', '4c1baba1-040d-481a-a9b4-2e4d239282af', 'PENDING', '2024-04-20 00:00:00');
INSERT INTO car_booking_history (id, booking_id, status, changed_at) VALUES ('40324073-637d-4564-a448-51496feab965', '4c1baba1-040d-481a-a9b4-2e4d239282af', 'CANCELLED', '2024-04-20 02:00:00');
INSERT INTO car_bookings (id, car_id, renter_id, owner_id, status, start_date, end_date, total_days, price_per_day, base_price, service_fee, taxes, total, deposit, include_insurance, has_chauffeur, airport_delivery, wedding_package, business_package, created_at) VALUES ('378859cb-d59b-45e2-9f44-fc096a9131bd', 'CAR-004', 'B2C3D4E5-F6G7-8901-BCDE-234567890123', 'F6G7H8I9-J0K1-2345-FGHI-678901234567', 'COMPLETED', '2023-04-01', '2023-04-10', 9, 2500000, 22500000, 2250000.0, 1800000.0, 26550000.0, 5000000, 0, 0, 0, 0, 0, '2023-03-26 00:00:00');
INSERT INTO car_booking_history (id, booking_id, status, changed_at) VALUES ('6b222ba6-0ec9-42e7-aba7-57f4bc65e52c', '378859cb-d59b-45e2-9f44-fc096a9131bd', 'PENDING', '2023-03-26 00:00:00');
INSERT INTO car_booking_history (id, booking_id, status, changed_at) VALUES ('47e9f744-4a71-4ef8-89b6-8f3c5201f034', '378859cb-d59b-45e2-9f44-fc096a9131bd', 'COMPLETED', '2023-03-26 02:00:00');
INSERT INTO car_bookings (id, car_id, renter_id, owner_id, status, start_date, end_date, total_days, price_per_day, base_price, service_fee, taxes, total, deposit, include_insurance, has_chauffeur, airport_delivery, wedding_package, business_package, created_at) VALUES ('6ada9a70-92ff-46fc-a305-b8b0fd9035ee', 'CAR-001', 'C3D4E5F6-G7H8-9012-CDEF-345678901234', 'E5F6G7H8-I9J0-1234-EFGH-567890123456', 'COMPLETED', '2023-02-26', '2023-03-07', 9, 800000, 7200000, 720000.0, 576000.0, 8496000.0, 1600000, 0, 0, 0, 0, 0, '2023-02-12 00:00:00');
INSERT INTO car_booking_history (id, booking_id, status, changed_at) VALUES ('36e99614-c4f8-445d-be01-68d941b1c6fc', '6ada9a70-92ff-46fc-a305-b8b0fd9035ee', 'PENDING', '2023-02-12 00:00:00');
INSERT INTO car_booking_history (id, booking_id, status, changed_at) VALUES ('b600857a-faec-41b2-a7e0-b5e3cfe173de', '6ada9a70-92ff-46fc-a305-b8b0fd9035ee', 'COMPLETED', '2023-02-12 02:00:00');
INSERT INTO car_bookings (id, car_id, renter_id, owner_id, status, start_date, end_date, total_days, price_per_day, base_price, service_fee, taxes, total, deposit, include_insurance, has_chauffeur, airport_delivery, wedding_package, business_package, created_at) VALUES ('a4d27352-f8f8-4608-9e86-cbaf5bdbef33', 'CAR-001', 'B2C3D4E5-F6G7-8901-BCDE-234567890123', 'E5F6G7H8-I9J0-1234-EFGH-567890123456', 'COMPLETED', '2023-04-03', '2023-04-07', 4, 800000, 3200000, 320000.0, 256000.0, 3776000.0, 1600000, 0, 0, 0, 0, 0, '2023-03-23 00:00:00');
INSERT INTO car_booking_history (id, booking_id, status, changed_at) VALUES ('c87a916f-4c68-4146-8b3d-71b5199dd69a', 'a4d27352-f8f8-4608-9e86-cbaf5bdbef33', 'PENDING', '2023-03-23 00:00:00');
INSERT INTO car_booking_history (id, booking_id, status, changed_at) VALUES ('c6729ca8-470b-4c5b-a4c6-877207616b6d', 'a4d27352-f8f8-4608-9e86-cbaf5bdbef33', 'COMPLETED', '2023-03-23 02:00:00');
INSERT INTO car_bookings (id, car_id, renter_id, owner_id, status, start_date, end_date, total_days, price_per_day, base_price, service_fee, taxes, total, deposit, include_insurance, has_chauffeur, airport_delivery, wedding_package, business_package, created_at) VALUES ('93bc761c-ad1d-44e1-83cd-91bd8efbe46f', 'CAR-007', 'B2C3D4E5-F6G7-8901-BCDE-234567890123', 'G7H8I9J0-K1L2-3456-GHIJ-789012345678', 'COMPLETED', '2024-01-20', '2024-01-28', 8, 1800000, 14400000, 1440000.0, 1152000.0, 16992000.0, 3600000, 0, 0, 0, 0, 0, '2024-01-17 00:00:00');
INSERT INTO car_booking_history (id, booking_id, status, changed_at) VALUES ('995bc09d-b9cf-4b5a-8c8b-2330dfcc1279', '93bc761c-ad1d-44e1-83cd-91bd8efbe46f', 'PENDING', '2024-01-17 00:00:00');
INSERT INTO car_booking_history (id, booking_id, status, changed_at) VALUES ('0708e900-a7bc-4f7a-96d8-fdf9172cd775', '93bc761c-ad1d-44e1-83cd-91bd8efbe46f', 'COMPLETED', '2024-01-17 02:00:00');
INSERT INTO car_bookings (id, car_id, renter_id, owner_id, status, start_date, end_date, total_days, price_per_day, base_price, service_fee, taxes, total, deposit, include_insurance, has_chauffeur, airport_delivery, wedding_package, business_package, created_at) VALUES ('8bcd0fc2-58c1-4c4a-a174-109da9e74aec', 'CAR-004', 'D4E5F6G7-H8I9-0123-DEFG-456789012345', 'F6G7H8I9-J0K1-2345-FGHI-678901234567', 'COMPLETED', '2023-12-16', '2023-12-20', 4, 2500000, 10000000, 1000000.0, 800000.0, 11800000.0, 5000000, 0, 0, 0, 0, 0, '2023-12-07 00:00:00');
INSERT INTO car_booking_history (id, booking_id, status, changed_at) VALUES ('e6b8cafe-5a9d-403f-b104-3ef37a5f54ae', '8bcd0fc2-58c1-4c4a-a174-109da9e74aec', 'PENDING', '2023-12-07 00:00:00');
INSERT INTO car_booking_history (id, booking_id, status, changed_at) VALUES ('15a61d7a-22c4-48f0-abd9-cc8b1b919f46', '8bcd0fc2-58c1-4c4a-a174-109da9e74aec', 'COMPLETED', '2023-12-07 02:00:00');
INSERT INTO car_bookings (id, car_id, renter_id, owner_id, status, start_date, end_date, total_days, price_per_day, base_price, service_fee, taxes, total, deposit, include_insurance, has_chauffeur, airport_delivery, wedding_package, business_package, created_at) VALUES ('d27f7642-108c-4cf3-bf79-a97a744f0f9f', 'CAR-003', 'B2C3D4E5-F6G7-8901-BCDE-234567890123', 'E5F6G7H8-I9J0-1234-EFGH-567890123456', 'CANCELLED', '2023-01-25', '2023-02-01', 7, 950000, 6650000, 665000.0, 532000.0, 7847000.0, 1900000, 0, 0, 0, 0, 0, '2023-01-20 00:00:00');
INSERT INTO car_booking_history (id, booking_id, status, changed_at) VALUES ('ee7a2be5-f001-45c3-b9a4-05009ce7dd71', 'd27f7642-108c-4cf3-bf79-a97a744f0f9f', 'PENDING', '2023-01-20 00:00:00');
INSERT INTO car_booking_history (id, booking_id, status, changed_at) VALUES ('53ff5bce-53be-4c13-9250-77afe5ff2ac9', 'd27f7642-108c-4cf3-bf79-a97a744f0f9f', 'CANCELLED', '2023-01-20 02:00:00');
INSERT INTO car_bookings (id, car_id, renter_id, owner_id, status, start_date, end_date, total_days, price_per_day, base_price, service_fee, taxes, total, deposit, include_insurance, has_chauffeur, airport_delivery, wedding_package, business_package, created_at) VALUES ('1c2daa7d-dbca-4834-adb3-7802d4f7a04f', 'CAR-002', 'B2C3D4E5-F6G7-8901-BCDE-234567890123', 'E5F6G7H8-I9J0-1234-EFGH-567890123456', 'COMPLETED', '2023-03-16', '2023-03-23', 7, 750000, 5250000, 525000.0, 420000.0, 6195000.0, 1500000, 0, 0, 0, 0, 0, '2023-03-03 00:00:00');
INSERT INTO car_booking_history (id, booking_id, status, changed_at) VALUES ('d6b75ad7-d847-49a8-b4df-f1f18edd0b3d', '1c2daa7d-dbca-4834-adb3-7802d4f7a04f', 'PENDING', '2023-03-03 00:00:00');
INSERT INTO car_booking_history (id, booking_id, status, changed_at) VALUES ('3567fddd-a2a0-4f7e-a135-617bedf609d3', '1c2daa7d-dbca-4834-adb3-7802d4f7a04f', 'COMPLETED', '2023-03-03 02:00:00');
INSERT INTO car_bookings (id, car_id, renter_id, owner_id, status, start_date, end_date, total_days, price_per_day, base_price, service_fee, taxes, total, deposit, include_insurance, has_chauffeur, airport_delivery, wedding_package, business_package, created_at) VALUES ('a5a870d0-47f6-47df-89ec-7689b996502c', 'CAR-004', 'B2C3D4E5-F6G7-8901-BCDE-234567890123', 'F6G7H8I9-J0K1-2345-FGHI-678901234567', 'COMPLETED', '2023-04-06', '2023-04-11', 5, 2500000, 12500000, 1250000.0, 1000000.0, 14750000.0, 5000000, 0, 0, 0, 0, 0, '2023-03-28 00:00:00');
INSERT INTO car_booking_history (id, booking_id, status, changed_at) VALUES ('efa263e1-cd02-42b2-838a-0318e7e24102', 'a5a870d0-47f6-47df-89ec-7689b996502c', 'PENDING', '2023-03-28 00:00:00');
INSERT INTO car_booking_history (id, booking_id, status, changed_at) VALUES ('6c7fad05-5b02-4351-bff7-157290c9b3cb', 'a5a870d0-47f6-47df-89ec-7689b996502c', 'COMPLETED', '2023-03-28 02:00:00');
INSERT INTO car_bookings (id, car_id, renter_id, owner_id, status, start_date, end_date, total_days, price_per_day, base_price, service_fee, taxes, total, deposit, include_insurance, has_chauffeur, airport_delivery, wedding_package, business_package, created_at) VALUES ('85d60bc5-2373-4bd5-84c0-b1b62d520974', 'CAR-001', 'B2C3D4E5-F6G7-8901-BCDE-234567890123', 'E5F6G7H8-I9J0-1234-EFGH-567890123456', 'COMPLETED', '2023-09-24', '2023-09-25', 1, 800000, 800000, 80000.0, 64000.0, 944000.0, 1600000, 0, 0, 0, 0, 0, '2023-09-12 00:00:00');
INSERT INTO car_booking_history (id, booking_id, status, changed_at) VALUES ('e5ca7373-ac2b-4590-8c6d-c7a12820cbd4', '85d60bc5-2373-4bd5-84c0-b1b62d520974', 'PENDING', '2023-09-12 00:00:00');
INSERT INTO car_booking_history (id, booking_id, status, changed_at) VALUES ('b0bd765b-ec35-4167-8c49-81cd60396a3a', '85d60bc5-2373-4bd5-84c0-b1b62d520974', 'COMPLETED', '2023-09-12 02:00:00');
INSERT INTO car_bookings (id, car_id, renter_id, owner_id, status, start_date, end_date, total_days, price_per_day, base_price, service_fee, taxes, total, deposit, include_insurance, has_chauffeur, airport_delivery, wedding_package, business_package, created_at) VALUES ('f344201d-cd6d-4c21-86c4-8920f717c74f', 'CAR-001', 'D4E5F6G7-H8I9-0123-DEFG-456789012345', 'E5F6G7H8-I9J0-1234-EFGH-567890123456', 'CANCELLED', '2023-03-02', '2023-03-08', 6, 800000, 4800000, 480000.0, 384000.0, 5664000.0, 1600000, 0, 0, 0, 0, 0, '2023-02-26 00:00:00');
INSERT INTO car_booking_history (id, booking_id, status, changed_at) VALUES ('ca0c93f1-af6d-400d-90d3-b2a73418787a', 'f344201d-cd6d-4c21-86c4-8920f717c74f', 'PENDING', '2023-02-26 00:00:00');
INSERT INTO car_booking_history (id, booking_id, status, changed_at) VALUES ('8a952535-4b55-45b8-87e9-0bf341fa2b7b', 'f344201d-cd6d-4c21-86c4-8920f717c74f', 'CANCELLED', '2023-02-26 02:00:00');
INSERT INTO car_bookings (id, car_id, renter_id, owner_id, status, start_date, end_date, total_days, price_per_day, base_price, service_fee, taxes, total, deposit, include_insurance, has_chauffeur, airport_delivery, wedding_package, business_package, created_at) VALUES ('ac77e4a1-98af-476b-9b1e-2fce0a6986c2', 'CAR-004', 'C3D4E5F6-G7H8-9012-CDEF-345678901234', 'F6G7H8I9-J0K1-2345-FGHI-678901234567', 'COMPLETED', '2023-11-01', '2023-11-04', 3, 2500000, 7500000, 750000.0, 600000.0, 8850000.0, 5000000, 0, 0, 0, 0, 0, '2023-10-28 00:00:00');
INSERT INTO car_booking_history (id, booking_id, status, changed_at) VALUES ('ae289dca-6270-4249-ad2e-7055534f2efb', 'ac77e4a1-98af-476b-9b1e-2fce0a6986c2', 'PENDING', '2023-10-28 00:00:00');
INSERT INTO car_booking_history (id, booking_id, status, changed_at) VALUES ('846c29ef-fef2-46d2-aa04-a8c4b362d50a', 'ac77e4a1-98af-476b-9b1e-2fce0a6986c2', 'COMPLETED', '2023-10-28 02:00:00');
INSERT INTO car_bookings (id, car_id, renter_id, owner_id, status, start_date, end_date, total_days, price_per_day, base_price, service_fee, taxes, total, deposit, include_insurance, has_chauffeur, airport_delivery, wedding_package, business_package, created_at) VALUES ('59dcb970-9d73-45e7-9714-380c83a77049', 'CAR-002', 'C3D4E5F6-G7H8-9012-CDEF-345678901234', 'E5F6G7H8-I9J0-1234-EFGH-567890123456', 'CANCELLED', '2023-05-11', '2023-05-13', 2, 750000, 1500000, 150000.0, 120000.0, 1770000.0, 1500000, 0, 0, 0, 0, 0, '2023-04-30 00:00:00');
INSERT INTO car_booking_history (id, booking_id, status, changed_at) VALUES ('f912000b-f2a3-4e3b-92ad-8ff504c2f3e1', '59dcb970-9d73-45e7-9714-380c83a77049', 'PENDING', '2023-04-30 00:00:00');
INSERT INTO car_booking_history (id, booking_id, status, changed_at) VALUES ('b5dacbcb-1f13-4977-84a3-f16e13879ede', '59dcb970-9d73-45e7-9714-380c83a77049', 'CANCELLED', '2023-04-30 02:00:00');
INSERT INTO car_bookings (id, car_id, renter_id, owner_id, status, start_date, end_date, total_days, price_per_day, base_price, service_fee, taxes, total, deposit, include_insurance, has_chauffeur, airport_delivery, wedding_package, business_package, created_at) VALUES ('abe07839-83a4-4942-a227-1c167e520677', 'CAR-002', 'C3D4E5F6-G7H8-9012-CDEF-345678901234', 'E5F6G7H8-I9J0-1234-EFGH-567890123456', 'COMPLETED', '2023-11-24', '2023-11-29', 5, 750000, 3750000, 375000.0, 300000.0, 4425000.0, 1500000, 0, 0, 0, 0, 0, '2023-11-10 00:00:00');
INSERT INTO car_booking_history (id, booking_id, status, changed_at) VALUES ('56b2ad4f-7d70-4bf0-a882-4e4e27b8fb3e', 'abe07839-83a4-4942-a227-1c167e520677', 'PENDING', '2023-11-10 00:00:00');
INSERT INTO car_booking_history (id, booking_id, status, changed_at) VALUES ('53c7fe8b-57e9-44ac-8fbb-38e0dedb51b5', 'abe07839-83a4-4942-a227-1c167e520677', 'COMPLETED', '2023-11-10 02:00:00');
INSERT INTO car_bookings (id, car_id, renter_id, owner_id, status, start_date, end_date, total_days, price_per_day, base_price, service_fee, taxes, total, deposit, include_insurance, has_chauffeur, airport_delivery, wedding_package, business_package, created_at) VALUES ('a267e229-e904-4045-b6bd-bd354c36d986', 'CAR-003', 'D4E5F6G7-H8I9-0123-DEFG-456789012345', 'E5F6G7H8-I9J0-1234-EFGH-567890123456', 'COMPLETED', '2024-01-30', '2024-02-04', 5, 950000, 4750000, 475000.0, 380000.0, 5605000.0, 1900000, 0, 0, 0, 0, 0, '2024-01-27 00:00:00');
INSERT INTO car_booking_history (id, booking_id, status, changed_at) VALUES ('7e189571-1b29-4dfa-9d2e-f618d4504dcb', 'a267e229-e904-4045-b6bd-bd354c36d986', 'PENDING', '2024-01-27 00:00:00');
INSERT INTO car_booking_history (id, booking_id, status, changed_at) VALUES ('5232aa38-4879-4ef4-b0b6-b15b8fe75fa1', 'a267e229-e904-4045-b6bd-bd354c36d986', 'COMPLETED', '2024-01-27 02:00:00');
INSERT INTO car_bookings (id, car_id, renter_id, owner_id, status, start_date, end_date, total_days, price_per_day, base_price, service_fee, taxes, total, deposit, include_insurance, has_chauffeur, airport_delivery, wedding_package, business_package, created_at) VALUES ('334a531b-f6e9-4f6f-8f06-c58dddf80b6e', 'CAR-003', 'C3D4E5F6-G7H8-9012-CDEF-345678901234', 'E5F6G7H8-I9J0-1234-EFGH-567890123456', 'COMPLETED', '2023-03-31', '2023-04-03', 3, 950000, 2850000, 285000.0, 228000.0, 3363000.0, 1900000, 0, 0, 0, 0, 0, '2023-03-28 00:00:00');
INSERT INTO car_booking_history (id, booking_id, status, changed_at) VALUES ('cc90c80b-0b9e-4b7f-90c6-9bc35489826c', '334a531b-f6e9-4f6f-8f06-c58dddf80b6e', 'PENDING', '2023-03-28 00:00:00');
INSERT INTO car_booking_history (id, booking_id, status, changed_at) VALUES ('a2265e75-0e79-4cab-ae92-6137a21845e9', '334a531b-f6e9-4f6f-8f06-c58dddf80b6e', 'COMPLETED', '2023-03-28 02:00:00');
INSERT INTO car_bookings (id, car_id, renter_id, owner_id, status, start_date, end_date, total_days, price_per_day, base_price, service_fee, taxes, total, deposit, include_insurance, has_chauffeur, airport_delivery, wedding_package, business_package, created_at) VALUES ('e59d5bb8-ff6f-4652-9e4d-d517b13a668c', 'CAR-002', 'D4E5F6G7-H8I9-0123-DEFG-456789012345', 'E5F6G7H8-I9J0-1234-EFGH-567890123456', 'COMPLETED', '2023-11-23', '2023-11-26', 3, 750000, 2250000, 225000.0, 180000.0, 2655000.0, 1500000, 0, 0, 0, 0, 0, '2023-11-18 00:00:00');
INSERT INTO car_booking_history (id, booking_id, status, changed_at) VALUES ('a785057e-1f05-4db3-8f22-cbeb4c0d6875', 'e59d5bb8-ff6f-4652-9e4d-d517b13a668c', 'PENDING', '2023-11-18 00:00:00');
INSERT INTO car_booking_history (id, booking_id, status, changed_at) VALUES ('6bd34b5a-d900-48f6-a541-84ad494786a2', 'e59d5bb8-ff6f-4652-9e4d-d517b13a668c', 'COMPLETED', '2023-11-18 02:00:00');
INSERT INTO car_bookings (id, car_id, renter_id, owner_id, status, start_date, end_date, total_days, price_per_day, base_price, service_fee, taxes, total, deposit, include_insurance, has_chauffeur, airport_delivery, wedding_package, business_package, created_at) VALUES ('7d833ed5-3930-4de6-a750-68651c8b9a95', 'CAR-003', 'C3D4E5F6-G7H8-9012-CDEF-345678901234', 'E5F6G7H8-I9J0-1234-EFGH-567890123456', 'COMPLETED', '2024-01-02', '2024-01-11', 9, 950000, 8550000, 855000.0, 684000.0, 10089000.0, 1900000, 0, 0, 0, 0, 0, '2023-12-29 00:00:00');
INSERT INTO car_booking_history (id, booking_id, status, changed_at) VALUES ('cc22fe27-6a35-4315-a455-28844519c051', '7d833ed5-3930-4de6-a750-68651c8b9a95', 'PENDING', '2023-12-29 00:00:00');
INSERT INTO car_booking_history (id, booking_id, status, changed_at) VALUES ('ddbdc554-0bc5-434c-a25c-ece1e327be72', '7d833ed5-3930-4de6-a750-68651c8b9a95', 'COMPLETED', '2023-12-29 02:00:00');
INSERT INTO car_bookings (id, car_id, renter_id, owner_id, status, start_date, end_date, total_days, price_per_day, base_price, service_fee, taxes, total, deposit, include_insurance, has_chauffeur, airport_delivery, wedding_package, business_package, created_at) VALUES ('1016fb74-246c-4be2-b1d9-d4b39628fced', 'CAR-003', 'C3D4E5F6-G7H8-9012-CDEF-345678901234', 'E5F6G7H8-I9J0-1234-EFGH-567890123456', 'COMPLETED', '2023-04-06', '2023-04-13', 7, 950000, 6650000, 665000.0, 532000.0, 7847000.0, 1900000, 0, 0, 0, 0, 0, '2023-03-24 00:00:00');
INSERT INTO car_booking_history (id, booking_id, status, changed_at) VALUES ('c4df61e5-cc85-4e15-9f17-bf9171f388dd', '1016fb74-246c-4be2-b1d9-d4b39628fced', 'PENDING', '2023-03-24 00:00:00');
INSERT INTO car_booking_history (id, booking_id, status, changed_at) VALUES ('b8a9568b-61e6-4283-a29d-4a9041ef961d', '1016fb74-246c-4be2-b1d9-d4b39628fced', 'COMPLETED', '2023-03-24 02:00:00');
INSERT INTO car_bookings (id, car_id, renter_id, owner_id, status, start_date, end_date, total_days, price_per_day, base_price, service_fee, taxes, total, deposit, include_insurance, has_chauffeur, airport_delivery, wedding_package, business_package, created_at) VALUES ('380f7d84-16b9-40ce-851e-30a38250cf65', 'CAR-007', 'C3D4E5F6-G7H8-9012-CDEF-345678901234', 'G7H8I9J0-K1L2-3456-GHIJ-789012345678', 'CANCELLED', '2023-11-19', '2023-11-20', 1, 1800000, 1800000, 180000.0, 144000.0, 2124000.0, 3600000, 0, 0, 0, 0, 0, '2023-11-09 00:00:00');
INSERT INTO car_booking_history (id, booking_id, status, changed_at) VALUES ('6fdce355-cc30-4f57-8e22-59072837ace5', '380f7d84-16b9-40ce-851e-30a38250cf65', 'PENDING', '2023-11-09 00:00:00');
INSERT INTO car_booking_history (id, booking_id, status, changed_at) VALUES ('448a87e0-813d-4825-8b97-273be6202fc7', '380f7d84-16b9-40ce-851e-30a38250cf65', 'CANCELLED', '2023-11-09 02:00:00');
INSERT INTO car_bookings (id, car_id, renter_id, owner_id, status, start_date, end_date, total_days, price_per_day, base_price, service_fee, taxes, total, deposit, include_insurance, has_chauffeur, airport_delivery, wedding_package, business_package, created_at) VALUES ('0a5b85b2-c699-481f-a8e1-e93d5bc12204', 'CAR-007', 'D4E5F6G7-H8I9-0123-DEFG-456789012345', 'G7H8I9J0-K1L2-3456-GHIJ-789012345678', 'COMPLETED', '2023-10-26', '2023-10-30', 4, 1800000, 7200000, 720000.0, 576000.0, 8496000.0, 3600000, 0, 0, 0, 0, 0, '2023-10-19 00:00:00');
INSERT INTO car_booking_history (id, booking_id, status, changed_at) VALUES ('e0d3a2bb-6cb9-439e-9a3a-0e2712be3cd2', '0a5b85b2-c699-481f-a8e1-e93d5bc12204', 'PENDING', '2023-10-19 00:00:00');
INSERT INTO car_booking_history (id, booking_id, status, changed_at) VALUES ('91da0b35-9cc2-4132-a93a-58edf1517b4a', '0a5b85b2-c699-481f-a8e1-e93d5bc12204', 'COMPLETED', '2023-10-19 02:00:00');
INSERT INTO car_bookings (id, car_id, renter_id, owner_id, status, start_date, end_date, total_days, price_per_day, base_price, service_fee, taxes, total, deposit, include_insurance, has_chauffeur, airport_delivery, wedding_package, business_package, created_at) VALUES ('7fbe7dbe-cff7-481e-be6e-863617d88854', 'CAR-004', 'C3D4E5F6-G7H8-9012-CDEF-345678901234', 'F6G7H8I9-J0K1-2345-FGHI-678901234567', 'COMPLETED', '2024-02-06', '2024-02-07', 1, 2500000, 2500000, 250000.0, 200000.0, 2950000.0, 5000000, 0, 0, 0, 0, 0, '2024-01-31 00:00:00');
INSERT INTO car_booking_history (id, booking_id, status, changed_at) VALUES ('f7e2c52a-b7e8-4514-b5b3-0f9b02d274fa', '7fbe7dbe-cff7-481e-be6e-863617d88854', 'PENDING', '2024-01-31 00:00:00');
INSERT INTO car_booking_history (id, booking_id, status, changed_at) VALUES ('94a9f174-42dc-4d15-9f79-2ed5cc9808b7', '7fbe7dbe-cff7-481e-be6e-863617d88854', 'COMPLETED', '2024-01-31 02:00:00');
INSERT INTO car_bookings (id, car_id, renter_id, owner_id, status, start_date, end_date, total_days, price_per_day, base_price, service_fee, taxes, total, deposit, include_insurance, has_chauffeur, airport_delivery, wedding_package, business_package, created_at) VALUES ('2d02a1ca-ffec-434f-8632-8673bc207b2c', 'CAR-007', 'C3D4E5F6-G7H8-9012-CDEF-345678901234', 'G7H8I9J0-K1L2-3456-GHIJ-789012345678', 'COMPLETED', '2023-10-22', '2023-11-01', 10, 1800000, 18000000, 1800000.0, 1440000.0, 21240000.0, 3600000, 0, 0, 0, 0, 0, '2023-10-10 00:00:00');
INSERT INTO car_booking_history (id, booking_id, status, changed_at) VALUES ('ac89004a-5f16-4fd0-948c-10f585d67563', '2d02a1ca-ffec-434f-8632-8673bc207b2c', 'PENDING', '2023-10-10 00:00:00');
INSERT INTO car_booking_history (id, booking_id, status, changed_at) VALUES ('b28eab9c-9e13-4049-a7b7-7da1013b2cdd', '2d02a1ca-ffec-434f-8632-8673bc207b2c', 'COMPLETED', '2023-10-10 02:00:00');
INSERT INTO car_bookings (id, car_id, renter_id, owner_id, status, start_date, end_date, total_days, price_per_day, base_price, service_fee, taxes, total, deposit, include_insurance, has_chauffeur, airport_delivery, wedding_package, business_package, created_at) VALUES ('8f264ae2-a865-45ef-8897-f46ed93132bb', 'CAR-004', 'D4E5F6G7-H8I9-0123-DEFG-456789012345', 'F6G7H8I9-J0K1-2345-FGHI-678901234567', 'COMPLETED', '2024-05-23', '2024-05-26', 3, 2500000, 7500000, 750000.0, 600000.0, 8850000.0, 5000000, 0, 0, 0, 0, 0, '2024-05-15 00:00:00');
INSERT INTO car_booking_history (id, booking_id, status, changed_at) VALUES ('d79a308c-451b-4e14-9056-9e25ccce4532', '8f264ae2-a865-45ef-8897-f46ed93132bb', 'PENDING', '2024-05-15 00:00:00');
INSERT INTO car_booking_history (id, booking_id, status, changed_at) VALUES ('c1f570e0-16d2-4dea-a01c-1bb375f4b6ec', '8f264ae2-a865-45ef-8897-f46ed93132bb', 'COMPLETED', '2024-05-15 02:00:00');
INSERT INTO car_bookings (id, car_id, renter_id, owner_id, status, start_date, end_date, total_days, price_per_day, base_price, service_fee, taxes, total, deposit, include_insurance, has_chauffeur, airport_delivery, wedding_package, business_package, created_at) VALUES ('f2d3afeb-b610-41fd-a2a5-6f7d1ebc6c57', 'CAR-001', 'D4E5F6G7-H8I9-0123-DEFG-456789012345', 'E5F6G7H8-I9J0-1234-EFGH-567890123456', 'COMPLETED', '2023-01-28', '2023-01-31', 3, 800000, 2400000, 240000.0, 192000.0, 2832000.0, 1600000, 0, 0, 0, 0, 0, '2023-01-23 00:00:00');
INSERT INTO car_booking_history (id, booking_id, status, changed_at) VALUES ('d344b7cf-84f5-4a89-917e-b3a76e94f200', 'f2d3afeb-b610-41fd-a2a5-6f7d1ebc6c57', 'PENDING', '2023-01-23 00:00:00');
INSERT INTO car_booking_history (id, booking_id, status, changed_at) VALUES ('1c9a1bdd-8858-4a3b-afab-55ddd653be8e', 'f2d3afeb-b610-41fd-a2a5-6f7d1ebc6c57', 'COMPLETED', '2023-01-23 02:00:00');
INSERT INTO car_bookings (id, car_id, renter_id, owner_id, status, start_date, end_date, total_days, price_per_day, base_price, service_fee, taxes, total, deposit, include_insurance, has_chauffeur, airport_delivery, wedding_package, business_package, created_at) VALUES ('3d342dd3-f388-42bb-8556-76b5ca5eea3b', 'CAR-003', 'C3D4E5F6-G7H8-9012-CDEF-345678901234', 'E5F6G7H8-I9J0-1234-EFGH-567890123456', 'CANCELLED', '2023-09-07', '2023-09-10', 3, 950000, 2850000, 285000.0, 228000.0, 3363000.0, 1900000, 0, 0, 0, 0, 0, '2023-09-03 00:00:00');
INSERT INTO car_booking_history (id, booking_id, status, changed_at) VALUES ('23565e37-ebbd-48bb-a736-6571c767f1fe', '3d342dd3-f388-42bb-8556-76b5ca5eea3b', 'PENDING', '2023-09-03 00:00:00');
INSERT INTO car_booking_history (id, booking_id, status, changed_at) VALUES ('4903fee4-5178-444c-9c7d-d5e2ffd7843b', '3d342dd3-f388-42bb-8556-76b5ca5eea3b', 'CANCELLED', '2023-09-03 02:00:00');
INSERT INTO car_bookings (id, car_id, renter_id, owner_id, status, start_date, end_date, total_days, price_per_day, base_price, service_fee, taxes, total, deposit, include_insurance, has_chauffeur, airport_delivery, wedding_package, business_package, created_at) VALUES ('fbec82de-a9ef-4c68-9fa0-f640a6a9319c', 'CAR-003', 'D4E5F6G7-H8I9-0123-DEFG-456789012345', 'E5F6G7H8-I9J0-1234-EFGH-567890123456', 'COMPLETED', '2024-02-07', '2024-02-14', 7, 950000, 6650000, 665000.0, 532000.0, 7847000.0, 1900000, 0, 0, 0, 0, 0, '2024-01-28 00:00:00');
INSERT INTO car_booking_history (id, booking_id, status, changed_at) VALUES ('a3cd9383-a319-4cfd-bd2d-29fdb125b6b8', 'fbec82de-a9ef-4c68-9fa0-f640a6a9319c', 'PENDING', '2024-01-28 00:00:00');
INSERT INTO car_booking_history (id, booking_id, status, changed_at) VALUES ('7328870b-e4a6-45e0-9da8-c2ee07f0e157', 'fbec82de-a9ef-4c68-9fa0-f640a6a9319c', 'COMPLETED', '2024-01-28 02:00:00');
INSERT INTO car_bookings (id, car_id, renter_id, owner_id, status, start_date, end_date, total_days, price_per_day, base_price, service_fee, taxes, total, deposit, include_insurance, has_chauffeur, airport_delivery, wedding_package, business_package, created_at) VALUES ('9cac7a38-99e6-41f6-9c6c-7acfea369fc3', 'CAR-001', 'B2C3D4E5-F6G7-8901-BCDE-234567890123', 'E5F6G7H8-I9J0-1234-EFGH-567890123456', 'COMPLETED', '2023-10-09', '2023-10-15', 6, 800000, 4800000, 480000.0, 384000.0, 5664000.0, 1600000, 0, 0, 0, 0, 0, '2023-10-06 00:00:00');
INSERT INTO car_booking_history (id, booking_id, status, changed_at) VALUES ('3257f4ff-b7fd-4980-badc-5e792c171337', '9cac7a38-99e6-41f6-9c6c-7acfea369fc3', 'PENDING', '2023-10-06 00:00:00');
INSERT INTO car_booking_history (id, booking_id, status, changed_at) VALUES ('6553e1cb-49e6-45bd-b00e-21e9f1b6024d', '9cac7a38-99e6-41f6-9c6c-7acfea369fc3', 'COMPLETED', '2023-10-06 02:00:00');
INSERT INTO car_bookings (id, car_id, renter_id, owner_id, status, start_date, end_date, total_days, price_per_day, base_price, service_fee, taxes, total, deposit, include_insurance, has_chauffeur, airport_delivery, wedding_package, business_package, created_at) VALUES ('c5bdd8d3-931d-4c0d-bde3-9a81f4422806', 'CAR-003', 'B2C3D4E5-F6G7-8901-BCDE-234567890123', 'E5F6G7H8-I9J0-1234-EFGH-567890123456', 'COMPLETED', '2024-04-17', '2024-04-26', 9, 950000, 8550000, 855000.0, 684000.0, 10089000.0, 1900000, 0, 0, 0, 0, 0, '2024-04-04 00:00:00');
INSERT INTO car_booking_history (id, booking_id, status, changed_at) VALUES ('80ac3d3d-ca1a-43bc-95b3-b711311520ab', 'c5bdd8d3-931d-4c0d-bde3-9a81f4422806', 'PENDING', '2024-04-04 00:00:00');
INSERT INTO car_booking_history (id, booking_id, status, changed_at) VALUES ('1052a93b-1090-42f8-b46d-523124850f94', 'c5bdd8d3-931d-4c0d-bde3-9a81f4422806', 'COMPLETED', '2024-04-04 02:00:00');
INSERT INTO car_bookings (id, car_id, renter_id, owner_id, status, start_date, end_date, total_days, price_per_day, base_price, service_fee, taxes, total, deposit, include_insurance, has_chauffeur, airport_delivery, wedding_package, business_package, created_at) VALUES ('497c36a9-4d55-4315-b9f3-e3601da701c6', 'CAR-003', 'D4E5F6G7-H8I9-0123-DEFG-456789012345', 'E5F6G7H8-I9J0-1234-EFGH-567890123456', 'CANCELLED', '2023-05-03', '2023-05-13', 10, 950000, 9500000, 950000.0, 760000.0, 11210000.0, 1900000, 0, 0, 0, 0, 0, '2023-04-29 00:00:00');
INSERT INTO car_booking_history (id, booking_id, status, changed_at) VALUES ('7fa8ae0b-b59f-4cd4-b7b0-6bed66d40e8e', '497c36a9-4d55-4315-b9f3-e3601da701c6', 'PENDING', '2023-04-29 00:00:00');
INSERT INTO car_booking_history (id, booking_id, status, changed_at) VALUES ('81262078-e107-4ca9-bd48-94aac757a457', '497c36a9-4d55-4315-b9f3-e3601da701c6', 'CANCELLED', '2023-04-29 02:00:00');
INSERT INTO car_bookings (id, car_id, renter_id, owner_id, status, start_date, end_date, total_days, price_per_day, base_price, service_fee, taxes, total, deposit, include_insurance, has_chauffeur, airport_delivery, wedding_package, business_package, created_at) VALUES ('6e8a654c-56d0-4b74-b42d-e9b2d0595ae4', 'CAR-003', 'D4E5F6G7-H8I9-0123-DEFG-456789012345', 'E5F6G7H8-I9J0-1234-EFGH-567890123456', 'COMPLETED', '2024-01-03', '2024-01-10', 7, 950000, 6650000, 665000.0, 532000.0, 7847000.0, 1900000, 0, 0, 0, 0, 0, '2023-12-31 00:00:00');
INSERT INTO car_booking_history (id, booking_id, status, changed_at) VALUES ('5601a8e6-dbea-4856-8f04-e75e363d6e10', '6e8a654c-56d0-4b74-b42d-e9b2d0595ae4', 'PENDING', '2023-12-31 00:00:00');
INSERT INTO car_booking_history (id, booking_id, status, changed_at) VALUES ('08495101-a668-4999-a4bf-f8e7fd30060b', '6e8a654c-56d0-4b74-b42d-e9b2d0595ae4', 'COMPLETED', '2023-12-31 02:00:00');
INSERT INTO car_bookings (id, car_id, renter_id, owner_id, status, start_date, end_date, total_days, price_per_day, base_price, service_fee, taxes, total, deposit, include_insurance, has_chauffeur, airport_delivery, wedding_package, business_package, created_at) VALUES ('111d34be-68f4-47c0-a8cb-422c1a8123e3', 'CAR-004', 'B2C3D4E5-F6G7-8901-BCDE-234567890123', 'F6G7H8I9-J0K1-2345-FGHI-678901234567', 'CANCELLED', '2023-07-09', '2023-07-12', 3, 2500000, 7500000, 750000.0, 600000.0, 8850000.0, 5000000, 0, 0, 0, 0, 0, '2023-07-06 00:00:00');
INSERT INTO car_booking_history (id, booking_id, status, changed_at) VALUES ('63134377-7418-4296-a48a-06a8b710bb43', '111d34be-68f4-47c0-a8cb-422c1a8123e3', 'PENDING', '2023-07-06 00:00:00');
INSERT INTO car_booking_history (id, booking_id, status, changed_at) VALUES ('533e4f95-ff70-4c60-a437-3537d1c62874', '111d34be-68f4-47c0-a8cb-422c1a8123e3', 'CANCELLED', '2023-07-06 02:00:00');
INSERT INTO car_bookings (id, car_id, renter_id, owner_id, status, start_date, end_date, total_days, price_per_day, base_price, service_fee, taxes, total, deposit, include_insurance, has_chauffeur, airport_delivery, wedding_package, business_package, created_at) VALUES ('50275d33-1b31-47b5-a74f-f372b794f739', 'CAR-004', 'C3D4E5F6-G7H8-9012-CDEF-345678901234', 'F6G7H8I9-J0K1-2345-FGHI-678901234567', 'CANCELLED', '2024-03-06', '2024-03-11', 5, 2500000, 12500000, 1250000.0, 1000000.0, 14750000.0, 5000000, 0, 0, 0, 0, 0, '2024-02-23 00:00:00');
INSERT INTO car_booking_history (id, booking_id, status, changed_at) VALUES ('e990c714-21fc-44aa-95a4-65687b82bd94', '50275d33-1b31-47b5-a74f-f372b794f739', 'PENDING', '2024-02-23 00:00:00');
INSERT INTO car_booking_history (id, booking_id, status, changed_at) VALUES ('a57ae0c3-0f6c-4572-b4ba-6d2503fd5018', '50275d33-1b31-47b5-a74f-f372b794f739', 'CANCELLED', '2024-02-23 02:00:00');
INSERT INTO car_bookings (id, car_id, renter_id, owner_id, status, start_date, end_date, total_days, price_per_day, base_price, service_fee, taxes, total, deposit, include_insurance, has_chauffeur, airport_delivery, wedding_package, business_package, created_at) VALUES ('99b6d298-55c2-4e33-a650-a4c609faffb1', 'CAR-004', 'D4E5F6G7-H8I9-0123-DEFG-456789012345', 'F6G7H8I9-J0K1-2345-FGHI-678901234567', 'COMPLETED', '2023-03-17', '2023-03-26', 9, 2500000, 22500000, 2250000.0, 1800000.0, 26550000.0, 5000000, 0, 0, 0, 0, 0, '2023-03-04 00:00:00');
INSERT INTO car_booking_history (id, booking_id, status, changed_at) VALUES ('2fc8f9e2-676f-4cdd-a476-489b0fe6d6ce', '99b6d298-55c2-4e33-a650-a4c609faffb1', 'PENDING', '2023-03-04 00:00:00');
INSERT INTO car_booking_history (id, booking_id, status, changed_at) VALUES ('424b3ed2-8768-4895-b402-e666dbb36f11', '99b6d298-55c2-4e33-a650-a4c609faffb1', 'COMPLETED', '2023-03-04 02:00:00');
INSERT INTO car_bookings (id, car_id, renter_id, owner_id, status, start_date, end_date, total_days, price_per_day, base_price, service_fee, taxes, total, deposit, include_insurance, has_chauffeur, airport_delivery, wedding_package, business_package, created_at) VALUES ('a3dc4f45-9d4a-40a0-ba10-069fd0360edc', 'CAR-003', 'C3D4E5F6-G7H8-9012-CDEF-345678901234', 'E5F6G7H8-I9J0-1234-EFGH-567890123456', 'COMPLETED', '2023-04-20', '2023-04-29', 9, 950000, 8550000, 855000.0, 684000.0, 10089000.0, 1900000, 0, 0, 0, 0, 0, '2023-04-10 00:00:00');
INSERT INTO car_booking_history (id, booking_id, status, changed_at) VALUES ('077c365f-2045-4543-9d2f-4aac979b251f', 'a3dc4f45-9d4a-40a0-ba10-069fd0360edc', 'PENDING', '2023-04-10 00:00:00');
INSERT INTO car_booking_history (id, booking_id, status, changed_at) VALUES ('30b17ca8-db11-4514-a387-dfd2bb5851ac', 'a3dc4f45-9d4a-40a0-ba10-069fd0360edc', 'COMPLETED', '2023-04-10 02:00:00');
INSERT INTO car_bookings (id, car_id, renter_id, owner_id, status, start_date, end_date, total_days, price_per_day, base_price, service_fee, taxes, total, deposit, include_insurance, has_chauffeur, airport_delivery, wedding_package, business_package, created_at) VALUES ('f35585ab-b980-4516-a2a3-27789895c2da', 'CAR-002', 'D4E5F6G7-H8I9-0123-DEFG-456789012345', 'E5F6G7H8-I9J0-1234-EFGH-567890123456', 'CANCELLED', '2023-07-16', '2023-07-24', 8, 750000, 6000000, 600000.0, 480000.0, 7080000.0, 1500000, 0, 0, 0, 0, 0, '2023-07-11 00:00:00');
INSERT INTO car_booking_history (id, booking_id, status, changed_at) VALUES ('322b39f0-4404-409a-acfc-b719cd92520d', 'f35585ab-b980-4516-a2a3-27789895c2da', 'PENDING', '2023-07-11 00:00:00');
INSERT INTO car_booking_history (id, booking_id, status, changed_at) VALUES ('14c1a5bd-3a50-4989-89b2-09aa2166ba70', 'f35585ab-b980-4516-a2a3-27789895c2da', 'CANCELLED', '2023-07-11 02:00:00');
INSERT INTO car_bookings (id, car_id, renter_id, owner_id, status, start_date, end_date, total_days, price_per_day, base_price, service_fee, taxes, total, deposit, include_insurance, has_chauffeur, airport_delivery, wedding_package, business_package, created_at) VALUES ('c97eee69-3338-4437-9cea-f5033bce6bf0', 'CAR-007', 'D4E5F6G7-H8I9-0123-DEFG-456789012345', 'G7H8I9J0-K1L2-3456-GHIJ-789012345678', 'COMPLETED', '2023-11-06', '2023-11-09', 3, 1800000, 5400000, 540000.0, 432000.0, 6372000.0, 3600000, 0, 0, 0, 0, 0, '2023-11-05 00:00:00');
INSERT INTO car_booking_history (id, booking_id, status, changed_at) VALUES ('2d1b0e44-01b9-4b3c-a513-61fbe5d55245', 'c97eee69-3338-4437-9cea-f5033bce6bf0', 'PENDING', '2023-11-05 00:00:00');
INSERT INTO car_booking_history (id, booking_id, status, changed_at) VALUES ('69e8d568-f847-4ebd-b372-eda5c7a60a88', 'c97eee69-3338-4437-9cea-f5033bce6bf0', 'COMPLETED', '2023-11-05 02:00:00');
INSERT INTO car_bookings (id, car_id, renter_id, owner_id, status, start_date, end_date, total_days, price_per_day, base_price, service_fee, taxes, total, deposit, include_insurance, has_chauffeur, airport_delivery, wedding_package, business_package, created_at) VALUES ('5e3d476c-6604-4204-89d3-a3b136dbd46d', 'CAR-002', 'D4E5F6G7-H8I9-0123-DEFG-456789012345', 'E5F6G7H8-I9J0-1234-EFGH-567890123456', 'COMPLETED', '2023-08-04', '2023-08-12', 8, 750000, 6000000, 600000.0, 480000.0, 7080000.0, 1500000, 0, 0, 0, 0, 0, '2023-07-21 00:00:00');
INSERT INTO car_booking_history (id, booking_id, status, changed_at) VALUES ('3fe4f30f-1d66-4d61-9b51-131471ceada6', '5e3d476c-6604-4204-89d3-a3b136dbd46d', 'PENDING', '2023-07-21 00:00:00');
INSERT INTO car_booking_history (id, booking_id, status, changed_at) VALUES ('a85ead63-b613-4115-9f86-4fb2168a15b4', '5e3d476c-6604-4204-89d3-a3b136dbd46d', 'COMPLETED', '2023-07-21 02:00:00');
INSERT INTO car_bookings (id, car_id, renter_id, owner_id, status, start_date, end_date, total_days, price_per_day, base_price, service_fee, taxes, total, deposit, include_insurance, has_chauffeur, airport_delivery, wedding_package, business_package, created_at) VALUES ('98f2dc16-765b-48b8-acfb-d536811bc4c8', 'CAR-001', 'D4E5F6G7-H8I9-0123-DEFG-456789012345', 'E5F6G7H8-I9J0-1234-EFGH-567890123456', 'CANCELLED', '2024-05-16', '2024-05-22', 6, 800000, 4800000, 480000.0, 384000.0, 5664000.0, 1600000, 0, 0, 0, 0, 0, '2024-05-13 00:00:00');
INSERT INTO car_booking_history (id, booking_id, status, changed_at) VALUES ('39d5c230-6363-4707-b44f-c7205372c69c', '98f2dc16-765b-48b8-acfb-d536811bc4c8', 'PENDING', '2024-05-13 00:00:00');
INSERT INTO car_booking_history (id, booking_id, status, changed_at) VALUES ('8505b48a-646b-406c-bfe8-d42838f3bc91', '98f2dc16-765b-48b8-acfb-d536811bc4c8', 'CANCELLED', '2024-05-13 02:00:00');
INSERT INTO car_bookings (id, car_id, renter_id, owner_id, status, start_date, end_date, total_days, price_per_day, base_price, service_fee, taxes, total, deposit, include_insurance, has_chauffeur, airport_delivery, wedding_package, business_package, created_at) VALUES ('8e12c174-76d0-46bb-86fb-febe0409ee82', 'CAR-004', 'B2C3D4E5-F6G7-8901-BCDE-234567890123', 'F6G7H8I9-J0K1-2345-FGHI-678901234567', 'COMPLETED', '2024-02-18', '2024-02-25', 7, 2500000, 17500000, 1750000.0, 1400000.0, 20650000.0, 5000000, 0, 0, 0, 0, 0, '2024-02-04 00:00:00');
INSERT INTO car_booking_history (id, booking_id, status, changed_at) VALUES ('3647c15b-2257-4126-b507-0fd801d0491d', '8e12c174-76d0-46bb-86fb-febe0409ee82', 'PENDING', '2024-02-04 00:00:00');
INSERT INTO car_booking_history (id, booking_id, status, changed_at) VALUES ('e984862e-88f9-41bb-852b-ecaff87d3b05', '8e12c174-76d0-46bb-86fb-febe0409ee82', 'COMPLETED', '2024-02-04 02:00:00');
INSERT INTO car_bookings (id, car_id, renter_id, owner_id, status, start_date, end_date, total_days, price_per_day, base_price, service_fee, taxes, total, deposit, include_insurance, has_chauffeur, airport_delivery, wedding_package, business_package, created_at) VALUES ('2e76820b-eedc-4a1b-b5f0-9f92a1785bf8', 'CAR-007', 'C3D4E5F6-G7H8-9012-CDEF-345678901234', 'G7H8I9J0-K1L2-3456-GHIJ-789012345678', 'COMPLETED', '2023-12-04', '2023-12-12', 8, 1800000, 14400000, 1440000.0, 1152000.0, 16992000.0, 3600000, 0, 0, 0, 0, 0, '2023-11-30 00:00:00');
INSERT INTO car_booking_history (id, booking_id, status, changed_at) VALUES ('dd65e105-4607-468e-8b20-cc5cc548fae9', '2e76820b-eedc-4a1b-b5f0-9f92a1785bf8', 'PENDING', '2023-11-30 00:00:00');
INSERT INTO car_booking_history (id, booking_id, status, changed_at) VALUES ('8f0e4820-b405-45e9-8516-430e1fe0bab5', '2e76820b-eedc-4a1b-b5f0-9f92a1785bf8', 'COMPLETED', '2023-11-30 02:00:00');
INSERT INTO car_bookings (id, car_id, renter_id, owner_id, status, start_date, end_date, total_days, price_per_day, base_price, service_fee, taxes, total, deposit, include_insurance, has_chauffeur, airport_delivery, wedding_package, business_package, created_at) VALUES ('2161737d-e1ed-49ec-ae02-b6dd4150c61d', 'CAR-004', 'C3D4E5F6-G7H8-9012-CDEF-345678901234', 'F6G7H8I9-J0K1-2345-FGHI-678901234567', 'COMPLETED', '2023-01-01', '2023-01-08', 7, 2500000, 17500000, 1750000.0, 1400000.0, 20650000.0, 5000000, 0, 0, 0, 0, 0, '2022-12-31 00:00:00');
INSERT INTO car_booking_history (id, booking_id, status, changed_at) VALUES ('4381d03b-cb51-4b53-ae3e-75e7dc611757', '2161737d-e1ed-49ec-ae02-b6dd4150c61d', 'PENDING', '2022-12-31 00:00:00');
INSERT INTO car_booking_history (id, booking_id, status, changed_at) VALUES ('203a4c65-a208-4e82-a94f-c5bf992afd4d', '2161737d-e1ed-49ec-ae02-b6dd4150c61d', 'COMPLETED', '2022-12-31 02:00:00');
INSERT INTO car_bookings (id, car_id, renter_id, owner_id, status, start_date, end_date, total_days, price_per_day, base_price, service_fee, taxes, total, deposit, include_insurance, has_chauffeur, airport_delivery, wedding_package, business_package, created_at) VALUES ('1ba62bad-84f0-46da-b315-010c3171773b', 'CAR-004', 'B2C3D4E5-F6G7-8901-BCDE-234567890123', 'F6G7H8I9-J0K1-2345-FGHI-678901234567', 'COMPLETED', '2023-01-26', '2023-02-01', 6, 2500000, 15000000, 1500000.0, 1200000.0, 17700000.0, 5000000, 0, 0, 0, 0, 0, '2023-01-23 00:00:00');
INSERT INTO car_booking_history (id, booking_id, status, changed_at) VALUES ('015d4a2c-416e-46dd-be85-e1fd680409d7', '1ba62bad-84f0-46da-b315-010c3171773b', 'PENDING', '2023-01-23 00:00:00');
INSERT INTO car_booking_history (id, booking_id, status, changed_at) VALUES ('7d2bf8bb-ede7-4615-88a1-06498b4e0762', '1ba62bad-84f0-46da-b315-010c3171773b', 'COMPLETED', '2023-01-23 02:00:00');
INSERT INTO car_bookings (id, car_id, renter_id, owner_id, status, start_date, end_date, total_days, price_per_day, base_price, service_fee, taxes, total, deposit, include_insurance, has_chauffeur, airport_delivery, wedding_package, business_package, created_at) VALUES ('743bb1a9-f8fa-468b-8dd3-86aa414628a8', 'CAR-003', 'C3D4E5F6-G7H8-9012-CDEF-345678901234', 'E5F6G7H8-I9J0-1234-EFGH-567890123456', 'COMPLETED', '2023-08-14', '2023-08-16', 2, 950000, 1900000, 190000.0, 152000.0, 2242000.0, 1900000, 0, 0, 0, 0, 0, '2023-08-03 00:00:00');
INSERT INTO car_booking_history (id, booking_id, status, changed_at) VALUES ('f81d75ea-9c6c-4344-b004-f9be3439132f', '743bb1a9-f8fa-468b-8dd3-86aa414628a8', 'PENDING', '2023-08-03 00:00:00');
INSERT INTO car_booking_history (id, booking_id, status, changed_at) VALUES ('a103b471-e3e7-49c8-8e3c-63e4a8347282', '743bb1a9-f8fa-468b-8dd3-86aa414628a8', 'COMPLETED', '2023-08-03 02:00:00');
INSERT INTO car_bookings (id, car_id, renter_id, owner_id, status, start_date, end_date, total_days, price_per_day, base_price, service_fee, taxes, total, deposit, include_insurance, has_chauffeur, airport_delivery, wedding_package, business_package, created_at) VALUES ('1665a036-485e-41a4-996a-afaad2faa12d', 'CAR-002', 'D4E5F6G7-H8I9-0123-DEFG-456789012345', 'E5F6G7H8-I9J0-1234-EFGH-567890123456', 'CANCELLED', '2024-01-11', '2024-01-14', 3, 750000, 2250000, 225000.0, 180000.0, 2655000.0, 1500000, 0, 0, 0, 0, 0, '2023-12-31 00:00:00');
INSERT INTO car_booking_history (id, booking_id, status, changed_at) VALUES ('31159ff6-c706-4b6d-8d25-a2b6a4d0ca3e', '1665a036-485e-41a4-996a-afaad2faa12d', 'PENDING', '2023-12-31 00:00:00');
INSERT INTO car_booking_history (id, booking_id, status, changed_at) VALUES ('b33bc6ae-ddfe-4aed-9273-f1e5aae6fed3', '1665a036-485e-41a4-996a-afaad2faa12d', 'CANCELLED', '2023-12-31 02:00:00');
INSERT INTO car_bookings (id, car_id, renter_id, owner_id, status, start_date, end_date, total_days, price_per_day, base_price, service_fee, taxes, total, deposit, include_insurance, has_chauffeur, airport_delivery, wedding_package, business_package, created_at) VALUES ('1166f11e-a515-4984-bdaa-8647b4607a88', 'CAR-001', 'D4E5F6G7-H8I9-0123-DEFG-456789012345', 'E5F6G7H8-I9J0-1234-EFGH-567890123456', 'COMPLETED', '2024-03-31', '2024-04-09', 9, 800000, 7200000, 720000.0, 576000.0, 8496000.0, 1600000, 0, 0, 0, 0, 0, '2024-03-24 00:00:00');
INSERT INTO car_booking_history (id, booking_id, status, changed_at) VALUES ('b5bf67b3-347d-40a2-91cf-284f980fbc7a', '1166f11e-a515-4984-bdaa-8647b4607a88', 'PENDING', '2024-03-24 00:00:00');
INSERT INTO car_booking_history (id, booking_id, status, changed_at) VALUES ('44c7cbee-543b-4717-8317-7168106e1b70', '1166f11e-a515-4984-bdaa-8647b4607a88', 'COMPLETED', '2024-03-24 02:00:00');
INSERT INTO car_bookings (id, car_id, renter_id, owner_id, status, start_date, end_date, total_days, price_per_day, base_price, service_fee, taxes, total, deposit, include_insurance, has_chauffeur, airport_delivery, wedding_package, business_package, created_at) VALUES ('be101751-281c-4690-aacb-b69ec363e26b', 'CAR-004', 'B2C3D4E5-F6G7-8901-BCDE-234567890123', 'F6G7H8I9-J0K1-2345-FGHI-678901234567', 'COMPLETED', '2023-11-17', '2023-11-26', 9, 2500000, 22500000, 2250000.0, 1800000.0, 26550000.0, 5000000, 0, 0, 0, 0, 0, '2023-11-07 00:00:00');
INSERT INTO car_booking_history (id, booking_id, status, changed_at) VALUES ('b450e160-2ff3-4040-ae4a-4af7e73ac4c2', 'be101751-281c-4690-aacb-b69ec363e26b', 'PENDING', '2023-11-07 00:00:00');
INSERT INTO car_booking_history (id, booking_id, status, changed_at) VALUES ('fedc56ab-3975-4ee9-af2b-f48d4a265880', 'be101751-281c-4690-aacb-b69ec363e26b', 'COMPLETED', '2023-11-07 02:00:00');
INSERT INTO car_bookings (id, car_id, renter_id, owner_id, status, start_date, end_date, total_days, price_per_day, base_price, service_fee, taxes, total, deposit, include_insurance, has_chauffeur, airport_delivery, wedding_package, business_package, created_at) VALUES ('b366e3f7-bff6-4ee9-a9e9-89ac7a54e6ed', 'CAR-003', 'C3D4E5F6-G7H8-9012-CDEF-345678901234', 'E5F6G7H8-I9J0-1234-EFGH-567890123456', 'COMPLETED', '2023-04-29', '2023-05-07', 8, 950000, 7600000, 760000.0, 608000.0, 8968000.0, 1900000, 0, 0, 0, 0, 0, '2023-04-16 00:00:00');
INSERT INTO car_booking_history (id, booking_id, status, changed_at) VALUES ('7c886942-4271-4a5e-b63c-96d1e3163582', 'b366e3f7-bff6-4ee9-a9e9-89ac7a54e6ed', 'PENDING', '2023-04-16 00:00:00');
INSERT INTO car_booking_history (id, booking_id, status, changed_at) VALUES ('abefbe85-c17f-45ab-8a63-824a84039aa0', 'b366e3f7-bff6-4ee9-a9e9-89ac7a54e6ed', 'COMPLETED', '2023-04-16 02:00:00');
INSERT INTO car_bookings (id, car_id, renter_id, owner_id, status, start_date, end_date, total_days, price_per_day, base_price, service_fee, taxes, total, deposit, include_insurance, has_chauffeur, airport_delivery, wedding_package, business_package, created_at) VALUES ('4ee93eee-2606-4c77-b364-f6f05a82d11d', 'CAR-003', 'D4E5F6G7-H8I9-0123-DEFG-456789012345', 'E5F6G7H8-I9J0-1234-EFGH-567890123456', 'COMPLETED', '2023-01-19', '2023-01-22', 3, 950000, 2850000, 285000.0, 228000.0, 3363000.0, 1900000, 0, 0, 0, 0, 0, '2023-01-16 00:00:00');
INSERT INTO car_booking_history (id, booking_id, status, changed_at) VALUES ('cfdb010a-6728-46a6-a19b-ae795ebf9d37', '4ee93eee-2606-4c77-b364-f6f05a82d11d', 'PENDING', '2023-01-16 00:00:00');
INSERT INTO car_booking_history (id, booking_id, status, changed_at) VALUES ('d56e3c18-cc1c-491d-9e8c-267c554c6c1d', '4ee93eee-2606-4c77-b364-f6f05a82d11d', 'COMPLETED', '2023-01-16 02:00:00');
INSERT INTO car_bookings (id, car_id, renter_id, owner_id, status, start_date, end_date, total_days, price_per_day, base_price, service_fee, taxes, total, deposit, include_insurance, has_chauffeur, airport_delivery, wedding_package, business_package, created_at) VALUES ('39bad01e-666e-4844-beee-cd49cc71710c', 'CAR-002', 'C3D4E5F6-G7H8-9012-CDEF-345678901234', 'E5F6G7H8-I9J0-1234-EFGH-567890123456', 'COMPLETED', '2023-01-03', '2023-01-13', 10, 750000, 7500000, 750000.0, 600000.0, 8850000.0, 1500000, 0, 0, 0, 0, 0, '2022-12-25 00:00:00');
INSERT INTO car_booking_history (id, booking_id, status, changed_at) VALUES ('fd21f3d6-af2c-4553-90f7-a60627bdf1e7', '39bad01e-666e-4844-beee-cd49cc71710c', 'PENDING', '2022-12-25 00:00:00');
INSERT INTO car_booking_history (id, booking_id, status, changed_at) VALUES ('4c638b31-062b-46a7-8c34-0e3d0f33a31b', '39bad01e-666e-4844-beee-cd49cc71710c', 'COMPLETED', '2022-12-25 02:00:00');
INSERT INTO car_bookings (id, car_id, renter_id, owner_id, status, start_date, end_date, total_days, price_per_day, base_price, service_fee, taxes, total, deposit, include_insurance, has_chauffeur, airport_delivery, wedding_package, business_package, created_at) VALUES ('b8edd410-4aae-4c68-b91d-61462d0b49c0', 'CAR-007', 'C3D4E5F6-G7H8-9012-CDEF-345678901234', 'G7H8I9J0-K1L2-3456-GHIJ-789012345678', 'CANCELLED', '2023-05-04', '2023-05-05', 1, 1800000, 1800000, 180000.0, 144000.0, 2124000.0, 3600000, 0, 0, 0, 0, 0, '2023-04-24 00:00:00');
INSERT INTO car_booking_history (id, booking_id, status, changed_at) VALUES ('8572a413-3b71-41e6-8355-b924dcbdb35b', 'b8edd410-4aae-4c68-b91d-61462d0b49c0', 'PENDING', '2023-04-24 00:00:00');
INSERT INTO car_booking_history (id, booking_id, status, changed_at) VALUES ('6df7a5f5-66b4-423a-935f-de356bf7ff27', 'b8edd410-4aae-4c68-b91d-61462d0b49c0', 'CANCELLED', '2023-04-24 02:00:00');
INSERT INTO car_bookings (id, car_id, renter_id, owner_id, status, start_date, end_date, total_days, price_per_day, base_price, service_fee, taxes, total, deposit, include_insurance, has_chauffeur, airport_delivery, wedding_package, business_package, created_at) VALUES ('220eba7d-0c83-40ab-aa98-975b7180a567', 'CAR-001', 'C3D4E5F6-G7H8-9012-CDEF-345678901234', 'E5F6G7H8-I9J0-1234-EFGH-567890123456', 'CANCELLED', '2023-11-15', '2023-11-20', 5, 800000, 4000000, 400000.0, 320000.0, 4720000.0, 1600000, 0, 0, 0, 0, 0, '2023-11-13 00:00:00');
INSERT INTO car_booking_history (id, booking_id, status, changed_at) VALUES ('4f07b910-040e-41cf-a1f4-e54d2688e733', '220eba7d-0c83-40ab-aa98-975b7180a567', 'PENDING', '2023-11-13 00:00:00');
INSERT INTO car_booking_history (id, booking_id, status, changed_at) VALUES ('56cacad1-aa4f-4adc-9152-57aabab5809d', '220eba7d-0c83-40ab-aa98-975b7180a567', 'CANCELLED', '2023-11-13 02:00:00');
INSERT INTO car_bookings (id, car_id, renter_id, owner_id, status, start_date, end_date, total_days, price_per_day, base_price, service_fee, taxes, total, deposit, include_insurance, has_chauffeur, airport_delivery, wedding_package, business_package, created_at) VALUES ('4243034a-6b3c-44f1-bbaf-7ebd17ae42ff', 'CAR-001', 'C3D4E5F6-G7H8-9012-CDEF-345678901234', 'E5F6G7H8-I9J0-1234-EFGH-567890123456', 'COMPLETED', '2023-05-01', '2023-05-05', 4, 800000, 3200000, 320000.0, 256000.0, 3776000.0, 1600000, 0, 0, 0, 0, 0, '2023-04-21 00:00:00');
INSERT INTO car_booking_history (id, booking_id, status, changed_at) VALUES ('00b08e32-66c3-4024-9111-415d77bfa7c8', '4243034a-6b3c-44f1-bbaf-7ebd17ae42ff', 'PENDING', '2023-04-21 00:00:00');
INSERT INTO car_booking_history (id, booking_id, status, changed_at) VALUES ('11f95628-dd7f-46f2-8557-61cb4ffb5184', '4243034a-6b3c-44f1-bbaf-7ebd17ae42ff', 'COMPLETED', '2023-04-21 02:00:00');
INSERT INTO car_bookings (id, car_id, renter_id, owner_id, status, start_date, end_date, total_days, price_per_day, base_price, service_fee, taxes, total, deposit, include_insurance, has_chauffeur, airport_delivery, wedding_package, business_package, created_at) VALUES ('031d4238-0e59-4d21-b307-a1f3af22c8ac', 'CAR-001', 'D4E5F6G7-H8I9-0123-DEFG-456789012345', 'E5F6G7H8-I9J0-1234-EFGH-567890123456', 'CANCELLED', '2023-07-23', '2023-07-28', 5, 800000, 4000000, 400000.0, 320000.0, 4720000.0, 1600000, 0, 0, 0, 0, 0, '2023-07-16 00:00:00');
INSERT INTO car_booking_history (id, booking_id, status, changed_at) VALUES ('c4272d9c-cb20-4735-9385-85e6ca944b8d', '031d4238-0e59-4d21-b307-a1f3af22c8ac', 'PENDING', '2023-07-16 00:00:00');
INSERT INTO car_booking_history (id, booking_id, status, changed_at) VALUES ('c32351c2-1743-4c9f-a120-77f45115da5b', '031d4238-0e59-4d21-b307-a1f3af22c8ac', 'CANCELLED', '2023-07-16 02:00:00');
INSERT INTO car_bookings (id, car_id, renter_id, owner_id, status, start_date, end_date, total_days, price_per_day, base_price, service_fee, taxes, total, deposit, include_insurance, has_chauffeur, airport_delivery, wedding_package, business_package, created_at) VALUES ('e2302113-f429-424f-89ae-473afee3ff1d', 'CAR-002', 'C3D4E5F6-G7H8-9012-CDEF-345678901234', 'E5F6G7H8-I9J0-1234-EFGH-567890123456', 'COMPLETED', '2024-05-18', '2024-05-28', 10, 750000, 7500000, 750000.0, 600000.0, 8850000.0, 1500000, 0, 0, 0, 0, 0, '2024-05-07 00:00:00');
INSERT INTO car_booking_history (id, booking_id, status, changed_at) VALUES ('b03acb6d-0d63-4360-b232-9152aeb43aed', 'e2302113-f429-424f-89ae-473afee3ff1d', 'PENDING', '2024-05-07 00:00:00');
INSERT INTO car_booking_history (id, booking_id, status, changed_at) VALUES ('aa580a9c-969c-4ce4-ba35-e9b18c48f4c0', 'e2302113-f429-424f-89ae-473afee3ff1d', 'COMPLETED', '2024-05-07 02:00:00');
INSERT INTO car_bookings (id, car_id, renter_id, owner_id, status, start_date, end_date, total_days, price_per_day, base_price, service_fee, taxes, total, deposit, include_insurance, has_chauffeur, airport_delivery, wedding_package, business_package, created_at) VALUES ('01d31908-0252-4a19-a05d-3d4d2930c1af', 'CAR-003', 'C3D4E5F6-G7H8-9012-CDEF-345678901234', 'E5F6G7H8-I9J0-1234-EFGH-567890123456', 'COMPLETED', '2023-01-28', '2023-02-01', 4, 950000, 3800000, 380000.0, 304000.0, 4484000.0, 1900000, 0, 0, 0, 0, 0, '2023-01-19 00:00:00');
INSERT INTO car_booking_history (id, booking_id, status, changed_at) VALUES ('1a8d63c8-2dee-4270-a9f0-f7cfc2bc93c9', '01d31908-0252-4a19-a05d-3d4d2930c1af', 'PENDING', '2023-01-19 00:00:00');
INSERT INTO car_booking_history (id, booking_id, status, changed_at) VALUES ('a12f6027-0a40-46ee-b9a4-a3de293b7c03', '01d31908-0252-4a19-a05d-3d4d2930c1af', 'COMPLETED', '2023-01-19 02:00:00');
INSERT INTO car_bookings (id, car_id, renter_id, owner_id, status, start_date, end_date, total_days, price_per_day, base_price, service_fee, taxes, total, deposit, include_insurance, has_chauffeur, airport_delivery, wedding_package, business_package, created_at) VALUES ('6f37c6a4-52e1-4723-82bf-fd088b93d258', 'CAR-007', 'C3D4E5F6-G7H8-9012-CDEF-345678901234', 'G7H8I9J0-K1L2-3456-GHIJ-789012345678', 'COMPLETED', '2023-01-08', '2023-01-14', 6, 1800000, 10800000, 1080000.0, 864000.0, 12744000.0, 3600000, 0, 0, 0, 0, 0, '2022-12-29 00:00:00');
INSERT INTO car_booking_history (id, booking_id, status, changed_at) VALUES ('e417c2ea-283c-409f-8a0f-dfb560e75b03', '6f37c6a4-52e1-4723-82bf-fd088b93d258', 'PENDING', '2022-12-29 00:00:00');
INSERT INTO car_booking_history (id, booking_id, status, changed_at) VALUES ('374eb777-10f7-42e3-8595-01ea8859f435', '6f37c6a4-52e1-4723-82bf-fd088b93d258', 'COMPLETED', '2022-12-29 02:00:00');
INSERT INTO car_bookings (id, car_id, renter_id, owner_id, status, start_date, end_date, total_days, price_per_day, base_price, service_fee, taxes, total, deposit, include_insurance, has_chauffeur, airport_delivery, wedding_package, business_package, created_at) VALUES ('c9d3cef5-657c-4427-a58d-39e28078d5c5', 'CAR-001', 'D4E5F6G7-H8I9-0123-DEFG-456789012345', 'E5F6G7H8-I9J0-1234-EFGH-567890123456', 'COMPLETED', '2023-08-22', '2023-09-01', 10, 800000, 8000000, 800000.0, 640000.0, 9440000.0, 1600000, 0, 0, 0, 0, 0, '2023-08-09 00:00:00');
INSERT INTO car_booking_history (id, booking_id, status, changed_at) VALUES ('c158d87f-ca45-4cff-91c4-c89ce6f66a45', 'c9d3cef5-657c-4427-a58d-39e28078d5c5', 'PENDING', '2023-08-09 00:00:00');
INSERT INTO car_booking_history (id, booking_id, status, changed_at) VALUES ('587fe6bb-df12-4671-84d8-10d99b174c8f', 'c9d3cef5-657c-4427-a58d-39e28078d5c5', 'COMPLETED', '2023-08-09 02:00:00');
INSERT INTO car_bookings (id, car_id, renter_id, owner_id, status, start_date, end_date, total_days, price_per_day, base_price, service_fee, taxes, total, deposit, include_insurance, has_chauffeur, airport_delivery, wedding_package, business_package, created_at) VALUES ('d57b1a2d-978c-4b66-bf09-4a071cde2805', 'CAR-004', 'C3D4E5F6-G7H8-9012-CDEF-345678901234', 'F6G7H8I9-J0K1-2345-FGHI-678901234567', 'COMPLETED', '2023-01-01', '2023-01-04', 3, 2500000, 7500000, 750000.0, 600000.0, 8850000.0, 5000000, 0, 0, 0, 0, 0, '2022-12-21 00:00:00');
INSERT INTO car_booking_history (id, booking_id, status, changed_at) VALUES ('0bb04159-9235-416a-9ac2-83d6a9f785aa', 'd57b1a2d-978c-4b66-bf09-4a071cde2805', 'PENDING', '2022-12-21 00:00:00');
INSERT INTO car_booking_history (id, booking_id, status, changed_at) VALUES ('c5af27a3-7e8f-4e79-87e7-a8088a43853f', 'd57b1a2d-978c-4b66-bf09-4a071cde2805', 'COMPLETED', '2022-12-21 02:00:00');
INSERT INTO car_bookings (id, car_id, renter_id, owner_id, status, start_date, end_date, total_days, price_per_day, base_price, service_fee, taxes, total, deposit, include_insurance, has_chauffeur, airport_delivery, wedding_package, business_package, created_at) VALUES ('dec65295-5788-44fc-b2f5-d495d9b83bd4', 'CAR-007', 'D4E5F6G7-H8I9-0123-DEFG-456789012345', 'G7H8I9J0-K1L2-3456-GHIJ-789012345678', 'COMPLETED', '2023-07-02', '2023-07-12', 10, 1800000, 18000000, 1800000.0, 1440000.0, 21240000.0, 3600000, 0, 0, 0, 0, 0, '2023-06-25 00:00:00');
INSERT INTO car_booking_history (id, booking_id, status, changed_at) VALUES ('5bb5b111-6c02-4562-92f7-e5bef8a10709', 'dec65295-5788-44fc-b2f5-d495d9b83bd4', 'PENDING', '2023-06-25 00:00:00');
INSERT INTO car_booking_history (id, booking_id, status, changed_at) VALUES ('be9ec3d3-f797-40c7-8849-e3983c0543bf', 'dec65295-5788-44fc-b2f5-d495d9b83bd4', 'COMPLETED', '2023-06-25 02:00:00');
INSERT INTO car_bookings (id, car_id, renter_id, owner_id, status, start_date, end_date, total_days, price_per_day, base_price, service_fee, taxes, total, deposit, include_insurance, has_chauffeur, airport_delivery, wedding_package, business_package, created_at) VALUES ('d5ec3ec9-a4cc-4f1d-9ae9-e79072329c81', 'CAR-003', 'C3D4E5F6-G7H8-9012-CDEF-345678901234', 'E5F6G7H8-I9J0-1234-EFGH-567890123456', 'COMPLETED', '2023-11-17', '2023-11-23', 6, 950000, 5700000, 570000.0, 456000.0, 6726000.0, 1900000, 0, 0, 0, 0, 0, '2023-11-14 00:00:00');
INSERT INTO car_booking_history (id, booking_id, status, changed_at) VALUES ('ed049032-2b66-46e7-8bd5-4452dff6ced0', 'd5ec3ec9-a4cc-4f1d-9ae9-e79072329c81', 'PENDING', '2023-11-14 00:00:00');
INSERT INTO car_booking_history (id, booking_id, status, changed_at) VALUES ('d1f8c2a9-d30a-4a32-a10b-d9e331294092', 'd5ec3ec9-a4cc-4f1d-9ae9-e79072329c81', 'COMPLETED', '2023-11-14 02:00:00');
INSERT INTO car_bookings (id, car_id, renter_id, owner_id, status, start_date, end_date, total_days, price_per_day, base_price, service_fee, taxes, total, deposit, include_insurance, has_chauffeur, airport_delivery, wedding_package, business_package, created_at) VALUES ('f45b55c8-9e79-4336-913e-f1eeab673e64', 'CAR-002', 'D4E5F6G7-H8I9-0123-DEFG-456789012345', 'E5F6G7H8-I9J0-1234-EFGH-567890123456', 'COMPLETED', '2024-05-10', '2024-05-12', 2, 750000, 1500000, 150000.0, 120000.0, 1770000.0, 1500000, 0, 0, 0, 0, 0, '2024-05-04 00:00:00');
INSERT INTO car_booking_history (id, booking_id, status, changed_at) VALUES ('919ba0fb-60ae-45a0-9727-021c7da7d8e4', 'f45b55c8-9e79-4336-913e-f1eeab673e64', 'PENDING', '2024-05-04 00:00:00');
INSERT INTO car_booking_history (id, booking_id, status, changed_at) VALUES ('ff3638f7-c625-4326-a505-70e8aa1bb06e', 'f45b55c8-9e79-4336-913e-f1eeab673e64', 'COMPLETED', '2024-05-04 02:00:00');
INSERT INTO car_bookings (id, car_id, renter_id, owner_id, status, start_date, end_date, total_days, price_per_day, base_price, service_fee, taxes, total, deposit, include_insurance, has_chauffeur, airport_delivery, wedding_package, business_package, created_at) VALUES ('a6605e08-e0e7-4863-b3e9-61c0c7b01cfe', 'CAR-007', 'D4E5F6G7-H8I9-0123-DEFG-456789012345', 'G7H8I9J0-K1L2-3456-GHIJ-789012345678', 'COMPLETED', '2023-05-01', '2023-05-05', 4, 1800000, 7200000, 720000.0, 576000.0, 8496000.0, 3600000, 0, 0, 0, 0, 0, '2023-04-21 00:00:00');
INSERT INTO car_booking_history (id, booking_id, status, changed_at) VALUES ('de4aaa62-2500-4c9b-bc26-4e21888b987c', 'a6605e08-e0e7-4863-b3e9-61c0c7b01cfe', 'PENDING', '2023-04-21 00:00:00');
INSERT INTO car_booking_history (id, booking_id, status, changed_at) VALUES ('8a31af95-31b7-4d9c-abb9-94e2762d120d', 'a6605e08-e0e7-4863-b3e9-61c0c7b01cfe', 'COMPLETED', '2023-04-21 02:00:00');
INSERT INTO car_bookings (id, car_id, renter_id, owner_id, status, start_date, end_date, total_days, price_per_day, base_price, service_fee, taxes, total, deposit, include_insurance, has_chauffeur, airport_delivery, wedding_package, business_package, created_at) VALUES ('44782253-b24f-4986-b00d-eafb59deb263', 'CAR-002', 'D4E5F6G7-H8I9-0123-DEFG-456789012345', 'E5F6G7H8-I9J0-1234-EFGH-567890123456', 'COMPLETED', '2024-03-13', '2024-03-18', 5, 750000, 3750000, 375000.0, 300000.0, 4425000.0, 1500000, 0, 0, 0, 0, 0, '2024-03-01 00:00:00');
INSERT INTO car_booking_history (id, booking_id, status, changed_at) VALUES ('9bdefce6-540b-4785-925b-8ab67507fb12', '44782253-b24f-4986-b00d-eafb59deb263', 'PENDING', '2024-03-01 00:00:00');
INSERT INTO car_booking_history (id, booking_id, status, changed_at) VALUES ('bda2bbf1-ac45-4162-acb4-b277a984a869', '44782253-b24f-4986-b00d-eafb59deb263', 'COMPLETED', '2024-03-01 02:00:00');
INSERT INTO car_bookings (id, car_id, renter_id, owner_id, status, start_date, end_date, total_days, price_per_day, base_price, service_fee, taxes, total, deposit, include_insurance, has_chauffeur, airport_delivery, wedding_package, business_package, created_at) VALUES ('395cfb31-ee56-48be-afa2-6db7e4764a10', 'CAR-001', 'B2C3D4E5-F6G7-8901-BCDE-234567890123', 'E5F6G7H8-I9J0-1234-EFGH-567890123456', 'COMPLETED', '2023-11-09', '2023-11-15', 6, 800000, 4800000, 480000.0, 384000.0, 5664000.0, 1600000, 0, 0, 0, 0, 0, '2023-11-03 00:00:00');
INSERT INTO car_booking_history (id, booking_id, status, changed_at) VALUES ('6cea6592-aac4-43e1-96d0-65f014f0c3aa', '395cfb31-ee56-48be-afa2-6db7e4764a10', 'PENDING', '2023-11-03 00:00:00');
INSERT INTO car_booking_history (id, booking_id, status, changed_at) VALUES ('f5f79e5e-5d51-4e5d-998a-2d325cb07048', '395cfb31-ee56-48be-afa2-6db7e4764a10', 'COMPLETED', '2023-11-03 02:00:00');
INSERT INTO car_bookings (id, car_id, renter_id, owner_id, status, start_date, end_date, total_days, price_per_day, base_price, service_fee, taxes, total, deposit, include_insurance, has_chauffeur, airport_delivery, wedding_package, business_package, created_at) VALUES ('ba9d4789-2927-4597-8454-addebb06d50b', 'CAR-001', 'B2C3D4E5-F6G7-8901-BCDE-234567890123', 'E5F6G7H8-I9J0-1234-EFGH-567890123456', 'COMPLETED', '2023-04-18', '2023-04-25', 7, 800000, 5600000, 560000.0, 448000.0, 6608000.0, 1600000, 0, 0, 0, 0, 0, '2023-04-17 00:00:00');
INSERT INTO car_booking_history (id, booking_id, status, changed_at) VALUES ('f97e2668-b65d-4d6c-b5d5-50e51a721516', 'ba9d4789-2927-4597-8454-addebb06d50b', 'PENDING', '2023-04-17 00:00:00');
INSERT INTO car_booking_history (id, booking_id, status, changed_at) VALUES ('6ea6fc11-f4c2-486e-9475-ed6c589bf966', 'ba9d4789-2927-4597-8454-addebb06d50b', 'COMPLETED', '2023-04-17 02:00:00');
INSERT INTO car_bookings (id, car_id, renter_id, owner_id, status, start_date, end_date, total_days, price_per_day, base_price, service_fee, taxes, total, deposit, include_insurance, has_chauffeur, airport_delivery, wedding_package, business_package, created_at) VALUES ('31242d6e-26cf-4bc4-af8f-418d3476df33', 'CAR-007', 'D4E5F6G7-H8I9-0123-DEFG-456789012345', 'G7H8I9J0-K1L2-3456-GHIJ-789012345678', 'COMPLETED', '2023-08-31', '2023-09-07', 7, 1800000, 12600000, 1260000.0, 1008000.0, 14868000.0, 3600000, 0, 0, 0, 0, 0, '2023-08-23 00:00:00');
INSERT INTO car_booking_history (id, booking_id, status, changed_at) VALUES ('394edc70-ad44-419a-a46d-90cfaf788004', '31242d6e-26cf-4bc4-af8f-418d3476df33', 'PENDING', '2023-08-23 00:00:00');
INSERT INTO car_booking_history (id, booking_id, status, changed_at) VALUES ('a97d7eaa-5d3b-44f8-b4dc-f7f299c5df46', '31242d6e-26cf-4bc4-af8f-418d3476df33', 'COMPLETED', '2023-08-23 02:00:00');
INSERT INTO car_bookings (id, car_id, renter_id, owner_id, status, start_date, end_date, total_days, price_per_day, base_price, service_fee, taxes, total, deposit, include_insurance, has_chauffeur, airport_delivery, wedding_package, business_package, created_at) VALUES ('53aded0d-a0c8-4fdd-9fd6-17ec3d9105a7', 'CAR-001', 'D4E5F6G7-H8I9-0123-DEFG-456789012345', 'E5F6G7H8-I9J0-1234-EFGH-567890123456', 'COMPLETED', '2023-12-08', '2023-12-16', 8, 800000, 6400000, 640000.0, 512000.0, 7552000.0, 1600000, 0, 0, 0, 0, 0, '2023-12-07 00:00:00');
INSERT INTO car_booking_history (id, booking_id, status, changed_at) VALUES ('ea54d8a6-03ec-4fd5-b964-e498537846bf', '53aded0d-a0c8-4fdd-9fd6-17ec3d9105a7', 'PENDING', '2023-12-07 00:00:00');
INSERT INTO car_booking_history (id, booking_id, status, changed_at) VALUES ('517a521f-44f2-4080-af23-285e98c58f40', '53aded0d-a0c8-4fdd-9fd6-17ec3d9105a7', 'COMPLETED', '2023-12-07 02:00:00');
INSERT INTO car_bookings (id, car_id, renter_id, owner_id, status, start_date, end_date, total_days, price_per_day, base_price, service_fee, taxes, total, deposit, include_insurance, has_chauffeur, airport_delivery, wedding_package, business_package, created_at) VALUES ('5995f9ef-23e1-4b66-a51b-c005534964c7', 'CAR-001', 'C3D4E5F6-G7H8-9012-CDEF-345678901234', 'E5F6G7H8-I9J0-1234-EFGH-567890123456', 'COMPLETED', '2024-01-01', '2024-01-06', 5, 800000, 4000000, 400000.0, 320000.0, 4720000.0, 1600000, 0, 0, 0, 0, 0, '2023-12-18 00:00:00');
INSERT INTO car_booking_history (id, booking_id, status, changed_at) VALUES ('017bc087-493f-4ebb-8fce-aed1f5862266', '5995f9ef-23e1-4b66-a51b-c005534964c7', 'PENDING', '2023-12-18 00:00:00');
INSERT INTO car_booking_history (id, booking_id, status, changed_at) VALUES ('43e86ab2-e584-491d-9367-9e998549a956', '5995f9ef-23e1-4b66-a51b-c005534964c7', 'COMPLETED', '2023-12-18 02:00:00');
INSERT INTO car_bookings (id, car_id, renter_id, owner_id, status, start_date, end_date, total_days, price_per_day, base_price, service_fee, taxes, total, deposit, include_insurance, has_chauffeur, airport_delivery, wedding_package, business_package, created_at) VALUES ('128670fa-994b-4060-bc8c-721aac45d9f2', 'CAR-003', 'C3D4E5F6-G7H8-9012-CDEF-345678901234', 'E5F6G7H8-I9J0-1234-EFGH-567890123456', 'COMPLETED', '2023-01-20', '2023-01-28', 8, 950000, 7600000, 760000.0, 608000.0, 8968000.0, 1900000, 0, 0, 0, 0, 0, '2023-01-15 00:00:00');
INSERT INTO car_booking_history (id, booking_id, status, changed_at) VALUES ('6533cf9e-c3f7-4e65-b92a-63b0094a44ea', '128670fa-994b-4060-bc8c-721aac45d9f2', 'PENDING', '2023-01-15 00:00:00');
INSERT INTO car_booking_history (id, booking_id, status, changed_at) VALUES ('9e9da46d-cc32-4aaa-ae51-cd3b8f63feac', '128670fa-994b-4060-bc8c-721aac45d9f2', 'COMPLETED', '2023-01-15 02:00:00');
INSERT INTO car_bookings (id, car_id, renter_id, owner_id, status, start_date, end_date, total_days, price_per_day, base_price, service_fee, taxes, total, deposit, include_insurance, has_chauffeur, airport_delivery, wedding_package, business_package, created_at) VALUES ('21fa341a-c9c7-468a-b942-66eecfaa517f', 'CAR-007', 'C3D4E5F6-G7H8-9012-CDEF-345678901234', 'G7H8I9J0-K1L2-3456-GHIJ-789012345678', 'COMPLETED', '2024-05-20', '2024-05-27', 7, 1800000, 12600000, 1260000.0, 1008000.0, 14868000.0, 3600000, 0, 0, 0, 0, 0, '2024-05-07 00:00:00');
INSERT INTO car_booking_history (id, booking_id, status, changed_at) VALUES ('1a3aa9d7-48c4-4d56-9bfa-05aac295d649', '21fa341a-c9c7-468a-b942-66eecfaa517f', 'PENDING', '2024-05-07 00:00:00');
INSERT INTO car_booking_history (id, booking_id, status, changed_at) VALUES ('3d8cb4b4-3bd2-46f2-9c4c-132b9c193fe2', '21fa341a-c9c7-468a-b942-66eecfaa517f', 'COMPLETED', '2024-05-07 02:00:00');
INSERT INTO car_bookings (id, car_id, renter_id, owner_id, status, start_date, end_date, total_days, price_per_day, base_price, service_fee, taxes, total, deposit, include_insurance, has_chauffeur, airport_delivery, wedding_package, business_package, created_at) VALUES ('0ba75164-6656-4701-b670-a2d21cb00892', 'CAR-002', 'B2C3D4E5-F6G7-8901-BCDE-234567890123', 'E5F6G7H8-I9J0-1234-EFGH-567890123456', 'COMPLETED', '2023-09-29', '2023-10-09', 10, 750000, 7500000, 750000.0, 600000.0, 8850000.0, 1500000, 0, 0, 0, 0, 0, '2023-09-20 00:00:00');
INSERT INTO car_booking_history (id, booking_id, status, changed_at) VALUES ('89ce9c2f-e5ea-4f6a-b104-57455b69a5a0', '0ba75164-6656-4701-b670-a2d21cb00892', 'PENDING', '2023-09-20 00:00:00');
INSERT INTO car_booking_history (id, booking_id, status, changed_at) VALUES ('4648e51e-73f6-45ed-88c1-713ed1ddc467', '0ba75164-6656-4701-b670-a2d21cb00892', 'COMPLETED', '2023-09-20 02:00:00');
INSERT INTO car_bookings (id, car_id, renter_id, owner_id, status, start_date, end_date, total_days, price_per_day, base_price, service_fee, taxes, total, deposit, include_insurance, has_chauffeur, airport_delivery, wedding_package, business_package, created_at) VALUES ('c6c30da2-fff4-4e88-9b56-c59a3f751ccf', 'CAR-004', 'C3D4E5F6-G7H8-9012-CDEF-345678901234', 'F6G7H8I9-J0K1-2345-FGHI-678901234567', 'COMPLETED', '2023-08-20', '2023-08-25', 5, 2500000, 12500000, 1250000.0, 1000000.0, 14750000.0, 5000000, 0, 0, 0, 0, 0, '2023-08-07 00:00:00');
INSERT INTO car_booking_history (id, booking_id, status, changed_at) VALUES ('cb5245ec-733e-46bc-b470-f634b5d0ba52', 'c6c30da2-fff4-4e88-9b56-c59a3f751ccf', 'PENDING', '2023-08-07 00:00:00');
INSERT INTO car_booking_history (id, booking_id, status, changed_at) VALUES ('e34d6f6f-f30b-42f1-a527-300812a005ec', 'c6c30da2-fff4-4e88-9b56-c59a3f751ccf', 'COMPLETED', '2023-08-07 02:00:00');
INSERT INTO car_bookings (id, car_id, renter_id, owner_id, status, start_date, end_date, total_days, price_per_day, base_price, service_fee, taxes, total, deposit, include_insurance, has_chauffeur, airport_delivery, wedding_package, business_package, created_at) VALUES ('1297d5cd-dd48-45a4-b3fc-1d1d07c113b4', 'CAR-007', 'B2C3D4E5-F6G7-8901-BCDE-234567890123', 'G7H8I9J0-K1L2-3456-GHIJ-789012345678', 'COMPLETED', '2023-04-27', '2023-05-06', 9, 1800000, 16200000, 1620000.0, 1296000.0, 19116000.0, 3600000, 0, 0, 0, 0, 0, '2023-04-14 00:00:00');
INSERT INTO car_booking_history (id, booking_id, status, changed_at) VALUES ('013120bf-532d-4531-838b-12938ed993c1', '1297d5cd-dd48-45a4-b3fc-1d1d07c113b4', 'PENDING', '2023-04-14 00:00:00');
INSERT INTO car_booking_history (id, booking_id, status, changed_at) VALUES ('c9468a3e-bc1d-409c-95b7-9c8fde434571', '1297d5cd-dd48-45a4-b3fc-1d1d07c113b4', 'COMPLETED', '2023-04-14 02:00:00');
INSERT INTO car_bookings (id, car_id, renter_id, owner_id, status, start_date, end_date, total_days, price_per_day, base_price, service_fee, taxes, total, deposit, include_insurance, has_chauffeur, airport_delivery, wedding_package, business_package, created_at) VALUES ('79d8666e-455f-461d-ba7d-93bd015fc79b', 'CAR-004', 'C3D4E5F6-G7H8-9012-CDEF-345678901234', 'F6G7H8I9-J0K1-2345-FGHI-678901234567', 'COMPLETED', '2023-04-17', '2023-04-21', 4, 2500000, 10000000, 1000000.0, 800000.0, 11800000.0, 5000000, 0, 0, 0, 0, 0, '2023-04-10 00:00:00');
INSERT INTO car_booking_history (id, booking_id, status, changed_at) VALUES ('143e030e-6419-42cb-a76a-79e948d043a5', '79d8666e-455f-461d-ba7d-93bd015fc79b', 'PENDING', '2023-04-10 00:00:00');
INSERT INTO car_booking_history (id, booking_id, status, changed_at) VALUES ('856be823-230b-4a89-b244-1a2e80c8243a', '79d8666e-455f-461d-ba7d-93bd015fc79b', 'COMPLETED', '2023-04-10 02:00:00');
INSERT INTO car_bookings (id, car_id, renter_id, owner_id, status, start_date, end_date, total_days, price_per_day, base_price, service_fee, taxes, total, deposit, include_insurance, has_chauffeur, airport_delivery, wedding_package, business_package, created_at) VALUES ('db6ef1a2-7181-4ab1-8c84-9caaaf40c468', 'CAR-002', 'D4E5F6G7-H8I9-0123-DEFG-456789012345', 'E5F6G7H8-I9J0-1234-EFGH-567890123456', 'COMPLETED', '2023-11-20', '2023-11-24', 4, 750000, 3000000, 300000.0, 240000.0, 3540000.0, 1500000, 0, 0, 0, 0, 0, '2023-11-07 00:00:00');
INSERT INTO car_booking_history (id, booking_id, status, changed_at) VALUES ('4cbad542-c3fa-47a6-97bd-0553033afd4d', 'db6ef1a2-7181-4ab1-8c84-9caaaf40c468', 'PENDING', '2023-11-07 00:00:00');
INSERT INTO car_booking_history (id, booking_id, status, changed_at) VALUES ('e9759255-2efc-4acc-96a0-fd170e5d315d', 'db6ef1a2-7181-4ab1-8c84-9caaaf40c468', 'COMPLETED', '2023-11-07 02:00:00');
INSERT INTO car_bookings (id, car_id, renter_id, owner_id, status, start_date, end_date, total_days, price_per_day, base_price, service_fee, taxes, total, deposit, include_insurance, has_chauffeur, airport_delivery, wedding_package, business_package, created_at) VALUES ('88538abb-4898-4d90-a384-3172b21601c6', 'CAR-004', 'B2C3D4E5-F6G7-8901-BCDE-234567890123', 'F6G7H8I9-J0K1-2345-FGHI-678901234567', 'COMPLETED', '2023-09-24', '2023-10-01', 7, 2500000, 17500000, 1750000.0, 1400000.0, 20650000.0, 5000000, 0, 0, 0, 0, 0, '2023-09-14 00:00:00');
INSERT INTO car_booking_history (id, booking_id, status, changed_at) VALUES ('803d066d-60b3-40ef-8150-a3ce05179d5a', '88538abb-4898-4d90-a384-3172b21601c6', 'PENDING', '2023-09-14 00:00:00');
INSERT INTO car_booking_history (id, booking_id, status, changed_at) VALUES ('0436312c-b1c7-4824-b601-18f3cb8702c7', '88538abb-4898-4d90-a384-3172b21601c6', 'COMPLETED', '2023-09-14 02:00:00');
INSERT INTO car_bookings (id, car_id, renter_id, owner_id, status, start_date, end_date, total_days, price_per_day, base_price, service_fee, taxes, total, deposit, include_insurance, has_chauffeur, airport_delivery, wedding_package, business_package, created_at) VALUES ('2a005b65-d12c-4948-9900-9dcaebe26a82', 'CAR-002', 'D4E5F6G7-H8I9-0123-DEFG-456789012345', 'E5F6G7H8-I9J0-1234-EFGH-567890123456', 'COMPLETED', '2023-01-04', '2023-01-14', 10, 750000, 7500000, 750000.0, 600000.0, 8850000.0, 1500000, 0, 0, 0, 0, 0, '2022-12-31 00:00:00');
INSERT INTO car_booking_history (id, booking_id, status, changed_at) VALUES ('bc3143dd-41e0-4042-8361-f68a449e5fd8', '2a005b65-d12c-4948-9900-9dcaebe26a82', 'PENDING', '2022-12-31 00:00:00');
INSERT INTO car_booking_history (id, booking_id, status, changed_at) VALUES ('df55a292-c21f-41b9-b8de-7c8d5c395437', '2a005b65-d12c-4948-9900-9dcaebe26a82', 'COMPLETED', '2022-12-31 02:00:00');
INSERT INTO car_bookings (id, car_id, renter_id, owner_id, status, start_date, end_date, total_days, price_per_day, base_price, service_fee, taxes, total, deposit, include_insurance, has_chauffeur, airport_delivery, wedding_package, business_package, created_at) VALUES ('806a3b06-461a-42f2-9440-5671ec292fc9', 'CAR-003', 'D4E5F6G7-H8I9-0123-DEFG-456789012345', 'E5F6G7H8-I9J0-1234-EFGH-567890123456', 'CANCELLED', '2023-03-02', '2023-03-03', 1, 950000, 950000, 95000.0, 76000.0, 1121000.0, 1900000, 0, 0, 0, 0, 0, '2023-02-28 00:00:00');
INSERT INTO car_booking_history (id, booking_id, status, changed_at) VALUES ('95407a39-00f1-46b7-b677-c971480b7c5e', '806a3b06-461a-42f2-9440-5671ec292fc9', 'PENDING', '2023-02-28 00:00:00');
INSERT INTO car_booking_history (id, booking_id, status, changed_at) VALUES ('38caa9ed-7060-497e-9538-2d3673e22acd', '806a3b06-461a-42f2-9440-5671ec292fc9', 'CANCELLED', '2023-02-28 02:00:00');
INSERT INTO car_bookings (id, car_id, renter_id, owner_id, status, start_date, end_date, total_days, price_per_day, base_price, service_fee, taxes, total, deposit, include_insurance, has_chauffeur, airport_delivery, wedding_package, business_package, created_at) VALUES ('1433e813-9fdc-41bd-9731-85e949603f42', 'CAR-007', 'D4E5F6G7-H8I9-0123-DEFG-456789012345', 'G7H8I9J0-K1L2-3456-GHIJ-789012345678', 'COMPLETED', '2023-04-02', '2023-04-08', 6, 1800000, 10800000, 1080000.0, 864000.0, 12744000.0, 3600000, 0, 0, 0, 0, 0, '2023-03-25 00:00:00');
INSERT INTO car_booking_history (id, booking_id, status, changed_at) VALUES ('86a60a87-578f-4f6c-bb5d-ebbfaa01d674', '1433e813-9fdc-41bd-9731-85e949603f42', 'PENDING', '2023-03-25 00:00:00');
INSERT INTO car_booking_history (id, booking_id, status, changed_at) VALUES ('3d642efc-84db-47e4-9df3-e356595322ec', '1433e813-9fdc-41bd-9731-85e949603f42', 'COMPLETED', '2023-03-25 02:00:00');
INSERT INTO car_bookings (id, car_id, renter_id, owner_id, status, start_date, end_date, total_days, price_per_day, base_price, service_fee, taxes, total, deposit, include_insurance, has_chauffeur, airport_delivery, wedding_package, business_package, created_at) VALUES ('14ae3941-57bd-4520-9658-dd9fc8a4de90', 'CAR-007', 'C3D4E5F6-G7H8-9012-CDEF-345678901234', 'G7H8I9J0-K1L2-3456-GHIJ-789012345678', 'CANCELLED', '2023-12-11', '2023-12-14', 3, 1800000, 5400000, 540000.0, 432000.0, 6372000.0, 3600000, 0, 0, 0, 0, 0, '2023-12-04 00:00:00');
INSERT INTO car_booking_history (id, booking_id, status, changed_at) VALUES ('5b018694-0a2e-4a06-a996-ca1abe241e51', '14ae3941-57bd-4520-9658-dd9fc8a4de90', 'PENDING', '2023-12-04 00:00:00');
INSERT INTO car_booking_history (id, booking_id, status, changed_at) VALUES ('543a61b7-f109-48bf-a1ea-4074b2cf3da0', '14ae3941-57bd-4520-9658-dd9fc8a4de90', 'CANCELLED', '2023-12-04 02:00:00');
INSERT INTO car_bookings (id, car_id, renter_id, owner_id, status, start_date, end_date, total_days, price_per_day, base_price, service_fee, taxes, total, deposit, include_insurance, has_chauffeur, airport_delivery, wedding_package, business_package, created_at) VALUES ('30fe14e8-108e-4c9a-bf2b-40855917f940', 'CAR-001', 'B2C3D4E5-F6G7-8901-BCDE-234567890123', 'E5F6G7H8-I9J0-1234-EFGH-567890123456', 'CANCELLED', '2023-06-06', '2023-06-09', 3, 800000, 2400000, 240000.0, 192000.0, 2832000.0, 1600000, 0, 0, 0, 0, 0, '2023-06-04 00:00:00');
INSERT INTO car_booking_history (id, booking_id, status, changed_at) VALUES ('7bb075a1-f899-4b6d-81ac-1d351c5851fe', '30fe14e8-108e-4c9a-bf2b-40855917f940', 'PENDING', '2023-06-04 00:00:00');
INSERT INTO car_booking_history (id, booking_id, status, changed_at) VALUES ('fefd26ab-0f39-4202-aaae-d024df5f573b', '30fe14e8-108e-4c9a-bf2b-40855917f940', 'CANCELLED', '2023-06-04 02:00:00');
INSERT INTO car_bookings (id, car_id, renter_id, owner_id, status, start_date, end_date, total_days, price_per_day, base_price, service_fee, taxes, total, deposit, include_insurance, has_chauffeur, airport_delivery, wedding_package, business_package, created_at) VALUES ('51d1fdd1-d0bf-4666-a6cb-114a068edfc5', 'CAR-002', 'C3D4E5F6-G7H8-9012-CDEF-345678901234', 'E5F6G7H8-I9J0-1234-EFGH-567890123456', 'COMPLETED', '2024-01-22', '2024-01-26', 4, 750000, 3000000, 300000.0, 240000.0, 3540000.0, 1500000, 0, 0, 0, 0, 0, '2024-01-21 00:00:00');
INSERT INTO car_booking_history (id, booking_id, status, changed_at) VALUES ('f81ea7e7-1afb-4631-abb2-b0abef6260ca', '51d1fdd1-d0bf-4666-a6cb-114a068edfc5', 'PENDING', '2024-01-21 00:00:00');
INSERT INTO car_booking_history (id, booking_id, status, changed_at) VALUES ('0795d146-73e2-4bd0-aae2-712f3bacc6c9', '51d1fdd1-d0bf-4666-a6cb-114a068edfc5', 'COMPLETED', '2024-01-21 02:00:00');
INSERT INTO car_bookings (id, car_id, renter_id, owner_id, status, start_date, end_date, total_days, price_per_day, base_price, service_fee, taxes, total, deposit, include_insurance, has_chauffeur, airport_delivery, wedding_package, business_package, created_at) VALUES ('07d6813c-6056-4ad5-bddc-079695637df3', 'CAR-007', 'D4E5F6G7-H8I9-0123-DEFG-456789012345', 'G7H8I9J0-K1L2-3456-GHIJ-789012345678', 'COMPLETED', '2023-06-24', '2023-06-27', 3, 1800000, 5400000, 540000.0, 432000.0, 6372000.0, 3600000, 0, 0, 0, 0, 0, '2023-06-17 00:00:00');
INSERT INTO car_booking_history (id, booking_id, status, changed_at) VALUES ('167155f3-7b3a-49fc-bf6b-56b33f6f7029', '07d6813c-6056-4ad5-bddc-079695637df3', 'PENDING', '2023-06-17 00:00:00');
INSERT INTO car_booking_history (id, booking_id, status, changed_at) VALUES ('451812cb-732a-421b-bb4d-634dd461b661', '07d6813c-6056-4ad5-bddc-079695637df3', 'COMPLETED', '2023-06-17 02:00:00');
INSERT INTO car_bookings (id, car_id, renter_id, owner_id, status, start_date, end_date, total_days, price_per_day, base_price, service_fee, taxes, total, deposit, include_insurance, has_chauffeur, airport_delivery, wedding_package, business_package, created_at) VALUES ('93d4819d-6f3a-4eb7-9b8b-87b5f92aa032', 'CAR-004', 'B2C3D4E5-F6G7-8901-BCDE-234567890123', 'F6G7H8I9-J0K1-2345-FGHI-678901234567', 'COMPLETED', '2023-11-12', '2023-11-15', 3, 2500000, 7500000, 750000.0, 600000.0, 8850000.0, 5000000, 0, 0, 0, 0, 0, '2023-11-05 00:00:00');
INSERT INTO car_booking_history (id, booking_id, status, changed_at) VALUES ('1aa44a7d-6bc8-415c-94a4-7151fc1d46ef', '93d4819d-6f3a-4eb7-9b8b-87b5f92aa032', 'PENDING', '2023-11-05 00:00:00');
INSERT INTO car_booking_history (id, booking_id, status, changed_at) VALUES ('acd1ae0a-3b6b-420d-adfe-c20d26c9e084', '93d4819d-6f3a-4eb7-9b8b-87b5f92aa032', 'COMPLETED', '2023-11-05 02:00:00');
INSERT INTO car_bookings (id, car_id, renter_id, owner_id, status, start_date, end_date, total_days, price_per_day, base_price, service_fee, taxes, total, deposit, include_insurance, has_chauffeur, airport_delivery, wedding_package, business_package, created_at) VALUES ('5a06ae1d-5d15-4975-9fa7-33ce08de253b', 'CAR-002', 'B2C3D4E5-F6G7-8901-BCDE-234567890123', 'E5F6G7H8-I9J0-1234-EFGH-567890123456', 'COMPLETED', '2024-01-23', '2024-01-24', 1, 750000, 750000, 75000.0, 60000.0, 885000.0, 1500000, 0, 0, 0, 0, 0, '2024-01-19 00:00:00');
INSERT INTO car_booking_history (id, booking_id, status, changed_at) VALUES ('f51a6387-a2d7-4927-bb0d-d706a95494bb', '5a06ae1d-5d15-4975-9fa7-33ce08de253b', 'PENDING', '2024-01-19 00:00:00');
INSERT INTO car_booking_history (id, booking_id, status, changed_at) VALUES ('979c125b-933e-47b0-b909-cc32f93a03d3', '5a06ae1d-5d15-4975-9fa7-33ce08de253b', 'COMPLETED', '2024-01-19 02:00:00');
INSERT INTO car_bookings (id, car_id, renter_id, owner_id, status, start_date, end_date, total_days, price_per_day, base_price, service_fee, taxes, total, deposit, include_insurance, has_chauffeur, airport_delivery, wedding_package, business_package, created_at) VALUES ('0c7737e8-62a1-4557-85d8-6d1ef89f2053', 'CAR-004', 'D4E5F6G7-H8I9-0123-DEFG-456789012345', 'F6G7H8I9-J0K1-2345-FGHI-678901234567', 'CANCELLED', '2023-02-07', '2023-02-13', 6, 2500000, 15000000, 1500000.0, 1200000.0, 17700000.0, 5000000, 0, 0, 0, 0, 0, '2023-02-04 00:00:00');
INSERT INTO car_booking_history (id, booking_id, status, changed_at) VALUES ('509e1945-aa62-4494-97ca-2439d53f7689', '0c7737e8-62a1-4557-85d8-6d1ef89f2053', 'PENDING', '2023-02-04 00:00:00');
INSERT INTO car_booking_history (id, booking_id, status, changed_at) VALUES ('680a22eb-6767-4b4f-b0bd-8cc4b030795d', '0c7737e8-62a1-4557-85d8-6d1ef89f2053', 'CANCELLED', '2023-02-04 02:00:00');
INSERT INTO car_bookings (id, car_id, renter_id, owner_id, status, start_date, end_date, total_days, price_per_day, base_price, service_fee, taxes, total, deposit, include_insurance, has_chauffeur, airport_delivery, wedding_package, business_package, created_at) VALUES ('e4aa9e23-4c6a-46a9-8085-ce05a94bce01', 'CAR-001', 'C3D4E5F6-G7H8-9012-CDEF-345678901234', 'E5F6G7H8-I9J0-1234-EFGH-567890123456', 'COMPLETED', '2024-05-01', '2024-05-06', 5, 800000, 4000000, 400000.0, 320000.0, 4720000.0, 1600000, 0, 0, 0, 0, 0, '2024-04-22 00:00:00');
INSERT INTO car_booking_history (id, booking_id, status, changed_at) VALUES ('977daae4-3c86-4159-800c-fbde19c65be8', 'e4aa9e23-4c6a-46a9-8085-ce05a94bce01', 'PENDING', '2024-04-22 00:00:00');
INSERT INTO car_booking_history (id, booking_id, status, changed_at) VALUES ('d60ad713-baaf-4147-b817-cbc4ae250ba9', 'e4aa9e23-4c6a-46a9-8085-ce05a94bce01', 'COMPLETED', '2024-04-22 02:00:00');
INSERT INTO car_bookings (id, car_id, renter_id, owner_id, status, start_date, end_date, total_days, price_per_day, base_price, service_fee, taxes, total, deposit, include_insurance, has_chauffeur, airport_delivery, wedding_package, business_package, created_at) VALUES ('37931a44-f66e-41c9-a7ea-3f94521c28d4', 'CAR-007', 'C3D4E5F6-G7H8-9012-CDEF-345678901234', 'G7H8I9J0-K1L2-3456-GHIJ-789012345678', 'COMPLETED', '2023-10-11', '2023-10-16', 5, 1800000, 9000000, 900000.0, 720000.0, 10620000.0, 3600000, 0, 0, 0, 0, 0, '2023-09-29 00:00:00');
INSERT INTO car_booking_history (id, booking_id, status, changed_at) VALUES ('377ce6a3-1aa8-4467-8e15-266ccccb10f6', '37931a44-f66e-41c9-a7ea-3f94521c28d4', 'PENDING', '2023-09-29 00:00:00');
INSERT INTO car_booking_history (id, booking_id, status, changed_at) VALUES ('ca45675b-4dde-4311-a56c-a98fd88f3f67', '37931a44-f66e-41c9-a7ea-3f94521c28d4', 'COMPLETED', '2023-09-29 02:00:00');
INSERT INTO car_bookings (id, car_id, renter_id, owner_id, status, start_date, end_date, total_days, price_per_day, base_price, service_fee, taxes, total, deposit, include_insurance, has_chauffeur, airport_delivery, wedding_package, business_package, created_at) VALUES ('2e651976-669e-494b-91dc-0f39201b23cb', 'CAR-004', 'B2C3D4E5-F6G7-8901-BCDE-234567890123', 'F6G7H8I9-J0K1-2345-FGHI-678901234567', 'COMPLETED', '2023-04-12', '2023-04-13', 1, 2500000, 2500000, 250000.0, 200000.0, 2950000.0, 5000000, 0, 0, 0, 0, 0, '2023-04-04 00:00:00');
INSERT INTO car_booking_history (id, booking_id, status, changed_at) VALUES ('60f5dcc4-7d0f-4f0e-bf42-a7538dd0c3c4', '2e651976-669e-494b-91dc-0f39201b23cb', 'PENDING', '2023-04-04 00:00:00');
INSERT INTO car_booking_history (id, booking_id, status, changed_at) VALUES ('ab38cb83-3764-40b2-af19-c0981df7bbd8', '2e651976-669e-494b-91dc-0f39201b23cb', 'COMPLETED', '2023-04-04 02:00:00');
INSERT INTO car_bookings (id, car_id, renter_id, owner_id, status, start_date, end_date, total_days, price_per_day, base_price, service_fee, taxes, total, deposit, include_insurance, has_chauffeur, airport_delivery, wedding_package, business_package, created_at) VALUES ('14e057b0-9113-4824-abac-8c060542613e', 'CAR-003', 'C3D4E5F6-G7H8-9012-CDEF-345678901234', 'E5F6G7H8-I9J0-1234-EFGH-567890123456', 'COMPLETED', '2023-04-05', '2023-04-10', 5, 950000, 4750000, 475000.0, 380000.0, 5605000.0, 1900000, 0, 0, 0, 0, 0, '2023-03-23 00:00:00');
INSERT INTO car_booking_history (id, booking_id, status, changed_at) VALUES ('53cf430d-f343-4119-b552-ef8864eaeaf4', '14e057b0-9113-4824-abac-8c060542613e', 'PENDING', '2023-03-23 00:00:00');
INSERT INTO car_booking_history (id, booking_id, status, changed_at) VALUES ('190dd979-41bf-4d87-a389-5a16c4dce965', '14e057b0-9113-4824-abac-8c060542613e', 'COMPLETED', '2023-03-23 02:00:00');
INSERT INTO car_bookings (id, car_id, renter_id, owner_id, status, start_date, end_date, total_days, price_per_day, base_price, service_fee, taxes, total, deposit, include_insurance, has_chauffeur, airport_delivery, wedding_package, business_package, created_at) VALUES ('2bb83be0-d665-4ce4-a0b1-fb586c1842ed', 'CAR-007', 'C3D4E5F6-G7H8-9012-CDEF-345678901234', 'G7H8I9J0-K1L2-3456-GHIJ-789012345678', 'COMPLETED', '2023-09-27', '2023-10-06', 9, 1800000, 16200000, 1620000.0, 1296000.0, 19116000.0, 3600000, 0, 0, 0, 0, 0, '2023-09-15 00:00:00');
INSERT INTO car_booking_history (id, booking_id, status, changed_at) VALUES ('33a90df0-503e-4335-87c8-11e9a89f3c35', '2bb83be0-d665-4ce4-a0b1-fb586c1842ed', 'PENDING', '2023-09-15 00:00:00');
INSERT INTO car_booking_history (id, booking_id, status, changed_at) VALUES ('0cbc3585-76f6-4d11-b9d8-e8e1f9a6fc8e', '2bb83be0-d665-4ce4-a0b1-fb586c1842ed', 'COMPLETED', '2023-09-15 02:00:00');
INSERT INTO car_bookings (id, car_id, renter_id, owner_id, status, start_date, end_date, total_days, price_per_day, base_price, service_fee, taxes, total, deposit, include_insurance, has_chauffeur, airport_delivery, wedding_package, business_package, created_at) VALUES ('0df116e5-efea-4927-971c-3d7eafdb0bf7', 'CAR-001', 'B2C3D4E5-F6G7-8901-BCDE-234567890123', 'E5F6G7H8-I9J0-1234-EFGH-567890123456', 'COMPLETED', '2024-05-16', '2024-05-24', 8, 800000, 6400000, 640000.0, 512000.0, 7552000.0, 1600000, 0, 0, 0, 0, 0, '2024-05-10 00:00:00');
INSERT INTO car_booking_history (id, booking_id, status, changed_at) VALUES ('37fcf0f2-2537-4133-83d3-935e41943018', '0df116e5-efea-4927-971c-3d7eafdb0bf7', 'PENDING', '2024-05-10 00:00:00');
INSERT INTO car_booking_history (id, booking_id, status, changed_at) VALUES ('145ba087-4651-4e93-8056-2e8a749d8127', '0df116e5-efea-4927-971c-3d7eafdb0bf7', 'COMPLETED', '2024-05-10 02:00:00');
INSERT INTO car_bookings (id, car_id, renter_id, owner_id, status, start_date, end_date, total_days, price_per_day, base_price, service_fee, taxes, total, deposit, include_insurance, has_chauffeur, airport_delivery, wedding_package, business_package, created_at) VALUES ('25ae6fcf-7f38-4d4b-a75e-d8ed76bd1041', 'CAR-007', 'C3D4E5F6-G7H8-9012-CDEF-345678901234', 'G7H8I9J0-K1L2-3456-GHIJ-789012345678', 'COMPLETED', '2024-02-29', '2024-03-05', 5, 1800000, 9000000, 900000.0, 720000.0, 10620000.0, 3600000, 0, 0, 0, 0, 0, '2024-02-17 00:00:00');
INSERT INTO car_booking_history (id, booking_id, status, changed_at) VALUES ('77e62c63-b19f-44e3-a8e9-df9a4a9b97c7', '25ae6fcf-7f38-4d4b-a75e-d8ed76bd1041', 'PENDING', '2024-02-17 00:00:00');
INSERT INTO car_booking_history (id, booking_id, status, changed_at) VALUES ('f25463c1-b8bd-4c28-ad3e-85cfa389c160', '25ae6fcf-7f38-4d4b-a75e-d8ed76bd1041', 'COMPLETED', '2024-02-17 02:00:00');
INSERT INTO car_bookings (id, car_id, renter_id, owner_id, status, start_date, end_date, total_days, price_per_day, base_price, service_fee, taxes, total, deposit, include_insurance, has_chauffeur, airport_delivery, wedding_package, business_package, created_at) VALUES ('bf6db0fd-9d7e-49f2-af9e-9fcd99cbe623', 'CAR-003', 'B2C3D4E5-F6G7-8901-BCDE-234567890123', 'E5F6G7H8-I9J0-1234-EFGH-567890123456', 'COMPLETED', '2024-04-18', '2024-04-23', 5, 950000, 4750000, 475000.0, 380000.0, 5605000.0, 1900000, 0, 0, 0, 0, 0, '2024-04-15 00:00:00');
INSERT INTO car_booking_history (id, booking_id, status, changed_at) VALUES ('cb544a89-c150-4ac5-a724-388135b8811c', 'bf6db0fd-9d7e-49f2-af9e-9fcd99cbe623', 'PENDING', '2024-04-15 00:00:00');
INSERT INTO car_booking_history (id, booking_id, status, changed_at) VALUES ('6df7b280-2cd9-4140-acf4-7f0044a5ecce', 'bf6db0fd-9d7e-49f2-af9e-9fcd99cbe623', 'COMPLETED', '2024-04-15 02:00:00');
INSERT INTO car_bookings (id, car_id, renter_id, owner_id, status, start_date, end_date, total_days, price_per_day, base_price, service_fee, taxes, total, deposit, include_insurance, has_chauffeur, airport_delivery, wedding_package, business_package, created_at) VALUES ('9c395e1f-adf8-47a9-8c2d-81bdab988190', 'CAR-002', 'C3D4E5F6-G7H8-9012-CDEF-345678901234', 'E5F6G7H8-I9J0-1234-EFGH-567890123456', 'COMPLETED', '2023-07-05', '2023-07-11', 6, 750000, 4500000, 450000.0, 360000.0, 5310000.0, 1500000, 0, 0, 0, 0, 0, '2023-06-22 00:00:00');
INSERT INTO car_booking_history (id, booking_id, status, changed_at) VALUES ('13141053-d98d-4e6e-a12c-c0609648fbfa', '9c395e1f-adf8-47a9-8c2d-81bdab988190', 'PENDING', '2023-06-22 00:00:00');
INSERT INTO car_booking_history (id, booking_id, status, changed_at) VALUES ('b4138d11-4070-452b-8fc0-2e64e5819c08', '9c395e1f-adf8-47a9-8c2d-81bdab988190', 'COMPLETED', '2023-06-22 02:00:00');
INSERT INTO car_bookings (id, car_id, renter_id, owner_id, status, start_date, end_date, total_days, price_per_day, base_price, service_fee, taxes, total, deposit, include_insurance, has_chauffeur, airport_delivery, wedding_package, business_package, created_at) VALUES ('c8ad2397-0694-45a1-890b-800576ec8540', 'CAR-001', 'C3D4E5F6-G7H8-9012-CDEF-345678901234', 'E5F6G7H8-I9J0-1234-EFGH-567890123456', 'COMPLETED', '2023-10-01', '2023-10-04', 3, 800000, 2400000, 240000.0, 192000.0, 2832000.0, 1600000, 0, 0, 0, 0, 0, '2023-09-17 00:00:00');
INSERT INTO car_booking_history (id, booking_id, status, changed_at) VALUES ('66ddb438-b230-4842-b187-07551a02c766', 'c8ad2397-0694-45a1-890b-800576ec8540', 'PENDING', '2023-09-17 00:00:00');
INSERT INTO car_booking_history (id, booking_id, status, changed_at) VALUES ('1524b1ba-ba8a-407e-bb72-453df2758775', 'c8ad2397-0694-45a1-890b-800576ec8540', 'COMPLETED', '2023-09-17 02:00:00');
INSERT INTO car_bookings (id, car_id, renter_id, owner_id, status, start_date, end_date, total_days, price_per_day, base_price, service_fee, taxes, total, deposit, include_insurance, has_chauffeur, airport_delivery, wedding_package, business_package, created_at) VALUES ('ee318f25-8dca-4430-84f3-dd8ce4e87bdd', 'CAR-002', 'C3D4E5F6-G7H8-9012-CDEF-345678901234', 'E5F6G7H8-I9J0-1234-EFGH-567890123456', 'COMPLETED', '2023-06-27', '2023-07-01', 4, 750000, 3000000, 300000.0, 240000.0, 3540000.0, 1500000, 0, 0, 0, 0, 0, '2023-06-26 00:00:00');
INSERT INTO car_booking_history (id, booking_id, status, changed_at) VALUES ('52829125-9f0b-4739-b841-430290c76e51', 'ee318f25-8dca-4430-84f3-dd8ce4e87bdd', 'PENDING', '2023-06-26 00:00:00');
INSERT INTO car_booking_history (id, booking_id, status, changed_at) VALUES ('c5dfd3be-6247-4308-b16d-1591129a6acf', 'ee318f25-8dca-4430-84f3-dd8ce4e87bdd', 'COMPLETED', '2023-06-26 02:00:00');
INSERT INTO car_bookings (id, car_id, renter_id, owner_id, status, start_date, end_date, total_days, price_per_day, base_price, service_fee, taxes, total, deposit, include_insurance, has_chauffeur, airport_delivery, wedding_package, business_package, created_at) VALUES ('dd6b5e01-8e16-4553-9287-4dc8f30b35a7', 'CAR-003', 'D4E5F6G7-H8I9-0123-DEFG-456789012345', 'E5F6G7H8-I9J0-1234-EFGH-567890123456', 'COMPLETED', '2024-03-22', '2024-03-24', 2, 950000, 1900000, 190000.0, 152000.0, 2242000.0, 1900000, 0, 0, 0, 0, 0, '2024-03-20 00:00:00');
INSERT INTO car_booking_history (id, booking_id, status, changed_at) VALUES ('d910b0ee-5789-4bc9-8567-cf70e3744231', 'dd6b5e01-8e16-4553-9287-4dc8f30b35a7', 'PENDING', '2024-03-20 00:00:00');
INSERT INTO car_booking_history (id, booking_id, status, changed_at) VALUES ('5b367e1a-b552-4cf8-be9c-73948da276cb', 'dd6b5e01-8e16-4553-9287-4dc8f30b35a7', 'COMPLETED', '2024-03-20 02:00:00');
INSERT INTO car_bookings (id, car_id, renter_id, owner_id, status, start_date, end_date, total_days, price_per_day, base_price, service_fee, taxes, total, deposit, include_insurance, has_chauffeur, airport_delivery, wedding_package, business_package, created_at) VALUES ('4bf1b0fa-03aa-49bc-9a23-8b60f5ebc29f', 'CAR-007', 'C3D4E5F6-G7H8-9012-CDEF-345678901234', 'G7H8I9J0-K1L2-3456-GHIJ-789012345678', 'COMPLETED', '2023-06-25', '2023-06-27', 2, 1800000, 3600000, 360000.0, 288000.0, 4248000.0, 3600000, 0, 0, 0, 0, 0, '2023-06-19 00:00:00');
INSERT INTO car_booking_history (id, booking_id, status, changed_at) VALUES ('56cedf63-7c4b-412f-aeca-556cda974059', '4bf1b0fa-03aa-49bc-9a23-8b60f5ebc29f', 'PENDING', '2023-06-19 00:00:00');
INSERT INTO car_booking_history (id, booking_id, status, changed_at) VALUES ('30413fdb-3450-410f-b879-ac42a6cd841a', '4bf1b0fa-03aa-49bc-9a23-8b60f5ebc29f', 'COMPLETED', '2023-06-19 02:00:00');
INSERT INTO car_bookings (id, car_id, renter_id, owner_id, status, start_date, end_date, total_days, price_per_day, base_price, service_fee, taxes, total, deposit, include_insurance, has_chauffeur, airport_delivery, wedding_package, business_package, created_at) VALUES ('c291d039-7ffc-4a06-86bf-3477bca20464', 'CAR-004', 'C3D4E5F6-G7H8-9012-CDEF-345678901234', 'F6G7H8I9-J0K1-2345-FGHI-678901234567', 'COMPLETED', '2023-01-16', '2023-01-23', 7, 2500000, 17500000, 1750000.0, 1400000.0, 20650000.0, 5000000, 0, 0, 0, 0, 0, '2023-01-04 00:00:00');
INSERT INTO car_booking_history (id, booking_id, status, changed_at) VALUES ('c207a636-b341-4f2f-afc5-ceb2cd4e3aac', 'c291d039-7ffc-4a06-86bf-3477bca20464', 'PENDING', '2023-01-04 00:00:00');
INSERT INTO car_booking_history (id, booking_id, status, changed_at) VALUES ('0fbf1e44-b149-4031-bd4d-a6c2a0a9076b', 'c291d039-7ffc-4a06-86bf-3477bca20464', 'COMPLETED', '2023-01-04 02:00:00');
INSERT INTO car_bookings (id, car_id, renter_id, owner_id, status, start_date, end_date, total_days, price_per_day, base_price, service_fee, taxes, total, deposit, include_insurance, has_chauffeur, airport_delivery, wedding_package, business_package, created_at) VALUES ('5fb3a384-d2c6-41d3-a94c-989cb31b179e', 'CAR-003', 'D4E5F6G7-H8I9-0123-DEFG-456789012345', 'E5F6G7H8-I9J0-1234-EFGH-567890123456', 'COMPLETED', '2023-01-11', '2023-01-14', 3, 950000, 2850000, 285000.0, 228000.0, 3363000.0, 1900000, 0, 0, 0, 0, 0, '2023-01-01 00:00:00');
INSERT INTO car_booking_history (id, booking_id, status, changed_at) VALUES ('85392964-e2bb-45b3-8eba-4c3e3735c67b', '5fb3a384-d2c6-41d3-a94c-989cb31b179e', 'PENDING', '2023-01-01 00:00:00');
INSERT INTO car_booking_history (id, booking_id, status, changed_at) VALUES ('b4700c4a-0f06-40ab-b21c-a30aff39f9b0', '5fb3a384-d2c6-41d3-a94c-989cb31b179e', 'COMPLETED', '2023-01-01 02:00:00');
INSERT INTO car_bookings (id, car_id, renter_id, owner_id, status, start_date, end_date, total_days, price_per_day, base_price, service_fee, taxes, total, deposit, include_insurance, has_chauffeur, airport_delivery, wedding_package, business_package, created_at) VALUES ('8b11c322-a0eb-48b5-9640-66f0bb10ef28', 'CAR-001', 'B2C3D4E5-F6G7-8901-BCDE-234567890123', 'E5F6G7H8-I9J0-1234-EFGH-567890123456', 'COMPLETED', '2023-04-11', '2023-04-12', 1, 800000, 800000, 80000.0, 64000.0, 944000.0, 1600000, 0, 0, 0, 0, 0, '2023-03-31 00:00:00');
INSERT INTO car_booking_history (id, booking_id, status, changed_at) VALUES ('ffcd161b-f56d-45b5-8c44-7be2153d1f8b', '8b11c322-a0eb-48b5-9640-66f0bb10ef28', 'PENDING', '2023-03-31 00:00:00');
INSERT INTO car_booking_history (id, booking_id, status, changed_at) VALUES ('097b9f50-f465-41cc-bf47-161696b36df4', '8b11c322-a0eb-48b5-9640-66f0bb10ef28', 'COMPLETED', '2023-03-31 02:00:00');
INSERT INTO car_bookings (id, car_id, renter_id, owner_id, status, start_date, end_date, total_days, price_per_day, base_price, service_fee, taxes, total, deposit, include_insurance, has_chauffeur, airport_delivery, wedding_package, business_package, created_at) VALUES ('ba5e23d4-32b5-44b3-9cfe-a578abbb98fb', 'CAR-002', 'B2C3D4E5-F6G7-8901-BCDE-234567890123', 'E5F6G7H8-I9J0-1234-EFGH-567890123456', 'COMPLETED', '2024-05-28', '2024-05-30', 2, 750000, 1500000, 150000.0, 120000.0, 1770000.0, 1500000, 0, 0, 0, 0, 0, '2024-05-21 00:00:00');
INSERT INTO car_booking_history (id, booking_id, status, changed_at) VALUES ('9de80a2b-13fd-4477-8377-189c4706e015', 'ba5e23d4-32b5-44b3-9cfe-a578abbb98fb', 'PENDING', '2024-05-21 00:00:00');
INSERT INTO car_booking_history (id, booking_id, status, changed_at) VALUES ('e2e3dd10-d0b8-440b-bd52-d84cdc19662f', 'ba5e23d4-32b5-44b3-9cfe-a578abbb98fb', 'COMPLETED', '2024-05-21 02:00:00');
INSERT INTO car_bookings (id, car_id, renter_id, owner_id, status, start_date, end_date, total_days, price_per_day, base_price, service_fee, taxes, total, deposit, include_insurance, has_chauffeur, airport_delivery, wedding_package, business_package, created_at) VALUES ('0c2fc049-1bc9-4e1a-853b-c76fe274ffea', 'CAR-001', 'C3D4E5F6-G7H8-9012-CDEF-345678901234', 'E5F6G7H8-I9J0-1234-EFGH-567890123456', 'COMPLETED', '2023-08-19', '2023-08-27', 8, 800000, 6400000, 640000.0, 512000.0, 7552000.0, 1600000, 0, 0, 0, 0, 0, '2023-08-07 00:00:00');
INSERT INTO car_booking_history (id, booking_id, status, changed_at) VALUES ('874ead4e-f5ef-469d-b4fe-c673ff7e549f', '0c2fc049-1bc9-4e1a-853b-c76fe274ffea', 'PENDING', '2023-08-07 00:00:00');
INSERT INTO car_booking_history (id, booking_id, status, changed_at) VALUES ('85b7cf69-4d07-4338-9d32-c89a0176df75', '0c2fc049-1bc9-4e1a-853b-c76fe274ffea', 'COMPLETED', '2023-08-07 02:00:00');
INSERT INTO car_bookings (id, car_id, renter_id, owner_id, status, start_date, end_date, total_days, price_per_day, base_price, service_fee, taxes, total, deposit, include_insurance, has_chauffeur, airport_delivery, wedding_package, business_package, created_at) VALUES ('3e2a8e24-295e-471d-9b8c-eee9ea869c99', 'CAR-002', 'C3D4E5F6-G7H8-9012-CDEF-345678901234', 'E5F6G7H8-I9J0-1234-EFGH-567890123456', 'CANCELLED', '2023-05-01', '2023-05-03', 2, 750000, 1500000, 150000.0, 120000.0, 1770000.0, 1500000, 0, 0, 0, 0, 0, '2023-04-28 00:00:00');
INSERT INTO car_booking_history (id, booking_id, status, changed_at) VALUES ('5f410e32-6308-4c62-a054-bd1eab386a59', '3e2a8e24-295e-471d-9b8c-eee9ea869c99', 'PENDING', '2023-04-28 00:00:00');
INSERT INTO car_booking_history (id, booking_id, status, changed_at) VALUES ('4667eb0a-cf61-47c2-8349-ff72a974fabb', '3e2a8e24-295e-471d-9b8c-eee9ea869c99', 'CANCELLED', '2023-04-28 02:00:00');
INSERT INTO car_bookings (id, car_id, renter_id, owner_id, status, start_date, end_date, total_days, price_per_day, base_price, service_fee, taxes, total, deposit, include_insurance, has_chauffeur, airport_delivery, wedding_package, business_package, created_at) VALUES ('d00fe611-729b-4e36-8131-c93333585d9e', 'CAR-003', 'B2C3D4E5-F6G7-8901-BCDE-234567890123', 'E5F6G7H8-I9J0-1234-EFGH-567890123456', 'CANCELLED', '2024-02-26', '2024-03-05', 8, 950000, 7600000, 760000.0, 608000.0, 8968000.0, 1900000, 0, 0, 0, 0, 0, '2024-02-12 00:00:00');
INSERT INTO car_booking_history (id, booking_id, status, changed_at) VALUES ('e483a01e-8b2b-4155-9224-0e7b3571b9cd', 'd00fe611-729b-4e36-8131-c93333585d9e', 'PENDING', '2024-02-12 00:00:00');
INSERT INTO car_booking_history (id, booking_id, status, changed_at) VALUES ('76e1c8cb-7398-4713-a19e-49ffd79df7e9', 'd00fe611-729b-4e36-8131-c93333585d9e', 'CANCELLED', '2024-02-12 02:00:00');
INSERT INTO car_bookings (id, car_id, renter_id, owner_id, status, start_date, end_date, total_days, price_per_day, base_price, service_fee, taxes, total, deposit, include_insurance, has_chauffeur, airport_delivery, wedding_package, business_package, created_at) VALUES ('2441cd86-cd72-4fce-81b5-b1adc80976b2', 'CAR-007', 'C3D4E5F6-G7H8-9012-CDEF-345678901234', 'G7H8I9J0-K1L2-3456-GHIJ-789012345678', 'COMPLETED', '2023-08-25', '2023-08-27', 2, 1800000, 3600000, 360000.0, 288000.0, 4248000.0, 3600000, 0, 0, 0, 0, 0, '2023-08-12 00:00:00');
INSERT INTO car_booking_history (id, booking_id, status, changed_at) VALUES ('ef4baebe-5bb8-4dad-977e-039f669b8e26', '2441cd86-cd72-4fce-81b5-b1adc80976b2', 'PENDING', '2023-08-12 00:00:00');
INSERT INTO car_booking_history (id, booking_id, status, changed_at) VALUES ('a55524a0-dd63-4d9b-a3e2-b9a41297d5be', '2441cd86-cd72-4fce-81b5-b1adc80976b2', 'COMPLETED', '2023-08-12 02:00:00');
INSERT INTO car_bookings (id, car_id, renter_id, owner_id, status, start_date, end_date, total_days, price_per_day, base_price, service_fee, taxes, total, deposit, include_insurance, has_chauffeur, airport_delivery, wedding_package, business_package, created_at) VALUES ('6db0cb1b-b6de-4577-a791-fac343524064', 'CAR-002', 'B2C3D4E5-F6G7-8901-BCDE-234567890123', 'E5F6G7H8-I9J0-1234-EFGH-567890123456', 'COMPLETED', '2024-01-20', '2024-01-25', 5, 750000, 3750000, 375000.0, 300000.0, 4425000.0, 1500000, 0, 0, 0, 0, 0, '2024-01-07 00:00:00');
INSERT INTO car_booking_history (id, booking_id, status, changed_at) VALUES ('0d9b793c-0e34-4285-9932-09bd778381ff', '6db0cb1b-b6de-4577-a791-fac343524064', 'PENDING', '2024-01-07 00:00:00');
INSERT INTO car_booking_history (id, booking_id, status, changed_at) VALUES ('3506b6ab-43fa-4379-8704-b8adb91b4f21', '6db0cb1b-b6de-4577-a791-fac343524064', 'COMPLETED', '2024-01-07 02:00:00');
INSERT INTO car_bookings (id, car_id, renter_id, owner_id, status, start_date, end_date, total_days, price_per_day, base_price, service_fee, taxes, total, deposit, include_insurance, has_chauffeur, airport_delivery, wedding_package, business_package, created_at) VALUES ('88326dc8-8b17-4ddf-9ef2-1a7c444642c3', 'CAR-003', 'C3D4E5F6-G7H8-9012-CDEF-345678901234', 'E5F6G7H8-I9J0-1234-EFGH-567890123456', 'COMPLETED', '2024-05-06', '2024-05-13', 7, 950000, 6650000, 665000.0, 532000.0, 7847000.0, 1900000, 0, 0, 0, 0, 0, '2024-04-29 00:00:00');
INSERT INTO car_booking_history (id, booking_id, status, changed_at) VALUES ('898800dc-2af8-47c5-a83a-e373bcd12c34', '88326dc8-8b17-4ddf-9ef2-1a7c444642c3', 'PENDING', '2024-04-29 00:00:00');
INSERT INTO car_booking_history (id, booking_id, status, changed_at) VALUES ('dfab0d14-e65f-4b12-bfd0-882a373c0834', '88326dc8-8b17-4ddf-9ef2-1a7c444642c3', 'COMPLETED', '2024-04-29 02:00:00');
INSERT INTO car_bookings (id, car_id, renter_id, owner_id, status, start_date, end_date, total_days, price_per_day, base_price, service_fee, taxes, total, deposit, include_insurance, has_chauffeur, airport_delivery, wedding_package, business_package, created_at) VALUES ('5fecd25f-cb6b-4d18-9548-adac77ab32ba', 'CAR-007', 'B2C3D4E5-F6G7-8901-BCDE-234567890123', 'G7H8I9J0-K1L2-3456-GHIJ-789012345678', 'COMPLETED', '2023-12-04', '2023-12-05', 1, 1800000, 1800000, 180000.0, 144000.0, 2124000.0, 3600000, 0, 0, 0, 0, 0, '2023-11-21 00:00:00');
INSERT INTO car_booking_history (id, booking_id, status, changed_at) VALUES ('e6a11f66-8a61-4519-a755-49edca3d17ca', '5fecd25f-cb6b-4d18-9548-adac77ab32ba', 'PENDING', '2023-11-21 00:00:00');
INSERT INTO car_booking_history (id, booking_id, status, changed_at) VALUES ('a78ca6d3-157b-4894-b87d-bfa6f3493fd1', '5fecd25f-cb6b-4d18-9548-adac77ab32ba', 'COMPLETED', '2023-11-21 02:00:00');
INSERT INTO car_bookings (id, car_id, renter_id, owner_id, status, start_date, end_date, total_days, price_per_day, base_price, service_fee, taxes, total, deposit, include_insurance, has_chauffeur, airport_delivery, wedding_package, business_package, created_at) VALUES ('81317157-f6a1-45b1-9984-dcc0315831da', 'CAR-001', 'C3D4E5F6-G7H8-9012-CDEF-345678901234', 'E5F6G7H8-I9J0-1234-EFGH-567890123456', 'COMPLETED', '2023-05-01', '2023-05-07', 6, 800000, 4800000, 480000.0, 384000.0, 5664000.0, 1600000, 0, 0, 0, 0, 0, '2023-04-23 00:00:00');
INSERT INTO car_booking_history (id, booking_id, status, changed_at) VALUES ('e3b77f23-7a12-42ff-a772-b3932c5c3141', '81317157-f6a1-45b1-9984-dcc0315831da', 'PENDING', '2023-04-23 00:00:00');
INSERT INTO car_booking_history (id, booking_id, status, changed_at) VALUES ('5dea203e-2456-449c-9a2d-ce184ca3bc16', '81317157-f6a1-45b1-9984-dcc0315831da', 'COMPLETED', '2023-04-23 02:00:00');
INSERT INTO car_bookings (id, car_id, renter_id, owner_id, status, start_date, end_date, total_days, price_per_day, base_price, service_fee, taxes, total, deposit, include_insurance, has_chauffeur, airport_delivery, wedding_package, business_package, created_at) VALUES ('d2b7c02d-d548-4672-8d8e-88059a0789c1', 'CAR-004', 'C3D4E5F6-G7H8-9012-CDEF-345678901234', 'F6G7H8I9-J0K1-2345-FGHI-678901234567', 'COMPLETED', '2024-04-17', '2024-04-26', 9, 2500000, 22500000, 2250000.0, 1800000.0, 26550000.0, 5000000, 0, 0, 0, 0, 0, '2024-04-11 00:00:00');
INSERT INTO car_booking_history (id, booking_id, status, changed_at) VALUES ('566d00ae-60a8-4b15-b2ec-61f8a30d55f1', 'd2b7c02d-d548-4672-8d8e-88059a0789c1', 'PENDING', '2024-04-11 00:00:00');
INSERT INTO car_booking_history (id, booking_id, status, changed_at) VALUES ('94a7b1f4-f2c8-47d9-98f3-7e90fc8186dc', 'd2b7c02d-d548-4672-8d8e-88059a0789c1', 'COMPLETED', '2024-04-11 02:00:00');
INSERT INTO car_bookings (id, car_id, renter_id, owner_id, status, start_date, end_date, total_days, price_per_day, base_price, service_fee, taxes, total, deposit, include_insurance, has_chauffeur, airport_delivery, wedding_package, business_package, created_at) VALUES ('b48ac55a-b177-4896-9315-27dc189c07da', 'CAR-002', 'D4E5F6G7-H8I9-0123-DEFG-456789012345', 'E5F6G7H8-I9J0-1234-EFGH-567890123456', 'COMPLETED', '2023-09-02', '2023-09-05', 3, 750000, 2250000, 225000.0, 180000.0, 2655000.0, 1500000, 0, 0, 0, 0, 0, '2023-08-22 00:00:00');
INSERT INTO car_booking_history (id, booking_id, status, changed_at) VALUES ('1c6b33be-05d0-4015-8ed4-fa768738484e', 'b48ac55a-b177-4896-9315-27dc189c07da', 'PENDING', '2023-08-22 00:00:00');
INSERT INTO car_booking_history (id, booking_id, status, changed_at) VALUES ('afce1dc9-9eb7-4490-96bf-4a3d96037fa9', 'b48ac55a-b177-4896-9315-27dc189c07da', 'COMPLETED', '2023-08-22 02:00:00');
INSERT INTO car_bookings (id, car_id, renter_id, owner_id, status, start_date, end_date, total_days, price_per_day, base_price, service_fee, taxes, total, deposit, include_insurance, has_chauffeur, airport_delivery, wedding_package, business_package, created_at) VALUES ('cbfb749f-74cd-4fa2-840b-dc609b95c571', 'CAR-002', 'B2C3D4E5-F6G7-8901-BCDE-234567890123', 'E5F6G7H8-I9J0-1234-EFGH-567890123456', 'CANCELLED', '2023-02-10', '2023-02-20', 10, 750000, 7500000, 750000.0, 600000.0, 8850000.0, 1500000, 0, 0, 0, 0, 0, '2023-02-03 00:00:00');
INSERT INTO car_booking_history (id, booking_id, status, changed_at) VALUES ('0e29f303-6bbf-4751-8391-724a01e4972a', 'cbfb749f-74cd-4fa2-840b-dc609b95c571', 'PENDING', '2023-02-03 00:00:00');
INSERT INTO car_booking_history (id, booking_id, status, changed_at) VALUES ('e07be741-b0f5-4ef9-8438-d7dd1f42ae3d', 'cbfb749f-74cd-4fa2-840b-dc609b95c571', 'CANCELLED', '2023-02-03 02:00:00');
INSERT INTO car_bookings (id, car_id, renter_id, owner_id, status, start_date, end_date, total_days, price_per_day, base_price, service_fee, taxes, total, deposit, include_insurance, has_chauffeur, airport_delivery, wedding_package, business_package, created_at) VALUES ('6cde0d52-fa9c-4605-8534-d8b804a1a349', 'CAR-004', 'C3D4E5F6-G7H8-9012-CDEF-345678901234', 'F6G7H8I9-J0K1-2345-FGHI-678901234567', 'COMPLETED', '2023-05-19', '2023-05-27', 8, 2500000, 20000000, 2000000.0, 1600000.0, 23600000.0, 5000000, 0, 0, 0, 0, 0, '2023-05-09 00:00:00');
INSERT INTO car_booking_history (id, booking_id, status, changed_at) VALUES ('278b2e2f-641b-4210-bb36-7a31d9f859d3', '6cde0d52-fa9c-4605-8534-d8b804a1a349', 'PENDING', '2023-05-09 00:00:00');
INSERT INTO car_booking_history (id, booking_id, status, changed_at) VALUES ('5bacd093-9bc6-4325-8d37-4b49c08e5475', '6cde0d52-fa9c-4605-8534-d8b804a1a349', 'COMPLETED', '2023-05-09 02:00:00');
INSERT INTO car_bookings (id, car_id, renter_id, owner_id, status, start_date, end_date, total_days, price_per_day, base_price, service_fee, taxes, total, deposit, include_insurance, has_chauffeur, airport_delivery, wedding_package, business_package, created_at) VALUES ('73ec59a4-82b2-40c9-b406-4a2d2303b256', 'CAR-001', 'B2C3D4E5-F6G7-8901-BCDE-234567890123', 'E5F6G7H8-I9J0-1234-EFGH-567890123456', 'CANCELLED', '2023-05-19', '2023-05-28', 9, 800000, 7200000, 720000.0, 576000.0, 8496000.0, 1600000, 0, 0, 0, 0, 0, '2023-05-05 00:00:00');
INSERT INTO car_booking_history (id, booking_id, status, changed_at) VALUES ('cf46f644-0c4f-477f-b17a-c8e03d89566d', '73ec59a4-82b2-40c9-b406-4a2d2303b256', 'PENDING', '2023-05-05 00:00:00');
INSERT INTO car_booking_history (id, booking_id, status, changed_at) VALUES ('f4e789e9-1c2d-48ed-9e7b-70e1f9c7af3e', '73ec59a4-82b2-40c9-b406-4a2d2303b256', 'CANCELLED', '2023-05-05 02:00:00');
INSERT INTO car_bookings (id, car_id, renter_id, owner_id, status, start_date, end_date, total_days, price_per_day, base_price, service_fee, taxes, total, deposit, include_insurance, has_chauffeur, airport_delivery, wedding_package, business_package, created_at) VALUES ('2b89dc09-1063-48a2-8452-1731936aa648', 'CAR-002', 'C3D4E5F6-G7H8-9012-CDEF-345678901234', 'E5F6G7H8-I9J0-1234-EFGH-567890123456', 'COMPLETED', '2023-02-20', '2023-02-26', 6, 750000, 4500000, 450000.0, 360000.0, 5310000.0, 1500000, 0, 0, 0, 0, 0, '2023-02-18 00:00:00');
INSERT INTO car_booking_history (id, booking_id, status, changed_at) VALUES ('5ceea5f4-1e22-4e7d-8ec5-63c32a8bcddd', '2b89dc09-1063-48a2-8452-1731936aa648', 'PENDING', '2023-02-18 00:00:00');
INSERT INTO car_booking_history (id, booking_id, status, changed_at) VALUES ('b2cf0211-9f04-4213-a6a5-faf309200d15', '2b89dc09-1063-48a2-8452-1731936aa648', 'COMPLETED', '2023-02-18 02:00:00');
INSERT INTO car_bookings (id, car_id, renter_id, owner_id, status, start_date, end_date, total_days, price_per_day, base_price, service_fee, taxes, total, deposit, include_insurance, has_chauffeur, airport_delivery, wedding_package, business_package, created_at) VALUES ('8f74927b-f4ec-44b7-bb0c-d6a31c2ebbd0', 'CAR-002', 'D4E5F6G7-H8I9-0123-DEFG-456789012345', 'E5F6G7H8-I9J0-1234-EFGH-567890123456', 'COMPLETED', '2023-03-24', '2023-03-25', 1, 750000, 750000, 75000.0, 60000.0, 885000.0, 1500000, 0, 0, 0, 0, 0, '2023-03-13 00:00:00');
INSERT INTO car_booking_history (id, booking_id, status, changed_at) VALUES ('64424805-a568-4656-b84d-faff31c5662a', '8f74927b-f4ec-44b7-bb0c-d6a31c2ebbd0', 'PENDING', '2023-03-13 00:00:00');
INSERT INTO car_booking_history (id, booking_id, status, changed_at) VALUES ('264b0bd8-f349-4a51-b262-697160d025bf', '8f74927b-f4ec-44b7-bb0c-d6a31c2ebbd0', 'COMPLETED', '2023-03-13 02:00:00');
INSERT INTO car_bookings (id, car_id, renter_id, owner_id, status, start_date, end_date, total_days, price_per_day, base_price, service_fee, taxes, total, deposit, include_insurance, has_chauffeur, airport_delivery, wedding_package, business_package, created_at) VALUES ('e3ee77f0-b2bb-49cd-91f4-42bd36730457', 'CAR-003', 'B2C3D4E5-F6G7-8901-BCDE-234567890123', 'E5F6G7H8-I9J0-1234-EFGH-567890123456', 'CANCELLED', '2023-06-20', '2023-06-25', 5, 950000, 4750000, 475000.0, 380000.0, 5605000.0, 1900000, 0, 0, 0, 0, 0, '2023-06-15 00:00:00');
INSERT INTO car_booking_history (id, booking_id, status, changed_at) VALUES ('4185eead-c544-470c-8afa-253f94be7467', 'e3ee77f0-b2bb-49cd-91f4-42bd36730457', 'PENDING', '2023-06-15 00:00:00');
INSERT INTO car_booking_history (id, booking_id, status, changed_at) VALUES ('c4e9dc1e-96a2-4cec-883b-55f9b8708ff8', 'e3ee77f0-b2bb-49cd-91f4-42bd36730457', 'CANCELLED', '2023-06-15 02:00:00');
INSERT INTO car_bookings (id, car_id, renter_id, owner_id, status, start_date, end_date, total_days, price_per_day, base_price, service_fee, taxes, total, deposit, include_insurance, has_chauffeur, airport_delivery, wedding_package, business_package, created_at) VALUES ('1730c34e-fe83-4f85-a752-f7238e196859', 'CAR-002', 'D4E5F6G7-H8I9-0123-DEFG-456789012345', 'E5F6G7H8-I9J0-1234-EFGH-567890123456', 'COMPLETED', '2023-11-25', '2023-11-28', 3, 750000, 2250000, 225000.0, 180000.0, 2655000.0, 1500000, 0, 0, 0, 0, 0, '2023-11-15 00:00:00');
INSERT INTO car_booking_history (id, booking_id, status, changed_at) VALUES ('8f8b2eba-d58f-4d24-9245-10f90c89bb77', '1730c34e-fe83-4f85-a752-f7238e196859', 'PENDING', '2023-11-15 00:00:00');
INSERT INTO car_booking_history (id, booking_id, status, changed_at) VALUES ('74910f2b-72e0-4c20-bfda-ce700f957c69', '1730c34e-fe83-4f85-a752-f7238e196859', 'COMPLETED', '2023-11-15 02:00:00');
INSERT INTO car_bookings (id, car_id, renter_id, owner_id, status, start_date, end_date, total_days, price_per_day, base_price, service_fee, taxes, total, deposit, include_insurance, has_chauffeur, airport_delivery, wedding_package, business_package, created_at) VALUES ('d88d46b9-a7f5-410b-a380-c9a2c9d2db1a', 'CAR-002', 'C3D4E5F6-G7H8-9012-CDEF-345678901234', 'E5F6G7H8-I9J0-1234-EFGH-567890123456', 'COMPLETED', '2023-04-14', '2023-04-24', 10, 750000, 7500000, 750000.0, 600000.0, 8850000.0, 1500000, 0, 0, 0, 0, 0, '2023-04-11 00:00:00');
INSERT INTO car_booking_history (id, booking_id, status, changed_at) VALUES ('59dcc219-6eb2-4871-95a6-1a81714d779e', 'd88d46b9-a7f5-410b-a380-c9a2c9d2db1a', 'PENDING', '2023-04-11 00:00:00');
INSERT INTO car_booking_history (id, booking_id, status, changed_at) VALUES ('ee9acaf4-284a-42bb-b32b-2d2d715cf2ad', 'd88d46b9-a7f5-410b-a380-c9a2c9d2db1a', 'COMPLETED', '2023-04-11 02:00:00');
INSERT INTO car_bookings (id, car_id, renter_id, owner_id, status, start_date, end_date, total_days, price_per_day, base_price, service_fee, taxes, total, deposit, include_insurance, has_chauffeur, airport_delivery, wedding_package, business_package, created_at) VALUES ('5bfa43fd-744e-44d5-96ed-2253b97dc49f', 'CAR-004', 'D4E5F6G7-H8I9-0123-DEFG-456789012345', 'F6G7H8I9-J0K1-2345-FGHI-678901234567', 'COMPLETED', '2023-11-07', '2023-11-13', 6, 2500000, 15000000, 1500000.0, 1200000.0, 17700000.0, 5000000, 0, 0, 0, 0, 0, '2023-10-29 00:00:00');
INSERT INTO car_booking_history (id, booking_id, status, changed_at) VALUES ('9def0b82-f524-41ad-946e-dddef86fc617', '5bfa43fd-744e-44d5-96ed-2253b97dc49f', 'PENDING', '2023-10-29 00:00:00');
INSERT INTO car_booking_history (id, booking_id, status, changed_at) VALUES ('6fb70ee0-90f0-4845-a783-096bd991e234', '5bfa43fd-744e-44d5-96ed-2253b97dc49f', 'COMPLETED', '2023-10-29 02:00:00');
INSERT INTO car_bookings (id, car_id, renter_id, owner_id, status, start_date, end_date, total_days, price_per_day, base_price, service_fee, taxes, total, deposit, include_insurance, has_chauffeur, airport_delivery, wedding_package, business_package, created_at) VALUES ('853cf2d6-e67c-40c9-a5de-d4f5cc811b7f', 'CAR-007', 'B2C3D4E5-F6G7-8901-BCDE-234567890123', 'G7H8I9J0-K1L2-3456-GHIJ-789012345678', 'COMPLETED', '2023-06-04', '2023-06-08', 4, 1800000, 7200000, 720000.0, 576000.0, 8496000.0, 3600000, 0, 0, 0, 0, 0, '2023-05-25 00:00:00');
INSERT INTO car_booking_history (id, booking_id, status, changed_at) VALUES ('67417e67-ad9a-451e-a66f-7550ecc19bef', '853cf2d6-e67c-40c9-a5de-d4f5cc811b7f', 'PENDING', '2023-05-25 00:00:00');
INSERT INTO car_booking_history (id, booking_id, status, changed_at) VALUES ('f2cc697e-d31d-453a-a7ef-028dc5fce602', '853cf2d6-e67c-40c9-a5de-d4f5cc811b7f', 'COMPLETED', '2023-05-25 02:00:00');
INSERT INTO car_bookings (id, car_id, renter_id, owner_id, status, start_date, end_date, total_days, price_per_day, base_price, service_fee, taxes, total, deposit, include_insurance, has_chauffeur, airport_delivery, wedding_package, business_package, created_at) VALUES ('7b9e4959-087a-4213-87ab-94196099362a', 'CAR-004', 'D4E5F6G7-H8I9-0123-DEFG-456789012345', 'F6G7H8I9-J0K1-2345-FGHI-678901234567', 'COMPLETED', '2023-04-24', '2023-04-28', 4, 2500000, 10000000, 1000000.0, 800000.0, 11800000.0, 5000000, 0, 0, 0, 0, 0, '2023-04-20 00:00:00');
INSERT INTO car_booking_history (id, booking_id, status, changed_at) VALUES ('a7685529-3c66-4f4b-933e-6898d40e271c', '7b9e4959-087a-4213-87ab-94196099362a', 'PENDING', '2023-04-20 00:00:00');
INSERT INTO car_booking_history (id, booking_id, status, changed_at) VALUES ('bab53403-4c89-4d13-b65f-384c16e505e0', '7b9e4959-087a-4213-87ab-94196099362a', 'COMPLETED', '2023-04-20 02:00:00');
INSERT INTO car_bookings (id, car_id, renter_id, owner_id, status, start_date, end_date, total_days, price_per_day, base_price, service_fee, taxes, total, deposit, include_insurance, has_chauffeur, airport_delivery, wedding_package, business_package, created_at) VALUES ('a63218ff-731e-4744-b889-4119a40b2c2a', 'CAR-004', 'C3D4E5F6-G7H8-9012-CDEF-345678901234', 'F6G7H8I9-J0K1-2345-FGHI-678901234567', 'COMPLETED', '2023-01-11', '2023-01-12', 1, 2500000, 2500000, 250000.0, 200000.0, 2950000.0, 5000000, 0, 0, 0, 0, 0, '2023-01-06 00:00:00');
INSERT INTO car_booking_history (id, booking_id, status, changed_at) VALUES ('066a038d-784a-4485-a189-b0f608312a54', 'a63218ff-731e-4744-b889-4119a40b2c2a', 'PENDING', '2023-01-06 00:00:00');
INSERT INTO car_booking_history (id, booking_id, status, changed_at) VALUES ('730f672b-38c6-4dad-9cef-b6575aa20d44', 'a63218ff-731e-4744-b889-4119a40b2c2a', 'COMPLETED', '2023-01-06 02:00:00');
INSERT INTO car_bookings (id, car_id, renter_id, owner_id, status, start_date, end_date, total_days, price_per_day, base_price, service_fee, taxes, total, deposit, include_insurance, has_chauffeur, airport_delivery, wedding_package, business_package, created_at) VALUES ('4fccb31d-c01a-45ec-a033-cb14f64f23bf', 'CAR-003', 'C3D4E5F6-G7H8-9012-CDEF-345678901234', 'E5F6G7H8-I9J0-1234-EFGH-567890123456', 'CANCELLED', '2023-04-22', '2023-04-30', 8, 950000, 7600000, 760000.0, 608000.0, 8968000.0, 1900000, 0, 0, 0, 0, 0, '2023-04-10 00:00:00');
INSERT INTO car_booking_history (id, booking_id, status, changed_at) VALUES ('85e4fe1a-7551-4c79-9520-30188684599b', '4fccb31d-c01a-45ec-a033-cb14f64f23bf', 'PENDING', '2023-04-10 00:00:00');
INSERT INTO car_booking_history (id, booking_id, status, changed_at) VALUES ('bdcf2669-15f7-4e22-874c-2765b491fd0f', '4fccb31d-c01a-45ec-a033-cb14f64f23bf', 'CANCELLED', '2023-04-10 02:00:00');
INSERT INTO car_bookings (id, car_id, renter_id, owner_id, status, start_date, end_date, total_days, price_per_day, base_price, service_fee, taxes, total, deposit, include_insurance, has_chauffeur, airport_delivery, wedding_package, business_package, created_at) VALUES ('e88dc416-a89b-4962-ab76-caef631cf03f', 'CAR-007', 'D4E5F6G7-H8I9-0123-DEFG-456789012345', 'G7H8I9J0-K1L2-3456-GHIJ-789012345678', 'COMPLETED', '2023-11-06', '2023-11-07', 1, 1800000, 1800000, 180000.0, 144000.0, 2124000.0, 3600000, 0, 0, 0, 0, 0, '2023-10-27 00:00:00');
INSERT INTO car_booking_history (id, booking_id, status, changed_at) VALUES ('5a22a977-d63e-4741-8862-58ba504606b5', 'e88dc416-a89b-4962-ab76-caef631cf03f', 'PENDING', '2023-10-27 00:00:00');
INSERT INTO car_booking_history (id, booking_id, status, changed_at) VALUES ('5d25c9df-5b8f-416b-812a-ddb6da4b64fb', 'e88dc416-a89b-4962-ab76-caef631cf03f', 'COMPLETED', '2023-10-27 02:00:00');
INSERT INTO car_bookings (id, car_id, renter_id, owner_id, status, start_date, end_date, total_days, price_per_day, base_price, service_fee, taxes, total, deposit, include_insurance, has_chauffeur, airport_delivery, wedding_package, business_package, created_at) VALUES ('8f00cb19-c64b-44da-81c7-0f8c53f7449a', 'CAR-002', 'B2C3D4E5-F6G7-8901-BCDE-234567890123', 'E5F6G7H8-I9J0-1234-EFGH-567890123456', 'COMPLETED', '2023-06-19', '2023-06-21', 2, 750000, 1500000, 150000.0, 120000.0, 1770000.0, 1500000, 0, 0, 0, 0, 0, '2023-06-13 00:00:00');
INSERT INTO car_booking_history (id, booking_id, status, changed_at) VALUES ('4342b8b7-21e3-4eda-8b91-76e6d1eae82b', '8f00cb19-c64b-44da-81c7-0f8c53f7449a', 'PENDING', '2023-06-13 00:00:00');
INSERT INTO car_booking_history (id, booking_id, status, changed_at) VALUES ('77ce1217-2d10-474a-8e70-4e39dd5f355f', '8f00cb19-c64b-44da-81c7-0f8c53f7449a', 'COMPLETED', '2023-06-13 02:00:00');
INSERT INTO car_bookings (id, car_id, renter_id, owner_id, status, start_date, end_date, total_days, price_per_day, base_price, service_fee, taxes, total, deposit, include_insurance, has_chauffeur, airport_delivery, wedding_package, business_package, created_at) VALUES ('bbcf3398-59f6-43c6-b1be-22027d4c5538', 'CAR-004', 'D4E5F6G7-H8I9-0123-DEFG-456789012345', 'F6G7H8I9-J0K1-2345-FGHI-678901234567', 'CANCELLED', '2023-04-27', '2023-05-04', 7, 2500000, 17500000, 1750000.0, 1400000.0, 20650000.0, 5000000, 0, 0, 0, 0, 0, '2023-04-14 00:00:00');
INSERT INTO car_booking_history (id, booking_id, status, changed_at) VALUES ('a0ed0054-dcc8-4462-8242-09e65184aed5', 'bbcf3398-59f6-43c6-b1be-22027d4c5538', 'PENDING', '2023-04-14 00:00:00');
INSERT INTO car_booking_history (id, booking_id, status, changed_at) VALUES ('c07179fb-28ff-4fbe-a1e4-b92462c12e7d', 'bbcf3398-59f6-43c6-b1be-22027d4c5538', 'CANCELLED', '2023-04-14 02:00:00');
INSERT INTO car_bookings (id, car_id, renter_id, owner_id, status, start_date, end_date, total_days, price_per_day, base_price, service_fee, taxes, total, deposit, include_insurance, has_chauffeur, airport_delivery, wedding_package, business_package, created_at) VALUES ('4c3c4eed-c837-4a43-a29a-d7a14aca0c66', 'CAR-001', 'B2C3D4E5-F6G7-8901-BCDE-234567890123', 'E5F6G7H8-I9J0-1234-EFGH-567890123456', 'COMPLETED', '2024-03-16', '2024-03-20', 4, 800000, 3200000, 320000.0, 256000.0, 3776000.0, 1600000, 0, 0, 0, 0, 0, '2024-03-09 00:00:00');
INSERT INTO car_booking_history (id, booking_id, status, changed_at) VALUES ('0aafd838-4613-4f35-b87d-f65fddf113ec', '4c3c4eed-c837-4a43-a29a-d7a14aca0c66', 'PENDING', '2024-03-09 00:00:00');
INSERT INTO car_booking_history (id, booking_id, status, changed_at) VALUES ('745e4e36-2ad1-4675-aa60-080b895fadc4', '4c3c4eed-c837-4a43-a29a-d7a14aca0c66', 'COMPLETED', '2024-03-09 02:00:00');
INSERT INTO car_bookings (id, car_id, renter_id, owner_id, status, start_date, end_date, total_days, price_per_day, base_price, service_fee, taxes, total, deposit, include_insurance, has_chauffeur, airport_delivery, wedding_package, business_package, created_at) VALUES ('6bcd6d99-cd4e-4de0-9db6-afadd1d689f6', 'CAR-003', 'D4E5F6G7-H8I9-0123-DEFG-456789012345', 'E5F6G7H8-I9J0-1234-EFGH-567890123456', 'CANCELLED', '2023-03-02', '2023-03-04', 2, 950000, 1900000, 190000.0, 152000.0, 2242000.0, 1900000, 0, 0, 0, 0, 0, '2023-03-01 00:00:00');
INSERT INTO car_booking_history (id, booking_id, status, changed_at) VALUES ('bc38333b-ded4-4197-99b7-289f41dd4945', '6bcd6d99-cd4e-4de0-9db6-afadd1d689f6', 'PENDING', '2023-03-01 00:00:00');
INSERT INTO car_booking_history (id, booking_id, status, changed_at) VALUES ('d8290c3e-9d9b-43b7-a5f4-f159ca124490', '6bcd6d99-cd4e-4de0-9db6-afadd1d689f6', 'CANCELLED', '2023-03-01 02:00:00');
INSERT INTO car_bookings (id, car_id, renter_id, owner_id, status, start_date, end_date, total_days, price_per_day, base_price, service_fee, taxes, total, deposit, include_insurance, has_chauffeur, airport_delivery, wedding_package, business_package, created_at) VALUES ('58d3e37f-8732-43f6-85cd-23b0876a9bd4', 'CAR-002', 'D4E5F6G7-H8I9-0123-DEFG-456789012345', 'E5F6G7H8-I9J0-1234-EFGH-567890123456', 'CANCELLED', '2023-10-11', '2023-10-21', 10, 750000, 7500000, 750000.0, 600000.0, 8850000.0, 1500000, 0, 0, 0, 0, 0, '2023-09-29 00:00:00');
INSERT INTO car_booking_history (id, booking_id, status, changed_at) VALUES ('685ffa02-1914-4663-b4a3-80460bb51e94', '58d3e37f-8732-43f6-85cd-23b0876a9bd4', 'PENDING', '2023-09-29 00:00:00');
INSERT INTO car_booking_history (id, booking_id, status, changed_at) VALUES ('4716831b-3383-4b43-b7e0-18000caf7957', '58d3e37f-8732-43f6-85cd-23b0876a9bd4', 'CANCELLED', '2023-09-29 02:00:00');
INSERT INTO car_bookings (id, car_id, renter_id, owner_id, status, start_date, end_date, total_days, price_per_day, base_price, service_fee, taxes, total, deposit, include_insurance, has_chauffeur, airport_delivery, wedding_package, business_package, created_at) VALUES ('1554e877-8de9-4e93-92c9-057cbe000eb6', 'CAR-002', 'C3D4E5F6-G7H8-9012-CDEF-345678901234', 'E5F6G7H8-I9J0-1234-EFGH-567890123456', 'COMPLETED', '2024-01-22', '2024-01-26', 4, 750000, 3000000, 300000.0, 240000.0, 3540000.0, 1500000, 0, 0, 0, 0, 0, '2024-01-19 00:00:00');
INSERT INTO car_booking_history (id, booking_id, status, changed_at) VALUES ('f4a2bb64-a21f-43f3-b4d6-5c98a54b3274', '1554e877-8de9-4e93-92c9-057cbe000eb6', 'PENDING', '2024-01-19 00:00:00');
INSERT INTO car_booking_history (id, booking_id, status, changed_at) VALUES ('d24e5f99-2271-43e2-956e-8abb47f64493', '1554e877-8de9-4e93-92c9-057cbe000eb6', 'COMPLETED', '2024-01-19 02:00:00');
INSERT INTO car_bookings (id, car_id, renter_id, owner_id, status, start_date, end_date, total_days, price_per_day, base_price, service_fee, taxes, total, deposit, include_insurance, has_chauffeur, airport_delivery, wedding_package, business_package, created_at) VALUES ('3fa23f80-50e5-4bbe-9ed0-cd4b9bc20ca5', 'CAR-007', 'B2C3D4E5-F6G7-8901-BCDE-234567890123', 'G7H8I9J0-K1L2-3456-GHIJ-789012345678', 'COMPLETED', '2023-09-07', '2023-09-08', 1, 1800000, 1800000, 180000.0, 144000.0, 2124000.0, 3600000, 0, 0, 0, 0, 0, '2023-09-01 00:00:00');
INSERT INTO car_booking_history (id, booking_id, status, changed_at) VALUES ('053169de-7de4-496d-93b4-6908b303c5db', '3fa23f80-50e5-4bbe-9ed0-cd4b9bc20ca5', 'PENDING', '2023-09-01 00:00:00');
INSERT INTO car_booking_history (id, booking_id, status, changed_at) VALUES ('e08a6942-212d-4f83-86a3-14d02bf97e02', '3fa23f80-50e5-4bbe-9ed0-cd4b9bc20ca5', 'COMPLETED', '2023-09-01 02:00:00');
INSERT INTO car_bookings (id, car_id, renter_id, owner_id, status, start_date, end_date, total_days, price_per_day, base_price, service_fee, taxes, total, deposit, include_insurance, has_chauffeur, airport_delivery, wedding_package, business_package, created_at) VALUES ('c04824c8-2ce0-4f99-812b-989ded392ff3', 'CAR-003', 'B2C3D4E5-F6G7-8901-BCDE-234567890123', 'E5F6G7H8-I9J0-1234-EFGH-567890123456', 'COMPLETED', '2023-10-10', '2023-10-16', 6, 950000, 5700000, 570000.0, 456000.0, 6726000.0, 1900000, 0, 0, 0, 0, 0, '2023-10-01 00:00:00');
INSERT INTO car_booking_history (id, booking_id, status, changed_at) VALUES ('20ad3d4c-e142-4495-add5-85a8ac8c1201', 'c04824c8-2ce0-4f99-812b-989ded392ff3', 'PENDING', '2023-10-01 00:00:00');
INSERT INTO car_booking_history (id, booking_id, status, changed_at) VALUES ('f9dbdf1d-22b3-46b5-a533-bbcaf932660c', 'c04824c8-2ce0-4f99-812b-989ded392ff3', 'COMPLETED', '2023-10-01 02:00:00');
INSERT INTO car_bookings (id, car_id, renter_id, owner_id, status, start_date, end_date, total_days, price_per_day, base_price, service_fee, taxes, total, deposit, include_insurance, has_chauffeur, airport_delivery, wedding_package, business_package, created_at) VALUES ('98c44420-9bff-4395-a1b1-6d1d92ac5092', 'CAR-004', 'B2C3D4E5-F6G7-8901-BCDE-234567890123', 'F6G7H8I9-J0K1-2345-FGHI-678901234567', 'COMPLETED', '2024-01-16', '2024-01-22', 6, 2500000, 15000000, 1500000.0, 1200000.0, 17700000.0, 5000000, 0, 0, 0, 0, 0, '2024-01-06 00:00:00');
INSERT INTO car_booking_history (id, booking_id, status, changed_at) VALUES ('a8c326a9-5eec-4c02-8bb7-301235bc7077', '98c44420-9bff-4395-a1b1-6d1d92ac5092', 'PENDING', '2024-01-06 00:00:00');
INSERT INTO car_booking_history (id, booking_id, status, changed_at) VALUES ('3a750480-9ec0-4239-8877-9b91053b6f95', '98c44420-9bff-4395-a1b1-6d1d92ac5092', 'COMPLETED', '2024-01-06 02:00:00');
INSERT INTO car_bookings (id, car_id, renter_id, owner_id, status, start_date, end_date, total_days, price_per_day, base_price, service_fee, taxes, total, deposit, include_insurance, has_chauffeur, airport_delivery, wedding_package, business_package, created_at) VALUES ('dfdc894d-d3d8-42e5-b456-bb2aeb608436', 'CAR-004', 'B2C3D4E5-F6G7-8901-BCDE-234567890123', 'F6G7H8I9-J0K1-2345-FGHI-678901234567', 'COMPLETED', '2023-04-15', '2023-04-21', 6, 2500000, 15000000, 1500000.0, 1200000.0, 17700000.0, 5000000, 0, 0, 0, 0, 0, '2023-04-13 00:00:00');
INSERT INTO car_booking_history (id, booking_id, status, changed_at) VALUES ('88ea27bd-e577-4f37-9f0d-d443fa5510f2', 'dfdc894d-d3d8-42e5-b456-bb2aeb608436', 'PENDING', '2023-04-13 00:00:00');
INSERT INTO car_booking_history (id, booking_id, status, changed_at) VALUES ('fc025724-e29f-4174-9e12-d0f55af1ac46', 'dfdc894d-d3d8-42e5-b456-bb2aeb608436', 'COMPLETED', '2023-04-13 02:00:00');
INSERT INTO car_bookings (id, car_id, renter_id, owner_id, status, start_date, end_date, total_days, price_per_day, base_price, service_fee, taxes, total, deposit, include_insurance, has_chauffeur, airport_delivery, wedding_package, business_package, created_at) VALUES ('a6c1a316-548a-4256-adc5-7cd1d3a70a2e', 'CAR-007', 'D4E5F6G7-H8I9-0123-DEFG-456789012345', 'G7H8I9J0-K1L2-3456-GHIJ-789012345678', 'COMPLETED', '2024-04-27', '2024-05-06', 9, 1800000, 16200000, 1620000.0, 1296000.0, 19116000.0, 3600000, 0, 0, 0, 0, 0, '2024-04-14 00:00:00');
INSERT INTO car_booking_history (id, booking_id, status, changed_at) VALUES ('a487f0d9-3ed3-40ab-8d35-0571ca456950', 'a6c1a316-548a-4256-adc5-7cd1d3a70a2e', 'PENDING', '2024-04-14 00:00:00');
INSERT INTO car_booking_history (id, booking_id, status, changed_at) VALUES ('a25ef190-c126-4ddd-8800-29d1d046f980', 'a6c1a316-548a-4256-adc5-7cd1d3a70a2e', 'COMPLETED', '2024-04-14 02:00:00');
INSERT INTO car_bookings (id, car_id, renter_id, owner_id, status, start_date, end_date, total_days, price_per_day, base_price, service_fee, taxes, total, deposit, include_insurance, has_chauffeur, airport_delivery, wedding_package, business_package, created_at) VALUES ('2b35a7a0-0a3b-4908-997e-9fc6c80b7ecf', 'CAR-007', 'D4E5F6G7-H8I9-0123-DEFG-456789012345', 'G7H8I9J0-K1L2-3456-GHIJ-789012345678', 'COMPLETED', '2023-07-23', '2023-07-29', 6, 1800000, 10800000, 1080000.0, 864000.0, 12744000.0, 3600000, 0, 0, 0, 0, 0, '2023-07-13 00:00:00');
INSERT INTO car_booking_history (id, booking_id, status, changed_at) VALUES ('c209e23e-3923-4fe0-a4f6-85234aba0df0', '2b35a7a0-0a3b-4908-997e-9fc6c80b7ecf', 'PENDING', '2023-07-13 00:00:00');
INSERT INTO car_booking_history (id, booking_id, status, changed_at) VALUES ('6231cc73-9d50-4a56-819d-5ab02ac4a69a', '2b35a7a0-0a3b-4908-997e-9fc6c80b7ecf', 'COMPLETED', '2023-07-13 02:00:00');
INSERT INTO car_bookings (id, car_id, renter_id, owner_id, status, start_date, end_date, total_days, price_per_day, base_price, service_fee, taxes, total, deposit, include_insurance, has_chauffeur, airport_delivery, wedding_package, business_package, created_at) VALUES ('d8fe1ca2-fae7-4183-80a1-c4ab4627c59e', 'CAR-003', 'D4E5F6G7-H8I9-0123-DEFG-456789012345', 'E5F6G7H8-I9J0-1234-EFGH-567890123456', 'COMPLETED', '2023-12-26', '2023-12-29', 3, 950000, 2850000, 285000.0, 228000.0, 3363000.0, 1900000, 0, 0, 0, 0, 0, '2023-12-22 00:00:00');
INSERT INTO car_booking_history (id, booking_id, status, changed_at) VALUES ('3e096909-7d07-4407-a912-daf748c77c5a', 'd8fe1ca2-fae7-4183-80a1-c4ab4627c59e', 'PENDING', '2023-12-22 00:00:00');
INSERT INTO car_booking_history (id, booking_id, status, changed_at) VALUES ('28a20e0e-ac3d-43b3-8eb2-6a79749463d8', 'd8fe1ca2-fae7-4183-80a1-c4ab4627c59e', 'COMPLETED', '2023-12-22 02:00:00');
INSERT INTO car_bookings (id, car_id, renter_id, owner_id, status, start_date, end_date, total_days, price_per_day, base_price, service_fee, taxes, total, deposit, include_insurance, has_chauffeur, airport_delivery, wedding_package, business_package, created_at) VALUES ('ef73a25c-7082-41f7-be54-dc2587fa0c76', 'CAR-001', 'D4E5F6G7-H8I9-0123-DEFG-456789012345', 'E5F6G7H8-I9J0-1234-EFGH-567890123456', 'COMPLETED', '2023-06-30', '2023-07-04', 4, 800000, 3200000, 320000.0, 256000.0, 3776000.0, 1600000, 0, 0, 0, 0, 0, '2023-06-18 00:00:00');
INSERT INTO car_booking_history (id, booking_id, status, changed_at) VALUES ('2b712358-4af8-45c6-bf7f-2027256cf7da', 'ef73a25c-7082-41f7-be54-dc2587fa0c76', 'PENDING', '2023-06-18 00:00:00');
INSERT INTO car_booking_history (id, booking_id, status, changed_at) VALUES ('7308e3ed-39a0-4c47-b934-7b5bf19062a5', 'ef73a25c-7082-41f7-be54-dc2587fa0c76', 'COMPLETED', '2023-06-18 02:00:00');
INSERT INTO car_bookings (id, car_id, renter_id, owner_id, status, start_date, end_date, total_days, price_per_day, base_price, service_fee, taxes, total, deposit, include_insurance, has_chauffeur, airport_delivery, wedding_package, business_package, created_at) VALUES ('3b5b1ed2-fcaf-4429-8652-6a6176224c83', 'CAR-002', 'B2C3D4E5-F6G7-8901-BCDE-234567890123', 'E5F6G7H8-I9J0-1234-EFGH-567890123456', 'COMPLETED', '2024-05-19', '2024-05-26', 7, 750000, 5250000, 525000.0, 420000.0, 6195000.0, 1500000, 0, 0, 0, 0, 0, '2024-05-14 00:00:00');
INSERT INTO car_booking_history (id, booking_id, status, changed_at) VALUES ('254d0200-b593-4c30-bb84-9e5cd165b4ef', '3b5b1ed2-fcaf-4429-8652-6a6176224c83', 'PENDING', '2024-05-14 00:00:00');
INSERT INTO car_booking_history (id, booking_id, status, changed_at) VALUES ('9bdfa328-0e0a-42a2-a3ac-b8b5998ced7f', '3b5b1ed2-fcaf-4429-8652-6a6176224c83', 'COMPLETED', '2024-05-14 02:00:00');
INSERT INTO car_bookings (id, car_id, renter_id, owner_id, status, start_date, end_date, total_days, price_per_day, base_price, service_fee, taxes, total, deposit, include_insurance, has_chauffeur, airport_delivery, wedding_package, business_package, created_at) VALUES ('86c3ab8b-6fc2-4290-bc23-67c0970507d9', 'CAR-007', 'B2C3D4E5-F6G7-8901-BCDE-234567890123', 'G7H8I9J0-K1L2-3456-GHIJ-789012345678', 'COMPLETED', '2023-12-05', '2023-12-09', 4, 1800000, 7200000, 720000.0, 576000.0, 8496000.0, 3600000, 0, 0, 0, 0, 0, '2023-11-28 00:00:00');
INSERT INTO car_booking_history (id, booking_id, status, changed_at) VALUES ('ede896a5-7803-4a4f-96f1-6a6be2df8d56', '86c3ab8b-6fc2-4290-bc23-67c0970507d9', 'PENDING', '2023-11-28 00:00:00');
INSERT INTO car_booking_history (id, booking_id, status, changed_at) VALUES ('97ca7eb9-bfa2-471d-ab44-798d2888e36f', '86c3ab8b-6fc2-4290-bc23-67c0970507d9', 'COMPLETED', '2023-11-28 02:00:00');
INSERT INTO car_bookings (id, car_id, renter_id, owner_id, status, start_date, end_date, total_days, price_per_day, base_price, service_fee, taxes, total, deposit, include_insurance, has_chauffeur, airport_delivery, wedding_package, business_package, created_at) VALUES ('f0f99555-4efe-4c31-b044-71316b52282f', 'CAR-007', 'C3D4E5F6-G7H8-9012-CDEF-345678901234', 'G7H8I9J0-K1L2-3456-GHIJ-789012345678', 'COMPLETED', '2023-04-08', '2023-04-18', 10, 1800000, 18000000, 1800000.0, 1440000.0, 21240000.0, 3600000, 0, 0, 0, 0, 0, '2023-03-31 00:00:00');
INSERT INTO car_booking_history (id, booking_id, status, changed_at) VALUES ('eaa8186d-f832-4c06-a7b1-9829d9273760', 'f0f99555-4efe-4c31-b044-71316b52282f', 'PENDING', '2023-03-31 00:00:00');
INSERT INTO car_booking_history (id, booking_id, status, changed_at) VALUES ('a9e75d42-43cf-4f3b-800d-8157cddb3f76', 'f0f99555-4efe-4c31-b044-71316b52282f', 'COMPLETED', '2023-03-31 02:00:00');
INSERT INTO car_bookings (id, car_id, renter_id, owner_id, status, start_date, end_date, total_days, price_per_day, base_price, service_fee, taxes, total, deposit, include_insurance, has_chauffeur, airport_delivery, wedding_package, business_package, created_at) VALUES ('36f6fa79-028c-47f8-ac16-a2145ea6ca58', 'CAR-001', 'D4E5F6G7-H8I9-0123-DEFG-456789012345', 'E5F6G7H8-I9J0-1234-EFGH-567890123456', 'COMPLETED', '2023-10-27', '2023-10-28', 1, 800000, 800000, 80000.0, 64000.0, 944000.0, 1600000, 0, 0, 0, 0, 0, '2023-10-23 00:00:00');
INSERT INTO car_booking_history (id, booking_id, status, changed_at) VALUES ('7817595f-4a6a-4f56-a3e2-de1cc1f1c949', '36f6fa79-028c-47f8-ac16-a2145ea6ca58', 'PENDING', '2023-10-23 00:00:00');
INSERT INTO car_booking_history (id, booking_id, status, changed_at) VALUES ('e1c35774-e64a-4795-b547-8980ceb0a2bc', '36f6fa79-028c-47f8-ac16-a2145ea6ca58', 'COMPLETED', '2023-10-23 02:00:00');
INSERT INTO car_bookings (id, car_id, renter_id, owner_id, status, start_date, end_date, total_days, price_per_day, base_price, service_fee, taxes, total, deposit, include_insurance, has_chauffeur, airport_delivery, wedding_package, business_package, created_at) VALUES ('3d12b684-9658-46fc-92cf-35643b58cacc', 'CAR-004', 'D4E5F6G7-H8I9-0123-DEFG-456789012345', 'F6G7H8I9-J0K1-2345-FGHI-678901234567', 'CANCELLED', '2023-01-21', '2023-01-26', 5, 2500000, 12500000, 1250000.0, 1000000.0, 14750000.0, 5000000, 0, 0, 0, 0, 0, '2023-01-17 00:00:00');
INSERT INTO car_booking_history (id, booking_id, status, changed_at) VALUES ('82aaf4c0-9c2e-408c-bf37-dd9dd83a78ce', '3d12b684-9658-46fc-92cf-35643b58cacc', 'PENDING', '2023-01-17 00:00:00');
INSERT INTO car_booking_history (id, booking_id, status, changed_at) VALUES ('ad6f0c41-dfa7-43f6-8be0-82af73bfb33d', '3d12b684-9658-46fc-92cf-35643b58cacc', 'CANCELLED', '2023-01-17 02:00:00');
INSERT INTO car_bookings (id, car_id, renter_id, owner_id, status, start_date, end_date, total_days, price_per_day, base_price, service_fee, taxes, total, deposit, include_insurance, has_chauffeur, airport_delivery, wedding_package, business_package, created_at) VALUES ('5ea0e61b-0d89-4fdb-bc92-220983a17a2e', 'CAR-003', 'D4E5F6G7-H8I9-0123-DEFG-456789012345', 'E5F6G7H8-I9J0-1234-EFGH-567890123456', 'COMPLETED', '2024-04-24', '2024-05-02', 8, 950000, 7600000, 760000.0, 608000.0, 8968000.0, 1900000, 0, 0, 0, 0, 0, '2024-04-23 00:00:00');
INSERT INTO car_booking_history (id, booking_id, status, changed_at) VALUES ('37485737-1531-43f8-934a-9d85a37b835b', '5ea0e61b-0d89-4fdb-bc92-220983a17a2e', 'PENDING', '2024-04-23 00:00:00');
INSERT INTO car_booking_history (id, booking_id, status, changed_at) VALUES ('971d490f-389c-41c6-81ed-845b8b42d5fd', '5ea0e61b-0d89-4fdb-bc92-220983a17a2e', 'COMPLETED', '2024-04-23 02:00:00');
INSERT INTO car_bookings (id, car_id, renter_id, owner_id, status, start_date, end_date, total_days, price_per_day, base_price, service_fee, taxes, total, deposit, include_insurance, has_chauffeur, airport_delivery, wedding_package, business_package, created_at) VALUES ('7f595558-368b-43f9-aebd-c0fb46f41acb', 'CAR-004', 'D4E5F6G7-H8I9-0123-DEFG-456789012345', 'F6G7H8I9-J0K1-2345-FGHI-678901234567', 'COMPLETED', '2023-12-23', '2023-12-25', 2, 2500000, 5000000, 500000.0, 400000.0, 5900000.0, 5000000, 0, 0, 0, 0, 0, '2023-12-09 00:00:00');
INSERT INTO car_booking_history (id, booking_id, status, changed_at) VALUES ('ca87b503-f0ca-4ab5-ba68-6a71c83a565c', '7f595558-368b-43f9-aebd-c0fb46f41acb', 'PENDING', '2023-12-09 00:00:00');
INSERT INTO car_booking_history (id, booking_id, status, changed_at) VALUES ('29ed8df3-8b29-4365-958f-84b354369411', '7f595558-368b-43f9-aebd-c0fb46f41acb', 'COMPLETED', '2023-12-09 02:00:00');
INSERT INTO car_bookings (id, car_id, renter_id, owner_id, status, start_date, end_date, total_days, price_per_day, base_price, service_fee, taxes, total, deposit, include_insurance, has_chauffeur, airport_delivery, wedding_package, business_package, created_at) VALUES ('6965a588-f15d-4f1a-a3e2-b3328c3d8bb5', 'CAR-001', 'D4E5F6G7-H8I9-0123-DEFG-456789012345', 'E5F6G7H8-I9J0-1234-EFGH-567890123456', 'COMPLETED', '2023-10-01', '2023-10-05', 4, 800000, 3200000, 320000.0, 256000.0, 3776000.0, 1600000, 0, 0, 0, 0, 0, '2023-09-18 00:00:00');
INSERT INTO car_booking_history (id, booking_id, status, changed_at) VALUES ('b57ea9ee-3260-499e-b321-ea70f9417bad', '6965a588-f15d-4f1a-a3e2-b3328c3d8bb5', 'PENDING', '2023-09-18 00:00:00');
INSERT INTO car_booking_history (id, booking_id, status, changed_at) VALUES ('9b479a41-dbae-4dd1-910d-64f29fac173b', '6965a588-f15d-4f1a-a3e2-b3328c3d8bb5', 'COMPLETED', '2023-09-18 02:00:00');
INSERT INTO car_bookings (id, car_id, renter_id, owner_id, status, start_date, end_date, total_days, price_per_day, base_price, service_fee, taxes, total, deposit, include_insurance, has_chauffeur, airport_delivery, wedding_package, business_package, created_at) VALUES ('5ba6d7ba-724f-42c8-919e-5176e3285323', 'CAR-004', 'B2C3D4E5-F6G7-8901-BCDE-234567890123', 'F6G7H8I9-J0K1-2345-FGHI-678901234567', 'COMPLETED', '2024-02-16', '2024-02-18', 2, 2500000, 5000000, 500000.0, 400000.0, 5900000.0, 5000000, 0, 0, 0, 0, 0, '2024-02-12 00:00:00');
INSERT INTO car_booking_history (id, booking_id, status, changed_at) VALUES ('9cb1f671-ea1b-4737-b976-ac3434064377', '5ba6d7ba-724f-42c8-919e-5176e3285323', 'PENDING', '2024-02-12 00:00:00');
INSERT INTO car_booking_history (id, booking_id, status, changed_at) VALUES ('5c308bc4-4a6d-4f7c-8ed3-4ee7c6604073', '5ba6d7ba-724f-42c8-919e-5176e3285323', 'COMPLETED', '2024-02-12 02:00:00');
INSERT INTO car_bookings (id, car_id, renter_id, owner_id, status, start_date, end_date, total_days, price_per_day, base_price, service_fee, taxes, total, deposit, include_insurance, has_chauffeur, airport_delivery, wedding_package, business_package, created_at) VALUES ('57babc15-6211-480c-b502-644fa0bdca3b', 'CAR-003', 'D4E5F6G7-H8I9-0123-DEFG-456789012345', 'E5F6G7H8-I9J0-1234-EFGH-567890123456', 'COMPLETED', '2023-01-31', '2023-02-07', 7, 950000, 6650000, 665000.0, 532000.0, 7847000.0, 1900000, 0, 0, 0, 0, 0, '2023-01-26 00:00:00');
INSERT INTO car_booking_history (id, booking_id, status, changed_at) VALUES ('5b898112-4d76-4337-9e53-2e16517f5f9f', '57babc15-6211-480c-b502-644fa0bdca3b', 'PENDING', '2023-01-26 00:00:00');
INSERT INTO car_booking_history (id, booking_id, status, changed_at) VALUES ('54babe77-73bc-409e-83ca-14753a1e2827', '57babc15-6211-480c-b502-644fa0bdca3b', 'COMPLETED', '2023-01-26 02:00:00');
INSERT INTO car_bookings (id, car_id, renter_id, owner_id, status, start_date, end_date, total_days, price_per_day, base_price, service_fee, taxes, total, deposit, include_insurance, has_chauffeur, airport_delivery, wedding_package, business_package, created_at) VALUES ('07fa66b6-147a-4541-935b-9f819cd9338b', 'CAR-002', 'B2C3D4E5-F6G7-8901-BCDE-234567890123', 'E5F6G7H8-I9J0-1234-EFGH-567890123456', 'COMPLETED', '2023-02-04', '2023-02-05', 1, 750000, 750000, 75000.0, 60000.0, 885000.0, 1500000, 0, 0, 0, 0, 0, '2023-01-25 00:00:00');
INSERT INTO car_booking_history (id, booking_id, status, changed_at) VALUES ('989fc715-e835-4c3f-a83d-8b44d690c9dd', '07fa66b6-147a-4541-935b-9f819cd9338b', 'PENDING', '2023-01-25 00:00:00');
INSERT INTO car_booking_history (id, booking_id, status, changed_at) VALUES ('e735ae94-ad65-4d4a-af36-c4b013fd9537', '07fa66b6-147a-4541-935b-9f819cd9338b', 'COMPLETED', '2023-01-25 02:00:00');
INSERT INTO car_bookings (id, car_id, renter_id, owner_id, status, start_date, end_date, total_days, price_per_day, base_price, service_fee, taxes, total, deposit, include_insurance, has_chauffeur, airport_delivery, wedding_package, business_package, created_at) VALUES ('1e720414-13e4-433e-9914-3e9c78f79522', 'CAR-004', 'C3D4E5F6-G7H8-9012-CDEF-345678901234', 'F6G7H8I9-J0K1-2345-FGHI-678901234567', 'COMPLETED', '2023-04-20', '2023-04-24', 4, 2500000, 10000000, 1000000.0, 800000.0, 11800000.0, 5000000, 0, 0, 0, 0, 0, '2023-04-17 00:00:00');
INSERT INTO car_booking_history (id, booking_id, status, changed_at) VALUES ('0f254e79-3040-41be-8da3-6de8a2fd3f3e', '1e720414-13e4-433e-9914-3e9c78f79522', 'PENDING', '2023-04-17 00:00:00');
INSERT INTO car_booking_history (id, booking_id, status, changed_at) VALUES ('ad3c61ea-c154-432c-908c-54f8e1cd2d46', '1e720414-13e4-433e-9914-3e9c78f79522', 'COMPLETED', '2023-04-17 02:00:00');
INSERT INTO car_bookings (id, car_id, renter_id, owner_id, status, start_date, end_date, total_days, price_per_day, base_price, service_fee, taxes, total, deposit, include_insurance, has_chauffeur, airport_delivery, wedding_package, business_package, created_at) VALUES ('b62486e9-3eba-486e-86ef-7c9d73f7e18f', 'CAR-003', 'D4E5F6G7-H8I9-0123-DEFG-456789012345', 'E5F6G7H8-I9J0-1234-EFGH-567890123456', 'COMPLETED', '2023-04-06', '2023-04-09', 3, 950000, 2850000, 285000.0, 228000.0, 3363000.0, 1900000, 0, 0, 0, 0, 0, '2023-03-27 00:00:00');
INSERT INTO car_booking_history (id, booking_id, status, changed_at) VALUES ('44a0fad1-911f-42ad-bfc9-65187d1e454c', 'b62486e9-3eba-486e-86ef-7c9d73f7e18f', 'PENDING', '2023-03-27 00:00:00');
INSERT INTO car_booking_history (id, booking_id, status, changed_at) VALUES ('c4835578-9937-44eb-bde2-e8f63ba885de', 'b62486e9-3eba-486e-86ef-7c9d73f7e18f', 'COMPLETED', '2023-03-27 02:00:00');
INSERT INTO car_bookings (id, car_id, renter_id, owner_id, status, start_date, end_date, total_days, price_per_day, base_price, service_fee, taxes, total, deposit, include_insurance, has_chauffeur, airport_delivery, wedding_package, business_package, created_at) VALUES ('efa8ec09-7622-45f4-bdf9-ad51d9c81429', 'CAR-004', 'B2C3D4E5-F6G7-8901-BCDE-234567890123', 'F6G7H8I9-J0K1-2345-FGHI-678901234567', 'COMPLETED', '2023-02-18', '2023-02-24', 6, 2500000, 15000000, 1500000.0, 1200000.0, 17700000.0, 5000000, 0, 0, 0, 0, 0, '2023-02-17 00:00:00');
INSERT INTO car_booking_history (id, booking_id, status, changed_at) VALUES ('5545dee0-6096-4175-bbc6-c521f50f7fb5', 'efa8ec09-7622-45f4-bdf9-ad51d9c81429', 'PENDING', '2023-02-17 00:00:00');
INSERT INTO car_booking_history (id, booking_id, status, changed_at) VALUES ('1ea01e08-09bc-4a35-bcf5-b11571cfc881', 'efa8ec09-7622-45f4-bdf9-ad51d9c81429', 'COMPLETED', '2023-02-17 02:00:00');
INSERT INTO car_bookings (id, car_id, renter_id, owner_id, status, start_date, end_date, total_days, price_per_day, base_price, service_fee, taxes, total, deposit, include_insurance, has_chauffeur, airport_delivery, wedding_package, business_package, created_at) VALUES ('736ae2a2-768c-4e2e-91a1-aa504a13c7f9', 'CAR-007', 'B2C3D4E5-F6G7-8901-BCDE-234567890123', 'G7H8I9J0-K1L2-3456-GHIJ-789012345678', 'COMPLETED', '2023-03-08', '2023-03-09', 1, 1800000, 1800000, 180000.0, 144000.0, 2124000.0, 3600000, 0, 0, 0, 0, 0, '2023-03-07 00:00:00');
INSERT INTO car_booking_history (id, booking_id, status, changed_at) VALUES ('e3a04320-bf8b-4798-8c51-e98885aea789', '736ae2a2-768c-4e2e-91a1-aa504a13c7f9', 'PENDING', '2023-03-07 00:00:00');
INSERT INTO car_booking_history (id, booking_id, status, changed_at) VALUES ('3451b3ee-5bbc-449a-835c-c9047cae5eaf', '736ae2a2-768c-4e2e-91a1-aa504a13c7f9', 'COMPLETED', '2023-03-07 02:00:00');
INSERT INTO car_bookings (id, car_id, renter_id, owner_id, status, start_date, end_date, total_days, price_per_day, base_price, service_fee, taxes, total, deposit, include_insurance, has_chauffeur, airport_delivery, wedding_package, business_package, created_at) VALUES ('814779bf-0b29-4255-8d3e-8dcadc4492f1', 'CAR-003', 'B2C3D4E5-F6G7-8901-BCDE-234567890123', 'E5F6G7H8-I9J0-1234-EFGH-567890123456', 'CANCELLED', '2024-05-02', '2024-05-12', 10, 950000, 9500000, 950000.0, 760000.0, 11210000.0, 1900000, 0, 0, 0, 0, 0, '2024-04-20 00:00:00');
INSERT INTO car_booking_history (id, booking_id, status, changed_at) VALUES ('65803959-346a-413b-bf4b-7592aef6a306', '814779bf-0b29-4255-8d3e-8dcadc4492f1', 'PENDING', '2024-04-20 00:00:00');
INSERT INTO car_booking_history (id, booking_id, status, changed_at) VALUES ('3e188787-1dd3-4505-85c5-209aa0f2f225', '814779bf-0b29-4255-8d3e-8dcadc4492f1', 'CANCELLED', '2024-04-20 02:00:00');
INSERT INTO car_bookings (id, car_id, renter_id, owner_id, status, start_date, end_date, total_days, price_per_day, base_price, service_fee, taxes, total, deposit, include_insurance, has_chauffeur, airport_delivery, wedding_package, business_package, created_at) VALUES ('af039ea8-119a-47a0-8858-9b72dbcf7eca', 'CAR-004', 'B2C3D4E5-F6G7-8901-BCDE-234567890123', 'F6G7H8I9-J0K1-2345-FGHI-678901234567', 'COMPLETED', '2024-05-08', '2024-05-11', 3, 2500000, 7500000, 750000.0, 600000.0, 8850000.0, 5000000, 0, 0, 0, 0, 0, '2024-05-01 00:00:00');
INSERT INTO car_booking_history (id, booking_id, status, changed_at) VALUES ('3d82b552-2f28-4e34-af27-dac65c717493', 'af039ea8-119a-47a0-8858-9b72dbcf7eca', 'PENDING', '2024-05-01 00:00:00');
INSERT INTO car_booking_history (id, booking_id, status, changed_at) VALUES ('fa5bfb37-21f1-43b4-937d-a93ca50588b3', 'af039ea8-119a-47a0-8858-9b72dbcf7eca', 'COMPLETED', '2024-05-01 02:00:00');
INSERT INTO car_bookings (id, car_id, renter_id, owner_id, status, start_date, end_date, total_days, price_per_day, base_price, service_fee, taxes, total, deposit, include_insurance, has_chauffeur, airport_delivery, wedding_package, business_package, created_at) VALUES ('0a73cab0-edb0-4948-bee0-afdc780ece01', 'CAR-003', 'C3D4E5F6-G7H8-9012-CDEF-345678901234', 'E5F6G7H8-I9J0-1234-EFGH-567890123456', 'COMPLETED', '2024-01-21', '2024-01-22', 1, 950000, 950000, 95000.0, 76000.0, 1121000.0, 1900000, 0, 0, 0, 0, 0, '2024-01-08 00:00:00');
INSERT INTO car_booking_history (id, booking_id, status, changed_at) VALUES ('d056e1ea-1062-48b3-a20f-abda1f0636bf', '0a73cab0-edb0-4948-bee0-afdc780ece01', 'PENDING', '2024-01-08 00:00:00');
INSERT INTO car_booking_history (id, booking_id, status, changed_at) VALUES ('75aea793-8c20-4dee-9cee-9cdf41f7df2d', '0a73cab0-edb0-4948-bee0-afdc780ece01', 'COMPLETED', '2024-01-08 02:00:00');
INSERT INTO car_bookings (id, car_id, renter_id, owner_id, status, start_date, end_date, total_days, price_per_day, base_price, service_fee, taxes, total, deposit, include_insurance, has_chauffeur, airport_delivery, wedding_package, business_package, created_at) VALUES ('545e9806-2c90-4456-b133-c371f4d78d61', 'CAR-002', 'C3D4E5F6-G7H8-9012-CDEF-345678901234', 'E5F6G7H8-I9J0-1234-EFGH-567890123456', 'CANCELLED', '2023-05-20', '2023-05-21', 1, 750000, 750000, 75000.0, 60000.0, 885000.0, 1500000, 0, 0, 0, 0, 0, '2023-05-10 00:00:00');
INSERT INTO car_booking_history (id, booking_id, status, changed_at) VALUES ('57e71088-01e8-47c4-8b1a-8e1598dcda61', '545e9806-2c90-4456-b133-c371f4d78d61', 'PENDING', '2023-05-10 00:00:00');
INSERT INTO car_booking_history (id, booking_id, status, changed_at) VALUES ('07cf35cd-75bf-483a-ab1b-dbc6c3ca6919', '545e9806-2c90-4456-b133-c371f4d78d61', 'CANCELLED', '2023-05-10 02:00:00');
INSERT INTO car_bookings (id, car_id, renter_id, owner_id, status, start_date, end_date, total_days, price_per_day, base_price, service_fee, taxes, total, deposit, include_insurance, has_chauffeur, airport_delivery, wedding_package, business_package, created_at) VALUES ('20d2d083-0b5c-4aac-a1e2-cd85b9af59d6', 'CAR-001', 'B2C3D4E5-F6G7-8901-BCDE-234567890123', 'E5F6G7H8-I9J0-1234-EFGH-567890123456', 'CANCELLED', '2024-05-28', '2024-06-05', 8, 800000, 6400000, 640000.0, 512000.0, 7552000.0, 1600000, 0, 0, 0, 0, 0, '2024-05-18 00:00:00');
INSERT INTO car_booking_history (id, booking_id, status, changed_at) VALUES ('ba03ea82-70de-486d-bb7a-6a46744199c2', '20d2d083-0b5c-4aac-a1e2-cd85b9af59d6', 'PENDING', '2024-05-18 00:00:00');
INSERT INTO car_booking_history (id, booking_id, status, changed_at) VALUES ('bd238ba1-5c43-499c-a329-f5b0b434f343', '20d2d083-0b5c-4aac-a1e2-cd85b9af59d6', 'CANCELLED', '2024-05-18 02:00:00');
INSERT INTO car_bookings (id, car_id, renter_id, owner_id, status, start_date, end_date, total_days, price_per_day, base_price, service_fee, taxes, total, deposit, include_insurance, has_chauffeur, airport_delivery, wedding_package, business_package, created_at) VALUES ('7e0944e9-d843-4650-a327-8eda6d3d5fe5', 'CAR-001', 'C3D4E5F6-G7H8-9012-CDEF-345678901234', 'E5F6G7H8-I9J0-1234-EFGH-567890123456', 'COMPLETED', '2024-04-01', '2024-04-03', 2, 800000, 1600000, 160000.0, 128000.0, 1888000.0, 1600000, 0, 0, 0, 0, 0, '2024-03-24 00:00:00');
INSERT INTO car_booking_history (id, booking_id, status, changed_at) VALUES ('5631306b-b472-4df9-b795-cecbaca5b315', '7e0944e9-d843-4650-a327-8eda6d3d5fe5', 'PENDING', '2024-03-24 00:00:00');
INSERT INTO car_booking_history (id, booking_id, status, changed_at) VALUES ('8a0d0041-f5a8-4dc8-ab40-cd706942c34f', '7e0944e9-d843-4650-a327-8eda6d3d5fe5', 'COMPLETED', '2024-03-24 02:00:00');
INSERT INTO car_bookings (id, car_id, renter_id, owner_id, status, start_date, end_date, total_days, price_per_day, base_price, service_fee, taxes, total, deposit, include_insurance, has_chauffeur, airport_delivery, wedding_package, business_package, created_at) VALUES ('ae9d577f-946c-44b7-9b65-ed39e52ee4d7', 'CAR-002', 'C3D4E5F6-G7H8-9012-CDEF-345678901234', 'E5F6G7H8-I9J0-1234-EFGH-567890123456', 'COMPLETED', '2024-02-12', '2024-02-19', 7, 750000, 5250000, 525000.0, 420000.0, 6195000.0, 1500000, 0, 0, 0, 0, 0, '2024-02-06 00:00:00');
INSERT INTO car_booking_history (id, booking_id, status, changed_at) VALUES ('9b472405-8a83-4052-b564-b0f52447c4d1', 'ae9d577f-946c-44b7-9b65-ed39e52ee4d7', 'PENDING', '2024-02-06 00:00:00');
INSERT INTO car_booking_history (id, booking_id, status, changed_at) VALUES ('a005ad5a-e5a7-4e64-9a6b-c9896422fea5', 'ae9d577f-946c-44b7-9b65-ed39e52ee4d7', 'COMPLETED', '2024-02-06 02:00:00');
INSERT INTO car_bookings (id, car_id, renter_id, owner_id, status, start_date, end_date, total_days, price_per_day, base_price, service_fee, taxes, total, deposit, include_insurance, has_chauffeur, airport_delivery, wedding_package, business_package, created_at) VALUES ('df7fdd58-2e21-4adf-83df-ed9221815aab', 'CAR-004', 'C3D4E5F6-G7H8-9012-CDEF-345678901234', 'F6G7H8I9-J0K1-2345-FGHI-678901234567', 'COMPLETED', '2023-03-04', '2023-03-09', 5, 2500000, 12500000, 1250000.0, 1000000.0, 14750000.0, 5000000, 0, 0, 0, 0, 0, '2023-03-02 00:00:00');
INSERT INTO car_booking_history (id, booking_id, status, changed_at) VALUES ('5ce4b076-6425-4ba7-9f17-87c1de8a16ec', 'df7fdd58-2e21-4adf-83df-ed9221815aab', 'PENDING', '2023-03-02 00:00:00');
INSERT INTO car_booking_history (id, booking_id, status, changed_at) VALUES ('75759cad-9c5f-42a2-8c28-3ba2d532cbc3', 'df7fdd58-2e21-4adf-83df-ed9221815aab', 'COMPLETED', '2023-03-02 02:00:00');
INSERT INTO car_bookings (id, car_id, renter_id, owner_id, status, start_date, end_date, total_days, price_per_day, base_price, service_fee, taxes, total, deposit, include_insurance, has_chauffeur, airport_delivery, wedding_package, business_package, created_at) VALUES ('e266abf3-7dd5-48c8-835e-7d2d37ce5d38', 'CAR-004', 'B2C3D4E5-F6G7-8901-BCDE-234567890123', 'F6G7H8I9-J0K1-2345-FGHI-678901234567', 'CANCELLED', '2023-07-28', '2023-08-07', 10, 2500000, 25000000, 2500000.0, 2000000.0, 29500000.0, 5000000, 0, 0, 0, 0, 0, '2023-07-16 00:00:00');
INSERT INTO car_booking_history (id, booking_id, status, changed_at) VALUES ('971147af-549a-4535-b49e-0c4abed7039b', 'e266abf3-7dd5-48c8-835e-7d2d37ce5d38', 'PENDING', '2023-07-16 00:00:00');
INSERT INTO car_booking_history (id, booking_id, status, changed_at) VALUES ('938c96f2-b8cb-4296-9d55-d0b22ea995f3', 'e266abf3-7dd5-48c8-835e-7d2d37ce5d38', 'CANCELLED', '2023-07-16 02:00:00');
INSERT INTO car_bookings (id, car_id, renter_id, owner_id, status, start_date, end_date, total_days, price_per_day, base_price, service_fee, taxes, total, deposit, include_insurance, has_chauffeur, airport_delivery, wedding_package, business_package, created_at) VALUES ('10dab22f-63a8-47be-b80a-9e749f3111be', 'CAR-004', 'B2C3D4E5-F6G7-8901-BCDE-234567890123', 'F6G7H8I9-J0K1-2345-FGHI-678901234567', 'COMPLETED', '2024-03-15', '2024-03-19', 4, 2500000, 10000000, 1000000.0, 800000.0, 11800000.0, 5000000, 0, 0, 0, 0, 0, '2024-03-02 00:00:00');
INSERT INTO car_booking_history (id, booking_id, status, changed_at) VALUES ('823b15cb-52e9-40c5-9db7-01ce1479d9af', '10dab22f-63a8-47be-b80a-9e749f3111be', 'PENDING', '2024-03-02 00:00:00');
INSERT INTO car_booking_history (id, booking_id, status, changed_at) VALUES ('8dff9d82-bf4f-4bed-92ef-017c549f7ced', '10dab22f-63a8-47be-b80a-9e749f3111be', 'COMPLETED', '2024-03-02 02:00:00');
INSERT INTO car_bookings (id, car_id, renter_id, owner_id, status, start_date, end_date, total_days, price_per_day, base_price, service_fee, taxes, total, deposit, include_insurance, has_chauffeur, airport_delivery, wedding_package, business_package, created_at) VALUES ('f10e050f-8723-4f04-b2a2-40bdba051006', 'CAR-007', 'C3D4E5F6-G7H8-9012-CDEF-345678901234', 'G7H8I9J0-K1L2-3456-GHIJ-789012345678', 'COMPLETED', '2024-05-30', '2024-06-07', 8, 1800000, 14400000, 1440000.0, 1152000.0, 16992000.0, 3600000, 0, 0, 0, 0, 0, '2024-05-24 00:00:00');
INSERT INTO car_booking_history (id, booking_id, status, changed_at) VALUES ('938302f4-3044-4ed3-b457-f5087ee09072', 'f10e050f-8723-4f04-b2a2-40bdba051006', 'PENDING', '2024-05-24 00:00:00');
INSERT INTO car_booking_history (id, booking_id, status, changed_at) VALUES ('b4e4296e-dba2-476d-a3f7-3f3d926ad815', 'f10e050f-8723-4f04-b2a2-40bdba051006', 'COMPLETED', '2024-05-24 02:00:00');
INSERT INTO car_bookings (id, car_id, renter_id, owner_id, status, start_date, end_date, total_days, price_per_day, base_price, service_fee, taxes, total, deposit, include_insurance, has_chauffeur, airport_delivery, wedding_package, business_package, created_at) VALUES ('0c7866b5-9b4a-4ee4-b24c-ca1705f1a9d8', 'CAR-002', 'B2C3D4E5-F6G7-8901-BCDE-234567890123', 'E5F6G7H8-I9J0-1234-EFGH-567890123456', 'COMPLETED', '2023-04-15', '2023-04-23', 8, 750000, 6000000, 600000.0, 480000.0, 7080000.0, 1500000, 0, 0, 0, 0, 0, '2023-04-11 00:00:00');
INSERT INTO car_booking_history (id, booking_id, status, changed_at) VALUES ('1428cf00-b764-410b-9469-83d029e8daf5', '0c7866b5-9b4a-4ee4-b24c-ca1705f1a9d8', 'PENDING', '2023-04-11 00:00:00');
INSERT INTO car_booking_history (id, booking_id, status, changed_at) VALUES ('ee3641b5-c756-4402-aa73-baf48b02c6ad', '0c7866b5-9b4a-4ee4-b24c-ca1705f1a9d8', 'COMPLETED', '2023-04-11 02:00:00');
INSERT INTO car_bookings (id, car_id, renter_id, owner_id, status, start_date, end_date, total_days, price_per_day, base_price, service_fee, taxes, total, deposit, include_insurance, has_chauffeur, airport_delivery, wedding_package, business_package, created_at) VALUES ('5b617241-d2d1-459b-8aa3-4d5cefbfa4f4', 'CAR-007', 'D4E5F6G7-H8I9-0123-DEFG-456789012345', 'G7H8I9J0-K1L2-3456-GHIJ-789012345678', 'COMPLETED', '2023-01-14', '2023-01-24', 10, 1800000, 18000000, 1800000.0, 1440000.0, 21240000.0, 3600000, 0, 0, 0, 0, 0, '2023-01-08 00:00:00');
INSERT INTO car_booking_history (id, booking_id, status, changed_at) VALUES ('99b14fc1-2926-415c-86a6-a423fdbdca05', '5b617241-d2d1-459b-8aa3-4d5cefbfa4f4', 'PENDING', '2023-01-08 00:00:00');
INSERT INTO car_booking_history (id, booking_id, status, changed_at) VALUES ('87085733-b90d-4008-8e38-0ae2fd7beaa7', '5b617241-d2d1-459b-8aa3-4d5cefbfa4f4', 'COMPLETED', '2023-01-08 02:00:00');
INSERT INTO car_bookings (id, car_id, renter_id, owner_id, status, start_date, end_date, total_days, price_per_day, base_price, service_fee, taxes, total, deposit, include_insurance, has_chauffeur, airport_delivery, wedding_package, business_package, created_at) VALUES ('d655bad5-f92a-4c4f-9ae7-3b8eba2c7e1d', 'CAR-002', 'D4E5F6G7-H8I9-0123-DEFG-456789012345', 'E5F6G7H8-I9J0-1234-EFGH-567890123456', 'COMPLETED', '2024-01-29', '2024-02-08', 10, 750000, 7500000, 750000.0, 600000.0, 8850000.0, 1500000, 0, 0, 0, 0, 0, '2024-01-23 00:00:00');
INSERT INTO car_booking_history (id, booking_id, status, changed_at) VALUES ('83e226a4-bf66-4aee-98cb-1e39097155a6', 'd655bad5-f92a-4c4f-9ae7-3b8eba2c7e1d', 'PENDING', '2024-01-23 00:00:00');
INSERT INTO car_booking_history (id, booking_id, status, changed_at) VALUES ('15f41813-0601-41dd-b17b-ef41ee862226', 'd655bad5-f92a-4c4f-9ae7-3b8eba2c7e1d', 'COMPLETED', '2024-01-23 02:00:00');
INSERT INTO car_bookings (id, car_id, renter_id, owner_id, status, start_date, end_date, total_days, price_per_day, base_price, service_fee, taxes, total, deposit, include_insurance, has_chauffeur, airport_delivery, wedding_package, business_package, created_at) VALUES ('305e08ee-88bc-4f68-ae64-401f7755812a', 'CAR-007', 'C3D4E5F6-G7H8-9012-CDEF-345678901234', 'G7H8I9J0-K1L2-3456-GHIJ-789012345678', 'COMPLETED', '2024-02-29', '2024-03-08', 8, 1800000, 14400000, 1440000.0, 1152000.0, 16992000.0, 3600000, 0, 0, 0, 0, 0, '2024-02-19 00:00:00');
INSERT INTO car_booking_history (id, booking_id, status, changed_at) VALUES ('da83d2f7-ec1b-44bb-88cd-5dbcc35ae2bc', '305e08ee-88bc-4f68-ae64-401f7755812a', 'PENDING', '2024-02-19 00:00:00');
INSERT INTO car_booking_history (id, booking_id, status, changed_at) VALUES ('5cc47f8b-dd3c-4dd9-b261-423315c17dee', '305e08ee-88bc-4f68-ae64-401f7755812a', 'COMPLETED', '2024-02-19 02:00:00');
INSERT INTO car_bookings (id, car_id, renter_id, owner_id, status, start_date, end_date, total_days, price_per_day, base_price, service_fee, taxes, total, deposit, include_insurance, has_chauffeur, airport_delivery, wedding_package, business_package, created_at) VALUES ('834c5253-9373-4fc8-b792-26c8921c3529', 'CAR-002', 'D4E5F6G7-H8I9-0123-DEFG-456789012345', 'E5F6G7H8-I9J0-1234-EFGH-567890123456', 'COMPLETED', '2024-02-19', '2024-02-29', 10, 750000, 7500000, 750000.0, 600000.0, 8850000.0, 1500000, 0, 0, 0, 0, 0, '2024-02-07 00:00:00');
INSERT INTO car_booking_history (id, booking_id, status, changed_at) VALUES ('240456ec-5644-4601-a0f7-16acdc35c9d1', '834c5253-9373-4fc8-b792-26c8921c3529', 'PENDING', '2024-02-07 00:00:00');
INSERT INTO car_booking_history (id, booking_id, status, changed_at) VALUES ('c42ed1b3-4c52-4edf-8214-9959909c4574', '834c5253-9373-4fc8-b792-26c8921c3529', 'COMPLETED', '2024-02-07 02:00:00');
INSERT INTO car_bookings (id, car_id, renter_id, owner_id, status, start_date, end_date, total_days, price_per_day, base_price, service_fee, taxes, total, deposit, include_insurance, has_chauffeur, airport_delivery, wedding_package, business_package, created_at) VALUES ('9e752100-24f0-4118-aaad-c934e787dce7', 'CAR-003', 'B2C3D4E5-F6G7-8901-BCDE-234567890123', 'E5F6G7H8-I9J0-1234-EFGH-567890123456', 'COMPLETED', '2023-10-04', '2023-10-05', 1, 950000, 950000, 95000.0, 76000.0, 1121000.0, 1900000, 0, 0, 0, 0, 0, '2023-09-30 00:00:00');
INSERT INTO car_booking_history (id, booking_id, status, changed_at) VALUES ('f67e874d-ddc4-4c61-917d-a0ae0da01831', '9e752100-24f0-4118-aaad-c934e787dce7', 'PENDING', '2023-09-30 00:00:00');
INSERT INTO car_booking_history (id, booking_id, status, changed_at) VALUES ('41e1fd83-e47b-46f2-93b8-f375c1a23066', '9e752100-24f0-4118-aaad-c934e787dce7', 'COMPLETED', '2023-09-30 02:00:00');
INSERT INTO car_bookings (id, car_id, renter_id, owner_id, status, start_date, end_date, total_days, price_per_day, base_price, service_fee, taxes, total, deposit, include_insurance, has_chauffeur, airport_delivery, wedding_package, business_package, created_at) VALUES ('73850f1d-441e-48a9-a1dc-141515d47404', 'CAR-004', 'D4E5F6G7-H8I9-0123-DEFG-456789012345', 'F6G7H8I9-J0K1-2345-FGHI-678901234567', 'COMPLETED', '2023-02-16', '2023-02-17', 1, 2500000, 2500000, 250000.0, 200000.0, 2950000.0, 5000000, 0, 0, 0, 0, 0, '2023-02-15 00:00:00');
INSERT INTO car_booking_history (id, booking_id, status, changed_at) VALUES ('0916ff48-cfb8-4bf6-96c3-bc9295602aeb', '73850f1d-441e-48a9-a1dc-141515d47404', 'PENDING', '2023-02-15 00:00:00');
INSERT INTO car_booking_history (id, booking_id, status, changed_at) VALUES ('d253d2e7-279b-4f54-8a7c-16bf700b6025', '73850f1d-441e-48a9-a1dc-141515d47404', 'COMPLETED', '2023-02-15 02:00:00');
INSERT INTO car_bookings (id, car_id, renter_id, owner_id, status, start_date, end_date, total_days, price_per_day, base_price, service_fee, taxes, total, deposit, include_insurance, has_chauffeur, airport_delivery, wedding_package, business_package, created_at) VALUES ('542316f9-9e66-481e-85d5-fa344b1f8474', 'CAR-002', 'B2C3D4E5-F6G7-8901-BCDE-234567890123', 'E5F6G7H8-I9J0-1234-EFGH-567890123456', 'COMPLETED', '2024-05-04', '2024-05-08', 4, 750000, 3000000, 300000.0, 240000.0, 3540000.0, 1500000, 0, 0, 0, 0, 0, '2024-04-27 00:00:00');
INSERT INTO car_booking_history (id, booking_id, status, changed_at) VALUES ('9e1b5db8-2e98-472e-95d1-86528bc6cad2', '542316f9-9e66-481e-85d5-fa344b1f8474', 'PENDING', '2024-04-27 00:00:00');
INSERT INTO car_booking_history (id, booking_id, status, changed_at) VALUES ('9b959110-2492-4b6b-a17a-e78ad0a8f569', '542316f9-9e66-481e-85d5-fa344b1f8474', 'COMPLETED', '2024-04-27 02:00:00');
INSERT INTO car_bookings (id, car_id, renter_id, owner_id, status, start_date, end_date, total_days, price_per_day, base_price, service_fee, taxes, total, deposit, include_insurance, has_chauffeur, airport_delivery, wedding_package, business_package, created_at) VALUES ('9cafef9f-48e0-4917-b5fe-ad6450ead69b', 'CAR-002', 'C3D4E5F6-G7H8-9012-CDEF-345678901234', 'E5F6G7H8-I9J0-1234-EFGH-567890123456', 'CANCELLED', '2024-04-27', '2024-05-05', 8, 750000, 6000000, 600000.0, 480000.0, 7080000.0, 1500000, 0, 0, 0, 0, 0, '2024-04-17 00:00:00');
INSERT INTO car_booking_history (id, booking_id, status, changed_at) VALUES ('cf87f4c7-133e-480c-8c8b-5a832f079315', '9cafef9f-48e0-4917-b5fe-ad6450ead69b', 'PENDING', '2024-04-17 00:00:00');
INSERT INTO car_booking_history (id, booking_id, status, changed_at) VALUES ('db208475-8332-4755-983f-ea74b81646d8', '9cafef9f-48e0-4917-b5fe-ad6450ead69b', 'CANCELLED', '2024-04-17 02:00:00');
INSERT INTO car_bookings (id, car_id, renter_id, owner_id, status, start_date, end_date, total_days, price_per_day, base_price, service_fee, taxes, total, deposit, include_insurance, has_chauffeur, airport_delivery, wedding_package, business_package, created_at) VALUES ('49e50bb3-4f9b-4fb3-befb-6cf8ce00162d', 'CAR-004', 'C3D4E5F6-G7H8-9012-CDEF-345678901234', 'F6G7H8I9-J0K1-2345-FGHI-678901234567', 'COMPLETED', '2023-08-23', '2023-09-01', 9, 2500000, 22500000, 2250000.0, 1800000.0, 26550000.0, 5000000, 0, 0, 0, 0, 0, '2023-08-12 00:00:00');
INSERT INTO car_booking_history (id, booking_id, status, changed_at) VALUES ('ebf32c65-1dd4-4f0a-bf94-f4a1426bfb59', '49e50bb3-4f9b-4fb3-befb-6cf8ce00162d', 'PENDING', '2023-08-12 00:00:00');
INSERT INTO car_booking_history (id, booking_id, status, changed_at) VALUES ('94713f11-f51f-47ca-8c1e-738260101fbe', '49e50bb3-4f9b-4fb3-befb-6cf8ce00162d', 'COMPLETED', '2023-08-12 02:00:00');
INSERT INTO car_bookings (id, car_id, renter_id, owner_id, status, start_date, end_date, total_days, price_per_day, base_price, service_fee, taxes, total, deposit, include_insurance, has_chauffeur, airport_delivery, wedding_package, business_package, created_at) VALUES ('90a05387-bc07-4c66-b1a8-66a0749e83c1', 'CAR-004', 'B2C3D4E5-F6G7-8901-BCDE-234567890123', 'F6G7H8I9-J0K1-2345-FGHI-678901234567', 'COMPLETED', '2023-02-06', '2023-02-14', 8, 2500000, 20000000, 2000000.0, 1600000.0, 23600000.0, 5000000, 0, 0, 0, 0, 0, '2023-02-01 00:00:00');
INSERT INTO car_booking_history (id, booking_id, status, changed_at) VALUES ('f4c72438-7723-4a0a-938d-9511a1413599', '90a05387-bc07-4c66-b1a8-66a0749e83c1', 'PENDING', '2023-02-01 00:00:00');
INSERT INTO car_booking_history (id, booking_id, status, changed_at) VALUES ('b44624d3-ba80-42b3-94ac-eef9ed76cdd7', '90a05387-bc07-4c66-b1a8-66a0749e83c1', 'COMPLETED', '2023-02-01 02:00:00');
INSERT INTO car_bookings (id, car_id, renter_id, owner_id, status, start_date, end_date, total_days, price_per_day, base_price, service_fee, taxes, total, deposit, include_insurance, has_chauffeur, airport_delivery, wedding_package, business_package, created_at) VALUES ('779b21b6-d55b-4e5f-86a4-a7c3ee028e67', 'CAR-007', 'B2C3D4E5-F6G7-8901-BCDE-234567890123', 'G7H8I9J0-K1L2-3456-GHIJ-789012345678', 'COMPLETED', '2023-06-26', '2023-06-27', 1, 1800000, 1800000, 180000.0, 144000.0, 2124000.0, 3600000, 0, 0, 0, 0, 0, '2023-06-22 00:00:00');
INSERT INTO car_booking_history (id, booking_id, status, changed_at) VALUES ('fd4b7d16-ea3e-4c8a-a3c4-2ff06cd0f209', '779b21b6-d55b-4e5f-86a4-a7c3ee028e67', 'PENDING', '2023-06-22 00:00:00');
INSERT INTO car_booking_history (id, booking_id, status, changed_at) VALUES ('7c5dd274-e007-46f1-bb7b-59c5f2241825', '779b21b6-d55b-4e5f-86a4-a7c3ee028e67', 'COMPLETED', '2023-06-22 02:00:00');
INSERT INTO car_bookings (id, car_id, renter_id, owner_id, status, start_date, end_date, total_days, price_per_day, base_price, service_fee, taxes, total, deposit, include_insurance, has_chauffeur, airport_delivery, wedding_package, business_package, created_at) VALUES ('eef483e1-bd7b-4546-ac33-d5930e8698bc', 'CAR-002', 'C3D4E5F6-G7H8-9012-CDEF-345678901234', 'E5F6G7H8-I9J0-1234-EFGH-567890123456', 'COMPLETED', '2023-07-09', '2023-07-17', 8, 750000, 6000000, 600000.0, 480000.0, 7080000.0, 1500000, 0, 0, 0, 0, 0, '2023-06-25 00:00:00');
INSERT INTO car_booking_history (id, booking_id, status, changed_at) VALUES ('309b3922-3968-4bb1-891f-a0968fae23dc', 'eef483e1-bd7b-4546-ac33-d5930e8698bc', 'PENDING', '2023-06-25 00:00:00');
INSERT INTO car_booking_history (id, booking_id, status, changed_at) VALUES ('c15bee2d-c833-48c7-a7b5-40d5328911fb', 'eef483e1-bd7b-4546-ac33-d5930e8698bc', 'COMPLETED', '2023-06-25 02:00:00');
INSERT INTO car_bookings (id, car_id, renter_id, owner_id, status, start_date, end_date, total_days, price_per_day, base_price, service_fee, taxes, total, deposit, include_insurance, has_chauffeur, airport_delivery, wedding_package, business_package, created_at) VALUES ('7dd47da0-fa82-4c00-935d-6bea50b199c0', 'CAR-004', 'C3D4E5F6-G7H8-9012-CDEF-345678901234', 'F6G7H8I9-J0K1-2345-FGHI-678901234567', 'COMPLETED', '2024-04-18', '2024-04-25', 7, 2500000, 17500000, 1750000.0, 1400000.0, 20650000.0, 5000000, 0, 0, 0, 0, 0, '2024-04-17 00:00:00');
INSERT INTO car_booking_history (id, booking_id, status, changed_at) VALUES ('66cce32d-062f-4687-9abd-b6074c1732a2', '7dd47da0-fa82-4c00-935d-6bea50b199c0', 'PENDING', '2024-04-17 00:00:00');
INSERT INTO car_booking_history (id, booking_id, status, changed_at) VALUES ('82367183-d67b-46b3-86e2-4a3bfdac9729', '7dd47da0-fa82-4c00-935d-6bea50b199c0', 'COMPLETED', '2024-04-17 02:00:00');
INSERT INTO car_bookings (id, car_id, renter_id, owner_id, status, start_date, end_date, total_days, price_per_day, base_price, service_fee, taxes, total, deposit, include_insurance, has_chauffeur, airport_delivery, wedding_package, business_package, created_at) VALUES ('b07a13d3-b8ee-4c30-9357-30bebbbb189c', 'CAR-007', 'B2C3D4E5-F6G7-8901-BCDE-234567890123', 'G7H8I9J0-K1L2-3456-GHIJ-789012345678', 'COMPLETED', '2023-06-08', '2023-06-12', 4, 1800000, 7200000, 720000.0, 576000.0, 8496000.0, 3600000, 0, 0, 0, 0, 0, '2023-05-28 00:00:00');
INSERT INTO car_booking_history (id, booking_id, status, changed_at) VALUES ('05279232-f7bf-4031-91e5-356027a95511', 'b07a13d3-b8ee-4c30-9357-30bebbbb189c', 'PENDING', '2023-05-28 00:00:00');
INSERT INTO car_booking_history (id, booking_id, status, changed_at) VALUES ('f43fd98f-52f0-4211-8d6f-e5998347616a', 'b07a13d3-b8ee-4c30-9357-30bebbbb189c', 'COMPLETED', '2023-05-28 02:00:00');
INSERT INTO car_bookings (id, car_id, renter_id, owner_id, status, start_date, end_date, total_days, price_per_day, base_price, service_fee, taxes, total, deposit, include_insurance, has_chauffeur, airport_delivery, wedding_package, business_package, created_at) VALUES ('187b760c-cf77-4101-a5e3-57f912d02cdf', 'CAR-001', 'C3D4E5F6-G7H8-9012-CDEF-345678901234', 'E5F6G7H8-I9J0-1234-EFGH-567890123456', 'COMPLETED', '2023-03-04', '2023-03-14', 10, 800000, 8000000, 800000.0, 640000.0, 9440000.0, 1600000, 0, 0, 0, 0, 0, '2023-02-28 00:00:00');
INSERT INTO car_booking_history (id, booking_id, status, changed_at) VALUES ('04041ca4-7971-499a-86a3-79dd5fea376d', '187b760c-cf77-4101-a5e3-57f912d02cdf', 'PENDING', '2023-02-28 00:00:00');
INSERT INTO car_booking_history (id, booking_id, status, changed_at) VALUES ('2f7ddb07-7491-4a12-9a4b-8d2bc7f68bd0', '187b760c-cf77-4101-a5e3-57f912d02cdf', 'COMPLETED', '2023-02-28 02:00:00');
INSERT INTO car_bookings (id, car_id, renter_id, owner_id, status, start_date, end_date, total_days, price_per_day, base_price, service_fee, taxes, total, deposit, include_insurance, has_chauffeur, airport_delivery, wedding_package, business_package, created_at) VALUES ('8424be5d-7619-4c90-9fa0-22a45fe862a9', 'CAR-007', 'D4E5F6G7-H8I9-0123-DEFG-456789012345', 'G7H8I9J0-K1L2-3456-GHIJ-789012345678', 'CANCELLED', '2024-03-27', '2024-04-01', 5, 1800000, 9000000, 900000.0, 720000.0, 10620000.0, 3600000, 0, 0, 0, 0, 0, '2024-03-20 00:00:00');
INSERT INTO car_booking_history (id, booking_id, status, changed_at) VALUES ('b6f8789a-9c18-4e19-872f-0b7f40f53dc6', '8424be5d-7619-4c90-9fa0-22a45fe862a9', 'PENDING', '2024-03-20 00:00:00');
INSERT INTO car_booking_history (id, booking_id, status, changed_at) VALUES ('763f35e4-ced2-4d31-840d-dfb6ea91c324', '8424be5d-7619-4c90-9fa0-22a45fe862a9', 'CANCELLED', '2024-03-20 02:00:00');
INSERT INTO car_bookings (id, car_id, renter_id, owner_id, status, start_date, end_date, total_days, price_per_day, base_price, service_fee, taxes, total, deposit, include_insurance, has_chauffeur, airport_delivery, wedding_package, business_package, created_at) VALUES ('1bfd2ac9-f51b-420e-b253-628f7d747c49', 'CAR-004', 'C3D4E5F6-G7H8-9012-CDEF-345678901234', 'F6G7H8I9-J0K1-2345-FGHI-678901234567', 'COMPLETED', '2024-05-16', '2024-05-18', 2, 2500000, 5000000, 500000.0, 400000.0, 5900000.0, 5000000, 0, 0, 0, 0, 0, '2024-05-10 00:00:00');
INSERT INTO car_booking_history (id, booking_id, status, changed_at) VALUES ('22993ec4-914e-4abc-a2c4-6542587f6b99', '1bfd2ac9-f51b-420e-b253-628f7d747c49', 'PENDING', '2024-05-10 00:00:00');
INSERT INTO car_booking_history (id, booking_id, status, changed_at) VALUES ('db7bc089-69e1-43e6-bf6a-1efa8f40e150', '1bfd2ac9-f51b-420e-b253-628f7d747c49', 'COMPLETED', '2024-05-10 02:00:00');
INSERT INTO car_bookings (id, car_id, renter_id, owner_id, status, start_date, end_date, total_days, price_per_day, base_price, service_fee, taxes, total, deposit, include_insurance, has_chauffeur, airport_delivery, wedding_package, business_package, created_at) VALUES ('4725e3b3-9329-48a2-b678-e3a2d640a8ed', 'CAR-007', 'D4E5F6G7-H8I9-0123-DEFG-456789012345', 'G7H8I9J0-K1L2-3456-GHIJ-789012345678', 'COMPLETED', '2023-01-27', '2023-01-30', 3, 1800000, 5400000, 540000.0, 432000.0, 6372000.0, 3600000, 0, 0, 0, 0, 0, '2023-01-26 00:00:00');
INSERT INTO car_booking_history (id, booking_id, status, changed_at) VALUES ('5e48c056-2df7-4baa-a2a0-d328bc63c47e', '4725e3b3-9329-48a2-b678-e3a2d640a8ed', 'PENDING', '2023-01-26 00:00:00');
INSERT INTO car_booking_history (id, booking_id, status, changed_at) VALUES ('7e60565b-32e4-499e-aabd-21f4d2eb0e2c', '4725e3b3-9329-48a2-b678-e3a2d640a8ed', 'COMPLETED', '2023-01-26 02:00:00');
INSERT INTO car_bookings (id, car_id, renter_id, owner_id, status, start_date, end_date, total_days, price_per_day, base_price, service_fee, taxes, total, deposit, include_insurance, has_chauffeur, airport_delivery, wedding_package, business_package, created_at) VALUES ('b64485ae-1638-461c-b2f2-05cfadca298d', 'CAR-003', 'C3D4E5F6-G7H8-9012-CDEF-345678901234', 'E5F6G7H8-I9J0-1234-EFGH-567890123456', 'COMPLETED', '2023-03-15', '2023-03-19', 4, 950000, 3800000, 380000.0, 304000.0, 4484000.0, 1900000, 0, 0, 0, 0, 0, '2023-03-10 00:00:00');
INSERT INTO car_booking_history (id, booking_id, status, changed_at) VALUES ('cb15b879-bc99-44b7-ac77-3eb05c50a138', 'b64485ae-1638-461c-b2f2-05cfadca298d', 'PENDING', '2023-03-10 00:00:00');
INSERT INTO car_booking_history (id, booking_id, status, changed_at) VALUES ('5730f375-ab11-41ae-9b48-b6c612df8df4', 'b64485ae-1638-461c-b2f2-05cfadca298d', 'COMPLETED', '2023-03-10 02:00:00');
INSERT INTO car_bookings (id, car_id, renter_id, owner_id, status, start_date, end_date, total_days, price_per_day, base_price, service_fee, taxes, total, deposit, include_insurance, has_chauffeur, airport_delivery, wedding_package, business_package, created_at) VALUES ('ff2dee27-2fb4-4e5b-a8f2-3701fc3fce38', 'CAR-002', 'C3D4E5F6-G7H8-9012-CDEF-345678901234', 'E5F6G7H8-I9J0-1234-EFGH-567890123456', 'COMPLETED', '2024-03-31', '2024-04-10', 10, 750000, 7500000, 750000.0, 600000.0, 8850000.0, 1500000, 0, 0, 0, 0, 0, '2024-03-21 00:00:00');
INSERT INTO car_booking_history (id, booking_id, status, changed_at) VALUES ('bf06481a-4b4c-4ae7-b244-28225ceaad92', 'ff2dee27-2fb4-4e5b-a8f2-3701fc3fce38', 'PENDING', '2024-03-21 00:00:00');
INSERT INTO car_booking_history (id, booking_id, status, changed_at) VALUES ('ff1b975c-214c-49cd-b5d9-ca953b2c95a1', 'ff2dee27-2fb4-4e5b-a8f2-3701fc3fce38', 'COMPLETED', '2024-03-21 02:00:00');
INSERT INTO car_bookings (id, car_id, renter_id, owner_id, status, start_date, end_date, total_days, price_per_day, base_price, service_fee, taxes, total, deposit, include_insurance, has_chauffeur, airport_delivery, wedding_package, business_package, created_at) VALUES ('7e07ea3e-eb22-4682-9fb9-32736577d176', 'CAR-007', 'B2C3D4E5-F6G7-8901-BCDE-234567890123', 'G7H8I9J0-K1L2-3456-GHIJ-789012345678', 'COMPLETED', '2023-11-17', '2023-11-25', 8, 1800000, 14400000, 1440000.0, 1152000.0, 16992000.0, 3600000, 0, 0, 0, 0, 0, '2023-11-05 00:00:00');
INSERT INTO car_booking_history (id, booking_id, status, changed_at) VALUES ('cd2c25db-380c-42bb-a1ae-42dd06d0355e', '7e07ea3e-eb22-4682-9fb9-32736577d176', 'PENDING', '2023-11-05 00:00:00');
INSERT INTO car_booking_history (id, booking_id, status, changed_at) VALUES ('97bdf077-fbd7-4f2f-8345-335740f5fce4', '7e07ea3e-eb22-4682-9fb9-32736577d176', 'COMPLETED', '2023-11-05 02:00:00');
INSERT INTO car_bookings (id, car_id, renter_id, owner_id, status, start_date, end_date, total_days, price_per_day, base_price, service_fee, taxes, total, deposit, include_insurance, has_chauffeur, airport_delivery, wedding_package, business_package, created_at) VALUES ('b34db775-4a88-4b8a-9d45-efe331bad4ae', 'CAR-001', 'C3D4E5F6-G7H8-9012-CDEF-345678901234', 'E5F6G7H8-I9J0-1234-EFGH-567890123456', 'COMPLETED', '2023-11-13', '2023-11-20', 7, 800000, 5600000, 560000.0, 448000.0, 6608000.0, 1600000, 0, 0, 0, 0, 0, '2023-11-07 00:00:00');
INSERT INTO car_booking_history (id, booking_id, status, changed_at) VALUES ('6b2f3dd1-9692-4222-b88d-73d95fcb93f8', 'b34db775-4a88-4b8a-9d45-efe331bad4ae', 'PENDING', '2023-11-07 00:00:00');
INSERT INTO car_booking_history (id, booking_id, status, changed_at) VALUES ('b74f48ef-8323-49be-b12a-7fa9804edbf6', 'b34db775-4a88-4b8a-9d45-efe331bad4ae', 'COMPLETED', '2023-11-07 02:00:00');
INSERT INTO car_bookings (id, car_id, renter_id, owner_id, status, start_date, end_date, total_days, price_per_day, base_price, service_fee, taxes, total, deposit, include_insurance, has_chauffeur, airport_delivery, wedding_package, business_package, created_at) VALUES ('2e38452b-c6d1-43fc-926d-4fe7177ebeee', 'CAR-007', 'B2C3D4E5-F6G7-8901-BCDE-234567890123', 'G7H8I9J0-K1L2-3456-GHIJ-789012345678', 'COMPLETED', '2023-12-27', '2024-01-05', 9, 1800000, 16200000, 1620000.0, 1296000.0, 19116000.0, 3600000, 0, 0, 0, 0, 0, '2023-12-23 00:00:00');
INSERT INTO car_booking_history (id, booking_id, status, changed_at) VALUES ('18273cfc-c6d0-4611-a4ef-78fa66f30bc8', '2e38452b-c6d1-43fc-926d-4fe7177ebeee', 'PENDING', '2023-12-23 00:00:00');
INSERT INTO car_booking_history (id, booking_id, status, changed_at) VALUES ('3d7ea740-cd75-418b-a370-fa17cec7d11a', '2e38452b-c6d1-43fc-926d-4fe7177ebeee', 'COMPLETED', '2023-12-23 02:00:00');
INSERT INTO car_bookings (id, car_id, renter_id, owner_id, status, start_date, end_date, total_days, price_per_day, base_price, service_fee, taxes, total, deposit, include_insurance, has_chauffeur, airport_delivery, wedding_package, business_package, created_at) VALUES ('cbd65d15-0002-4756-ae9f-230207760e42', 'CAR-002', 'C3D4E5F6-G7H8-9012-CDEF-345678901234', 'E5F6G7H8-I9J0-1234-EFGH-567890123456', 'COMPLETED', '2023-07-05', '2023-07-07', 2, 750000, 1500000, 150000.0, 120000.0, 1770000.0, 1500000, 0, 0, 0, 0, 0, '2023-07-01 00:00:00');
INSERT INTO car_booking_history (id, booking_id, status, changed_at) VALUES ('38c14248-0951-46b6-97a0-47524efbab44', 'cbd65d15-0002-4756-ae9f-230207760e42', 'PENDING', '2023-07-01 00:00:00');
INSERT INTO car_booking_history (id, booking_id, status, changed_at) VALUES ('b0344214-5ad5-4b7d-bfbe-fd63c76a6f23', 'cbd65d15-0002-4756-ae9f-230207760e42', 'COMPLETED', '2023-07-01 02:00:00');
INSERT INTO car_bookings (id, car_id, renter_id, owner_id, status, start_date, end_date, total_days, price_per_day, base_price, service_fee, taxes, total, deposit, include_insurance, has_chauffeur, airport_delivery, wedding_package, business_package, created_at) VALUES ('51186403-0167-42db-82fb-70a49b9269c8', 'CAR-001', 'D4E5F6G7-H8I9-0123-DEFG-456789012345', 'E5F6G7H8-I9J0-1234-EFGH-567890123456', 'CANCELLED', '2023-12-10', '2023-12-16', 6, 800000, 4800000, 480000.0, 384000.0, 5664000.0, 1600000, 0, 0, 0, 0, 0, '2023-12-09 00:00:00');
INSERT INTO car_booking_history (id, booking_id, status, changed_at) VALUES ('cba4bb96-b3c7-4487-bc39-32abe0a55e63', '51186403-0167-42db-82fb-70a49b9269c8', 'PENDING', '2023-12-09 00:00:00');
INSERT INTO car_booking_history (id, booking_id, status, changed_at) VALUES ('8c72a356-137e-4d86-ad36-8e8ec7f9770d', '51186403-0167-42db-82fb-70a49b9269c8', 'CANCELLED', '2023-12-09 02:00:00');
INSERT INTO car_bookings (id, car_id, renter_id, owner_id, status, start_date, end_date, total_days, price_per_day, base_price, service_fee, taxes, total, deposit, include_insurance, has_chauffeur, airport_delivery, wedding_package, business_package, created_at) VALUES ('f921e43b-bf1f-4b01-a476-dfb95caaa3a9', 'CAR-007', 'C3D4E5F6-G7H8-9012-CDEF-345678901234', 'G7H8I9J0-K1L2-3456-GHIJ-789012345678', 'COMPLETED', '2023-02-24', '2023-03-05', 9, 1800000, 16200000, 1620000.0, 1296000.0, 19116000.0, 3600000, 0, 0, 0, 0, 0, '2023-02-16 00:00:00');
INSERT INTO car_booking_history (id, booking_id, status, changed_at) VALUES ('53fa16ed-5c33-40fe-9d39-6d7d1a352407', 'f921e43b-bf1f-4b01-a476-dfb95caaa3a9', 'PENDING', '2023-02-16 00:00:00');
INSERT INTO car_booking_history (id, booking_id, status, changed_at) VALUES ('515a09fb-0706-486a-9606-ac9730f9bd5c', 'f921e43b-bf1f-4b01-a476-dfb95caaa3a9', 'COMPLETED', '2023-02-16 02:00:00');
INSERT INTO car_bookings (id, car_id, renter_id, owner_id, status, start_date, end_date, total_days, price_per_day, base_price, service_fee, taxes, total, deposit, include_insurance, has_chauffeur, airport_delivery, wedding_package, business_package, created_at) VALUES ('6eae68d6-3718-49c9-ae4b-882418f74f18', 'CAR-003', 'C3D4E5F6-G7H8-9012-CDEF-345678901234', 'E5F6G7H8-I9J0-1234-EFGH-567890123456', 'COMPLETED', '2023-09-03', '2023-09-09', 6, 950000, 5700000, 570000.0, 456000.0, 6726000.0, 1900000, 0, 0, 0, 0, 0, '2023-08-21 00:00:00');
INSERT INTO car_booking_history (id, booking_id, status, changed_at) VALUES ('ce4b624e-9cc2-4132-9975-647706ec766b', '6eae68d6-3718-49c9-ae4b-882418f74f18', 'PENDING', '2023-08-21 00:00:00');
INSERT INTO car_booking_history (id, booking_id, status, changed_at) VALUES ('d4eafe39-774f-4050-8900-a75fac5cf14e', '6eae68d6-3718-49c9-ae4b-882418f74f18', 'COMPLETED', '2023-08-21 02:00:00');
INSERT INTO car_bookings (id, car_id, renter_id, owner_id, status, start_date, end_date, total_days, price_per_day, base_price, service_fee, taxes, total, deposit, include_insurance, has_chauffeur, airport_delivery, wedding_package, business_package, created_at) VALUES ('82c861a8-80c4-4cd5-83e5-4ed74d2bdf87', 'CAR-002', 'D4E5F6G7-H8I9-0123-DEFG-456789012345', 'E5F6G7H8-I9J0-1234-EFGH-567890123456', 'COMPLETED', '2023-02-22', '2023-02-27', 5, 750000, 3750000, 375000.0, 300000.0, 4425000.0, 1500000, 0, 0, 0, 0, 0, '2023-02-20 00:00:00');
INSERT INTO car_booking_history (id, booking_id, status, changed_at) VALUES ('7c5d1721-0305-4eb7-8584-7f27ca8055c2', '82c861a8-80c4-4cd5-83e5-4ed74d2bdf87', 'PENDING', '2023-02-20 00:00:00');
INSERT INTO car_booking_history (id, booking_id, status, changed_at) VALUES ('61cae482-68e9-4520-8006-f534a9190822', '82c861a8-80c4-4cd5-83e5-4ed74d2bdf87', 'COMPLETED', '2023-02-20 02:00:00');
INSERT INTO car_bookings (id, car_id, renter_id, owner_id, status, start_date, end_date, total_days, price_per_day, base_price, service_fee, taxes, total, deposit, include_insurance, has_chauffeur, airport_delivery, wedding_package, business_package, created_at) VALUES ('8fc00d21-7431-4d8d-a34a-606b59f3b3c7', 'CAR-002', 'B2C3D4E5-F6G7-8901-BCDE-234567890123', 'E5F6G7H8-I9J0-1234-EFGH-567890123456', 'COMPLETED', '2023-07-16', '2023-07-24', 8, 750000, 6000000, 600000.0, 480000.0, 7080000.0, 1500000, 0, 0, 0, 0, 0, '2023-07-14 00:00:00');
INSERT INTO car_booking_history (id, booking_id, status, changed_at) VALUES ('fdcc72db-aaef-4b13-ae90-84f68d6992ba', '8fc00d21-7431-4d8d-a34a-606b59f3b3c7', 'PENDING', '2023-07-14 00:00:00');
INSERT INTO car_booking_history (id, booking_id, status, changed_at) VALUES ('6b098069-72aa-420f-8461-4de78d6b2f59', '8fc00d21-7431-4d8d-a34a-606b59f3b3c7', 'COMPLETED', '2023-07-14 02:00:00');
INSERT INTO car_bookings (id, car_id, renter_id, owner_id, status, start_date, end_date, total_days, price_per_day, base_price, service_fee, taxes, total, deposit, include_insurance, has_chauffeur, airport_delivery, wedding_package, business_package, created_at) VALUES ('76f64ad3-657b-4893-865b-6ef02299ae40', 'CAR-002', 'C3D4E5F6-G7H8-9012-CDEF-345678901234', 'E5F6G7H8-I9J0-1234-EFGH-567890123456', 'COMPLETED', '2023-01-28', '2023-01-30', 2, 750000, 1500000, 150000.0, 120000.0, 1770000.0, 1500000, 0, 0, 0, 0, 0, '2023-01-14 00:00:00');
INSERT INTO car_booking_history (id, booking_id, status, changed_at) VALUES ('f977d24d-ddda-4799-8243-fb9adb67134f', '76f64ad3-657b-4893-865b-6ef02299ae40', 'PENDING', '2023-01-14 00:00:00');
INSERT INTO car_booking_history (id, booking_id, status, changed_at) VALUES ('0a37143f-12da-47b3-82a4-475160358df2', '76f64ad3-657b-4893-865b-6ef02299ae40', 'COMPLETED', '2023-01-14 02:00:00');
INSERT INTO car_bookings (id, car_id, renter_id, owner_id, status, start_date, end_date, total_days, price_per_day, base_price, service_fee, taxes, total, deposit, include_insurance, has_chauffeur, airport_delivery, wedding_package, business_package, created_at) VALUES ('15b20169-6625-47c2-b0b8-bf475f6ba437', 'CAR-007', 'C3D4E5F6-G7H8-9012-CDEF-345678901234', 'G7H8I9J0-K1L2-3456-GHIJ-789012345678', 'COMPLETED', '2024-02-08', '2024-02-15', 7, 1800000, 12600000, 1260000.0, 1008000.0, 14868000.0, 3600000, 0, 0, 0, 0, 0, '2024-02-04 00:00:00');
INSERT INTO car_booking_history (id, booking_id, status, changed_at) VALUES ('2054abee-1dd8-4ce5-8be3-1ed9ffa3e35a', '15b20169-6625-47c2-b0b8-bf475f6ba437', 'PENDING', '2024-02-04 00:00:00');
INSERT INTO car_booking_history (id, booking_id, status, changed_at) VALUES ('6b1a4c84-668b-450c-ad70-917e2ef06bc4', '15b20169-6625-47c2-b0b8-bf475f6ba437', 'COMPLETED', '2024-02-04 02:00:00');
INSERT INTO car_bookings (id, car_id, renter_id, owner_id, status, start_date, end_date, total_days, price_per_day, base_price, service_fee, taxes, total, deposit, include_insurance, has_chauffeur, airport_delivery, wedding_package, business_package, created_at) VALUES ('9e409018-1f09-4783-ab75-545dc83d375d', 'CAR-003', 'B2C3D4E5-F6G7-8901-BCDE-234567890123', 'E5F6G7H8-I9J0-1234-EFGH-567890123456', 'COMPLETED', '2024-05-15', '2024-05-24', 9, 950000, 8550000, 855000.0, 684000.0, 10089000.0, 1900000, 0, 0, 0, 0, 0, '2024-05-12 00:00:00');
INSERT INTO car_booking_history (id, booking_id, status, changed_at) VALUES ('ea64ac0b-77c5-4553-836e-58de19946439', '9e409018-1f09-4783-ab75-545dc83d375d', 'PENDING', '2024-05-12 00:00:00');
INSERT INTO car_booking_history (id, booking_id, status, changed_at) VALUES ('06eac693-0286-4834-b34f-f3db44076e70', '9e409018-1f09-4783-ab75-545dc83d375d', 'COMPLETED', '2024-05-12 02:00:00');
INSERT INTO car_bookings (id, car_id, renter_id, owner_id, status, start_date, end_date, total_days, price_per_day, base_price, service_fee, taxes, total, deposit, include_insurance, has_chauffeur, airport_delivery, wedding_package, business_package, created_at) VALUES ('73c8b083-ddda-4fb5-a912-43ceea1c88c9', 'CAR-004', 'D4E5F6G7-H8I9-0123-DEFG-456789012345', 'F6G7H8I9-J0K1-2345-FGHI-678901234567', 'COMPLETED', '2023-05-10', '2023-05-13', 3, 2500000, 7500000, 750000.0, 600000.0, 8850000.0, 5000000, 0, 0, 0, 0, 0, '2023-04-27 00:00:00');
INSERT INTO car_booking_history (id, booking_id, status, changed_at) VALUES ('78550921-9796-43ed-9177-1e370d88e926', '73c8b083-ddda-4fb5-a912-43ceea1c88c9', 'PENDING', '2023-04-27 00:00:00');
INSERT INTO car_booking_history (id, booking_id, status, changed_at) VALUES ('35497a25-0278-4001-90a3-4ec451daa33c', '73c8b083-ddda-4fb5-a912-43ceea1c88c9', 'COMPLETED', '2023-04-27 02:00:00');
INSERT INTO car_bookings (id, car_id, renter_id, owner_id, status, start_date, end_date, total_days, price_per_day, base_price, service_fee, taxes, total, deposit, include_insurance, has_chauffeur, airport_delivery, wedding_package, business_package, created_at) VALUES ('d117238f-b908-4809-8aba-fe2f8a43171e', 'CAR-002', 'B2C3D4E5-F6G7-8901-BCDE-234567890123', 'E5F6G7H8-I9J0-1234-EFGH-567890123456', 'COMPLETED', '2024-04-16', '2024-04-21', 5, 750000, 3750000, 375000.0, 300000.0, 4425000.0, 1500000, 0, 0, 0, 0, 0, '2024-04-15 00:00:00');
INSERT INTO car_booking_history (id, booking_id, status, changed_at) VALUES ('53069f5b-01ca-475b-b9df-c68bf4337c4f', 'd117238f-b908-4809-8aba-fe2f8a43171e', 'PENDING', '2024-04-15 00:00:00');
INSERT INTO car_booking_history (id, booking_id, status, changed_at) VALUES ('dc21cede-c832-4939-b979-d9135085ded6', 'd117238f-b908-4809-8aba-fe2f8a43171e', 'COMPLETED', '2024-04-15 02:00:00');
INSERT INTO car_bookings (id, car_id, renter_id, owner_id, status, start_date, end_date, total_days, price_per_day, base_price, service_fee, taxes, total, deposit, include_insurance, has_chauffeur, airport_delivery, wedding_package, business_package, created_at) VALUES ('bb73416e-1929-4901-8568-e8e5b29bd0d1', 'CAR-004', 'C3D4E5F6-G7H8-9012-CDEF-345678901234', 'F6G7H8I9-J0K1-2345-FGHI-678901234567', 'COMPLETED', '2023-08-28', '2023-09-03', 6, 2500000, 15000000, 1500000.0, 1200000.0, 17700000.0, 5000000, 0, 0, 0, 0, 0, '2023-08-24 00:00:00');
INSERT INTO car_booking_history (id, booking_id, status, changed_at) VALUES ('79b76c9d-ebf5-4206-a957-9917e96b8da2', 'bb73416e-1929-4901-8568-e8e5b29bd0d1', 'PENDING', '2023-08-24 00:00:00');
INSERT INTO car_booking_history (id, booking_id, status, changed_at) VALUES ('5f92c17e-e3fc-4f6d-a7ad-4f080ef21bb8', 'bb73416e-1929-4901-8568-e8e5b29bd0d1', 'COMPLETED', '2023-08-24 02:00:00');
INSERT INTO car_bookings (id, car_id, renter_id, owner_id, status, start_date, end_date, total_days, price_per_day, base_price, service_fee, taxes, total, deposit, include_insurance, has_chauffeur, airport_delivery, wedding_package, business_package, created_at) VALUES ('3068689e-7445-4093-aca3-360d1126f3e0', 'CAR-001', 'D4E5F6G7-H8I9-0123-DEFG-456789012345', 'E5F6G7H8-I9J0-1234-EFGH-567890123456', 'CANCELLED', '2024-05-28', '2024-06-03', 6, 800000, 4800000, 480000.0, 384000.0, 5664000.0, 1600000, 0, 0, 0, 0, 0, '2024-05-24 00:00:00');
INSERT INTO car_booking_history (id, booking_id, status, changed_at) VALUES ('e156d0f5-c48a-48d3-9dcf-3e961bcb44c2', '3068689e-7445-4093-aca3-360d1126f3e0', 'PENDING', '2024-05-24 00:00:00');
INSERT INTO car_booking_history (id, booking_id, status, changed_at) VALUES ('120684f7-f466-4e4e-8765-d63f37482c0a', '3068689e-7445-4093-aca3-360d1126f3e0', 'CANCELLED', '2024-05-24 02:00:00');
INSERT INTO car_bookings (id, car_id, renter_id, owner_id, status, start_date, end_date, total_days, price_per_day, base_price, service_fee, taxes, total, deposit, include_insurance, has_chauffeur, airport_delivery, wedding_package, business_package, created_at) VALUES ('e11c3cc8-912f-4a27-84a9-7140cf24695c', 'CAR-004', 'C3D4E5F6-G7H8-9012-CDEF-345678901234', 'F6G7H8I9-J0K1-2345-FGHI-678901234567', 'COMPLETED', '2024-05-15', '2024-05-20', 5, 2500000, 12500000, 1250000.0, 1000000.0, 14750000.0, 5000000, 0, 0, 0, 0, 0, '2024-05-03 00:00:00');
INSERT INTO car_booking_history (id, booking_id, status, changed_at) VALUES ('845f91e3-b24a-4c30-a400-2b17d0bd0467', 'e11c3cc8-912f-4a27-84a9-7140cf24695c', 'PENDING', '2024-05-03 00:00:00');
INSERT INTO car_booking_history (id, booking_id, status, changed_at) VALUES ('c6609fa4-1c89-42a5-a894-c5aa6e76188b', 'e11c3cc8-912f-4a27-84a9-7140cf24695c', 'COMPLETED', '2024-05-03 02:00:00');
INSERT INTO car_bookings (id, car_id, renter_id, owner_id, status, start_date, end_date, total_days, price_per_day, base_price, service_fee, taxes, total, deposit, include_insurance, has_chauffeur, airport_delivery, wedding_package, business_package, created_at) VALUES ('cd5a18d5-729c-4ac4-8b2a-d56858f627f4', 'CAR-002', 'C3D4E5F6-G7H8-9012-CDEF-345678901234', 'E5F6G7H8-I9J0-1234-EFGH-567890123456', 'COMPLETED', '2024-05-16', '2024-05-19', 3, 750000, 2250000, 225000.0, 180000.0, 2655000.0, 1500000, 0, 0, 0, 0, 0, '2024-05-03 00:00:00');
INSERT INTO car_booking_history (id, booking_id, status, changed_at) VALUES ('fcc6da41-1cbd-48a4-8535-7e78b64f6700', 'cd5a18d5-729c-4ac4-8b2a-d56858f627f4', 'PENDING', '2024-05-03 00:00:00');
INSERT INTO car_booking_history (id, booking_id, status, changed_at) VALUES ('1c592424-5b4c-488b-b2ce-7a55965ab41c', 'cd5a18d5-729c-4ac4-8b2a-d56858f627f4', 'COMPLETED', '2024-05-03 02:00:00');
INSERT INTO car_bookings (id, car_id, renter_id, owner_id, status, start_date, end_date, total_days, price_per_day, base_price, service_fee, taxes, total, deposit, include_insurance, has_chauffeur, airport_delivery, wedding_package, business_package, created_at) VALUES ('ba4deb28-4f4e-4385-993c-e8be9b0805d6', 'CAR-002', 'B2C3D4E5-F6G7-8901-BCDE-234567890123', 'E5F6G7H8-I9J0-1234-EFGH-567890123456', 'COMPLETED', '2023-05-13', '2023-05-19', 6, 750000, 4500000, 450000.0, 360000.0, 5310000.0, 1500000, 0, 0, 0, 0, 0, '2023-05-09 00:00:00');
INSERT INTO car_booking_history (id, booking_id, status, changed_at) VALUES ('6c75462e-beb5-4f86-80d8-82424042706b', 'ba4deb28-4f4e-4385-993c-e8be9b0805d6', 'PENDING', '2023-05-09 00:00:00');
INSERT INTO car_booking_history (id, booking_id, status, changed_at) VALUES ('fe0bd32c-4618-48e0-9381-928e133691ff', 'ba4deb28-4f4e-4385-993c-e8be9b0805d6', 'COMPLETED', '2023-05-09 02:00:00');
INSERT INTO car_bookings (id, car_id, renter_id, owner_id, status, start_date, end_date, total_days, price_per_day, base_price, service_fee, taxes, total, deposit, include_insurance, has_chauffeur, airport_delivery, wedding_package, business_package, created_at) VALUES ('1161a1ed-ca01-488d-830d-1ea65d23833e', 'CAR-003', 'B2C3D4E5-F6G7-8901-BCDE-234567890123', 'E5F6G7H8-I9J0-1234-EFGH-567890123456', 'COMPLETED', '2023-12-04', '2023-12-08', 4, 950000, 3800000, 380000.0, 304000.0, 4484000.0, 1900000, 0, 0, 0, 0, 0, '2023-11-29 00:00:00');
INSERT INTO car_booking_history (id, booking_id, status, changed_at) VALUES ('af117298-52b5-4d77-8328-18541e6816e2', '1161a1ed-ca01-488d-830d-1ea65d23833e', 'PENDING', '2023-11-29 00:00:00');
INSERT INTO car_booking_history (id, booking_id, status, changed_at) VALUES ('c2a2b78f-3624-48c8-95f0-5c27be023b69', '1161a1ed-ca01-488d-830d-1ea65d23833e', 'COMPLETED', '2023-11-29 02:00:00');
INSERT INTO car_bookings (id, car_id, renter_id, owner_id, status, start_date, end_date, total_days, price_per_day, base_price, service_fee, taxes, total, deposit, include_insurance, has_chauffeur, airport_delivery, wedding_package, business_package, created_at) VALUES ('8d27c77c-8ef6-4ded-bc4b-caf88104ceeb', 'CAR-004', 'B2C3D4E5-F6G7-8901-BCDE-234567890123', 'F6G7H8I9-J0K1-2345-FGHI-678901234567', 'CANCELLED', '2023-03-25', '2023-03-31', 6, 2500000, 15000000, 1500000.0, 1200000.0, 17700000.0, 5000000, 0, 0, 0, 0, 0, '2023-03-17 00:00:00');
INSERT INTO car_booking_history (id, booking_id, status, changed_at) VALUES ('c0f4c956-e1e4-498a-9dc7-45dd6935ae67', '8d27c77c-8ef6-4ded-bc4b-caf88104ceeb', 'PENDING', '2023-03-17 00:00:00');
INSERT INTO car_booking_history (id, booking_id, status, changed_at) VALUES ('8f897d98-06bc-4b1f-bf29-7c638a529348', '8d27c77c-8ef6-4ded-bc4b-caf88104ceeb', 'CANCELLED', '2023-03-17 02:00:00');
INSERT INTO car_bookings (id, car_id, renter_id, owner_id, status, start_date, end_date, total_days, price_per_day, base_price, service_fee, taxes, total, deposit, include_insurance, has_chauffeur, airport_delivery, wedding_package, business_package, created_at) VALUES ('0485b26c-041c-495a-9992-fd2999f81995', 'CAR-001', 'C3D4E5F6-G7H8-9012-CDEF-345678901234', 'E5F6G7H8-I9J0-1234-EFGH-567890123456', 'COMPLETED', '2023-03-11', '2023-03-12', 1, 800000, 800000, 80000.0, 64000.0, 944000.0, 1600000, 0, 0, 0, 0, 0, '2023-03-10 00:00:00');
INSERT INTO car_booking_history (id, booking_id, status, changed_at) VALUES ('f5b3c4e9-20f3-4295-9a38-c0a48a359ebb', '0485b26c-041c-495a-9992-fd2999f81995', 'PENDING', '2023-03-10 00:00:00');
INSERT INTO car_booking_history (id, booking_id, status, changed_at) VALUES ('011d5de2-9aba-426c-9eca-f9e86ac8e268', '0485b26c-041c-495a-9992-fd2999f81995', 'COMPLETED', '2023-03-10 02:00:00');
INSERT INTO car_bookings (id, car_id, renter_id, owner_id, status, start_date, end_date, total_days, price_per_day, base_price, service_fee, taxes, total, deposit, include_insurance, has_chauffeur, airport_delivery, wedding_package, business_package, created_at) VALUES ('836b0eeb-f80d-428e-a3c7-110ccf40f38e', 'CAR-003', 'C3D4E5F6-G7H8-9012-CDEF-345678901234', 'E5F6G7H8-I9J0-1234-EFGH-567890123456', 'CANCELLED', '2023-12-21', '2023-12-22', 1, 950000, 950000, 95000.0, 76000.0, 1121000.0, 1900000, 0, 0, 0, 0, 0, '2023-12-15 00:00:00');
INSERT INTO car_booking_history (id, booking_id, status, changed_at) VALUES ('b097f0e1-b69d-4a10-a9cf-f8bcf0456e93', '836b0eeb-f80d-428e-a3c7-110ccf40f38e', 'PENDING', '2023-12-15 00:00:00');
INSERT INTO car_booking_history (id, booking_id, status, changed_at) VALUES ('a7521191-29f1-4bc6-99a9-98b4694ca013', '836b0eeb-f80d-428e-a3c7-110ccf40f38e', 'CANCELLED', '2023-12-15 02:00:00');
INSERT INTO car_bookings (id, car_id, renter_id, owner_id, status, start_date, end_date, total_days, price_per_day, base_price, service_fee, taxes, total, deposit, include_insurance, has_chauffeur, airport_delivery, wedding_package, business_package, created_at) VALUES ('92b91eee-c30b-4236-a032-7a403ddd1eb6', 'CAR-001', 'B2C3D4E5-F6G7-8901-BCDE-234567890123', 'E5F6G7H8-I9J0-1234-EFGH-567890123456', 'COMPLETED', '2023-11-24', '2023-12-01', 7, 800000, 5600000, 560000.0, 448000.0, 6608000.0, 1600000, 0, 0, 0, 0, 0, '2023-11-10 00:00:00');
INSERT INTO car_booking_history (id, booking_id, status, changed_at) VALUES ('e6deaf05-1d9f-4781-a607-309d23dba178', '92b91eee-c30b-4236-a032-7a403ddd1eb6', 'PENDING', '2023-11-10 00:00:00');
INSERT INTO car_booking_history (id, booking_id, status, changed_at) VALUES ('3d177f6a-68d6-4a77-9f55-b81730951ede', '92b91eee-c30b-4236-a032-7a403ddd1eb6', 'COMPLETED', '2023-11-10 02:00:00');
INSERT INTO car_bookings (id, car_id, renter_id, owner_id, status, start_date, end_date, total_days, price_per_day, base_price, service_fee, taxes, total, deposit, include_insurance, has_chauffeur, airport_delivery, wedding_package, business_package, created_at) VALUES ('39345727-25d6-4e8a-b45f-5078c352f233', 'CAR-004', 'B2C3D4E5-F6G7-8901-BCDE-234567890123', 'F6G7H8I9-J0K1-2345-FGHI-678901234567', 'COMPLETED', '2023-08-22', '2023-09-01', 10, 2500000, 25000000, 2500000.0, 2000000.0, 29500000.0, 5000000, 0, 0, 0, 0, 0, '2023-08-12 00:00:00');
INSERT INTO car_booking_history (id, booking_id, status, changed_at) VALUES ('71abf715-281e-4e8f-8cc7-d3675ca226aa', '39345727-25d6-4e8a-b45f-5078c352f233', 'PENDING', '2023-08-12 00:00:00');
INSERT INTO car_booking_history (id, booking_id, status, changed_at) VALUES ('7e7178cb-6920-4eec-a8fb-e9bbe2cc04f4', '39345727-25d6-4e8a-b45f-5078c352f233', 'COMPLETED', '2023-08-12 02:00:00');
INSERT INTO car_bookings (id, car_id, renter_id, owner_id, status, start_date, end_date, total_days, price_per_day, base_price, service_fee, taxes, total, deposit, include_insurance, has_chauffeur, airport_delivery, wedding_package, business_package, created_at) VALUES ('1db56505-8633-4002-9a96-b426c6e59f7c', 'CAR-004', 'C3D4E5F6-G7H8-9012-CDEF-345678901234', 'F6G7H8I9-J0K1-2345-FGHI-678901234567', 'COMPLETED', '2023-01-30', '2023-02-06', 7, 2500000, 17500000, 1750000.0, 1400000.0, 20650000.0, 5000000, 0, 0, 0, 0, 0, '2023-01-20 00:00:00');
INSERT INTO car_booking_history (id, booking_id, status, changed_at) VALUES ('ef931b0c-d880-465f-a1a2-a917d1583f83', '1db56505-8633-4002-9a96-b426c6e59f7c', 'PENDING', '2023-01-20 00:00:00');
INSERT INTO car_booking_history (id, booking_id, status, changed_at) VALUES ('b0fca516-2e94-4530-bf53-34956b261602', '1db56505-8633-4002-9a96-b426c6e59f7c', 'COMPLETED', '2023-01-20 02:00:00');
INSERT INTO car_bookings (id, car_id, renter_id, owner_id, status, start_date, end_date, total_days, price_per_day, base_price, service_fee, taxes, total, deposit, include_insurance, has_chauffeur, airport_delivery, wedding_package, business_package, created_at) VALUES ('bea8bb93-b2b3-4bd6-8b3a-aede0cc56cff', 'CAR-004', 'B2C3D4E5-F6G7-8901-BCDE-234567890123', 'F6G7H8I9-J0K1-2345-FGHI-678901234567', 'COMPLETED', '2023-03-25', '2023-03-28', 3, 2500000, 7500000, 750000.0, 600000.0, 8850000.0, 5000000, 0, 0, 0, 0, 0, '2023-03-17 00:00:00');
INSERT INTO car_booking_history (id, booking_id, status, changed_at) VALUES ('0b563de9-67f3-4101-b81b-112fddfd8611', 'bea8bb93-b2b3-4bd6-8b3a-aede0cc56cff', 'PENDING', '2023-03-17 00:00:00');
INSERT INTO car_booking_history (id, booking_id, status, changed_at) VALUES ('d117be0f-0dfc-4d63-b04f-6b6914dbe917', 'bea8bb93-b2b3-4bd6-8b3a-aede0cc56cff', 'COMPLETED', '2023-03-17 02:00:00');
INSERT INTO car_bookings (id, car_id, renter_id, owner_id, status, start_date, end_date, total_days, price_per_day, base_price, service_fee, taxes, total, deposit, include_insurance, has_chauffeur, airport_delivery, wedding_package, business_package, created_at) VALUES ('0a17d016-3210-433a-99b9-e4f604df2b2b', 'CAR-002', 'C3D4E5F6-G7H8-9012-CDEF-345678901234', 'E5F6G7H8-I9J0-1234-EFGH-567890123456', 'COMPLETED', '2023-08-07', '2023-08-08', 1, 750000, 750000, 75000.0, 60000.0, 885000.0, 1500000, 0, 0, 0, 0, 0, '2023-08-06 00:00:00');
INSERT INTO car_booking_history (id, booking_id, status, changed_at) VALUES ('353a8eda-9bd0-4b0a-98cf-715eef531bd6', '0a17d016-3210-433a-99b9-e4f604df2b2b', 'PENDING', '2023-08-06 00:00:00');
INSERT INTO car_booking_history (id, booking_id, status, changed_at) VALUES ('8141b058-7fd5-4f24-95ab-2faed8e41cab', '0a17d016-3210-433a-99b9-e4f604df2b2b', 'COMPLETED', '2023-08-06 02:00:00');
INSERT INTO car_bookings (id, car_id, renter_id, owner_id, status, start_date, end_date, total_days, price_per_day, base_price, service_fee, taxes, total, deposit, include_insurance, has_chauffeur, airport_delivery, wedding_package, business_package, created_at) VALUES ('2950d629-fa4b-4147-8e0c-6fdd0588f2f8', 'CAR-001', 'C3D4E5F6-G7H8-9012-CDEF-345678901234', 'E5F6G7H8-I9J0-1234-EFGH-567890123456', 'COMPLETED', '2023-07-10', '2023-07-20', 10, 800000, 8000000, 800000.0, 640000.0, 9440000.0, 1600000, 0, 0, 0, 0, 0, '2023-07-08 00:00:00');
INSERT INTO car_booking_history (id, booking_id, status, changed_at) VALUES ('a8529760-606f-480c-801c-89fef34d16a6', '2950d629-fa4b-4147-8e0c-6fdd0588f2f8', 'PENDING', '2023-07-08 00:00:00');
INSERT INTO car_booking_history (id, booking_id, status, changed_at) VALUES ('74b19570-ddd1-4554-b508-59f1129a74de', '2950d629-fa4b-4147-8e0c-6fdd0588f2f8', 'COMPLETED', '2023-07-08 02:00:00');
INSERT INTO car_bookings (id, car_id, renter_id, owner_id, status, start_date, end_date, total_days, price_per_day, base_price, service_fee, taxes, total, deposit, include_insurance, has_chauffeur, airport_delivery, wedding_package, business_package, created_at) VALUES ('05185023-6aa3-4d73-8881-e29c2b3e9dc7', 'CAR-007', 'B2C3D4E5-F6G7-8901-BCDE-234567890123', 'G7H8I9J0-K1L2-3456-GHIJ-789012345678', 'COMPLETED', '2024-03-12', '2024-03-13', 1, 1800000, 1800000, 180000.0, 144000.0, 2124000.0, 3600000, 0, 0, 0, 0, 0, '2024-03-08 00:00:00');
INSERT INTO car_booking_history (id, booking_id, status, changed_at) VALUES ('2d14969c-ba40-410e-ab9f-aea46b592cab', '05185023-6aa3-4d73-8881-e29c2b3e9dc7', 'PENDING', '2024-03-08 00:00:00');
INSERT INTO car_booking_history (id, booking_id, status, changed_at) VALUES ('04a7eb94-321f-4f60-8557-09a8766b157c', '05185023-6aa3-4d73-8881-e29c2b3e9dc7', 'COMPLETED', '2024-03-08 02:00:00');
INSERT INTO car_bookings (id, car_id, renter_id, owner_id, status, start_date, end_date, total_days, price_per_day, base_price, service_fee, taxes, total, deposit, include_insurance, has_chauffeur, airport_delivery, wedding_package, business_package, created_at) VALUES ('c866fc51-88c2-4ef3-b96d-8fb0e4ccc57a', 'CAR-001', 'B2C3D4E5-F6G7-8901-BCDE-234567890123', 'E5F6G7H8-I9J0-1234-EFGH-567890123456', 'COMPLETED', '2023-06-08', '2023-06-11', 3, 800000, 2400000, 240000.0, 192000.0, 2832000.0, 1600000, 0, 0, 0, 0, 0, '2023-06-07 00:00:00');
INSERT INTO car_booking_history (id, booking_id, status, changed_at) VALUES ('1576de93-1dcd-463f-8ed3-310133d92242', 'c866fc51-88c2-4ef3-b96d-8fb0e4ccc57a', 'PENDING', '2023-06-07 00:00:00');
INSERT INTO car_booking_history (id, booking_id, status, changed_at) VALUES ('13852b6a-7db1-4450-92ab-e8ec15db7298', 'c866fc51-88c2-4ef3-b96d-8fb0e4ccc57a', 'COMPLETED', '2023-06-07 02:00:00');
INSERT INTO car_bookings (id, car_id, renter_id, owner_id, status, start_date, end_date, total_days, price_per_day, base_price, service_fee, taxes, total, deposit, include_insurance, has_chauffeur, airport_delivery, wedding_package, business_package, created_at) VALUES ('565890d3-6639-4fe1-be5b-0df530e0cf8b', 'CAR-004', 'D4E5F6G7-H8I9-0123-DEFG-456789012345', 'F6G7H8I9-J0K1-2345-FGHI-678901234567', 'COMPLETED', '2023-05-24', '2023-05-30', 6, 2500000, 15000000, 1500000.0, 1200000.0, 17700000.0, 5000000, 0, 0, 0, 0, 0, '2023-05-20 00:00:00');
INSERT INTO car_booking_history (id, booking_id, status, changed_at) VALUES ('f1eb04ce-f24a-459a-8017-d3da362ee6d2', '565890d3-6639-4fe1-be5b-0df530e0cf8b', 'PENDING', '2023-05-20 00:00:00');
INSERT INTO car_booking_history (id, booking_id, status, changed_at) VALUES ('b8103fdb-0465-4021-bc3d-9fe98cc253ba', '565890d3-6639-4fe1-be5b-0df530e0cf8b', 'COMPLETED', '2023-05-20 02:00:00');
INSERT INTO car_bookings (id, car_id, renter_id, owner_id, status, start_date, end_date, total_days, price_per_day, base_price, service_fee, taxes, total, deposit, include_insurance, has_chauffeur, airport_delivery, wedding_package, business_package, created_at) VALUES ('ea34d0a9-1b76-48ed-bd09-8c0d5644e709', 'CAR-007', 'C3D4E5F6-G7H8-9012-CDEF-345678901234', 'G7H8I9J0-K1L2-3456-GHIJ-789012345678', 'COMPLETED', '2024-01-07', '2024-01-11', 4, 1800000, 7200000, 720000.0, 576000.0, 8496000.0, 3600000, 0, 0, 0, 0, 0, '2023-12-26 00:00:00');
INSERT INTO car_booking_history (id, booking_id, status, changed_at) VALUES ('92cd261d-6e91-4e09-8429-a65f22f21a69', 'ea34d0a9-1b76-48ed-bd09-8c0d5644e709', 'PENDING', '2023-12-26 00:00:00');
INSERT INTO car_booking_history (id, booking_id, status, changed_at) VALUES ('cfc45c53-f761-4e76-a1ae-b06354d1be5c', 'ea34d0a9-1b76-48ed-bd09-8c0d5644e709', 'COMPLETED', '2023-12-26 02:00:00');
INSERT INTO car_bookings (id, car_id, renter_id, owner_id, status, start_date, end_date, total_days, price_per_day, base_price, service_fee, taxes, total, deposit, include_insurance, has_chauffeur, airport_delivery, wedding_package, business_package, created_at) VALUES ('70ff0e9d-bd1b-4b27-8501-726aea8e5d4c', 'CAR-007', 'B2C3D4E5-F6G7-8901-BCDE-234567890123', 'G7H8I9J0-K1L2-3456-GHIJ-789012345678', 'COMPLETED', '2024-04-13', '2024-04-14', 1, 1800000, 1800000, 180000.0, 144000.0, 2124000.0, 3600000, 0, 0, 0, 0, 0, '2024-04-03 00:00:00');
INSERT INTO car_booking_history (id, booking_id, status, changed_at) VALUES ('f4c440b2-55f6-42f1-8450-edf818098aaf', '70ff0e9d-bd1b-4b27-8501-726aea8e5d4c', 'PENDING', '2024-04-03 00:00:00');
INSERT INTO car_booking_history (id, booking_id, status, changed_at) VALUES ('3b970b04-56d5-43b8-818a-1265b0e0f4d8', '70ff0e9d-bd1b-4b27-8501-726aea8e5d4c', 'COMPLETED', '2024-04-03 02:00:00');
INSERT INTO car_bookings (id, car_id, renter_id, owner_id, status, start_date, end_date, total_days, price_per_day, base_price, service_fee, taxes, total, deposit, include_insurance, has_chauffeur, airport_delivery, wedding_package, business_package, created_at) VALUES ('f72a869a-cb4e-424e-8966-75e9b19baba1', 'CAR-002', 'B2C3D4E5-F6G7-8901-BCDE-234567890123', 'E5F6G7H8-I9J0-1234-EFGH-567890123456', 'CANCELLED', '2024-05-18', '2024-05-23', 5, 750000, 3750000, 375000.0, 300000.0, 4425000.0, 1500000, 0, 0, 0, 0, 0, '2024-05-13 00:00:00');
INSERT INTO car_booking_history (id, booking_id, status, changed_at) VALUES ('5699f7eb-35a6-46c5-a432-a2b66855133a', 'f72a869a-cb4e-424e-8966-75e9b19baba1', 'PENDING', '2024-05-13 00:00:00');
INSERT INTO car_booking_history (id, booking_id, status, changed_at) VALUES ('8fa2adb9-086a-4b4b-988b-655931040c47', 'f72a869a-cb4e-424e-8966-75e9b19baba1', 'CANCELLED', '2024-05-13 02:00:00');
INSERT INTO car_bookings (id, car_id, renter_id, owner_id, status, start_date, end_date, total_days, price_per_day, base_price, service_fee, taxes, total, deposit, include_insurance, has_chauffeur, airport_delivery, wedding_package, business_package, created_at) VALUES ('079138fa-12dc-413f-9ea4-23e4777c3874', 'CAR-004', 'C3D4E5F6-G7H8-9012-CDEF-345678901234', 'F6G7H8I9-J0K1-2345-FGHI-678901234567', 'CANCELLED', '2023-10-08', '2023-10-17', 9, 2500000, 22500000, 2250000.0, 1800000.0, 26550000.0, 5000000, 0, 0, 0, 0, 0, '2023-10-04 00:00:00');
INSERT INTO car_booking_history (id, booking_id, status, changed_at) VALUES ('dc902caf-ebe2-46f4-98a1-1c86ca40e218', '079138fa-12dc-413f-9ea4-23e4777c3874', 'PENDING', '2023-10-04 00:00:00');
INSERT INTO car_booking_history (id, booking_id, status, changed_at) VALUES ('b3ac222e-9e56-42e5-911d-b687afc26cf0', '079138fa-12dc-413f-9ea4-23e4777c3874', 'CANCELLED', '2023-10-04 02:00:00');
INSERT INTO car_bookings (id, car_id, renter_id, owner_id, status, start_date, end_date, total_days, price_per_day, base_price, service_fee, taxes, total, deposit, include_insurance, has_chauffeur, airport_delivery, wedding_package, business_package, created_at) VALUES ('132f0fc1-9d08-40fa-887d-c7c31a498cb7', 'CAR-007', 'C3D4E5F6-G7H8-9012-CDEF-345678901234', 'G7H8I9J0-K1L2-3456-GHIJ-789012345678', 'COMPLETED', '2023-05-18', '2023-05-23', 5, 1800000, 9000000, 900000.0, 720000.0, 10620000.0, 3600000, 0, 0, 0, 0, 0, '2023-05-06 00:00:00');
INSERT INTO car_booking_history (id, booking_id, status, changed_at) VALUES ('262484dc-6789-4d18-b21a-6fc5f83499e3', '132f0fc1-9d08-40fa-887d-c7c31a498cb7', 'PENDING', '2023-05-06 00:00:00');
INSERT INTO car_booking_history (id, booking_id, status, changed_at) VALUES ('19f31b32-12e9-4b94-8c4b-ba6c38615889', '132f0fc1-9d08-40fa-887d-c7c31a498cb7', 'COMPLETED', '2023-05-06 02:00:00');
INSERT INTO car_bookings (id, car_id, renter_id, owner_id, status, start_date, end_date, total_days, price_per_day, base_price, service_fee, taxes, total, deposit, include_insurance, has_chauffeur, airport_delivery, wedding_package, business_package, created_at) VALUES ('80660b3a-47e5-4aa3-872f-fddf9d4a582b', 'CAR-007', 'B2C3D4E5-F6G7-8901-BCDE-234567890123', 'G7H8I9J0-K1L2-3456-GHIJ-789012345678', 'CANCELLED', '2023-08-18', '2023-08-28', 10, 1800000, 18000000, 1800000.0, 1440000.0, 21240000.0, 3600000, 0, 0, 0, 0, 0, '2023-08-14 00:00:00');
INSERT INTO car_booking_history (id, booking_id, status, changed_at) VALUES ('891eb985-3ac4-4c85-bb42-fe02e6de7dea', '80660b3a-47e5-4aa3-872f-fddf9d4a582b', 'PENDING', '2023-08-14 00:00:00');
INSERT INTO car_booking_history (id, booking_id, status, changed_at) VALUES ('c6a48473-e413-4294-afe2-91b01ab590c7', '80660b3a-47e5-4aa3-872f-fddf9d4a582b', 'CANCELLED', '2023-08-14 02:00:00');
INSERT INTO car_bookings (id, car_id, renter_id, owner_id, status, start_date, end_date, total_days, price_per_day, base_price, service_fee, taxes, total, deposit, include_insurance, has_chauffeur, airport_delivery, wedding_package, business_package, created_at) VALUES ('adb121cf-2253-4000-9008-9ac0e46df2ae', 'CAR-003', 'D4E5F6G7-H8I9-0123-DEFG-456789012345', 'E5F6G7H8-I9J0-1234-EFGH-567890123456', 'CANCELLED', '2023-05-03', '2023-05-04', 1, 950000, 950000, 95000.0, 76000.0, 1121000.0, 1900000, 0, 0, 0, 0, 0, '2023-04-21 00:00:00');
INSERT INTO car_booking_history (id, booking_id, status, changed_at) VALUES ('cdf95030-56df-4857-88b2-c47ccf882f74', 'adb121cf-2253-4000-9008-9ac0e46df2ae', 'PENDING', '2023-04-21 00:00:00');
INSERT INTO car_booking_history (id, booking_id, status, changed_at) VALUES ('8d458db3-0091-4a20-9507-07fd0cacd6ca', 'adb121cf-2253-4000-9008-9ac0e46df2ae', 'CANCELLED', '2023-04-21 02:00:00');
INSERT INTO car_bookings (id, car_id, renter_id, owner_id, status, start_date, end_date, total_days, price_per_day, base_price, service_fee, taxes, total, deposit, include_insurance, has_chauffeur, airport_delivery, wedding_package, business_package, created_at) VALUES ('6212a055-6196-459a-b204-dbb57716e6f2', 'CAR-007', 'B2C3D4E5-F6G7-8901-BCDE-234567890123', 'G7H8I9J0-K1L2-3456-GHIJ-789012345678', 'COMPLETED', '2023-12-27', '2023-12-31', 4, 1800000, 7200000, 720000.0, 576000.0, 8496000.0, 3600000, 0, 0, 0, 0, 0, '2023-12-14 00:00:00');
INSERT INTO car_booking_history (id, booking_id, status, changed_at) VALUES ('b0451025-b460-48aa-a498-105775ec2656', '6212a055-6196-459a-b204-dbb57716e6f2', 'PENDING', '2023-12-14 00:00:00');
INSERT INTO car_booking_history (id, booking_id, status, changed_at) VALUES ('57d2d660-71c7-41db-b79d-3c59bc6f9921', '6212a055-6196-459a-b204-dbb57716e6f2', 'COMPLETED', '2023-12-14 02:00:00');
INSERT INTO car_bookings (id, car_id, renter_id, owner_id, status, start_date, end_date, total_days, price_per_day, base_price, service_fee, taxes, total, deposit, include_insurance, has_chauffeur, airport_delivery, wedding_package, business_package, created_at) VALUES ('e60124ec-9510-400b-9c6c-d2708be586b6', 'CAR-003', 'D4E5F6G7-H8I9-0123-DEFG-456789012345', 'E5F6G7H8-I9J0-1234-EFGH-567890123456', 'CANCELLED', '2023-05-10', '2023-05-18', 8, 950000, 7600000, 760000.0, 608000.0, 8968000.0, 1900000, 0, 0, 0, 0, 0, '2023-05-09 00:00:00');
INSERT INTO car_booking_history (id, booking_id, status, changed_at) VALUES ('65b07830-1ccb-4004-99cd-d1870f44c25e', 'e60124ec-9510-400b-9c6c-d2708be586b6', 'PENDING', '2023-05-09 00:00:00');
INSERT INTO car_booking_history (id, booking_id, status, changed_at) VALUES ('832403b8-6433-4114-a7cc-700500918193', 'e60124ec-9510-400b-9c6c-d2708be586b6', 'CANCELLED', '2023-05-09 02:00:00');
INSERT INTO car_bookings (id, car_id, renter_id, owner_id, status, start_date, end_date, total_days, price_per_day, base_price, service_fee, taxes, total, deposit, include_insurance, has_chauffeur, airport_delivery, wedding_package, business_package, created_at) VALUES ('d8044d5e-0c9d-44e8-a0a3-d2d8c02af5d9', 'CAR-007', 'C3D4E5F6-G7H8-9012-CDEF-345678901234', 'G7H8I9J0-K1L2-3456-GHIJ-789012345678', 'COMPLETED', '2023-12-18', '2023-12-26', 8, 1800000, 14400000, 1440000.0, 1152000.0, 16992000.0, 3600000, 0, 0, 0, 0, 0, '2023-12-17 00:00:00');
INSERT INTO car_booking_history (id, booking_id, status, changed_at) VALUES ('2a456acd-f6e2-4410-a217-1cd1ca986431', 'd8044d5e-0c9d-44e8-a0a3-d2d8c02af5d9', 'PENDING', '2023-12-17 00:00:00');
INSERT INTO car_booking_history (id, booking_id, status, changed_at) VALUES ('dd89a0fb-110c-4040-8201-1cac4dd0653c', 'd8044d5e-0c9d-44e8-a0a3-d2d8c02af5d9', 'COMPLETED', '2023-12-17 02:00:00');
INSERT INTO car_bookings (id, car_id, renter_id, owner_id, status, start_date, end_date, total_days, price_per_day, base_price, service_fee, taxes, total, deposit, include_insurance, has_chauffeur, airport_delivery, wedding_package, business_package, created_at) VALUES ('87eb680f-0984-4b59-a37a-ccbd9860d1ae', 'CAR-001', 'C3D4E5F6-G7H8-9012-CDEF-345678901234', 'E5F6G7H8-I9J0-1234-EFGH-567890123456', 'CANCELLED', '2023-09-24', '2023-09-27', 3, 800000, 2400000, 240000.0, 192000.0, 2832000.0, 1600000, 0, 0, 0, 0, 0, '2023-09-17 00:00:00');
INSERT INTO car_booking_history (id, booking_id, status, changed_at) VALUES ('98bad4e3-376d-478a-ada9-fd8c6274e7de', '87eb680f-0984-4b59-a37a-ccbd9860d1ae', 'PENDING', '2023-09-17 00:00:00');
INSERT INTO car_booking_history (id, booking_id, status, changed_at) VALUES ('6dbb41ee-e579-4c78-aa44-027ea5db4b35', '87eb680f-0984-4b59-a37a-ccbd9860d1ae', 'CANCELLED', '2023-09-17 02:00:00');
INSERT INTO car_bookings (id, car_id, renter_id, owner_id, status, start_date, end_date, total_days, price_per_day, base_price, service_fee, taxes, total, deposit, include_insurance, has_chauffeur, airport_delivery, wedding_package, business_package, created_at) VALUES ('66d5672b-5fbf-4030-a886-d22b495b1c3d', 'CAR-007', 'D4E5F6G7-H8I9-0123-DEFG-456789012345', 'G7H8I9J0-K1L2-3456-GHIJ-789012345678', 'CANCELLED', '2024-01-07', '2024-01-12', 5, 1800000, 9000000, 900000.0, 720000.0, 10620000.0, 3600000, 0, 0, 0, 0, 0, '2024-01-03 00:00:00');
INSERT INTO car_booking_history (id, booking_id, status, changed_at) VALUES ('7461eb7e-2dc2-498a-bcc0-5f06086dd3fe', '66d5672b-5fbf-4030-a886-d22b495b1c3d', 'PENDING', '2024-01-03 00:00:00');
INSERT INTO car_booking_history (id, booking_id, status, changed_at) VALUES ('c6c5c3d8-e779-47fa-bac1-9056ca433da5', '66d5672b-5fbf-4030-a886-d22b495b1c3d', 'CANCELLED', '2024-01-03 02:00:00');
INSERT INTO car_bookings (id, car_id, renter_id, owner_id, status, start_date, end_date, total_days, price_per_day, base_price, service_fee, taxes, total, deposit, include_insurance, has_chauffeur, airport_delivery, wedding_package, business_package, created_at) VALUES ('ea59ba7e-cd8f-47af-a9c3-0334ac659da6', 'CAR-007', 'B2C3D4E5-F6G7-8901-BCDE-234567890123', 'G7H8I9J0-K1L2-3456-GHIJ-789012345678', 'COMPLETED', '2023-03-12', '2023-03-13', 1, 1800000, 1800000, 180000.0, 144000.0, 2124000.0, 3600000, 0, 0, 0, 0, 0, '2023-03-04 00:00:00');
INSERT INTO car_booking_history (id, booking_id, status, changed_at) VALUES ('fa2f90b2-483c-48a0-8a4d-e7b4cb36d936', 'ea59ba7e-cd8f-47af-a9c3-0334ac659da6', 'PENDING', '2023-03-04 00:00:00');
INSERT INTO car_booking_history (id, booking_id, status, changed_at) VALUES ('f90802b8-d3c0-4f7c-ae9b-436b095a721d', 'ea59ba7e-cd8f-47af-a9c3-0334ac659da6', 'COMPLETED', '2023-03-04 02:00:00');
INSERT INTO car_bookings (id, car_id, renter_id, owner_id, status, start_date, end_date, total_days, price_per_day, base_price, service_fee, taxes, total, deposit, include_insurance, has_chauffeur, airport_delivery, wedding_package, business_package, created_at) VALUES ('10cca0bd-0c18-4d0a-b80e-a1a93ba5d09c', 'CAR-004', 'C3D4E5F6-G7H8-9012-CDEF-345678901234', 'F6G7H8I9-J0K1-2345-FGHI-678901234567', 'COMPLETED', '2024-04-28', '2024-05-01', 3, 2500000, 7500000, 750000.0, 600000.0, 8850000.0, 5000000, 0, 0, 0, 0, 0, '2024-04-17 00:00:00');
INSERT INTO car_booking_history (id, booking_id, status, changed_at) VALUES ('9ef478c1-5db3-4d1d-bfc8-3ed00af7a457', '10cca0bd-0c18-4d0a-b80e-a1a93ba5d09c', 'PENDING', '2024-04-17 00:00:00');
INSERT INTO car_booking_history (id, booking_id, status, changed_at) VALUES ('902ca72d-6777-4e5b-b4de-5a581698b06f', '10cca0bd-0c18-4d0a-b80e-a1a93ba5d09c', 'COMPLETED', '2024-04-17 02:00:00');
INSERT INTO car_bookings (id, car_id, renter_id, owner_id, status, start_date, end_date, total_days, price_per_day, base_price, service_fee, taxes, total, deposit, include_insurance, has_chauffeur, airport_delivery, wedding_package, business_package, created_at) VALUES ('de14355c-f66e-4661-8144-45bb1fa05037', 'CAR-004', 'D4E5F6G7-H8I9-0123-DEFG-456789012345', 'F6G7H8I9-J0K1-2345-FGHI-678901234567', 'COMPLETED', '2023-04-30', '2023-05-10', 10, 2500000, 25000000, 2500000.0, 2000000.0, 29500000.0, 5000000, 0, 0, 0, 0, 0, '2023-04-19 00:00:00');
INSERT INTO car_booking_history (id, booking_id, status, changed_at) VALUES ('97660ba9-9ca8-4526-9107-32bc7835d3b5', 'de14355c-f66e-4661-8144-45bb1fa05037', 'PENDING', '2023-04-19 00:00:00');
INSERT INTO car_booking_history (id, booking_id, status, changed_at) VALUES ('03db654b-cea3-4d82-b657-37a224003774', 'de14355c-f66e-4661-8144-45bb1fa05037', 'COMPLETED', '2023-04-19 02:00:00');
INSERT INTO car_bookings (id, car_id, renter_id, owner_id, status, start_date, end_date, total_days, price_per_day, base_price, service_fee, taxes, total, deposit, include_insurance, has_chauffeur, airport_delivery, wedding_package, business_package, created_at) VALUES ('8a789de4-eb96-4a7f-becd-849b55920cbe', 'CAR-001', 'B2C3D4E5-F6G7-8901-BCDE-234567890123', 'E5F6G7H8-I9J0-1234-EFGH-567890123456', 'COMPLETED', '2024-01-27', '2024-02-04', 8, 800000, 6400000, 640000.0, 512000.0, 7552000.0, 1600000, 0, 0, 0, 0, 0, '2024-01-19 00:00:00');
INSERT INTO car_booking_history (id, booking_id, status, changed_at) VALUES ('05df64b1-2c4d-4e3e-82ca-8a4ed10843e8', '8a789de4-eb96-4a7f-becd-849b55920cbe', 'PENDING', '2024-01-19 00:00:00');
INSERT INTO car_booking_history (id, booking_id, status, changed_at) VALUES ('a14c1ba4-aaf1-4842-8a5c-6767b3f75851', '8a789de4-eb96-4a7f-becd-849b55920cbe', 'COMPLETED', '2024-01-19 02:00:00');
INSERT INTO car_bookings (id, car_id, renter_id, owner_id, status, start_date, end_date, total_days, price_per_day, base_price, service_fee, taxes, total, deposit, include_insurance, has_chauffeur, airport_delivery, wedding_package, business_package, created_at) VALUES ('4f1184a4-8c85-43db-8b9c-6fc94ec644ba', 'CAR-002', 'B2C3D4E5-F6G7-8901-BCDE-234567890123', 'E5F6G7H8-I9J0-1234-EFGH-567890123456', 'CANCELLED', '2024-03-30', '2024-04-06', 7, 750000, 5250000, 525000.0, 420000.0, 6195000.0, 1500000, 0, 0, 0, 0, 0, '2024-03-18 00:00:00');
INSERT INTO car_booking_history (id, booking_id, status, changed_at) VALUES ('e48eb6fa-1e53-4243-a4e9-6562d9d0bede', '4f1184a4-8c85-43db-8b9c-6fc94ec644ba', 'PENDING', '2024-03-18 00:00:00');
INSERT INTO car_booking_history (id, booking_id, status, changed_at) VALUES ('5e35033d-554b-44e5-bba8-bb4828c8aa30', '4f1184a4-8c85-43db-8b9c-6fc94ec644ba', 'CANCELLED', '2024-03-18 02:00:00');
INSERT INTO car_bookings (id, car_id, renter_id, owner_id, status, start_date, end_date, total_days, price_per_day, base_price, service_fee, taxes, total, deposit, include_insurance, has_chauffeur, airport_delivery, wedding_package, business_package, created_at) VALUES ('7e96a235-c7ff-4d15-8202-01ba6528ac0f', 'CAR-004', 'C3D4E5F6-G7H8-9012-CDEF-345678901234', 'F6G7H8I9-J0K1-2345-FGHI-678901234567', 'COMPLETED', '2024-04-05', '2024-04-06', 1, 2500000, 2500000, 250000.0, 200000.0, 2950000.0, 5000000, 0, 0, 0, 0, 0, '2024-03-31 00:00:00');
INSERT INTO car_booking_history (id, booking_id, status, changed_at) VALUES ('05f6355c-452a-4556-9650-733ab126de17', '7e96a235-c7ff-4d15-8202-01ba6528ac0f', 'PENDING', '2024-03-31 00:00:00');
INSERT INTO car_booking_history (id, booking_id, status, changed_at) VALUES ('6d38043e-237d-4345-a288-a287d0d51162', '7e96a235-c7ff-4d15-8202-01ba6528ac0f', 'COMPLETED', '2024-03-31 02:00:00');
INSERT INTO car_bookings (id, car_id, renter_id, owner_id, status, start_date, end_date, total_days, price_per_day, base_price, service_fee, taxes, total, deposit, include_insurance, has_chauffeur, airport_delivery, wedding_package, business_package, created_at) VALUES ('5a536321-4ca6-43b1-9034-49619bd2d334', 'CAR-004', 'B2C3D4E5-F6G7-8901-BCDE-234567890123', 'F6G7H8I9-J0K1-2345-FGHI-678901234567', 'COMPLETED', '2023-02-20', '2023-02-28', 8, 2500000, 20000000, 2000000.0, 1600000.0, 23600000.0, 5000000, 0, 0, 0, 0, 0, '2023-02-15 00:00:00');
INSERT INTO car_booking_history (id, booking_id, status, changed_at) VALUES ('e0eb9473-2a36-4c21-b38c-dd4e7ccc8462', '5a536321-4ca6-43b1-9034-49619bd2d334', 'PENDING', '2023-02-15 00:00:00');
INSERT INTO car_booking_history (id, booking_id, status, changed_at) VALUES ('b1218419-5227-4d17-9733-c35f33030d60', '5a536321-4ca6-43b1-9034-49619bd2d334', 'COMPLETED', '2023-02-15 02:00:00');
INSERT INTO car_bookings (id, car_id, renter_id, owner_id, status, start_date, end_date, total_days, price_per_day, base_price, service_fee, taxes, total, deposit, include_insurance, has_chauffeur, airport_delivery, wedding_package, business_package, created_at) VALUES ('76ce9ce9-913c-4384-8b2b-6bfbaaa98b9e', 'CAR-007', 'D4E5F6G7-H8I9-0123-DEFG-456789012345', 'G7H8I9J0-K1L2-3456-GHIJ-789012345678', 'CANCELLED', '2023-11-06', '2023-11-10', 4, 1800000, 7200000, 720000.0, 576000.0, 8496000.0, 3600000, 0, 0, 0, 0, 0, '2023-10-26 00:00:00');
INSERT INTO car_booking_history (id, booking_id, status, changed_at) VALUES ('9e313897-8eb6-4349-af2b-e6e56da251aa', '76ce9ce9-913c-4384-8b2b-6bfbaaa98b9e', 'PENDING', '2023-10-26 00:00:00');
INSERT INTO car_booking_history (id, booking_id, status, changed_at) VALUES ('d28ad6ee-5fed-4848-91e5-98ef0324bcd3', '76ce9ce9-913c-4384-8b2b-6bfbaaa98b9e', 'CANCELLED', '2023-10-26 02:00:00');
INSERT INTO car_bookings (id, car_id, renter_id, owner_id, status, start_date, end_date, total_days, price_per_day, base_price, service_fee, taxes, total, deposit, include_insurance, has_chauffeur, airport_delivery, wedding_package, business_package, created_at) VALUES ('0cdb7b0d-a51a-47bf-8df8-fccb850c981a', 'CAR-001', 'B2C3D4E5-F6G7-8901-BCDE-234567890123', 'E5F6G7H8-I9J0-1234-EFGH-567890123456', 'COMPLETED', '2023-01-06', '2023-01-14', 8, 800000, 6400000, 640000.0, 512000.0, 7552000.0, 1600000, 0, 0, 0, 0, 0, '2022-12-24 00:00:00');
INSERT INTO car_booking_history (id, booking_id, status, changed_at) VALUES ('5af4906c-5910-4f0a-935f-4bf1e7ee05a8', '0cdb7b0d-a51a-47bf-8df8-fccb850c981a', 'PENDING', '2022-12-24 00:00:00');
INSERT INTO car_booking_history (id, booking_id, status, changed_at) VALUES ('9522e982-f7cc-4994-9269-4108587e751c', '0cdb7b0d-a51a-47bf-8df8-fccb850c981a', 'COMPLETED', '2022-12-24 02:00:00');
INSERT INTO car_bookings (id, car_id, renter_id, owner_id, status, start_date, end_date, total_days, price_per_day, base_price, service_fee, taxes, total, deposit, include_insurance, has_chauffeur, airport_delivery, wedding_package, business_package, created_at) VALUES ('da5b41d7-44b6-48f0-aa78-7bc231c77da0', 'CAR-003', 'C3D4E5F6-G7H8-9012-CDEF-345678901234', 'E5F6G7H8-I9J0-1234-EFGH-567890123456', 'COMPLETED', '2023-05-02', '2023-05-08', 6, 950000, 5700000, 570000.0, 456000.0, 6726000.0, 1900000, 0, 0, 0, 0, 0, '2023-04-29 00:00:00');
INSERT INTO car_booking_history (id, booking_id, status, changed_at) VALUES ('86cfd083-acb4-4423-a9e1-46bc406e02d9', 'da5b41d7-44b6-48f0-aa78-7bc231c77da0', 'PENDING', '2023-04-29 00:00:00');
INSERT INTO car_booking_history (id, booking_id, status, changed_at) VALUES ('b66bb417-96ce-4d63-86bc-c55fba5fcf76', 'da5b41d7-44b6-48f0-aa78-7bc231c77da0', 'COMPLETED', '2023-04-29 02:00:00');
INSERT INTO car_bookings (id, car_id, renter_id, owner_id, status, start_date, end_date, total_days, price_per_day, base_price, service_fee, taxes, total, deposit, include_insurance, has_chauffeur, airport_delivery, wedding_package, business_package, created_at) VALUES ('5dcfa51f-55d4-4da0-a2b2-91d7f5972606', 'CAR-003', 'D4E5F6G7-H8I9-0123-DEFG-456789012345', 'E5F6G7H8-I9J0-1234-EFGH-567890123456', 'COMPLETED', '2023-08-19', '2023-08-25', 6, 950000, 5700000, 570000.0, 456000.0, 6726000.0, 1900000, 0, 0, 0, 0, 0, '2023-08-09 00:00:00');
INSERT INTO car_booking_history (id, booking_id, status, changed_at) VALUES ('cf864ca4-cca2-4055-88fe-f0328f9297f5', '5dcfa51f-55d4-4da0-a2b2-91d7f5972606', 'PENDING', '2023-08-09 00:00:00');
INSERT INTO car_booking_history (id, booking_id, status, changed_at) VALUES ('f4715838-fe8e-4e99-a6a0-211aff82732a', '5dcfa51f-55d4-4da0-a2b2-91d7f5972606', 'COMPLETED', '2023-08-09 02:00:00');
INSERT INTO car_bookings (id, car_id, renter_id, owner_id, status, start_date, end_date, total_days, price_per_day, base_price, service_fee, taxes, total, deposit, include_insurance, has_chauffeur, airport_delivery, wedding_package, business_package, created_at) VALUES ('ac1cfc85-9277-4b4e-9db6-04f995df8b85', 'CAR-004', 'C3D4E5F6-G7H8-9012-CDEF-345678901234', 'F6G7H8I9-J0K1-2345-FGHI-678901234567', 'COMPLETED', '2024-02-12', '2024-02-17', 5, 2500000, 12500000, 1250000.0, 1000000.0, 14750000.0, 5000000, 0, 0, 0, 0, 0, '2024-02-02 00:00:00');
INSERT INTO car_booking_history (id, booking_id, status, changed_at) VALUES ('90bc36e6-1575-4e86-b102-0a925b5e6c81', 'ac1cfc85-9277-4b4e-9db6-04f995df8b85', 'PENDING', '2024-02-02 00:00:00');
INSERT INTO car_booking_history (id, booking_id, status, changed_at) VALUES ('e763269d-3371-4ea5-9463-3d392f9dfd52', 'ac1cfc85-9277-4b4e-9db6-04f995df8b85', 'COMPLETED', '2024-02-02 02:00:00');
INSERT INTO car_bookings (id, car_id, renter_id, owner_id, status, start_date, end_date, total_days, price_per_day, base_price, service_fee, taxes, total, deposit, include_insurance, has_chauffeur, airport_delivery, wedding_package, business_package, created_at) VALUES ('d194d349-bd82-4a39-b711-77061f4f3d4a', 'CAR-007', 'D4E5F6G7-H8I9-0123-DEFG-456789012345', 'G7H8I9J0-K1L2-3456-GHIJ-789012345678', 'COMPLETED', '2023-12-14', '2023-12-23', 9, 1800000, 16200000, 1620000.0, 1296000.0, 19116000.0, 3600000, 0, 0, 0, 0, 0, '2023-12-08 00:00:00');
INSERT INTO car_booking_history (id, booking_id, status, changed_at) VALUES ('ba5823eb-4536-4912-8acd-d80e6f0f4ae5', 'd194d349-bd82-4a39-b711-77061f4f3d4a', 'PENDING', '2023-12-08 00:00:00');
INSERT INTO car_booking_history (id, booking_id, status, changed_at) VALUES ('f4f4facd-f2eb-4405-9a33-c4d6e3ecc757', 'd194d349-bd82-4a39-b711-77061f4f3d4a', 'COMPLETED', '2023-12-08 02:00:00');
INSERT INTO car_bookings (id, car_id, renter_id, owner_id, status, start_date, end_date, total_days, price_per_day, base_price, service_fee, taxes, total, deposit, include_insurance, has_chauffeur, airport_delivery, wedding_package, business_package, created_at) VALUES ('fb1571e6-1f11-402d-b545-00690eb720d2', 'CAR-001', 'B2C3D4E5-F6G7-8901-BCDE-234567890123', 'E5F6G7H8-I9J0-1234-EFGH-567890123456', 'COMPLETED', '2024-04-16', '2024-04-22', 6, 800000, 4800000, 480000.0, 384000.0, 5664000.0, 1600000, 0, 0, 0, 0, 0, '2024-04-08 00:00:00');
INSERT INTO car_booking_history (id, booking_id, status, changed_at) VALUES ('627dd302-a5d5-49a1-ad76-0c1482f947a7', 'fb1571e6-1f11-402d-b545-00690eb720d2', 'PENDING', '2024-04-08 00:00:00');
INSERT INTO car_booking_history (id, booking_id, status, changed_at) VALUES ('50176b63-924c-4d20-9e94-2829dff9a74b', 'fb1571e6-1f11-402d-b545-00690eb720d2', 'COMPLETED', '2024-04-08 02:00:00');
INSERT INTO car_bookings (id, car_id, renter_id, owner_id, status, start_date, end_date, total_days, price_per_day, base_price, service_fee, taxes, total, deposit, include_insurance, has_chauffeur, airport_delivery, wedding_package, business_package, created_at) VALUES ('065275e1-ff8c-4fe4-ad12-298ee8d32914', 'CAR-007', 'C3D4E5F6-G7H8-9012-CDEF-345678901234', 'G7H8I9J0-K1L2-3456-GHIJ-789012345678', 'CANCELLED', '2023-08-03', '2023-08-10', 7, 1800000, 12600000, 1260000.0, 1008000.0, 14868000.0, 3600000, 0, 0, 0, 0, 0, '2023-07-23 00:00:00');
INSERT INTO car_booking_history (id, booking_id, status, changed_at) VALUES ('cbb8d52a-f508-4116-8d13-03c649192ca6', '065275e1-ff8c-4fe4-ad12-298ee8d32914', 'PENDING', '2023-07-23 00:00:00');
INSERT INTO car_booking_history (id, booking_id, status, changed_at) VALUES ('a2b3a832-4a07-495a-8d75-e77bebfc4161', '065275e1-ff8c-4fe4-ad12-298ee8d32914', 'CANCELLED', '2023-07-23 02:00:00');
INSERT INTO car_bookings (id, car_id, renter_id, owner_id, status, start_date, end_date, total_days, price_per_day, base_price, service_fee, taxes, total, deposit, include_insurance, has_chauffeur, airport_delivery, wedding_package, business_package, created_at) VALUES ('f1c4b6ec-b2df-4109-ab32-393327499716', 'CAR-003', 'D4E5F6G7-H8I9-0123-DEFG-456789012345', 'E5F6G7H8-I9J0-1234-EFGH-567890123456', 'CANCELLED', '2023-04-05', '2023-04-08', 3, 950000, 2850000, 285000.0, 228000.0, 3363000.0, 1900000, 0, 0, 0, 0, 0, '2023-03-23 00:00:00');
INSERT INTO car_booking_history (id, booking_id, status, changed_at) VALUES ('121edc1e-2634-4b95-b68b-c369700cd7a5', 'f1c4b6ec-b2df-4109-ab32-393327499716', 'PENDING', '2023-03-23 00:00:00');
INSERT INTO car_booking_history (id, booking_id, status, changed_at) VALUES ('2df0e187-c699-4dcb-b340-015e3379c0b9', 'f1c4b6ec-b2df-4109-ab32-393327499716', 'CANCELLED', '2023-03-23 02:00:00');
INSERT INTO car_bookings (id, car_id, renter_id, owner_id, status, start_date, end_date, total_days, price_per_day, base_price, service_fee, taxes, total, deposit, include_insurance, has_chauffeur, airport_delivery, wedding_package, business_package, created_at) VALUES ('70df7d6b-e3fb-4e9f-8b35-065405381a09', 'CAR-001', 'B2C3D4E5-F6G7-8901-BCDE-234567890123', 'E5F6G7H8-I9J0-1234-EFGH-567890123456', 'COMPLETED', '2023-10-09', '2023-10-13', 4, 800000, 3200000, 320000.0, 256000.0, 3776000.0, 1600000, 0, 0, 0, 0, 0, '2023-10-06 00:00:00');
INSERT INTO car_booking_history (id, booking_id, status, changed_at) VALUES ('d1e34f38-db5b-49a3-bb40-222b539cde6a', '70df7d6b-e3fb-4e9f-8b35-065405381a09', 'PENDING', '2023-10-06 00:00:00');
INSERT INTO car_booking_history (id, booking_id, status, changed_at) VALUES ('ae653464-9c6c-4338-849c-39fcdd6f76cc', '70df7d6b-e3fb-4e9f-8b35-065405381a09', 'COMPLETED', '2023-10-06 02:00:00');
INSERT INTO car_bookings (id, car_id, renter_id, owner_id, status, start_date, end_date, total_days, price_per_day, base_price, service_fee, taxes, total, deposit, include_insurance, has_chauffeur, airport_delivery, wedding_package, business_package, created_at) VALUES ('a048a5ff-f83b-4380-bba1-9106bea9c786', 'CAR-001', 'B2C3D4E5-F6G7-8901-BCDE-234567890123', 'E5F6G7H8-I9J0-1234-EFGH-567890123456', 'COMPLETED', '2023-12-30', '2024-01-05', 6, 800000, 4800000, 480000.0, 384000.0, 5664000.0, 1600000, 0, 0, 0, 0, 0, '2023-12-19 00:00:00');
INSERT INTO car_booking_history (id, booking_id, status, changed_at) VALUES ('0e1de1ba-fb57-4057-8510-fa4ebe6a69f0', 'a048a5ff-f83b-4380-bba1-9106bea9c786', 'PENDING', '2023-12-19 00:00:00');
INSERT INTO car_booking_history (id, booking_id, status, changed_at) VALUES ('fc2ad792-3d1d-45db-b4cd-0219eeb91141', 'a048a5ff-f83b-4380-bba1-9106bea9c786', 'COMPLETED', '2023-12-19 02:00:00');
INSERT INTO car_bookings (id, car_id, renter_id, owner_id, status, start_date, end_date, total_days, price_per_day, base_price, service_fee, taxes, total, deposit, include_insurance, has_chauffeur, airport_delivery, wedding_package, business_package, created_at) VALUES ('6ca1b540-c13d-479b-a4b5-396d2b1388fd', 'CAR-001', 'C3D4E5F6-G7H8-9012-CDEF-345678901234', 'E5F6G7H8-I9J0-1234-EFGH-567890123456', 'COMPLETED', '2024-04-04', '2024-04-09', 5, 800000, 4000000, 400000.0, 320000.0, 4720000.0, 1600000, 0, 0, 0, 0, 0, '2024-03-29 00:00:00');
INSERT INTO car_booking_history (id, booking_id, status, changed_at) VALUES ('b5c8147b-f244-41e1-b732-21bd9b3bbab0', '6ca1b540-c13d-479b-a4b5-396d2b1388fd', 'PENDING', '2024-03-29 00:00:00');
INSERT INTO car_booking_history (id, booking_id, status, changed_at) VALUES ('44f887da-8a6a-48b1-a863-d1c60102a732', '6ca1b540-c13d-479b-a4b5-396d2b1388fd', 'COMPLETED', '2024-03-29 02:00:00');
INSERT INTO car_bookings (id, car_id, renter_id, owner_id, status, start_date, end_date, total_days, price_per_day, base_price, service_fee, taxes, total, deposit, include_insurance, has_chauffeur, airport_delivery, wedding_package, business_package, created_at) VALUES ('31538802-2069-4d6c-925d-1f4a0bb0560c', 'CAR-007', 'C3D4E5F6-G7H8-9012-CDEF-345678901234', 'G7H8I9J0-K1L2-3456-GHIJ-789012345678', 'CANCELLED', '2023-11-27', '2023-12-04', 7, 1800000, 12600000, 1260000.0, 1008000.0, 14868000.0, 3600000, 0, 0, 0, 0, 0, '2023-11-20 00:00:00');
INSERT INTO car_booking_history (id, booking_id, status, changed_at) VALUES ('714d9c40-2fa8-4f7e-bc43-18d56dcced35', '31538802-2069-4d6c-925d-1f4a0bb0560c', 'PENDING', '2023-11-20 00:00:00');
INSERT INTO car_booking_history (id, booking_id, status, changed_at) VALUES ('c1db316c-0f4d-42ce-8f97-e412b8c6af75', '31538802-2069-4d6c-925d-1f4a0bb0560c', 'CANCELLED', '2023-11-20 02:00:00');
INSERT INTO car_bookings (id, car_id, renter_id, owner_id, status, start_date, end_date, total_days, price_per_day, base_price, service_fee, taxes, total, deposit, include_insurance, has_chauffeur, airport_delivery, wedding_package, business_package, created_at) VALUES ('8e371dd3-5413-4583-9d90-042d65b15de8', 'CAR-001', 'D4E5F6G7-H8I9-0123-DEFG-456789012345', 'E5F6G7H8-I9J0-1234-EFGH-567890123456', 'COMPLETED', '2024-04-22', '2024-04-30', 8, 800000, 6400000, 640000.0, 512000.0, 7552000.0, 1600000, 0, 0, 0, 0, 0, '2024-04-13 00:00:00');
INSERT INTO car_booking_history (id, booking_id, status, changed_at) VALUES ('6d3f8c73-3870-4cb2-9ea1-375c7a8f97e2', '8e371dd3-5413-4583-9d90-042d65b15de8', 'PENDING', '2024-04-13 00:00:00');
INSERT INTO car_booking_history (id, booking_id, status, changed_at) VALUES ('8f349c7a-b998-4b49-a307-5fdd15f8ec11', '8e371dd3-5413-4583-9d90-042d65b15de8', 'COMPLETED', '2024-04-13 02:00:00');
INSERT INTO car_bookings (id, car_id, renter_id, owner_id, status, start_date, end_date, total_days, price_per_day, base_price, service_fee, taxes, total, deposit, include_insurance, has_chauffeur, airport_delivery, wedding_package, business_package, created_at) VALUES ('dd967dc0-cf89-4127-9d23-d87df1314873', 'CAR-001', 'D4E5F6G7-H8I9-0123-DEFG-456789012345', 'E5F6G7H8-I9J0-1234-EFGH-567890123456', 'COMPLETED', '2024-03-17', '2024-03-18', 1, 800000, 800000, 80000.0, 64000.0, 944000.0, 1600000, 0, 0, 0, 0, 0, '2024-03-06 00:00:00');
INSERT INTO car_booking_history (id, booking_id, status, changed_at) VALUES ('cfc42c63-20c6-4690-b35f-0cc56cc81243', 'dd967dc0-cf89-4127-9d23-d87df1314873', 'PENDING', '2024-03-06 00:00:00');
INSERT INTO car_booking_history (id, booking_id, status, changed_at) VALUES ('b0206d3a-ff9e-4931-8bfa-42144f2e7dad', 'dd967dc0-cf89-4127-9d23-d87df1314873', 'COMPLETED', '2024-03-06 02:00:00');
INSERT INTO car_bookings (id, car_id, renter_id, owner_id, status, start_date, end_date, total_days, price_per_day, base_price, service_fee, taxes, total, deposit, include_insurance, has_chauffeur, airport_delivery, wedding_package, business_package, created_at) VALUES ('a23583ca-acd8-4cee-b889-0fde254a73da', 'CAR-003', 'D4E5F6G7-H8I9-0123-DEFG-456789012345', 'E5F6G7H8-I9J0-1234-EFGH-567890123456', 'COMPLETED', '2024-04-29', '2024-05-01', 2, 950000, 1900000, 190000.0, 152000.0, 2242000.0, 1900000, 0, 0, 0, 0, 0, '2024-04-18 00:00:00');
INSERT INTO car_booking_history (id, booking_id, status, changed_at) VALUES ('1ae805bb-f0ce-48cc-a25f-5f63bbe1968f', 'a23583ca-acd8-4cee-b889-0fde254a73da', 'PENDING', '2024-04-18 00:00:00');
INSERT INTO car_booking_history (id, booking_id, status, changed_at) VALUES ('91d891f3-61f8-4c46-8692-79354e975f9a', 'a23583ca-acd8-4cee-b889-0fde254a73da', 'COMPLETED', '2024-04-18 02:00:00');
INSERT INTO car_bookings (id, car_id, renter_id, owner_id, status, start_date, end_date, total_days, price_per_day, base_price, service_fee, taxes, total, deposit, include_insurance, has_chauffeur, airport_delivery, wedding_package, business_package, created_at) VALUES ('dc5e8735-4ab8-43a3-ac20-a314236d5ce5', 'CAR-007', 'C3D4E5F6-G7H8-9012-CDEF-345678901234', 'G7H8I9J0-K1L2-3456-GHIJ-789012345678', 'COMPLETED', '2023-02-04', '2023-02-09', 5, 1800000, 9000000, 900000.0, 720000.0, 10620000.0, 3600000, 0, 0, 0, 0, 0, '2023-02-01 00:00:00');
INSERT INTO car_booking_history (id, booking_id, status, changed_at) VALUES ('1eeb8bc0-49cf-462d-9e69-5f48536bf47a', 'dc5e8735-4ab8-43a3-ac20-a314236d5ce5', 'PENDING', '2023-02-01 00:00:00');
INSERT INTO car_booking_history (id, booking_id, status, changed_at) VALUES ('51ba18de-c4d7-444c-9810-adcf7cb90877', 'dc5e8735-4ab8-43a3-ac20-a314236d5ce5', 'COMPLETED', '2023-02-01 02:00:00');
INSERT INTO car_bookings (id, car_id, renter_id, owner_id, status, start_date, end_date, total_days, price_per_day, base_price, service_fee, taxes, total, deposit, include_insurance, has_chauffeur, airport_delivery, wedding_package, business_package, created_at) VALUES ('3f53e3e5-1e68-457a-89e7-25d8274358d7', 'CAR-003', 'C3D4E5F6-G7H8-9012-CDEF-345678901234', 'E5F6G7H8-I9J0-1234-EFGH-567890123456', 'COMPLETED', '2023-04-17', '2023-04-22', 5, 950000, 4750000, 475000.0, 380000.0, 5605000.0, 1900000, 0, 0, 0, 0, 0, '2023-04-12 00:00:00');
INSERT INTO car_booking_history (id, booking_id, status, changed_at) VALUES ('2a9fa6dd-5b07-482c-a389-b6828c565116', '3f53e3e5-1e68-457a-89e7-25d8274358d7', 'PENDING', '2023-04-12 00:00:00');
INSERT INTO car_booking_history (id, booking_id, status, changed_at) VALUES ('9bd91085-ff18-458a-a003-76eeb63b02b4', '3f53e3e5-1e68-457a-89e7-25d8274358d7', 'COMPLETED', '2023-04-12 02:00:00');
INSERT INTO car_bookings (id, car_id, renter_id, owner_id, status, start_date, end_date, total_days, price_per_day, base_price, service_fee, taxes, total, deposit, include_insurance, has_chauffeur, airport_delivery, wedding_package, business_package, created_at) VALUES ('cdb98dc7-e80c-450d-956a-66d04bf97426', 'CAR-003', 'B2C3D4E5-F6G7-8901-BCDE-234567890123', 'E5F6G7H8-I9J0-1234-EFGH-567890123456', 'COMPLETED', '2023-03-13', '2023-03-21', 8, 950000, 7600000, 760000.0, 608000.0, 8968000.0, 1900000, 0, 0, 0, 0, 0, '2023-03-07 00:00:00');
INSERT INTO car_booking_history (id, booking_id, status, changed_at) VALUES ('065086a9-aa80-48bd-a699-c5e734a6b0ab', 'cdb98dc7-e80c-450d-956a-66d04bf97426', 'PENDING', '2023-03-07 00:00:00');
INSERT INTO car_booking_history (id, booking_id, status, changed_at) VALUES ('62504e36-191e-424f-a80d-413f63355a4e', 'cdb98dc7-e80c-450d-956a-66d04bf97426', 'COMPLETED', '2023-03-07 02:00:00');
INSERT INTO car_bookings (id, car_id, renter_id, owner_id, status, start_date, end_date, total_days, price_per_day, base_price, service_fee, taxes, total, deposit, include_insurance, has_chauffeur, airport_delivery, wedding_package, business_package, created_at) VALUES ('8d9f81d6-336d-40a0-ab1b-3e5efd9ead8a', 'CAR-003', 'C3D4E5F6-G7H8-9012-CDEF-345678901234', 'E5F6G7H8-I9J0-1234-EFGH-567890123456', 'CANCELLED', '2023-04-28', '2023-05-04', 6, 950000, 5700000, 570000.0, 456000.0, 6726000.0, 1900000, 0, 0, 0, 0, 0, '2023-04-21 00:00:00');
INSERT INTO car_booking_history (id, booking_id, status, changed_at) VALUES ('ca8c34df-5f41-450b-9f0e-12c50d7ce2d2', '8d9f81d6-336d-40a0-ab1b-3e5efd9ead8a', 'PENDING', '2023-04-21 00:00:00');
INSERT INTO car_booking_history (id, booking_id, status, changed_at) VALUES ('c702fa2d-d144-4498-8ea0-b8ac0d7df9b2', '8d9f81d6-336d-40a0-ab1b-3e5efd9ead8a', 'CANCELLED', '2023-04-21 02:00:00');
INSERT INTO car_bookings (id, car_id, renter_id, owner_id, status, start_date, end_date, total_days, price_per_day, base_price, service_fee, taxes, total, deposit, include_insurance, has_chauffeur, airport_delivery, wedding_package, business_package, created_at) VALUES ('6cccde3c-427e-4574-a3bc-5f51ef5c4920', 'CAR-001', 'B2C3D4E5-F6G7-8901-BCDE-234567890123', 'E5F6G7H8-I9J0-1234-EFGH-567890123456', 'COMPLETED', '2024-02-01', '2024-02-07', 6, 800000, 4800000, 480000.0, 384000.0, 5664000.0, 1600000, 0, 0, 0, 0, 0, '2024-01-19 00:00:00');
INSERT INTO car_booking_history (id, booking_id, status, changed_at) VALUES ('82db6ae0-4cc3-45b9-b0e0-6a0e5151485c', '6cccde3c-427e-4574-a3bc-5f51ef5c4920', 'PENDING', '2024-01-19 00:00:00');
INSERT INTO car_booking_history (id, booking_id, status, changed_at) VALUES ('bcf43d14-c14c-4e7d-be8d-df7f150b8759', '6cccde3c-427e-4574-a3bc-5f51ef5c4920', 'COMPLETED', '2024-01-19 02:00:00');
INSERT INTO car_bookings (id, car_id, renter_id, owner_id, status, start_date, end_date, total_days, price_per_day, base_price, service_fee, taxes, total, deposit, include_insurance, has_chauffeur, airport_delivery, wedding_package, business_package, created_at) VALUES ('a20fdff5-bca2-4500-8c53-2154f8449f4b', 'CAR-004', 'B2C3D4E5-F6G7-8901-BCDE-234567890123', 'F6G7H8I9-J0K1-2345-FGHI-678901234567', 'COMPLETED', '2023-06-14', '2023-06-19', 5, 2500000, 12500000, 1250000.0, 1000000.0, 14750000.0, 5000000, 0, 0, 0, 0, 0, '2023-06-12 00:00:00');
INSERT INTO car_booking_history (id, booking_id, status, changed_at) VALUES ('ed01cb0c-066a-4e65-8938-ea0c12f067c7', 'a20fdff5-bca2-4500-8c53-2154f8449f4b', 'PENDING', '2023-06-12 00:00:00');
INSERT INTO car_booking_history (id, booking_id, status, changed_at) VALUES ('5b1caa00-32d6-47e8-8eee-a27f4e72d203', 'a20fdff5-bca2-4500-8c53-2154f8449f4b', 'COMPLETED', '2023-06-12 02:00:00');
INSERT INTO car_bookings (id, car_id, renter_id, owner_id, status, start_date, end_date, total_days, price_per_day, base_price, service_fee, taxes, total, deposit, include_insurance, has_chauffeur, airport_delivery, wedding_package, business_package, created_at) VALUES ('57c1c075-8ed2-4150-8f24-6402ea7dbf43', 'CAR-003', 'B2C3D4E5-F6G7-8901-BCDE-234567890123', 'E5F6G7H8-I9J0-1234-EFGH-567890123456', 'COMPLETED', '2024-05-04', '2024-05-06', 2, 950000, 1900000, 190000.0, 152000.0, 2242000.0, 1900000, 0, 0, 0, 0, 0, '2024-04-22 00:00:00');
INSERT INTO car_booking_history (id, booking_id, status, changed_at) VALUES ('dba9d225-0e12-44c6-9678-d1f916f7eb5e', '57c1c075-8ed2-4150-8f24-6402ea7dbf43', 'PENDING', '2024-04-22 00:00:00');
INSERT INTO car_booking_history (id, booking_id, status, changed_at) VALUES ('4cd13860-dc86-44a4-aa96-ae15acb44fa2', '57c1c075-8ed2-4150-8f24-6402ea7dbf43', 'COMPLETED', '2024-04-22 02:00:00');
INSERT INTO car_bookings (id, car_id, renter_id, owner_id, status, start_date, end_date, total_days, price_per_day, base_price, service_fee, taxes, total, deposit, include_insurance, has_chauffeur, airport_delivery, wedding_package, business_package, created_at) VALUES ('ab42f154-5117-4a2a-9a4d-2d4bcd1b5061', 'CAR-001', 'B2C3D4E5-F6G7-8901-BCDE-234567890123', 'E5F6G7H8-I9J0-1234-EFGH-567890123456', 'COMPLETED', '2023-05-05', '2023-05-10', 5, 800000, 4000000, 400000.0, 320000.0, 4720000.0, 1600000, 0, 0, 0, 0, 0, '2023-05-04 00:00:00');
INSERT INTO car_booking_history (id, booking_id, status, changed_at) VALUES ('837543fa-e1e1-4c7e-ae6a-db3252e2dd28', 'ab42f154-5117-4a2a-9a4d-2d4bcd1b5061', 'PENDING', '2023-05-04 00:00:00');
INSERT INTO car_booking_history (id, booking_id, status, changed_at) VALUES ('a3e61c10-5f1f-4968-abe8-abc9041519e1', 'ab42f154-5117-4a2a-9a4d-2d4bcd1b5061', 'COMPLETED', '2023-05-04 02:00:00');
INSERT INTO car_bookings (id, car_id, renter_id, owner_id, status, start_date, end_date, total_days, price_per_day, base_price, service_fee, taxes, total, deposit, include_insurance, has_chauffeur, airport_delivery, wedding_package, business_package, created_at) VALUES ('4a11b131-2f86-4290-8aec-872c1c0e6b63', 'CAR-007', 'B2C3D4E5-F6G7-8901-BCDE-234567890123', 'G7H8I9J0-K1L2-3456-GHIJ-789012345678', 'COMPLETED', '2023-06-07', '2023-06-15', 8, 1800000, 14400000, 1440000.0, 1152000.0, 16992000.0, 3600000, 0, 0, 0, 0, 0, '2023-06-06 00:00:00');
INSERT INTO car_booking_history (id, booking_id, status, changed_at) VALUES ('16a5e356-f338-4b64-a9f3-4382d8f1fe86', '4a11b131-2f86-4290-8aec-872c1c0e6b63', 'PENDING', '2023-06-06 00:00:00');
INSERT INTO car_booking_history (id, booking_id, status, changed_at) VALUES ('350fbbd4-8818-4201-a072-52576bae4755', '4a11b131-2f86-4290-8aec-872c1c0e6b63', 'COMPLETED', '2023-06-06 02:00:00');
INSERT INTO car_bookings (id, car_id, renter_id, owner_id, status, start_date, end_date, total_days, price_per_day, base_price, service_fee, taxes, total, deposit, include_insurance, has_chauffeur, airport_delivery, wedding_package, business_package, created_at) VALUES ('365036eb-af88-4136-9de1-54e01a088f7d', 'CAR-007', 'C3D4E5F6-G7H8-9012-CDEF-345678901234', 'G7H8I9J0-K1L2-3456-GHIJ-789012345678', 'COMPLETED', '2023-11-23', '2023-11-25', 2, 1800000, 3600000, 360000.0, 288000.0, 4248000.0, 3600000, 0, 0, 0, 0, 0, '2023-11-11 00:00:00');
INSERT INTO car_booking_history (id, booking_id, status, changed_at) VALUES ('323d773e-83bf-4939-ae9a-78124cf4f93e', '365036eb-af88-4136-9de1-54e01a088f7d', 'PENDING', '2023-11-11 00:00:00');
INSERT INTO car_booking_history (id, booking_id, status, changed_at) VALUES ('8dd33d17-ab96-478f-a94f-216811ff7fd1', '365036eb-af88-4136-9de1-54e01a088f7d', 'COMPLETED', '2023-11-11 02:00:00');
INSERT INTO car_bookings (id, car_id, renter_id, owner_id, status, start_date, end_date, total_days, price_per_day, base_price, service_fee, taxes, total, deposit, include_insurance, has_chauffeur, airport_delivery, wedding_package, business_package, created_at) VALUES ('609c5239-898c-4234-9bcb-b581d6678f67', 'CAR-002', 'C3D4E5F6-G7H8-9012-CDEF-345678901234', 'E5F6G7H8-I9J0-1234-EFGH-567890123456', 'COMPLETED', '2024-01-28', '2024-01-30', 2, 750000, 1500000, 150000.0, 120000.0, 1770000.0, 1500000, 0, 0, 0, 0, 0, '2024-01-15 00:00:00');
INSERT INTO car_booking_history (id, booking_id, status, changed_at) VALUES ('94c17cf2-95c9-4195-b937-202809c4d8c9', '609c5239-898c-4234-9bcb-b581d6678f67', 'PENDING', '2024-01-15 00:00:00');
INSERT INTO car_booking_history (id, booking_id, status, changed_at) VALUES ('eacc2932-0ff9-46ac-aa59-3093e174adc6', '609c5239-898c-4234-9bcb-b581d6678f67', 'COMPLETED', '2024-01-15 02:00:00');
INSERT INTO car_bookings (id, car_id, renter_id, owner_id, status, start_date, end_date, total_days, price_per_day, base_price, service_fee, taxes, total, deposit, include_insurance, has_chauffeur, airport_delivery, wedding_package, business_package, created_at) VALUES ('fdb02178-0ac4-45c3-a631-0d24d962c030', 'CAR-001', 'B2C3D4E5-F6G7-8901-BCDE-234567890123', 'E5F6G7H8-I9J0-1234-EFGH-567890123456', 'CANCELLED', '2024-01-13', '2024-01-15', 2, 800000, 1600000, 160000.0, 128000.0, 1888000.0, 1600000, 0, 0, 0, 0, 0, '2023-12-31 00:00:00');
INSERT INTO car_booking_history (id, booking_id, status, changed_at) VALUES ('855d02fb-08c5-449e-9202-1a6ced71d40d', 'fdb02178-0ac4-45c3-a631-0d24d962c030', 'PENDING', '2023-12-31 00:00:00');
INSERT INTO car_booking_history (id, booking_id, status, changed_at) VALUES ('7549bc16-5913-4be4-9478-8da8e6ded003', 'fdb02178-0ac4-45c3-a631-0d24d962c030', 'CANCELLED', '2023-12-31 02:00:00');
INSERT INTO car_bookings (id, car_id, renter_id, owner_id, status, start_date, end_date, total_days, price_per_day, base_price, service_fee, taxes, total, deposit, include_insurance, has_chauffeur, airport_delivery, wedding_package, business_package, created_at) VALUES ('c8b35233-f2f7-4e14-ab26-9e275115c782', 'CAR-004', 'D4E5F6G7-H8I9-0123-DEFG-456789012345', 'F6G7H8I9-J0K1-2345-FGHI-678901234567', 'COMPLETED', '2023-07-01', '2023-07-09', 8, 2500000, 20000000, 2000000.0, 1600000.0, 23600000.0, 5000000, 0, 0, 0, 0, 0, '2023-06-28 00:00:00');
INSERT INTO car_booking_history (id, booking_id, status, changed_at) VALUES ('a49ca112-0882-4ffb-a1f8-36508999e388', 'c8b35233-f2f7-4e14-ab26-9e275115c782', 'PENDING', '2023-06-28 00:00:00');
INSERT INTO car_booking_history (id, booking_id, status, changed_at) VALUES ('fcc9bb2e-49fb-4fb5-8554-bd2395dabf51', 'c8b35233-f2f7-4e14-ab26-9e275115c782', 'COMPLETED', '2023-06-28 02:00:00');
INSERT INTO car_bookings (id, car_id, renter_id, owner_id, status, start_date, end_date, total_days, price_per_day, base_price, service_fee, taxes, total, deposit, include_insurance, has_chauffeur, airport_delivery, wedding_package, business_package, created_at) VALUES ('a0539d1c-5906-40eb-a9ca-e811d800e328', 'CAR-003', 'D4E5F6G7-H8I9-0123-DEFG-456789012345', 'E5F6G7H8-I9J0-1234-EFGH-567890123456', 'COMPLETED', '2023-02-11', '2023-02-20', 9, 950000, 8550000, 855000.0, 684000.0, 10089000.0, 1900000, 0, 0, 0, 0, 0, '2023-01-28 00:00:00');
INSERT INTO car_booking_history (id, booking_id, status, changed_at) VALUES ('9b008b25-cea7-4308-b911-2f93eb211e8c', 'a0539d1c-5906-40eb-a9ca-e811d800e328', 'PENDING', '2023-01-28 00:00:00');
INSERT INTO car_booking_history (id, booking_id, status, changed_at) VALUES ('e4cb6ab5-00b7-490a-8826-5aa818105f3b', 'a0539d1c-5906-40eb-a9ca-e811d800e328', 'COMPLETED', '2023-01-28 02:00:00');
INSERT INTO car_bookings (id, car_id, renter_id, owner_id, status, start_date, end_date, total_days, price_per_day, base_price, service_fee, taxes, total, deposit, include_insurance, has_chauffeur, airport_delivery, wedding_package, business_package, created_at) VALUES ('3792ce33-ec6b-4b8b-a4cb-febaf862b132', 'CAR-007', 'C3D4E5F6-G7H8-9012-CDEF-345678901234', 'G7H8I9J0-K1L2-3456-GHIJ-789012345678', 'COMPLETED', '2024-03-09', '2024-03-10', 1, 1800000, 1800000, 180000.0, 144000.0, 2124000.0, 3600000, 0, 0, 0, 0, 0, '2024-02-28 00:00:00');
INSERT INTO car_booking_history (id, booking_id, status, changed_at) VALUES ('4d66903c-d0b1-4c09-9409-8930bec1d353', '3792ce33-ec6b-4b8b-a4cb-febaf862b132', 'PENDING', '2024-02-28 00:00:00');
INSERT INTO car_booking_history (id, booking_id, status, changed_at) VALUES ('c1761f30-7925-4acf-9cc5-05fb370b6dee', '3792ce33-ec6b-4b8b-a4cb-febaf862b132', 'COMPLETED', '2024-02-28 02:00:00');
INSERT INTO car_bookings (id, car_id, renter_id, owner_id, status, start_date, end_date, total_days, price_per_day, base_price, service_fee, taxes, total, deposit, include_insurance, has_chauffeur, airport_delivery, wedding_package, business_package, created_at) VALUES ('6140106c-61fb-4344-83d5-3e9bf5baba34', 'CAR-007', 'C3D4E5F6-G7H8-9012-CDEF-345678901234', 'G7H8I9J0-K1L2-3456-GHIJ-789012345678', 'COMPLETED', '2023-11-19', '2023-11-23', 4, 1800000, 7200000, 720000.0, 576000.0, 8496000.0, 3600000, 0, 0, 0, 0, 0, '2023-11-15 00:00:00');
INSERT INTO car_booking_history (id, booking_id, status, changed_at) VALUES ('68db57e0-92a9-4558-a2ae-f2573f07a271', '6140106c-61fb-4344-83d5-3e9bf5baba34', 'PENDING', '2023-11-15 00:00:00');
INSERT INTO car_booking_history (id, booking_id, status, changed_at) VALUES ('7d3ff64f-a77b-4745-bb76-e0739f494def', '6140106c-61fb-4344-83d5-3e9bf5baba34', 'COMPLETED', '2023-11-15 02:00:00');
INSERT INTO car_bookings (id, car_id, renter_id, owner_id, status, start_date, end_date, total_days, price_per_day, base_price, service_fee, taxes, total, deposit, include_insurance, has_chauffeur, airport_delivery, wedding_package, business_package, created_at) VALUES ('e37a68e1-3d5c-4939-87f8-c6e1dd3c9a11', 'CAR-003', 'C3D4E5F6-G7H8-9012-CDEF-345678901234', 'E5F6G7H8-I9J0-1234-EFGH-567890123456', 'COMPLETED', '2023-08-15', '2023-08-25', 10, 950000, 9500000, 950000.0, 760000.0, 11210000.0, 1900000, 0, 0, 0, 0, 0, '2023-08-04 00:00:00');
INSERT INTO car_booking_history (id, booking_id, status, changed_at) VALUES ('7f300418-d3fc-4f10-8aa2-081e6804073c', 'e37a68e1-3d5c-4939-87f8-c6e1dd3c9a11', 'PENDING', '2023-08-04 00:00:00');
INSERT INTO car_booking_history (id, booking_id, status, changed_at) VALUES ('ec057f42-f185-4742-9eff-2dbb9b665287', 'e37a68e1-3d5c-4939-87f8-c6e1dd3c9a11', 'COMPLETED', '2023-08-04 02:00:00');
INSERT INTO car_bookings (id, car_id, renter_id, owner_id, status, start_date, end_date, total_days, price_per_day, base_price, service_fee, taxes, total, deposit, include_insurance, has_chauffeur, airport_delivery, wedding_package, business_package, created_at) VALUES ('aa46d87f-3e67-4198-ab76-1c11ddacba9d', 'CAR-001', 'B2C3D4E5-F6G7-8901-BCDE-234567890123', 'E5F6G7H8-I9J0-1234-EFGH-567890123456', 'COMPLETED', '2024-04-26', '2024-04-30', 4, 800000, 3200000, 320000.0, 256000.0, 3776000.0, 1600000, 0, 0, 0, 0, 0, '2024-04-12 00:00:00');
INSERT INTO car_booking_history (id, booking_id, status, changed_at) VALUES ('77a8f245-5ce4-4248-b7a6-2deb4e88a015', 'aa46d87f-3e67-4198-ab76-1c11ddacba9d', 'PENDING', '2024-04-12 00:00:00');
INSERT INTO car_booking_history (id, booking_id, status, changed_at) VALUES ('537f84f6-a01b-4fe3-a874-1e127c30699c', 'aa46d87f-3e67-4198-ab76-1c11ddacba9d', 'COMPLETED', '2024-04-12 02:00:00');
INSERT INTO car_bookings (id, car_id, renter_id, owner_id, status, start_date, end_date, total_days, price_per_day, base_price, service_fee, taxes, total, deposit, include_insurance, has_chauffeur, airport_delivery, wedding_package, business_package, created_at) VALUES ('b36a5c16-d279-45ca-baf3-50261c9a7702', 'CAR-004', 'D4E5F6G7-H8I9-0123-DEFG-456789012345', 'F6G7H8I9-J0K1-2345-FGHI-678901234567', 'COMPLETED', '2023-03-11', '2023-03-17', 6, 2500000, 15000000, 1500000.0, 1200000.0, 17700000.0, 5000000, 0, 0, 0, 0, 0, '2023-03-04 00:00:00');
INSERT INTO car_booking_history (id, booking_id, status, changed_at) VALUES ('65670859-cc2e-4c66-afce-787c6e8bbb79', 'b36a5c16-d279-45ca-baf3-50261c9a7702', 'PENDING', '2023-03-04 00:00:00');
INSERT INTO car_booking_history (id, booking_id, status, changed_at) VALUES ('c110b676-0693-4053-99fc-d3ad1c85b371', 'b36a5c16-d279-45ca-baf3-50261c9a7702', 'COMPLETED', '2023-03-04 02:00:00');
INSERT INTO car_bookings (id, car_id, renter_id, owner_id, status, start_date, end_date, total_days, price_per_day, base_price, service_fee, taxes, total, deposit, include_insurance, has_chauffeur, airport_delivery, wedding_package, business_package, created_at) VALUES ('c768bdcf-bf0a-45c4-a5d3-ca1f9fea6c80', 'CAR-007', 'C3D4E5F6-G7H8-9012-CDEF-345678901234', 'G7H8I9J0-K1L2-3456-GHIJ-789012345678', 'COMPLETED', '2024-01-12', '2024-01-18', 6, 1800000, 10800000, 1080000.0, 864000.0, 12744000.0, 3600000, 0, 0, 0, 0, 0, '2024-01-04 00:00:00');
INSERT INTO car_booking_history (id, booking_id, status, changed_at) VALUES ('31e6a3e2-9177-4b4a-8973-8b5502e7b956', 'c768bdcf-bf0a-45c4-a5d3-ca1f9fea6c80', 'PENDING', '2024-01-04 00:00:00');
INSERT INTO car_booking_history (id, booking_id, status, changed_at) VALUES ('57fb6a97-f20b-4977-9b9d-97dbd7c19173', 'c768bdcf-bf0a-45c4-a5d3-ca1f9fea6c80', 'COMPLETED', '2024-01-04 02:00:00');
INSERT INTO car_bookings (id, car_id, renter_id, owner_id, status, start_date, end_date, total_days, price_per_day, base_price, service_fee, taxes, total, deposit, include_insurance, has_chauffeur, airport_delivery, wedding_package, business_package, created_at) VALUES ('7faa1501-171c-4ba6-b1af-1398e3d6d714', 'CAR-003', 'D4E5F6G7-H8I9-0123-DEFG-456789012345', 'E5F6G7H8-I9J0-1234-EFGH-567890123456', 'COMPLETED', '2024-01-18', '2024-01-19', 1, 950000, 950000, 95000.0, 76000.0, 1121000.0, 1900000, 0, 0, 0, 0, 0, '2024-01-06 00:00:00');
INSERT INTO car_booking_history (id, booking_id, status, changed_at) VALUES ('7147b2a3-b101-4dc3-9e60-706ade9f6da0', '7faa1501-171c-4ba6-b1af-1398e3d6d714', 'PENDING', '2024-01-06 00:00:00');
INSERT INTO car_booking_history (id, booking_id, status, changed_at) VALUES ('bcfcbcc8-4933-44fb-bcb3-0349df0c98d6', '7faa1501-171c-4ba6-b1af-1398e3d6d714', 'COMPLETED', '2024-01-06 02:00:00');
INSERT INTO car_bookings (id, car_id, renter_id, owner_id, status, start_date, end_date, total_days, price_per_day, base_price, service_fee, taxes, total, deposit, include_insurance, has_chauffeur, airport_delivery, wedding_package, business_package, created_at) VALUES ('c9ed36cf-0497-4d45-8bca-917ff3c4193d', 'CAR-001', 'D4E5F6G7-H8I9-0123-DEFG-456789012345', 'E5F6G7H8-I9J0-1234-EFGH-567890123456', 'CANCELLED', '2024-01-15', '2024-01-22', 7, 800000, 5600000, 560000.0, 448000.0, 6608000.0, 1600000, 0, 0, 0, 0, 0, '2024-01-13 00:00:00');
INSERT INTO car_booking_history (id, booking_id, status, changed_at) VALUES ('4fd245e1-e949-4865-aa73-0fbb24b91cb2', 'c9ed36cf-0497-4d45-8bca-917ff3c4193d', 'PENDING', '2024-01-13 00:00:00');
INSERT INTO car_booking_history (id, booking_id, status, changed_at) VALUES ('d54d5fd0-4d0a-40de-911c-1175b07bf4d0', 'c9ed36cf-0497-4d45-8bca-917ff3c4193d', 'CANCELLED', '2024-01-13 02:00:00');
INSERT INTO car_bookings (id, car_id, renter_id, owner_id, status, start_date, end_date, total_days, price_per_day, base_price, service_fee, taxes, total, deposit, include_insurance, has_chauffeur, airport_delivery, wedding_package, business_package, created_at) VALUES ('b7499a42-36ad-43b6-aba6-9cc2a06fb41d', 'CAR-002', 'D4E5F6G7-H8I9-0123-DEFG-456789012345', 'E5F6G7H8-I9J0-1234-EFGH-567890123456', 'COMPLETED', '2023-10-08', '2023-10-10', 2, 750000, 1500000, 150000.0, 120000.0, 1770000.0, 1500000, 0, 0, 0, 0, 0, '2023-10-03 00:00:00');
INSERT INTO car_booking_history (id, booking_id, status, changed_at) VALUES ('a0f5917e-6a24-412c-8a56-9b2a549d58eb', 'b7499a42-36ad-43b6-aba6-9cc2a06fb41d', 'PENDING', '2023-10-03 00:00:00');
INSERT INTO car_booking_history (id, booking_id, status, changed_at) VALUES ('e65a9076-a231-491a-9825-5939007c0fa6', 'b7499a42-36ad-43b6-aba6-9cc2a06fb41d', 'COMPLETED', '2023-10-03 02:00:00');
INSERT INTO car_bookings (id, car_id, renter_id, owner_id, status, start_date, end_date, total_days, price_per_day, base_price, service_fee, taxes, total, deposit, include_insurance, has_chauffeur, airport_delivery, wedding_package, business_package, created_at) VALUES ('3ef6f023-b0bc-45e0-a0ca-9c9b3aed7aec', 'CAR-007', 'B2C3D4E5-F6G7-8901-BCDE-234567890123', 'G7H8I9J0-K1L2-3456-GHIJ-789012345678', 'COMPLETED', '2023-10-19', '2023-10-27', 8, 1800000, 14400000, 1440000.0, 1152000.0, 16992000.0, 3600000, 0, 0, 0, 0, 0, '2023-10-07 00:00:00');
INSERT INTO car_booking_history (id, booking_id, status, changed_at) VALUES ('bc7cee75-e2d3-4433-bbcc-49d55687e398', '3ef6f023-b0bc-45e0-a0ca-9c9b3aed7aec', 'PENDING', '2023-10-07 00:00:00');
INSERT INTO car_booking_history (id, booking_id, status, changed_at) VALUES ('a6803c1d-c4c8-4e0b-8ff0-b1f6f2777a11', '3ef6f023-b0bc-45e0-a0ca-9c9b3aed7aec', 'COMPLETED', '2023-10-07 02:00:00');
INSERT INTO car_bookings (id, car_id, renter_id, owner_id, status, start_date, end_date, total_days, price_per_day, base_price, service_fee, taxes, total, deposit, include_insurance, has_chauffeur, airport_delivery, wedding_package, business_package, created_at) VALUES ('fb49c2ae-9f26-4c5f-9920-39cef31cd332', 'CAR-004', 'C3D4E5F6-G7H8-9012-CDEF-345678901234', 'F6G7H8I9-J0K1-2345-FGHI-678901234567', 'CANCELLED', '2024-05-18', '2024-05-24', 6, 2500000, 15000000, 1500000.0, 1200000.0, 17700000.0, 5000000, 0, 0, 0, 0, 0, '2024-05-17 00:00:00');
INSERT INTO car_booking_history (id, booking_id, status, changed_at) VALUES ('8d4dea56-1402-466e-9f1f-bb45727cd181', 'fb49c2ae-9f26-4c5f-9920-39cef31cd332', 'PENDING', '2024-05-17 00:00:00');
INSERT INTO car_booking_history (id, booking_id, status, changed_at) VALUES ('0e53184c-b307-4c95-aee7-4c4976163eac', 'fb49c2ae-9f26-4c5f-9920-39cef31cd332', 'CANCELLED', '2024-05-17 02:00:00');
INSERT INTO car_bookings (id, car_id, renter_id, owner_id, status, start_date, end_date, total_days, price_per_day, base_price, service_fee, taxes, total, deposit, include_insurance, has_chauffeur, airport_delivery, wedding_package, business_package, created_at) VALUES ('c47210da-3c97-4581-b683-6106ffbfcc8b', 'CAR-004', 'C3D4E5F6-G7H8-9012-CDEF-345678901234', 'F6G7H8I9-J0K1-2345-FGHI-678901234567', 'COMPLETED', '2023-11-09', '2023-11-19', 10, 2500000, 25000000, 2500000.0, 2000000.0, 29500000.0, 5000000, 0, 0, 0, 0, 0, '2023-11-06 00:00:00');
INSERT INTO car_booking_history (id, booking_id, status, changed_at) VALUES ('b1838050-2616-4c72-8f36-9c367b6bb51e', 'c47210da-3c97-4581-b683-6106ffbfcc8b', 'PENDING', '2023-11-06 00:00:00');
INSERT INTO car_booking_history (id, booking_id, status, changed_at) VALUES ('a92080fe-2bb0-4717-860a-a9b5443a1984', 'c47210da-3c97-4581-b683-6106ffbfcc8b', 'COMPLETED', '2023-11-06 02:00:00');
INSERT INTO car_bookings (id, car_id, renter_id, owner_id, status, start_date, end_date, total_days, price_per_day, base_price, service_fee, taxes, total, deposit, include_insurance, has_chauffeur, airport_delivery, wedding_package, business_package, created_at) VALUES ('a8bc4ef2-7da6-4317-93af-e21dc110acca', 'CAR-003', 'D4E5F6G7-H8I9-0123-DEFG-456789012345', 'E5F6G7H8-I9J0-1234-EFGH-567890123456', 'COMPLETED', '2023-01-23', '2023-02-01', 9, 950000, 8550000, 855000.0, 684000.0, 10089000.0, 1900000, 0, 0, 0, 0, 0, '2023-01-20 00:00:00');
INSERT INTO car_booking_history (id, booking_id, status, changed_at) VALUES ('8686631c-bfc4-46a8-8370-7ead6a21142e', 'a8bc4ef2-7da6-4317-93af-e21dc110acca', 'PENDING', '2023-01-20 00:00:00');
INSERT INTO car_booking_history (id, booking_id, status, changed_at) VALUES ('2b9ae785-7caa-4f5e-8186-d48c11c45b1b', 'a8bc4ef2-7da6-4317-93af-e21dc110acca', 'COMPLETED', '2023-01-20 02:00:00');
INSERT INTO car_bookings (id, car_id, renter_id, owner_id, status, start_date, end_date, total_days, price_per_day, base_price, service_fee, taxes, total, deposit, include_insurance, has_chauffeur, airport_delivery, wedding_package, business_package, created_at) VALUES ('ba8b29c3-2aad-4b11-a870-f249a3763a66', 'CAR-004', 'C3D4E5F6-G7H8-9012-CDEF-345678901234', 'F6G7H8I9-J0K1-2345-FGHI-678901234567', 'CANCELLED', '2023-04-15', '2023-04-22', 7, 2500000, 17500000, 1750000.0, 1400000.0, 20650000.0, 5000000, 0, 0, 0, 0, 0, '2023-04-05 00:00:00');
INSERT INTO car_booking_history (id, booking_id, status, changed_at) VALUES ('22a5d2d7-2510-41cf-bfd3-0d785e075198', 'ba8b29c3-2aad-4b11-a870-f249a3763a66', 'PENDING', '2023-04-05 00:00:00');
INSERT INTO car_booking_history (id, booking_id, status, changed_at) VALUES ('171ce9a5-9c11-422b-9ded-4f775e7940b0', 'ba8b29c3-2aad-4b11-a870-f249a3763a66', 'CANCELLED', '2023-04-05 02:00:00');
INSERT INTO car_bookings (id, car_id, renter_id, owner_id, status, start_date, end_date, total_days, price_per_day, base_price, service_fee, taxes, total, deposit, include_insurance, has_chauffeur, airport_delivery, wedding_package, business_package, created_at) VALUES ('30a8fab0-539a-438a-b2d4-a8df2ce38511', 'CAR-002', 'C3D4E5F6-G7H8-9012-CDEF-345678901234', 'E5F6G7H8-I9J0-1234-EFGH-567890123456', 'CANCELLED', '2023-07-20', '2023-07-22', 2, 750000, 1500000, 150000.0, 120000.0, 1770000.0, 1500000, 0, 0, 0, 0, 0, '2023-07-15 00:00:00');
INSERT INTO car_booking_history (id, booking_id, status, changed_at) VALUES ('6715158a-894b-4e5a-b170-bd5e3ae9fa67', '30a8fab0-539a-438a-b2d4-a8df2ce38511', 'PENDING', '2023-07-15 00:00:00');
INSERT INTO car_booking_history (id, booking_id, status, changed_at) VALUES ('e8b70f02-11ef-411c-9343-1a4df0fc5861', '30a8fab0-539a-438a-b2d4-a8df2ce38511', 'CANCELLED', '2023-07-15 02:00:00');
INSERT INTO car_bookings (id, car_id, renter_id, owner_id, status, start_date, end_date, total_days, price_per_day, base_price, service_fee, taxes, total, deposit, include_insurance, has_chauffeur, airport_delivery, wedding_package, business_package, created_at) VALUES ('282a8c36-d9a0-4c66-8b21-a6fd4facca56', 'CAR-003', 'C3D4E5F6-G7H8-9012-CDEF-345678901234', 'E5F6G7H8-I9J0-1234-EFGH-567890123456', 'COMPLETED', '2023-04-21', '2023-04-25', 4, 950000, 3800000, 380000.0, 304000.0, 4484000.0, 1900000, 0, 0, 0, 0, 0, '2023-04-16 00:00:00');
INSERT INTO car_booking_history (id, booking_id, status, changed_at) VALUES ('182697c5-99d1-4470-9264-6abe29124c41', '282a8c36-d9a0-4c66-8b21-a6fd4facca56', 'PENDING', '2023-04-16 00:00:00');
INSERT INTO car_booking_history (id, booking_id, status, changed_at) VALUES ('f8b8cc3c-b857-4d06-a1a3-fa80959b51d8', '282a8c36-d9a0-4c66-8b21-a6fd4facca56', 'COMPLETED', '2023-04-16 02:00:00');
INSERT INTO car_bookings (id, car_id, renter_id, owner_id, status, start_date, end_date, total_days, price_per_day, base_price, service_fee, taxes, total, deposit, include_insurance, has_chauffeur, airport_delivery, wedding_package, business_package, created_at) VALUES ('84eda254-d02f-4239-8105-15bcf8c9aa35', 'CAR-002', 'C3D4E5F6-G7H8-9012-CDEF-345678901234', 'E5F6G7H8-I9J0-1234-EFGH-567890123456', 'COMPLETED', '2023-05-12', '2023-05-14', 2, 750000, 1500000, 150000.0, 120000.0, 1770000.0, 1500000, 0, 0, 0, 0, 0, '2023-04-30 00:00:00');
INSERT INTO car_booking_history (id, booking_id, status, changed_at) VALUES ('1229feaa-5638-47b2-852e-37b15cbce026', '84eda254-d02f-4239-8105-15bcf8c9aa35', 'PENDING', '2023-04-30 00:00:00');
INSERT INTO car_booking_history (id, booking_id, status, changed_at) VALUES ('1317878f-c077-4791-8273-3876dea32ce5', '84eda254-d02f-4239-8105-15bcf8c9aa35', 'COMPLETED', '2023-04-30 02:00:00');
INSERT INTO car_bookings (id, car_id, renter_id, owner_id, status, start_date, end_date, total_days, price_per_day, base_price, service_fee, taxes, total, deposit, include_insurance, has_chauffeur, airport_delivery, wedding_package, business_package, created_at) VALUES ('f2c1bcbe-938c-4bac-853a-d87b846e5602', 'CAR-004', 'D4E5F6G7-H8I9-0123-DEFG-456789012345', 'F6G7H8I9-J0K1-2345-FGHI-678901234567', 'COMPLETED', '2023-06-08', '2023-06-12', 4, 2500000, 10000000, 1000000.0, 800000.0, 11800000.0, 5000000, 0, 0, 0, 0, 0, '2023-05-30 00:00:00');
INSERT INTO car_booking_history (id, booking_id, status, changed_at) VALUES ('0546eeeb-e7fe-435a-9a62-66cad673b15e', 'f2c1bcbe-938c-4bac-853a-d87b846e5602', 'PENDING', '2023-05-30 00:00:00');
INSERT INTO car_booking_history (id, booking_id, status, changed_at) VALUES ('6daeba64-d27a-41fc-bf62-ca0545300a04', 'f2c1bcbe-938c-4bac-853a-d87b846e5602', 'COMPLETED', '2023-05-30 02:00:00');
INSERT INTO car_bookings (id, car_id, renter_id, owner_id, status, start_date, end_date, total_days, price_per_day, base_price, service_fee, taxes, total, deposit, include_insurance, has_chauffeur, airport_delivery, wedding_package, business_package, created_at) VALUES ('cdb9283a-f87f-4642-a877-320f98732ece', 'CAR-007', 'B2C3D4E5-F6G7-8901-BCDE-234567890123', 'G7H8I9J0-K1L2-3456-GHIJ-789012345678', 'COMPLETED', '2023-12-19', '2023-12-29', 10, 1800000, 18000000, 1800000.0, 1440000.0, 21240000.0, 3600000, 0, 0, 0, 0, 0, '2023-12-13 00:00:00');
INSERT INTO car_booking_history (id, booking_id, status, changed_at) VALUES ('105000b1-4085-4a12-873c-6d36df52a489', 'cdb9283a-f87f-4642-a877-320f98732ece', 'PENDING', '2023-12-13 00:00:00');
INSERT INTO car_booking_history (id, booking_id, status, changed_at) VALUES ('4d006823-abc9-4815-b45f-118c668f9ac2', 'cdb9283a-f87f-4642-a877-320f98732ece', 'COMPLETED', '2023-12-13 02:00:00');
INSERT INTO car_bookings (id, car_id, renter_id, owner_id, status, start_date, end_date, total_days, price_per_day, base_price, service_fee, taxes, total, deposit, include_insurance, has_chauffeur, airport_delivery, wedding_package, business_package, created_at) VALUES ('35e32e6e-91cd-4e20-90f4-8d886e4c3a77', 'CAR-003', 'C3D4E5F6-G7H8-9012-CDEF-345678901234', 'E5F6G7H8-I9J0-1234-EFGH-567890123456', 'COMPLETED', '2024-05-01', '2024-05-04', 3, 950000, 2850000, 285000.0, 228000.0, 3363000.0, 1900000, 0, 0, 0, 0, 0, '2024-04-24 00:00:00');
INSERT INTO car_booking_history (id, booking_id, status, changed_at) VALUES ('2d029f07-f565-44d1-b327-2687f8e72652', '35e32e6e-91cd-4e20-90f4-8d886e4c3a77', 'PENDING', '2024-04-24 00:00:00');
INSERT INTO car_booking_history (id, booking_id, status, changed_at) VALUES ('76d6fdf2-cdac-44bc-8b54-61ebaa18ae89', '35e32e6e-91cd-4e20-90f4-8d886e4c3a77', 'COMPLETED', '2024-04-24 02:00:00');
INSERT INTO car_bookings (id, car_id, renter_id, owner_id, status, start_date, end_date, total_days, price_per_day, base_price, service_fee, taxes, total, deposit, include_insurance, has_chauffeur, airport_delivery, wedding_package, business_package, created_at) VALUES ('ea50c20a-6fec-4afa-9b2f-423b5a879360', 'CAR-003', 'D4E5F6G7-H8I9-0123-DEFG-456789012345', 'E5F6G7H8-I9J0-1234-EFGH-567890123456', 'COMPLETED', '2023-03-08', '2023-03-17', 9, 950000, 8550000, 855000.0, 684000.0, 10089000.0, 1900000, 0, 0, 0, 0, 0, '2023-03-04 00:00:00');
INSERT INTO car_booking_history (id, booking_id, status, changed_at) VALUES ('3648110a-6222-4a6a-911f-4b02a30df94e', 'ea50c20a-6fec-4afa-9b2f-423b5a879360', 'PENDING', '2023-03-04 00:00:00');
INSERT INTO car_booking_history (id, booking_id, status, changed_at) VALUES ('f9862678-9534-43da-9d11-45c74d6bf25e', 'ea50c20a-6fec-4afa-9b2f-423b5a879360', 'COMPLETED', '2023-03-04 02:00:00');
INSERT INTO car_bookings (id, car_id, renter_id, owner_id, status, start_date, end_date, total_days, price_per_day, base_price, service_fee, taxes, total, deposit, include_insurance, has_chauffeur, airport_delivery, wedding_package, business_package, created_at) VALUES ('fe10ab51-8c90-4a30-86f8-c9b94838994b', 'CAR-002', 'D4E5F6G7-H8I9-0123-DEFG-456789012345', 'E5F6G7H8-I9J0-1234-EFGH-567890123456', 'COMPLETED', '2023-11-05', '2023-11-12', 7, 750000, 5250000, 525000.0, 420000.0, 6195000.0, 1500000, 0, 0, 0, 0, 0, '2023-10-25 00:00:00');
INSERT INTO car_booking_history (id, booking_id, status, changed_at) VALUES ('b1a25486-d4e8-4eae-8b70-d7ccc460747f', 'fe10ab51-8c90-4a30-86f8-c9b94838994b', 'PENDING', '2023-10-25 00:00:00');
INSERT INTO car_booking_history (id, booking_id, status, changed_at) VALUES ('2ca2d72b-31bf-40b6-afe0-faf4c5b90118', 'fe10ab51-8c90-4a30-86f8-c9b94838994b', 'COMPLETED', '2023-10-25 02:00:00');
INSERT INTO car_bookings (id, car_id, renter_id, owner_id, status, start_date, end_date, total_days, price_per_day, base_price, service_fee, taxes, total, deposit, include_insurance, has_chauffeur, airport_delivery, wedding_package, business_package, created_at) VALUES ('b5067c5d-a975-4688-bf3f-63e189296cf3', 'CAR-004', 'C3D4E5F6-G7H8-9012-CDEF-345678901234', 'F6G7H8I9-J0K1-2345-FGHI-678901234567', 'CANCELLED', '2024-04-25', '2024-04-30', 5, 2500000, 12500000, 1250000.0, 1000000.0, 14750000.0, 5000000, 0, 0, 0, 0, 0, '2024-04-15 00:00:00');
INSERT INTO car_booking_history (id, booking_id, status, changed_at) VALUES ('51de60b2-dbce-4927-8074-058c0205227b', 'b5067c5d-a975-4688-bf3f-63e189296cf3', 'PENDING', '2024-04-15 00:00:00');
INSERT INTO car_booking_history (id, booking_id, status, changed_at) VALUES ('762b8c0d-39c1-4ec5-bbbd-004710035978', 'b5067c5d-a975-4688-bf3f-63e189296cf3', 'CANCELLED', '2024-04-15 02:00:00');
INSERT INTO car_bookings (id, car_id, renter_id, owner_id, status, start_date, end_date, total_days, price_per_day, base_price, service_fee, taxes, total, deposit, include_insurance, has_chauffeur, airport_delivery, wedding_package, business_package, created_at) VALUES ('269a4ff5-777c-4334-aee7-2bc063f1d3fc', 'CAR-004', 'D4E5F6G7-H8I9-0123-DEFG-456789012345', 'F6G7H8I9-J0K1-2345-FGHI-678901234567', 'COMPLETED', '2023-08-02', '2023-08-03', 1, 2500000, 2500000, 250000.0, 200000.0, 2950000.0, 5000000, 0, 0, 0, 0, 0, '2023-07-26 00:00:00');
INSERT INTO car_booking_history (id, booking_id, status, changed_at) VALUES ('e4c89a72-dc16-4dad-a20d-b164e9c23a07', '269a4ff5-777c-4334-aee7-2bc063f1d3fc', 'PENDING', '2023-07-26 00:00:00');
INSERT INTO car_booking_history (id, booking_id, status, changed_at) VALUES ('4944c5ba-7d53-4ac6-b7d8-4a8f75f3cea1', '269a4ff5-777c-4334-aee7-2bc063f1d3fc', 'COMPLETED', '2023-07-26 02:00:00');
INSERT INTO car_bookings (id, car_id, renter_id, owner_id, status, start_date, end_date, total_days, price_per_day, base_price, service_fee, taxes, total, deposit, include_insurance, has_chauffeur, airport_delivery, wedding_package, business_package, created_at) VALUES ('a0712750-415b-4d34-ac12-19a3a2f61932', 'CAR-002', 'D4E5F6G7-H8I9-0123-DEFG-456789012345', 'E5F6G7H8-I9J0-1234-EFGH-567890123456', 'COMPLETED', '2023-09-01', '2023-09-03', 2, 750000, 1500000, 150000.0, 120000.0, 1770000.0, 1500000, 0, 0, 0, 0, 0, '2023-08-26 00:00:00');
INSERT INTO car_booking_history (id, booking_id, status, changed_at) VALUES ('ed5d034b-1f66-4a13-b367-5dc9831b8632', 'a0712750-415b-4d34-ac12-19a3a2f61932', 'PENDING', '2023-08-26 00:00:00');
INSERT INTO car_booking_history (id, booking_id, status, changed_at) VALUES ('785ad1eb-b52b-4ffd-805c-fb99106a96eb', 'a0712750-415b-4d34-ac12-19a3a2f61932', 'COMPLETED', '2023-08-26 02:00:00');
INSERT INTO car_bookings (id, car_id, renter_id, owner_id, status, start_date, end_date, total_days, price_per_day, base_price, service_fee, taxes, total, deposit, include_insurance, has_chauffeur, airport_delivery, wedding_package, business_package, created_at) VALUES ('a869d350-2a0b-48d0-a3aa-2ce8e923dc57', 'CAR-004', 'D4E5F6G7-H8I9-0123-DEFG-456789012345', 'F6G7H8I9-J0K1-2345-FGHI-678901234567', 'COMPLETED', '2024-05-13', '2024-05-17', 4, 2500000, 10000000, 1000000.0, 800000.0, 11800000.0, 5000000, 0, 0, 0, 0, 0, '2024-05-06 00:00:00');
INSERT INTO car_booking_history (id, booking_id, status, changed_at) VALUES ('469d836b-87b4-436c-97d9-ae9d0363f72a', 'a869d350-2a0b-48d0-a3aa-2ce8e923dc57', 'PENDING', '2024-05-06 00:00:00');
INSERT INTO car_booking_history (id, booking_id, status, changed_at) VALUES ('0c5c93fc-32a3-42a0-aa58-cd4620bf6a01', 'a869d350-2a0b-48d0-a3aa-2ce8e923dc57', 'COMPLETED', '2024-05-06 02:00:00');
INSERT INTO car_bookings (id, car_id, renter_id, owner_id, status, start_date, end_date, total_days, price_per_day, base_price, service_fee, taxes, total, deposit, include_insurance, has_chauffeur, airport_delivery, wedding_package, business_package, created_at) VALUES ('356d3e73-a27a-4d0d-8b39-1bbec1f80e7b', 'CAR-004', 'B2C3D4E5-F6G7-8901-BCDE-234567890123', 'F6G7H8I9-J0K1-2345-FGHI-678901234567', 'COMPLETED', '2024-02-09', '2024-02-11', 2, 2500000, 5000000, 500000.0, 400000.0, 5900000.0, 5000000, 0, 0, 0, 0, 0, '2024-02-08 00:00:00');
INSERT INTO car_booking_history (id, booking_id, status, changed_at) VALUES ('cac08f3b-3d84-4e94-a67e-f406e7545a9e', '356d3e73-a27a-4d0d-8b39-1bbec1f80e7b', 'PENDING', '2024-02-08 00:00:00');
INSERT INTO car_booking_history (id, booking_id, status, changed_at) VALUES ('cc1d52ab-08ef-484c-9830-6f2766cfd197', '356d3e73-a27a-4d0d-8b39-1bbec1f80e7b', 'COMPLETED', '2024-02-08 02:00:00');
INSERT INTO car_bookings (id, car_id, renter_id, owner_id, status, start_date, end_date, total_days, price_per_day, base_price, service_fee, taxes, total, deposit, include_insurance, has_chauffeur, airport_delivery, wedding_package, business_package, created_at) VALUES ('96a67471-4aa1-4c5c-b69d-167ec5d3c2e5', 'CAR-003', 'B2C3D4E5-F6G7-8901-BCDE-234567890123', 'E5F6G7H8-I9J0-1234-EFGH-567890123456', 'COMPLETED', '2023-11-07', '2023-11-12', 5, 950000, 4750000, 475000.0, 380000.0, 5605000.0, 1900000, 0, 0, 0, 0, 0, '2023-10-25 00:00:00');
INSERT INTO car_booking_history (id, booking_id, status, changed_at) VALUES ('a92078ab-5af3-47d0-a5e9-e8e143694136', '96a67471-4aa1-4c5c-b69d-167ec5d3c2e5', 'PENDING', '2023-10-25 00:00:00');
INSERT INTO car_booking_history (id, booking_id, status, changed_at) VALUES ('2970a257-65ac-4441-a8dc-d58a6d8eef63', '96a67471-4aa1-4c5c-b69d-167ec5d3c2e5', 'COMPLETED', '2023-10-25 02:00:00');
INSERT INTO car_bookings (id, car_id, renter_id, owner_id, status, start_date, end_date, total_days, price_per_day, base_price, service_fee, taxes, total, deposit, include_insurance, has_chauffeur, airport_delivery, wedding_package, business_package, created_at) VALUES ('3170c5df-6f67-4623-9251-8fa33051eef9', 'CAR-001', 'D4E5F6G7-H8I9-0123-DEFG-456789012345', 'E5F6G7H8-I9J0-1234-EFGH-567890123456', 'COMPLETED', '2023-10-07', '2023-10-12', 5, 800000, 4000000, 400000.0, 320000.0, 4720000.0, 1600000, 0, 0, 0, 0, 0, '2023-10-06 00:00:00');
INSERT INTO car_booking_history (id, booking_id, status, changed_at) VALUES ('46ea0004-9745-40df-887e-01bf72e874a6', '3170c5df-6f67-4623-9251-8fa33051eef9', 'PENDING', '2023-10-06 00:00:00');
INSERT INTO car_booking_history (id, booking_id, status, changed_at) VALUES ('f6cab824-7cd7-4b67-aa32-0bdb674c89e7', '3170c5df-6f67-4623-9251-8fa33051eef9', 'COMPLETED', '2023-10-06 02:00:00');
INSERT INTO car_bookings (id, car_id, renter_id, owner_id, status, start_date, end_date, total_days, price_per_day, base_price, service_fee, taxes, total, deposit, include_insurance, has_chauffeur, airport_delivery, wedding_package, business_package, created_at) VALUES ('2803fd45-b7f6-45e5-83fa-4ab5f9f8799f', 'CAR-002', 'D4E5F6G7-H8I9-0123-DEFG-456789012345', 'E5F6G7H8-I9J0-1234-EFGH-567890123456', 'COMPLETED', '2023-11-03', '2023-11-09', 6, 750000, 4500000, 450000.0, 360000.0, 5310000.0, 1500000, 0, 0, 0, 0, 0, '2023-10-28 00:00:00');
INSERT INTO car_booking_history (id, booking_id, status, changed_at) VALUES ('37973b49-1823-4a30-9bae-1a3da45ce2bd', '2803fd45-b7f6-45e5-83fa-4ab5f9f8799f', 'PENDING', '2023-10-28 00:00:00');
INSERT INTO car_booking_history (id, booking_id, status, changed_at) VALUES ('c7010dc9-5a9f-4696-8ab7-3c6542f558d4', '2803fd45-b7f6-45e5-83fa-4ab5f9f8799f', 'COMPLETED', '2023-10-28 02:00:00');
INSERT INTO car_bookings (id, car_id, renter_id, owner_id, status, start_date, end_date, total_days, price_per_day, base_price, service_fee, taxes, total, deposit, include_insurance, has_chauffeur, airport_delivery, wedding_package, business_package, created_at) VALUES ('4a1b97fc-6311-4ff9-8aa7-4d6841a01d03', 'CAR-007', 'D4E5F6G7-H8I9-0123-DEFG-456789012345', 'G7H8I9J0-K1L2-3456-GHIJ-789012345678', 'COMPLETED', '2023-01-11', '2023-01-19', 8, 1800000, 14400000, 1440000.0, 1152000.0, 16992000.0, 3600000, 0, 0, 0, 0, 0, '2023-01-02 00:00:00');
INSERT INTO car_booking_history (id, booking_id, status, changed_at) VALUES ('9126a3d3-1456-476d-ae29-fd692ce1f953', '4a1b97fc-6311-4ff9-8aa7-4d6841a01d03', 'PENDING', '2023-01-02 00:00:00');
INSERT INTO car_booking_history (id, booking_id, status, changed_at) VALUES ('55c50f2e-6cbe-459f-8a2c-4af95d1f4e54', '4a1b97fc-6311-4ff9-8aa7-4d6841a01d03', 'COMPLETED', '2023-01-02 02:00:00');
INSERT INTO car_bookings (id, car_id, renter_id, owner_id, status, start_date, end_date, total_days, price_per_day, base_price, service_fee, taxes, total, deposit, include_insurance, has_chauffeur, airport_delivery, wedding_package, business_package, created_at) VALUES ('cd55e3e1-42ac-4ea6-9ccf-cb3279e3920c', 'CAR-002', 'B2C3D4E5-F6G7-8901-BCDE-234567890123', 'E5F6G7H8-I9J0-1234-EFGH-567890123456', 'COMPLETED', '2023-02-15', '2023-02-19', 4, 750000, 3000000, 300000.0, 240000.0, 3540000.0, 1500000, 0, 0, 0, 0, 0, '2023-02-12 00:00:00');
INSERT INTO car_booking_history (id, booking_id, status, changed_at) VALUES ('b0d9c429-971e-485c-aabf-57ba28f92356', 'cd55e3e1-42ac-4ea6-9ccf-cb3279e3920c', 'PENDING', '2023-02-12 00:00:00');
INSERT INTO car_booking_history (id, booking_id, status, changed_at) VALUES ('6e2a6e13-04f1-47d8-8a43-df1e966107bf', 'cd55e3e1-42ac-4ea6-9ccf-cb3279e3920c', 'COMPLETED', '2023-02-12 02:00:00');
INSERT INTO car_bookings (id, car_id, renter_id, owner_id, status, start_date, end_date, total_days, price_per_day, base_price, service_fee, taxes, total, deposit, include_insurance, has_chauffeur, airport_delivery, wedding_package, business_package, created_at) VALUES ('f04d5f0a-e6c1-4773-a530-d1514abd66b1', 'CAR-002', 'C3D4E5F6-G7H8-9012-CDEF-345678901234', 'E5F6G7H8-I9J0-1234-EFGH-567890123456', 'COMPLETED', '2023-01-28', '2023-02-04', 7, 750000, 5250000, 525000.0, 420000.0, 6195000.0, 1500000, 0, 0, 0, 0, 0, '2023-01-25 00:00:00');
INSERT INTO car_booking_history (id, booking_id, status, changed_at) VALUES ('067d3deb-9545-4a12-8d37-1353a6565998', 'f04d5f0a-e6c1-4773-a530-d1514abd66b1', 'PENDING', '2023-01-25 00:00:00');
INSERT INTO car_booking_history (id, booking_id, status, changed_at) VALUES ('124e3001-818b-4066-9a86-42f7b26414eb', 'f04d5f0a-e6c1-4773-a530-d1514abd66b1', 'COMPLETED', '2023-01-25 02:00:00');
INSERT INTO car_bookings (id, car_id, renter_id, owner_id, status, start_date, end_date, total_days, price_per_day, base_price, service_fee, taxes, total, deposit, include_insurance, has_chauffeur, airport_delivery, wedding_package, business_package, created_at) VALUES ('1ba83a9e-5409-4f11-92ab-a68a5f980f34', 'CAR-007', 'C3D4E5F6-G7H8-9012-CDEF-345678901234', 'G7H8I9J0-K1L2-3456-GHIJ-789012345678', 'COMPLETED', '2024-05-16', '2024-05-19', 3, 1800000, 5400000, 540000.0, 432000.0, 6372000.0, 3600000, 0, 0, 0, 0, 0, '2024-05-05 00:00:00');
INSERT INTO car_booking_history (id, booking_id, status, changed_at) VALUES ('b6fd0d8e-2b79-44f2-90df-43671ba46e66', '1ba83a9e-5409-4f11-92ab-a68a5f980f34', 'PENDING', '2024-05-05 00:00:00');
INSERT INTO car_booking_history (id, booking_id, status, changed_at) VALUES ('28badf3b-1a92-40f6-a662-53ca37d50a09', '1ba83a9e-5409-4f11-92ab-a68a5f980f34', 'COMPLETED', '2024-05-05 02:00:00');
INSERT INTO car_bookings (id, car_id, renter_id, owner_id, status, start_date, end_date, total_days, price_per_day, base_price, service_fee, taxes, total, deposit, include_insurance, has_chauffeur, airport_delivery, wedding_package, business_package, created_at) VALUES ('89090cc6-4cbe-474e-bdd3-2484da0d1bd8', 'CAR-007', 'C3D4E5F6-G7H8-9012-CDEF-345678901234', 'G7H8I9J0-K1L2-3456-GHIJ-789012345678', 'COMPLETED', '2023-06-03', '2023-06-08', 5, 1800000, 9000000, 900000.0, 720000.0, 10620000.0, 3600000, 0, 0, 0, 0, 0, '2023-05-30 00:00:00');
INSERT INTO car_booking_history (id, booking_id, status, changed_at) VALUES ('fe84f210-5f47-4815-a72d-8efb3a7d481a', '89090cc6-4cbe-474e-bdd3-2484da0d1bd8', 'PENDING', '2023-05-30 00:00:00');
INSERT INTO car_booking_history (id, booking_id, status, changed_at) VALUES ('c68b89fc-e789-4608-9c51-29376d506175', '89090cc6-4cbe-474e-bdd3-2484da0d1bd8', 'COMPLETED', '2023-05-30 02:00:00');
INSERT INTO car_bookings (id, car_id, renter_id, owner_id, status, start_date, end_date, total_days, price_per_day, base_price, service_fee, taxes, total, deposit, include_insurance, has_chauffeur, airport_delivery, wedding_package, business_package, created_at) VALUES ('cc08a1f0-d1e7-4681-ae8e-1d1c19181419', 'CAR-007', 'D4E5F6G7-H8I9-0123-DEFG-456789012345', 'G7H8I9J0-K1L2-3456-GHIJ-789012345678', 'COMPLETED', '2023-06-06', '2023-06-11', 5, 1800000, 9000000, 900000.0, 720000.0, 10620000.0, 3600000, 0, 0, 0, 0, 0, '2023-06-04 00:00:00');
INSERT INTO car_booking_history (id, booking_id, status, changed_at) VALUES ('f325cd22-0caf-47ce-9f97-5123dcc4806f', 'cc08a1f0-d1e7-4681-ae8e-1d1c19181419', 'PENDING', '2023-06-04 00:00:00');
INSERT INTO car_booking_history (id, booking_id, status, changed_at) VALUES ('9fa7b404-7718-4485-adf5-55b75c414331', 'cc08a1f0-d1e7-4681-ae8e-1d1c19181419', 'COMPLETED', '2023-06-04 02:00:00');
INSERT INTO car_bookings (id, car_id, renter_id, owner_id, status, start_date, end_date, total_days, price_per_day, base_price, service_fee, taxes, total, deposit, include_insurance, has_chauffeur, airport_delivery, wedding_package, business_package, created_at) VALUES ('0785be08-ccff-4955-b0f0-a2190afaf511', 'CAR-007', 'C3D4E5F6-G7H8-9012-CDEF-345678901234', 'G7H8I9J0-K1L2-3456-GHIJ-789012345678', 'COMPLETED', '2023-06-20', '2023-06-25', 5, 1800000, 9000000, 900000.0, 720000.0, 10620000.0, 3600000, 0, 0, 0, 0, 0, '2023-06-19 00:00:00');
INSERT INTO car_booking_history (id, booking_id, status, changed_at) VALUES ('a10fdc0b-6f70-496b-b95a-c373128923d6', '0785be08-ccff-4955-b0f0-a2190afaf511', 'PENDING', '2023-06-19 00:00:00');
INSERT INTO car_booking_history (id, booking_id, status, changed_at) VALUES ('bef6c96a-1670-4621-9594-c94494754a9e', '0785be08-ccff-4955-b0f0-a2190afaf511', 'COMPLETED', '2023-06-19 02:00:00');
INSERT INTO car_bookings (id, car_id, renter_id, owner_id, status, start_date, end_date, total_days, price_per_day, base_price, service_fee, taxes, total, deposit, include_insurance, has_chauffeur, airport_delivery, wedding_package, business_package, created_at) VALUES ('8db8c01c-6b12-4740-adee-6de1ae84cc03', 'CAR-004', 'C3D4E5F6-G7H8-9012-CDEF-345678901234', 'F6G7H8I9-J0K1-2345-FGHI-678901234567', 'COMPLETED', '2023-12-13', '2023-12-18', 5, 2500000, 12500000, 1250000.0, 1000000.0, 14750000.0, 5000000, 0, 0, 0, 0, 0, '2023-12-06 00:00:00');
INSERT INTO car_booking_history (id, booking_id, status, changed_at) VALUES ('f4f9989c-9e1f-4b58-a046-e9781e6a1fce', '8db8c01c-6b12-4740-adee-6de1ae84cc03', 'PENDING', '2023-12-06 00:00:00');
INSERT INTO car_booking_history (id, booking_id, status, changed_at) VALUES ('8391b484-7a9c-4305-8130-cb2c0f4d3339', '8db8c01c-6b12-4740-adee-6de1ae84cc03', 'COMPLETED', '2023-12-06 02:00:00');
INSERT INTO car_bookings (id, car_id, renter_id, owner_id, status, start_date, end_date, total_days, price_per_day, base_price, service_fee, taxes, total, deposit, include_insurance, has_chauffeur, airport_delivery, wedding_package, business_package, created_at) VALUES ('968acf39-2b72-43cb-beab-41a9d555a130', 'CAR-004', 'C3D4E5F6-G7H8-9012-CDEF-345678901234', 'F6G7H8I9-J0K1-2345-FGHI-678901234567', 'COMPLETED', '2023-11-29', '2023-12-08', 9, 2500000, 22500000, 2250000.0, 1800000.0, 26550000.0, 5000000, 0, 0, 0, 0, 0, '2023-11-27 00:00:00');
INSERT INTO car_booking_history (id, booking_id, status, changed_at) VALUES ('399efeef-3176-49d0-ba21-f57a9e247d40', '968acf39-2b72-43cb-beab-41a9d555a130', 'PENDING', '2023-11-27 00:00:00');
INSERT INTO car_booking_history (id, booking_id, status, changed_at) VALUES ('59f0d5aa-cf18-4e3b-8ebf-d4b1fa94d764', '968acf39-2b72-43cb-beab-41a9d555a130', 'COMPLETED', '2023-11-27 02:00:00');
INSERT INTO car_bookings (id, car_id, renter_id, owner_id, status, start_date, end_date, total_days, price_per_day, base_price, service_fee, taxes, total, deposit, include_insurance, has_chauffeur, airport_delivery, wedding_package, business_package, created_at) VALUES ('c29f675e-d412-47b0-bf47-dbea43bb6a42', 'CAR-004', 'B2C3D4E5-F6G7-8901-BCDE-234567890123', 'F6G7H8I9-J0K1-2345-FGHI-678901234567', 'COMPLETED', '2023-11-26', '2023-12-05', 9, 2500000, 22500000, 2250000.0, 1800000.0, 26550000.0, 5000000, 0, 0, 0, 0, 0, '2023-11-16 00:00:00');
INSERT INTO car_booking_history (id, booking_id, status, changed_at) VALUES ('811d2d0f-5523-4b6d-b6c9-8258596909c1', 'c29f675e-d412-47b0-bf47-dbea43bb6a42', 'PENDING', '2023-11-16 00:00:00');
INSERT INTO car_booking_history (id, booking_id, status, changed_at) VALUES ('55ee39c2-3cd0-4009-91ac-4c0557d76ad3', 'c29f675e-d412-47b0-bf47-dbea43bb6a42', 'COMPLETED', '2023-11-16 02:00:00');
INSERT INTO car_bookings (id, car_id, renter_id, owner_id, status, start_date, end_date, total_days, price_per_day, base_price, service_fee, taxes, total, deposit, include_insurance, has_chauffeur, airport_delivery, wedding_package, business_package, created_at) VALUES ('14394897-79ba-4aa5-8812-495fec7460d0', 'CAR-003', 'C3D4E5F6-G7H8-9012-CDEF-345678901234', 'E5F6G7H8-I9J0-1234-EFGH-567890123456', 'COMPLETED', '2023-12-01', '2023-12-05', 4, 950000, 3800000, 380000.0, 304000.0, 4484000.0, 1900000, 0, 0, 0, 0, 0, '2023-11-27 00:00:00');
INSERT INTO car_booking_history (id, booking_id, status, changed_at) VALUES ('718fac8d-894e-4d89-aebf-ea121e4b0525', '14394897-79ba-4aa5-8812-495fec7460d0', 'PENDING', '2023-11-27 00:00:00');
INSERT INTO car_booking_history (id, booking_id, status, changed_at) VALUES ('2f5025e3-b11d-4fa4-80f4-f1c12a4bcc5e', '14394897-79ba-4aa5-8812-495fec7460d0', 'COMPLETED', '2023-11-27 02:00:00');
INSERT INTO car_bookings (id, car_id, renter_id, owner_id, status, start_date, end_date, total_days, price_per_day, base_price, service_fee, taxes, total, deposit, include_insurance, has_chauffeur, airport_delivery, wedding_package, business_package, created_at) VALUES ('1421540c-8c31-4ab0-925d-8bce04b9a234', 'CAR-002', 'B2C3D4E5-F6G7-8901-BCDE-234567890123', 'E5F6G7H8-I9J0-1234-EFGH-567890123456', 'COMPLETED', '2023-11-24', '2023-11-27', 3, 750000, 2250000, 225000.0, 180000.0, 2655000.0, 1500000, 0, 0, 0, 0, 0, '2023-11-23 00:00:00');
INSERT INTO car_booking_history (id, booking_id, status, changed_at) VALUES ('c90b1cdc-d433-4bc8-9154-72a8e04df7a7', '1421540c-8c31-4ab0-925d-8bce04b9a234', 'PENDING', '2023-11-23 00:00:00');
INSERT INTO car_booking_history (id, booking_id, status, changed_at) VALUES ('2f47a6ae-f52c-4041-8f44-79ac7691e317', '1421540c-8c31-4ab0-925d-8bce04b9a234', 'COMPLETED', '2023-11-23 02:00:00');
INSERT INTO car_bookings (id, car_id, renter_id, owner_id, status, start_date, end_date, total_days, price_per_day, base_price, service_fee, taxes, total, deposit, include_insurance, has_chauffeur, airport_delivery, wedding_package, business_package, created_at) VALUES ('3807fb82-1533-4730-93d1-d9f3a7372a06', 'CAR-002', 'B2C3D4E5-F6G7-8901-BCDE-234567890123', 'E5F6G7H8-I9J0-1234-EFGH-567890123456', 'COMPLETED', '2023-01-29', '2023-02-01', 3, 750000, 2250000, 225000.0, 180000.0, 2655000.0, 1500000, 0, 0, 0, 0, 0, '2023-01-16 00:00:00');
INSERT INTO car_booking_history (id, booking_id, status, changed_at) VALUES ('e7080939-7000-46d9-aa36-1f80feb1b938', '3807fb82-1533-4730-93d1-d9f3a7372a06', 'PENDING', '2023-01-16 00:00:00');
INSERT INTO car_booking_history (id, booking_id, status, changed_at) VALUES ('b606813c-1fe2-42ae-9aab-110c0f911391', '3807fb82-1533-4730-93d1-d9f3a7372a06', 'COMPLETED', '2023-01-16 02:00:00');
INSERT INTO car_bookings (id, car_id, renter_id, owner_id, status, start_date, end_date, total_days, price_per_day, base_price, service_fee, taxes, total, deposit, include_insurance, has_chauffeur, airport_delivery, wedding_package, business_package, created_at) VALUES ('80caf23e-fb0a-4486-94c1-0ad524b61044', 'CAR-004', 'C3D4E5F6-G7H8-9012-CDEF-345678901234', 'F6G7H8I9-J0K1-2345-FGHI-678901234567', 'COMPLETED', '2024-04-23', '2024-05-02', 9, 2500000, 22500000, 2250000.0, 1800000.0, 26550000.0, 5000000, 0, 0, 0, 0, 0, '2024-04-15 00:00:00');
INSERT INTO car_booking_history (id, booking_id, status, changed_at) VALUES ('f3cc252e-d52e-4e6f-aa5a-9a114242f8f5', '80caf23e-fb0a-4486-94c1-0ad524b61044', 'PENDING', '2024-04-15 00:00:00');
INSERT INTO car_booking_history (id, booking_id, status, changed_at) VALUES ('c550044c-e381-45d7-9244-76864c3276dc', '80caf23e-fb0a-4486-94c1-0ad524b61044', 'COMPLETED', '2024-04-15 02:00:00');
INSERT INTO car_bookings (id, car_id, renter_id, owner_id, status, start_date, end_date, total_days, price_per_day, base_price, service_fee, taxes, total, deposit, include_insurance, has_chauffeur, airport_delivery, wedding_package, business_package, created_at) VALUES ('d1432670-829b-4eac-b623-02d39b3e3c7c', 'CAR-004', 'B2C3D4E5-F6G7-8901-BCDE-234567890123', 'F6G7H8I9-J0K1-2345-FGHI-678901234567', 'COMPLETED', '2024-05-06', '2024-05-10', 4, 2500000, 10000000, 1000000.0, 800000.0, 11800000.0, 5000000, 0, 0, 0, 0, 0, '2024-05-03 00:00:00');
INSERT INTO car_booking_history (id, booking_id, status, changed_at) VALUES ('32d9459e-5e4c-4e52-99d9-b5ec1e7f5cf9', 'd1432670-829b-4eac-b623-02d39b3e3c7c', 'PENDING', '2024-05-03 00:00:00');
INSERT INTO car_booking_history (id, booking_id, status, changed_at) VALUES ('d8246d9c-6c09-4cc3-ba2b-4465cb7c3a22', 'd1432670-829b-4eac-b623-02d39b3e3c7c', 'COMPLETED', '2024-05-03 02:00:00');
INSERT INTO car_bookings (id, car_id, renter_id, owner_id, status, start_date, end_date, total_days, price_per_day, base_price, service_fee, taxes, total, deposit, include_insurance, has_chauffeur, airport_delivery, wedding_package, business_package, created_at) VALUES ('c88d31a6-f143-4307-a9f4-e5d7176322de', 'CAR-002', 'B2C3D4E5-F6G7-8901-BCDE-234567890123', 'E5F6G7H8-I9J0-1234-EFGH-567890123456', 'COMPLETED', '2024-01-21', '2024-01-23', 2, 750000, 1500000, 150000.0, 120000.0, 1770000.0, 1500000, 0, 0, 0, 0, 0, '2024-01-15 00:00:00');
INSERT INTO car_booking_history (id, booking_id, status, changed_at) VALUES ('772aff88-6cd2-4a7d-9592-af10480b3942', 'c88d31a6-f143-4307-a9f4-e5d7176322de', 'PENDING', '2024-01-15 00:00:00');
INSERT INTO car_booking_history (id, booking_id, status, changed_at) VALUES ('feb38f81-9e2d-4c92-80ab-bf604d0fb835', 'c88d31a6-f143-4307-a9f4-e5d7176322de', 'COMPLETED', '2024-01-15 02:00:00');
INSERT INTO car_bookings (id, car_id, renter_id, owner_id, status, start_date, end_date, total_days, price_per_day, base_price, service_fee, taxes, total, deposit, include_insurance, has_chauffeur, airport_delivery, wedding_package, business_package, created_at) VALUES ('87fd3ac9-f89b-4b85-9e0d-9b5533f690b8', 'CAR-003', 'D4E5F6G7-H8I9-0123-DEFG-456789012345', 'E5F6G7H8-I9J0-1234-EFGH-567890123456', 'CANCELLED', '2023-04-23', '2023-05-03', 10, 950000, 9500000, 950000.0, 760000.0, 11210000.0, 1900000, 0, 0, 0, 0, 0, '2023-04-18 00:00:00');
INSERT INTO car_booking_history (id, booking_id, status, changed_at) VALUES ('439b2751-5127-48f0-a0a2-fad28532bc5e', '87fd3ac9-f89b-4b85-9e0d-9b5533f690b8', 'PENDING', '2023-04-18 00:00:00');
INSERT INTO car_booking_history (id, booking_id, status, changed_at) VALUES ('069a9608-c10f-4233-bef1-de98f58d4a90', '87fd3ac9-f89b-4b85-9e0d-9b5533f690b8', 'CANCELLED', '2023-04-18 02:00:00');
INSERT INTO car_bookings (id, car_id, renter_id, owner_id, status, start_date, end_date, total_days, price_per_day, base_price, service_fee, taxes, total, deposit, include_insurance, has_chauffeur, airport_delivery, wedding_package, business_package, created_at) VALUES ('ac2e308d-47d2-4358-b84e-b7654244efe9', 'CAR-003', 'D4E5F6G7-H8I9-0123-DEFG-456789012345', 'E5F6G7H8-I9J0-1234-EFGH-567890123456', 'COMPLETED', '2023-05-01', '2023-05-05', 4, 950000, 3800000, 380000.0, 304000.0, 4484000.0, 1900000, 0, 0, 0, 0, 0, '2023-04-20 00:00:00');
INSERT INTO car_booking_history (id, booking_id, status, changed_at) VALUES ('61834322-f240-4377-aeca-544bd8f4ae86', 'ac2e308d-47d2-4358-b84e-b7654244efe9', 'PENDING', '2023-04-20 00:00:00');
INSERT INTO car_booking_history (id, booking_id, status, changed_at) VALUES ('c38f0d12-0949-4a58-af9a-8b389df58d2f', 'ac2e308d-47d2-4358-b84e-b7654244efe9', 'COMPLETED', '2023-04-20 02:00:00');
INSERT INTO car_bookings (id, car_id, renter_id, owner_id, status, start_date, end_date, total_days, price_per_day, base_price, service_fee, taxes, total, deposit, include_insurance, has_chauffeur, airport_delivery, wedding_package, business_package, created_at) VALUES ('7a020fd3-59ae-43e1-99aa-9a91deb72749', 'CAR-004', 'B2C3D4E5-F6G7-8901-BCDE-234567890123', 'F6G7H8I9-J0K1-2345-FGHI-678901234567', 'CANCELLED', '2023-07-20', '2023-07-30', 10, 2500000, 25000000, 2500000.0, 2000000.0, 29500000.0, 5000000, 0, 0, 0, 0, 0, '2023-07-13 00:00:00');
INSERT INTO car_booking_history (id, booking_id, status, changed_at) VALUES ('148d54f1-c5a8-46d5-8c95-337f9e9afb62', '7a020fd3-59ae-43e1-99aa-9a91deb72749', 'PENDING', '2023-07-13 00:00:00');
INSERT INTO car_booking_history (id, booking_id, status, changed_at) VALUES ('db2bd9e5-b5d1-471c-ba9c-929fb31e85a6', '7a020fd3-59ae-43e1-99aa-9a91deb72749', 'CANCELLED', '2023-07-13 02:00:00');
INSERT INTO car_bookings (id, car_id, renter_id, owner_id, status, start_date, end_date, total_days, price_per_day, base_price, service_fee, taxes, total, deposit, include_insurance, has_chauffeur, airport_delivery, wedding_package, business_package, created_at) VALUES ('b5dd6f2f-3d3f-4eec-a9af-29ad18fe6b2f', 'CAR-003', 'B2C3D4E5-F6G7-8901-BCDE-234567890123', 'E5F6G7H8-I9J0-1234-EFGH-567890123456', 'COMPLETED', '2024-03-27', '2024-03-29', 2, 950000, 1900000, 190000.0, 152000.0, 2242000.0, 1900000, 0, 0, 0, 0, 0, '2024-03-25 00:00:00');
INSERT INTO car_booking_history (id, booking_id, status, changed_at) VALUES ('e7950c20-d211-4994-8d72-e00e9cf6dcb4', 'b5dd6f2f-3d3f-4eec-a9af-29ad18fe6b2f', 'PENDING', '2024-03-25 00:00:00');
INSERT INTO car_booking_history (id, booking_id, status, changed_at) VALUES ('2c379538-aa32-4912-9417-b3181f118e8d', 'b5dd6f2f-3d3f-4eec-a9af-29ad18fe6b2f', 'COMPLETED', '2024-03-25 02:00:00');
INSERT INTO car_bookings (id, car_id, renter_id, owner_id, status, start_date, end_date, total_days, price_per_day, base_price, service_fee, taxes, total, deposit, include_insurance, has_chauffeur, airport_delivery, wedding_package, business_package, created_at) VALUES ('f6534338-6f37-41de-9815-2c4352d3bc26', 'CAR-003', 'B2C3D4E5-F6G7-8901-BCDE-234567890123', 'E5F6G7H8-I9J0-1234-EFGH-567890123456', 'CANCELLED', '2024-03-22', '2024-03-27', 5, 950000, 4750000, 475000.0, 380000.0, 5605000.0, 1900000, 0, 0, 0, 0, 0, '2024-03-13 00:00:00');
INSERT INTO car_booking_history (id, booking_id, status, changed_at) VALUES ('253005ab-3b7a-49bc-8836-ea4ae9849701', 'f6534338-6f37-41de-9815-2c4352d3bc26', 'PENDING', '2024-03-13 00:00:00');
INSERT INTO car_booking_history (id, booking_id, status, changed_at) VALUES ('83ef2428-0dd1-4302-bac1-f28a397d3f34', 'f6534338-6f37-41de-9815-2c4352d3bc26', 'CANCELLED', '2024-03-13 02:00:00');
INSERT INTO motorbike_bookings (id, motorbike_id, renter_id, owner_id, status, start_date, end_date, total_days, price_per_day, base_price, service_fee, taxes, total, deposit, include_insurance, has_helmet, has_raincoat, has_phone_holder, has_touring_package, created_at) VALUES ('a957364e-7449-4372-94ee-3eb7484fc619', 'BIKE-2', 'C3D4E5F6-G7H8-9012-CDEF-345678901234', 'E5F6G7H8-I9J0-1234-EFGH-567890123456', 'COMPLETED', '2023-12-10', '2023-12-11', 1, 200000, 200000, 20000.0, 16000.0, 236000.0, 400000, 0, 0, 0, 0, 0, '2023-12-04 00:00:00');
INSERT INTO motorbike_booking_history (id, booking_id, status, changed_at) VALUES ('94c0cf6a-41b8-4763-b6db-9368576416b7', 'a957364e-7449-4372-94ee-3eb7484fc619', 'PENDING', '2023-12-04 00:00:00');
INSERT INTO motorbike_booking_history (id, booking_id, status, changed_at) VALUES ('03c03b46-cec8-47bb-a2d2-8d30846a3687', 'a957364e-7449-4372-94ee-3eb7484fc619', 'COMPLETED', '2023-12-04 02:00:00');
INSERT INTO motorbike_bookings (id, motorbike_id, renter_id, owner_id, status, start_date, end_date, total_days, price_per_day, base_price, service_fee, taxes, total, deposit, include_insurance, has_helmet, has_raincoat, has_phone_holder, has_touring_package, created_at) VALUES ('4c2087af-7a2d-466c-9193-daef7e1fd32f', 'BIKE-2', 'C3D4E5F6-G7H8-9012-CDEF-345678901234', 'E5F6G7H8-I9J0-1234-EFGH-567890123456', 'COMPLETED', '2023-04-27', '2023-05-01', 4, 200000, 800000, 80000.0, 64000.0, 944000.0, 400000, 0, 0, 0, 0, 0, '2023-04-24 00:00:00');
INSERT INTO motorbike_booking_history (id, booking_id, status, changed_at) VALUES ('732becf0-129a-4727-9eeb-5d5bd4e36959', '4c2087af-7a2d-466c-9193-daef7e1fd32f', 'PENDING', '2023-04-24 00:00:00');
INSERT INTO motorbike_booking_history (id, booking_id, status, changed_at) VALUES ('9cfd69e5-d725-459d-a91f-dd2eb781cef7', '4c2087af-7a2d-466c-9193-daef7e1fd32f', 'COMPLETED', '2023-04-24 02:00:00');
INSERT INTO motorbike_bookings (id, motorbike_id, renter_id, owner_id, status, start_date, end_date, total_days, price_per_day, base_price, service_fee, taxes, total, deposit, include_insurance, has_helmet, has_raincoat, has_phone_holder, has_touring_package, created_at) VALUES ('2f68b295-99f7-4f44-9e98-1a7d95cf5fb3', 'BIKE-1', 'D4E5F6G7-H8I9-0123-DEFG-456789012345', 'E5F6G7H8-I9J0-1234-EFGH-567890123456', 'COMPLETED', '2023-09-12', '2023-09-20', 8, 150000, 1200000, 120000.0, 96000.0, 1416000.0, 300000, 0, 0, 0, 0, 0, '2023-09-10 00:00:00');
INSERT INTO motorbike_booking_history (id, booking_id, status, changed_at) VALUES ('2c97f1f8-abf4-4a89-ac80-13c8f45b2279', '2f68b295-99f7-4f44-9e98-1a7d95cf5fb3', 'PENDING', '2023-09-10 00:00:00');
INSERT INTO motorbike_booking_history (id, booking_id, status, changed_at) VALUES ('09338868-cb2a-4190-9b86-255d3ce909ca', '2f68b295-99f7-4f44-9e98-1a7d95cf5fb3', 'COMPLETED', '2023-09-10 02:00:00');
INSERT INTO motorbike_bookings (id, motorbike_id, renter_id, owner_id, status, start_date, end_date, total_days, price_per_day, base_price, service_fee, taxes, total, deposit, include_insurance, has_helmet, has_raincoat, has_phone_holder, has_touring_package, created_at) VALUES ('5177cd17-0399-4440-aa3d-ba5c7cdfdca9', 'BIKE-2', 'D4E5F6G7-H8I9-0123-DEFG-456789012345', 'E5F6G7H8-I9J0-1234-EFGH-567890123456', 'COMPLETED', '2024-01-26', '2024-02-04', 9, 200000, 1800000, 180000.0, 144000.0, 2124000.0, 400000, 0, 0, 0, 0, 0, '2024-01-15 00:00:00');
INSERT INTO motorbike_booking_history (id, booking_id, status, changed_at) VALUES ('ba314121-b221-4a1f-95b7-783c33c5fdc5', '5177cd17-0399-4440-aa3d-ba5c7cdfdca9', 'PENDING', '2024-01-15 00:00:00');
INSERT INTO motorbike_booking_history (id, booking_id, status, changed_at) VALUES ('c4cf6b53-644f-4dde-936a-19d1dceeccd6', '5177cd17-0399-4440-aa3d-ba5c7cdfdca9', 'COMPLETED', '2024-01-15 02:00:00');
INSERT INTO motorbike_bookings (id, motorbike_id, renter_id, owner_id, status, start_date, end_date, total_days, price_per_day, base_price, service_fee, taxes, total, deposit, include_insurance, has_helmet, has_raincoat, has_phone_holder, has_touring_package, created_at) VALUES ('bffff501-4962-4e09-b760-22c75d518f7c', 'BIKE-3', 'B2C3D4E5-F6G7-8901-BCDE-234567890123', 'E5F6G7H8-I9J0-1234-EFGH-567890123456', 'COMPLETED', '2023-12-19', '2023-12-24', 5, 120000, 600000, 60000.0, 48000.0, 708000.0, 240000, 0, 0, 0, 0, 0, '2023-12-17 00:00:00');
INSERT INTO motorbike_booking_history (id, booking_id, status, changed_at) VALUES ('1a2b8748-73f2-4f37-91df-045a0a4fab73', 'bffff501-4962-4e09-b760-22c75d518f7c', 'PENDING', '2023-12-17 00:00:00');
INSERT INTO motorbike_booking_history (id, booking_id, status, changed_at) VALUES ('38b667e7-fc86-4f36-ae7f-dc0cb7628113', 'bffff501-4962-4e09-b760-22c75d518f7c', 'COMPLETED', '2023-12-17 02:00:00');
INSERT INTO motorbike_bookings (id, motorbike_id, renter_id, owner_id, status, start_date, end_date, total_days, price_per_day, base_price, service_fee, taxes, total, deposit, include_insurance, has_helmet, has_raincoat, has_phone_holder, has_touring_package, created_at) VALUES ('713a6a1f-b0e5-4b27-8fc2-a94eba6c0e0f', 'BIKE-3', 'B2C3D4E5-F6G7-8901-BCDE-234567890123', 'E5F6G7H8-I9J0-1234-EFGH-567890123456', 'CANCELLED', '2023-04-30', '2023-05-09', 9, 120000, 1080000, 108000.0, 86400.0, 1274400.0, 240000, 0, 0, 0, 0, 0, '2023-04-16 00:00:00');
INSERT INTO motorbike_booking_history (id, booking_id, status, changed_at) VALUES ('f7c8b56b-d5d3-42d3-9376-ac549db18843', '713a6a1f-b0e5-4b27-8fc2-a94eba6c0e0f', 'PENDING', '2023-04-16 00:00:00');
INSERT INTO motorbike_booking_history (id, booking_id, status, changed_at) VALUES ('e05465a0-53c3-4259-8bde-a40a7cd2eb84', '713a6a1f-b0e5-4b27-8fc2-a94eba6c0e0f', 'CANCELLED', '2023-04-16 02:00:00');
INSERT INTO motorbike_bookings (id, motorbike_id, renter_id, owner_id, status, start_date, end_date, total_days, price_per_day, base_price, service_fee, taxes, total, deposit, include_insurance, has_helmet, has_raincoat, has_phone_holder, has_touring_package, created_at) VALUES ('70cde931-d0de-4878-8613-893092db57e7', 'BIKE-1', 'D4E5F6G7-H8I9-0123-DEFG-456789012345', 'E5F6G7H8-I9J0-1234-EFGH-567890123456', 'COMPLETED', '2024-05-27', '2024-06-06', 10, 150000, 1500000, 150000.0, 120000.0, 1770000.0, 300000, 0, 0, 0, 0, 0, '2024-05-19 00:00:00');
INSERT INTO motorbike_booking_history (id, booking_id, status, changed_at) VALUES ('7dbed2d9-eb95-46ae-9930-9db68d80db12', '70cde931-d0de-4878-8613-893092db57e7', 'PENDING', '2024-05-19 00:00:00');
INSERT INTO motorbike_booking_history (id, booking_id, status, changed_at) VALUES ('61fc19a0-31fb-46be-b5a4-fb47c109a46a', '70cde931-d0de-4878-8613-893092db57e7', 'COMPLETED', '2024-05-19 02:00:00');
INSERT INTO motorbike_bookings (id, motorbike_id, renter_id, owner_id, status, start_date, end_date, total_days, price_per_day, base_price, service_fee, taxes, total, deposit, include_insurance, has_helmet, has_raincoat, has_phone_holder, has_touring_package, created_at) VALUES ('49101c86-4b34-4fa2-9ae6-ef9153a50ca8', 'BIKE-3', 'C3D4E5F6-G7H8-9012-CDEF-345678901234', 'E5F6G7H8-I9J0-1234-EFGH-567890123456', 'CANCELLED', '2023-12-30', '2024-01-02', 3, 120000, 360000, 36000.0, 28800.0, 424800.0, 240000, 0, 0, 0, 0, 0, '2023-12-18 00:00:00');
INSERT INTO motorbike_booking_history (id, booking_id, status, changed_at) VALUES ('b48855f6-11fe-48a3-99da-26bd6fa1fce2', '49101c86-4b34-4fa2-9ae6-ef9153a50ca8', 'PENDING', '2023-12-18 00:00:00');
INSERT INTO motorbike_booking_history (id, booking_id, status, changed_at) VALUES ('155af9be-ccb6-4773-bfcb-28f4721904bf', '49101c86-4b34-4fa2-9ae6-ef9153a50ca8', 'CANCELLED', '2023-12-18 02:00:00');
INSERT INTO motorbike_bookings (id, motorbike_id, renter_id, owner_id, status, start_date, end_date, total_days, price_per_day, base_price, service_fee, taxes, total, deposit, include_insurance, has_helmet, has_raincoat, has_phone_holder, has_touring_package, created_at) VALUES ('b2333991-b99d-458a-8b7b-662740bfb80c', 'BIKE-3', 'D4E5F6G7-H8I9-0123-DEFG-456789012345', 'E5F6G7H8-I9J0-1234-EFGH-567890123456', 'COMPLETED', '2023-01-09', '2023-01-11', 2, 120000, 240000, 24000.0, 19200.0, 283200.0, 240000, 0, 0, 0, 0, 0, '2023-01-04 00:00:00');
INSERT INTO motorbike_booking_history (id, booking_id, status, changed_at) VALUES ('ce7f2c00-a493-407e-a734-94237deed369', 'b2333991-b99d-458a-8b7b-662740bfb80c', 'PENDING', '2023-01-04 00:00:00');
INSERT INTO motorbike_booking_history (id, booking_id, status, changed_at) VALUES ('ba448bd4-32b5-490c-98f4-a9923614ef2b', 'b2333991-b99d-458a-8b7b-662740bfb80c', 'COMPLETED', '2023-01-04 02:00:00');
INSERT INTO motorbike_bookings (id, motorbike_id, renter_id, owner_id, status, start_date, end_date, total_days, price_per_day, base_price, service_fee, taxes, total, deposit, include_insurance, has_helmet, has_raincoat, has_phone_holder, has_touring_package, created_at) VALUES ('64ab9b5e-03c6-4be6-973d-068bbdfd3cbe', 'BIKE-2', 'B2C3D4E5-F6G7-8901-BCDE-234567890123', 'E5F6G7H8-I9J0-1234-EFGH-567890123456', 'COMPLETED', '2023-12-17', '2023-12-21', 4, 200000, 800000, 80000.0, 64000.0, 944000.0, 400000, 0, 0, 0, 0, 0, '2023-12-06 00:00:00');
INSERT INTO motorbike_booking_history (id, booking_id, status, changed_at) VALUES ('c6b7a78b-15fc-40bc-a53f-8de74f93b3d0', '64ab9b5e-03c6-4be6-973d-068bbdfd3cbe', 'PENDING', '2023-12-06 00:00:00');
INSERT INTO motorbike_booking_history (id, booking_id, status, changed_at) VALUES ('c31b76dc-9ebe-435b-a45d-846825b4dae1', '64ab9b5e-03c6-4be6-973d-068bbdfd3cbe', 'COMPLETED', '2023-12-06 02:00:00');
INSERT INTO motorbike_bookings (id, motorbike_id, renter_id, owner_id, status, start_date, end_date, total_days, price_per_day, base_price, service_fee, taxes, total, deposit, include_insurance, has_helmet, has_raincoat, has_phone_holder, has_touring_package, created_at) VALUES ('01e137e0-579b-4a23-a820-16512014cafd', 'BIKE-2', 'C3D4E5F6-G7H8-9012-CDEF-345678901234', 'E5F6G7H8-I9J0-1234-EFGH-567890123456', 'CANCELLED', '2023-06-17', '2023-06-21', 4, 200000, 800000, 80000.0, 64000.0, 944000.0, 400000, 0, 0, 0, 0, 0, '2023-06-08 00:00:00');
INSERT INTO motorbike_booking_history (id, booking_id, status, changed_at) VALUES ('756ee499-0c45-4b9c-8f2b-960718413af6', '01e137e0-579b-4a23-a820-16512014cafd', 'PENDING', '2023-06-08 00:00:00');
INSERT INTO motorbike_booking_history (id, booking_id, status, changed_at) VALUES ('d48bee8f-d411-464f-8999-af4a31d7aa7b', '01e137e0-579b-4a23-a820-16512014cafd', 'CANCELLED', '2023-06-08 02:00:00');
INSERT INTO motorbike_bookings (id, motorbike_id, renter_id, owner_id, status, start_date, end_date, total_days, price_per_day, base_price, service_fee, taxes, total, deposit, include_insurance, has_helmet, has_raincoat, has_phone_holder, has_touring_package, created_at) VALUES ('13145602-5722-4fe2-8a91-903b72325dad', 'BIKE-2', 'D4E5F6G7-H8I9-0123-DEFG-456789012345', 'E5F6G7H8-I9J0-1234-EFGH-567890123456', 'COMPLETED', '2023-05-26', '2023-05-28', 2, 200000, 400000, 40000.0, 32000.0, 472000.0, 400000, 0, 0, 0, 0, 0, '2023-05-17 00:00:00');
INSERT INTO motorbike_booking_history (id, booking_id, status, changed_at) VALUES ('747d6a78-9ee5-43fe-933d-4aaab165935d', '13145602-5722-4fe2-8a91-903b72325dad', 'PENDING', '2023-05-17 00:00:00');
INSERT INTO motorbike_booking_history (id, booking_id, status, changed_at) VALUES ('f30506fe-56cc-4db3-ba53-de2255ce689b', '13145602-5722-4fe2-8a91-903b72325dad', 'COMPLETED', '2023-05-17 02:00:00');
INSERT INTO motorbike_bookings (id, motorbike_id, renter_id, owner_id, status, start_date, end_date, total_days, price_per_day, base_price, service_fee, taxes, total, deposit, include_insurance, has_helmet, has_raincoat, has_phone_holder, has_touring_package, created_at) VALUES ('9a3f39cd-f571-46d3-a365-f22110a06817', 'BIKE-2', 'B2C3D4E5-F6G7-8901-BCDE-234567890123', 'E5F6G7H8-I9J0-1234-EFGH-567890123456', 'COMPLETED', '2023-01-16', '2023-01-26', 10, 200000, 2000000, 200000.0, 160000.0, 2360000.0, 400000, 0, 0, 0, 0, 0, '2023-01-15 00:00:00');
INSERT INTO motorbike_booking_history (id, booking_id, status, changed_at) VALUES ('af048563-31b5-4624-965a-7d1bc3668af7', '9a3f39cd-f571-46d3-a365-f22110a06817', 'PENDING', '2023-01-15 00:00:00');
INSERT INTO motorbike_booking_history (id, booking_id, status, changed_at) VALUES ('59cb8edd-3cdd-4a2f-ae5c-52f95c0f954e', '9a3f39cd-f571-46d3-a365-f22110a06817', 'COMPLETED', '2023-01-15 02:00:00');
INSERT INTO motorbike_bookings (id, motorbike_id, renter_id, owner_id, status, start_date, end_date, total_days, price_per_day, base_price, service_fee, taxes, total, deposit, include_insurance, has_helmet, has_raincoat, has_phone_holder, has_touring_package, created_at) VALUES ('c558394d-50f1-4b2c-aa6d-297bf359b26e', 'BIKE-2', 'B2C3D4E5-F6G7-8901-BCDE-234567890123', 'E5F6G7H8-I9J0-1234-EFGH-567890123456', 'CANCELLED', '2024-01-04', '2024-01-14', 10, 200000, 2000000, 200000.0, 160000.0, 2360000.0, 400000, 0, 0, 0, 0, 0, '2024-01-03 00:00:00');
INSERT INTO motorbike_booking_history (id, booking_id, status, changed_at) VALUES ('7d16fb7c-a724-46b5-a0e8-27875347b0d6', 'c558394d-50f1-4b2c-aa6d-297bf359b26e', 'PENDING', '2024-01-03 00:00:00');
INSERT INTO motorbike_booking_history (id, booking_id, status, changed_at) VALUES ('8da761d1-8a86-4d3f-9377-17ce1616d713', 'c558394d-50f1-4b2c-aa6d-297bf359b26e', 'CANCELLED', '2024-01-03 02:00:00');
INSERT INTO motorbike_bookings (id, motorbike_id, renter_id, owner_id, status, start_date, end_date, total_days, price_per_day, base_price, service_fee, taxes, total, deposit, include_insurance, has_helmet, has_raincoat, has_phone_holder, has_touring_package, created_at) VALUES ('636cf6c9-1620-4db9-ad1f-864c5a159d76', 'BIKE-2', 'B2C3D4E5-F6G7-8901-BCDE-234567890123', 'E5F6G7H8-I9J0-1234-EFGH-567890123456', 'COMPLETED', '2023-01-01', '2023-01-10', 9, 200000, 1800000, 180000.0, 144000.0, 2124000.0, 400000, 0, 0, 0, 0, 0, '2022-12-18 00:00:00');
INSERT INTO motorbike_booking_history (id, booking_id, status, changed_at) VALUES ('574a80db-f5cb-4f77-82cc-a2c8b42c0226', '636cf6c9-1620-4db9-ad1f-864c5a159d76', 'PENDING', '2022-12-18 00:00:00');
INSERT INTO motorbike_booking_history (id, booking_id, status, changed_at) VALUES ('3f3fe97b-78e5-4c68-b478-b880dc7b2c18', '636cf6c9-1620-4db9-ad1f-864c5a159d76', 'COMPLETED', '2022-12-18 02:00:00');
INSERT INTO motorbike_bookings (id, motorbike_id, renter_id, owner_id, status, start_date, end_date, total_days, price_per_day, base_price, service_fee, taxes, total, deposit, include_insurance, has_helmet, has_raincoat, has_phone_holder, has_touring_package, created_at) VALUES ('d6086984-d11b-4cee-9e13-0c40755471b3', 'BIKE-3', 'B2C3D4E5-F6G7-8901-BCDE-234567890123', 'E5F6G7H8-I9J0-1234-EFGH-567890123456', 'COMPLETED', '2023-07-25', '2023-07-27', 2, 120000, 240000, 24000.0, 19200.0, 283200.0, 240000, 0, 0, 0, 0, 0, '2023-07-21 00:00:00');
INSERT INTO motorbike_booking_history (id, booking_id, status, changed_at) VALUES ('18f156d5-2a88-48ec-87c9-f57f7995d9f3', 'd6086984-d11b-4cee-9e13-0c40755471b3', 'PENDING', '2023-07-21 00:00:00');
INSERT INTO motorbike_booking_history (id, booking_id, status, changed_at) VALUES ('d0d5735c-7bc1-4341-ad7f-3b7fffeda2dd', 'd6086984-d11b-4cee-9e13-0c40755471b3', 'COMPLETED', '2023-07-21 02:00:00');
INSERT INTO motorbike_bookings (id, motorbike_id, renter_id, owner_id, status, start_date, end_date, total_days, price_per_day, base_price, service_fee, taxes, total, deposit, include_insurance, has_helmet, has_raincoat, has_phone_holder, has_touring_package, created_at) VALUES ('ffa96ea6-cf0a-4b22-87bb-14d126b6eed1', 'BIKE-2', 'D4E5F6G7-H8I9-0123-DEFG-456789012345', 'E5F6G7H8-I9J0-1234-EFGH-567890123456', 'COMPLETED', '2024-05-05', '2024-05-15', 10, 200000, 2000000, 200000.0, 160000.0, 2360000.0, 400000, 0, 0, 0, 0, 0, '2024-04-29 00:00:00');
INSERT INTO motorbike_booking_history (id, booking_id, status, changed_at) VALUES ('860d09eb-4f43-4227-b763-ed7b5044d0a5', 'ffa96ea6-cf0a-4b22-87bb-14d126b6eed1', 'PENDING', '2024-04-29 00:00:00');
INSERT INTO motorbike_booking_history (id, booking_id, status, changed_at) VALUES ('f6465a41-de8e-40f2-ae84-a249d99ffd0d', 'ffa96ea6-cf0a-4b22-87bb-14d126b6eed1', 'COMPLETED', '2024-04-29 02:00:00');
INSERT INTO motorbike_bookings (id, motorbike_id, renter_id, owner_id, status, start_date, end_date, total_days, price_per_day, base_price, service_fee, taxes, total, deposit, include_insurance, has_helmet, has_raincoat, has_phone_holder, has_touring_package, created_at) VALUES ('752c9d7e-abd5-4826-a719-20086ab9c685', 'BIKE-1', 'C3D4E5F6-G7H8-9012-CDEF-345678901234', 'E5F6G7H8-I9J0-1234-EFGH-567890123456', 'CANCELLED', '2023-10-26', '2023-10-30', 4, 150000, 600000, 60000.0, 48000.0, 708000.0, 300000, 0, 0, 0, 0, 0, '2023-10-24 00:00:00');
INSERT INTO motorbike_booking_history (id, booking_id, status, changed_at) VALUES ('5ca02228-06dd-4434-9559-de381b2cc8cf', '752c9d7e-abd5-4826-a719-20086ab9c685', 'PENDING', '2023-10-24 00:00:00');
INSERT INTO motorbike_booking_history (id, booking_id, status, changed_at) VALUES ('c2c8bf04-9830-49ef-8de0-cb19cfc407ff', '752c9d7e-abd5-4826-a719-20086ab9c685', 'CANCELLED', '2023-10-24 02:00:00');
INSERT INTO motorbike_bookings (id, motorbike_id, renter_id, owner_id, status, start_date, end_date, total_days, price_per_day, base_price, service_fee, taxes, total, deposit, include_insurance, has_helmet, has_raincoat, has_phone_holder, has_touring_package, created_at) VALUES ('102052ee-46b2-4d06-9fe8-21c31f369221', 'BIKE-1', 'C3D4E5F6-G7H8-9012-CDEF-345678901234', 'E5F6G7H8-I9J0-1234-EFGH-567890123456', 'COMPLETED', '2024-05-09', '2024-05-17', 8, 150000, 1200000, 120000.0, 96000.0, 1416000.0, 300000, 0, 0, 0, 0, 0, '2024-05-07 00:00:00');
INSERT INTO motorbike_booking_history (id, booking_id, status, changed_at) VALUES ('ac883d28-6d5a-4640-9736-da6348b292e2', '102052ee-46b2-4d06-9fe8-21c31f369221', 'PENDING', '2024-05-07 00:00:00');
INSERT INTO motorbike_booking_history (id, booking_id, status, changed_at) VALUES ('0a06b107-3dcd-4272-b905-0a49a32ce52b', '102052ee-46b2-4d06-9fe8-21c31f369221', 'COMPLETED', '2024-05-07 02:00:00');
INSERT INTO motorbike_bookings (id, motorbike_id, renter_id, owner_id, status, start_date, end_date, total_days, price_per_day, base_price, service_fee, taxes, total, deposit, include_insurance, has_helmet, has_raincoat, has_phone_holder, has_touring_package, created_at) VALUES ('6f8a435e-14b0-4e4c-a7cd-983aae4e8a86', 'BIKE-3', 'D4E5F6G7-H8I9-0123-DEFG-456789012345', 'E5F6G7H8-I9J0-1234-EFGH-567890123456', 'COMPLETED', '2023-04-07', '2023-04-14', 7, 120000, 840000, 84000.0, 67200.0, 991200.0, 240000, 0, 0, 0, 0, 0, '2023-03-30 00:00:00');
INSERT INTO motorbike_booking_history (id, booking_id, status, changed_at) VALUES ('5cbf23a8-47fe-421c-95b0-cf16c2ad2ba9', '6f8a435e-14b0-4e4c-a7cd-983aae4e8a86', 'PENDING', '2023-03-30 00:00:00');
INSERT INTO motorbike_booking_history (id, booking_id, status, changed_at) VALUES ('930f6650-588c-43f9-8467-eefed6579e1e', '6f8a435e-14b0-4e4c-a7cd-983aae4e8a86', 'COMPLETED', '2023-03-30 02:00:00');
INSERT INTO motorbike_bookings (id, motorbike_id, renter_id, owner_id, status, start_date, end_date, total_days, price_per_day, base_price, service_fee, taxes, total, deposit, include_insurance, has_helmet, has_raincoat, has_phone_holder, has_touring_package, created_at) VALUES ('57edaf9b-ce75-420d-a176-9c13768ae716', 'BIKE-1', 'B2C3D4E5-F6G7-8901-BCDE-234567890123', 'E5F6G7H8-I9J0-1234-EFGH-567890123456', 'CANCELLED', '2023-09-03', '2023-09-13', 10, 150000, 1500000, 150000.0, 120000.0, 1770000.0, 300000, 0, 0, 0, 0, 0, '2023-08-26 00:00:00');
INSERT INTO motorbike_booking_history (id, booking_id, status, changed_at) VALUES ('c99f8c21-8e32-414f-bada-ab66dcdc84da', '57edaf9b-ce75-420d-a176-9c13768ae716', 'PENDING', '2023-08-26 00:00:00');
INSERT INTO motorbike_booking_history (id, booking_id, status, changed_at) VALUES ('2a1374d3-479a-471c-8141-119eb2a1baa9', '57edaf9b-ce75-420d-a176-9c13768ae716', 'CANCELLED', '2023-08-26 02:00:00');
INSERT INTO motorbike_bookings (id, motorbike_id, renter_id, owner_id, status, start_date, end_date, total_days, price_per_day, base_price, service_fee, taxes, total, deposit, include_insurance, has_helmet, has_raincoat, has_phone_holder, has_touring_package, created_at) VALUES ('86bfcc0d-83f0-4c33-93fe-7cf7ebb71b7b', 'BIKE-2', 'C3D4E5F6-G7H8-9012-CDEF-345678901234', 'E5F6G7H8-I9J0-1234-EFGH-567890123456', 'COMPLETED', '2023-09-17', '2023-09-23', 6, 200000, 1200000, 120000.0, 96000.0, 1416000.0, 400000, 0, 0, 0, 0, 0, '2023-09-16 00:00:00');
INSERT INTO motorbike_booking_history (id, booking_id, status, changed_at) VALUES ('3492ea6c-008e-4530-90b3-c4859a15aa86', '86bfcc0d-83f0-4c33-93fe-7cf7ebb71b7b', 'PENDING', '2023-09-16 00:00:00');
INSERT INTO motorbike_booking_history (id, booking_id, status, changed_at) VALUES ('707b9df6-8a62-4e92-9267-29e7218e0c8b', '86bfcc0d-83f0-4c33-93fe-7cf7ebb71b7b', 'COMPLETED', '2023-09-16 02:00:00');
INSERT INTO motorbike_bookings (id, motorbike_id, renter_id, owner_id, status, start_date, end_date, total_days, price_per_day, base_price, service_fee, taxes, total, deposit, include_insurance, has_helmet, has_raincoat, has_phone_holder, has_touring_package, created_at) VALUES ('b2c8fafa-5eb8-4582-a59c-2d64715ed2b1', 'BIKE-2', 'D4E5F6G7-H8I9-0123-DEFG-456789012345', 'E5F6G7H8-I9J0-1234-EFGH-567890123456', 'COMPLETED', '2024-05-18', '2024-05-22', 4, 200000, 800000, 80000.0, 64000.0, 944000.0, 400000, 0, 0, 0, 0, 0, '2024-05-11 00:00:00');
INSERT INTO motorbike_booking_history (id, booking_id, status, changed_at) VALUES ('5b58895e-4e1b-4ec4-9000-ff8e41af798a', 'b2c8fafa-5eb8-4582-a59c-2d64715ed2b1', 'PENDING', '2024-05-11 00:00:00');
INSERT INTO motorbike_booking_history (id, booking_id, status, changed_at) VALUES ('044fae8f-660f-4927-a376-ed89c793445a', 'b2c8fafa-5eb8-4582-a59c-2d64715ed2b1', 'COMPLETED', '2024-05-11 02:00:00');
INSERT INTO motorbike_bookings (id, motorbike_id, renter_id, owner_id, status, start_date, end_date, total_days, price_per_day, base_price, service_fee, taxes, total, deposit, include_insurance, has_helmet, has_raincoat, has_phone_holder, has_touring_package, created_at) VALUES ('eab23cbe-e36e-4a2e-892d-e84a60133554', 'BIKE-1', 'C3D4E5F6-G7H8-9012-CDEF-345678901234', 'E5F6G7H8-I9J0-1234-EFGH-567890123456', 'CANCELLED', '2023-09-12', '2023-09-17', 5, 150000, 750000, 75000.0, 60000.0, 885000.0, 300000, 0, 0, 0, 0, 0, '2023-09-03 00:00:00');
INSERT INTO motorbike_booking_history (id, booking_id, status, changed_at) VALUES ('647f5228-fa65-444d-bca3-5071745b62c7', 'eab23cbe-e36e-4a2e-892d-e84a60133554', 'PENDING', '2023-09-03 00:00:00');
INSERT INTO motorbike_booking_history (id, booking_id, status, changed_at) VALUES ('b2fdbdda-4268-4390-913d-d6fd99f02b24', 'eab23cbe-e36e-4a2e-892d-e84a60133554', 'CANCELLED', '2023-09-03 02:00:00');
INSERT INTO motorbike_bookings (id, motorbike_id, renter_id, owner_id, status, start_date, end_date, total_days, price_per_day, base_price, service_fee, taxes, total, deposit, include_insurance, has_helmet, has_raincoat, has_phone_holder, has_touring_package, created_at) VALUES ('a33d1db0-3996-452a-883c-1740635b7579', 'BIKE-2', 'B2C3D4E5-F6G7-8901-BCDE-234567890123', 'E5F6G7H8-I9J0-1234-EFGH-567890123456', 'COMPLETED', '2024-01-25', '2024-01-27', 2, 200000, 400000, 40000.0, 32000.0, 472000.0, 400000, 0, 0, 0, 0, 0, '2024-01-22 00:00:00');
INSERT INTO motorbike_booking_history (id, booking_id, status, changed_at) VALUES ('62692cf5-d5d5-4d08-a6e8-9e3fd01868a9', 'a33d1db0-3996-452a-883c-1740635b7579', 'PENDING', '2024-01-22 00:00:00');
INSERT INTO motorbike_booking_history (id, booking_id, status, changed_at) VALUES ('1c946df0-2355-4724-aa02-3d996d15416a', 'a33d1db0-3996-452a-883c-1740635b7579', 'COMPLETED', '2024-01-22 02:00:00');
INSERT INTO motorbike_bookings (id, motorbike_id, renter_id, owner_id, status, start_date, end_date, total_days, price_per_day, base_price, service_fee, taxes, total, deposit, include_insurance, has_helmet, has_raincoat, has_phone_holder, has_touring_package, created_at) VALUES ('03b0c2fc-6552-4bae-b44c-b5f08939b5e1', 'BIKE-1', 'B2C3D4E5-F6G7-8901-BCDE-234567890123', 'E5F6G7H8-I9J0-1234-EFGH-567890123456', 'CANCELLED', '2023-12-17', '2023-12-18', 1, 150000, 150000, 15000.0, 12000.0, 177000.0, 300000, 0, 0, 0, 0, 0, '2023-12-14 00:00:00');
INSERT INTO motorbike_booking_history (id, booking_id, status, changed_at) VALUES ('03b3bdba-9662-42f2-bb6e-7f2b1df638ac', '03b0c2fc-6552-4bae-b44c-b5f08939b5e1', 'PENDING', '2023-12-14 00:00:00');
INSERT INTO motorbike_booking_history (id, booking_id, status, changed_at) VALUES ('fb9269ce-2894-4091-9174-7d3cb622b241', '03b0c2fc-6552-4bae-b44c-b5f08939b5e1', 'CANCELLED', '2023-12-14 02:00:00');
INSERT INTO motorbike_bookings (id, motorbike_id, renter_id, owner_id, status, start_date, end_date, total_days, price_per_day, base_price, service_fee, taxes, total, deposit, include_insurance, has_helmet, has_raincoat, has_phone_holder, has_touring_package, created_at) VALUES ('5acd78d1-0fb1-4bf6-87c2-04ccd0594022', 'BIKE-3', 'D4E5F6G7-H8I9-0123-DEFG-456789012345', 'E5F6G7H8-I9J0-1234-EFGH-567890123456', 'COMPLETED', '2023-02-17', '2023-02-21', 4, 120000, 480000, 48000.0, 38400.0, 566400.0, 240000, 0, 0, 0, 0, 0, '2023-02-15 00:00:00');
INSERT INTO motorbike_booking_history (id, booking_id, status, changed_at) VALUES ('1d7798a9-bf99-4b95-807a-a2cd72f531ac', '5acd78d1-0fb1-4bf6-87c2-04ccd0594022', 'PENDING', '2023-02-15 00:00:00');
INSERT INTO motorbike_booking_history (id, booking_id, status, changed_at) VALUES ('a3a60597-ac07-4b46-befb-31feecf9795e', '5acd78d1-0fb1-4bf6-87c2-04ccd0594022', 'COMPLETED', '2023-02-15 02:00:00');
INSERT INTO motorbike_bookings (id, motorbike_id, renter_id, owner_id, status, start_date, end_date, total_days, price_per_day, base_price, service_fee, taxes, total, deposit, include_insurance, has_helmet, has_raincoat, has_phone_holder, has_touring_package, created_at) VALUES ('7a7901cd-df6c-4b6d-9bc3-07ad5b59b4fe', 'BIKE-3', 'D4E5F6G7-H8I9-0123-DEFG-456789012345', 'E5F6G7H8-I9J0-1234-EFGH-567890123456', 'COMPLETED', '2023-06-29', '2023-06-30', 1, 120000, 120000, 12000.0, 9600.0, 141600.0, 240000, 0, 0, 0, 0, 0, '2023-06-19 00:00:00');
INSERT INTO motorbike_booking_history (id, booking_id, status, changed_at) VALUES ('77ab3622-eaae-4d3e-8c7f-4135b0168533', '7a7901cd-df6c-4b6d-9bc3-07ad5b59b4fe', 'PENDING', '2023-06-19 00:00:00');
INSERT INTO motorbike_booking_history (id, booking_id, status, changed_at) VALUES ('025c6c7a-94fb-4522-93d1-9efe038256d8', '7a7901cd-df6c-4b6d-9bc3-07ad5b59b4fe', 'COMPLETED', '2023-06-19 02:00:00');
INSERT INTO motorbike_bookings (id, motorbike_id, renter_id, owner_id, status, start_date, end_date, total_days, price_per_day, base_price, service_fee, taxes, total, deposit, include_insurance, has_helmet, has_raincoat, has_phone_holder, has_touring_package, created_at) VALUES ('cdb202de-6192-4017-98fb-6a86be28f8bd', 'BIKE-1', 'C3D4E5F6-G7H8-9012-CDEF-345678901234', 'E5F6G7H8-I9J0-1234-EFGH-567890123456', 'COMPLETED', '2023-04-09', '2023-04-18', 9, 150000, 1350000, 135000.0, 108000.0, 1593000.0, 300000, 0, 0, 0, 0, 0, '2023-03-26 00:00:00');
INSERT INTO motorbike_booking_history (id, booking_id, status, changed_at) VALUES ('f0a2d3b7-cf79-47bd-9ca9-31ca01e4bcc3', 'cdb202de-6192-4017-98fb-6a86be28f8bd', 'PENDING', '2023-03-26 00:00:00');
INSERT INTO motorbike_booking_history (id, booking_id, status, changed_at) VALUES ('ae38ad4d-beb4-48fb-9f99-600b9f0d0704', 'cdb202de-6192-4017-98fb-6a86be28f8bd', 'COMPLETED', '2023-03-26 02:00:00');
INSERT INTO motorbike_bookings (id, motorbike_id, renter_id, owner_id, status, start_date, end_date, total_days, price_per_day, base_price, service_fee, taxes, total, deposit, include_insurance, has_helmet, has_raincoat, has_phone_holder, has_touring_package, created_at) VALUES ('bf0b045a-2bdd-4bb1-9e87-1e032189554c', 'BIKE-3', 'C3D4E5F6-G7H8-9012-CDEF-345678901234', 'E5F6G7H8-I9J0-1234-EFGH-567890123456', 'COMPLETED', '2023-05-20', '2023-05-28', 8, 120000, 960000, 96000.0, 76800.0, 1132800.0, 240000, 0, 0, 0, 0, 0, '2023-05-06 00:00:00');
INSERT INTO motorbike_booking_history (id, booking_id, status, changed_at) VALUES ('a93ef1c3-8299-4c98-9303-1f97bde9fe9a', 'bf0b045a-2bdd-4bb1-9e87-1e032189554c', 'PENDING', '2023-05-06 00:00:00');
INSERT INTO motorbike_booking_history (id, booking_id, status, changed_at) VALUES ('6665ae35-582d-4811-ba87-006c26b9d5f3', 'bf0b045a-2bdd-4bb1-9e87-1e032189554c', 'COMPLETED', '2023-05-06 02:00:00');
INSERT INTO motorbike_bookings (id, motorbike_id, renter_id, owner_id, status, start_date, end_date, total_days, price_per_day, base_price, service_fee, taxes, total, deposit, include_insurance, has_helmet, has_raincoat, has_phone_holder, has_touring_package, created_at) VALUES ('de8b080c-5bed-4b2d-9a54-974aea8d962a', 'BIKE-1', 'C3D4E5F6-G7H8-9012-CDEF-345678901234', 'E5F6G7H8-I9J0-1234-EFGH-567890123456', 'COMPLETED', '2024-05-13', '2024-05-21', 8, 150000, 1200000, 120000.0, 96000.0, 1416000.0, 300000, 0, 0, 0, 0, 0, '2024-05-12 00:00:00');
INSERT INTO motorbike_booking_history (id, booking_id, status, changed_at) VALUES ('9cc4f085-eadd-435f-9652-1dfefd5b364e', 'de8b080c-5bed-4b2d-9a54-974aea8d962a', 'PENDING', '2024-05-12 00:00:00');
INSERT INTO motorbike_booking_history (id, booking_id, status, changed_at) VALUES ('8dff4edb-95cf-489e-8092-3d88de2927d9', 'de8b080c-5bed-4b2d-9a54-974aea8d962a', 'COMPLETED', '2024-05-12 02:00:00');
INSERT INTO motorbike_bookings (id, motorbike_id, renter_id, owner_id, status, start_date, end_date, total_days, price_per_day, base_price, service_fee, taxes, total, deposit, include_insurance, has_helmet, has_raincoat, has_phone_holder, has_touring_package, created_at) VALUES ('4e3d59f5-1e15-4bca-abc9-9dc70ec4846d', 'BIKE-3', 'D4E5F6G7-H8I9-0123-DEFG-456789012345', 'E5F6G7H8-I9J0-1234-EFGH-567890123456', 'COMPLETED', '2024-03-06', '2024-03-16', 10, 120000, 1200000, 120000.0, 96000.0, 1416000.0, 240000, 0, 0, 0, 0, 0, '2024-03-02 00:00:00');
INSERT INTO motorbike_booking_history (id, booking_id, status, changed_at) VALUES ('0e5cb337-8715-4d96-8b2e-bae1f038415a', '4e3d59f5-1e15-4bca-abc9-9dc70ec4846d', 'PENDING', '2024-03-02 00:00:00');
INSERT INTO motorbike_booking_history (id, booking_id, status, changed_at) VALUES ('9415729d-2204-4a91-8da9-1b29dbb2a4de', '4e3d59f5-1e15-4bca-abc9-9dc70ec4846d', 'COMPLETED', '2024-03-02 02:00:00');
INSERT INTO motorbike_bookings (id, motorbike_id, renter_id, owner_id, status, start_date, end_date, total_days, price_per_day, base_price, service_fee, taxes, total, deposit, include_insurance, has_helmet, has_raincoat, has_phone_holder, has_touring_package, created_at) VALUES ('401129c7-7b04-4c7a-8732-54e0812eeac5', 'BIKE-1', 'B2C3D4E5-F6G7-8901-BCDE-234567890123', 'E5F6G7H8-I9J0-1234-EFGH-567890123456', 'COMPLETED', '2023-10-08', '2023-10-12', 4, 150000, 600000, 60000.0, 48000.0, 708000.0, 300000, 0, 0, 0, 0, 0, '2023-10-06 00:00:00');
INSERT INTO motorbike_booking_history (id, booking_id, status, changed_at) VALUES ('f0711b4a-ee7f-4afb-a62e-060e4cf551e3', '401129c7-7b04-4c7a-8732-54e0812eeac5', 'PENDING', '2023-10-06 00:00:00');
INSERT INTO motorbike_booking_history (id, booking_id, status, changed_at) VALUES ('1eb485e1-9b4d-48ef-a25e-0beff94c1271', '401129c7-7b04-4c7a-8732-54e0812eeac5', 'COMPLETED', '2023-10-06 02:00:00');
INSERT INTO motorbike_bookings (id, motorbike_id, renter_id, owner_id, status, start_date, end_date, total_days, price_per_day, base_price, service_fee, taxes, total, deposit, include_insurance, has_helmet, has_raincoat, has_phone_holder, has_touring_package, created_at) VALUES ('e91d6ec3-1148-48da-b269-828aca463244', 'BIKE-3', 'B2C3D4E5-F6G7-8901-BCDE-234567890123', 'E5F6G7H8-I9J0-1234-EFGH-567890123456', 'COMPLETED', '2023-04-29', '2023-05-05', 6, 120000, 720000, 72000.0, 57600.0, 849600.0, 240000, 0, 0, 0, 0, 0, '2023-04-22 00:00:00');
INSERT INTO motorbike_booking_history (id, booking_id, status, changed_at) VALUES ('f80c9c1e-a85a-4e07-8cb3-37633db71903', 'e91d6ec3-1148-48da-b269-828aca463244', 'PENDING', '2023-04-22 00:00:00');
INSERT INTO motorbike_booking_history (id, booking_id, status, changed_at) VALUES ('f13d6a9c-3a28-4f06-bd54-15300e4a0333', 'e91d6ec3-1148-48da-b269-828aca463244', 'COMPLETED', '2023-04-22 02:00:00');
INSERT INTO motorbike_bookings (id, motorbike_id, renter_id, owner_id, status, start_date, end_date, total_days, price_per_day, base_price, service_fee, taxes, total, deposit, include_insurance, has_helmet, has_raincoat, has_phone_holder, has_touring_package, created_at) VALUES ('adfda64c-1ac5-4c34-a1eb-fc4c1b0e73c7', 'BIKE-3', 'B2C3D4E5-F6G7-8901-BCDE-234567890123', 'E5F6G7H8-I9J0-1234-EFGH-567890123456', 'COMPLETED', '2023-07-30', '2023-08-06', 7, 120000, 840000, 84000.0, 67200.0, 991200.0, 240000, 0, 0, 0, 0, 0, '2023-07-23 00:00:00');
INSERT INTO motorbike_booking_history (id, booking_id, status, changed_at) VALUES ('03a5f3a2-a6d8-4806-819c-729a0065a6ce', 'adfda64c-1ac5-4c34-a1eb-fc4c1b0e73c7', 'PENDING', '2023-07-23 00:00:00');
INSERT INTO motorbike_booking_history (id, booking_id, status, changed_at) VALUES ('1448553c-5757-42f5-bf02-be716967fa81', 'adfda64c-1ac5-4c34-a1eb-fc4c1b0e73c7', 'COMPLETED', '2023-07-23 02:00:00');
INSERT INTO motorbike_bookings (id, motorbike_id, renter_id, owner_id, status, start_date, end_date, total_days, price_per_day, base_price, service_fee, taxes, total, deposit, include_insurance, has_helmet, has_raincoat, has_phone_holder, has_touring_package, created_at) VALUES ('b9391545-a703-4fb1-b408-98469320ec56', 'BIKE-3', 'D4E5F6G7-H8I9-0123-DEFG-456789012345', 'E5F6G7H8-I9J0-1234-EFGH-567890123456', 'COMPLETED', '2024-04-06', '2024-04-10', 4, 120000, 480000, 48000.0, 38400.0, 566400.0, 240000, 0, 0, 0, 0, 0, '2024-03-23 00:00:00');
INSERT INTO motorbike_booking_history (id, booking_id, status, changed_at) VALUES ('2c4c4202-bce6-4c95-9bb2-81d2b38d0005', 'b9391545-a703-4fb1-b408-98469320ec56', 'PENDING', '2024-03-23 00:00:00');
INSERT INTO motorbike_booking_history (id, booking_id, status, changed_at) VALUES ('e4e8bbfb-c653-4d18-a901-51eb576d9df3', 'b9391545-a703-4fb1-b408-98469320ec56', 'COMPLETED', '2024-03-23 02:00:00');
INSERT INTO motorbike_bookings (id, motorbike_id, renter_id, owner_id, status, start_date, end_date, total_days, price_per_day, base_price, service_fee, taxes, total, deposit, include_insurance, has_helmet, has_raincoat, has_phone_holder, has_touring_package, created_at) VALUES ('a67b5d38-1c8c-4445-961c-bec8d2aa3022', 'BIKE-2', 'D4E5F6G7-H8I9-0123-DEFG-456789012345', 'E5F6G7H8-I9J0-1234-EFGH-567890123456', 'COMPLETED', '2023-10-18', '2023-10-25', 7, 200000, 1400000, 140000.0, 112000.0, 1652000.0, 400000, 0, 0, 0, 0, 0, '2023-10-14 00:00:00');
INSERT INTO motorbike_booking_history (id, booking_id, status, changed_at) VALUES ('195f4c3b-963f-4947-b3b3-3266069fef8a', 'a67b5d38-1c8c-4445-961c-bec8d2aa3022', 'PENDING', '2023-10-14 00:00:00');
INSERT INTO motorbike_booking_history (id, booking_id, status, changed_at) VALUES ('4ca40a51-6eff-4623-9481-b194f19f794c', 'a67b5d38-1c8c-4445-961c-bec8d2aa3022', 'COMPLETED', '2023-10-14 02:00:00');
INSERT INTO motorbike_bookings (id, motorbike_id, renter_id, owner_id, status, start_date, end_date, total_days, price_per_day, base_price, service_fee, taxes, total, deposit, include_insurance, has_helmet, has_raincoat, has_phone_holder, has_touring_package, created_at) VALUES ('bbb910b7-6634-4b79-b602-0779ff257956', 'BIKE-3', 'B2C3D4E5-F6G7-8901-BCDE-234567890123', 'E5F6G7H8-I9J0-1234-EFGH-567890123456', 'COMPLETED', '2023-01-19', '2023-01-24', 5, 120000, 600000, 60000.0, 48000.0, 708000.0, 240000, 0, 0, 0, 0, 0, '2023-01-15 00:00:00');
INSERT INTO motorbike_booking_history (id, booking_id, status, changed_at) VALUES ('c8520ee5-848a-441b-91ff-9e18d8264f58', 'bbb910b7-6634-4b79-b602-0779ff257956', 'PENDING', '2023-01-15 00:00:00');
INSERT INTO motorbike_booking_history (id, booking_id, status, changed_at) VALUES ('45d9082b-794e-4f20-b1fe-b7d9d790736c', 'bbb910b7-6634-4b79-b602-0779ff257956', 'COMPLETED', '2023-01-15 02:00:00');
INSERT INTO motorbike_bookings (id, motorbike_id, renter_id, owner_id, status, start_date, end_date, total_days, price_per_day, base_price, service_fee, taxes, total, deposit, include_insurance, has_helmet, has_raincoat, has_phone_holder, has_touring_package, created_at) VALUES ('94e6bd98-5a11-497f-befb-83eca5dcab27', 'BIKE-1', 'C3D4E5F6-G7H8-9012-CDEF-345678901234', 'E5F6G7H8-I9J0-1234-EFGH-567890123456', 'COMPLETED', '2023-01-09', '2023-01-19', 10, 150000, 1500000, 150000.0, 120000.0, 1770000.0, 300000, 0, 0, 0, 0, 0, '2023-01-07 00:00:00');
INSERT INTO motorbike_booking_history (id, booking_id, status, changed_at) VALUES ('2dd93ce9-659d-4081-804a-0a9db62990ad', '94e6bd98-5a11-497f-befb-83eca5dcab27', 'PENDING', '2023-01-07 00:00:00');
INSERT INTO motorbike_booking_history (id, booking_id, status, changed_at) VALUES ('33e9f295-dc8e-4a54-85f3-dc3bdbcdf714', '94e6bd98-5a11-497f-befb-83eca5dcab27', 'COMPLETED', '2023-01-07 02:00:00');
INSERT INTO motorbike_bookings (id, motorbike_id, renter_id, owner_id, status, start_date, end_date, total_days, price_per_day, base_price, service_fee, taxes, total, deposit, include_insurance, has_helmet, has_raincoat, has_phone_holder, has_touring_package, created_at) VALUES ('3d72e003-fb3f-4240-9744-45bff104df84', 'BIKE-1', 'C3D4E5F6-G7H8-9012-CDEF-345678901234', 'E5F6G7H8-I9J0-1234-EFGH-567890123456', 'CANCELLED', '2023-05-20', '2023-05-30', 10, 150000, 1500000, 150000.0, 120000.0, 1770000.0, 300000, 0, 0, 0, 0, 0, '2023-05-18 00:00:00');
INSERT INTO motorbike_booking_history (id, booking_id, status, changed_at) VALUES ('d53fef39-10dd-4924-9db4-430b80725902', '3d72e003-fb3f-4240-9744-45bff104df84', 'PENDING', '2023-05-18 00:00:00');
INSERT INTO motorbike_booking_history (id, booking_id, status, changed_at) VALUES ('832dbf65-819e-49c5-a638-24e15c6ada0b', '3d72e003-fb3f-4240-9744-45bff104df84', 'CANCELLED', '2023-05-18 02:00:00');
INSERT INTO motorbike_bookings (id, motorbike_id, renter_id, owner_id, status, start_date, end_date, total_days, price_per_day, base_price, service_fee, taxes, total, deposit, include_insurance, has_helmet, has_raincoat, has_phone_holder, has_touring_package, created_at) VALUES ('81a08695-5d48-4916-9277-40338985e924', 'BIKE-1', 'D4E5F6G7-H8I9-0123-DEFG-456789012345', 'E5F6G7H8-I9J0-1234-EFGH-567890123456', 'COMPLETED', '2024-02-11', '2024-02-18', 7, 150000, 1050000, 105000.0, 84000.0, 1239000.0, 300000, 0, 0, 0, 0, 0, '2024-02-02 00:00:00');
INSERT INTO motorbike_booking_history (id, booking_id, status, changed_at) VALUES ('1966bed1-9b8b-41a7-a2ee-92c5dc35a46e', '81a08695-5d48-4916-9277-40338985e924', 'PENDING', '2024-02-02 00:00:00');
INSERT INTO motorbike_booking_history (id, booking_id, status, changed_at) VALUES ('e86f041b-7e16-4cbd-9dcc-4855a2f1516f', '81a08695-5d48-4916-9277-40338985e924', 'COMPLETED', '2024-02-02 02:00:00');
INSERT INTO motorbike_bookings (id, motorbike_id, renter_id, owner_id, status, start_date, end_date, total_days, price_per_day, base_price, service_fee, taxes, total, deposit, include_insurance, has_helmet, has_raincoat, has_phone_holder, has_touring_package, created_at) VALUES ('33a0d5c0-7074-4bf4-9e6f-dfbf247372da', 'BIKE-1', 'C3D4E5F6-G7H8-9012-CDEF-345678901234', 'E5F6G7H8-I9J0-1234-EFGH-567890123456', 'CANCELLED', '2024-02-22', '2024-02-24', 2, 150000, 300000, 30000.0, 24000.0, 354000.0, 300000, 0, 0, 0, 0, 0, '2024-02-14 00:00:00');
INSERT INTO motorbike_booking_history (id, booking_id, status, changed_at) VALUES ('9057c134-a6c9-4c47-8966-0da4ebe7645a', '33a0d5c0-7074-4bf4-9e6f-dfbf247372da', 'PENDING', '2024-02-14 00:00:00');
INSERT INTO motorbike_booking_history (id, booking_id, status, changed_at) VALUES ('aa6d892c-944c-42be-9ed9-8d1fb1bd3035', '33a0d5c0-7074-4bf4-9e6f-dfbf247372da', 'CANCELLED', '2024-02-14 02:00:00');
INSERT INTO motorbike_bookings (id, motorbike_id, renter_id, owner_id, status, start_date, end_date, total_days, price_per_day, base_price, service_fee, taxes, total, deposit, include_insurance, has_helmet, has_raincoat, has_phone_holder, has_touring_package, created_at) VALUES ('0a5d1b9c-3b3e-4fc9-967f-6dba4cd772fe', 'BIKE-2', 'B2C3D4E5-F6G7-8901-BCDE-234567890123', 'E5F6G7H8-I9J0-1234-EFGH-567890123456', 'COMPLETED', '2023-09-05', '2023-09-14', 9, 200000, 1800000, 180000.0, 144000.0, 2124000.0, 400000, 0, 0, 0, 0, 0, '2023-08-29 00:00:00');
INSERT INTO motorbike_booking_history (id, booking_id, status, changed_at) VALUES ('bfcc257b-f71d-4c86-aadb-92a939dc5586', '0a5d1b9c-3b3e-4fc9-967f-6dba4cd772fe', 'PENDING', '2023-08-29 00:00:00');
INSERT INTO motorbike_booking_history (id, booking_id, status, changed_at) VALUES ('e01b300c-96cc-4ede-b610-eaa99b0fcb0e', '0a5d1b9c-3b3e-4fc9-967f-6dba4cd772fe', 'COMPLETED', '2023-08-29 02:00:00');
INSERT INTO motorbike_bookings (id, motorbike_id, renter_id, owner_id, status, start_date, end_date, total_days, price_per_day, base_price, service_fee, taxes, total, deposit, include_insurance, has_helmet, has_raincoat, has_phone_holder, has_touring_package, created_at) VALUES ('a7c11349-8c29-412c-acaa-f3ab8bd95cc5', 'BIKE-3', 'D4E5F6G7-H8I9-0123-DEFG-456789012345', 'E5F6G7H8-I9J0-1234-EFGH-567890123456', 'COMPLETED', '2023-10-31', '2023-11-01', 1, 120000, 120000, 12000.0, 9600.0, 141600.0, 240000, 0, 0, 0, 0, 0, '2023-10-21 00:00:00');
INSERT INTO motorbike_booking_history (id, booking_id, status, changed_at) VALUES ('63818d50-8ba5-40b7-a644-fa065865b750', 'a7c11349-8c29-412c-acaa-f3ab8bd95cc5', 'PENDING', '2023-10-21 00:00:00');
INSERT INTO motorbike_booking_history (id, booking_id, status, changed_at) VALUES ('629b28a2-11f5-4116-aa60-a40021af3823', 'a7c11349-8c29-412c-acaa-f3ab8bd95cc5', 'COMPLETED', '2023-10-21 02:00:00');
INSERT INTO motorbike_bookings (id, motorbike_id, renter_id, owner_id, status, start_date, end_date, total_days, price_per_day, base_price, service_fee, taxes, total, deposit, include_insurance, has_helmet, has_raincoat, has_phone_holder, has_touring_package, created_at) VALUES ('65feaccf-c7c4-4a6e-beb9-bb552e418402', 'BIKE-2', 'B2C3D4E5-F6G7-8901-BCDE-234567890123', 'E5F6G7H8-I9J0-1234-EFGH-567890123456', 'COMPLETED', '2024-03-11', '2024-03-18', 7, 200000, 1400000, 140000.0, 112000.0, 1652000.0, 400000, 0, 0, 0, 0, 0, '2024-03-07 00:00:00');
INSERT INTO motorbike_booking_history (id, booking_id, status, changed_at) VALUES ('56dd29ff-fc19-4c21-bf14-66af02aa0a3e', '65feaccf-c7c4-4a6e-beb9-bb552e418402', 'PENDING', '2024-03-07 00:00:00');
INSERT INTO motorbike_booking_history (id, booking_id, status, changed_at) VALUES ('d32af45a-0d96-4965-958f-c87f4d49b482', '65feaccf-c7c4-4a6e-beb9-bb552e418402', 'COMPLETED', '2024-03-07 02:00:00');
INSERT INTO motorbike_bookings (id, motorbike_id, renter_id, owner_id, status, start_date, end_date, total_days, price_per_day, base_price, service_fee, taxes, total, deposit, include_insurance, has_helmet, has_raincoat, has_phone_holder, has_touring_package, created_at) VALUES ('cf2c82d3-7907-44bd-b69a-7dc02b86a16b', 'BIKE-2', 'D4E5F6G7-H8I9-0123-DEFG-456789012345', 'E5F6G7H8-I9J0-1234-EFGH-567890123456', 'COMPLETED', '2023-12-17', '2023-12-19', 2, 200000, 400000, 40000.0, 32000.0, 472000.0, 400000, 0, 0, 0, 0, 0, '2023-12-04 00:00:00');
INSERT INTO motorbike_booking_history (id, booking_id, status, changed_at) VALUES ('77443267-a9ee-4f2c-86a2-e71d4d44c5b9', 'cf2c82d3-7907-44bd-b69a-7dc02b86a16b', 'PENDING', '2023-12-04 00:00:00');
INSERT INTO motorbike_booking_history (id, booking_id, status, changed_at) VALUES ('8fe71737-cf66-466e-9e14-42242f3aa55e', 'cf2c82d3-7907-44bd-b69a-7dc02b86a16b', 'COMPLETED', '2023-12-04 02:00:00');
INSERT INTO motorbike_bookings (id, motorbike_id, renter_id, owner_id, status, start_date, end_date, total_days, price_per_day, base_price, service_fee, taxes, total, deposit, include_insurance, has_helmet, has_raincoat, has_phone_holder, has_touring_package, created_at) VALUES ('1a141524-526e-4318-82f7-5fa69b2b0bc1', 'BIKE-2', 'C3D4E5F6-G7H8-9012-CDEF-345678901234', 'E5F6G7H8-I9J0-1234-EFGH-567890123456', 'COMPLETED', '2023-02-14', '2023-02-18', 4, 200000, 800000, 80000.0, 64000.0, 944000.0, 400000, 0, 0, 0, 0, 0, '2023-02-05 00:00:00');
INSERT INTO motorbike_booking_history (id, booking_id, status, changed_at) VALUES ('8aa97c9c-be7e-41d6-bfff-1408dfe5413e', '1a141524-526e-4318-82f7-5fa69b2b0bc1', 'PENDING', '2023-02-05 00:00:00');
INSERT INTO motorbike_booking_history (id, booking_id, status, changed_at) VALUES ('03caa11e-73e9-481b-9bdc-10f5b6bfd77f', '1a141524-526e-4318-82f7-5fa69b2b0bc1', 'COMPLETED', '2023-02-05 02:00:00');
INSERT INTO motorbike_bookings (id, motorbike_id, renter_id, owner_id, status, start_date, end_date, total_days, price_per_day, base_price, service_fee, taxes, total, deposit, include_insurance, has_helmet, has_raincoat, has_phone_holder, has_touring_package, created_at) VALUES ('e336bf8c-d5ed-4e13-8ac9-508984629902', 'BIKE-3', 'C3D4E5F6-G7H8-9012-CDEF-345678901234', 'E5F6G7H8-I9J0-1234-EFGH-567890123456', 'COMPLETED', '2024-03-30', '2024-04-02', 3, 120000, 360000, 36000.0, 28800.0, 424800.0, 240000, 0, 0, 0, 0, 0, '2024-03-24 00:00:00');
INSERT INTO motorbike_booking_history (id, booking_id, status, changed_at) VALUES ('b6f46738-e109-4195-8f3a-ad3de9089fcf', 'e336bf8c-d5ed-4e13-8ac9-508984629902', 'PENDING', '2024-03-24 00:00:00');
INSERT INTO motorbike_booking_history (id, booking_id, status, changed_at) VALUES ('15023aae-1333-437e-a81b-8b3152bc7b0c', 'e336bf8c-d5ed-4e13-8ac9-508984629902', 'COMPLETED', '2024-03-24 02:00:00');
INSERT INTO motorbike_bookings (id, motorbike_id, renter_id, owner_id, status, start_date, end_date, total_days, price_per_day, base_price, service_fee, taxes, total, deposit, include_insurance, has_helmet, has_raincoat, has_phone_holder, has_touring_package, created_at) VALUES ('efbcd4c9-0d60-45e8-9678-e943495acafb', 'BIKE-2', 'C3D4E5F6-G7H8-9012-CDEF-345678901234', 'E5F6G7H8-I9J0-1234-EFGH-567890123456', 'COMPLETED', '2023-05-05', '2023-05-10', 5, 200000, 1000000, 100000.0, 80000.0, 1180000.0, 400000, 0, 0, 0, 0, 0, '2023-04-27 00:00:00');
INSERT INTO motorbike_booking_history (id, booking_id, status, changed_at) VALUES ('ca450ceb-ab33-4c04-bc35-5274b525692e', 'efbcd4c9-0d60-45e8-9678-e943495acafb', 'PENDING', '2023-04-27 00:00:00');
INSERT INTO motorbike_booking_history (id, booking_id, status, changed_at) VALUES ('93e84ed6-6017-4252-8eb9-c1250b5129ec', 'efbcd4c9-0d60-45e8-9678-e943495acafb', 'COMPLETED', '2023-04-27 02:00:00');
INSERT INTO motorbike_bookings (id, motorbike_id, renter_id, owner_id, status, start_date, end_date, total_days, price_per_day, base_price, service_fee, taxes, total, deposit, include_insurance, has_helmet, has_raincoat, has_phone_holder, has_touring_package, created_at) VALUES ('5167105d-f647-4fe7-9204-1d0e1cf865d1', 'BIKE-1', 'D4E5F6G7-H8I9-0123-DEFG-456789012345', 'E5F6G7H8-I9J0-1234-EFGH-567890123456', 'COMPLETED', '2024-03-01', '2024-03-10', 9, 150000, 1350000, 135000.0, 108000.0, 1593000.0, 300000, 0, 0, 0, 0, 0, '2024-02-22 00:00:00');
INSERT INTO motorbike_booking_history (id, booking_id, status, changed_at) VALUES ('f8e8d3e6-35ca-41e1-b053-337d5a8052a6', '5167105d-f647-4fe7-9204-1d0e1cf865d1', 'PENDING', '2024-02-22 00:00:00');
INSERT INTO motorbike_booking_history (id, booking_id, status, changed_at) VALUES ('ba6e354a-4a5b-41b9-a0cd-0fccf3d17b7c', '5167105d-f647-4fe7-9204-1d0e1cf865d1', 'COMPLETED', '2024-02-22 02:00:00');
INSERT INTO motorbike_bookings (id, motorbike_id, renter_id, owner_id, status, start_date, end_date, total_days, price_per_day, base_price, service_fee, taxes, total, deposit, include_insurance, has_helmet, has_raincoat, has_phone_holder, has_touring_package, created_at) VALUES ('cb7368f2-d575-44d4-93c2-fce3b556e88d', 'BIKE-1', 'B2C3D4E5-F6G7-8901-BCDE-234567890123', 'E5F6G7H8-I9J0-1234-EFGH-567890123456', 'COMPLETED', '2023-03-08', '2023-03-12', 4, 150000, 600000, 60000.0, 48000.0, 708000.0, 300000, 0, 0, 0, 0, 0, '2023-02-22 00:00:00');
INSERT INTO motorbike_booking_history (id, booking_id, status, changed_at) VALUES ('98a63745-575c-493b-8be5-b3b29bd8b24e', 'cb7368f2-d575-44d4-93c2-fce3b556e88d', 'PENDING', '2023-02-22 00:00:00');
INSERT INTO motorbike_booking_history (id, booking_id, status, changed_at) VALUES ('66d07463-d665-41fe-802f-881adb056ff8', 'cb7368f2-d575-44d4-93c2-fce3b556e88d', 'COMPLETED', '2023-02-22 02:00:00');
INSERT INTO motorbike_bookings (id, motorbike_id, renter_id, owner_id, status, start_date, end_date, total_days, price_per_day, base_price, service_fee, taxes, total, deposit, include_insurance, has_helmet, has_raincoat, has_phone_holder, has_touring_package, created_at) VALUES ('b93ed579-7bc6-4543-8996-86850f33f188', 'BIKE-3', 'B2C3D4E5-F6G7-8901-BCDE-234567890123', 'E5F6G7H8-I9J0-1234-EFGH-567890123456', 'COMPLETED', '2024-05-08', '2024-05-17', 9, 120000, 1080000, 108000.0, 86400.0, 1274400.0, 240000, 0, 0, 0, 0, 0, '2024-04-29 00:00:00');
INSERT INTO motorbike_booking_history (id, booking_id, status, changed_at) VALUES ('5d66e1d8-3401-45a1-8e59-45c47b530d97', 'b93ed579-7bc6-4543-8996-86850f33f188', 'PENDING', '2024-04-29 00:00:00');
INSERT INTO motorbike_booking_history (id, booking_id, status, changed_at) VALUES ('cacb6fb1-5452-4782-92c2-6d06386f4d84', 'b93ed579-7bc6-4543-8996-86850f33f188', 'COMPLETED', '2024-04-29 02:00:00');
INSERT INTO motorbike_bookings (id, motorbike_id, renter_id, owner_id, status, start_date, end_date, total_days, price_per_day, base_price, service_fee, taxes, total, deposit, include_insurance, has_helmet, has_raincoat, has_phone_holder, has_touring_package, created_at) VALUES ('c04dfb52-60b2-47f9-90b3-c31eb2af6e40', 'BIKE-3', 'D4E5F6G7-H8I9-0123-DEFG-456789012345', 'E5F6G7H8-I9J0-1234-EFGH-567890123456', 'COMPLETED', '2023-05-07', '2023-05-15', 8, 120000, 960000, 96000.0, 76800.0, 1132800.0, 240000, 0, 0, 0, 0, 0, '2023-04-25 00:00:00');
INSERT INTO motorbike_booking_history (id, booking_id, status, changed_at) VALUES ('794a313b-c944-440e-b9d7-eb5363b95de6', 'c04dfb52-60b2-47f9-90b3-c31eb2af6e40', 'PENDING', '2023-04-25 00:00:00');
INSERT INTO motorbike_booking_history (id, booking_id, status, changed_at) VALUES ('deeb560c-56d6-4a2b-b49a-81111ad5260f', 'c04dfb52-60b2-47f9-90b3-c31eb2af6e40', 'COMPLETED', '2023-04-25 02:00:00');
INSERT INTO motorbike_bookings (id, motorbike_id, renter_id, owner_id, status, start_date, end_date, total_days, price_per_day, base_price, service_fee, taxes, total, deposit, include_insurance, has_helmet, has_raincoat, has_phone_holder, has_touring_package, created_at) VALUES ('bbcd69a4-3860-4176-9a39-6de4c116d611', 'BIKE-3', 'C3D4E5F6-G7H8-9012-CDEF-345678901234', 'E5F6G7H8-I9J0-1234-EFGH-567890123456', 'COMPLETED', '2024-03-18', '2024-03-20', 2, 120000, 240000, 24000.0, 19200.0, 283200.0, 240000, 0, 0, 0, 0, 0, '2024-03-04 00:00:00');
INSERT INTO motorbike_booking_history (id, booking_id, status, changed_at) VALUES ('89117f89-2da7-4ea6-aa29-307514d90f64', 'bbcd69a4-3860-4176-9a39-6de4c116d611', 'PENDING', '2024-03-04 00:00:00');
INSERT INTO motorbike_booking_history (id, booking_id, status, changed_at) VALUES ('6810f871-b7a8-4bea-90b7-c8ffa41f98c4', 'bbcd69a4-3860-4176-9a39-6de4c116d611', 'COMPLETED', '2024-03-04 02:00:00');
INSERT INTO motorbike_bookings (id, motorbike_id, renter_id, owner_id, status, start_date, end_date, total_days, price_per_day, base_price, service_fee, taxes, total, deposit, include_insurance, has_helmet, has_raincoat, has_phone_holder, has_touring_package, created_at) VALUES ('d5d8bbc2-e1fe-448a-a74b-4e0e260b4ed4', 'BIKE-2', 'B2C3D4E5-F6G7-8901-BCDE-234567890123', 'E5F6G7H8-I9J0-1234-EFGH-567890123456', 'COMPLETED', '2023-09-08', '2023-09-13', 5, 200000, 1000000, 100000.0, 80000.0, 1180000.0, 400000, 0, 0, 0, 0, 0, '2023-09-05 00:00:00');
INSERT INTO motorbike_booking_history (id, booking_id, status, changed_at) VALUES ('8982f127-edb6-47c4-b9b8-857b7e7e0ef6', 'd5d8bbc2-e1fe-448a-a74b-4e0e260b4ed4', 'PENDING', '2023-09-05 00:00:00');
INSERT INTO motorbike_booking_history (id, booking_id, status, changed_at) VALUES ('55dd830b-5ef6-4f02-ad0d-c5d0a37a69da', 'd5d8bbc2-e1fe-448a-a74b-4e0e260b4ed4', 'COMPLETED', '2023-09-05 02:00:00');
INSERT INTO motorbike_bookings (id, motorbike_id, renter_id, owner_id, status, start_date, end_date, total_days, price_per_day, base_price, service_fee, taxes, total, deposit, include_insurance, has_helmet, has_raincoat, has_phone_holder, has_touring_package, created_at) VALUES ('c084d6bd-a072-4bc8-b2d3-1ae21362f2f0', 'BIKE-3', 'D4E5F6G7-H8I9-0123-DEFG-456789012345', 'E5F6G7H8-I9J0-1234-EFGH-567890123456', 'COMPLETED', '2023-10-05', '2023-10-07', 2, 120000, 240000, 24000.0, 19200.0, 283200.0, 240000, 0, 0, 0, 0, 0, '2023-09-28 00:00:00');
INSERT INTO motorbike_booking_history (id, booking_id, status, changed_at) VALUES ('75e2afd1-28b1-4a78-a569-9f11952fc101', 'c084d6bd-a072-4bc8-b2d3-1ae21362f2f0', 'PENDING', '2023-09-28 00:00:00');
INSERT INTO motorbike_booking_history (id, booking_id, status, changed_at) VALUES ('fdc33b3f-23a3-4cae-901f-2b8f901a97b0', 'c084d6bd-a072-4bc8-b2d3-1ae21362f2f0', 'COMPLETED', '2023-09-28 02:00:00');
INSERT INTO motorbike_bookings (id, motorbike_id, renter_id, owner_id, status, start_date, end_date, total_days, price_per_day, base_price, service_fee, taxes, total, deposit, include_insurance, has_helmet, has_raincoat, has_phone_holder, has_touring_package, created_at) VALUES ('d8114001-938c-4fb9-b2de-48e37d8d0c2a', 'BIKE-2', 'C3D4E5F6-G7H8-9012-CDEF-345678901234', 'E5F6G7H8-I9J0-1234-EFGH-567890123456', 'COMPLETED', '2024-01-07', '2024-01-08', 1, 200000, 200000, 20000.0, 16000.0, 236000.0, 400000, 0, 0, 0, 0, 0, '2023-12-29 00:00:00');
INSERT INTO motorbike_booking_history (id, booking_id, status, changed_at) VALUES ('24d082a5-b8a7-43c4-bae9-c5f007eaaddc', 'd8114001-938c-4fb9-b2de-48e37d8d0c2a', 'PENDING', '2023-12-29 00:00:00');
INSERT INTO motorbike_booking_history (id, booking_id, status, changed_at) VALUES ('f26c4725-1a20-4e97-a3dd-8b508bdc6209', 'd8114001-938c-4fb9-b2de-48e37d8d0c2a', 'COMPLETED', '2023-12-29 02:00:00');
INSERT INTO motorbike_bookings (id, motorbike_id, renter_id, owner_id, status, start_date, end_date, total_days, price_per_day, base_price, service_fee, taxes, total, deposit, include_insurance, has_helmet, has_raincoat, has_phone_holder, has_touring_package, created_at) VALUES ('a039b14d-246b-43cb-ad07-6568c73c1e1c', 'BIKE-3', 'C3D4E5F6-G7H8-9012-CDEF-345678901234', 'E5F6G7H8-I9J0-1234-EFGH-567890123456', 'COMPLETED', '2024-05-27', '2024-06-05', 9, 120000, 1080000, 108000.0, 86400.0, 1274400.0, 240000, 0, 0, 0, 0, 0, '2024-05-14 00:00:00');
INSERT INTO motorbike_booking_history (id, booking_id, status, changed_at) VALUES ('321fe67f-2d80-48c8-bfd5-191d58f773ee', 'a039b14d-246b-43cb-ad07-6568c73c1e1c', 'PENDING', '2024-05-14 00:00:00');
INSERT INTO motorbike_booking_history (id, booking_id, status, changed_at) VALUES ('6cdfef04-a9b2-4aa8-ada1-37ab07d1be25', 'a039b14d-246b-43cb-ad07-6568c73c1e1c', 'COMPLETED', '2024-05-14 02:00:00');
INSERT INTO motorbike_bookings (id, motorbike_id, renter_id, owner_id, status, start_date, end_date, total_days, price_per_day, base_price, service_fee, taxes, total, deposit, include_insurance, has_helmet, has_raincoat, has_phone_holder, has_touring_package, created_at) VALUES ('70da6f37-1c53-4ce6-acce-f921f463f221', 'BIKE-1', 'D4E5F6G7-H8I9-0123-DEFG-456789012345', 'E5F6G7H8-I9J0-1234-EFGH-567890123456', 'CANCELLED', '2023-03-23', '2023-04-01', 9, 150000, 1350000, 135000.0, 108000.0, 1593000.0, 300000, 0, 0, 0, 0, 0, '2023-03-15 00:00:00');
INSERT INTO motorbike_booking_history (id, booking_id, status, changed_at) VALUES ('da34d6cf-8f78-4f02-b979-d98b6694505d', '70da6f37-1c53-4ce6-acce-f921f463f221', 'PENDING', '2023-03-15 00:00:00');
INSERT INTO motorbike_booking_history (id, booking_id, status, changed_at) VALUES ('941d4ac8-8fc4-443c-bab0-99d5bfb99753', '70da6f37-1c53-4ce6-acce-f921f463f221', 'CANCELLED', '2023-03-15 02:00:00');
INSERT INTO motorbike_bookings (id, motorbike_id, renter_id, owner_id, status, start_date, end_date, total_days, price_per_day, base_price, service_fee, taxes, total, deposit, include_insurance, has_helmet, has_raincoat, has_phone_holder, has_touring_package, created_at) VALUES ('57ee60c9-8e48-40d5-801e-74146cae2c14', 'BIKE-2', 'B2C3D4E5-F6G7-8901-BCDE-234567890123', 'E5F6G7H8-I9J0-1234-EFGH-567890123456', 'COMPLETED', '2023-07-24', '2023-07-31', 7, 200000, 1400000, 140000.0, 112000.0, 1652000.0, 400000, 0, 0, 0, 0, 0, '2023-07-19 00:00:00');
INSERT INTO motorbike_booking_history (id, booking_id, status, changed_at) VALUES ('c4f768dd-1fad-4d5e-9969-c2e5d1eddac5', '57ee60c9-8e48-40d5-801e-74146cae2c14', 'PENDING', '2023-07-19 00:00:00');
INSERT INTO motorbike_booking_history (id, booking_id, status, changed_at) VALUES ('4dbbebda-909c-4b2f-b4e5-dc24320624b9', '57ee60c9-8e48-40d5-801e-74146cae2c14', 'COMPLETED', '2023-07-19 02:00:00');
INSERT INTO motorbike_bookings (id, motorbike_id, renter_id, owner_id, status, start_date, end_date, total_days, price_per_day, base_price, service_fee, taxes, total, deposit, include_insurance, has_helmet, has_raincoat, has_phone_holder, has_touring_package, created_at) VALUES ('81256732-4ddb-4a59-b630-0e637c656773', 'BIKE-2', 'C3D4E5F6-G7H8-9012-CDEF-345678901234', 'E5F6G7H8-I9J0-1234-EFGH-567890123456', 'CANCELLED', '2023-02-25', '2023-03-05', 8, 200000, 1600000, 160000.0, 128000.0, 1888000.0, 400000, 0, 0, 0, 0, 0, '2023-02-13 00:00:00');
INSERT INTO motorbike_booking_history (id, booking_id, status, changed_at) VALUES ('928a54ca-b118-4ccb-8c74-6cad34a5ed1f', '81256732-4ddb-4a59-b630-0e637c656773', 'PENDING', '2023-02-13 00:00:00');
INSERT INTO motorbike_booking_history (id, booking_id, status, changed_at) VALUES ('3e9b437c-5bad-42be-b584-98c340e7c349', '81256732-4ddb-4a59-b630-0e637c656773', 'CANCELLED', '2023-02-13 02:00:00');
INSERT INTO motorbike_bookings (id, motorbike_id, renter_id, owner_id, status, start_date, end_date, total_days, price_per_day, base_price, service_fee, taxes, total, deposit, include_insurance, has_helmet, has_raincoat, has_phone_holder, has_touring_package, created_at) VALUES ('5a43a98a-ac9c-427c-be5a-d3ae79ac19c5', 'BIKE-3', 'D4E5F6G7-H8I9-0123-DEFG-456789012345', 'E5F6G7H8-I9J0-1234-EFGH-567890123456', 'COMPLETED', '2024-04-30', '2024-05-10', 10, 120000, 1200000, 120000.0, 96000.0, 1416000.0, 240000, 0, 0, 0, 0, 0, '2024-04-26 00:00:00');
INSERT INTO motorbike_booking_history (id, booking_id, status, changed_at) VALUES ('6dcd4cac-43c2-415d-a4e7-b9604c1bf12e', '5a43a98a-ac9c-427c-be5a-d3ae79ac19c5', 'PENDING', '2024-04-26 00:00:00');
INSERT INTO motorbike_booking_history (id, booking_id, status, changed_at) VALUES ('b48aab29-551b-412d-8688-f8ab2ce73966', '5a43a98a-ac9c-427c-be5a-d3ae79ac19c5', 'COMPLETED', '2024-04-26 02:00:00');
INSERT INTO motorbike_bookings (id, motorbike_id, renter_id, owner_id, status, start_date, end_date, total_days, price_per_day, base_price, service_fee, taxes, total, deposit, include_insurance, has_helmet, has_raincoat, has_phone_holder, has_touring_package, created_at) VALUES ('3d83519b-eb28-4cd2-8099-12353a44b84f', 'BIKE-3', 'C3D4E5F6-G7H8-9012-CDEF-345678901234', 'E5F6G7H8-I9J0-1234-EFGH-567890123456', 'COMPLETED', '2023-11-16', '2023-11-24', 8, 120000, 960000, 96000.0, 76800.0, 1132800.0, 240000, 0, 0, 0, 0, 0, '2023-11-14 00:00:00');
INSERT INTO motorbike_booking_history (id, booking_id, status, changed_at) VALUES ('de457401-7200-49d3-88a9-82708435c550', '3d83519b-eb28-4cd2-8099-12353a44b84f', 'PENDING', '2023-11-14 00:00:00');
INSERT INTO motorbike_booking_history (id, booking_id, status, changed_at) VALUES ('9c007641-6f4a-4e1e-870a-07ddfb5ca20b', '3d83519b-eb28-4cd2-8099-12353a44b84f', 'COMPLETED', '2023-11-14 02:00:00');
INSERT INTO motorbike_bookings (id, motorbike_id, renter_id, owner_id, status, start_date, end_date, total_days, price_per_day, base_price, service_fee, taxes, total, deposit, include_insurance, has_helmet, has_raincoat, has_phone_holder, has_touring_package, created_at) VALUES ('59c94d36-d0fa-462a-a764-721cd10cdac1', 'BIKE-3', 'C3D4E5F6-G7H8-9012-CDEF-345678901234', 'E5F6G7H8-I9J0-1234-EFGH-567890123456', 'CANCELLED', '2023-04-14', '2023-04-23', 9, 120000, 1080000, 108000.0, 86400.0, 1274400.0, 240000, 0, 0, 0, 0, 0, '2023-03-31 00:00:00');
INSERT INTO motorbike_booking_history (id, booking_id, status, changed_at) VALUES ('fdf2899d-ea7b-45f1-9a8d-2d98c2d5615e', '59c94d36-d0fa-462a-a764-721cd10cdac1', 'PENDING', '2023-03-31 00:00:00');
INSERT INTO motorbike_booking_history (id, booking_id, status, changed_at) VALUES ('5f09e930-dd31-45dc-971c-2a2c27a23b1b', '59c94d36-d0fa-462a-a764-721cd10cdac1', 'CANCELLED', '2023-03-31 02:00:00');
INSERT INTO motorbike_bookings (id, motorbike_id, renter_id, owner_id, status, start_date, end_date, total_days, price_per_day, base_price, service_fee, taxes, total, deposit, include_insurance, has_helmet, has_raincoat, has_phone_holder, has_touring_package, created_at) VALUES ('50084295-e6a8-4632-8293-6f49cc425256', 'BIKE-3', 'B2C3D4E5-F6G7-8901-BCDE-234567890123', 'E5F6G7H8-I9J0-1234-EFGH-567890123456', 'COMPLETED', '2023-05-06', '2023-05-12', 6, 120000, 720000, 72000.0, 57600.0, 849600.0, 240000, 0, 0, 0, 0, 0, '2023-05-02 00:00:00');
INSERT INTO motorbike_booking_history (id, booking_id, status, changed_at) VALUES ('7960b66f-306a-422e-878b-f844c7d4c134', '50084295-e6a8-4632-8293-6f49cc425256', 'PENDING', '2023-05-02 00:00:00');
INSERT INTO motorbike_booking_history (id, booking_id, status, changed_at) VALUES ('792c80ed-5f8a-4cea-8055-17d00a4da09b', '50084295-e6a8-4632-8293-6f49cc425256', 'COMPLETED', '2023-05-02 02:00:00');
INSERT INTO motorbike_bookings (id, motorbike_id, renter_id, owner_id, status, start_date, end_date, total_days, price_per_day, base_price, service_fee, taxes, total, deposit, include_insurance, has_helmet, has_raincoat, has_phone_holder, has_touring_package, created_at) VALUES ('cb2abad1-bf15-4bc8-b58e-4ec57297696c', 'BIKE-2', 'C3D4E5F6-G7H8-9012-CDEF-345678901234', 'E5F6G7H8-I9J0-1234-EFGH-567890123456', 'COMPLETED', '2024-02-04', '2024-02-11', 7, 200000, 1400000, 140000.0, 112000.0, 1652000.0, 400000, 0, 0, 0, 0, 0, '2024-01-26 00:00:00');
INSERT INTO motorbike_booking_history (id, booking_id, status, changed_at) VALUES ('f0cb475f-3792-47e3-8bd6-6fd4d6765586', 'cb2abad1-bf15-4bc8-b58e-4ec57297696c', 'PENDING', '2024-01-26 00:00:00');
INSERT INTO motorbike_booking_history (id, booking_id, status, changed_at) VALUES ('9f6e1c54-dfdd-4b06-ad12-44f174448264', 'cb2abad1-bf15-4bc8-b58e-4ec57297696c', 'COMPLETED', '2024-01-26 02:00:00');
INSERT INTO motorbike_bookings (id, motorbike_id, renter_id, owner_id, status, start_date, end_date, total_days, price_per_day, base_price, service_fee, taxes, total, deposit, include_insurance, has_helmet, has_raincoat, has_phone_holder, has_touring_package, created_at) VALUES ('456d22e9-00f2-4f55-8423-1e8fc9e2adca', 'BIKE-3', 'C3D4E5F6-G7H8-9012-CDEF-345678901234', 'E5F6G7H8-I9J0-1234-EFGH-567890123456', 'COMPLETED', '2024-04-19', '2024-04-26', 7, 120000, 840000, 84000.0, 67200.0, 991200.0, 240000, 0, 0, 0, 0, 0, '2024-04-05 00:00:00');
INSERT INTO motorbike_booking_history (id, booking_id, status, changed_at) VALUES ('91eceb10-9c15-4a9c-a2e4-dcfd1ca57f31', '456d22e9-00f2-4f55-8423-1e8fc9e2adca', 'PENDING', '2024-04-05 00:00:00');
INSERT INTO motorbike_booking_history (id, booking_id, status, changed_at) VALUES ('697c02a1-f252-41ad-95a6-2cd1bf606aae', '456d22e9-00f2-4f55-8423-1e8fc9e2adca', 'COMPLETED', '2024-04-05 02:00:00');
INSERT INTO motorbike_bookings (id, motorbike_id, renter_id, owner_id, status, start_date, end_date, total_days, price_per_day, base_price, service_fee, taxes, total, deposit, include_insurance, has_helmet, has_raincoat, has_phone_holder, has_touring_package, created_at) VALUES ('b880f381-53cd-4973-be54-ae411d19bc3d', 'BIKE-2', 'C3D4E5F6-G7H8-9012-CDEF-345678901234', 'E5F6G7H8-I9J0-1234-EFGH-567890123456', 'COMPLETED', '2023-10-04', '2023-10-07', 3, 200000, 600000, 60000.0, 48000.0, 708000.0, 400000, 0, 0, 0, 0, 0, '2023-09-23 00:00:00');
INSERT INTO motorbike_booking_history (id, booking_id, status, changed_at) VALUES ('2fcb24dc-bbfd-4cb4-914a-e1411d4a1b1b', 'b880f381-53cd-4973-be54-ae411d19bc3d', 'PENDING', '2023-09-23 00:00:00');
INSERT INTO motorbike_booking_history (id, booking_id, status, changed_at) VALUES ('6faa78d0-19b3-411c-a7e6-b5017241f7e7', 'b880f381-53cd-4973-be54-ae411d19bc3d', 'COMPLETED', '2023-09-23 02:00:00');
INSERT INTO motorbike_bookings (id, motorbike_id, renter_id, owner_id, status, start_date, end_date, total_days, price_per_day, base_price, service_fee, taxes, total, deposit, include_insurance, has_helmet, has_raincoat, has_phone_holder, has_touring_package, created_at) VALUES ('f2c00cf1-146c-4cbc-9013-9ec761389fca', 'BIKE-3', 'B2C3D4E5-F6G7-8901-BCDE-234567890123', 'E5F6G7H8-I9J0-1234-EFGH-567890123456', 'CANCELLED', '2024-05-31', '2024-06-02', 2, 120000, 240000, 24000.0, 19200.0, 283200.0, 240000, 0, 0, 0, 0, 0, '2024-05-24 00:00:00');
INSERT INTO motorbike_booking_history (id, booking_id, status, changed_at) VALUES ('b0b8de14-d978-4ff3-b24f-0382d24eac99', 'f2c00cf1-146c-4cbc-9013-9ec761389fca', 'PENDING', '2024-05-24 00:00:00');
INSERT INTO motorbike_booking_history (id, booking_id, status, changed_at) VALUES ('7dc532b3-eb2b-4e35-b56e-2f05b85bbe18', 'f2c00cf1-146c-4cbc-9013-9ec761389fca', 'CANCELLED', '2024-05-24 02:00:00');
INSERT INTO motorbike_bookings (id, motorbike_id, renter_id, owner_id, status, start_date, end_date, total_days, price_per_day, base_price, service_fee, taxes, total, deposit, include_insurance, has_helmet, has_raincoat, has_phone_holder, has_touring_package, created_at) VALUES ('a31bb42c-bb14-4881-a27c-87e84e82801c', 'BIKE-3', 'B2C3D4E5-F6G7-8901-BCDE-234567890123', 'E5F6G7H8-I9J0-1234-EFGH-567890123456', 'CANCELLED', '2023-11-08', '2023-11-16', 8, 120000, 960000, 96000.0, 76800.0, 1132800.0, 240000, 0, 0, 0, 0, 0, '2023-10-31 00:00:00');
INSERT INTO motorbike_booking_history (id, booking_id, status, changed_at) VALUES ('d6d7654b-4c4d-44e0-8521-730dc091712e', 'a31bb42c-bb14-4881-a27c-87e84e82801c', 'PENDING', '2023-10-31 00:00:00');
INSERT INTO motorbike_booking_history (id, booking_id, status, changed_at) VALUES ('b798033b-d977-4a6e-93a2-c645ea477b19', 'a31bb42c-bb14-4881-a27c-87e84e82801c', 'CANCELLED', '2023-10-31 02:00:00');
INSERT INTO motorbike_bookings (id, motorbike_id, renter_id, owner_id, status, start_date, end_date, total_days, price_per_day, base_price, service_fee, taxes, total, deposit, include_insurance, has_helmet, has_raincoat, has_phone_holder, has_touring_package, created_at) VALUES ('6396499e-e03e-4f0f-a0a2-24fb774e52b8', 'BIKE-3', 'C3D4E5F6-G7H8-9012-CDEF-345678901234', 'E5F6G7H8-I9J0-1234-EFGH-567890123456', 'COMPLETED', '2023-04-16', '2023-04-23', 7, 120000, 840000, 84000.0, 67200.0, 991200.0, 240000, 0, 0, 0, 0, 0, '2023-04-14 00:00:00');
INSERT INTO motorbike_booking_history (id, booking_id, status, changed_at) VALUES ('b2a063a1-218f-4499-9f00-1421958a0434', '6396499e-e03e-4f0f-a0a2-24fb774e52b8', 'PENDING', '2023-04-14 00:00:00');
INSERT INTO motorbike_booking_history (id, booking_id, status, changed_at) VALUES ('2b73d110-0300-4466-aaf1-50056f438e89', '6396499e-e03e-4f0f-a0a2-24fb774e52b8', 'COMPLETED', '2023-04-14 02:00:00');
INSERT INTO motorbike_bookings (id, motorbike_id, renter_id, owner_id, status, start_date, end_date, total_days, price_per_day, base_price, service_fee, taxes, total, deposit, include_insurance, has_helmet, has_raincoat, has_phone_holder, has_touring_package, created_at) VALUES ('e14e3e7a-34e4-47a9-adce-519f503567ed', 'BIKE-3', 'D4E5F6G7-H8I9-0123-DEFG-456789012345', 'E5F6G7H8-I9J0-1234-EFGH-567890123456', 'COMPLETED', '2023-10-14', '2023-10-16', 2, 120000, 240000, 24000.0, 19200.0, 283200.0, 240000, 0, 0, 0, 0, 0, '2023-10-04 00:00:00');
INSERT INTO motorbike_booking_history (id, booking_id, status, changed_at) VALUES ('a7c5ddcd-7de7-40e3-9339-45c28e32e74b', 'e14e3e7a-34e4-47a9-adce-519f503567ed', 'PENDING', '2023-10-04 00:00:00');
INSERT INTO motorbike_booking_history (id, booking_id, status, changed_at) VALUES ('e93ed2bb-599c-49a0-8c0f-2c53c5dc1660', 'e14e3e7a-34e4-47a9-adce-519f503567ed', 'COMPLETED', '2023-10-04 02:00:00');
INSERT INTO motorbike_bookings (id, motorbike_id, renter_id, owner_id, status, start_date, end_date, total_days, price_per_day, base_price, service_fee, taxes, total, deposit, include_insurance, has_helmet, has_raincoat, has_phone_holder, has_touring_package, created_at) VALUES ('fb0d9d63-e5c8-4394-b3f4-94767dfe3893', 'BIKE-3', 'C3D4E5F6-G7H8-9012-CDEF-345678901234', 'E5F6G7H8-I9J0-1234-EFGH-567890123456', 'COMPLETED', '2024-05-18', '2024-05-26', 8, 120000, 960000, 96000.0, 76800.0, 1132800.0, 240000, 0, 0, 0, 0, 0, '2024-05-06 00:00:00');
INSERT INTO motorbike_booking_history (id, booking_id, status, changed_at) VALUES ('613544cb-317a-478a-ba12-7ab0d4a4e45a', 'fb0d9d63-e5c8-4394-b3f4-94767dfe3893', 'PENDING', '2024-05-06 00:00:00');
INSERT INTO motorbike_booking_history (id, booking_id, status, changed_at) VALUES ('035675d4-89ce-4832-b78f-ddb6df8d2be2', 'fb0d9d63-e5c8-4394-b3f4-94767dfe3893', 'COMPLETED', '2024-05-06 02:00:00');
INSERT INTO motorbike_bookings (id, motorbike_id, renter_id, owner_id, status, start_date, end_date, total_days, price_per_day, base_price, service_fee, taxes, total, deposit, include_insurance, has_helmet, has_raincoat, has_phone_holder, has_touring_package, created_at) VALUES ('0140dd1e-df6d-453a-8192-96e48c6b43fb', 'BIKE-2', 'C3D4E5F6-G7H8-9012-CDEF-345678901234', 'E5F6G7H8-I9J0-1234-EFGH-567890123456', 'COMPLETED', '2023-03-22', '2023-03-27', 5, 200000, 1000000, 100000.0, 80000.0, 1180000.0, 400000, 0, 0, 0, 0, 0, '2023-03-21 00:00:00');
INSERT INTO motorbike_booking_history (id, booking_id, status, changed_at) VALUES ('140b2f6a-2543-41c6-b7c3-a7a34ddc5448', '0140dd1e-df6d-453a-8192-96e48c6b43fb', 'PENDING', '2023-03-21 00:00:00');
INSERT INTO motorbike_booking_history (id, booking_id, status, changed_at) VALUES ('0acd4223-bf39-41a9-8faa-483e493d8032', '0140dd1e-df6d-453a-8192-96e48c6b43fb', 'COMPLETED', '2023-03-21 02:00:00');
INSERT INTO motorbike_bookings (id, motorbike_id, renter_id, owner_id, status, start_date, end_date, total_days, price_per_day, base_price, service_fee, taxes, total, deposit, include_insurance, has_helmet, has_raincoat, has_phone_holder, has_touring_package, created_at) VALUES ('ed53fac6-979f-499a-ac57-2249540cf31e', 'BIKE-1', 'B2C3D4E5-F6G7-8901-BCDE-234567890123', 'E5F6G7H8-I9J0-1234-EFGH-567890123456', 'COMPLETED', '2023-08-23', '2023-08-31', 8, 150000, 1200000, 120000.0, 96000.0, 1416000.0, 300000, 0, 0, 0, 0, 0, '2023-08-10 00:00:00');
INSERT INTO motorbike_booking_history (id, booking_id, status, changed_at) VALUES ('462b7aac-8ce1-404f-971b-6a59b11816c5', 'ed53fac6-979f-499a-ac57-2249540cf31e', 'PENDING', '2023-08-10 00:00:00');
INSERT INTO motorbike_booking_history (id, booking_id, status, changed_at) VALUES ('8bc0f51c-095a-4c3f-826d-7c53bd16453a', 'ed53fac6-979f-499a-ac57-2249540cf31e', 'COMPLETED', '2023-08-10 02:00:00');
INSERT INTO motorbike_bookings (id, motorbike_id, renter_id, owner_id, status, start_date, end_date, total_days, price_per_day, base_price, service_fee, taxes, total, deposit, include_insurance, has_helmet, has_raincoat, has_phone_holder, has_touring_package, created_at) VALUES ('1e34da85-f7c4-4e4e-9c31-5d583485de8e', 'BIKE-1', 'C3D4E5F6-G7H8-9012-CDEF-345678901234', 'E5F6G7H8-I9J0-1234-EFGH-567890123456', 'COMPLETED', '2023-04-29', '2023-04-30', 1, 150000, 150000, 15000.0, 12000.0, 177000.0, 300000, 0, 0, 0, 0, 0, '2023-04-24 00:00:00');
INSERT INTO motorbike_booking_history (id, booking_id, status, changed_at) VALUES ('af483951-d54c-446f-b702-e6cbb7364fa9', '1e34da85-f7c4-4e4e-9c31-5d583485de8e', 'PENDING', '2023-04-24 00:00:00');
INSERT INTO motorbike_booking_history (id, booking_id, status, changed_at) VALUES ('7970096f-924d-42f8-95af-28bb5b6ee8ba', '1e34da85-f7c4-4e4e-9c31-5d583485de8e', 'COMPLETED', '2023-04-24 02:00:00');
INSERT INTO motorbike_bookings (id, motorbike_id, renter_id, owner_id, status, start_date, end_date, total_days, price_per_day, base_price, service_fee, taxes, total, deposit, include_insurance, has_helmet, has_raincoat, has_phone_holder, has_touring_package, created_at) VALUES ('b5084d2b-abc9-4dcf-8751-f01048d5193a', 'BIKE-2', 'C3D4E5F6-G7H8-9012-CDEF-345678901234', 'E5F6G7H8-I9J0-1234-EFGH-567890123456', 'COMPLETED', '2023-08-10', '2023-08-14', 4, 200000, 800000, 80000.0, 64000.0, 944000.0, 400000, 0, 0, 0, 0, 0, '2023-07-27 00:00:00');
INSERT INTO motorbike_booking_history (id, booking_id, status, changed_at) VALUES ('6a14044e-d3e9-44d8-83bf-23340e19178f', 'b5084d2b-abc9-4dcf-8751-f01048d5193a', 'PENDING', '2023-07-27 00:00:00');
INSERT INTO motorbike_booking_history (id, booking_id, status, changed_at) VALUES ('a265c524-1b85-4e3f-a8cd-f17940f7870d', 'b5084d2b-abc9-4dcf-8751-f01048d5193a', 'COMPLETED', '2023-07-27 02:00:00');
INSERT INTO motorbike_bookings (id, motorbike_id, renter_id, owner_id, status, start_date, end_date, total_days, price_per_day, base_price, service_fee, taxes, total, deposit, include_insurance, has_helmet, has_raincoat, has_phone_holder, has_touring_package, created_at) VALUES ('7d1fa302-fd18-47db-ae69-16eb137d7f5e', 'BIKE-2', 'D4E5F6G7-H8I9-0123-DEFG-456789012345', 'E5F6G7H8-I9J0-1234-EFGH-567890123456', 'COMPLETED', '2024-05-30', '2024-06-08', 9, 200000, 1800000, 180000.0, 144000.0, 2124000.0, 400000, 0, 0, 0, 0, 0, '2024-05-29 00:00:00');
INSERT INTO motorbike_booking_history (id, booking_id, status, changed_at) VALUES ('e2725b98-287f-42e8-98c6-3a54c15069fc', '7d1fa302-fd18-47db-ae69-16eb137d7f5e', 'PENDING', '2024-05-29 00:00:00');
INSERT INTO motorbike_booking_history (id, booking_id, status, changed_at) VALUES ('188c3089-2b98-4007-b1c1-014ec102637d', '7d1fa302-fd18-47db-ae69-16eb137d7f5e', 'COMPLETED', '2024-05-29 02:00:00');
INSERT INTO motorbike_bookings (id, motorbike_id, renter_id, owner_id, status, start_date, end_date, total_days, price_per_day, base_price, service_fee, taxes, total, deposit, include_insurance, has_helmet, has_raincoat, has_phone_holder, has_touring_package, created_at) VALUES ('1de0633b-9a6b-463b-96a4-c38f433309a0', 'BIKE-2', 'D4E5F6G7-H8I9-0123-DEFG-456789012345', 'E5F6G7H8-I9J0-1234-EFGH-567890123456', 'COMPLETED', '2023-09-12', '2023-09-21', 9, 200000, 1800000, 180000.0, 144000.0, 2124000.0, 400000, 0, 0, 0, 0, 0, '2023-09-09 00:00:00');
INSERT INTO motorbike_booking_history (id, booking_id, status, changed_at) VALUES ('3ebf378d-0460-4bd1-8e5a-974c6e05d3d9', '1de0633b-9a6b-463b-96a4-c38f433309a0', 'PENDING', '2023-09-09 00:00:00');
INSERT INTO motorbike_booking_history (id, booking_id, status, changed_at) VALUES ('7c61678f-21ed-4196-92b4-19de2b7b5011', '1de0633b-9a6b-463b-96a4-c38f433309a0', 'COMPLETED', '2023-09-09 02:00:00');
INSERT INTO motorbike_bookings (id, motorbike_id, renter_id, owner_id, status, start_date, end_date, total_days, price_per_day, base_price, service_fee, taxes, total, deposit, include_insurance, has_helmet, has_raincoat, has_phone_holder, has_touring_package, created_at) VALUES ('aefbad07-e264-4eba-b16e-9acc1fc50345', 'BIKE-3', 'D4E5F6G7-H8I9-0123-DEFG-456789012345', 'E5F6G7H8-I9J0-1234-EFGH-567890123456', 'COMPLETED', '2023-09-30', '2023-10-04', 4, 120000, 480000, 48000.0, 38400.0, 566400.0, 240000, 0, 0, 0, 0, 0, '2023-09-28 00:00:00');
INSERT INTO motorbike_booking_history (id, booking_id, status, changed_at) VALUES ('cc331e4f-3eae-4504-a9f3-ea2c43b81dd6', 'aefbad07-e264-4eba-b16e-9acc1fc50345', 'PENDING', '2023-09-28 00:00:00');
INSERT INTO motorbike_booking_history (id, booking_id, status, changed_at) VALUES ('bc6b0418-3086-4b8a-a484-949bdc622ff4', 'aefbad07-e264-4eba-b16e-9acc1fc50345', 'COMPLETED', '2023-09-28 02:00:00');
INSERT INTO motorbike_bookings (id, motorbike_id, renter_id, owner_id, status, start_date, end_date, total_days, price_per_day, base_price, service_fee, taxes, total, deposit, include_insurance, has_helmet, has_raincoat, has_phone_holder, has_touring_package, created_at) VALUES ('a767a131-ed03-420b-9fb2-b0ef69f163e1', 'BIKE-2', 'B2C3D4E5-F6G7-8901-BCDE-234567890123', 'E5F6G7H8-I9J0-1234-EFGH-567890123456', 'COMPLETED', '2023-02-18', '2023-02-25', 7, 200000, 1400000, 140000.0, 112000.0, 1652000.0, 400000, 0, 0, 0, 0, 0, '2023-02-16 00:00:00');
INSERT INTO motorbike_booking_history (id, booking_id, status, changed_at) VALUES ('13e48d23-8825-44b1-ba34-8687287fd2d4', 'a767a131-ed03-420b-9fb2-b0ef69f163e1', 'PENDING', '2023-02-16 00:00:00');
INSERT INTO motorbike_booking_history (id, booking_id, status, changed_at) VALUES ('ad0b235d-d33f-4a34-bd99-60992cc68925', 'a767a131-ed03-420b-9fb2-b0ef69f163e1', 'COMPLETED', '2023-02-16 02:00:00');
INSERT INTO motorbike_bookings (id, motorbike_id, renter_id, owner_id, status, start_date, end_date, total_days, price_per_day, base_price, service_fee, taxes, total, deposit, include_insurance, has_helmet, has_raincoat, has_phone_holder, has_touring_package, created_at) VALUES ('da0e6882-905e-4fc6-b728-7538eacf4f24', 'BIKE-1', 'C3D4E5F6-G7H8-9012-CDEF-345678901234', 'E5F6G7H8-I9J0-1234-EFGH-567890123456', 'COMPLETED', '2023-10-21', '2023-10-22', 1, 150000, 150000, 15000.0, 12000.0, 177000.0, 300000, 0, 0, 0, 0, 0, '2023-10-15 00:00:00');
INSERT INTO motorbike_booking_history (id, booking_id, status, changed_at) VALUES ('9a0fb3d0-bbb4-4bca-8bc1-74341240949a', 'da0e6882-905e-4fc6-b728-7538eacf4f24', 'PENDING', '2023-10-15 00:00:00');
INSERT INTO motorbike_booking_history (id, booking_id, status, changed_at) VALUES ('aefc7776-7d81-4fb2-a585-57914ee4950b', 'da0e6882-905e-4fc6-b728-7538eacf4f24', 'COMPLETED', '2023-10-15 02:00:00');
INSERT INTO motorbike_bookings (id, motorbike_id, renter_id, owner_id, status, start_date, end_date, total_days, price_per_day, base_price, service_fee, taxes, total, deposit, include_insurance, has_helmet, has_raincoat, has_phone_holder, has_touring_package, created_at) VALUES ('4e8a36e3-ea35-4344-a7f2-435ed9c2395c', 'BIKE-1', 'B2C3D4E5-F6G7-8901-BCDE-234567890123', 'E5F6G7H8-I9J0-1234-EFGH-567890123456', 'COMPLETED', '2023-08-21', '2023-08-27', 6, 150000, 900000, 90000.0, 72000.0, 1062000.0, 300000, 0, 0, 0, 0, 0, '2023-08-15 00:00:00');
INSERT INTO motorbike_booking_history (id, booking_id, status, changed_at) VALUES ('1364b4f4-9fb4-4d1a-b8f3-d015bcce0d5c', '4e8a36e3-ea35-4344-a7f2-435ed9c2395c', 'PENDING', '2023-08-15 00:00:00');
INSERT INTO motorbike_booking_history (id, booking_id, status, changed_at) VALUES ('09e4fc04-624a-4465-ad74-1768eb93126c', '4e8a36e3-ea35-4344-a7f2-435ed9c2395c', 'COMPLETED', '2023-08-15 02:00:00');
INSERT INTO motorbike_bookings (id, motorbike_id, renter_id, owner_id, status, start_date, end_date, total_days, price_per_day, base_price, service_fee, taxes, total, deposit, include_insurance, has_helmet, has_raincoat, has_phone_holder, has_touring_package, created_at) VALUES ('3848ff22-b54f-40bb-bf22-544c0ff837a7', 'BIKE-2', 'D4E5F6G7-H8I9-0123-DEFG-456789012345', 'E5F6G7H8-I9J0-1234-EFGH-567890123456', 'COMPLETED', '2023-04-20', '2023-04-21', 1, 200000, 200000, 20000.0, 16000.0, 236000.0, 400000, 0, 0, 0, 0, 0, '2023-04-18 00:00:00');
INSERT INTO motorbike_booking_history (id, booking_id, status, changed_at) VALUES ('f3b05023-4165-41da-9ffc-cb82d3c4a37d', '3848ff22-b54f-40bb-bf22-544c0ff837a7', 'PENDING', '2023-04-18 00:00:00');
INSERT INTO motorbike_booking_history (id, booking_id, status, changed_at) VALUES ('f162ce6a-56d8-452a-8e0d-151bdfa21217', '3848ff22-b54f-40bb-bf22-544c0ff837a7', 'COMPLETED', '2023-04-18 02:00:00');
INSERT INTO motorbike_bookings (id, motorbike_id, renter_id, owner_id, status, start_date, end_date, total_days, price_per_day, base_price, service_fee, taxes, total, deposit, include_insurance, has_helmet, has_raincoat, has_phone_holder, has_touring_package, created_at) VALUES ('c1de9828-d5ed-446c-bbf5-c87d2a9726f9', 'BIKE-1', 'B2C3D4E5-F6G7-8901-BCDE-234567890123', 'E5F6G7H8-I9J0-1234-EFGH-567890123456', 'COMPLETED', '2024-03-12', '2024-03-19', 7, 150000, 1050000, 105000.0, 84000.0, 1239000.0, 300000, 0, 0, 0, 0, 0, '2024-02-27 00:00:00');
INSERT INTO motorbike_booking_history (id, booking_id, status, changed_at) VALUES ('8f10d303-2a46-4132-84e0-d6fe05962da2', 'c1de9828-d5ed-446c-bbf5-c87d2a9726f9', 'PENDING', '2024-02-27 00:00:00');
INSERT INTO motorbike_booking_history (id, booking_id, status, changed_at) VALUES ('541d49e8-b5d7-4130-b2ed-218c48456b27', 'c1de9828-d5ed-446c-bbf5-c87d2a9726f9', 'COMPLETED', '2024-02-27 02:00:00');
INSERT INTO motorbike_bookings (id, motorbike_id, renter_id, owner_id, status, start_date, end_date, total_days, price_per_day, base_price, service_fee, taxes, total, deposit, include_insurance, has_helmet, has_raincoat, has_phone_holder, has_touring_package, created_at) VALUES ('66ccee46-b04f-4b69-8ec7-a6a23ce1bce2', 'BIKE-3', 'D4E5F6G7-H8I9-0123-DEFG-456789012345', 'E5F6G7H8-I9J0-1234-EFGH-567890123456', 'CANCELLED', '2023-07-24', '2023-08-01', 8, 120000, 960000, 96000.0, 76800.0, 1132800.0, 240000, 0, 0, 0, 0, 0, '2023-07-14 00:00:00');
INSERT INTO motorbike_booking_history (id, booking_id, status, changed_at) VALUES ('4f81472c-8140-4a03-a62b-a2438be248a1', '66ccee46-b04f-4b69-8ec7-a6a23ce1bce2', 'PENDING', '2023-07-14 00:00:00');
INSERT INTO motorbike_booking_history (id, booking_id, status, changed_at) VALUES ('c60b9641-3550-44b8-a759-af5154962acc', '66ccee46-b04f-4b69-8ec7-a6a23ce1bce2', 'CANCELLED', '2023-07-14 02:00:00');
INSERT INTO motorbike_bookings (id, motorbike_id, renter_id, owner_id, status, start_date, end_date, total_days, price_per_day, base_price, service_fee, taxes, total, deposit, include_insurance, has_helmet, has_raincoat, has_phone_holder, has_touring_package, created_at) VALUES ('6668c9b9-d845-4fb7-b394-c2c09bb09bfc', 'BIKE-2', 'C3D4E5F6-G7H8-9012-CDEF-345678901234', 'E5F6G7H8-I9J0-1234-EFGH-567890123456', 'COMPLETED', '2024-04-28', '2024-05-03', 5, 200000, 1000000, 100000.0, 80000.0, 1180000.0, 400000, 0, 0, 0, 0, 0, '2024-04-15 00:00:00');
INSERT INTO motorbike_booking_history (id, booking_id, status, changed_at) VALUES ('0b072b42-ecd6-4767-890d-70c9fe801531', '6668c9b9-d845-4fb7-b394-c2c09bb09bfc', 'PENDING', '2024-04-15 00:00:00');
INSERT INTO motorbike_booking_history (id, booking_id, status, changed_at) VALUES ('b3f49014-e4a7-426a-a279-967aa8a2b5c2', '6668c9b9-d845-4fb7-b394-c2c09bb09bfc', 'COMPLETED', '2024-04-15 02:00:00');
INSERT INTO motorbike_bookings (id, motorbike_id, renter_id, owner_id, status, start_date, end_date, total_days, price_per_day, base_price, service_fee, taxes, total, deposit, include_insurance, has_helmet, has_raincoat, has_phone_holder, has_touring_package, created_at) VALUES ('a4a3013b-59f3-4cfe-8058-d8c88272fcef', 'BIKE-1', 'C3D4E5F6-G7H8-9012-CDEF-345678901234', 'E5F6G7H8-I9J0-1234-EFGH-567890123456', 'COMPLETED', '2023-09-30', '2023-10-07', 7, 150000, 1050000, 105000.0, 84000.0, 1239000.0, 300000, 0, 0, 0, 0, 0, '2023-09-22 00:00:00');
INSERT INTO motorbike_booking_history (id, booking_id, status, changed_at) VALUES ('6fb89ec6-6d03-4c45-8871-b5aa1aa9e928', 'a4a3013b-59f3-4cfe-8058-d8c88272fcef', 'PENDING', '2023-09-22 00:00:00');
INSERT INTO motorbike_booking_history (id, booking_id, status, changed_at) VALUES ('ab18749e-76f9-4171-ad85-2d6438ae46cf', 'a4a3013b-59f3-4cfe-8058-d8c88272fcef', 'COMPLETED', '2023-09-22 02:00:00');
INSERT INTO motorbike_bookings (id, motorbike_id, renter_id, owner_id, status, start_date, end_date, total_days, price_per_day, base_price, service_fee, taxes, total, deposit, include_insurance, has_helmet, has_raincoat, has_phone_holder, has_touring_package, created_at) VALUES ('249e643e-f6f6-49e5-8345-e1fdca6bbe3d', 'BIKE-1', 'C3D4E5F6-G7H8-9012-CDEF-345678901234', 'E5F6G7H8-I9J0-1234-EFGH-567890123456', 'COMPLETED', '2024-03-19', '2024-03-25', 6, 150000, 900000, 90000.0, 72000.0, 1062000.0, 300000, 0, 0, 0, 0, 0, '2024-03-09 00:00:00');
INSERT INTO motorbike_booking_history (id, booking_id, status, changed_at) VALUES ('c76a64c0-c0a4-4dc2-a407-8fdc7753a969', '249e643e-f6f6-49e5-8345-e1fdca6bbe3d', 'PENDING', '2024-03-09 00:00:00');
INSERT INTO motorbike_booking_history (id, booking_id, status, changed_at) VALUES ('7a6562fc-789e-47ea-847e-e9c85a426266', '249e643e-f6f6-49e5-8345-e1fdca6bbe3d', 'COMPLETED', '2024-03-09 02:00:00');
INSERT INTO motorbike_bookings (id, motorbike_id, renter_id, owner_id, status, start_date, end_date, total_days, price_per_day, base_price, service_fee, taxes, total, deposit, include_insurance, has_helmet, has_raincoat, has_phone_holder, has_touring_package, created_at) VALUES ('5882362f-182c-4d0d-902e-30226242be44', 'BIKE-1', 'B2C3D4E5-F6G7-8901-BCDE-234567890123', 'E5F6G7H8-I9J0-1234-EFGH-567890123456', 'COMPLETED', '2023-02-08', '2023-02-18', 10, 150000, 1500000, 150000.0, 120000.0, 1770000.0, 300000, 0, 0, 0, 0, 0, '2023-01-30 00:00:00');
INSERT INTO motorbike_booking_history (id, booking_id, status, changed_at) VALUES ('f5a31b4a-4c98-4fb7-98f1-2afe37a67d85', '5882362f-182c-4d0d-902e-30226242be44', 'PENDING', '2023-01-30 00:00:00');
INSERT INTO motorbike_booking_history (id, booking_id, status, changed_at) VALUES ('a4513c65-63f9-40a3-bde7-93bb1757039f', '5882362f-182c-4d0d-902e-30226242be44', 'COMPLETED', '2023-01-30 02:00:00');
INSERT INTO motorbike_bookings (id, motorbike_id, renter_id, owner_id, status, start_date, end_date, total_days, price_per_day, base_price, service_fee, taxes, total, deposit, include_insurance, has_helmet, has_raincoat, has_phone_holder, has_touring_package, created_at) VALUES ('6710d52f-9d60-4600-8dcd-38dca2fb01b6', 'BIKE-2', 'C3D4E5F6-G7H8-9012-CDEF-345678901234', 'E5F6G7H8-I9J0-1234-EFGH-567890123456', 'COMPLETED', '2023-10-29', '2023-10-30', 1, 200000, 200000, 20000.0, 16000.0, 236000.0, 400000, 0, 0, 0, 0, 0, '2023-10-28 00:00:00');
INSERT INTO motorbike_booking_history (id, booking_id, status, changed_at) VALUES ('858631a8-a8fe-4664-b444-4201c1f64946', '6710d52f-9d60-4600-8dcd-38dca2fb01b6', 'PENDING', '2023-10-28 00:00:00');
INSERT INTO motorbike_booking_history (id, booking_id, status, changed_at) VALUES ('cac22188-cb66-4ab8-bd79-2fa1a39ebc43', '6710d52f-9d60-4600-8dcd-38dca2fb01b6', 'COMPLETED', '2023-10-28 02:00:00');
INSERT INTO motorbike_bookings (id, motorbike_id, renter_id, owner_id, status, start_date, end_date, total_days, price_per_day, base_price, service_fee, taxes, total, deposit, include_insurance, has_helmet, has_raincoat, has_phone_holder, has_touring_package, created_at) VALUES ('0d6575f8-4e76-45e3-b87b-765d5f064357', 'BIKE-1', 'D4E5F6G7-H8I9-0123-DEFG-456789012345', 'E5F6G7H8-I9J0-1234-EFGH-567890123456', 'COMPLETED', '2023-04-24', '2023-05-01', 7, 150000, 1050000, 105000.0, 84000.0, 1239000.0, 300000, 0, 0, 0, 0, 0, '2023-04-17 00:00:00');
INSERT INTO motorbike_booking_history (id, booking_id, status, changed_at) VALUES ('db288775-927a-4f01-9547-52aca2b673a5', '0d6575f8-4e76-45e3-b87b-765d5f064357', 'PENDING', '2023-04-17 00:00:00');
INSERT INTO motorbike_booking_history (id, booking_id, status, changed_at) VALUES ('dcc922e8-b607-4bdc-8730-92e773b445a0', '0d6575f8-4e76-45e3-b87b-765d5f064357', 'COMPLETED', '2023-04-17 02:00:00');
INSERT INTO motorbike_bookings (id, motorbike_id, renter_id, owner_id, status, start_date, end_date, total_days, price_per_day, base_price, service_fee, taxes, total, deposit, include_insurance, has_helmet, has_raincoat, has_phone_holder, has_touring_package, created_at) VALUES ('0cfa91f2-5156-4c68-a790-099a8b19ad26', 'BIKE-2', 'B2C3D4E5-F6G7-8901-BCDE-234567890123', 'E5F6G7H8-I9J0-1234-EFGH-567890123456', 'COMPLETED', '2024-04-06', '2024-04-10', 4, 200000, 800000, 80000.0, 64000.0, 944000.0, 400000, 0, 0, 0, 0, 0, '2024-03-23 00:00:00');
INSERT INTO motorbike_booking_history (id, booking_id, status, changed_at) VALUES ('24056db1-d8cc-4db5-99ba-cbfe59d6f27c', '0cfa91f2-5156-4c68-a790-099a8b19ad26', 'PENDING', '2024-03-23 00:00:00');
INSERT INTO motorbike_booking_history (id, booking_id, status, changed_at) VALUES ('8eedada1-6cce-4c29-a575-e332873d0fec', '0cfa91f2-5156-4c68-a790-099a8b19ad26', 'COMPLETED', '2024-03-23 02:00:00');
INSERT INTO motorbike_bookings (id, motorbike_id, renter_id, owner_id, status, start_date, end_date, total_days, price_per_day, base_price, service_fee, taxes, total, deposit, include_insurance, has_helmet, has_raincoat, has_phone_holder, has_touring_package, created_at) VALUES ('6d47e8ad-2dbb-4797-8079-4f29bad4a679', 'BIKE-3', 'C3D4E5F6-G7H8-9012-CDEF-345678901234', 'E5F6G7H8-I9J0-1234-EFGH-567890123456', 'COMPLETED', '2023-06-26', '2023-06-29', 3, 120000, 360000, 36000.0, 28800.0, 424800.0, 240000, 0, 0, 0, 0, 0, '2023-06-12 00:00:00');
INSERT INTO motorbike_booking_history (id, booking_id, status, changed_at) VALUES ('64862a6a-192f-460e-9bfa-a934ab4ee2b9', '6d47e8ad-2dbb-4797-8079-4f29bad4a679', 'PENDING', '2023-06-12 00:00:00');
INSERT INTO motorbike_booking_history (id, booking_id, status, changed_at) VALUES ('a43fb4e5-ad6d-4508-906a-62cad2e6c008', '6d47e8ad-2dbb-4797-8079-4f29bad4a679', 'COMPLETED', '2023-06-12 02:00:00');
INSERT INTO motorbike_bookings (id, motorbike_id, renter_id, owner_id, status, start_date, end_date, total_days, price_per_day, base_price, service_fee, taxes, total, deposit, include_insurance, has_helmet, has_raincoat, has_phone_holder, has_touring_package, created_at) VALUES ('fcff56c8-d342-45a6-9a43-2d3581fc5b36', 'BIKE-1', 'D4E5F6G7-H8I9-0123-DEFG-456789012345', 'E5F6G7H8-I9J0-1234-EFGH-567890123456', 'COMPLETED', '2023-09-06', '2023-09-13', 7, 150000, 1050000, 105000.0, 84000.0, 1239000.0, 300000, 0, 0, 0, 0, 0, '2023-09-04 00:00:00');
INSERT INTO motorbike_booking_history (id, booking_id, status, changed_at) VALUES ('12b7ed2c-49e7-4344-bd80-16bd40e6786e', 'fcff56c8-d342-45a6-9a43-2d3581fc5b36', 'PENDING', '2023-09-04 00:00:00');
INSERT INTO motorbike_booking_history (id, booking_id, status, changed_at) VALUES ('40f0c511-d791-4771-a726-0bc8db600096', 'fcff56c8-d342-45a6-9a43-2d3581fc5b36', 'COMPLETED', '2023-09-04 02:00:00');
INSERT INTO motorbike_bookings (id, motorbike_id, renter_id, owner_id, status, start_date, end_date, total_days, price_per_day, base_price, service_fee, taxes, total, deposit, include_insurance, has_helmet, has_raincoat, has_phone_holder, has_touring_package, created_at) VALUES ('1658f063-c840-4cef-aadf-3df77a1f7179', 'BIKE-2', 'C3D4E5F6-G7H8-9012-CDEF-345678901234', 'E5F6G7H8-I9J0-1234-EFGH-567890123456', 'COMPLETED', '2024-01-11', '2024-01-18', 7, 200000, 1400000, 140000.0, 112000.0, 1652000.0, 400000, 0, 0, 0, 0, 0, '2024-01-01 00:00:00');
INSERT INTO motorbike_booking_history (id, booking_id, status, changed_at) VALUES ('866f38f6-2271-4411-9daf-256162311b49', '1658f063-c840-4cef-aadf-3df77a1f7179', 'PENDING', '2024-01-01 00:00:00');
INSERT INTO motorbike_booking_history (id, booking_id, status, changed_at) VALUES ('5f5a9c08-4cf9-4f3b-9e92-7a68391bba26', '1658f063-c840-4cef-aadf-3df77a1f7179', 'COMPLETED', '2024-01-01 02:00:00');
INSERT INTO motorbike_bookings (id, motorbike_id, renter_id, owner_id, status, start_date, end_date, total_days, price_per_day, base_price, service_fee, taxes, total, deposit, include_insurance, has_helmet, has_raincoat, has_phone_holder, has_touring_package, created_at) VALUES ('7510b5dd-2c12-423c-9c68-ef3c1444b42f', 'BIKE-1', 'D4E5F6G7-H8I9-0123-DEFG-456789012345', 'E5F6G7H8-I9J0-1234-EFGH-567890123456', 'COMPLETED', '2023-12-19', '2023-12-21', 2, 150000, 300000, 30000.0, 24000.0, 354000.0, 300000, 0, 0, 0, 0, 0, '2023-12-14 00:00:00');
INSERT INTO motorbike_booking_history (id, booking_id, status, changed_at) VALUES ('766e5414-2154-4a6c-b92a-8b100684a584', '7510b5dd-2c12-423c-9c68-ef3c1444b42f', 'PENDING', '2023-12-14 00:00:00');
INSERT INTO motorbike_booking_history (id, booking_id, status, changed_at) VALUES ('bbe110b0-8c22-4906-8213-0cc7b8446053', '7510b5dd-2c12-423c-9c68-ef3c1444b42f', 'COMPLETED', '2023-12-14 02:00:00');
INSERT INTO motorbike_bookings (id, motorbike_id, renter_id, owner_id, status, start_date, end_date, total_days, price_per_day, base_price, service_fee, taxes, total, deposit, include_insurance, has_helmet, has_raincoat, has_phone_holder, has_touring_package, created_at) VALUES ('c5794668-fda8-4faa-ad3a-eb8fb030a69f', 'BIKE-3', 'B2C3D4E5-F6G7-8901-BCDE-234567890123', 'E5F6G7H8-I9J0-1234-EFGH-567890123456', 'COMPLETED', '2024-05-08', '2024-05-14', 6, 120000, 720000, 72000.0, 57600.0, 849600.0, 240000, 0, 0, 0, 0, 0, '2024-04-27 00:00:00');
INSERT INTO motorbike_booking_history (id, booking_id, status, changed_at) VALUES ('e05d3dde-b115-4089-ac9e-d60eac9f0233', 'c5794668-fda8-4faa-ad3a-eb8fb030a69f', 'PENDING', '2024-04-27 00:00:00');
INSERT INTO motorbike_booking_history (id, booking_id, status, changed_at) VALUES ('74487a58-64c6-479d-acb0-08ea8088177c', 'c5794668-fda8-4faa-ad3a-eb8fb030a69f', 'COMPLETED', '2024-04-27 02:00:00');
INSERT INTO motorbike_bookings (id, motorbike_id, renter_id, owner_id, status, start_date, end_date, total_days, price_per_day, base_price, service_fee, taxes, total, deposit, include_insurance, has_helmet, has_raincoat, has_phone_holder, has_touring_package, created_at) VALUES ('2e932609-2ac0-4f9f-849e-993025606dd0', 'BIKE-3', 'D4E5F6G7-H8I9-0123-DEFG-456789012345', 'E5F6G7H8-I9J0-1234-EFGH-567890123456', 'COMPLETED', '2023-01-27', '2023-02-06', 10, 120000, 1200000, 120000.0, 96000.0, 1416000.0, 240000, 0, 0, 0, 0, 0, '2023-01-21 00:00:00');
INSERT INTO motorbike_booking_history (id, booking_id, status, changed_at) VALUES ('2a0b36ef-93fe-46c6-a344-8c30bfd4b14f', '2e932609-2ac0-4f9f-849e-993025606dd0', 'PENDING', '2023-01-21 00:00:00');
INSERT INTO motorbike_booking_history (id, booking_id, status, changed_at) VALUES ('c78a2b51-b590-4dbe-9afc-5e114cbff009', '2e932609-2ac0-4f9f-849e-993025606dd0', 'COMPLETED', '2023-01-21 02:00:00');
INSERT INTO motorbike_bookings (id, motorbike_id, renter_id, owner_id, status, start_date, end_date, total_days, price_per_day, base_price, service_fee, taxes, total, deposit, include_insurance, has_helmet, has_raincoat, has_phone_holder, has_touring_package, created_at) VALUES ('24f8d089-4692-4076-b7da-42136c3228a1', 'BIKE-1', 'D4E5F6G7-H8I9-0123-DEFG-456789012345', 'E5F6G7H8-I9J0-1234-EFGH-567890123456', 'COMPLETED', '2023-02-16', '2023-02-26', 10, 150000, 1500000, 150000.0, 120000.0, 1770000.0, 300000, 0, 0, 0, 0, 0, '2023-02-02 00:00:00');
INSERT INTO motorbike_booking_history (id, booking_id, status, changed_at) VALUES ('39bdc85d-7307-42e1-bf40-b5d5613bc588', '24f8d089-4692-4076-b7da-42136c3228a1', 'PENDING', '2023-02-02 00:00:00');
INSERT INTO motorbike_booking_history (id, booking_id, status, changed_at) VALUES ('2a15d225-1cb6-469e-9890-d0a0b2096ccd', '24f8d089-4692-4076-b7da-42136c3228a1', 'COMPLETED', '2023-02-02 02:00:00');
INSERT INTO motorbike_bookings (id, motorbike_id, renter_id, owner_id, status, start_date, end_date, total_days, price_per_day, base_price, service_fee, taxes, total, deposit, include_insurance, has_helmet, has_raincoat, has_phone_holder, has_touring_package, created_at) VALUES ('968202f3-9e88-4ff7-97e0-2b07938ac7c4', 'BIKE-3', 'D4E5F6G7-H8I9-0123-DEFG-456789012345', 'E5F6G7H8-I9J0-1234-EFGH-567890123456', 'COMPLETED', '2023-09-30', '2023-10-05', 5, 120000, 600000, 60000.0, 48000.0, 708000.0, 240000, 0, 0, 0, 0, 0, '2023-09-28 00:00:00');
INSERT INTO motorbike_booking_history (id, booking_id, status, changed_at) VALUES ('dd0835b9-5eb7-4080-9cb1-56e0799648ca', '968202f3-9e88-4ff7-97e0-2b07938ac7c4', 'PENDING', '2023-09-28 00:00:00');
INSERT INTO motorbike_booking_history (id, booking_id, status, changed_at) VALUES ('8524997e-4e50-41a6-80bd-e51d772c1943', '968202f3-9e88-4ff7-97e0-2b07938ac7c4', 'COMPLETED', '2023-09-28 02:00:00');
INSERT INTO motorbike_bookings (id, motorbike_id, renter_id, owner_id, status, start_date, end_date, total_days, price_per_day, base_price, service_fee, taxes, total, deposit, include_insurance, has_helmet, has_raincoat, has_phone_holder, has_touring_package, created_at) VALUES ('11eac5bc-0488-4eeb-aa36-75bfc7f692a4', 'BIKE-2', 'C3D4E5F6-G7H8-9012-CDEF-345678901234', 'E5F6G7H8-I9J0-1234-EFGH-567890123456', 'CANCELLED', '2024-01-27', '2024-01-29', 2, 200000, 400000, 40000.0, 32000.0, 472000.0, 400000, 0, 0, 0, 0, 0, '2024-01-16 00:00:00');
INSERT INTO motorbike_booking_history (id, booking_id, status, changed_at) VALUES ('fa23860f-c3fa-43c7-a0f8-a36ce7fea518', '11eac5bc-0488-4eeb-aa36-75bfc7f692a4', 'PENDING', '2024-01-16 00:00:00');
INSERT INTO motorbike_booking_history (id, booking_id, status, changed_at) VALUES ('81c1b45a-c0cd-4cb5-840d-1d12fec20363', '11eac5bc-0488-4eeb-aa36-75bfc7f692a4', 'CANCELLED', '2024-01-16 02:00:00');
INSERT INTO motorbike_bookings (id, motorbike_id, renter_id, owner_id, status, start_date, end_date, total_days, price_per_day, base_price, service_fee, taxes, total, deposit, include_insurance, has_helmet, has_raincoat, has_phone_holder, has_touring_package, created_at) VALUES ('fba1a871-cf71-48f4-90eb-f32d38853aee', 'BIKE-1', 'B2C3D4E5-F6G7-8901-BCDE-234567890123', 'E5F6G7H8-I9J0-1234-EFGH-567890123456', 'COMPLETED', '2023-01-18', '2023-01-26', 8, 150000, 1200000, 120000.0, 96000.0, 1416000.0, 300000, 0, 0, 0, 0, 0, '2023-01-08 00:00:00');
INSERT INTO motorbike_booking_history (id, booking_id, status, changed_at) VALUES ('b4c44795-7ec5-4c69-bc8f-24fb461b0980', 'fba1a871-cf71-48f4-90eb-f32d38853aee', 'PENDING', '2023-01-08 00:00:00');
INSERT INTO motorbike_booking_history (id, booking_id, status, changed_at) VALUES ('6c1d36cb-67af-4981-aaf2-0adc033c3309', 'fba1a871-cf71-48f4-90eb-f32d38853aee', 'COMPLETED', '2023-01-08 02:00:00');
INSERT INTO motorbike_bookings (id, motorbike_id, renter_id, owner_id, status, start_date, end_date, total_days, price_per_day, base_price, service_fee, taxes, total, deposit, include_insurance, has_helmet, has_raincoat, has_phone_holder, has_touring_package, created_at) VALUES ('16a249c4-3efa-4f7f-9635-c8e769d3abd4', 'BIKE-1', 'C3D4E5F6-G7H8-9012-CDEF-345678901234', 'E5F6G7H8-I9J0-1234-EFGH-567890123456', 'CANCELLED', '2023-04-10', '2023-04-15', 5, 150000, 750000, 75000.0, 60000.0, 885000.0, 300000, 0, 0, 0, 0, 0, '2023-04-04 00:00:00');
INSERT INTO motorbike_booking_history (id, booking_id, status, changed_at) VALUES ('a09409c2-cfb9-4a54-8050-774723d8a42d', '16a249c4-3efa-4f7f-9635-c8e769d3abd4', 'PENDING', '2023-04-04 00:00:00');
INSERT INTO motorbike_booking_history (id, booking_id, status, changed_at) VALUES ('91512703-5c2d-4dc6-900f-a80e0470d537', '16a249c4-3efa-4f7f-9635-c8e769d3abd4', 'CANCELLED', '2023-04-04 02:00:00');
INSERT INTO motorbike_bookings (id, motorbike_id, renter_id, owner_id, status, start_date, end_date, total_days, price_per_day, base_price, service_fee, taxes, total, deposit, include_insurance, has_helmet, has_raincoat, has_phone_holder, has_touring_package, created_at) VALUES ('0a7bf7f2-0de7-42b2-92b1-25599f90c127', 'BIKE-2', 'D4E5F6G7-H8I9-0123-DEFG-456789012345', 'E5F6G7H8-I9J0-1234-EFGH-567890123456', 'COMPLETED', '2024-05-20', '2024-05-27', 7, 200000, 1400000, 140000.0, 112000.0, 1652000.0, 400000, 0, 0, 0, 0, 0, '2024-05-11 00:00:00');
INSERT INTO motorbike_booking_history (id, booking_id, status, changed_at) VALUES ('e53080cf-9a83-41db-88e0-d629c8e9f564', '0a7bf7f2-0de7-42b2-92b1-25599f90c127', 'PENDING', '2024-05-11 00:00:00');
INSERT INTO motorbike_booking_history (id, booking_id, status, changed_at) VALUES ('93d6d58d-ecb8-44f8-a151-310de12ba662', '0a7bf7f2-0de7-42b2-92b1-25599f90c127', 'COMPLETED', '2024-05-11 02:00:00');
INSERT INTO motorbike_bookings (id, motorbike_id, renter_id, owner_id, status, start_date, end_date, total_days, price_per_day, base_price, service_fee, taxes, total, deposit, include_insurance, has_helmet, has_raincoat, has_phone_holder, has_touring_package, created_at) VALUES ('8691f413-c464-4757-b819-cfca139bbf78', 'BIKE-1', 'B2C3D4E5-F6G7-8901-BCDE-234567890123', 'E5F6G7H8-I9J0-1234-EFGH-567890123456', 'CANCELLED', '2024-03-08', '2024-03-14', 6, 150000, 900000, 90000.0, 72000.0, 1062000.0, 300000, 0, 0, 0, 0, 0, '2024-02-26 00:00:00');
INSERT INTO motorbike_booking_history (id, booking_id, status, changed_at) VALUES ('bb19a37c-3bc6-4bed-99d6-5bff7464fd73', '8691f413-c464-4757-b819-cfca139bbf78', 'PENDING', '2024-02-26 00:00:00');
INSERT INTO motorbike_booking_history (id, booking_id, status, changed_at) VALUES ('aeb0d552-d954-4ccf-973b-46b2e540bbc9', '8691f413-c464-4757-b819-cfca139bbf78', 'CANCELLED', '2024-02-26 02:00:00');
INSERT INTO motorbike_bookings (id, motorbike_id, renter_id, owner_id, status, start_date, end_date, total_days, price_per_day, base_price, service_fee, taxes, total, deposit, include_insurance, has_helmet, has_raincoat, has_phone_holder, has_touring_package, created_at) VALUES ('dafe7d8b-43f5-4b19-b0c6-07963d3df953', 'BIKE-2', 'C3D4E5F6-G7H8-9012-CDEF-345678901234', 'E5F6G7H8-I9J0-1234-EFGH-567890123456', 'COMPLETED', '2023-07-23', '2023-07-26', 3, 200000, 600000, 60000.0, 48000.0, 708000.0, 400000, 0, 0, 0, 0, 0, '2023-07-14 00:00:00');
INSERT INTO motorbike_booking_history (id, booking_id, status, changed_at) VALUES ('530f67d5-0a16-477b-ae4b-49803a71ba7c', 'dafe7d8b-43f5-4b19-b0c6-07963d3df953', 'PENDING', '2023-07-14 00:00:00');
INSERT INTO motorbike_booking_history (id, booking_id, status, changed_at) VALUES ('14a91f3e-eb1c-4841-9fec-cc5319503379', 'dafe7d8b-43f5-4b19-b0c6-07963d3df953', 'COMPLETED', '2023-07-14 02:00:00');
INSERT INTO motorbike_bookings (id, motorbike_id, renter_id, owner_id, status, start_date, end_date, total_days, price_per_day, base_price, service_fee, taxes, total, deposit, include_insurance, has_helmet, has_raincoat, has_phone_holder, has_touring_package, created_at) VALUES ('19ee7607-1d27-4750-9631-224c4fe5c1cd', 'BIKE-1', 'B2C3D4E5-F6G7-8901-BCDE-234567890123', 'E5F6G7H8-I9J0-1234-EFGH-567890123456', 'COMPLETED', '2024-03-20', '2024-03-26', 6, 150000, 900000, 90000.0, 72000.0, 1062000.0, 300000, 0, 0, 0, 0, 0, '2024-03-19 00:00:00');
INSERT INTO motorbike_booking_history (id, booking_id, status, changed_at) VALUES ('bea4858d-1e77-444b-a980-7e20421dc6e7', '19ee7607-1d27-4750-9631-224c4fe5c1cd', 'PENDING', '2024-03-19 00:00:00');
INSERT INTO motorbike_booking_history (id, booking_id, status, changed_at) VALUES ('3dddbff8-c99a-4da9-a0d7-e45865a86ee1', '19ee7607-1d27-4750-9631-224c4fe5c1cd', 'COMPLETED', '2024-03-19 02:00:00');
INSERT INTO motorbike_bookings (id, motorbike_id, renter_id, owner_id, status, start_date, end_date, total_days, price_per_day, base_price, service_fee, taxes, total, deposit, include_insurance, has_helmet, has_raincoat, has_phone_holder, has_touring_package, created_at) VALUES ('0bb39f33-af96-43cf-bdb2-ae58681eb27c', 'BIKE-1', 'D4E5F6G7-H8I9-0123-DEFG-456789012345', 'E5F6G7H8-I9J0-1234-EFGH-567890123456', 'COMPLETED', '2023-05-11', '2023-05-12', 1, 150000, 150000, 15000.0, 12000.0, 177000.0, 300000, 0, 0, 0, 0, 0, '2023-05-05 00:00:00');
INSERT INTO motorbike_booking_history (id, booking_id, status, changed_at) VALUES ('e47a2578-1f55-40a6-ae77-ba676985d049', '0bb39f33-af96-43cf-bdb2-ae58681eb27c', 'PENDING', '2023-05-05 00:00:00');
INSERT INTO motorbike_booking_history (id, booking_id, status, changed_at) VALUES ('92c01727-d8be-4984-944a-6c67e6fca0ce', '0bb39f33-af96-43cf-bdb2-ae58681eb27c', 'COMPLETED', '2023-05-05 02:00:00');
INSERT INTO motorbike_bookings (id, motorbike_id, renter_id, owner_id, status, start_date, end_date, total_days, price_per_day, base_price, service_fee, taxes, total, deposit, include_insurance, has_helmet, has_raincoat, has_phone_holder, has_touring_package, created_at) VALUES ('e050bafe-e773-40a1-969d-ba53dc3e4e37', 'BIKE-2', 'B2C3D4E5-F6G7-8901-BCDE-234567890123', 'E5F6G7H8-I9J0-1234-EFGH-567890123456', 'COMPLETED', '2023-02-16', '2023-02-24', 8, 200000, 1600000, 160000.0, 128000.0, 1888000.0, 400000, 0, 0, 0, 0, 0, '2023-02-04 00:00:00');
INSERT INTO motorbike_booking_history (id, booking_id, status, changed_at) VALUES ('b7602bb7-d6f3-47fc-a2cf-47f55b642b7d', 'e050bafe-e773-40a1-969d-ba53dc3e4e37', 'PENDING', '2023-02-04 00:00:00');
INSERT INTO motorbike_booking_history (id, booking_id, status, changed_at) VALUES ('9b35f49a-ddd0-4f03-9b80-022f13c037bb', 'e050bafe-e773-40a1-969d-ba53dc3e4e37', 'COMPLETED', '2023-02-04 02:00:00');
INSERT INTO motorbike_bookings (id, motorbike_id, renter_id, owner_id, status, start_date, end_date, total_days, price_per_day, base_price, service_fee, taxes, total, deposit, include_insurance, has_helmet, has_raincoat, has_phone_holder, has_touring_package, created_at) VALUES ('bfa7b34a-bccf-4fcd-a786-aa05401b6971', 'BIKE-3', 'C3D4E5F6-G7H8-9012-CDEF-345678901234', 'E5F6G7H8-I9J0-1234-EFGH-567890123456', 'CANCELLED', '2024-01-16', '2024-01-19', 3, 120000, 360000, 36000.0, 28800.0, 424800.0, 240000, 0, 0, 0, 0, 0, '2024-01-02 00:00:00');
INSERT INTO motorbike_booking_history (id, booking_id, status, changed_at) VALUES ('c704fd6f-7827-461c-8ded-e596a8bf6c72', 'bfa7b34a-bccf-4fcd-a786-aa05401b6971', 'PENDING', '2024-01-02 00:00:00');
INSERT INTO motorbike_booking_history (id, booking_id, status, changed_at) VALUES ('6509373f-78d4-4959-9ed4-b66c3bba930e', 'bfa7b34a-bccf-4fcd-a786-aa05401b6971', 'CANCELLED', '2024-01-02 02:00:00');
INSERT INTO motorbike_bookings (id, motorbike_id, renter_id, owner_id, status, start_date, end_date, total_days, price_per_day, base_price, service_fee, taxes, total, deposit, include_insurance, has_helmet, has_raincoat, has_phone_holder, has_touring_package, created_at) VALUES ('79deca65-cd35-4509-8a2c-ff20128c11c0', 'BIKE-1', 'C3D4E5F6-G7H8-9012-CDEF-345678901234', 'E5F6G7H8-I9J0-1234-EFGH-567890123456', 'COMPLETED', '2023-08-09', '2023-08-13', 4, 150000, 600000, 60000.0, 48000.0, 708000.0, 300000, 0, 0, 0, 0, 0, '2023-07-26 00:00:00');
INSERT INTO motorbike_booking_history (id, booking_id, status, changed_at) VALUES ('34d7dc01-13bd-49e2-b77b-4a781906fb6b', '79deca65-cd35-4509-8a2c-ff20128c11c0', 'PENDING', '2023-07-26 00:00:00');
INSERT INTO motorbike_booking_history (id, booking_id, status, changed_at) VALUES ('4c94ac98-7bb5-4ac0-957b-cf43159fbabc', '79deca65-cd35-4509-8a2c-ff20128c11c0', 'COMPLETED', '2023-07-26 02:00:00');
INSERT INTO motorbike_bookings (id, motorbike_id, renter_id, owner_id, status, start_date, end_date, total_days, price_per_day, base_price, service_fee, taxes, total, deposit, include_insurance, has_helmet, has_raincoat, has_phone_holder, has_touring_package, created_at) VALUES ('550c02fa-5ae7-49c6-ac51-6143de8570fc', 'BIKE-3', 'C3D4E5F6-G7H8-9012-CDEF-345678901234', 'E5F6G7H8-I9J0-1234-EFGH-567890123456', 'COMPLETED', '2023-12-13', '2023-12-19', 6, 120000, 720000, 72000.0, 57600.0, 849600.0, 240000, 0, 0, 0, 0, 0, '2023-12-08 00:00:00');
INSERT INTO motorbike_booking_history (id, booking_id, status, changed_at) VALUES ('53ace4f9-96ec-49da-b919-406c11259c97', '550c02fa-5ae7-49c6-ac51-6143de8570fc', 'PENDING', '2023-12-08 00:00:00');
INSERT INTO motorbike_booking_history (id, booking_id, status, changed_at) VALUES ('d281f868-076a-4fc8-b1bc-792dc30b6205', '550c02fa-5ae7-49c6-ac51-6143de8570fc', 'COMPLETED', '2023-12-08 02:00:00');
INSERT INTO motorbike_bookings (id, motorbike_id, renter_id, owner_id, status, start_date, end_date, total_days, price_per_day, base_price, service_fee, taxes, total, deposit, include_insurance, has_helmet, has_raincoat, has_phone_holder, has_touring_package, created_at) VALUES ('0be0f053-bb72-4909-8dd1-8eac73c482ad', 'BIKE-3', 'D4E5F6G7-H8I9-0123-DEFG-456789012345', 'E5F6G7H8-I9J0-1234-EFGH-567890123456', 'COMPLETED', '2023-03-17', '2023-03-23', 6, 120000, 720000, 72000.0, 57600.0, 849600.0, 240000, 0, 0, 0, 0, 0, '2023-03-03 00:00:00');
INSERT INTO motorbike_booking_history (id, booking_id, status, changed_at) VALUES ('3f228d3c-ef94-4b1a-917d-6e7c1e9af334', '0be0f053-bb72-4909-8dd1-8eac73c482ad', 'PENDING', '2023-03-03 00:00:00');
INSERT INTO motorbike_booking_history (id, booking_id, status, changed_at) VALUES ('a241dfea-8f76-442a-8390-b2b6e755c699', '0be0f053-bb72-4909-8dd1-8eac73c482ad', 'COMPLETED', '2023-03-03 02:00:00');
INSERT INTO motorbike_bookings (id, motorbike_id, renter_id, owner_id, status, start_date, end_date, total_days, price_per_day, base_price, service_fee, taxes, total, deposit, include_insurance, has_helmet, has_raincoat, has_phone_holder, has_touring_package, created_at) VALUES ('d8582c24-dcff-40eb-b8ad-5281459cdb78', 'BIKE-1', 'C3D4E5F6-G7H8-9012-CDEF-345678901234', 'E5F6G7H8-I9J0-1234-EFGH-567890123456', 'COMPLETED', '2023-06-23', '2023-06-24', 1, 150000, 150000, 15000.0, 12000.0, 177000.0, 300000, 0, 0, 0, 0, 0, '2023-06-17 00:00:00');
INSERT INTO motorbike_booking_history (id, booking_id, status, changed_at) VALUES ('18fda508-4117-4ff5-9adc-a88ca787b6ee', 'd8582c24-dcff-40eb-b8ad-5281459cdb78', 'PENDING', '2023-06-17 00:00:00');
INSERT INTO motorbike_booking_history (id, booking_id, status, changed_at) VALUES ('6a0b6c6f-c81e-4dd4-a43e-e7e78327fa68', 'd8582c24-dcff-40eb-b8ad-5281459cdb78', 'COMPLETED', '2023-06-17 02:00:00');
INSERT INTO motorbike_bookings (id, motorbike_id, renter_id, owner_id, status, start_date, end_date, total_days, price_per_day, base_price, service_fee, taxes, total, deposit, include_insurance, has_helmet, has_raincoat, has_phone_holder, has_touring_package, created_at) VALUES ('e53bf15a-a79a-4697-96de-76fecd446c1a', 'BIKE-1', 'D4E5F6G7-H8I9-0123-DEFG-456789012345', 'E5F6G7H8-I9J0-1234-EFGH-567890123456', 'COMPLETED', '2024-03-13', '2024-03-19', 6, 150000, 900000, 90000.0, 72000.0, 1062000.0, 300000, 0, 0, 0, 0, 0, '2024-02-29 00:00:00');
INSERT INTO motorbike_booking_history (id, booking_id, status, changed_at) VALUES ('9b9c06f5-1943-4e8f-9e02-895364954134', 'e53bf15a-a79a-4697-96de-76fecd446c1a', 'PENDING', '2024-02-29 00:00:00');
INSERT INTO motorbike_booking_history (id, booking_id, status, changed_at) VALUES ('15216a22-7a7e-4c89-8af7-4df63412db93', 'e53bf15a-a79a-4697-96de-76fecd446c1a', 'COMPLETED', '2024-02-29 02:00:00');
INSERT INTO motorbike_bookings (id, motorbike_id, renter_id, owner_id, status, start_date, end_date, total_days, price_per_day, base_price, service_fee, taxes, total, deposit, include_insurance, has_helmet, has_raincoat, has_phone_holder, has_touring_package, created_at) VALUES ('fdddf929-5548-4a52-a7f9-9589919283b6', 'BIKE-1', 'D4E5F6G7-H8I9-0123-DEFG-456789012345', 'E5F6G7H8-I9J0-1234-EFGH-567890123456', 'COMPLETED', '2023-05-08', '2023-05-11', 3, 150000, 450000, 45000.0, 36000.0, 531000.0, 300000, 0, 0, 0, 0, 0, '2023-05-07 00:00:00');
INSERT INTO motorbike_booking_history (id, booking_id, status, changed_at) VALUES ('90bce375-7720-446f-ad18-b5de64d8d1d5', 'fdddf929-5548-4a52-a7f9-9589919283b6', 'PENDING', '2023-05-07 00:00:00');
INSERT INTO motorbike_booking_history (id, booking_id, status, changed_at) VALUES ('e645ac3b-4b76-4f93-a997-bf458f627e1f', 'fdddf929-5548-4a52-a7f9-9589919283b6', 'COMPLETED', '2023-05-07 02:00:00');
INSERT INTO motorbike_bookings (id, motorbike_id, renter_id, owner_id, status, start_date, end_date, total_days, price_per_day, base_price, service_fee, taxes, total, deposit, include_insurance, has_helmet, has_raincoat, has_phone_holder, has_touring_package, created_at) VALUES ('858269b6-a1ec-4693-abd0-ffb020ff869a', 'BIKE-3', 'C3D4E5F6-G7H8-9012-CDEF-345678901234', 'E5F6G7H8-I9J0-1234-EFGH-567890123456', 'COMPLETED', '2024-03-23', '2024-03-28', 5, 120000, 600000, 60000.0, 48000.0, 708000.0, 240000, 0, 0, 0, 0, 0, '2024-03-16 00:00:00');
INSERT INTO motorbike_booking_history (id, booking_id, status, changed_at) VALUES ('32afb002-0874-4a27-a7b9-65c60bdbc99b', '858269b6-a1ec-4693-abd0-ffb020ff869a', 'PENDING', '2024-03-16 00:00:00');
INSERT INTO motorbike_booking_history (id, booking_id, status, changed_at) VALUES ('b4178918-58ff-4dea-ba1f-2b9f2d78edac', '858269b6-a1ec-4693-abd0-ffb020ff869a', 'COMPLETED', '2024-03-16 02:00:00');
INSERT INTO motorbike_bookings (id, motorbike_id, renter_id, owner_id, status, start_date, end_date, total_days, price_per_day, base_price, service_fee, taxes, total, deposit, include_insurance, has_helmet, has_raincoat, has_phone_holder, has_touring_package, created_at) VALUES ('7d69fa63-5d84-4a93-bfe2-efea97fb47be', 'BIKE-3', 'C3D4E5F6-G7H8-9012-CDEF-345678901234', 'E5F6G7H8-I9J0-1234-EFGH-567890123456', 'CANCELLED', '2024-04-13', '2024-04-18', 5, 120000, 600000, 60000.0, 48000.0, 708000.0, 240000, 0, 0, 0, 0, 0, '2024-04-12 00:00:00');
INSERT INTO motorbike_booking_history (id, booking_id, status, changed_at) VALUES ('1c1439ef-7ada-42ce-860a-4a59d745d77c', '7d69fa63-5d84-4a93-bfe2-efea97fb47be', 'PENDING', '2024-04-12 00:00:00');
INSERT INTO motorbike_booking_history (id, booking_id, status, changed_at) VALUES ('f50890fe-adc8-4b9b-ad69-ba9511c7c763', '7d69fa63-5d84-4a93-bfe2-efea97fb47be', 'CANCELLED', '2024-04-12 02:00:00');
INSERT INTO motorbike_bookings (id, motorbike_id, renter_id, owner_id, status, start_date, end_date, total_days, price_per_day, base_price, service_fee, taxes, total, deposit, include_insurance, has_helmet, has_raincoat, has_phone_holder, has_touring_package, created_at) VALUES ('d22e644c-b82e-4b24-8f19-218be1e65b66', 'BIKE-3', 'C3D4E5F6-G7H8-9012-CDEF-345678901234', 'E5F6G7H8-I9J0-1234-EFGH-567890123456', 'COMPLETED', '2023-11-20', '2023-11-22', 2, 120000, 240000, 24000.0, 19200.0, 283200.0, 240000, 0, 0, 0, 0, 0, '2023-11-10 00:00:00');
INSERT INTO motorbike_booking_history (id, booking_id, status, changed_at) VALUES ('2e07bc1d-e928-4627-9a6c-abc1e7a0bbd4', 'd22e644c-b82e-4b24-8f19-218be1e65b66', 'PENDING', '2023-11-10 00:00:00');
INSERT INTO motorbike_booking_history (id, booking_id, status, changed_at) VALUES ('a30e1af9-3b43-4131-8c0f-ebc6d9bb593a', 'd22e644c-b82e-4b24-8f19-218be1e65b66', 'COMPLETED', '2023-11-10 02:00:00');
INSERT INTO motorbike_bookings (id, motorbike_id, renter_id, owner_id, status, start_date, end_date, total_days, price_per_day, base_price, service_fee, taxes, total, deposit, include_insurance, has_helmet, has_raincoat, has_phone_holder, has_touring_package, created_at) VALUES ('889aee61-5614-4b77-9ce4-ba2d259ad47d', 'BIKE-3', 'C3D4E5F6-G7H8-9012-CDEF-345678901234', 'E5F6G7H8-I9J0-1234-EFGH-567890123456', 'COMPLETED', '2023-11-23', '2023-11-29', 6, 120000, 720000, 72000.0, 57600.0, 849600.0, 240000, 0, 0, 0, 0, 0, '2023-11-16 00:00:00');
INSERT INTO motorbike_booking_history (id, booking_id, status, changed_at) VALUES ('b8fd3cb7-d440-4ff2-ba00-f4253ac55fda', '889aee61-5614-4b77-9ce4-ba2d259ad47d', 'PENDING', '2023-11-16 00:00:00');
INSERT INTO motorbike_booking_history (id, booking_id, status, changed_at) VALUES ('a1ac07c0-766c-4299-a933-0abb071ad08d', '889aee61-5614-4b77-9ce4-ba2d259ad47d', 'COMPLETED', '2023-11-16 02:00:00');
INSERT INTO motorbike_bookings (id, motorbike_id, renter_id, owner_id, status, start_date, end_date, total_days, price_per_day, base_price, service_fee, taxes, total, deposit, include_insurance, has_helmet, has_raincoat, has_phone_holder, has_touring_package, created_at) VALUES ('3d6ef086-6c31-48b2-9c2d-8f0b6c0adb1d', 'BIKE-3', 'B2C3D4E5-F6G7-8901-BCDE-234567890123', 'E5F6G7H8-I9J0-1234-EFGH-567890123456', 'COMPLETED', '2024-04-28', '2024-05-02', 4, 120000, 480000, 48000.0, 38400.0, 566400.0, 240000, 0, 0, 0, 0, 0, '2024-04-19 00:00:00');
INSERT INTO motorbike_booking_history (id, booking_id, status, changed_at) VALUES ('618014b3-4d27-4b3e-8040-3f7794c2b8d0', '3d6ef086-6c31-48b2-9c2d-8f0b6c0adb1d', 'PENDING', '2024-04-19 00:00:00');
INSERT INTO motorbike_booking_history (id, booking_id, status, changed_at) VALUES ('f4778054-ebe1-4866-b1cc-876e78eae97b', '3d6ef086-6c31-48b2-9c2d-8f0b6c0adb1d', 'COMPLETED', '2024-04-19 02:00:00');
INSERT INTO motorbike_bookings (id, motorbike_id, renter_id, owner_id, status, start_date, end_date, total_days, price_per_day, base_price, service_fee, taxes, total, deposit, include_insurance, has_helmet, has_raincoat, has_phone_holder, has_touring_package, created_at) VALUES ('5508d9cf-77d1-489e-b780-9a5e4962d6e4', 'BIKE-3', 'C3D4E5F6-G7H8-9012-CDEF-345678901234', 'E5F6G7H8-I9J0-1234-EFGH-567890123456', 'CANCELLED', '2023-11-22', '2023-12-02', 10, 120000, 1200000, 120000.0, 96000.0, 1416000.0, 240000, 0, 0, 0, 0, 0, '2023-11-21 00:00:00');
INSERT INTO motorbike_booking_history (id, booking_id, status, changed_at) VALUES ('4e871b26-9bf5-4ac8-96f8-ff17afc57992', '5508d9cf-77d1-489e-b780-9a5e4962d6e4', 'PENDING', '2023-11-21 00:00:00');
INSERT INTO motorbike_booking_history (id, booking_id, status, changed_at) VALUES ('8b36bcee-b8b2-4ffe-8c30-1736cee215f3', '5508d9cf-77d1-489e-b780-9a5e4962d6e4', 'CANCELLED', '2023-11-21 02:00:00');
INSERT INTO motorbike_bookings (id, motorbike_id, renter_id, owner_id, status, start_date, end_date, total_days, price_per_day, base_price, service_fee, taxes, total, deposit, include_insurance, has_helmet, has_raincoat, has_phone_holder, has_touring_package, created_at) VALUES ('b57dfbe3-67d0-4504-a7d8-557d87901b29', 'BIKE-1', 'B2C3D4E5-F6G7-8901-BCDE-234567890123', 'E5F6G7H8-I9J0-1234-EFGH-567890123456', 'CANCELLED', '2023-06-04', '2023-06-07', 3, 150000, 450000, 45000.0, 36000.0, 531000.0, 300000, 0, 0, 0, 0, 0, '2023-05-23 00:00:00');
INSERT INTO motorbike_booking_history (id, booking_id, status, changed_at) VALUES ('372d259b-a65d-4410-b0c7-861f2c027614', 'b57dfbe3-67d0-4504-a7d8-557d87901b29', 'PENDING', '2023-05-23 00:00:00');
INSERT INTO motorbike_booking_history (id, booking_id, status, changed_at) VALUES ('2634af5f-da46-49b8-8ea5-5e4cb89bd07b', 'b57dfbe3-67d0-4504-a7d8-557d87901b29', 'CANCELLED', '2023-05-23 02:00:00');
INSERT INTO motorbike_bookings (id, motorbike_id, renter_id, owner_id, status, start_date, end_date, total_days, price_per_day, base_price, service_fee, taxes, total, deposit, include_insurance, has_helmet, has_raincoat, has_phone_holder, has_touring_package, created_at) VALUES ('088f5bdf-ffc8-43af-b1d5-40fdfae1d8d0', 'BIKE-3', 'D4E5F6G7-H8I9-0123-DEFG-456789012345', 'E5F6G7H8-I9J0-1234-EFGH-567890123456', 'COMPLETED', '2023-09-19', '2023-09-25', 6, 120000, 720000, 72000.0, 57600.0, 849600.0, 240000, 0, 0, 0, 0, 0, '2023-09-13 00:00:00');
INSERT INTO motorbike_booking_history (id, booking_id, status, changed_at) VALUES ('0265baa6-03dc-47b5-ac8f-c9638fdec88b', '088f5bdf-ffc8-43af-b1d5-40fdfae1d8d0', 'PENDING', '2023-09-13 00:00:00');
INSERT INTO motorbike_booking_history (id, booking_id, status, changed_at) VALUES ('3a683963-5913-4986-b7b2-da18e6c65bc1', '088f5bdf-ffc8-43af-b1d5-40fdfae1d8d0', 'COMPLETED', '2023-09-13 02:00:00');
INSERT INTO motorbike_bookings (id, motorbike_id, renter_id, owner_id, status, start_date, end_date, total_days, price_per_day, base_price, service_fee, taxes, total, deposit, include_insurance, has_helmet, has_raincoat, has_phone_holder, has_touring_package, created_at) VALUES ('52a97ea0-d787-4a3a-a401-20523d45fe9a', 'BIKE-2', 'C3D4E5F6-G7H8-9012-CDEF-345678901234', 'E5F6G7H8-I9J0-1234-EFGH-567890123456', 'COMPLETED', '2023-10-29', '2023-10-30', 1, 200000, 200000, 20000.0, 16000.0, 236000.0, 400000, 0, 0, 0, 0, 0, '2023-10-27 00:00:00');
INSERT INTO motorbike_booking_history (id, booking_id, status, changed_at) VALUES ('2583de14-684a-485e-b0e8-8d6f3ebcf497', '52a97ea0-d787-4a3a-a401-20523d45fe9a', 'PENDING', '2023-10-27 00:00:00');
INSERT INTO motorbike_booking_history (id, booking_id, status, changed_at) VALUES ('1f076877-2593-45da-98a3-d67b9411ec46', '52a97ea0-d787-4a3a-a401-20523d45fe9a', 'COMPLETED', '2023-10-27 02:00:00');
INSERT INTO motorbike_bookings (id, motorbike_id, renter_id, owner_id, status, start_date, end_date, total_days, price_per_day, base_price, service_fee, taxes, total, deposit, include_insurance, has_helmet, has_raincoat, has_phone_holder, has_touring_package, created_at) VALUES ('1cf96c52-b306-4238-9be4-0562259ccd9c', 'BIKE-1', 'C3D4E5F6-G7H8-9012-CDEF-345678901234', 'E5F6G7H8-I9J0-1234-EFGH-567890123456', 'CANCELLED', '2023-04-01', '2023-04-02', 1, 150000, 150000, 15000.0, 12000.0, 177000.0, 300000, 0, 0, 0, 0, 0, '2023-03-29 00:00:00');
INSERT INTO motorbike_booking_history (id, booking_id, status, changed_at) VALUES ('f80f1d86-5ff4-4f92-9267-63f1e6b4985b', '1cf96c52-b306-4238-9be4-0562259ccd9c', 'PENDING', '2023-03-29 00:00:00');
INSERT INTO motorbike_booking_history (id, booking_id, status, changed_at) VALUES ('4c50c199-d1b5-430f-850c-661296ff5afe', '1cf96c52-b306-4238-9be4-0562259ccd9c', 'CANCELLED', '2023-03-29 02:00:00');
INSERT INTO motorbike_bookings (id, motorbike_id, renter_id, owner_id, status, start_date, end_date, total_days, price_per_day, base_price, service_fee, taxes, total, deposit, include_insurance, has_helmet, has_raincoat, has_phone_holder, has_touring_package, created_at) VALUES ('b84f45bb-3c12-4af4-9974-738a634d0634', 'BIKE-2', 'C3D4E5F6-G7H8-9012-CDEF-345678901234', 'E5F6G7H8-I9J0-1234-EFGH-567890123456', 'COMPLETED', '2023-04-11', '2023-04-18', 7, 200000, 1400000, 140000.0, 112000.0, 1652000.0, 400000, 0, 0, 0, 0, 0, '2023-04-04 00:00:00');
INSERT INTO motorbike_booking_history (id, booking_id, status, changed_at) VALUES ('ac05cbc9-f9a5-4eff-a615-e07801912879', 'b84f45bb-3c12-4af4-9974-738a634d0634', 'PENDING', '2023-04-04 00:00:00');
INSERT INTO motorbike_booking_history (id, booking_id, status, changed_at) VALUES ('a14228e7-404d-44f4-bb2a-a7d2616cec04', 'b84f45bb-3c12-4af4-9974-738a634d0634', 'COMPLETED', '2023-04-04 02:00:00');
INSERT INTO motorbike_bookings (id, motorbike_id, renter_id, owner_id, status, start_date, end_date, total_days, price_per_day, base_price, service_fee, taxes, total, deposit, include_insurance, has_helmet, has_raincoat, has_phone_holder, has_touring_package, created_at) VALUES ('6e2ad587-4c4d-43d8-8e2b-90b41155bbc4', 'BIKE-1', 'C3D4E5F6-G7H8-9012-CDEF-345678901234', 'E5F6G7H8-I9J0-1234-EFGH-567890123456', 'COMPLETED', '2024-02-12', '2024-02-17', 5, 150000, 750000, 75000.0, 60000.0, 885000.0, 300000, 0, 0, 0, 0, 0, '2024-02-11 00:00:00');
INSERT INTO motorbike_booking_history (id, booking_id, status, changed_at) VALUES ('e56d08bb-fec9-4787-a49e-874374d9c0ab', '6e2ad587-4c4d-43d8-8e2b-90b41155bbc4', 'PENDING', '2024-02-11 00:00:00');
INSERT INTO motorbike_booking_history (id, booking_id, status, changed_at) VALUES ('73a9a888-530a-4439-a80f-f5a9053cef01', '6e2ad587-4c4d-43d8-8e2b-90b41155bbc4', 'COMPLETED', '2024-02-11 02:00:00');
INSERT INTO motorbike_bookings (id, motorbike_id, renter_id, owner_id, status, start_date, end_date, total_days, price_per_day, base_price, service_fee, taxes, total, deposit, include_insurance, has_helmet, has_raincoat, has_phone_holder, has_touring_package, created_at) VALUES ('914e6e1e-4d56-4c02-abee-585d12ba6f8b', 'BIKE-2', 'B2C3D4E5-F6G7-8901-BCDE-234567890123', 'E5F6G7H8-I9J0-1234-EFGH-567890123456', 'COMPLETED', '2023-03-20', '2023-03-24', 4, 200000, 800000, 80000.0, 64000.0, 944000.0, 400000, 0, 0, 0, 0, 0, '2023-03-12 00:00:00');
INSERT INTO motorbike_booking_history (id, booking_id, status, changed_at) VALUES ('69a9e0e1-4099-4a35-97d1-9e5fea2c3d00', '914e6e1e-4d56-4c02-abee-585d12ba6f8b', 'PENDING', '2023-03-12 00:00:00');
INSERT INTO motorbike_booking_history (id, booking_id, status, changed_at) VALUES ('ed322a6b-5394-4d88-8806-989c4ef32250', '914e6e1e-4d56-4c02-abee-585d12ba6f8b', 'COMPLETED', '2023-03-12 02:00:00');
INSERT INTO motorbike_bookings (id, motorbike_id, renter_id, owner_id, status, start_date, end_date, total_days, price_per_day, base_price, service_fee, taxes, total, deposit, include_insurance, has_helmet, has_raincoat, has_phone_holder, has_touring_package, created_at) VALUES ('1a21abd4-6042-409d-aba8-1e56b90e7480', 'BIKE-2', 'D4E5F6G7-H8I9-0123-DEFG-456789012345', 'E5F6G7H8-I9J0-1234-EFGH-567890123456', 'COMPLETED', '2023-02-15', '2023-02-23', 8, 200000, 1600000, 160000.0, 128000.0, 1888000.0, 400000, 0, 0, 0, 0, 0, '2023-02-09 00:00:00');
INSERT INTO motorbike_booking_history (id, booking_id, status, changed_at) VALUES ('8ae8b766-85c0-4732-9be5-56db4742f035', '1a21abd4-6042-409d-aba8-1e56b90e7480', 'PENDING', '2023-02-09 00:00:00');
INSERT INTO motorbike_booking_history (id, booking_id, status, changed_at) VALUES ('6cd3fb40-5087-496b-9be3-2bdf92fd0f89', '1a21abd4-6042-409d-aba8-1e56b90e7480', 'COMPLETED', '2023-02-09 02:00:00');
INSERT INTO motorbike_bookings (id, motorbike_id, renter_id, owner_id, status, start_date, end_date, total_days, price_per_day, base_price, service_fee, taxes, total, deposit, include_insurance, has_helmet, has_raincoat, has_phone_holder, has_touring_package, created_at) VALUES ('189e2e42-ccef-4b23-a7ad-ea33e5d65e65', 'BIKE-3', 'C3D4E5F6-G7H8-9012-CDEF-345678901234', 'E5F6G7H8-I9J0-1234-EFGH-567890123456', 'COMPLETED', '2023-10-18', '2023-10-23', 5, 120000, 600000, 60000.0, 48000.0, 708000.0, 240000, 0, 0, 0, 0, 0, '2023-10-14 00:00:00');
INSERT INTO motorbike_booking_history (id, booking_id, status, changed_at) VALUES ('10e1e1c8-a430-4185-b8da-be27b7917178', '189e2e42-ccef-4b23-a7ad-ea33e5d65e65', 'PENDING', '2023-10-14 00:00:00');
INSERT INTO motorbike_booking_history (id, booking_id, status, changed_at) VALUES ('3c24e0b2-96a7-4004-86db-1ec9690596ac', '189e2e42-ccef-4b23-a7ad-ea33e5d65e65', 'COMPLETED', '2023-10-14 02:00:00');
INSERT INTO motorbike_bookings (id, motorbike_id, renter_id, owner_id, status, start_date, end_date, total_days, price_per_day, base_price, service_fee, taxes, total, deposit, include_insurance, has_helmet, has_raincoat, has_phone_holder, has_touring_package, created_at) VALUES ('4b913460-5a18-49c2-9b27-c80fc52ac08b', 'BIKE-1', 'D4E5F6G7-H8I9-0123-DEFG-456789012345', 'E5F6G7H8-I9J0-1234-EFGH-567890123456', 'COMPLETED', '2024-04-19', '2024-04-21', 2, 150000, 300000, 30000.0, 24000.0, 354000.0, 300000, 0, 0, 0, 0, 0, '2024-04-16 00:00:00');
INSERT INTO motorbike_booking_history (id, booking_id, status, changed_at) VALUES ('b036f9c8-c939-45e7-91a7-a9515fca7256', '4b913460-5a18-49c2-9b27-c80fc52ac08b', 'PENDING', '2024-04-16 00:00:00');
INSERT INTO motorbike_booking_history (id, booking_id, status, changed_at) VALUES ('3866914f-ffa7-4541-be6e-5324034c4303', '4b913460-5a18-49c2-9b27-c80fc52ac08b', 'COMPLETED', '2024-04-16 02:00:00');
INSERT INTO motorbike_bookings (id, motorbike_id, renter_id, owner_id, status, start_date, end_date, total_days, price_per_day, base_price, service_fee, taxes, total, deposit, include_insurance, has_helmet, has_raincoat, has_phone_holder, has_touring_package, created_at) VALUES ('838e91c1-e18b-42f7-8e57-c66ff9a6e800', 'BIKE-1', 'D4E5F6G7-H8I9-0123-DEFG-456789012345', 'E5F6G7H8-I9J0-1234-EFGH-567890123456', 'COMPLETED', '2024-01-12', '2024-01-17', 5, 150000, 750000, 75000.0, 60000.0, 885000.0, 300000, 0, 0, 0, 0, 0, '2023-12-30 00:00:00');
INSERT INTO motorbike_booking_history (id, booking_id, status, changed_at) VALUES ('421cf151-542c-43c0-a936-9477bba7e044', '838e91c1-e18b-42f7-8e57-c66ff9a6e800', 'PENDING', '2023-12-30 00:00:00');
INSERT INTO motorbike_booking_history (id, booking_id, status, changed_at) VALUES ('37dfd3df-6189-480a-b467-2cee3e12e022', '838e91c1-e18b-42f7-8e57-c66ff9a6e800', 'COMPLETED', '2023-12-30 02:00:00');
INSERT INTO motorbike_bookings (id, motorbike_id, renter_id, owner_id, status, start_date, end_date, total_days, price_per_day, base_price, service_fee, taxes, total, deposit, include_insurance, has_helmet, has_raincoat, has_phone_holder, has_touring_package, created_at) VALUES ('24aaba78-d96d-4762-9d75-5fb357182e0c', 'BIKE-3', 'C3D4E5F6-G7H8-9012-CDEF-345678901234', 'E5F6G7H8-I9J0-1234-EFGH-567890123456', 'COMPLETED', '2023-01-25', '2023-01-28', 3, 120000, 360000, 36000.0, 28800.0, 424800.0, 240000, 0, 0, 0, 0, 0, '2023-01-17 00:00:00');
INSERT INTO motorbike_booking_history (id, booking_id, status, changed_at) VALUES ('9c145f98-131a-4ec0-beba-dd5b2d3a1072', '24aaba78-d96d-4762-9d75-5fb357182e0c', 'PENDING', '2023-01-17 00:00:00');
INSERT INTO motorbike_booking_history (id, booking_id, status, changed_at) VALUES ('67417342-25dc-47e0-a8f2-3abaf3adfa4e', '24aaba78-d96d-4762-9d75-5fb357182e0c', 'COMPLETED', '2023-01-17 02:00:00');
INSERT INTO motorbike_bookings (id, motorbike_id, renter_id, owner_id, status, start_date, end_date, total_days, price_per_day, base_price, service_fee, taxes, total, deposit, include_insurance, has_helmet, has_raincoat, has_phone_holder, has_touring_package, created_at) VALUES ('bc1b9180-0216-489a-a2c3-26602f4b998f', 'BIKE-2', 'D4E5F6G7-H8I9-0123-DEFG-456789012345', 'E5F6G7H8-I9J0-1234-EFGH-567890123456', 'COMPLETED', '2023-06-11', '2023-06-12', 1, 200000, 200000, 20000.0, 16000.0, 236000.0, 400000, 0, 0, 0, 0, 0, '2023-06-09 00:00:00');
INSERT INTO motorbike_booking_history (id, booking_id, status, changed_at) VALUES ('94fc22d7-f675-4417-82ac-13973e1249b4', 'bc1b9180-0216-489a-a2c3-26602f4b998f', 'PENDING', '2023-06-09 00:00:00');
INSERT INTO motorbike_booking_history (id, booking_id, status, changed_at) VALUES ('768af6ef-a24e-4618-a5b9-9104f43f6d1e', 'bc1b9180-0216-489a-a2c3-26602f4b998f', 'COMPLETED', '2023-06-09 02:00:00');
INSERT INTO motorbike_bookings (id, motorbike_id, renter_id, owner_id, status, start_date, end_date, total_days, price_per_day, base_price, service_fee, taxes, total, deposit, include_insurance, has_helmet, has_raincoat, has_phone_holder, has_touring_package, created_at) VALUES ('80a45697-8d0d-4491-9c5c-7c0bd053cb2f', 'BIKE-1', 'C3D4E5F6-G7H8-9012-CDEF-345678901234', 'E5F6G7H8-I9J0-1234-EFGH-567890123456', 'COMPLETED', '2023-12-22', '2023-12-25', 3, 150000, 450000, 45000.0, 36000.0, 531000.0, 300000, 0, 0, 0, 0, 0, '2023-12-12 00:00:00');
INSERT INTO motorbike_booking_history (id, booking_id, status, changed_at) VALUES ('0ce739af-812a-4e4a-bde0-a9b55fcf8c7b', '80a45697-8d0d-4491-9c5c-7c0bd053cb2f', 'PENDING', '2023-12-12 00:00:00');
INSERT INTO motorbike_booking_history (id, booking_id, status, changed_at) VALUES ('3a67a3b7-288b-49a5-8f8c-030aed72d471', '80a45697-8d0d-4491-9c5c-7c0bd053cb2f', 'COMPLETED', '2023-12-12 02:00:00');
INSERT INTO motorbike_bookings (id, motorbike_id, renter_id, owner_id, status, start_date, end_date, total_days, price_per_day, base_price, service_fee, taxes, total, deposit, include_insurance, has_helmet, has_raincoat, has_phone_holder, has_touring_package, created_at) VALUES ('af1983e3-5365-4b1a-bbfe-d004a3777a12', 'BIKE-1', 'B2C3D4E5-F6G7-8901-BCDE-234567890123', 'E5F6G7H8-I9J0-1234-EFGH-567890123456', 'COMPLETED', '2023-01-26', '2023-01-28', 2, 150000, 300000, 30000.0, 24000.0, 354000.0, 300000, 0, 0, 0, 0, 0, '2023-01-17 00:00:00');
INSERT INTO motorbike_booking_history (id, booking_id, status, changed_at) VALUES ('584a9087-2d6f-4d67-be1d-3e1c13912d4c', 'af1983e3-5365-4b1a-bbfe-d004a3777a12', 'PENDING', '2023-01-17 00:00:00');
INSERT INTO motorbike_booking_history (id, booking_id, status, changed_at) VALUES ('3249ae15-2be2-44ce-862f-7841a16c153f', 'af1983e3-5365-4b1a-bbfe-d004a3777a12', 'COMPLETED', '2023-01-17 02:00:00');
INSERT INTO motorbike_bookings (id, motorbike_id, renter_id, owner_id, status, start_date, end_date, total_days, price_per_day, base_price, service_fee, taxes, total, deposit, include_insurance, has_helmet, has_raincoat, has_phone_holder, has_touring_package, created_at) VALUES ('41907dd5-496f-4822-8370-05224d7ce101', 'BIKE-3', 'B2C3D4E5-F6G7-8901-BCDE-234567890123', 'E5F6G7H8-I9J0-1234-EFGH-567890123456', 'COMPLETED', '2023-11-02', '2023-11-11', 9, 120000, 1080000, 108000.0, 86400.0, 1274400.0, 240000, 0, 0, 0, 0, 0, '2023-10-31 00:00:00');
INSERT INTO motorbike_booking_history (id, booking_id, status, changed_at) VALUES ('111677f9-ac66-4736-a520-54a795170c61', '41907dd5-496f-4822-8370-05224d7ce101', 'PENDING', '2023-10-31 00:00:00');
INSERT INTO motorbike_booking_history (id, booking_id, status, changed_at) VALUES ('87ec89fa-801e-4f90-86a1-899c0b984d60', '41907dd5-496f-4822-8370-05224d7ce101', 'COMPLETED', '2023-10-31 02:00:00');
INSERT INTO motorbike_bookings (id, motorbike_id, renter_id, owner_id, status, start_date, end_date, total_days, price_per_day, base_price, service_fee, taxes, total, deposit, include_insurance, has_helmet, has_raincoat, has_phone_holder, has_touring_package, created_at) VALUES ('2c0fcf43-5448-4283-a122-30f73524d279', 'BIKE-3', 'C3D4E5F6-G7H8-9012-CDEF-345678901234', 'E5F6G7H8-I9J0-1234-EFGH-567890123456', 'COMPLETED', '2023-01-26', '2023-01-27', 1, 120000, 120000, 12000.0, 9600.0, 141600.0, 240000, 0, 0, 0, 0, 0, '2023-01-19 00:00:00');
INSERT INTO motorbike_booking_history (id, booking_id, status, changed_at) VALUES ('a70e9a66-85a5-40a3-94b3-18ec0014c82e', '2c0fcf43-5448-4283-a122-30f73524d279', 'PENDING', '2023-01-19 00:00:00');
INSERT INTO motorbike_booking_history (id, booking_id, status, changed_at) VALUES ('78e18f7a-5886-4fb7-ac6a-5c8361eecfc1', '2c0fcf43-5448-4283-a122-30f73524d279', 'COMPLETED', '2023-01-19 02:00:00');
INSERT INTO motorbike_bookings (id, motorbike_id, renter_id, owner_id, status, start_date, end_date, total_days, price_per_day, base_price, service_fee, taxes, total, deposit, include_insurance, has_helmet, has_raincoat, has_phone_holder, has_touring_package, created_at) VALUES ('1cab0128-fdf5-48e0-bf18-8a86c6c02114', 'BIKE-1', 'C3D4E5F6-G7H8-9012-CDEF-345678901234', 'E5F6G7H8-I9J0-1234-EFGH-567890123456', 'CANCELLED', '2024-02-22', '2024-03-01', 8, 150000, 1200000, 120000.0, 96000.0, 1416000.0, 300000, 0, 0, 0, 0, 0, '2024-02-19 00:00:00');
INSERT INTO motorbike_booking_history (id, booking_id, status, changed_at) VALUES ('d99033bc-04e3-4fea-a34c-2c9e6fab2011', '1cab0128-fdf5-48e0-bf18-8a86c6c02114', 'PENDING', '2024-02-19 00:00:00');
INSERT INTO motorbike_booking_history (id, booking_id, status, changed_at) VALUES ('446acba0-2f43-40e9-b759-8fba173b06ab', '1cab0128-fdf5-48e0-bf18-8a86c6c02114', 'CANCELLED', '2024-02-19 02:00:00');
INSERT INTO motorbike_bookings (id, motorbike_id, renter_id, owner_id, status, start_date, end_date, total_days, price_per_day, base_price, service_fee, taxes, total, deposit, include_insurance, has_helmet, has_raincoat, has_phone_holder, has_touring_package, created_at) VALUES ('b2d54de2-7609-489c-bbe8-914ad7ccaeff', 'BIKE-2', 'D4E5F6G7-H8I9-0123-DEFG-456789012345', 'E5F6G7H8-I9J0-1234-EFGH-567890123456', 'COMPLETED', '2023-12-29', '2024-01-07', 9, 200000, 1800000, 180000.0, 144000.0, 2124000.0, 400000, 0, 0, 0, 0, 0, '2023-12-19 00:00:00');
INSERT INTO motorbike_booking_history (id, booking_id, status, changed_at) VALUES ('67c2e874-5c8b-4aa6-8f02-030254e6570a', 'b2d54de2-7609-489c-bbe8-914ad7ccaeff', 'PENDING', '2023-12-19 00:00:00');
INSERT INTO motorbike_booking_history (id, booking_id, status, changed_at) VALUES ('0aa699a1-b4e6-4b74-9bdb-ccb79f75fa9d', 'b2d54de2-7609-489c-bbe8-914ad7ccaeff', 'COMPLETED', '2023-12-19 02:00:00');
INSERT INTO motorbike_bookings (id, motorbike_id, renter_id, owner_id, status, start_date, end_date, total_days, price_per_day, base_price, service_fee, taxes, total, deposit, include_insurance, has_helmet, has_raincoat, has_phone_holder, has_touring_package, created_at) VALUES ('c1cf957d-575c-46e6-b473-9b0a4a755e19', 'BIKE-2', 'D4E5F6G7-H8I9-0123-DEFG-456789012345', 'E5F6G7H8-I9J0-1234-EFGH-567890123456', 'CANCELLED', '2024-02-11', '2024-02-16', 5, 200000, 1000000, 100000.0, 80000.0, 1180000.0, 400000, 0, 0, 0, 0, 0, '2024-01-29 00:00:00');
INSERT INTO motorbike_booking_history (id, booking_id, status, changed_at) VALUES ('c963c78f-1ad3-41ac-ab26-9e53916b8d50', 'c1cf957d-575c-46e6-b473-9b0a4a755e19', 'PENDING', '2024-01-29 00:00:00');
INSERT INTO motorbike_booking_history (id, booking_id, status, changed_at) VALUES ('2cd222e2-5384-4e0e-9691-bbdc3e270e62', 'c1cf957d-575c-46e6-b473-9b0a4a755e19', 'CANCELLED', '2024-01-29 02:00:00');
INSERT INTO motorbike_bookings (id, motorbike_id, renter_id, owner_id, status, start_date, end_date, total_days, price_per_day, base_price, service_fee, taxes, total, deposit, include_insurance, has_helmet, has_raincoat, has_phone_holder, has_touring_package, created_at) VALUES ('5312dd33-a7db-44dd-a908-5f9adfcf5885', 'BIKE-1', 'B2C3D4E5-F6G7-8901-BCDE-234567890123', 'E5F6G7H8-I9J0-1234-EFGH-567890123456', 'COMPLETED', '2023-11-08', '2023-11-17', 9, 150000, 1350000, 135000.0, 108000.0, 1593000.0, 300000, 0, 0, 0, 0, 0, '2023-11-06 00:00:00');
INSERT INTO motorbike_booking_history (id, booking_id, status, changed_at) VALUES ('62a5981a-4e52-4637-ae86-efc177f54d2a', '5312dd33-a7db-44dd-a908-5f9adfcf5885', 'PENDING', '2023-11-06 00:00:00');
INSERT INTO motorbike_booking_history (id, booking_id, status, changed_at) VALUES ('965f0b08-bf05-400a-9b7f-78e18c58b20a', '5312dd33-a7db-44dd-a908-5f9adfcf5885', 'COMPLETED', '2023-11-06 02:00:00');
INSERT INTO motorbike_bookings (id, motorbike_id, renter_id, owner_id, status, start_date, end_date, total_days, price_per_day, base_price, service_fee, taxes, total, deposit, include_insurance, has_helmet, has_raincoat, has_phone_holder, has_touring_package, created_at) VALUES ('4874debd-d7f8-4218-87e4-363593016952', 'BIKE-1', 'C3D4E5F6-G7H8-9012-CDEF-345678901234', 'E5F6G7H8-I9J0-1234-EFGH-567890123456', 'COMPLETED', '2023-07-24', '2023-07-28', 4, 150000, 600000, 60000.0, 48000.0, 708000.0, 300000, 0, 0, 0, 0, 0, '2023-07-23 00:00:00');
INSERT INTO motorbike_booking_history (id, booking_id, status, changed_at) VALUES ('8e72f3aa-0a44-4cef-ba9e-ccad5809fe67', '4874debd-d7f8-4218-87e4-363593016952', 'PENDING', '2023-07-23 00:00:00');
INSERT INTO motorbike_booking_history (id, booking_id, status, changed_at) VALUES ('2e497d9f-080e-45d6-b85b-0961ed3ec0a0', '4874debd-d7f8-4218-87e4-363593016952', 'COMPLETED', '2023-07-23 02:00:00');
INSERT INTO motorbike_bookings (id, motorbike_id, renter_id, owner_id, status, start_date, end_date, total_days, price_per_day, base_price, service_fee, taxes, total, deposit, include_insurance, has_helmet, has_raincoat, has_phone_holder, has_touring_package, created_at) VALUES ('ca3727da-58ab-4d0d-839c-2ba2fe163075', 'BIKE-1', 'B2C3D4E5-F6G7-8901-BCDE-234567890123', 'E5F6G7H8-I9J0-1234-EFGH-567890123456', 'COMPLETED', '2024-03-23', '2024-03-26', 3, 150000, 450000, 45000.0, 36000.0, 531000.0, 300000, 0, 0, 0, 0, 0, '2024-03-20 00:00:00');
INSERT INTO motorbike_booking_history (id, booking_id, status, changed_at) VALUES ('98e7d2c8-ee37-4391-8801-76ceee32f0ec', 'ca3727da-58ab-4d0d-839c-2ba2fe163075', 'PENDING', '2024-03-20 00:00:00');
INSERT INTO motorbike_booking_history (id, booking_id, status, changed_at) VALUES ('82bbb312-0dde-4a07-ba41-52b68f2198b5', 'ca3727da-58ab-4d0d-839c-2ba2fe163075', 'COMPLETED', '2024-03-20 02:00:00');
INSERT INTO motorbike_bookings (id, motorbike_id, renter_id, owner_id, status, start_date, end_date, total_days, price_per_day, base_price, service_fee, taxes, total, deposit, include_insurance, has_helmet, has_raincoat, has_phone_holder, has_touring_package, created_at) VALUES ('f241f612-6949-40d8-a551-b5d248ef190c', 'BIKE-3', 'D4E5F6G7-H8I9-0123-DEFG-456789012345', 'E5F6G7H8-I9J0-1234-EFGH-567890123456', 'COMPLETED', '2023-12-10', '2023-12-19', 9, 120000, 1080000, 108000.0, 86400.0, 1274400.0, 240000, 0, 0, 0, 0, 0, '2023-11-28 00:00:00');
INSERT INTO motorbike_booking_history (id, booking_id, status, changed_at) VALUES ('8fe17cd1-e006-4cb2-a39b-5181153a1d50', 'f241f612-6949-40d8-a551-b5d248ef190c', 'PENDING', '2023-11-28 00:00:00');
INSERT INTO motorbike_booking_history (id, booking_id, status, changed_at) VALUES ('c1b4ceab-e2af-435d-8946-619657a9c066', 'f241f612-6949-40d8-a551-b5d248ef190c', 'COMPLETED', '2023-11-28 02:00:00');
INSERT INTO motorbike_bookings (id, motorbike_id, renter_id, owner_id, status, start_date, end_date, total_days, price_per_day, base_price, service_fee, taxes, total, deposit, include_insurance, has_helmet, has_raincoat, has_phone_holder, has_touring_package, created_at) VALUES ('65745120-246e-40d4-bfe0-2270a833f07b', 'BIKE-1', 'D4E5F6G7-H8I9-0123-DEFG-456789012345', 'E5F6G7H8-I9J0-1234-EFGH-567890123456', 'CANCELLED', '2024-04-16', '2024-04-22', 6, 150000, 900000, 90000.0, 72000.0, 1062000.0, 300000, 0, 0, 0, 0, 0, '2024-04-07 00:00:00');
INSERT INTO motorbike_booking_history (id, booking_id, status, changed_at) VALUES ('ab94bd0b-8594-446e-85fa-49fc8ac418fb', '65745120-246e-40d4-bfe0-2270a833f07b', 'PENDING', '2024-04-07 00:00:00');
INSERT INTO motorbike_booking_history (id, booking_id, status, changed_at) VALUES ('0b8a7e49-6433-4059-8c35-26783305829b', '65745120-246e-40d4-bfe0-2270a833f07b', 'CANCELLED', '2024-04-07 02:00:00');
INSERT INTO motorbike_bookings (id, motorbike_id, renter_id, owner_id, status, start_date, end_date, total_days, price_per_day, base_price, service_fee, taxes, total, deposit, include_insurance, has_helmet, has_raincoat, has_phone_holder, has_touring_package, created_at) VALUES ('f526b98c-257d-4863-a7e8-04de145a76c6', 'BIKE-3', 'D4E5F6G7-H8I9-0123-DEFG-456789012345', 'E5F6G7H8-I9J0-1234-EFGH-567890123456', 'COMPLETED', '2023-07-23', '2023-07-25', 2, 120000, 240000, 24000.0, 19200.0, 283200.0, 240000, 0, 0, 0, 0, 0, '2023-07-11 00:00:00');
INSERT INTO motorbike_booking_history (id, booking_id, status, changed_at) VALUES ('4784d48a-bcbd-4fc4-8562-a34198df6b82', 'f526b98c-257d-4863-a7e8-04de145a76c6', 'PENDING', '2023-07-11 00:00:00');
INSERT INTO motorbike_booking_history (id, booking_id, status, changed_at) VALUES ('4d20184c-2c59-4c6b-ae50-fccf30359b8e', 'f526b98c-257d-4863-a7e8-04de145a76c6', 'COMPLETED', '2023-07-11 02:00:00');
INSERT INTO motorbike_bookings (id, motorbike_id, renter_id, owner_id, status, start_date, end_date, total_days, price_per_day, base_price, service_fee, taxes, total, deposit, include_insurance, has_helmet, has_raincoat, has_phone_holder, has_touring_package, created_at) VALUES ('190e397b-435c-4808-b931-b2a8178156f5', 'BIKE-3', 'D4E5F6G7-H8I9-0123-DEFG-456789012345', 'E5F6G7H8-I9J0-1234-EFGH-567890123456', 'COMPLETED', '2023-06-28', '2023-07-03', 5, 120000, 600000, 60000.0, 48000.0, 708000.0, 240000, 0, 0, 0, 0, 0, '2023-06-25 00:00:00');
INSERT INTO motorbike_booking_history (id, booking_id, status, changed_at) VALUES ('d28d5092-3774-401b-81f2-ba12cba3a11c', '190e397b-435c-4808-b931-b2a8178156f5', 'PENDING', '2023-06-25 00:00:00');
INSERT INTO motorbike_booking_history (id, booking_id, status, changed_at) VALUES ('18cc73c9-658c-4406-b31c-762e27dd58a8', '190e397b-435c-4808-b931-b2a8178156f5', 'COMPLETED', '2023-06-25 02:00:00');
INSERT INTO motorbike_bookings (id, motorbike_id, renter_id, owner_id, status, start_date, end_date, total_days, price_per_day, base_price, service_fee, taxes, total, deposit, include_insurance, has_helmet, has_raincoat, has_phone_holder, has_touring_package, created_at) VALUES ('0f331051-bb90-41e5-9dfd-4891e2a1a329', 'BIKE-1', 'C3D4E5F6-G7H8-9012-CDEF-345678901234', 'E5F6G7H8-I9J0-1234-EFGH-567890123456', 'COMPLETED', '2024-04-19', '2024-04-29', 10, 150000, 1500000, 150000.0, 120000.0, 1770000.0, 300000, 0, 0, 0, 0, 0, '2024-04-08 00:00:00');
INSERT INTO motorbike_booking_history (id, booking_id, status, changed_at) VALUES ('ef388228-bc43-4f27-8b9e-55cda6715e42', '0f331051-bb90-41e5-9dfd-4891e2a1a329', 'PENDING', '2024-04-08 00:00:00');
INSERT INTO motorbike_booking_history (id, booking_id, status, changed_at) VALUES ('db40c2d8-3b2b-439a-b2dc-0de5123d2a19', '0f331051-bb90-41e5-9dfd-4891e2a1a329', 'COMPLETED', '2024-04-08 02:00:00');
INSERT INTO motorbike_bookings (id, motorbike_id, renter_id, owner_id, status, start_date, end_date, total_days, price_per_day, base_price, service_fee, taxes, total, deposit, include_insurance, has_helmet, has_raincoat, has_phone_holder, has_touring_package, created_at) VALUES ('af70df9c-5d6c-4ba3-b003-bd6fef0d32c1', 'BIKE-1', 'B2C3D4E5-F6G7-8901-BCDE-234567890123', 'E5F6G7H8-I9J0-1234-EFGH-567890123456', 'COMPLETED', '2024-01-08', '2024-01-13', 5, 150000, 750000, 75000.0, 60000.0, 885000.0, 300000, 0, 0, 0, 0, 0, '2023-12-29 00:00:00');
INSERT INTO motorbike_booking_history (id, booking_id, status, changed_at) VALUES ('74df71fc-56f2-427d-8063-f9471d254fe4', 'af70df9c-5d6c-4ba3-b003-bd6fef0d32c1', 'PENDING', '2023-12-29 00:00:00');
INSERT INTO motorbike_booking_history (id, booking_id, status, changed_at) VALUES ('a2e351db-db4b-4e7e-bc53-d329fec11d58', 'af70df9c-5d6c-4ba3-b003-bd6fef0d32c1', 'COMPLETED', '2023-12-29 02:00:00');
INSERT INTO motorbike_bookings (id, motorbike_id, renter_id, owner_id, status, start_date, end_date, total_days, price_per_day, base_price, service_fee, taxes, total, deposit, include_insurance, has_helmet, has_raincoat, has_phone_holder, has_touring_package, created_at) VALUES ('a0e16231-a2de-4566-bd18-a51bfbcfc9d9', 'BIKE-3', 'C3D4E5F6-G7H8-9012-CDEF-345678901234', 'E5F6G7H8-I9J0-1234-EFGH-567890123456', 'COMPLETED', '2023-01-29', '2023-01-30', 1, 120000, 120000, 12000.0, 9600.0, 141600.0, 240000, 0, 0, 0, 0, 0, '2023-01-27 00:00:00');
INSERT INTO motorbike_booking_history (id, booking_id, status, changed_at) VALUES ('26d86fdb-6cc6-4648-8011-e4ca7ee4a0cf', 'a0e16231-a2de-4566-bd18-a51bfbcfc9d9', 'PENDING', '2023-01-27 00:00:00');
INSERT INTO motorbike_booking_history (id, booking_id, status, changed_at) VALUES ('06388c65-3e03-49a1-a60b-3ab4543f8ec9', 'a0e16231-a2de-4566-bd18-a51bfbcfc9d9', 'COMPLETED', '2023-01-27 02:00:00');
INSERT INTO motorbike_bookings (id, motorbike_id, renter_id, owner_id, status, start_date, end_date, total_days, price_per_day, base_price, service_fee, taxes, total, deposit, include_insurance, has_helmet, has_raincoat, has_phone_holder, has_touring_package, created_at) VALUES ('ef014679-d55b-4b5f-b1f3-9ef11f607446', 'BIKE-3', 'D4E5F6G7-H8I9-0123-DEFG-456789012345', 'E5F6G7H8-I9J0-1234-EFGH-567890123456', 'CANCELLED', '2023-06-03', '2023-06-08', 5, 120000, 600000, 60000.0, 48000.0, 708000.0, 240000, 0, 0, 0, 0, 0, '2023-05-25 00:00:00');
INSERT INTO motorbike_booking_history (id, booking_id, status, changed_at) VALUES ('dc235d38-22e0-42ef-9dbf-302222aad9be', 'ef014679-d55b-4b5f-b1f3-9ef11f607446', 'PENDING', '2023-05-25 00:00:00');
INSERT INTO motorbike_booking_history (id, booking_id, status, changed_at) VALUES ('8a0b5f2a-582e-48bd-a843-c7892cd64fc4', 'ef014679-d55b-4b5f-b1f3-9ef11f607446', 'CANCELLED', '2023-05-25 02:00:00');
INSERT INTO motorbike_bookings (id, motorbike_id, renter_id, owner_id, status, start_date, end_date, total_days, price_per_day, base_price, service_fee, taxes, total, deposit, include_insurance, has_helmet, has_raincoat, has_phone_holder, has_touring_package, created_at) VALUES ('500cf45f-eccc-470e-9a86-67a9c174d74d', 'BIKE-1', 'D4E5F6G7-H8I9-0123-DEFG-456789012345', 'E5F6G7H8-I9J0-1234-EFGH-567890123456', 'CANCELLED', '2024-05-16', '2024-05-26', 10, 150000, 1500000, 150000.0, 120000.0, 1770000.0, 300000, 0, 0, 0, 0, 0, '2024-05-09 00:00:00');
INSERT INTO motorbike_booking_history (id, booking_id, status, changed_at) VALUES ('8b992db7-bb3f-44e6-9934-83574c4860dc', '500cf45f-eccc-470e-9a86-67a9c174d74d', 'PENDING', '2024-05-09 00:00:00');
INSERT INTO motorbike_booking_history (id, booking_id, status, changed_at) VALUES ('99f8a38b-379b-4738-ac3f-e74de0a30d8c', '500cf45f-eccc-470e-9a86-67a9c174d74d', 'CANCELLED', '2024-05-09 02:00:00');
INSERT INTO motorbike_bookings (id, motorbike_id, renter_id, owner_id, status, start_date, end_date, total_days, price_per_day, base_price, service_fee, taxes, total, deposit, include_insurance, has_helmet, has_raincoat, has_phone_holder, has_touring_package, created_at) VALUES ('27b23190-1a84-449d-bb2a-3edd5f5a650e', 'BIKE-3', 'D4E5F6G7-H8I9-0123-DEFG-456789012345', 'E5F6G7H8-I9J0-1234-EFGH-567890123456', 'COMPLETED', '2023-11-08', '2023-11-11', 3, 120000, 360000, 36000.0, 28800.0, 424800.0, 240000, 0, 0, 0, 0, 0, '2023-11-06 00:00:00');
INSERT INTO motorbike_booking_history (id, booking_id, status, changed_at) VALUES ('6c25f69a-ab7f-4233-9e8b-eae95eedec85', '27b23190-1a84-449d-bb2a-3edd5f5a650e', 'PENDING', '2023-11-06 00:00:00');
INSERT INTO motorbike_booking_history (id, booking_id, status, changed_at) VALUES ('de077381-e656-498d-89da-24ee4d4e44c8', '27b23190-1a84-449d-bb2a-3edd5f5a650e', 'COMPLETED', '2023-11-06 02:00:00');
INSERT INTO motorbike_bookings (id, motorbike_id, renter_id, owner_id, status, start_date, end_date, total_days, price_per_day, base_price, service_fee, taxes, total, deposit, include_insurance, has_helmet, has_raincoat, has_phone_holder, has_touring_package, created_at) VALUES ('bea9be33-4396-4def-9e3a-efe2b733bd5c', 'BIKE-3', 'D4E5F6G7-H8I9-0123-DEFG-456789012345', 'E5F6G7H8-I9J0-1234-EFGH-567890123456', 'COMPLETED', '2023-02-02', '2023-02-08', 6, 120000, 720000, 72000.0, 57600.0, 849600.0, 240000, 0, 0, 0, 0, 0, '2023-01-19 00:00:00');
INSERT INTO motorbike_booking_history (id, booking_id, status, changed_at) VALUES ('799c29e0-60db-4ee7-8999-f6255f118526', 'bea9be33-4396-4def-9e3a-efe2b733bd5c', 'PENDING', '2023-01-19 00:00:00');
INSERT INTO motorbike_booking_history (id, booking_id, status, changed_at) VALUES ('f64fb44e-34c2-45c0-807c-9fdba6eb605c', 'bea9be33-4396-4def-9e3a-efe2b733bd5c', 'COMPLETED', '2023-01-19 02:00:00');
INSERT INTO motorbike_bookings (id, motorbike_id, renter_id, owner_id, status, start_date, end_date, total_days, price_per_day, base_price, service_fee, taxes, total, deposit, include_insurance, has_helmet, has_raincoat, has_phone_holder, has_touring_package, created_at) VALUES ('9586f562-5dbb-4039-a0e1-0a0b3843cb02', 'BIKE-3', 'C3D4E5F6-G7H8-9012-CDEF-345678901234', 'E5F6G7H8-I9J0-1234-EFGH-567890123456', 'COMPLETED', '2024-04-17', '2024-04-22', 5, 120000, 600000, 60000.0, 48000.0, 708000.0, 240000, 0, 0, 0, 0, 0, '2024-04-04 00:00:00');
INSERT INTO motorbike_booking_history (id, booking_id, status, changed_at) VALUES ('8a542891-8bb4-4bb2-9c8f-0f54d3ccda6a', '9586f562-5dbb-4039-a0e1-0a0b3843cb02', 'PENDING', '2024-04-04 00:00:00');
INSERT INTO motorbike_booking_history (id, booking_id, status, changed_at) VALUES ('07926147-2ed3-4a57-a7cf-912e7e92a8d8', '9586f562-5dbb-4039-a0e1-0a0b3843cb02', 'COMPLETED', '2024-04-04 02:00:00');
INSERT INTO motorbike_bookings (id, motorbike_id, renter_id, owner_id, status, start_date, end_date, total_days, price_per_day, base_price, service_fee, taxes, total, deposit, include_insurance, has_helmet, has_raincoat, has_phone_holder, has_touring_package, created_at) VALUES ('aecf6d01-4160-4f5d-a940-e012d5871411', 'BIKE-1', 'D4E5F6G7-H8I9-0123-DEFG-456789012345', 'E5F6G7H8-I9J0-1234-EFGH-567890123456', 'COMPLETED', '2024-05-16', '2024-05-23', 7, 150000, 1050000, 105000.0, 84000.0, 1239000.0, 300000, 0, 0, 0, 0, 0, '2024-05-09 00:00:00');
INSERT INTO motorbike_booking_history (id, booking_id, status, changed_at) VALUES ('3529c0e2-0a9a-4060-84fe-8590264e1abf', 'aecf6d01-4160-4f5d-a940-e012d5871411', 'PENDING', '2024-05-09 00:00:00');
INSERT INTO motorbike_booking_history (id, booking_id, status, changed_at) VALUES ('58ebd5f5-708c-4c05-bd65-1eb3810c486f', 'aecf6d01-4160-4f5d-a940-e012d5871411', 'COMPLETED', '2024-05-09 02:00:00');
INSERT INTO motorbike_bookings (id, motorbike_id, renter_id, owner_id, status, start_date, end_date, total_days, price_per_day, base_price, service_fee, taxes, total, deposit, include_insurance, has_helmet, has_raincoat, has_phone_holder, has_touring_package, created_at) VALUES ('9ed6564d-ffac-4122-8e0a-34dfbabd1b93', 'BIKE-2', 'B2C3D4E5-F6G7-8901-BCDE-234567890123', 'E5F6G7H8-I9J0-1234-EFGH-567890123456', 'COMPLETED', '2023-02-19', '2023-02-27', 8, 200000, 1600000, 160000.0, 128000.0, 1888000.0, 400000, 0, 0, 0, 0, 0, '2023-02-13 00:00:00');
INSERT INTO motorbike_booking_history (id, booking_id, status, changed_at) VALUES ('f7a3d832-d91c-4513-a24b-34adda2dc44e', '9ed6564d-ffac-4122-8e0a-34dfbabd1b93', 'PENDING', '2023-02-13 00:00:00');
INSERT INTO motorbike_booking_history (id, booking_id, status, changed_at) VALUES ('9182ed7f-3e38-4167-8a8b-3fec8fc13716', '9ed6564d-ffac-4122-8e0a-34dfbabd1b93', 'COMPLETED', '2023-02-13 02:00:00');
INSERT INTO motorbike_bookings (id, motorbike_id, renter_id, owner_id, status, start_date, end_date, total_days, price_per_day, base_price, service_fee, taxes, total, deposit, include_insurance, has_helmet, has_raincoat, has_phone_holder, has_touring_package, created_at) VALUES ('71e33d06-14fb-4fe3-85d1-f4345ca1c838', 'BIKE-2', 'B2C3D4E5-F6G7-8901-BCDE-234567890123', 'E5F6G7H8-I9J0-1234-EFGH-567890123456', 'COMPLETED', '2023-03-18', '2023-03-21', 3, 200000, 600000, 60000.0, 48000.0, 708000.0, 400000, 0, 0, 0, 0, 0, '2023-03-15 00:00:00');
INSERT INTO motorbike_booking_history (id, booking_id, status, changed_at) VALUES ('c4851ed4-bd90-47e3-bafb-7eea18bf6a54', '71e33d06-14fb-4fe3-85d1-f4345ca1c838', 'PENDING', '2023-03-15 00:00:00');
INSERT INTO motorbike_booking_history (id, booking_id, status, changed_at) VALUES ('96bab591-099d-4f07-8d17-054918747f0f', '71e33d06-14fb-4fe3-85d1-f4345ca1c838', 'COMPLETED', '2023-03-15 02:00:00');
INSERT INTO motorbike_bookings (id, motorbike_id, renter_id, owner_id, status, start_date, end_date, total_days, price_per_day, base_price, service_fee, taxes, total, deposit, include_insurance, has_helmet, has_raincoat, has_phone_holder, has_touring_package, created_at) VALUES ('61befd62-2c80-4e7f-b0e2-0acaf22d83d7', 'BIKE-3', 'B2C3D4E5-F6G7-8901-BCDE-234567890123', 'E5F6G7H8-I9J0-1234-EFGH-567890123456', 'COMPLETED', '2023-05-08', '2023-05-10', 2, 120000, 240000, 24000.0, 19200.0, 283200.0, 240000, 0, 0, 0, 0, 0, '2023-05-05 00:00:00');
INSERT INTO motorbike_booking_history (id, booking_id, status, changed_at) VALUES ('ca6b0633-cb78-43ee-b67f-b4cf8355d0e0', '61befd62-2c80-4e7f-b0e2-0acaf22d83d7', 'PENDING', '2023-05-05 00:00:00');
INSERT INTO motorbike_booking_history (id, booking_id, status, changed_at) VALUES ('95792e86-7a25-4f93-8ec4-162693411c54', '61befd62-2c80-4e7f-b0e2-0acaf22d83d7', 'COMPLETED', '2023-05-05 02:00:00');
INSERT INTO motorbike_bookings (id, motorbike_id, renter_id, owner_id, status, start_date, end_date, total_days, price_per_day, base_price, service_fee, taxes, total, deposit, include_insurance, has_helmet, has_raincoat, has_phone_holder, has_touring_package, created_at) VALUES ('4ffdea93-0189-4465-946d-4313427433a0', 'BIKE-2', 'D4E5F6G7-H8I9-0123-DEFG-456789012345', 'E5F6G7H8-I9J0-1234-EFGH-567890123456', 'COMPLETED', '2023-02-15', '2023-02-16', 1, 200000, 200000, 20000.0, 16000.0, 236000.0, 400000, 0, 0, 0, 0, 0, '2023-02-11 00:00:00');
INSERT INTO motorbike_booking_history (id, booking_id, status, changed_at) VALUES ('5170092b-38a8-4398-bbbc-ab7a571d5e00', '4ffdea93-0189-4465-946d-4313427433a0', 'PENDING', '2023-02-11 00:00:00');
INSERT INTO motorbike_booking_history (id, booking_id, status, changed_at) VALUES ('772af823-452f-4d92-8b5d-b71ab55bc3ed', '4ffdea93-0189-4465-946d-4313427433a0', 'COMPLETED', '2023-02-11 02:00:00');
INSERT INTO motorbike_bookings (id, motorbike_id, renter_id, owner_id, status, start_date, end_date, total_days, price_per_day, base_price, service_fee, taxes, total, deposit, include_insurance, has_helmet, has_raincoat, has_phone_holder, has_touring_package, created_at) VALUES ('510302b6-840a-4ac6-9513-7cb8d7c76bb5', 'BIKE-3', 'C3D4E5F6-G7H8-9012-CDEF-345678901234', 'E5F6G7H8-I9J0-1234-EFGH-567890123456', 'COMPLETED', '2023-10-18', '2023-10-19', 1, 120000, 120000, 12000.0, 9600.0, 141600.0, 240000, 0, 0, 0, 0, 0, '2023-10-07 00:00:00');
INSERT INTO motorbike_booking_history (id, booking_id, status, changed_at) VALUES ('a1f21b1e-10c2-4da8-841a-6bbeabe1863c', '510302b6-840a-4ac6-9513-7cb8d7c76bb5', 'PENDING', '2023-10-07 00:00:00');
INSERT INTO motorbike_booking_history (id, booking_id, status, changed_at) VALUES ('7e34a8e7-10c2-4ab5-a30c-e4a67cfcdaf3', '510302b6-840a-4ac6-9513-7cb8d7c76bb5', 'COMPLETED', '2023-10-07 02:00:00');
INSERT INTO motorbike_bookings (id, motorbike_id, renter_id, owner_id, status, start_date, end_date, total_days, price_per_day, base_price, service_fee, taxes, total, deposit, include_insurance, has_helmet, has_raincoat, has_phone_holder, has_touring_package, created_at) VALUES ('fe41e383-1125-4e6b-a9c7-395bfc51d86d', 'BIKE-1', 'C3D4E5F6-G7H8-9012-CDEF-345678901234', 'E5F6G7H8-I9J0-1234-EFGH-567890123456', 'COMPLETED', '2023-06-16', '2023-06-17', 1, 150000, 150000, 15000.0, 12000.0, 177000.0, 300000, 0, 0, 0, 0, 0, '2023-06-14 00:00:00');
INSERT INTO motorbike_booking_history (id, booking_id, status, changed_at) VALUES ('e608b6fb-0b92-45c3-8a50-81e430ead0e0', 'fe41e383-1125-4e6b-a9c7-395bfc51d86d', 'PENDING', '2023-06-14 00:00:00');
INSERT INTO motorbike_booking_history (id, booking_id, status, changed_at) VALUES ('a3d9d7e8-01f1-41de-9c9f-6ab189aeab43', 'fe41e383-1125-4e6b-a9c7-395bfc51d86d', 'COMPLETED', '2023-06-14 02:00:00');
INSERT INTO motorbike_bookings (id, motorbike_id, renter_id, owner_id, status, start_date, end_date, total_days, price_per_day, base_price, service_fee, taxes, total, deposit, include_insurance, has_helmet, has_raincoat, has_phone_holder, has_touring_package, created_at) VALUES ('1628237b-0f7e-4336-a504-ab1569a2d5d9', 'BIKE-2', 'B2C3D4E5-F6G7-8901-BCDE-234567890123', 'E5F6G7H8-I9J0-1234-EFGH-567890123456', 'COMPLETED', '2023-12-30', '2024-01-05', 6, 200000, 1200000, 120000.0, 96000.0, 1416000.0, 400000, 0, 0, 0, 0, 0, '2023-12-22 00:00:00');
INSERT INTO motorbike_booking_history (id, booking_id, status, changed_at) VALUES ('bdff696f-ef3e-4877-acd5-2fe91b89f027', '1628237b-0f7e-4336-a504-ab1569a2d5d9', 'PENDING', '2023-12-22 00:00:00');
INSERT INTO motorbike_booking_history (id, booking_id, status, changed_at) VALUES ('a703faaf-a54f-4ff5-b88e-743cd359e47c', '1628237b-0f7e-4336-a504-ab1569a2d5d9', 'COMPLETED', '2023-12-22 02:00:00');
INSERT INTO motorbike_bookings (id, motorbike_id, renter_id, owner_id, status, start_date, end_date, total_days, price_per_day, base_price, service_fee, taxes, total, deposit, include_insurance, has_helmet, has_raincoat, has_phone_holder, has_touring_package, created_at) VALUES ('d223226c-56ae-4be3-8770-5edddd57426f', 'BIKE-1', 'C3D4E5F6-G7H8-9012-CDEF-345678901234', 'E5F6G7H8-I9J0-1234-EFGH-567890123456', 'COMPLETED', '2024-02-15', '2024-02-21', 6, 150000, 900000, 90000.0, 72000.0, 1062000.0, 300000, 0, 0, 0, 0, 0, '2024-02-14 00:00:00');
INSERT INTO motorbike_booking_history (id, booking_id, status, changed_at) VALUES ('129af44d-9b22-44ff-99bd-27badc76b5c9', 'd223226c-56ae-4be3-8770-5edddd57426f', 'PENDING', '2024-02-14 00:00:00');
INSERT INTO motorbike_booking_history (id, booking_id, status, changed_at) VALUES ('f841910f-fe9a-4d1a-9886-eb7ce64734da', 'd223226c-56ae-4be3-8770-5edddd57426f', 'COMPLETED', '2024-02-14 02:00:00');
INSERT INTO motorbike_bookings (id, motorbike_id, renter_id, owner_id, status, start_date, end_date, total_days, price_per_day, base_price, service_fee, taxes, total, deposit, include_insurance, has_helmet, has_raincoat, has_phone_holder, has_touring_package, created_at) VALUES ('b980868a-d52f-443e-8671-908472f50473', 'BIKE-1', 'D4E5F6G7-H8I9-0123-DEFG-456789012345', 'E5F6G7H8-I9J0-1234-EFGH-567890123456', 'COMPLETED', '2024-01-02', '2024-01-03', 1, 150000, 150000, 15000.0, 12000.0, 177000.0, 300000, 0, 0, 0, 0, 0, '2023-12-25 00:00:00');
INSERT INTO motorbike_booking_history (id, booking_id, status, changed_at) VALUES ('8fc42833-a3b8-4f5c-961f-88b57b31aea2', 'b980868a-d52f-443e-8671-908472f50473', 'PENDING', '2023-12-25 00:00:00');
INSERT INTO motorbike_booking_history (id, booking_id, status, changed_at) VALUES ('768905eb-781c-4f2b-927b-cd7dfc849c02', 'b980868a-d52f-443e-8671-908472f50473', 'COMPLETED', '2023-12-25 02:00:00');
INSERT INTO motorbike_bookings (id, motorbike_id, renter_id, owner_id, status, start_date, end_date, total_days, price_per_day, base_price, service_fee, taxes, total, deposit, include_insurance, has_helmet, has_raincoat, has_phone_holder, has_touring_package, created_at) VALUES ('1dca0bdb-a855-45a0-bf26-1231bdefec30', 'BIKE-3', 'B2C3D4E5-F6G7-8901-BCDE-234567890123', 'E5F6G7H8-I9J0-1234-EFGH-567890123456', 'COMPLETED', '2023-09-02', '2023-09-09', 7, 120000, 840000, 84000.0, 67200.0, 991200.0, 240000, 0, 0, 0, 0, 0, '2023-08-22 00:00:00');
INSERT INTO motorbike_booking_history (id, booking_id, status, changed_at) VALUES ('39cdc8af-76db-4325-84c2-71bce824c9f5', '1dca0bdb-a855-45a0-bf26-1231bdefec30', 'PENDING', '2023-08-22 00:00:00');
INSERT INTO motorbike_booking_history (id, booking_id, status, changed_at) VALUES ('0ed15cfe-4795-4a19-9129-75d651cff61c', '1dca0bdb-a855-45a0-bf26-1231bdefec30', 'COMPLETED', '2023-08-22 02:00:00');
INSERT INTO motorbike_bookings (id, motorbike_id, renter_id, owner_id, status, start_date, end_date, total_days, price_per_day, base_price, service_fee, taxes, total, deposit, include_insurance, has_helmet, has_raincoat, has_phone_holder, has_touring_package, created_at) VALUES ('2551c019-21bd-4f48-b3c4-67137bba13b8', 'BIKE-2', 'C3D4E5F6-G7H8-9012-CDEF-345678901234', 'E5F6G7H8-I9J0-1234-EFGH-567890123456', 'COMPLETED', '2024-04-25', '2024-05-03', 8, 200000, 1600000, 160000.0, 128000.0, 1888000.0, 400000, 0, 0, 0, 0, 0, '2024-04-23 00:00:00');
INSERT INTO motorbike_booking_history (id, booking_id, status, changed_at) VALUES ('0cfd80b7-e2b7-43e1-a898-befda4a29972', '2551c019-21bd-4f48-b3c4-67137bba13b8', 'PENDING', '2024-04-23 00:00:00');
INSERT INTO motorbike_booking_history (id, booking_id, status, changed_at) VALUES ('568dd698-7d45-4919-a98a-ef06d96c0175', '2551c019-21bd-4f48-b3c4-67137bba13b8', 'COMPLETED', '2024-04-23 02:00:00');
INSERT INTO motorbike_bookings (id, motorbike_id, renter_id, owner_id, status, start_date, end_date, total_days, price_per_day, base_price, service_fee, taxes, total, deposit, include_insurance, has_helmet, has_raincoat, has_phone_holder, has_touring_package, created_at) VALUES ('dbb22daa-94b1-41e0-8a14-2b1a832ea9b2', 'BIKE-1', 'B2C3D4E5-F6G7-8901-BCDE-234567890123', 'E5F6G7H8-I9J0-1234-EFGH-567890123456', 'CANCELLED', '2023-10-04', '2023-10-08', 4, 150000, 600000, 60000.0, 48000.0, 708000.0, 300000, 0, 0, 0, 0, 0, '2023-09-26 00:00:00');
INSERT INTO motorbike_booking_history (id, booking_id, status, changed_at) VALUES ('389898ac-fa4c-4150-91c0-45b7d839d2fa', 'dbb22daa-94b1-41e0-8a14-2b1a832ea9b2', 'PENDING', '2023-09-26 00:00:00');
INSERT INTO motorbike_booking_history (id, booking_id, status, changed_at) VALUES ('5831a523-4866-4a02-94c0-537b75c7538b', 'dbb22daa-94b1-41e0-8a14-2b1a832ea9b2', 'CANCELLED', '2023-09-26 02:00:00');
INSERT INTO motorbike_bookings (id, motorbike_id, renter_id, owner_id, status, start_date, end_date, total_days, price_per_day, base_price, service_fee, taxes, total, deposit, include_insurance, has_helmet, has_raincoat, has_phone_holder, has_touring_package, created_at) VALUES ('23cd7511-5589-437e-b588-8f7eebabf0ab', 'BIKE-1', 'C3D4E5F6-G7H8-9012-CDEF-345678901234', 'E5F6G7H8-I9J0-1234-EFGH-567890123456', 'COMPLETED', '2023-07-28', '2023-07-30', 2, 150000, 300000, 30000.0, 24000.0, 354000.0, 300000, 0, 0, 0, 0, 0, '2023-07-27 00:00:00');
INSERT INTO motorbike_booking_history (id, booking_id, status, changed_at) VALUES ('4e908205-114d-423b-a858-46c08159291d', '23cd7511-5589-437e-b588-8f7eebabf0ab', 'PENDING', '2023-07-27 00:00:00');
INSERT INTO motorbike_booking_history (id, booking_id, status, changed_at) VALUES ('adbc7c3c-75bc-45f9-b58f-accdefa54cb0', '23cd7511-5589-437e-b588-8f7eebabf0ab', 'COMPLETED', '2023-07-27 02:00:00');
INSERT INTO motorbike_bookings (id, motorbike_id, renter_id, owner_id, status, start_date, end_date, total_days, price_per_day, base_price, service_fee, taxes, total, deposit, include_insurance, has_helmet, has_raincoat, has_phone_holder, has_touring_package, created_at) VALUES ('78a2544e-b1e9-45c7-8a32-93fa9488f961', 'BIKE-3', 'B2C3D4E5-F6G7-8901-BCDE-234567890123', 'E5F6G7H8-I9J0-1234-EFGH-567890123456', 'CANCELLED', '2023-07-20', '2023-07-30', 10, 120000, 1200000, 120000.0, 96000.0, 1416000.0, 240000, 0, 0, 0, 0, 0, '2023-07-18 00:00:00');
INSERT INTO motorbike_booking_history (id, booking_id, status, changed_at) VALUES ('8e852e02-a6c5-4f3e-b91d-37f0e479a09c', '78a2544e-b1e9-45c7-8a32-93fa9488f961', 'PENDING', '2023-07-18 00:00:00');
INSERT INTO motorbike_booking_history (id, booking_id, status, changed_at) VALUES ('7cb755bd-8fd4-4d99-8e46-5356bdec20d2', '78a2544e-b1e9-45c7-8a32-93fa9488f961', 'CANCELLED', '2023-07-18 02:00:00');
INSERT INTO motorbike_bookings (id, motorbike_id, renter_id, owner_id, status, start_date, end_date, total_days, price_per_day, base_price, service_fee, taxes, total, deposit, include_insurance, has_helmet, has_raincoat, has_phone_holder, has_touring_package, created_at) VALUES ('0288c8ba-8162-454e-afe3-22a89abc1eb9', 'BIKE-1', 'D4E5F6G7-H8I9-0123-DEFG-456789012345', 'E5F6G7H8-I9J0-1234-EFGH-567890123456', 'COMPLETED', '2023-03-06', '2023-03-09', 3, 150000, 450000, 45000.0, 36000.0, 531000.0, 300000, 0, 0, 0, 0, 0, '2023-03-01 00:00:00');
INSERT INTO motorbike_booking_history (id, booking_id, status, changed_at) VALUES ('53ff8ebd-4bcc-421c-bce8-d490ee4c3dac', '0288c8ba-8162-454e-afe3-22a89abc1eb9', 'PENDING', '2023-03-01 00:00:00');
INSERT INTO motorbike_booking_history (id, booking_id, status, changed_at) VALUES ('8baccec4-d9d4-41a9-baa8-9758e7e756af', '0288c8ba-8162-454e-afe3-22a89abc1eb9', 'COMPLETED', '2023-03-01 02:00:00');
INSERT INTO motorbike_bookings (id, motorbike_id, renter_id, owner_id, status, start_date, end_date, total_days, price_per_day, base_price, service_fee, taxes, total, deposit, include_insurance, has_helmet, has_raincoat, has_phone_holder, has_touring_package, created_at) VALUES ('ca1c2ac6-e07f-41d5-9179-7e8fe7bef898', 'BIKE-2', 'B2C3D4E5-F6G7-8901-BCDE-234567890123', 'E5F6G7H8-I9J0-1234-EFGH-567890123456', 'COMPLETED', '2023-11-08', '2023-11-13', 5, 200000, 1000000, 100000.0, 80000.0, 1180000.0, 400000, 0, 0, 0, 0, 0, '2023-10-28 00:00:00');
INSERT INTO motorbike_booking_history (id, booking_id, status, changed_at) VALUES ('fefc216b-e64a-49d0-b51e-fe1178a8395e', 'ca1c2ac6-e07f-41d5-9179-7e8fe7bef898', 'PENDING', '2023-10-28 00:00:00');
INSERT INTO motorbike_booking_history (id, booking_id, status, changed_at) VALUES ('db74bdf2-0e82-494c-b97c-15e1bbb28683', 'ca1c2ac6-e07f-41d5-9179-7e8fe7bef898', 'COMPLETED', '2023-10-28 02:00:00');
INSERT INTO motorbike_bookings (id, motorbike_id, renter_id, owner_id, status, start_date, end_date, total_days, price_per_day, base_price, service_fee, taxes, total, deposit, include_insurance, has_helmet, has_raincoat, has_phone_holder, has_touring_package, created_at) VALUES ('7a0476f1-40ab-4bc1-b459-f749a88f6a5b', 'BIKE-2', 'C3D4E5F6-G7H8-9012-CDEF-345678901234', 'E5F6G7H8-I9J0-1234-EFGH-567890123456', 'COMPLETED', '2023-10-30', '2023-11-02', 3, 200000, 600000, 60000.0, 48000.0, 708000.0, 400000, 0, 0, 0, 0, 0, '2023-10-19 00:00:00');
INSERT INTO motorbike_booking_history (id, booking_id, status, changed_at) VALUES ('6eaacbac-785d-43da-a019-21b1b9884a9c', '7a0476f1-40ab-4bc1-b459-f749a88f6a5b', 'PENDING', '2023-10-19 00:00:00');
INSERT INTO motorbike_booking_history (id, booking_id, status, changed_at) VALUES ('184031ee-c94f-48f6-a5de-a2900ead8e93', '7a0476f1-40ab-4bc1-b459-f749a88f6a5b', 'COMPLETED', '2023-10-19 02:00:00');
INSERT INTO motorbike_bookings (id, motorbike_id, renter_id, owner_id, status, start_date, end_date, total_days, price_per_day, base_price, service_fee, taxes, total, deposit, include_insurance, has_helmet, has_raincoat, has_phone_holder, has_touring_package, created_at) VALUES ('eb38462f-04c4-48e3-80bc-ac71c092ced4', 'BIKE-3', 'C3D4E5F6-G7H8-9012-CDEF-345678901234', 'E5F6G7H8-I9J0-1234-EFGH-567890123456', 'COMPLETED', '2024-04-20', '2024-04-30', 10, 120000, 1200000, 120000.0, 96000.0, 1416000.0, 240000, 0, 0, 0, 0, 0, '2024-04-16 00:00:00');
INSERT INTO motorbike_booking_history (id, booking_id, status, changed_at) VALUES ('679dfdc5-80a7-4dc5-886f-f74790671702', 'eb38462f-04c4-48e3-80bc-ac71c092ced4', 'PENDING', '2024-04-16 00:00:00');
INSERT INTO motorbike_booking_history (id, booking_id, status, changed_at) VALUES ('c5e72f11-8289-487a-bfff-84b36d5db173', 'eb38462f-04c4-48e3-80bc-ac71c092ced4', 'COMPLETED', '2024-04-16 02:00:00');
INSERT INTO motorbike_bookings (id, motorbike_id, renter_id, owner_id, status, start_date, end_date, total_days, price_per_day, base_price, service_fee, taxes, total, deposit, include_insurance, has_helmet, has_raincoat, has_phone_holder, has_touring_package, created_at) VALUES ('7bd0ce03-6b38-4ce8-bcaa-0b632fa15911', 'BIKE-2', 'B2C3D4E5-F6G7-8901-BCDE-234567890123', 'E5F6G7H8-I9J0-1234-EFGH-567890123456', 'COMPLETED', '2023-02-06', '2023-02-11', 5, 200000, 1000000, 100000.0, 80000.0, 1180000.0, 400000, 0, 0, 0, 0, 0, '2023-02-03 00:00:00');
INSERT INTO motorbike_booking_history (id, booking_id, status, changed_at) VALUES ('a83f2f8d-623a-4685-b9c4-58d69f6ec7eb', '7bd0ce03-6b38-4ce8-bcaa-0b632fa15911', 'PENDING', '2023-02-03 00:00:00');
INSERT INTO motorbike_booking_history (id, booking_id, status, changed_at) VALUES ('cc2e2fde-a621-441c-b4c3-f013cf6c62ee', '7bd0ce03-6b38-4ce8-bcaa-0b632fa15911', 'COMPLETED', '2023-02-03 02:00:00');
INSERT INTO motorbike_bookings (id, motorbike_id, renter_id, owner_id, status, start_date, end_date, total_days, price_per_day, base_price, service_fee, taxes, total, deposit, include_insurance, has_helmet, has_raincoat, has_phone_holder, has_touring_package, created_at) VALUES ('f8d29bfc-ed13-4b30-9a25-040886597dc4', 'BIKE-2', 'C3D4E5F6-G7H8-9012-CDEF-345678901234', 'E5F6G7H8-I9J0-1234-EFGH-567890123456', 'COMPLETED', '2023-01-09', '2023-01-18', 9, 200000, 1800000, 180000.0, 144000.0, 2124000.0, 400000, 0, 0, 0, 0, 0, '2023-01-01 00:00:00');
INSERT INTO motorbike_booking_history (id, booking_id, status, changed_at) VALUES ('b38ed625-d895-460d-afa9-31a256035597', 'f8d29bfc-ed13-4b30-9a25-040886597dc4', 'PENDING', '2023-01-01 00:00:00');
INSERT INTO motorbike_booking_history (id, booking_id, status, changed_at) VALUES ('6c747abc-1d8d-48f1-b8a8-f5bd0456804a', 'f8d29bfc-ed13-4b30-9a25-040886597dc4', 'COMPLETED', '2023-01-01 02:00:00');
INSERT INTO motorbike_bookings (id, motorbike_id, renter_id, owner_id, status, start_date, end_date, total_days, price_per_day, base_price, service_fee, taxes, total, deposit, include_insurance, has_helmet, has_raincoat, has_phone_holder, has_touring_package, created_at) VALUES ('a8bbf6e3-0080-415f-9973-b5043558a896', 'BIKE-2', 'B2C3D4E5-F6G7-8901-BCDE-234567890123', 'E5F6G7H8-I9J0-1234-EFGH-567890123456', 'COMPLETED', '2023-12-11', '2023-12-20', 9, 200000, 1800000, 180000.0, 144000.0, 2124000.0, 400000, 0, 0, 0, 0, 0, '2023-12-06 00:00:00');
INSERT INTO motorbike_booking_history (id, booking_id, status, changed_at) VALUES ('6d6bfc3d-35a0-4de8-984c-63de5d44fec5', 'a8bbf6e3-0080-415f-9973-b5043558a896', 'PENDING', '2023-12-06 00:00:00');
INSERT INTO motorbike_booking_history (id, booking_id, status, changed_at) VALUES ('c54f5d9c-122a-4b24-aebb-c541a7018cb4', 'a8bbf6e3-0080-415f-9973-b5043558a896', 'COMPLETED', '2023-12-06 02:00:00');
INSERT INTO motorbike_bookings (id, motorbike_id, renter_id, owner_id, status, start_date, end_date, total_days, price_per_day, base_price, service_fee, taxes, total, deposit, include_insurance, has_helmet, has_raincoat, has_phone_holder, has_touring_package, created_at) VALUES ('5498f60b-a0f2-4189-94de-dfbca628e73f', 'BIKE-2', 'C3D4E5F6-G7H8-9012-CDEF-345678901234', 'E5F6G7H8-I9J0-1234-EFGH-567890123456', 'CANCELLED', '2023-09-17', '2023-09-22', 5, 200000, 1000000, 100000.0, 80000.0, 1180000.0, 400000, 0, 0, 0, 0, 0, '2023-09-08 00:00:00');
INSERT INTO motorbike_booking_history (id, booking_id, status, changed_at) VALUES ('d4b182bf-4e3d-445a-aa6d-f0ae9655db36', '5498f60b-a0f2-4189-94de-dfbca628e73f', 'PENDING', '2023-09-08 00:00:00');
INSERT INTO motorbike_booking_history (id, booking_id, status, changed_at) VALUES ('4ec76abc-880b-4359-a0c1-fc77cd9bae90', '5498f60b-a0f2-4189-94de-dfbca628e73f', 'CANCELLED', '2023-09-08 02:00:00');
INSERT INTO motorbike_bookings (id, motorbike_id, renter_id, owner_id, status, start_date, end_date, total_days, price_per_day, base_price, service_fee, taxes, total, deposit, include_insurance, has_helmet, has_raincoat, has_phone_holder, has_touring_package, created_at) VALUES ('633e8307-c067-4826-a162-9f3371ffeaa9', 'BIKE-1', 'D4E5F6G7-H8I9-0123-DEFG-456789012345', 'E5F6G7H8-I9J0-1234-EFGH-567890123456', 'COMPLETED', '2023-07-16', '2023-07-22', 6, 150000, 900000, 90000.0, 72000.0, 1062000.0, 300000, 0, 0, 0, 0, 0, '2023-07-05 00:00:00');
INSERT INTO motorbike_booking_history (id, booking_id, status, changed_at) VALUES ('cae295d5-f8da-4069-9aa8-bdbe19546a5f', '633e8307-c067-4826-a162-9f3371ffeaa9', 'PENDING', '2023-07-05 00:00:00');
INSERT INTO motorbike_booking_history (id, booking_id, status, changed_at) VALUES ('b12df92b-069b-478f-930f-44b130581187', '633e8307-c067-4826-a162-9f3371ffeaa9', 'COMPLETED', '2023-07-05 02:00:00');
INSERT INTO motorbike_bookings (id, motorbike_id, renter_id, owner_id, status, start_date, end_date, total_days, price_per_day, base_price, service_fee, taxes, total, deposit, include_insurance, has_helmet, has_raincoat, has_phone_holder, has_touring_package, created_at) VALUES ('1e9aa81a-e1e0-409d-881e-99d2b766a210', 'BIKE-1', 'C3D4E5F6-G7H8-9012-CDEF-345678901234', 'E5F6G7H8-I9J0-1234-EFGH-567890123456', 'COMPLETED', '2023-08-01', '2023-08-02', 1, 150000, 150000, 15000.0, 12000.0, 177000.0, 300000, 0, 0, 0, 0, 0, '2023-07-24 00:00:00');
INSERT INTO motorbike_booking_history (id, booking_id, status, changed_at) VALUES ('55421e74-2312-422d-99b4-42bd573e90e7', '1e9aa81a-e1e0-409d-881e-99d2b766a210', 'PENDING', '2023-07-24 00:00:00');
INSERT INTO motorbike_booking_history (id, booking_id, status, changed_at) VALUES ('335f5aa7-be82-4497-93f2-cefdea2d353d', '1e9aa81a-e1e0-409d-881e-99d2b766a210', 'COMPLETED', '2023-07-24 02:00:00');
INSERT INTO motorbike_bookings (id, motorbike_id, renter_id, owner_id, status, start_date, end_date, total_days, price_per_day, base_price, service_fee, taxes, total, deposit, include_insurance, has_helmet, has_raincoat, has_phone_holder, has_touring_package, created_at) VALUES ('0ae90ea2-3386-44e6-af22-c4b3a12da449', 'BIKE-3', 'D4E5F6G7-H8I9-0123-DEFG-456789012345', 'E5F6G7H8-I9J0-1234-EFGH-567890123456', 'COMPLETED', '2024-05-20', '2024-05-29', 9, 120000, 1080000, 108000.0, 86400.0, 1274400.0, 240000, 0, 0, 0, 0, 0, '2024-05-10 00:00:00');
INSERT INTO motorbike_booking_history (id, booking_id, status, changed_at) VALUES ('f7ac6faa-e77b-48d1-9794-c3df0e239a4e', '0ae90ea2-3386-44e6-af22-c4b3a12da449', 'PENDING', '2024-05-10 00:00:00');
INSERT INTO motorbike_booking_history (id, booking_id, status, changed_at) VALUES ('87154cf7-c817-4a58-8b62-bfec0cf0942b', '0ae90ea2-3386-44e6-af22-c4b3a12da449', 'COMPLETED', '2024-05-10 02:00:00');
INSERT INTO motorbike_bookings (id, motorbike_id, renter_id, owner_id, status, start_date, end_date, total_days, price_per_day, base_price, service_fee, taxes, total, deposit, include_insurance, has_helmet, has_raincoat, has_phone_holder, has_touring_package, created_at) VALUES ('b5857d99-38ff-4d89-89cb-0600ca4c566d', 'BIKE-2', 'C3D4E5F6-G7H8-9012-CDEF-345678901234', 'E5F6G7H8-I9J0-1234-EFGH-567890123456', 'CANCELLED', '2023-09-28', '2023-10-04', 6, 200000, 1200000, 120000.0, 96000.0, 1416000.0, 400000, 0, 0, 0, 0, 0, '2023-09-21 00:00:00');
INSERT INTO motorbike_booking_history (id, booking_id, status, changed_at) VALUES ('68fa91fc-f28d-4a90-9dda-5bf0b060eac8', 'b5857d99-38ff-4d89-89cb-0600ca4c566d', 'PENDING', '2023-09-21 00:00:00');
INSERT INTO motorbike_booking_history (id, booking_id, status, changed_at) VALUES ('05ba8fa2-c8b0-4969-8d5b-ce9144ff13d3', 'b5857d99-38ff-4d89-89cb-0600ca4c566d', 'CANCELLED', '2023-09-21 02:00:00');
INSERT INTO motorbike_bookings (id, motorbike_id, renter_id, owner_id, status, start_date, end_date, total_days, price_per_day, base_price, service_fee, taxes, total, deposit, include_insurance, has_helmet, has_raincoat, has_phone_holder, has_touring_package, created_at) VALUES ('352b489e-8a68-410c-8ff7-ca535fe90886', 'BIKE-2', 'C3D4E5F6-G7H8-9012-CDEF-345678901234', 'E5F6G7H8-I9J0-1234-EFGH-567890123456', 'COMPLETED', '2023-04-17', '2023-04-20', 3, 200000, 600000, 60000.0, 48000.0, 708000.0, 400000, 0, 0, 0, 0, 0, '2023-04-08 00:00:00');
INSERT INTO motorbike_booking_history (id, booking_id, status, changed_at) VALUES ('e56de2f3-e81c-4f1e-9dc8-f69723cafb09', '352b489e-8a68-410c-8ff7-ca535fe90886', 'PENDING', '2023-04-08 00:00:00');
INSERT INTO motorbike_booking_history (id, booking_id, status, changed_at) VALUES ('b6e6ae1d-7c74-4882-973e-f4de17c29dd5', '352b489e-8a68-410c-8ff7-ca535fe90886', 'COMPLETED', '2023-04-08 02:00:00');
INSERT INTO motorbike_bookings (id, motorbike_id, renter_id, owner_id, status, start_date, end_date, total_days, price_per_day, base_price, service_fee, taxes, total, deposit, include_insurance, has_helmet, has_raincoat, has_phone_holder, has_touring_package, created_at) VALUES ('bf645558-6ebd-4f5b-94b3-e4df85a3f717', 'BIKE-1', 'D4E5F6G7-H8I9-0123-DEFG-456789012345', 'E5F6G7H8-I9J0-1234-EFGH-567890123456', 'COMPLETED', '2023-10-08', '2023-10-18', 10, 150000, 1500000, 150000.0, 120000.0, 1770000.0, 300000, 0, 0, 0, 0, 0, '2023-09-29 00:00:00');
INSERT INTO motorbike_booking_history (id, booking_id, status, changed_at) VALUES ('e69b5db4-aff5-4272-b3bc-a846d0a86317', 'bf645558-6ebd-4f5b-94b3-e4df85a3f717', 'PENDING', '2023-09-29 00:00:00');
INSERT INTO motorbike_booking_history (id, booking_id, status, changed_at) VALUES ('6680ccc7-b1d3-4ec1-af2b-5cc35d34dae0', 'bf645558-6ebd-4f5b-94b3-e4df85a3f717', 'COMPLETED', '2023-09-29 02:00:00');
INSERT INTO motorbike_bookings (id, motorbike_id, renter_id, owner_id, status, start_date, end_date, total_days, price_per_day, base_price, service_fee, taxes, total, deposit, include_insurance, has_helmet, has_raincoat, has_phone_holder, has_touring_package, created_at) VALUES ('ba43ebaf-6e37-4be0-9049-3a317fe27095', 'BIKE-1', 'B2C3D4E5-F6G7-8901-BCDE-234567890123', 'E5F6G7H8-I9J0-1234-EFGH-567890123456', 'COMPLETED', '2023-06-14', '2023-06-18', 4, 150000, 600000, 60000.0, 48000.0, 708000.0, 300000, 0, 0, 0, 0, 0, '2023-06-05 00:00:00');
INSERT INTO motorbike_booking_history (id, booking_id, status, changed_at) VALUES ('d41f9dd9-0fdc-49c5-87e6-068f8d9257e3', 'ba43ebaf-6e37-4be0-9049-3a317fe27095', 'PENDING', '2023-06-05 00:00:00');
INSERT INTO motorbike_booking_history (id, booking_id, status, changed_at) VALUES ('d7251ce1-3e36-4868-8486-eeaff47acd49', 'ba43ebaf-6e37-4be0-9049-3a317fe27095', 'COMPLETED', '2023-06-05 02:00:00');
INSERT INTO motorbike_bookings (id, motorbike_id, renter_id, owner_id, status, start_date, end_date, total_days, price_per_day, base_price, service_fee, taxes, total, deposit, include_insurance, has_helmet, has_raincoat, has_phone_holder, has_touring_package, created_at) VALUES ('cb82233d-5bfd-47f7-ba67-176f43e260b9', 'BIKE-3', 'D4E5F6G7-H8I9-0123-DEFG-456789012345', 'E5F6G7H8-I9J0-1234-EFGH-567890123456', 'CANCELLED', '2024-06-01', '2024-06-07', 6, 120000, 720000, 72000.0, 57600.0, 849600.0, 240000, 0, 0, 0, 0, 0, '2024-05-23 00:00:00');
INSERT INTO motorbike_booking_history (id, booking_id, status, changed_at) VALUES ('576ffc32-9fa3-496f-9804-0f7abf286324', 'cb82233d-5bfd-47f7-ba67-176f43e260b9', 'PENDING', '2024-05-23 00:00:00');
INSERT INTO motorbike_booking_history (id, booking_id, status, changed_at) VALUES ('ea611242-33c2-4e07-9a2c-7268d04b3bc2', 'cb82233d-5bfd-47f7-ba67-176f43e260b9', 'CANCELLED', '2024-05-23 02:00:00');
INSERT INTO motorbike_bookings (id, motorbike_id, renter_id, owner_id, status, start_date, end_date, total_days, price_per_day, base_price, service_fee, taxes, total, deposit, include_insurance, has_helmet, has_raincoat, has_phone_holder, has_touring_package, created_at) VALUES ('dd8b400c-d5b9-4c53-957d-95b431f1b8c5', 'BIKE-3', 'C3D4E5F6-G7H8-9012-CDEF-345678901234', 'E5F6G7H8-I9J0-1234-EFGH-567890123456', 'COMPLETED', '2023-07-19', '2023-07-25', 6, 120000, 720000, 72000.0, 57600.0, 849600.0, 240000, 0, 0, 0, 0, 0, '2023-07-09 00:00:00');
INSERT INTO motorbike_booking_history (id, booking_id, status, changed_at) VALUES ('847e9b22-02db-4b7d-80c5-3a41b15cceb0', 'dd8b400c-d5b9-4c53-957d-95b431f1b8c5', 'PENDING', '2023-07-09 00:00:00');
INSERT INTO motorbike_booking_history (id, booking_id, status, changed_at) VALUES ('7a6aeab6-6a64-4908-bb11-fcaac612b445', 'dd8b400c-d5b9-4c53-957d-95b431f1b8c5', 'COMPLETED', '2023-07-09 02:00:00');
INSERT INTO motorbike_bookings (id, motorbike_id, renter_id, owner_id, status, start_date, end_date, total_days, price_per_day, base_price, service_fee, taxes, total, deposit, include_insurance, has_helmet, has_raincoat, has_phone_holder, has_touring_package, created_at) VALUES ('f45bb8c3-3ecc-4d1d-9b17-98fb3c23acfa', 'BIKE-2', 'B2C3D4E5-F6G7-8901-BCDE-234567890123', 'E5F6G7H8-I9J0-1234-EFGH-567890123456', 'COMPLETED', '2023-10-22', '2023-10-26', 4, 200000, 800000, 80000.0, 64000.0, 944000.0, 400000, 0, 0, 0, 0, 0, '2023-10-20 00:00:00');
INSERT INTO motorbike_booking_history (id, booking_id, status, changed_at) VALUES ('a08ca64c-03ff-45ee-b110-96ded374a144', 'f45bb8c3-3ecc-4d1d-9b17-98fb3c23acfa', 'PENDING', '2023-10-20 00:00:00');
INSERT INTO motorbike_booking_history (id, booking_id, status, changed_at) VALUES ('33816b1a-f8e8-486f-a43c-b719e71654f5', 'f45bb8c3-3ecc-4d1d-9b17-98fb3c23acfa', 'COMPLETED', '2023-10-20 02:00:00');
INSERT INTO motorbike_bookings (id, motorbike_id, renter_id, owner_id, status, start_date, end_date, total_days, price_per_day, base_price, service_fee, taxes, total, deposit, include_insurance, has_helmet, has_raincoat, has_phone_holder, has_touring_package, created_at) VALUES ('58dadd54-f3f8-4414-9051-80f9e90af45d', 'BIKE-3', 'C3D4E5F6-G7H8-9012-CDEF-345678901234', 'E5F6G7H8-I9J0-1234-EFGH-567890123456', 'CANCELLED', '2023-11-07', '2023-11-09', 2, 120000, 240000, 24000.0, 19200.0, 283200.0, 240000, 0, 0, 0, 0, 0, '2023-10-25 00:00:00');
INSERT INTO motorbike_booking_history (id, booking_id, status, changed_at) VALUES ('88f68a57-ef02-42c0-8268-ea50d016630b', '58dadd54-f3f8-4414-9051-80f9e90af45d', 'PENDING', '2023-10-25 00:00:00');
INSERT INTO motorbike_booking_history (id, booking_id, status, changed_at) VALUES ('ee9506ad-da2c-4745-95c8-d0ea205b5f06', '58dadd54-f3f8-4414-9051-80f9e90af45d', 'CANCELLED', '2023-10-25 02:00:00');
INSERT INTO motorbike_bookings (id, motorbike_id, renter_id, owner_id, status, start_date, end_date, total_days, price_per_day, base_price, service_fee, taxes, total, deposit, include_insurance, has_helmet, has_raincoat, has_phone_holder, has_touring_package, created_at) VALUES ('1ab51c53-8de3-44d5-88c6-effc990b85c1', 'BIKE-1', 'D4E5F6G7-H8I9-0123-DEFG-456789012345', 'E5F6G7H8-I9J0-1234-EFGH-567890123456', 'CANCELLED', '2023-03-20', '2023-03-28', 8, 150000, 1200000, 120000.0, 96000.0, 1416000.0, 300000, 0, 0, 0, 0, 0, '2023-03-12 00:00:00');
INSERT INTO motorbike_booking_history (id, booking_id, status, changed_at) VALUES ('1de0284b-e918-488e-83c8-420e771dfeff', '1ab51c53-8de3-44d5-88c6-effc990b85c1', 'PENDING', '2023-03-12 00:00:00');
INSERT INTO motorbike_booking_history (id, booking_id, status, changed_at) VALUES ('098664ad-d5c6-4df7-9595-188d533f1bc9', '1ab51c53-8de3-44d5-88c6-effc990b85c1', 'CANCELLED', '2023-03-12 02:00:00');
INSERT INTO motorbike_bookings (id, motorbike_id, renter_id, owner_id, status, start_date, end_date, total_days, price_per_day, base_price, service_fee, taxes, total, deposit, include_insurance, has_helmet, has_raincoat, has_phone_holder, has_touring_package, created_at) VALUES ('1ec055f3-8fbe-4cfc-a676-ed9cd8e6dbad', 'BIKE-2', 'B2C3D4E5-F6G7-8901-BCDE-234567890123', 'E5F6G7H8-I9J0-1234-EFGH-567890123456', 'COMPLETED', '2024-04-08', '2024-04-13', 5, 200000, 1000000, 100000.0, 80000.0, 1180000.0, 400000, 0, 0, 0, 0, 0, '2024-03-25 00:00:00');
INSERT INTO motorbike_booking_history (id, booking_id, status, changed_at) VALUES ('4348caf7-34c5-4897-bdde-8a39402dca46', '1ec055f3-8fbe-4cfc-a676-ed9cd8e6dbad', 'PENDING', '2024-03-25 00:00:00');
INSERT INTO motorbike_booking_history (id, booking_id, status, changed_at) VALUES ('96dc1feb-8ac5-442e-8cca-0b2432452e8b', '1ec055f3-8fbe-4cfc-a676-ed9cd8e6dbad', 'COMPLETED', '2024-03-25 02:00:00');
INSERT INTO motorbike_bookings (id, motorbike_id, renter_id, owner_id, status, start_date, end_date, total_days, price_per_day, base_price, service_fee, taxes, total, deposit, include_insurance, has_helmet, has_raincoat, has_phone_holder, has_touring_package, created_at) VALUES ('ccba8c52-ef51-4d6d-b23a-bc9be7db1006', 'BIKE-2', 'C3D4E5F6-G7H8-9012-CDEF-345678901234', 'E5F6G7H8-I9J0-1234-EFGH-567890123456', 'COMPLETED', '2023-07-12', '2023-07-14', 2, 200000, 400000, 40000.0, 32000.0, 472000.0, 400000, 0, 0, 0, 0, 0, '2023-07-04 00:00:00');
INSERT INTO motorbike_booking_history (id, booking_id, status, changed_at) VALUES ('342e4cb2-b4c9-4407-ba01-4240cc633fe5', 'ccba8c52-ef51-4d6d-b23a-bc9be7db1006', 'PENDING', '2023-07-04 00:00:00');
INSERT INTO motorbike_booking_history (id, booking_id, status, changed_at) VALUES ('327b5855-51a4-4abc-9b57-48c3299bb86f', 'ccba8c52-ef51-4d6d-b23a-bc9be7db1006', 'COMPLETED', '2023-07-04 02:00:00');
INSERT INTO motorbike_bookings (id, motorbike_id, renter_id, owner_id, status, start_date, end_date, total_days, price_per_day, base_price, service_fee, taxes, total, deposit, include_insurance, has_helmet, has_raincoat, has_phone_holder, has_touring_package, created_at) VALUES ('f429b0a9-ff70-4461-be44-cf11ef9cd183', 'BIKE-2', 'B2C3D4E5-F6G7-8901-BCDE-234567890123', 'E5F6G7H8-I9J0-1234-EFGH-567890123456', 'COMPLETED', '2023-11-23', '2023-11-27', 4, 200000, 800000, 80000.0, 64000.0, 944000.0, 400000, 0, 0, 0, 0, 0, '2023-11-16 00:00:00');
INSERT INTO motorbike_booking_history (id, booking_id, status, changed_at) VALUES ('6f55972a-ee88-4075-b775-64ce12c8c4d2', 'f429b0a9-ff70-4461-be44-cf11ef9cd183', 'PENDING', '2023-11-16 00:00:00');
INSERT INTO motorbike_booking_history (id, booking_id, status, changed_at) VALUES ('c7a44422-5bbf-48b8-aa81-8503b966baac', 'f429b0a9-ff70-4461-be44-cf11ef9cd183', 'COMPLETED', '2023-11-16 02:00:00');
INSERT INTO motorbike_bookings (id, motorbike_id, renter_id, owner_id, status, start_date, end_date, total_days, price_per_day, base_price, service_fee, taxes, total, deposit, include_insurance, has_helmet, has_raincoat, has_phone_holder, has_touring_package, created_at) VALUES ('93e04dbd-3cae-4c75-8479-f39992b7391c', 'BIKE-1', 'D4E5F6G7-H8I9-0123-DEFG-456789012345', 'E5F6G7H8-I9J0-1234-EFGH-567890123456', 'COMPLETED', '2023-06-10', '2023-06-17', 7, 150000, 1050000, 105000.0, 84000.0, 1239000.0, 300000, 0, 0, 0, 0, 0, '2023-05-31 00:00:00');
INSERT INTO motorbike_booking_history (id, booking_id, status, changed_at) VALUES ('036280a0-07bc-4e56-84c4-b26986a4a922', '93e04dbd-3cae-4c75-8479-f39992b7391c', 'PENDING', '2023-05-31 00:00:00');
INSERT INTO motorbike_booking_history (id, booking_id, status, changed_at) VALUES ('1d6d10be-57ae-4260-8d34-928846a8a701', '93e04dbd-3cae-4c75-8479-f39992b7391c', 'COMPLETED', '2023-05-31 02:00:00');
INSERT INTO motorbike_bookings (id, motorbike_id, renter_id, owner_id, status, start_date, end_date, total_days, price_per_day, base_price, service_fee, taxes, total, deposit, include_insurance, has_helmet, has_raincoat, has_phone_holder, has_touring_package, created_at) VALUES ('5eb9eec0-feb7-4545-a4fb-58ed670171b8', 'BIKE-1', 'D4E5F6G7-H8I9-0123-DEFG-456789012345', 'E5F6G7H8-I9J0-1234-EFGH-567890123456', 'CANCELLED', '2023-07-30', '2023-08-01', 2, 150000, 300000, 30000.0, 24000.0, 354000.0, 300000, 0, 0, 0, 0, 0, '2023-07-27 00:00:00');
INSERT INTO motorbike_booking_history (id, booking_id, status, changed_at) VALUES ('a9d7ac9c-d382-48bb-b1dc-74e94f9dfb88', '5eb9eec0-feb7-4545-a4fb-58ed670171b8', 'PENDING', '2023-07-27 00:00:00');
INSERT INTO motorbike_booking_history (id, booking_id, status, changed_at) VALUES ('4b6d4ac2-1574-4e9b-bf4f-f9fb8ef4ed0f', '5eb9eec0-feb7-4545-a4fb-58ed670171b8', 'CANCELLED', '2023-07-27 02:00:00');
INSERT INTO motorbike_bookings (id, motorbike_id, renter_id, owner_id, status, start_date, end_date, total_days, price_per_day, base_price, service_fee, taxes, total, deposit, include_insurance, has_helmet, has_raincoat, has_phone_holder, has_touring_package, created_at) VALUES ('1d66d5ae-6a56-4402-92c8-5de6bb3f877a', 'BIKE-2', 'B2C3D4E5-F6G7-8901-BCDE-234567890123', 'E5F6G7H8-I9J0-1234-EFGH-567890123456', 'COMPLETED', '2024-01-13', '2024-01-19', 6, 200000, 1200000, 120000.0, 96000.0, 1416000.0, 400000, 0, 0, 0, 0, 0, '2024-01-10 00:00:00');
INSERT INTO motorbike_booking_history (id, booking_id, status, changed_at) VALUES ('26732600-a77e-48e7-b78f-b50d6fdd0f00', '1d66d5ae-6a56-4402-92c8-5de6bb3f877a', 'PENDING', '2024-01-10 00:00:00');
INSERT INTO motorbike_booking_history (id, booking_id, status, changed_at) VALUES ('d8c6fec7-eeae-4bf9-b347-464d8c51b974', '1d66d5ae-6a56-4402-92c8-5de6bb3f877a', 'COMPLETED', '2024-01-10 02:00:00');
INSERT INTO motorbike_bookings (id, motorbike_id, renter_id, owner_id, status, start_date, end_date, total_days, price_per_day, base_price, service_fee, taxes, total, deposit, include_insurance, has_helmet, has_raincoat, has_phone_holder, has_touring_package, created_at) VALUES ('9e90f6d1-3056-4c52-b3a8-9674c7d3f21b', 'BIKE-2', 'C3D4E5F6-G7H8-9012-CDEF-345678901234', 'E5F6G7H8-I9J0-1234-EFGH-567890123456', 'COMPLETED', '2023-11-13', '2023-11-23', 10, 200000, 2000000, 200000.0, 160000.0, 2360000.0, 400000, 0, 0, 0, 0, 0, '2023-11-11 00:00:00');
INSERT INTO motorbike_booking_history (id, booking_id, status, changed_at) VALUES ('857e970b-9887-4ef4-ba96-101937645c4c', '9e90f6d1-3056-4c52-b3a8-9674c7d3f21b', 'PENDING', '2023-11-11 00:00:00');
INSERT INTO motorbike_booking_history (id, booking_id, status, changed_at) VALUES ('92578d0a-cced-48fa-9134-3ca936dbf229', '9e90f6d1-3056-4c52-b3a8-9674c7d3f21b', 'COMPLETED', '2023-11-11 02:00:00');
INSERT INTO motorbike_bookings (id, motorbike_id, renter_id, owner_id, status, start_date, end_date, total_days, price_per_day, base_price, service_fee, taxes, total, deposit, include_insurance, has_helmet, has_raincoat, has_phone_holder, has_touring_package, created_at) VALUES ('6c218248-d413-428d-9b31-98cdf5ef020e', 'BIKE-2', 'D4E5F6G7-H8I9-0123-DEFG-456789012345', 'E5F6G7H8-I9J0-1234-EFGH-567890123456', 'COMPLETED', '2023-05-01', '2023-05-11', 10, 200000, 2000000, 200000.0, 160000.0, 2360000.0, 400000, 0, 0, 0, 0, 0, '2023-04-25 00:00:00');
INSERT INTO motorbike_booking_history (id, booking_id, status, changed_at) VALUES ('2732a17d-2b3c-4e39-a4a1-f55bbc41db8f', '6c218248-d413-428d-9b31-98cdf5ef020e', 'PENDING', '2023-04-25 00:00:00');
INSERT INTO motorbike_booking_history (id, booking_id, status, changed_at) VALUES ('53f30e40-d4b2-4a4e-9ce4-af5f68ae2c7d', '6c218248-d413-428d-9b31-98cdf5ef020e', 'COMPLETED', '2023-04-25 02:00:00');
INSERT INTO motorbike_bookings (id, motorbike_id, renter_id, owner_id, status, start_date, end_date, total_days, price_per_day, base_price, service_fee, taxes, total, deposit, include_insurance, has_helmet, has_raincoat, has_phone_holder, has_touring_package, created_at) VALUES ('f1061468-1e80-43b7-bc78-5e9672f0565d', 'BIKE-1', 'D4E5F6G7-H8I9-0123-DEFG-456789012345', 'E5F6G7H8-I9J0-1234-EFGH-567890123456', 'COMPLETED', '2023-06-28', '2023-07-03', 5, 150000, 750000, 75000.0, 60000.0, 885000.0, 300000, 0, 0, 0, 0, 0, '2023-06-14 00:00:00');
INSERT INTO motorbike_booking_history (id, booking_id, status, changed_at) VALUES ('13b94081-e80b-4145-b67a-4e053679c55b', 'f1061468-1e80-43b7-bc78-5e9672f0565d', 'PENDING', '2023-06-14 00:00:00');
INSERT INTO motorbike_booking_history (id, booking_id, status, changed_at) VALUES ('bd505f53-82cd-44ea-91eb-e58f700bcb50', 'f1061468-1e80-43b7-bc78-5e9672f0565d', 'COMPLETED', '2023-06-14 02:00:00');
INSERT INTO motorbike_bookings (id, motorbike_id, renter_id, owner_id, status, start_date, end_date, total_days, price_per_day, base_price, service_fee, taxes, total, deposit, include_insurance, has_helmet, has_raincoat, has_phone_holder, has_touring_package, created_at) VALUES ('838effc2-ac25-46db-8d94-3dbab5b02560', 'BIKE-1', 'B2C3D4E5-F6G7-8901-BCDE-234567890123', 'E5F6G7H8-I9J0-1234-EFGH-567890123456', 'COMPLETED', '2024-05-30', '2024-05-31', 1, 150000, 150000, 15000.0, 12000.0, 177000.0, 300000, 0, 0, 0, 0, 0, '2024-05-26 00:00:00');
INSERT INTO motorbike_booking_history (id, booking_id, status, changed_at) VALUES ('dbe4286a-9f68-4955-8412-3a2e35556447', '838effc2-ac25-46db-8d94-3dbab5b02560', 'PENDING', '2024-05-26 00:00:00');
INSERT INTO motorbike_booking_history (id, booking_id, status, changed_at) VALUES ('104e46e5-d93c-42b0-b854-86d82238e8cb', '838effc2-ac25-46db-8d94-3dbab5b02560', 'COMPLETED', '2024-05-26 02:00:00');
INSERT INTO motorbike_bookings (id, motorbike_id, renter_id, owner_id, status, start_date, end_date, total_days, price_per_day, base_price, service_fee, taxes, total, deposit, include_insurance, has_helmet, has_raincoat, has_phone_holder, has_touring_package, created_at) VALUES ('91891d9b-271e-47b5-bb61-98be643168b4', 'BIKE-2', 'B2C3D4E5-F6G7-8901-BCDE-234567890123', 'E5F6G7H8-I9J0-1234-EFGH-567890123456', 'COMPLETED', '2023-09-06', '2023-09-07', 1, 200000, 200000, 20000.0, 16000.0, 236000.0, 400000, 0, 0, 0, 0, 0, '2023-08-30 00:00:00');
INSERT INTO motorbike_booking_history (id, booking_id, status, changed_at) VALUES ('a29f64dc-5766-454a-8492-1d38c3f6c1ca', '91891d9b-271e-47b5-bb61-98be643168b4', 'PENDING', '2023-08-30 00:00:00');
INSERT INTO motorbike_booking_history (id, booking_id, status, changed_at) VALUES ('22076f0b-fc80-43df-b86b-58216540baa1', '91891d9b-271e-47b5-bb61-98be643168b4', 'COMPLETED', '2023-08-30 02:00:00');
INSERT INTO motorbike_bookings (id, motorbike_id, renter_id, owner_id, status, start_date, end_date, total_days, price_per_day, base_price, service_fee, taxes, total, deposit, include_insurance, has_helmet, has_raincoat, has_phone_holder, has_touring_package, created_at) VALUES ('71ce34f5-6b9a-4e38-baf3-905ff35ed1dc', 'BIKE-1', 'C3D4E5F6-G7H8-9012-CDEF-345678901234', 'E5F6G7H8-I9J0-1234-EFGH-567890123456', 'COMPLETED', '2023-11-27', '2023-11-28', 1, 150000, 150000, 15000.0, 12000.0, 177000.0, 300000, 0, 0, 0, 0, 0, '2023-11-16 00:00:00');
INSERT INTO motorbike_booking_history (id, booking_id, status, changed_at) VALUES ('f5324d7c-0ebd-44ae-ab57-b9f927e383b3', '71ce34f5-6b9a-4e38-baf3-905ff35ed1dc', 'PENDING', '2023-11-16 00:00:00');
INSERT INTO motorbike_booking_history (id, booking_id, status, changed_at) VALUES ('205b9c77-ca70-460d-9f11-502d3d62c35b', '71ce34f5-6b9a-4e38-baf3-905ff35ed1dc', 'COMPLETED', '2023-11-16 02:00:00');
INSERT INTO motorbike_bookings (id, motorbike_id, renter_id, owner_id, status, start_date, end_date, total_days, price_per_day, base_price, service_fee, taxes, total, deposit, include_insurance, has_helmet, has_raincoat, has_phone_holder, has_touring_package, created_at) VALUES ('0d0980cd-de5a-42c4-aa74-90cac840b492', 'BIKE-2', 'C3D4E5F6-G7H8-9012-CDEF-345678901234', 'E5F6G7H8-I9J0-1234-EFGH-567890123456', 'COMPLETED', '2023-09-18', '2023-09-26', 8, 200000, 1600000, 160000.0, 128000.0, 1888000.0, 400000, 0, 0, 0, 0, 0, '2023-09-17 00:00:00');
INSERT INTO motorbike_booking_history (id, booking_id, status, changed_at) VALUES ('24f0fa63-f223-4f69-b752-670ec34ba153', '0d0980cd-de5a-42c4-aa74-90cac840b492', 'PENDING', '2023-09-17 00:00:00');
INSERT INTO motorbike_booking_history (id, booking_id, status, changed_at) VALUES ('27c23b1c-a632-4e3e-a17d-b9ac6c367ccd', '0d0980cd-de5a-42c4-aa74-90cac840b492', 'COMPLETED', '2023-09-17 02:00:00');
INSERT INTO motorbike_bookings (id, motorbike_id, renter_id, owner_id, status, start_date, end_date, total_days, price_per_day, base_price, service_fee, taxes, total, deposit, include_insurance, has_helmet, has_raincoat, has_phone_holder, has_touring_package, created_at) VALUES ('2c26e38e-a339-47f6-9700-010334e8da86', 'BIKE-3', 'D4E5F6G7-H8I9-0123-DEFG-456789012345', 'E5F6G7H8-I9J0-1234-EFGH-567890123456', 'COMPLETED', '2023-12-07', '2023-12-10', 3, 120000, 360000, 36000.0, 28800.0, 424800.0, 240000, 0, 0, 0, 0, 0, '2023-12-03 00:00:00');
INSERT INTO motorbike_booking_history (id, booking_id, status, changed_at) VALUES ('127e75af-3704-45d4-a10a-90f7f5cfeff2', '2c26e38e-a339-47f6-9700-010334e8da86', 'PENDING', '2023-12-03 00:00:00');
INSERT INTO motorbike_booking_history (id, booking_id, status, changed_at) VALUES ('060a4360-79ec-4341-9e4b-b2a96c519f3a', '2c26e38e-a339-47f6-9700-010334e8da86', 'COMPLETED', '2023-12-03 02:00:00');
INSERT INTO motorbike_bookings (id, motorbike_id, renter_id, owner_id, status, start_date, end_date, total_days, price_per_day, base_price, service_fee, taxes, total, deposit, include_insurance, has_helmet, has_raincoat, has_phone_holder, has_touring_package, created_at) VALUES ('14e78105-0f30-4689-bf3f-12126bf9bafe', 'BIKE-2', 'B2C3D4E5-F6G7-8901-BCDE-234567890123', 'E5F6G7H8-I9J0-1234-EFGH-567890123456', 'COMPLETED', '2023-03-26', '2023-04-03', 8, 200000, 1600000, 160000.0, 128000.0, 1888000.0, 400000, 0, 0, 0, 0, 0, '2023-03-23 00:00:00');
INSERT INTO motorbike_booking_history (id, booking_id, status, changed_at) VALUES ('9cf2c293-477f-4341-a574-08c48f9429f6', '14e78105-0f30-4689-bf3f-12126bf9bafe', 'PENDING', '2023-03-23 00:00:00');
INSERT INTO motorbike_booking_history (id, booking_id, status, changed_at) VALUES ('5998fd7c-4df2-43e6-8ecd-3b4e666b3e5a', '14e78105-0f30-4689-bf3f-12126bf9bafe', 'COMPLETED', '2023-03-23 02:00:00');
INSERT INTO motorbike_bookings (id, motorbike_id, renter_id, owner_id, status, start_date, end_date, total_days, price_per_day, base_price, service_fee, taxes, total, deposit, include_insurance, has_helmet, has_raincoat, has_phone_holder, has_touring_package, created_at) VALUES ('5ba45447-be87-495a-996d-31727ce79993', 'BIKE-1', 'B2C3D4E5-F6G7-8901-BCDE-234567890123', 'E5F6G7H8-I9J0-1234-EFGH-567890123456', 'COMPLETED', '2023-11-01', '2023-11-06', 5, 150000, 750000, 75000.0, 60000.0, 885000.0, 300000, 0, 0, 0, 0, 0, '2023-10-21 00:00:00');
INSERT INTO motorbike_booking_history (id, booking_id, status, changed_at) VALUES ('6148026f-7ab4-494a-95af-e552ff00ac9f', '5ba45447-be87-495a-996d-31727ce79993', 'PENDING', '2023-10-21 00:00:00');
INSERT INTO motorbike_booking_history (id, booking_id, status, changed_at) VALUES ('2b697a21-b317-479b-964f-3c2dccf88cf1', '5ba45447-be87-495a-996d-31727ce79993', 'COMPLETED', '2023-10-21 02:00:00');
INSERT INTO motorbike_bookings (id, motorbike_id, renter_id, owner_id, status, start_date, end_date, total_days, price_per_day, base_price, service_fee, taxes, total, deposit, include_insurance, has_helmet, has_raincoat, has_phone_holder, has_touring_package, created_at) VALUES ('fd960c0d-fa71-497a-bd1b-a3da889a23fa', 'BIKE-2', 'B2C3D4E5-F6G7-8901-BCDE-234567890123', 'E5F6G7H8-I9J0-1234-EFGH-567890123456', 'CANCELLED', '2023-01-24', '2023-01-31', 7, 200000, 1400000, 140000.0, 112000.0, 1652000.0, 400000, 0, 0, 0, 0, 0, '2023-01-21 00:00:00');
INSERT INTO motorbike_booking_history (id, booking_id, status, changed_at) VALUES ('0c6987e7-0f30-4f25-9992-0d0a8340d925', 'fd960c0d-fa71-497a-bd1b-a3da889a23fa', 'PENDING', '2023-01-21 00:00:00');
INSERT INTO motorbike_booking_history (id, booking_id, status, changed_at) VALUES ('fcef4612-6976-4cfc-bb76-4d345272ddd8', 'fd960c0d-fa71-497a-bd1b-a3da889a23fa', 'CANCELLED', '2023-01-21 02:00:00');
INSERT INTO motorbike_bookings (id, motorbike_id, renter_id, owner_id, status, start_date, end_date, total_days, price_per_day, base_price, service_fee, taxes, total, deposit, include_insurance, has_helmet, has_raincoat, has_phone_holder, has_touring_package, created_at) VALUES ('7f26b202-9668-45e2-985f-f899bf690195', 'BIKE-2', 'D4E5F6G7-H8I9-0123-DEFG-456789012345', 'E5F6G7H8-I9J0-1234-EFGH-567890123456', 'CANCELLED', '2023-03-03', '2023-03-11', 8, 200000, 1600000, 160000.0, 128000.0, 1888000.0, 400000, 0, 0, 0, 0, 0, '2023-02-17 00:00:00');
INSERT INTO motorbike_booking_history (id, booking_id, status, changed_at) VALUES ('1b86de00-9553-430f-a1e8-7b971b245e9c', '7f26b202-9668-45e2-985f-f899bf690195', 'PENDING', '2023-02-17 00:00:00');
INSERT INTO motorbike_booking_history (id, booking_id, status, changed_at) VALUES ('bdb775f8-59e8-430c-bfc9-9c04125c844a', '7f26b202-9668-45e2-985f-f899bf690195', 'CANCELLED', '2023-02-17 02:00:00');
INSERT INTO motorbike_bookings (id, motorbike_id, renter_id, owner_id, status, start_date, end_date, total_days, price_per_day, base_price, service_fee, taxes, total, deposit, include_insurance, has_helmet, has_raincoat, has_phone_holder, has_touring_package, created_at) VALUES ('1585af97-9274-468b-a785-cc11acc5a351', 'BIKE-1', 'C3D4E5F6-G7H8-9012-CDEF-345678901234', 'E5F6G7H8-I9J0-1234-EFGH-567890123456', 'CANCELLED', '2023-11-27', '2023-12-06', 9, 150000, 1350000, 135000.0, 108000.0, 1593000.0, 300000, 0, 0, 0, 0, 0, '2023-11-21 00:00:00');
INSERT INTO motorbike_booking_history (id, booking_id, status, changed_at) VALUES ('baa966b6-e383-4b6f-bd6e-70a58128089e', '1585af97-9274-468b-a785-cc11acc5a351', 'PENDING', '2023-11-21 00:00:00');
INSERT INTO motorbike_booking_history (id, booking_id, status, changed_at) VALUES ('ec529a8d-ef7d-45c3-9279-892b0ca12045', '1585af97-9274-468b-a785-cc11acc5a351', 'CANCELLED', '2023-11-21 02:00:00');
INSERT INTO motorbike_bookings (id, motorbike_id, renter_id, owner_id, status, start_date, end_date, total_days, price_per_day, base_price, service_fee, taxes, total, deposit, include_insurance, has_helmet, has_raincoat, has_phone_holder, has_touring_package, created_at) VALUES ('810e273f-b501-492d-83e2-d8d99e1c81db', 'BIKE-2', 'D4E5F6G7-H8I9-0123-DEFG-456789012345', 'E5F6G7H8-I9J0-1234-EFGH-567890123456', 'COMPLETED', '2023-12-21', '2023-12-26', 5, 200000, 1000000, 100000.0, 80000.0, 1180000.0, 400000, 0, 0, 0, 0, 0, '2023-12-18 00:00:00');
INSERT INTO motorbike_booking_history (id, booking_id, status, changed_at) VALUES ('3192f888-9f7a-41a5-9b56-34b3443e1e43', '810e273f-b501-492d-83e2-d8d99e1c81db', 'PENDING', '2023-12-18 00:00:00');
INSERT INTO motorbike_booking_history (id, booking_id, status, changed_at) VALUES ('a5cf7e7e-d67a-4276-9c6a-6f16ca90a00b', '810e273f-b501-492d-83e2-d8d99e1c81db', 'COMPLETED', '2023-12-18 02:00:00');
INSERT INTO motorbike_bookings (id, motorbike_id, renter_id, owner_id, status, start_date, end_date, total_days, price_per_day, base_price, service_fee, taxes, total, deposit, include_insurance, has_helmet, has_raincoat, has_phone_holder, has_touring_package, created_at) VALUES ('99933fe7-e859-4505-906d-fd3ef1ce72c6', 'BIKE-1', 'D4E5F6G7-H8I9-0123-DEFG-456789012345', 'E5F6G7H8-I9J0-1234-EFGH-567890123456', 'COMPLETED', '2023-12-21', '2023-12-29', 8, 150000, 1200000, 120000.0, 96000.0, 1416000.0, 300000, 0, 0, 0, 0, 0, '2023-12-12 00:00:00');
INSERT INTO motorbike_booking_history (id, booking_id, status, changed_at) VALUES ('7cd74ba3-a58a-4967-bb45-83e2b9fd9e08', '99933fe7-e859-4505-906d-fd3ef1ce72c6', 'PENDING', '2023-12-12 00:00:00');
INSERT INTO motorbike_booking_history (id, booking_id, status, changed_at) VALUES ('1427b147-4546-41af-9735-a0632349cf15', '99933fe7-e859-4505-906d-fd3ef1ce72c6', 'COMPLETED', '2023-12-12 02:00:00');
INSERT INTO motorbike_bookings (id, motorbike_id, renter_id, owner_id, status, start_date, end_date, total_days, price_per_day, base_price, service_fee, taxes, total, deposit, include_insurance, has_helmet, has_raincoat, has_phone_holder, has_touring_package, created_at) VALUES ('5a3861be-f453-4069-98fd-54aaddb9d735', 'BIKE-2', 'B2C3D4E5-F6G7-8901-BCDE-234567890123', 'E5F6G7H8-I9J0-1234-EFGH-567890123456', 'COMPLETED', '2023-11-02', '2023-11-05', 3, 200000, 600000, 60000.0, 48000.0, 708000.0, 400000, 0, 0, 0, 0, 0, '2023-10-21 00:00:00');
INSERT INTO motorbike_booking_history (id, booking_id, status, changed_at) VALUES ('cad85550-bf6a-4f36-a9b0-9c4520e91b32', '5a3861be-f453-4069-98fd-54aaddb9d735', 'PENDING', '2023-10-21 00:00:00');
INSERT INTO motorbike_booking_history (id, booking_id, status, changed_at) VALUES ('a7ace2e3-50b6-4bc7-83b6-db2f26b79c4d', '5a3861be-f453-4069-98fd-54aaddb9d735', 'COMPLETED', '2023-10-21 02:00:00');
INSERT INTO motorbike_bookings (id, motorbike_id, renter_id, owner_id, status, start_date, end_date, total_days, price_per_day, base_price, service_fee, taxes, total, deposit, include_insurance, has_helmet, has_raincoat, has_phone_holder, has_touring_package, created_at) VALUES ('fff0eea7-e087-4962-83b5-21cca71b776a', 'BIKE-1', 'D4E5F6G7-H8I9-0123-DEFG-456789012345', 'E5F6G7H8-I9J0-1234-EFGH-567890123456', 'COMPLETED', '2023-09-07', '2023-09-14', 7, 150000, 1050000, 105000.0, 84000.0, 1239000.0, 300000, 0, 0, 0, 0, 0, '2023-08-27 00:00:00');
INSERT INTO motorbike_booking_history (id, booking_id, status, changed_at) VALUES ('d9c8606b-cd50-4382-bf15-2436f376fbb5', 'fff0eea7-e087-4962-83b5-21cca71b776a', 'PENDING', '2023-08-27 00:00:00');
INSERT INTO motorbike_booking_history (id, booking_id, status, changed_at) VALUES ('134e1c21-7b41-4805-981c-1152277256c4', 'fff0eea7-e087-4962-83b5-21cca71b776a', 'COMPLETED', '2023-08-27 02:00:00');
INSERT INTO motorbike_bookings (id, motorbike_id, renter_id, owner_id, status, start_date, end_date, total_days, price_per_day, base_price, service_fee, taxes, total, deposit, include_insurance, has_helmet, has_raincoat, has_phone_holder, has_touring_package, created_at) VALUES ('30ac0b20-72ad-461c-9623-e8a99c42e539', 'BIKE-1', 'D4E5F6G7-H8I9-0123-DEFG-456789012345', 'E5F6G7H8-I9J0-1234-EFGH-567890123456', 'COMPLETED', '2023-11-05', '2023-11-13', 8, 150000, 1200000, 120000.0, 96000.0, 1416000.0, 300000, 0, 0, 0, 0, 0, '2023-10-28 00:00:00');
INSERT INTO motorbike_booking_history (id, booking_id, status, changed_at) VALUES ('c970127e-7d0d-49da-8bc3-8efaeb00c7b1', '30ac0b20-72ad-461c-9623-e8a99c42e539', 'PENDING', '2023-10-28 00:00:00');
INSERT INTO motorbike_booking_history (id, booking_id, status, changed_at) VALUES ('8e70a4da-0edc-4555-a666-eef07d1ff81e', '30ac0b20-72ad-461c-9623-e8a99c42e539', 'COMPLETED', '2023-10-28 02:00:00');
INSERT INTO motorbike_bookings (id, motorbike_id, renter_id, owner_id, status, start_date, end_date, total_days, price_per_day, base_price, service_fee, taxes, total, deposit, include_insurance, has_helmet, has_raincoat, has_phone_holder, has_touring_package, created_at) VALUES ('4d4d11a4-74a6-42f4-8f32-0db8397f8fcf', 'BIKE-2', 'C3D4E5F6-G7H8-9012-CDEF-345678901234', 'E5F6G7H8-I9J0-1234-EFGH-567890123456', 'COMPLETED', '2023-02-10', '2023-02-18', 8, 200000, 1600000, 160000.0, 128000.0, 1888000.0, 400000, 0, 0, 0, 0, 0, '2023-02-03 00:00:00');
INSERT INTO motorbike_booking_history (id, booking_id, status, changed_at) VALUES ('989c9989-73b6-4926-957b-09107333026e', '4d4d11a4-74a6-42f4-8f32-0db8397f8fcf', 'PENDING', '2023-02-03 00:00:00');
INSERT INTO motorbike_booking_history (id, booking_id, status, changed_at) VALUES ('b3148e2a-9852-4889-8466-bf9090190551', '4d4d11a4-74a6-42f4-8f32-0db8397f8fcf', 'COMPLETED', '2023-02-03 02:00:00');
INSERT INTO motorbike_bookings (id, motorbike_id, renter_id, owner_id, status, start_date, end_date, total_days, price_per_day, base_price, service_fee, taxes, total, deposit, include_insurance, has_helmet, has_raincoat, has_phone_holder, has_touring_package, created_at) VALUES ('16c40efe-d077-4b38-9477-9d26f61f1e93', 'BIKE-2', 'C3D4E5F6-G7H8-9012-CDEF-345678901234', 'E5F6G7H8-I9J0-1234-EFGH-567890123456', 'COMPLETED', '2023-06-06', '2023-06-13', 7, 200000, 1400000, 140000.0, 112000.0, 1652000.0, 400000, 0, 0, 0, 0, 0, '2023-05-30 00:00:00');
INSERT INTO motorbike_booking_history (id, booking_id, status, changed_at) VALUES ('eb7d587f-435b-488d-bd45-ff03132d4dff', '16c40efe-d077-4b38-9477-9d26f61f1e93', 'PENDING', '2023-05-30 00:00:00');
INSERT INTO motorbike_booking_history (id, booking_id, status, changed_at) VALUES ('e18d28e6-3659-460a-92c7-8153982f4da9', '16c40efe-d077-4b38-9477-9d26f61f1e93', 'COMPLETED', '2023-05-30 02:00:00');
INSERT INTO motorbike_bookings (id, motorbike_id, renter_id, owner_id, status, start_date, end_date, total_days, price_per_day, base_price, service_fee, taxes, total, deposit, include_insurance, has_helmet, has_raincoat, has_phone_holder, has_touring_package, created_at) VALUES ('b00f9f3c-1210-45cc-99e7-1cb5a4854827', 'BIKE-3', 'D4E5F6G7-H8I9-0123-DEFG-456789012345', 'E5F6G7H8-I9J0-1234-EFGH-567890123456', 'COMPLETED', '2023-03-18', '2023-03-21', 3, 120000, 360000, 36000.0, 28800.0, 424800.0, 240000, 0, 0, 0, 0, 0, '2023-03-17 00:00:00');
INSERT INTO motorbike_booking_history (id, booking_id, status, changed_at) VALUES ('447009ab-aa60-49df-9a86-b460cf79338b', 'b00f9f3c-1210-45cc-99e7-1cb5a4854827', 'PENDING', '2023-03-17 00:00:00');
INSERT INTO motorbike_booking_history (id, booking_id, status, changed_at) VALUES ('8a8c2114-0a74-430a-be3e-8b083c04d8c5', 'b00f9f3c-1210-45cc-99e7-1cb5a4854827', 'COMPLETED', '2023-03-17 02:00:00');
INSERT INTO motorbike_bookings (id, motorbike_id, renter_id, owner_id, status, start_date, end_date, total_days, price_per_day, base_price, service_fee, taxes, total, deposit, include_insurance, has_helmet, has_raincoat, has_phone_holder, has_touring_package, created_at) VALUES ('1d2f2e00-4b9a-450a-bc82-8a0440b6e465', 'BIKE-1', 'D4E5F6G7-H8I9-0123-DEFG-456789012345', 'E5F6G7H8-I9J0-1234-EFGH-567890123456', 'COMPLETED', '2023-06-30', '2023-07-07', 7, 150000, 1050000, 105000.0, 84000.0, 1239000.0, 300000, 0, 0, 0, 0, 0, '2023-06-26 00:00:00');
INSERT INTO motorbike_booking_history (id, booking_id, status, changed_at) VALUES ('5cc6c8ce-8ec8-49a1-b969-595101b5af27', '1d2f2e00-4b9a-450a-bc82-8a0440b6e465', 'PENDING', '2023-06-26 00:00:00');
INSERT INTO motorbike_booking_history (id, booking_id, status, changed_at) VALUES ('caa7c483-d26a-4414-9126-0aea4476998a', '1d2f2e00-4b9a-450a-bc82-8a0440b6e465', 'COMPLETED', '2023-06-26 02:00:00');
INSERT INTO motorbike_bookings (id, motorbike_id, renter_id, owner_id, status, start_date, end_date, total_days, price_per_day, base_price, service_fee, taxes, total, deposit, include_insurance, has_helmet, has_raincoat, has_phone_holder, has_touring_package, created_at) VALUES ('bd204677-028e-4f71-b312-51fe5085eae3', 'BIKE-3', 'B2C3D4E5-F6G7-8901-BCDE-234567890123', 'E5F6G7H8-I9J0-1234-EFGH-567890123456', 'COMPLETED', '2023-04-12', '2023-04-20', 8, 120000, 960000, 96000.0, 76800.0, 1132800.0, 240000, 0, 0, 0, 0, 0, '2023-03-29 00:00:00');
INSERT INTO motorbike_booking_history (id, booking_id, status, changed_at) VALUES ('a03719b2-68cd-44b3-b0b7-430e8e8705c9', 'bd204677-028e-4f71-b312-51fe5085eae3', 'PENDING', '2023-03-29 00:00:00');
INSERT INTO motorbike_booking_history (id, booking_id, status, changed_at) VALUES ('71deead2-f58b-4d5a-b12a-019fcd0b4e8b', 'bd204677-028e-4f71-b312-51fe5085eae3', 'COMPLETED', '2023-03-29 02:00:00');
INSERT INTO motorbike_bookings (id, motorbike_id, renter_id, owner_id, status, start_date, end_date, total_days, price_per_day, base_price, service_fee, taxes, total, deposit, include_insurance, has_helmet, has_raincoat, has_phone_holder, has_touring_package, created_at) VALUES ('4fb70706-561c-41ae-898e-f370bc57403f', 'BIKE-3', 'D4E5F6G7-H8I9-0123-DEFG-456789012345', 'E5F6G7H8-I9J0-1234-EFGH-567890123456', 'CANCELLED', '2023-08-21', '2023-08-30', 9, 120000, 1080000, 108000.0, 86400.0, 1274400.0, 240000, 0, 0, 0, 0, 0, '2023-08-18 00:00:00');
INSERT INTO motorbike_booking_history (id, booking_id, status, changed_at) VALUES ('cbb2f4e2-8d07-45ee-a3ed-f3b5d352d0c6', '4fb70706-561c-41ae-898e-f370bc57403f', 'PENDING', '2023-08-18 00:00:00');
INSERT INTO motorbike_booking_history (id, booking_id, status, changed_at) VALUES ('7f6d7f57-e8c2-44c6-b2c1-32373198f710', '4fb70706-561c-41ae-898e-f370bc57403f', 'CANCELLED', '2023-08-18 02:00:00');
INSERT INTO motorbike_bookings (id, motorbike_id, renter_id, owner_id, status, start_date, end_date, total_days, price_per_day, base_price, service_fee, taxes, total, deposit, include_insurance, has_helmet, has_raincoat, has_phone_holder, has_touring_package, created_at) VALUES ('f67cdaed-7d4c-428d-87ed-c00f8a6a3fd5', 'BIKE-3', 'C3D4E5F6-G7H8-9012-CDEF-345678901234', 'E5F6G7H8-I9J0-1234-EFGH-567890123456', 'CANCELLED', '2023-02-20', '2023-02-26', 6, 120000, 720000, 72000.0, 57600.0, 849600.0, 240000, 0, 0, 0, 0, 0, '2023-02-19 00:00:00');
INSERT INTO motorbike_booking_history (id, booking_id, status, changed_at) VALUES ('fe382cc5-561a-4b3f-b2ef-ca0ba3a69f9b', 'f67cdaed-7d4c-428d-87ed-c00f8a6a3fd5', 'PENDING', '2023-02-19 00:00:00');
INSERT INTO motorbike_booking_history (id, booking_id, status, changed_at) VALUES ('43b66b70-35c1-4fdb-96bb-4a73089f90d0', 'f67cdaed-7d4c-428d-87ed-c00f8a6a3fd5', 'CANCELLED', '2023-02-19 02:00:00');
INSERT INTO motorbike_bookings (id, motorbike_id, renter_id, owner_id, status, start_date, end_date, total_days, price_per_day, base_price, service_fee, taxes, total, deposit, include_insurance, has_helmet, has_raincoat, has_phone_holder, has_touring_package, created_at) VALUES ('8a2d8cc5-27a1-4c96-8fc0-04a634c3e110', 'BIKE-1', 'D4E5F6G7-H8I9-0123-DEFG-456789012345', 'E5F6G7H8-I9J0-1234-EFGH-567890123456', 'COMPLETED', '2023-08-30', '2023-09-08', 9, 150000, 1350000, 135000.0, 108000.0, 1593000.0, 300000, 0, 0, 0, 0, 0, '2023-08-23 00:00:00');
INSERT INTO motorbike_booking_history (id, booking_id, status, changed_at) VALUES ('1b3a10cc-9438-47ff-8052-dd5200821c40', '8a2d8cc5-27a1-4c96-8fc0-04a634c3e110', 'PENDING', '2023-08-23 00:00:00');
INSERT INTO motorbike_booking_history (id, booking_id, status, changed_at) VALUES ('81d5d170-8889-4c30-8492-61a8a7db642c', '8a2d8cc5-27a1-4c96-8fc0-04a634c3e110', 'COMPLETED', '2023-08-23 02:00:00');
INSERT INTO motorbike_bookings (id, motorbike_id, renter_id, owner_id, status, start_date, end_date, total_days, price_per_day, base_price, service_fee, taxes, total, deposit, include_insurance, has_helmet, has_raincoat, has_phone_holder, has_touring_package, created_at) VALUES ('8bbf98f1-2da6-4ad7-b0b3-e5ff4aa79063', 'BIKE-3', 'C3D4E5F6-G7H8-9012-CDEF-345678901234', 'E5F6G7H8-I9J0-1234-EFGH-567890123456', 'COMPLETED', '2023-04-30', '2023-05-10', 10, 120000, 1200000, 120000.0, 96000.0, 1416000.0, 240000, 0, 0, 0, 0, 0, '2023-04-24 00:00:00');
INSERT INTO motorbike_booking_history (id, booking_id, status, changed_at) VALUES ('4e016659-829d-4ebc-adba-58aa7c67ed90', '8bbf98f1-2da6-4ad7-b0b3-e5ff4aa79063', 'PENDING', '2023-04-24 00:00:00');
INSERT INTO motorbike_booking_history (id, booking_id, status, changed_at) VALUES ('b60cc910-a53d-452e-a29b-105cd6a33033', '8bbf98f1-2da6-4ad7-b0b3-e5ff4aa79063', 'COMPLETED', '2023-04-24 02:00:00');
INSERT INTO motorbike_bookings (id, motorbike_id, renter_id, owner_id, status, start_date, end_date, total_days, price_per_day, base_price, service_fee, taxes, total, deposit, include_insurance, has_helmet, has_raincoat, has_phone_holder, has_touring_package, created_at) VALUES ('829732bb-46ed-4441-827d-4cf5e4356919', 'BIKE-3', 'B2C3D4E5-F6G7-8901-BCDE-234567890123', 'E5F6G7H8-I9J0-1234-EFGH-567890123456', 'COMPLETED', '2023-02-16', '2023-02-20', 4, 120000, 480000, 48000.0, 38400.0, 566400.0, 240000, 0, 0, 0, 0, 0, '2023-02-15 00:00:00');
INSERT INTO motorbike_booking_history (id, booking_id, status, changed_at) VALUES ('96f9456e-b2a9-440f-a389-ddc950fb3b89', '829732bb-46ed-4441-827d-4cf5e4356919', 'PENDING', '2023-02-15 00:00:00');
INSERT INTO motorbike_booking_history (id, booking_id, status, changed_at) VALUES ('15d126fb-46d1-4025-8c5d-e709d65ce862', '829732bb-46ed-4441-827d-4cf5e4356919', 'COMPLETED', '2023-02-15 02:00:00');
INSERT INTO motorbike_bookings (id, motorbike_id, renter_id, owner_id, status, start_date, end_date, total_days, price_per_day, base_price, service_fee, taxes, total, deposit, include_insurance, has_helmet, has_raincoat, has_phone_holder, has_touring_package, created_at) VALUES ('4752333d-c911-43ad-8c2b-487d04c015c7', 'BIKE-3', 'B2C3D4E5-F6G7-8901-BCDE-234567890123', 'E5F6G7H8-I9J0-1234-EFGH-567890123456', 'COMPLETED', '2023-10-22', '2023-10-24', 2, 120000, 240000, 24000.0, 19200.0, 283200.0, 240000, 0, 0, 0, 0, 0, '2023-10-18 00:00:00');
INSERT INTO motorbike_booking_history (id, booking_id, status, changed_at) VALUES ('3832a692-13e1-48b8-abcc-c70d371dfc89', '4752333d-c911-43ad-8c2b-487d04c015c7', 'PENDING', '2023-10-18 00:00:00');
INSERT INTO motorbike_booking_history (id, booking_id, status, changed_at) VALUES ('872796dd-c413-465d-9d77-dc3d0b2e6899', '4752333d-c911-43ad-8c2b-487d04c015c7', 'COMPLETED', '2023-10-18 02:00:00');
INSERT INTO motorbike_bookings (id, motorbike_id, renter_id, owner_id, status, start_date, end_date, total_days, price_per_day, base_price, service_fee, taxes, total, deposit, include_insurance, has_helmet, has_raincoat, has_phone_holder, has_touring_package, created_at) VALUES ('1e1f6de4-e7d7-4fd3-8ea1-1a1af92abcf1', 'BIKE-1', 'C3D4E5F6-G7H8-9012-CDEF-345678901234', 'E5F6G7H8-I9J0-1234-EFGH-567890123456', 'COMPLETED', '2023-04-17', '2023-04-19', 2, 150000, 300000, 30000.0, 24000.0, 354000.0, 300000, 0, 0, 0, 0, 0, '2023-04-05 00:00:00');
INSERT INTO motorbike_booking_history (id, booking_id, status, changed_at) VALUES ('0aed31da-f247-4d7d-9aca-f20745a7176f', '1e1f6de4-e7d7-4fd3-8ea1-1a1af92abcf1', 'PENDING', '2023-04-05 00:00:00');
INSERT INTO motorbike_booking_history (id, booking_id, status, changed_at) VALUES ('f68b6ffe-0fdf-4821-af54-2a18b1760669', '1e1f6de4-e7d7-4fd3-8ea1-1a1af92abcf1', 'COMPLETED', '2023-04-05 02:00:00');
INSERT INTO motorbike_bookings (id, motorbike_id, renter_id, owner_id, status, start_date, end_date, total_days, price_per_day, base_price, service_fee, taxes, total, deposit, include_insurance, has_helmet, has_raincoat, has_phone_holder, has_touring_package, created_at) VALUES ('eabf183b-a690-4b65-9418-5c5dc86bd27c', 'BIKE-1', 'B2C3D4E5-F6G7-8901-BCDE-234567890123', 'E5F6G7H8-I9J0-1234-EFGH-567890123456', 'COMPLETED', '2023-01-16', '2023-01-22', 6, 150000, 900000, 90000.0, 72000.0, 1062000.0, 300000, 0, 0, 0, 0, 0, '2023-01-09 00:00:00');
INSERT INTO motorbike_booking_history (id, booking_id, status, changed_at) VALUES ('cd4ff587-1551-442a-8ccb-2949fccaac1c', 'eabf183b-a690-4b65-9418-5c5dc86bd27c', 'PENDING', '2023-01-09 00:00:00');
INSERT INTO motorbike_booking_history (id, booking_id, status, changed_at) VALUES ('0cf64128-2377-4ea6-b17b-0be012d72b53', 'eabf183b-a690-4b65-9418-5c5dc86bd27c', 'COMPLETED', '2023-01-09 02:00:00');
INSERT INTO motorbike_bookings (id, motorbike_id, renter_id, owner_id, status, start_date, end_date, total_days, price_per_day, base_price, service_fee, taxes, total, deposit, include_insurance, has_helmet, has_raincoat, has_phone_holder, has_touring_package, created_at) VALUES ('d185fb53-8c40-4984-9ef4-1aa24134afb5', 'BIKE-2', 'C3D4E5F6-G7H8-9012-CDEF-345678901234', 'E5F6G7H8-I9J0-1234-EFGH-567890123456', 'COMPLETED', '2023-07-28', '2023-08-04', 7, 200000, 1400000, 140000.0, 112000.0, 1652000.0, 400000, 0, 0, 0, 0, 0, '2023-07-15 00:00:00');
INSERT INTO motorbike_booking_history (id, booking_id, status, changed_at) VALUES ('42c1631d-a3e6-49f5-ab65-6585ea426a0f', 'd185fb53-8c40-4984-9ef4-1aa24134afb5', 'PENDING', '2023-07-15 00:00:00');
INSERT INTO motorbike_booking_history (id, booking_id, status, changed_at) VALUES ('c494e24f-f2c4-42a2-b0e4-6beca538f486', 'd185fb53-8c40-4984-9ef4-1aa24134afb5', 'COMPLETED', '2023-07-15 02:00:00');
INSERT INTO motorbike_bookings (id, motorbike_id, renter_id, owner_id, status, start_date, end_date, total_days, price_per_day, base_price, service_fee, taxes, total, deposit, include_insurance, has_helmet, has_raincoat, has_phone_holder, has_touring_package, created_at) VALUES ('aba30752-3f78-4d48-8a22-8767765ee0ab', 'BIKE-3', 'C3D4E5F6-G7H8-9012-CDEF-345678901234', 'E5F6G7H8-I9J0-1234-EFGH-567890123456', 'COMPLETED', '2023-11-13', '2023-11-18', 5, 120000, 600000, 60000.0, 48000.0, 708000.0, 240000, 0, 0, 0, 0, 0, '2023-11-11 00:00:00');
INSERT INTO motorbike_booking_history (id, booking_id, status, changed_at) VALUES ('5b1fa962-86c1-4420-82d8-a521e46579e8', 'aba30752-3f78-4d48-8a22-8767765ee0ab', 'PENDING', '2023-11-11 00:00:00');
INSERT INTO motorbike_booking_history (id, booking_id, status, changed_at) VALUES ('75134eb0-6ce2-4bba-aea5-ec019c9246ce', 'aba30752-3f78-4d48-8a22-8767765ee0ab', 'COMPLETED', '2023-11-11 02:00:00');
INSERT INTO motorbike_bookings (id, motorbike_id, renter_id, owner_id, status, start_date, end_date, total_days, price_per_day, base_price, service_fee, taxes, total, deposit, include_insurance, has_helmet, has_raincoat, has_phone_holder, has_touring_package, created_at) VALUES ('17efa174-c37e-4e09-beec-b9856ee1f7fe', 'BIKE-3', 'D4E5F6G7-H8I9-0123-DEFG-456789012345', 'E5F6G7H8-I9J0-1234-EFGH-567890123456', 'COMPLETED', '2024-02-05', '2024-02-09', 4, 120000, 480000, 48000.0, 38400.0, 566400.0, 240000, 0, 0, 0, 0, 0, '2024-01-26 00:00:00');
INSERT INTO motorbike_booking_history (id, booking_id, status, changed_at) VALUES ('ef4ef21d-ab0f-45db-a553-8bdb885d6331', '17efa174-c37e-4e09-beec-b9856ee1f7fe', 'PENDING', '2024-01-26 00:00:00');
INSERT INTO motorbike_booking_history (id, booking_id, status, changed_at) VALUES ('c178167c-f650-45c5-9895-8dcf2dff7e8c', '17efa174-c37e-4e09-beec-b9856ee1f7fe', 'COMPLETED', '2024-01-26 02:00:00');
INSERT INTO motorbike_bookings (id, motorbike_id, renter_id, owner_id, status, start_date, end_date, total_days, price_per_day, base_price, service_fee, taxes, total, deposit, include_insurance, has_helmet, has_raincoat, has_phone_holder, has_touring_package, created_at) VALUES ('b8530081-167e-4898-a653-82b4e664e923', 'BIKE-3', 'D4E5F6G7-H8I9-0123-DEFG-456789012345', 'E5F6G7H8-I9J0-1234-EFGH-567890123456', 'COMPLETED', '2023-11-18', '2023-11-24', 6, 120000, 720000, 72000.0, 57600.0, 849600.0, 240000, 0, 0, 0, 0, 0, '2023-11-04 00:00:00');
INSERT INTO motorbike_booking_history (id, booking_id, status, changed_at) VALUES ('7a63c940-9665-4e07-b27d-76e9af313671', 'b8530081-167e-4898-a653-82b4e664e923', 'PENDING', '2023-11-04 00:00:00');
INSERT INTO motorbike_booking_history (id, booking_id, status, changed_at) VALUES ('2ff3f175-fb50-439d-a30e-b84c70755f32', 'b8530081-167e-4898-a653-82b4e664e923', 'COMPLETED', '2023-11-04 02:00:00');
INSERT INTO motorbike_bookings (id, motorbike_id, renter_id, owner_id, status, start_date, end_date, total_days, price_per_day, base_price, service_fee, taxes, total, deposit, include_insurance, has_helmet, has_raincoat, has_phone_holder, has_touring_package, created_at) VALUES ('ae9e94a0-9dd7-424c-8a65-42d0ed9426f9', 'BIKE-2', 'D4E5F6G7-H8I9-0123-DEFG-456789012345', 'E5F6G7H8-I9J0-1234-EFGH-567890123456', 'COMPLETED', '2024-02-22', '2024-02-24', 2, 200000, 400000, 40000.0, 32000.0, 472000.0, 400000, 0, 0, 0, 0, 0, '2024-02-16 00:00:00');
INSERT INTO motorbike_booking_history (id, booking_id, status, changed_at) VALUES ('3f1c3e3e-fbb9-43e7-9624-b350906413ac', 'ae9e94a0-9dd7-424c-8a65-42d0ed9426f9', 'PENDING', '2024-02-16 00:00:00');
INSERT INTO motorbike_booking_history (id, booking_id, status, changed_at) VALUES ('91a0de2a-b4ac-4b8d-bbf7-97902f37ecf6', 'ae9e94a0-9dd7-424c-8a65-42d0ed9426f9', 'COMPLETED', '2024-02-16 02:00:00');
INSERT INTO motorbike_bookings (id, motorbike_id, renter_id, owner_id, status, start_date, end_date, total_days, price_per_day, base_price, service_fee, taxes, total, deposit, include_insurance, has_helmet, has_raincoat, has_phone_holder, has_touring_package, created_at) VALUES ('0a5585d1-2463-4a4a-ad03-0cfcfb14ebff', 'BIKE-3', 'D4E5F6G7-H8I9-0123-DEFG-456789012345', 'E5F6G7H8-I9J0-1234-EFGH-567890123456', 'COMPLETED', '2023-05-02', '2023-05-07', 5, 120000, 600000, 60000.0, 48000.0, 708000.0, 240000, 0, 0, 0, 0, 0, '2023-04-30 00:00:00');
INSERT INTO motorbike_booking_history (id, booking_id, status, changed_at) VALUES ('63189d2d-4058-40d9-af3a-60d072c32497', '0a5585d1-2463-4a4a-ad03-0cfcfb14ebff', 'PENDING', '2023-04-30 00:00:00');
INSERT INTO motorbike_booking_history (id, booking_id, status, changed_at) VALUES ('ba1f8ec4-1110-4135-b733-84937280160a', '0a5585d1-2463-4a4a-ad03-0cfcfb14ebff', 'COMPLETED', '2023-04-30 02:00:00');
INSERT INTO motorbike_bookings (id, motorbike_id, renter_id, owner_id, status, start_date, end_date, total_days, price_per_day, base_price, service_fee, taxes, total, deposit, include_insurance, has_helmet, has_raincoat, has_phone_holder, has_touring_package, created_at) VALUES ('af443c3a-8091-44e3-b515-32030f483261', 'BIKE-1', 'C3D4E5F6-G7H8-9012-CDEF-345678901234', 'E5F6G7H8-I9J0-1234-EFGH-567890123456', 'COMPLETED', '2023-09-12', '2023-09-13', 1, 150000, 150000, 15000.0, 12000.0, 177000.0, 300000, 0, 0, 0, 0, 0, '2023-09-01 00:00:00');
INSERT INTO motorbike_booking_history (id, booking_id, status, changed_at) VALUES ('8fce97c8-4c6e-4ae6-ab21-2133f48fac2b', 'af443c3a-8091-44e3-b515-32030f483261', 'PENDING', '2023-09-01 00:00:00');
INSERT INTO motorbike_booking_history (id, booking_id, status, changed_at) VALUES ('49fc294f-ea42-4416-ba99-8d069a318570', 'af443c3a-8091-44e3-b515-32030f483261', 'COMPLETED', '2023-09-01 02:00:00');
INSERT INTO motorbike_bookings (id, motorbike_id, renter_id, owner_id, status, start_date, end_date, total_days, price_per_day, base_price, service_fee, taxes, total, deposit, include_insurance, has_helmet, has_raincoat, has_phone_holder, has_touring_package, created_at) VALUES ('87ef99ab-f0d8-4678-bebf-55d628c84044', 'BIKE-2', 'C3D4E5F6-G7H8-9012-CDEF-345678901234', 'E5F6G7H8-I9J0-1234-EFGH-567890123456', 'COMPLETED', '2023-05-17', '2023-05-27', 10, 200000, 2000000, 200000.0, 160000.0, 2360000.0, 400000, 0, 0, 0, 0, 0, '2023-05-04 00:00:00');
INSERT INTO motorbike_booking_history (id, booking_id, status, changed_at) VALUES ('5ec425a7-f894-40c4-943c-97dac5fe534e', '87ef99ab-f0d8-4678-bebf-55d628c84044', 'PENDING', '2023-05-04 00:00:00');
INSERT INTO motorbike_booking_history (id, booking_id, status, changed_at) VALUES ('e3c85c20-f74a-4e53-8a52-3758e763d08c', '87ef99ab-f0d8-4678-bebf-55d628c84044', 'COMPLETED', '2023-05-04 02:00:00');
INSERT INTO motorbike_bookings (id, motorbike_id, renter_id, owner_id, status, start_date, end_date, total_days, price_per_day, base_price, service_fee, taxes, total, deposit, include_insurance, has_helmet, has_raincoat, has_phone_holder, has_touring_package, created_at) VALUES ('9e9ffaa8-a3f2-43a0-bbbf-f0c865f9d73d', 'BIKE-3', 'D4E5F6G7-H8I9-0123-DEFG-456789012345', 'E5F6G7H8-I9J0-1234-EFGH-567890123456', 'COMPLETED', '2023-05-27', '2023-05-28', 1, 120000, 120000, 12000.0, 9600.0, 141600.0, 240000, 0, 0, 0, 0, 0, '2023-05-17 00:00:00');
INSERT INTO motorbike_booking_history (id, booking_id, status, changed_at) VALUES ('1ecffce1-44d8-4259-a0ea-ccf08296c28c', '9e9ffaa8-a3f2-43a0-bbbf-f0c865f9d73d', 'PENDING', '2023-05-17 00:00:00');
INSERT INTO motorbike_booking_history (id, booking_id, status, changed_at) VALUES ('4365e5d3-1aef-4d6b-ad4d-ed0591ad51f9', '9e9ffaa8-a3f2-43a0-bbbf-f0c865f9d73d', 'COMPLETED', '2023-05-17 02:00:00');
INSERT INTO motorbike_bookings (id, motorbike_id, renter_id, owner_id, status, start_date, end_date, total_days, price_per_day, base_price, service_fee, taxes, total, deposit, include_insurance, has_helmet, has_raincoat, has_phone_holder, has_touring_package, created_at) VALUES ('f341ae45-c1e1-458c-a9bc-0a188ccf8d2c', 'BIKE-3', 'D4E5F6G7-H8I9-0123-DEFG-456789012345', 'E5F6G7H8-I9J0-1234-EFGH-567890123456', 'COMPLETED', '2023-02-10', '2023-02-16', 6, 120000, 720000, 72000.0, 57600.0, 849600.0, 240000, 0, 0, 0, 0, 0, '2023-01-31 00:00:00');
INSERT INTO motorbike_booking_history (id, booking_id, status, changed_at) VALUES ('6edb1052-95d4-46a9-a77b-54a1afacfd0f', 'f341ae45-c1e1-458c-a9bc-0a188ccf8d2c', 'PENDING', '2023-01-31 00:00:00');
INSERT INTO motorbike_booking_history (id, booking_id, status, changed_at) VALUES ('d38f0b08-2ba0-4862-8f8d-c118def40b32', 'f341ae45-c1e1-458c-a9bc-0a188ccf8d2c', 'COMPLETED', '2023-01-31 02:00:00');
INSERT INTO motorbike_bookings (id, motorbike_id, renter_id, owner_id, status, start_date, end_date, total_days, price_per_day, base_price, service_fee, taxes, total, deposit, include_insurance, has_helmet, has_raincoat, has_phone_holder, has_touring_package, created_at) VALUES ('70964301-3a71-4ef0-8455-ee856d03d1ea', 'BIKE-2', 'C3D4E5F6-G7H8-9012-CDEF-345678901234', 'E5F6G7H8-I9J0-1234-EFGH-567890123456', 'CANCELLED', '2023-12-25', '2023-12-30', 5, 200000, 1000000, 100000.0, 80000.0, 1180000.0, 400000, 0, 0, 0, 0, 0, '2023-12-16 00:00:00');
INSERT INTO motorbike_booking_history (id, booking_id, status, changed_at) VALUES ('40af119b-c772-4980-b644-02d03374582a', '70964301-3a71-4ef0-8455-ee856d03d1ea', 'PENDING', '2023-12-16 00:00:00');
INSERT INTO motorbike_booking_history (id, booking_id, status, changed_at) VALUES ('6c53d8b4-f47c-4a9f-88d3-ee3ef0ea860e', '70964301-3a71-4ef0-8455-ee856d03d1ea', 'CANCELLED', '2023-12-16 02:00:00');
INSERT INTO motorbike_bookings (id, motorbike_id, renter_id, owner_id, status, start_date, end_date, total_days, price_per_day, base_price, service_fee, taxes, total, deposit, include_insurance, has_helmet, has_raincoat, has_phone_holder, has_touring_package, created_at) VALUES ('54ea4f14-6655-4eb8-a3fa-152c20cb9f2d', 'BIKE-2', 'C3D4E5F6-G7H8-9012-CDEF-345678901234', 'E5F6G7H8-I9J0-1234-EFGH-567890123456', 'COMPLETED', '2023-02-14', '2023-02-19', 5, 200000, 1000000, 100000.0, 80000.0, 1180000.0, 400000, 0, 0, 0, 0, 0, '2023-02-08 00:00:00');
INSERT INTO motorbike_booking_history (id, booking_id, status, changed_at) VALUES ('68f0e2f4-2204-47c6-8fb1-85a389641eb8', '54ea4f14-6655-4eb8-a3fa-152c20cb9f2d', 'PENDING', '2023-02-08 00:00:00');
INSERT INTO motorbike_booking_history (id, booking_id, status, changed_at) VALUES ('230a0d22-d864-4724-9471-dbb4b4c1c6d1', '54ea4f14-6655-4eb8-a3fa-152c20cb9f2d', 'COMPLETED', '2023-02-08 02:00:00');
INSERT INTO motorbike_bookings (id, motorbike_id, renter_id, owner_id, status, start_date, end_date, total_days, price_per_day, base_price, service_fee, taxes, total, deposit, include_insurance, has_helmet, has_raincoat, has_phone_holder, has_touring_package, created_at) VALUES ('433b6ed5-a4d9-45c7-8753-8d1f9b9822e4', 'BIKE-3', 'C3D4E5F6-G7H8-9012-CDEF-345678901234', 'E5F6G7H8-I9J0-1234-EFGH-567890123456', 'COMPLETED', '2023-06-18', '2023-06-24', 6, 120000, 720000, 72000.0, 57600.0, 849600.0, 240000, 0, 0, 0, 0, 0, '2023-06-12 00:00:00');
INSERT INTO motorbike_booking_history (id, booking_id, status, changed_at) VALUES ('ac281afc-6fec-4169-ac3d-a2fe7ac54e29', '433b6ed5-a4d9-45c7-8753-8d1f9b9822e4', 'PENDING', '2023-06-12 00:00:00');
INSERT INTO motorbike_booking_history (id, booking_id, status, changed_at) VALUES ('f2e6be15-ca03-4081-8833-c4aebf390a26', '433b6ed5-a4d9-45c7-8753-8d1f9b9822e4', 'COMPLETED', '2023-06-12 02:00:00');
INSERT INTO motorbike_bookings (id, motorbike_id, renter_id, owner_id, status, start_date, end_date, total_days, price_per_day, base_price, service_fee, taxes, total, deposit, include_insurance, has_helmet, has_raincoat, has_phone_holder, has_touring_package, created_at) VALUES ('eac12a66-762f-4370-8ee2-15429fdbfe4d', 'BIKE-1', 'B2C3D4E5-F6G7-8901-BCDE-234567890123', 'E5F6G7H8-I9J0-1234-EFGH-567890123456', 'COMPLETED', '2023-05-28', '2023-06-05', 8, 150000, 1200000, 120000.0, 96000.0, 1416000.0, 300000, 0, 0, 0, 0, 0, '2023-05-20 00:00:00');
INSERT INTO motorbike_booking_history (id, booking_id, status, changed_at) VALUES ('32beb1cc-387b-4a48-8e77-160361f9c146', 'eac12a66-762f-4370-8ee2-15429fdbfe4d', 'PENDING', '2023-05-20 00:00:00');
INSERT INTO motorbike_booking_history (id, booking_id, status, changed_at) VALUES ('e00e4ca8-64a9-4bd3-9ba3-e765d4e3db5b', 'eac12a66-762f-4370-8ee2-15429fdbfe4d', 'COMPLETED', '2023-05-20 02:00:00');
INSERT INTO motorbike_bookings (id, motorbike_id, renter_id, owner_id, status, start_date, end_date, total_days, price_per_day, base_price, service_fee, taxes, total, deposit, include_insurance, has_helmet, has_raincoat, has_phone_holder, has_touring_package, created_at) VALUES ('5675f254-15f2-4f35-b7f8-d505ef6926d1', 'BIKE-2', 'B2C3D4E5-F6G7-8901-BCDE-234567890123', 'E5F6G7H8-I9J0-1234-EFGH-567890123456', 'COMPLETED', '2023-12-25', '2024-01-04', 10, 200000, 2000000, 200000.0, 160000.0, 2360000.0, 400000, 0, 0, 0, 0, 0, '2023-12-15 00:00:00');
INSERT INTO motorbike_booking_history (id, booking_id, status, changed_at) VALUES ('f67b8c43-7811-4140-8778-78ea5517b93f', '5675f254-15f2-4f35-b7f8-d505ef6926d1', 'PENDING', '2023-12-15 00:00:00');
INSERT INTO motorbike_booking_history (id, booking_id, status, changed_at) VALUES ('d604b9bc-b3fe-46e5-bcfe-a74e9009b008', '5675f254-15f2-4f35-b7f8-d505ef6926d1', 'COMPLETED', '2023-12-15 02:00:00');
INSERT INTO motorbike_bookings (id, motorbike_id, renter_id, owner_id, status, start_date, end_date, total_days, price_per_day, base_price, service_fee, taxes, total, deposit, include_insurance, has_helmet, has_raincoat, has_phone_holder, has_touring_package, created_at) VALUES ('71a40a39-7149-4474-8e10-c5e3052f5355', 'BIKE-1', 'B2C3D4E5-F6G7-8901-BCDE-234567890123', 'E5F6G7H8-I9J0-1234-EFGH-567890123456', 'COMPLETED', '2023-04-05', '2023-04-08', 3, 150000, 450000, 45000.0, 36000.0, 531000.0, 300000, 0, 0, 0, 0, 0, '2023-04-03 00:00:00');
INSERT INTO motorbike_booking_history (id, booking_id, status, changed_at) VALUES ('442e0a52-9b14-44fb-84ec-42be57b3d9fb', '71a40a39-7149-4474-8e10-c5e3052f5355', 'PENDING', '2023-04-03 00:00:00');
INSERT INTO motorbike_booking_history (id, booking_id, status, changed_at) VALUES ('2f26eb36-b7f5-4859-954f-517d0e5ac3d3', '71a40a39-7149-4474-8e10-c5e3052f5355', 'COMPLETED', '2023-04-03 02:00:00');
INSERT INTO motorbike_bookings (id, motorbike_id, renter_id, owner_id, status, start_date, end_date, total_days, price_per_day, base_price, service_fee, taxes, total, deposit, include_insurance, has_helmet, has_raincoat, has_phone_holder, has_touring_package, created_at) VALUES ('06db6b3d-1c42-42b5-9f95-472a45fd4f21', 'BIKE-3', 'C3D4E5F6-G7H8-9012-CDEF-345678901234', 'E5F6G7H8-I9J0-1234-EFGH-567890123456', 'COMPLETED', '2023-05-25', '2023-05-29', 4, 120000, 480000, 48000.0, 38400.0, 566400.0, 240000, 0, 0, 0, 0, 0, '2023-05-17 00:00:00');
INSERT INTO motorbike_booking_history (id, booking_id, status, changed_at) VALUES ('1dbd02ba-ee99-4411-909e-eb0b6f13b6bb', '06db6b3d-1c42-42b5-9f95-472a45fd4f21', 'PENDING', '2023-05-17 00:00:00');
INSERT INTO motorbike_booking_history (id, booking_id, status, changed_at) VALUES ('5f5c1057-588a-40fa-9758-15edc5438803', '06db6b3d-1c42-42b5-9f95-472a45fd4f21', 'COMPLETED', '2023-05-17 02:00:00');
INSERT INTO motorbike_bookings (id, motorbike_id, renter_id, owner_id, status, start_date, end_date, total_days, price_per_day, base_price, service_fee, taxes, total, deposit, include_insurance, has_helmet, has_raincoat, has_phone_holder, has_touring_package, created_at) VALUES ('52247841-0c04-4b00-ad4f-7bdbbbb4215a', 'BIKE-3', 'C3D4E5F6-G7H8-9012-CDEF-345678901234', 'E5F6G7H8-I9J0-1234-EFGH-567890123456', 'COMPLETED', '2023-01-27', '2023-02-06', 10, 120000, 1200000, 120000.0, 96000.0, 1416000.0, 240000, 0, 0, 0, 0, 0, '2023-01-17 00:00:00');
INSERT INTO motorbike_booking_history (id, booking_id, status, changed_at) VALUES ('d626e957-ddae-4fe0-bc09-f56350bdb900', '52247841-0c04-4b00-ad4f-7bdbbbb4215a', 'PENDING', '2023-01-17 00:00:00');
INSERT INTO motorbike_booking_history (id, booking_id, status, changed_at) VALUES ('5279d8ce-2303-4aa3-a928-e02dfce410c8', '52247841-0c04-4b00-ad4f-7bdbbbb4215a', 'COMPLETED', '2023-01-17 02:00:00');
INSERT INTO motorbike_bookings (id, motorbike_id, renter_id, owner_id, status, start_date, end_date, total_days, price_per_day, base_price, service_fee, taxes, total, deposit, include_insurance, has_helmet, has_raincoat, has_phone_holder, has_touring_package, created_at) VALUES ('89b806a4-b5ef-4624-9ca6-c96a8e679b47', 'BIKE-3', 'D4E5F6G7-H8I9-0123-DEFG-456789012345', 'E5F6G7H8-I9J0-1234-EFGH-567890123456', 'COMPLETED', '2024-03-30', '2024-04-01', 2, 120000, 240000, 24000.0, 19200.0, 283200.0, 240000, 0, 0, 0, 0, 0, '2024-03-20 00:00:00');
INSERT INTO motorbike_booking_history (id, booking_id, status, changed_at) VALUES ('dfa6606f-db8f-40e9-8793-4bdf45fdd025', '89b806a4-b5ef-4624-9ca6-c96a8e679b47', 'PENDING', '2024-03-20 00:00:00');
INSERT INTO motorbike_booking_history (id, booking_id, status, changed_at) VALUES ('06157953-05cf-45e9-9fb8-413f84eab741', '89b806a4-b5ef-4624-9ca6-c96a8e679b47', 'COMPLETED', '2024-03-20 02:00:00');
INSERT INTO motorbike_bookings (id, motorbike_id, renter_id, owner_id, status, start_date, end_date, total_days, price_per_day, base_price, service_fee, taxes, total, deposit, include_insurance, has_helmet, has_raincoat, has_phone_holder, has_touring_package, created_at) VALUES ('1edc786f-a4de-49c9-81f4-ba5ab7441733', 'BIKE-1', 'D4E5F6G7-H8I9-0123-DEFG-456789012345', 'E5F6G7H8-I9J0-1234-EFGH-567890123456', 'COMPLETED', '2023-10-18', '2023-10-25', 7, 150000, 1050000, 105000.0, 84000.0, 1239000.0, 300000, 0, 0, 0, 0, 0, '2023-10-15 00:00:00');
INSERT INTO motorbike_booking_history (id, booking_id, status, changed_at) VALUES ('0e410505-3fb0-480c-8d56-cb767d893c0d', '1edc786f-a4de-49c9-81f4-ba5ab7441733', 'PENDING', '2023-10-15 00:00:00');
INSERT INTO motorbike_booking_history (id, booking_id, status, changed_at) VALUES ('c51a36fa-5619-402e-a449-88d08a2f5d69', '1edc786f-a4de-49c9-81f4-ba5ab7441733', 'COMPLETED', '2023-10-15 02:00:00');
INSERT INTO motorbike_bookings (id, motorbike_id, renter_id, owner_id, status, start_date, end_date, total_days, price_per_day, base_price, service_fee, taxes, total, deposit, include_insurance, has_helmet, has_raincoat, has_phone_holder, has_touring_package, created_at) VALUES ('1f229b5d-629c-47b4-83d2-5208b305c41e', 'BIKE-3', 'C3D4E5F6-G7H8-9012-CDEF-345678901234', 'E5F6G7H8-I9J0-1234-EFGH-567890123456', 'COMPLETED', '2024-01-23', '2024-02-02', 10, 120000, 1200000, 120000.0, 96000.0, 1416000.0, 240000, 0, 0, 0, 0, 0, '2024-01-19 00:00:00');
INSERT INTO motorbike_booking_history (id, booking_id, status, changed_at) VALUES ('096e74ec-4b21-4512-8670-a0a66011b8f8', '1f229b5d-629c-47b4-83d2-5208b305c41e', 'PENDING', '2024-01-19 00:00:00');
INSERT INTO motorbike_booking_history (id, booking_id, status, changed_at) VALUES ('3b880395-8964-452e-b4ec-607d669ba8e3', '1f229b5d-629c-47b4-83d2-5208b305c41e', 'COMPLETED', '2024-01-19 02:00:00');
INSERT INTO motorbike_bookings (id, motorbike_id, renter_id, owner_id, status, start_date, end_date, total_days, price_per_day, base_price, service_fee, taxes, total, deposit, include_insurance, has_helmet, has_raincoat, has_phone_holder, has_touring_package, created_at) VALUES ('ddab334b-f301-41a1-b792-8bb18171d144', 'BIKE-2', 'C3D4E5F6-G7H8-9012-CDEF-345678901234', 'E5F6G7H8-I9J0-1234-EFGH-567890123456', 'COMPLETED', '2023-06-26', '2023-07-01', 5, 200000, 1000000, 100000.0, 80000.0, 1180000.0, 400000, 0, 0, 0, 0, 0, '2023-06-19 00:00:00');
INSERT INTO motorbike_booking_history (id, booking_id, status, changed_at) VALUES ('5d45879c-5ad7-4c99-8251-6af920bcb64c', 'ddab334b-f301-41a1-b792-8bb18171d144', 'PENDING', '2023-06-19 00:00:00');
INSERT INTO motorbike_booking_history (id, booking_id, status, changed_at) VALUES ('ae177b4e-4a60-4c3a-803d-de619283aa5f', 'ddab334b-f301-41a1-b792-8bb18171d144', 'COMPLETED', '2023-06-19 02:00:00');
INSERT INTO motorbike_bookings (id, motorbike_id, renter_id, owner_id, status, start_date, end_date, total_days, price_per_day, base_price, service_fee, taxes, total, deposit, include_insurance, has_helmet, has_raincoat, has_phone_holder, has_touring_package, created_at) VALUES ('eb935175-5aff-47cf-bea5-4526b2cc6a49', 'BIKE-3', 'D4E5F6G7-H8I9-0123-DEFG-456789012345', 'E5F6G7H8-I9J0-1234-EFGH-567890123456', 'COMPLETED', '2023-03-13', '2023-03-22', 9, 120000, 1080000, 108000.0, 86400.0, 1274400.0, 240000, 0, 0, 0, 0, 0, '2023-03-08 00:00:00');
INSERT INTO motorbike_booking_history (id, booking_id, status, changed_at) VALUES ('6e151e17-43d4-4c5a-8891-1dba4146e4ed', 'eb935175-5aff-47cf-bea5-4526b2cc6a49', 'PENDING', '2023-03-08 00:00:00');
INSERT INTO motorbike_booking_history (id, booking_id, status, changed_at) VALUES ('d7a7e3f0-6198-484e-82ed-ebff5bea3ab2', 'eb935175-5aff-47cf-bea5-4526b2cc6a49', 'COMPLETED', '2023-03-08 02:00:00');
INSERT INTO motorbike_bookings (id, motorbike_id, renter_id, owner_id, status, start_date, end_date, total_days, price_per_day, base_price, service_fee, taxes, total, deposit, include_insurance, has_helmet, has_raincoat, has_phone_holder, has_touring_package, created_at) VALUES ('be2d31fc-f783-4235-ae3b-4411539736c6', 'BIKE-2', 'B2C3D4E5-F6G7-8901-BCDE-234567890123', 'E5F6G7H8-I9J0-1234-EFGH-567890123456', 'COMPLETED', '2024-01-29', '2024-02-01', 3, 200000, 600000, 60000.0, 48000.0, 708000.0, 400000, 0, 0, 0, 0, 0, '2024-01-18 00:00:00');
INSERT INTO motorbike_booking_history (id, booking_id, status, changed_at) VALUES ('23d2d5c3-ca4d-4130-b7ed-842a1290f27c', 'be2d31fc-f783-4235-ae3b-4411539736c6', 'PENDING', '2024-01-18 00:00:00');
INSERT INTO motorbike_booking_history (id, booking_id, status, changed_at) VALUES ('395739f2-644c-47dc-871f-e62f505b9083', 'be2d31fc-f783-4235-ae3b-4411539736c6', 'COMPLETED', '2024-01-18 02:00:00');
INSERT INTO motorbike_bookings (id, motorbike_id, renter_id, owner_id, status, start_date, end_date, total_days, price_per_day, base_price, service_fee, taxes, total, deposit, include_insurance, has_helmet, has_raincoat, has_phone_holder, has_touring_package, created_at) VALUES ('6a440cc9-0cba-4526-8996-982d11c83cb1', 'BIKE-1', 'D4E5F6G7-H8I9-0123-DEFG-456789012345', 'E5F6G7H8-I9J0-1234-EFGH-567890123456', 'COMPLETED', '2023-03-31', '2023-04-07', 7, 150000, 1050000, 105000.0, 84000.0, 1239000.0, 300000, 0, 0, 0, 0, 0, '2023-03-27 00:00:00');
INSERT INTO motorbike_booking_history (id, booking_id, status, changed_at) VALUES ('da4e89fb-f59b-45d2-9433-e04d85cb0abb', '6a440cc9-0cba-4526-8996-982d11c83cb1', 'PENDING', '2023-03-27 00:00:00');
INSERT INTO motorbike_booking_history (id, booking_id, status, changed_at) VALUES ('ca54d1d1-1b07-4116-be42-39fca1bf89f6', '6a440cc9-0cba-4526-8996-982d11c83cb1', 'COMPLETED', '2023-03-27 02:00:00');
INSERT INTO motorbike_bookings (id, motorbike_id, renter_id, owner_id, status, start_date, end_date, total_days, price_per_day, base_price, service_fee, taxes, total, deposit, include_insurance, has_helmet, has_raincoat, has_phone_holder, has_touring_package, created_at) VALUES ('eb115c8d-8600-486a-9f49-192b39a8ad39', 'BIKE-1', 'D4E5F6G7-H8I9-0123-DEFG-456789012345', 'E5F6G7H8-I9J0-1234-EFGH-567890123456', 'COMPLETED', '2024-05-30', '2024-06-09', 10, 150000, 1500000, 150000.0, 120000.0, 1770000.0, 300000, 0, 0, 0, 0, 0, '2024-05-17 00:00:00');
INSERT INTO motorbike_booking_history (id, booking_id, status, changed_at) VALUES ('373c7857-c3d6-4b20-aabd-ca8a674e2334', 'eb115c8d-8600-486a-9f49-192b39a8ad39', 'PENDING', '2024-05-17 00:00:00');
INSERT INTO motorbike_booking_history (id, booking_id, status, changed_at) VALUES ('771c9caf-e4d8-4d0c-9cfe-4e869edaa31a', 'eb115c8d-8600-486a-9f49-192b39a8ad39', 'COMPLETED', '2024-05-17 02:00:00');
INSERT INTO motorbike_bookings (id, motorbike_id, renter_id, owner_id, status, start_date, end_date, total_days, price_per_day, base_price, service_fee, taxes, total, deposit, include_insurance, has_helmet, has_raincoat, has_phone_holder, has_touring_package, created_at) VALUES ('0ce8c76a-d038-49c7-afa5-912fab1e7d87', 'BIKE-1', 'C3D4E5F6-G7H8-9012-CDEF-345678901234', 'E5F6G7H8-I9J0-1234-EFGH-567890123456', 'CANCELLED', '2023-09-04', '2023-09-09', 5, 150000, 750000, 75000.0, 60000.0, 885000.0, 300000, 0, 0, 0, 0, 0, '2023-08-21 00:00:00');
INSERT INTO motorbike_booking_history (id, booking_id, status, changed_at) VALUES ('10fb2f65-5dd8-4440-9427-4afd1fd1888b', '0ce8c76a-d038-49c7-afa5-912fab1e7d87', 'PENDING', '2023-08-21 00:00:00');
INSERT INTO motorbike_booking_history (id, booking_id, status, changed_at) VALUES ('e545df25-bd21-43dd-86ce-cde64eceb147', '0ce8c76a-d038-49c7-afa5-912fab1e7d87', 'CANCELLED', '2023-08-21 02:00:00');
INSERT INTO motorbike_bookings (id, motorbike_id, renter_id, owner_id, status, start_date, end_date, total_days, price_per_day, base_price, service_fee, taxes, total, deposit, include_insurance, has_helmet, has_raincoat, has_phone_holder, has_touring_package, created_at) VALUES ('9a4b4a74-1187-40fa-8ed6-6b661a918982', 'BIKE-3', 'C3D4E5F6-G7H8-9012-CDEF-345678901234', 'E5F6G7H8-I9J0-1234-EFGH-567890123456', 'COMPLETED', '2023-11-13', '2023-11-20', 7, 120000, 840000, 84000.0, 67200.0, 991200.0, 240000, 0, 0, 0, 0, 0, '2023-11-06 00:00:00');
INSERT INTO motorbike_booking_history (id, booking_id, status, changed_at) VALUES ('34f1b850-1c71-4f16-a3b6-2a5f976cf2b6', '9a4b4a74-1187-40fa-8ed6-6b661a918982', 'PENDING', '2023-11-06 00:00:00');
INSERT INTO motorbike_booking_history (id, booking_id, status, changed_at) VALUES ('f7f77f45-e0e9-4b45-abf6-fed8432d2512', '9a4b4a74-1187-40fa-8ed6-6b661a918982', 'COMPLETED', '2023-11-06 02:00:00');
INSERT INTO motorbike_bookings (id, motorbike_id, renter_id, owner_id, status, start_date, end_date, total_days, price_per_day, base_price, service_fee, taxes, total, deposit, include_insurance, has_helmet, has_raincoat, has_phone_holder, has_touring_package, created_at) VALUES ('ba430d77-23af-4d01-8502-c84cc4f0eb77', 'BIKE-1', 'D4E5F6G7-H8I9-0123-DEFG-456789012345', 'E5F6G7H8-I9J0-1234-EFGH-567890123456', 'COMPLETED', '2023-06-13', '2023-06-22', 9, 150000, 1350000, 135000.0, 108000.0, 1593000.0, 300000, 0, 0, 0, 0, 0, '2023-06-06 00:00:00');
INSERT INTO motorbike_booking_history (id, booking_id, status, changed_at) VALUES ('257d8c79-9e68-47b4-a451-71e1aff6b7e7', 'ba430d77-23af-4d01-8502-c84cc4f0eb77', 'PENDING', '2023-06-06 00:00:00');
INSERT INTO motorbike_booking_history (id, booking_id, status, changed_at) VALUES ('d399718b-c977-485b-a524-d67b629a30d4', 'ba430d77-23af-4d01-8502-c84cc4f0eb77', 'COMPLETED', '2023-06-06 02:00:00');
INSERT INTO motorbike_bookings (id, motorbike_id, renter_id, owner_id, status, start_date, end_date, total_days, price_per_day, base_price, service_fee, taxes, total, deposit, include_insurance, has_helmet, has_raincoat, has_phone_holder, has_touring_package, created_at) VALUES ('12641997-f373-457f-bb42-86a046c5ba98', 'BIKE-2', 'B2C3D4E5-F6G7-8901-BCDE-234567890123', 'E5F6G7H8-I9J0-1234-EFGH-567890123456', 'COMPLETED', '2023-02-06', '2023-02-07', 1, 200000, 200000, 20000.0, 16000.0, 236000.0, 400000, 0, 0, 0, 0, 0, '2023-01-24 00:00:00');
INSERT INTO motorbike_booking_history (id, booking_id, status, changed_at) VALUES ('fd95e7a4-88c3-443c-aa8a-f1e1dd74221c', '12641997-f373-457f-bb42-86a046c5ba98', 'PENDING', '2023-01-24 00:00:00');
INSERT INTO motorbike_booking_history (id, booking_id, status, changed_at) VALUES ('d9da503c-9f10-4905-9659-527645da85db', '12641997-f373-457f-bb42-86a046c5ba98', 'COMPLETED', '2023-01-24 02:00:00');
INSERT INTO motorbike_bookings (id, motorbike_id, renter_id, owner_id, status, start_date, end_date, total_days, price_per_day, base_price, service_fee, taxes, total, deposit, include_insurance, has_helmet, has_raincoat, has_phone_holder, has_touring_package, created_at) VALUES ('93416bc7-3a27-456e-9da1-2d6dd5c104a0', 'BIKE-2', 'C3D4E5F6-G7H8-9012-CDEF-345678901234', 'E5F6G7H8-I9J0-1234-EFGH-567890123456', 'COMPLETED', '2024-04-09', '2024-04-10', 1, 200000, 200000, 20000.0, 16000.0, 236000.0, 400000, 0, 0, 0, 0, 0, '2024-04-06 00:00:00');
INSERT INTO motorbike_booking_history (id, booking_id, status, changed_at) VALUES ('c987871f-519d-4bbf-a92a-fcacd7115f16', '93416bc7-3a27-456e-9da1-2d6dd5c104a0', 'PENDING', '2024-04-06 00:00:00');
INSERT INTO motorbike_booking_history (id, booking_id, status, changed_at) VALUES ('a7f35549-32da-49f7-8b9e-d7cc4766ad61', '93416bc7-3a27-456e-9da1-2d6dd5c104a0', 'COMPLETED', '2024-04-06 02:00:00');
INSERT INTO motorbike_bookings (id, motorbike_id, renter_id, owner_id, status, start_date, end_date, total_days, price_per_day, base_price, service_fee, taxes, total, deposit, include_insurance, has_helmet, has_raincoat, has_phone_holder, has_touring_package, created_at) VALUES ('4f18cf52-024b-4359-a36a-86f317ab8dfb', 'BIKE-1', 'C3D4E5F6-G7H8-9012-CDEF-345678901234', 'E5F6G7H8-I9J0-1234-EFGH-567890123456', 'COMPLETED', '2023-09-16', '2023-09-25', 9, 150000, 1350000, 135000.0, 108000.0, 1593000.0, 300000, 0, 0, 0, 0, 0, '2023-09-03 00:00:00');
INSERT INTO motorbike_booking_history (id, booking_id, status, changed_at) VALUES ('0a677409-a1d8-4a38-b9a0-0db301e64a65', '4f18cf52-024b-4359-a36a-86f317ab8dfb', 'PENDING', '2023-09-03 00:00:00');
INSERT INTO motorbike_booking_history (id, booking_id, status, changed_at) VALUES ('15dbf91e-0116-44c0-8903-798c4f21d857', '4f18cf52-024b-4359-a36a-86f317ab8dfb', 'COMPLETED', '2023-09-03 02:00:00');
INSERT INTO motorbike_bookings (id, motorbike_id, renter_id, owner_id, status, start_date, end_date, total_days, price_per_day, base_price, service_fee, taxes, total, deposit, include_insurance, has_helmet, has_raincoat, has_phone_holder, has_touring_package, created_at) VALUES ('bd271b6d-6803-49f1-8a2c-0c66f9aaa2bd', 'BIKE-1', 'B2C3D4E5-F6G7-8901-BCDE-234567890123', 'E5F6G7H8-I9J0-1234-EFGH-567890123456', 'COMPLETED', '2024-05-27', '2024-06-06', 10, 150000, 1500000, 150000.0, 120000.0, 1770000.0, 300000, 0, 0, 0, 0, 0, '2024-05-23 00:00:00');
INSERT INTO motorbike_booking_history (id, booking_id, status, changed_at) VALUES ('70cf4bf0-a09d-4f17-addc-0b3844fdb30f', 'bd271b6d-6803-49f1-8a2c-0c66f9aaa2bd', 'PENDING', '2024-05-23 00:00:00');
INSERT INTO motorbike_booking_history (id, booking_id, status, changed_at) VALUES ('b2ec50d9-5a39-49fe-ac17-750cb1943f8f', 'bd271b6d-6803-49f1-8a2c-0c66f9aaa2bd', 'COMPLETED', '2024-05-23 02:00:00');
INSERT INTO motorbike_bookings (id, motorbike_id, renter_id, owner_id, status, start_date, end_date, total_days, price_per_day, base_price, service_fee, taxes, total, deposit, include_insurance, has_helmet, has_raincoat, has_phone_holder, has_touring_package, created_at) VALUES ('2b380e1f-1eab-4d8e-b458-a6808675fcf1', 'BIKE-2', 'C3D4E5F6-G7H8-9012-CDEF-345678901234', 'E5F6G7H8-I9J0-1234-EFGH-567890123456', 'CANCELLED', '2024-02-15', '2024-02-24', 9, 200000, 1800000, 180000.0, 144000.0, 2124000.0, 400000, 0, 0, 0, 0, 0, '2024-02-06 00:00:00');
INSERT INTO motorbike_booking_history (id, booking_id, status, changed_at) VALUES ('bd8aba92-9e04-409b-b0fb-b03ae4ff73ff', '2b380e1f-1eab-4d8e-b458-a6808675fcf1', 'PENDING', '2024-02-06 00:00:00');
INSERT INTO motorbike_booking_history (id, booking_id, status, changed_at) VALUES ('f5a9bc94-4507-41a7-a7b0-11c5af5cf44d', '2b380e1f-1eab-4d8e-b458-a6808675fcf1', 'CANCELLED', '2024-02-06 02:00:00');
INSERT INTO motorbike_bookings (id, motorbike_id, renter_id, owner_id, status, start_date, end_date, total_days, price_per_day, base_price, service_fee, taxes, total, deposit, include_insurance, has_helmet, has_raincoat, has_phone_holder, has_touring_package, created_at) VALUES ('7c59871b-c149-44f7-a3d8-2c12fb6cc13f', 'BIKE-1', 'D4E5F6G7-H8I9-0123-DEFG-456789012345', 'E5F6G7H8-I9J0-1234-EFGH-567890123456', 'COMPLETED', '2023-10-29', '2023-11-06', 8, 150000, 1200000, 120000.0, 96000.0, 1416000.0, 300000, 0, 0, 0, 0, 0, '2023-10-27 00:00:00');
INSERT INTO motorbike_booking_history (id, booking_id, status, changed_at) VALUES ('3376f7c9-8dd1-4653-b145-c4b82a34b0bd', '7c59871b-c149-44f7-a3d8-2c12fb6cc13f', 'PENDING', '2023-10-27 00:00:00');
INSERT INTO motorbike_booking_history (id, booking_id, status, changed_at) VALUES ('aed009c1-7bfe-46a2-aacd-4b7bdd792ab4', '7c59871b-c149-44f7-a3d8-2c12fb6cc13f', 'COMPLETED', '2023-10-27 02:00:00');
INSERT INTO motorbike_bookings (id, motorbike_id, renter_id, owner_id, status, start_date, end_date, total_days, price_per_day, base_price, service_fee, taxes, total, deposit, include_insurance, has_helmet, has_raincoat, has_phone_holder, has_touring_package, created_at) VALUES ('b000d5d4-41b3-4f73-b97a-9296aad9e6e5', 'BIKE-1', 'C3D4E5F6-G7H8-9012-CDEF-345678901234', 'E5F6G7H8-I9J0-1234-EFGH-567890123456', 'COMPLETED', '2024-02-24', '2024-02-26', 2, 150000, 300000, 30000.0, 24000.0, 354000.0, 300000, 0, 0, 0, 0, 0, '2024-02-20 00:00:00');
INSERT INTO motorbike_booking_history (id, booking_id, status, changed_at) VALUES ('7a952801-9351-4cf0-a9f4-eac5f8cd1cca', 'b000d5d4-41b3-4f73-b97a-9296aad9e6e5', 'PENDING', '2024-02-20 00:00:00');
INSERT INTO motorbike_booking_history (id, booking_id, status, changed_at) VALUES ('49ee20bd-4fb2-4988-bcb1-c48589065bad', 'b000d5d4-41b3-4f73-b97a-9296aad9e6e5', 'COMPLETED', '2024-02-20 02:00:00');
INSERT INTO motorbike_bookings (id, motorbike_id, renter_id, owner_id, status, start_date, end_date, total_days, price_per_day, base_price, service_fee, taxes, total, deposit, include_insurance, has_helmet, has_raincoat, has_phone_holder, has_touring_package, created_at) VALUES ('3328be4e-81ce-4c39-93fb-284379c2e0e6', 'BIKE-3', 'D4E5F6G7-H8I9-0123-DEFG-456789012345', 'E5F6G7H8-I9J0-1234-EFGH-567890123456', 'COMPLETED', '2023-01-13', '2023-01-19', 6, 120000, 720000, 72000.0, 57600.0, 849600.0, 240000, 0, 0, 0, 0, 0, '2022-12-31 00:00:00');
INSERT INTO motorbike_booking_history (id, booking_id, status, changed_at) VALUES ('c761c4b1-afd0-451b-9114-2f3de88a8f32', '3328be4e-81ce-4c39-93fb-284379c2e0e6', 'PENDING', '2022-12-31 00:00:00');
INSERT INTO motorbike_booking_history (id, booking_id, status, changed_at) VALUES ('59f540b2-1d44-4f43-92a3-2301bfc0b48b', '3328be4e-81ce-4c39-93fb-284379c2e0e6', 'COMPLETED', '2022-12-31 02:00:00');
INSERT INTO motorbike_bookings (id, motorbike_id, renter_id, owner_id, status, start_date, end_date, total_days, price_per_day, base_price, service_fee, taxes, total, deposit, include_insurance, has_helmet, has_raincoat, has_phone_holder, has_touring_package, created_at) VALUES ('1f1ae983-da43-43e1-bfcf-2812ca813e79', 'BIKE-2', 'C3D4E5F6-G7H8-9012-CDEF-345678901234', 'E5F6G7H8-I9J0-1234-EFGH-567890123456', 'COMPLETED', '2023-01-28', '2023-02-01', 4, 200000, 800000, 80000.0, 64000.0, 944000.0, 400000, 0, 0, 0, 0, 0, '2023-01-25 00:00:00');
INSERT INTO motorbike_booking_history (id, booking_id, status, changed_at) VALUES ('8e0f0988-2e63-4ae6-accf-38badfe47fd6', '1f1ae983-da43-43e1-bfcf-2812ca813e79', 'PENDING', '2023-01-25 00:00:00');
INSERT INTO motorbike_booking_history (id, booking_id, status, changed_at) VALUES ('07991042-8d1f-428b-bb69-b219ec805137', '1f1ae983-da43-43e1-bfcf-2812ca813e79', 'COMPLETED', '2023-01-25 02:00:00');
INSERT INTO motorbike_bookings (id, motorbike_id, renter_id, owner_id, status, start_date, end_date, total_days, price_per_day, base_price, service_fee, taxes, total, deposit, include_insurance, has_helmet, has_raincoat, has_phone_holder, has_touring_package, created_at) VALUES ('43fcddb3-0341-4651-9d0c-4e52754cdd6d', 'BIKE-2', 'B2C3D4E5-F6G7-8901-BCDE-234567890123', 'E5F6G7H8-I9J0-1234-EFGH-567890123456', 'CANCELLED', '2023-06-15', '2023-06-21', 6, 200000, 1200000, 120000.0, 96000.0, 1416000.0, 400000, 0, 0, 0, 0, 0, '2023-06-07 00:00:00');
INSERT INTO motorbike_booking_history (id, booking_id, status, changed_at) VALUES ('adcff83a-e0a1-47ef-bf23-887b10e16047', '43fcddb3-0341-4651-9d0c-4e52754cdd6d', 'PENDING', '2023-06-07 00:00:00');
INSERT INTO motorbike_booking_history (id, booking_id, status, changed_at) VALUES ('3b613908-b85c-47f4-bc77-2ab6405c4425', '43fcddb3-0341-4651-9d0c-4e52754cdd6d', 'CANCELLED', '2023-06-07 02:00:00');
INSERT INTO motorbike_bookings (id, motorbike_id, renter_id, owner_id, status, start_date, end_date, total_days, price_per_day, base_price, service_fee, taxes, total, deposit, include_insurance, has_helmet, has_raincoat, has_phone_holder, has_touring_package, created_at) VALUES ('018b81d6-dafd-4e18-b99a-c00dd71bd1c6', 'BIKE-1', 'B2C3D4E5-F6G7-8901-BCDE-234567890123', 'E5F6G7H8-I9J0-1234-EFGH-567890123456', 'COMPLETED', '2023-08-25', '2023-09-03', 9, 150000, 1350000, 135000.0, 108000.0, 1593000.0, 300000, 0, 0, 0, 0, 0, '2023-08-24 00:00:00');
INSERT INTO motorbike_booking_history (id, booking_id, status, changed_at) VALUES ('6c8392d1-ba82-4481-bd72-51a246993308', '018b81d6-dafd-4e18-b99a-c00dd71bd1c6', 'PENDING', '2023-08-24 00:00:00');
INSERT INTO motorbike_booking_history (id, booking_id, status, changed_at) VALUES ('45715cf0-fb60-42c2-9e2c-c9ff5882a968', '018b81d6-dafd-4e18-b99a-c00dd71bd1c6', 'COMPLETED', '2023-08-24 02:00:00');
INSERT INTO motorbike_bookings (id, motorbike_id, renter_id, owner_id, status, start_date, end_date, total_days, price_per_day, base_price, service_fee, taxes, total, deposit, include_insurance, has_helmet, has_raincoat, has_phone_holder, has_touring_package, created_at) VALUES ('20c12ebc-d6e1-4a7f-a23a-b55e2c1fb64c', 'BIKE-2', 'B2C3D4E5-F6G7-8901-BCDE-234567890123', 'E5F6G7H8-I9J0-1234-EFGH-567890123456', 'COMPLETED', '2024-05-27', '2024-06-03', 7, 200000, 1400000, 140000.0, 112000.0, 1652000.0, 400000, 0, 0, 0, 0, 0, '2024-05-22 00:00:00');
INSERT INTO motorbike_booking_history (id, booking_id, status, changed_at) VALUES ('fd338608-97c0-4fe1-82bd-623d3015e85f', '20c12ebc-d6e1-4a7f-a23a-b55e2c1fb64c', 'PENDING', '2024-05-22 00:00:00');
INSERT INTO motorbike_booking_history (id, booking_id, status, changed_at) VALUES ('e540419d-fb9b-49ba-8831-e4eb57c81704', '20c12ebc-d6e1-4a7f-a23a-b55e2c1fb64c', 'COMPLETED', '2024-05-22 02:00:00');
INSERT INTO motorbike_bookings (id, motorbike_id, renter_id, owner_id, status, start_date, end_date, total_days, price_per_day, base_price, service_fee, taxes, total, deposit, include_insurance, has_helmet, has_raincoat, has_phone_holder, has_touring_package, created_at) VALUES ('332d13af-053b-4209-87fc-f4964c3758fb', 'BIKE-3', 'B2C3D4E5-F6G7-8901-BCDE-234567890123', 'E5F6G7H8-I9J0-1234-EFGH-567890123456', 'COMPLETED', '2023-10-24', '2023-10-26', 2, 120000, 240000, 24000.0, 19200.0, 283200.0, 240000, 0, 0, 0, 0, 0, '2023-10-19 00:00:00');
INSERT INTO motorbike_booking_history (id, booking_id, status, changed_at) VALUES ('cb5cac37-47fa-4881-9513-2fb85fcf7606', '332d13af-053b-4209-87fc-f4964c3758fb', 'PENDING', '2023-10-19 00:00:00');
INSERT INTO motorbike_booking_history (id, booking_id, status, changed_at) VALUES ('39a933b6-4b12-4128-8d46-b84f59e32221', '332d13af-053b-4209-87fc-f4964c3758fb', 'COMPLETED', '2023-10-19 02:00:00');
INSERT INTO motorbike_bookings (id, motorbike_id, renter_id, owner_id, status, start_date, end_date, total_days, price_per_day, base_price, service_fee, taxes, total, deposit, include_insurance, has_helmet, has_raincoat, has_phone_holder, has_touring_package, created_at) VALUES ('4732db75-89c0-49b2-849d-a81b88c18484', 'BIKE-1', 'D4E5F6G7-H8I9-0123-DEFG-456789012345', 'E5F6G7H8-I9J0-1234-EFGH-567890123456', 'CANCELLED', '2023-08-09', '2023-08-12', 3, 150000, 450000, 45000.0, 36000.0, 531000.0, 300000, 0, 0, 0, 0, 0, '2023-08-02 00:00:00');
INSERT INTO motorbike_booking_history (id, booking_id, status, changed_at) VALUES ('c5e86d3e-4bde-4803-9aa9-29f6230ea0c2', '4732db75-89c0-49b2-849d-a81b88c18484', 'PENDING', '2023-08-02 00:00:00');
INSERT INTO motorbike_booking_history (id, booking_id, status, changed_at) VALUES ('29d7ee0d-98e1-49c1-9063-106eaa335faf', '4732db75-89c0-49b2-849d-a81b88c18484', 'CANCELLED', '2023-08-02 02:00:00');
INSERT INTO motorbike_bookings (id, motorbike_id, renter_id, owner_id, status, start_date, end_date, total_days, price_per_day, base_price, service_fee, taxes, total, deposit, include_insurance, has_helmet, has_raincoat, has_phone_holder, has_touring_package, created_at) VALUES ('2f2d6600-dcbd-4f89-b312-f977bf1c08be', 'BIKE-1', 'D4E5F6G7-H8I9-0123-DEFG-456789012345', 'E5F6G7H8-I9J0-1234-EFGH-567890123456', 'COMPLETED', '2024-02-25', '2024-03-01', 5, 150000, 750000, 75000.0, 60000.0, 885000.0, 300000, 0, 0, 0, 0, 0, '2024-02-24 00:00:00');
INSERT INTO motorbike_booking_history (id, booking_id, status, changed_at) VALUES ('a118c2bf-52c5-4f3c-ab4b-c1b3c9a595cf', '2f2d6600-dcbd-4f89-b312-f977bf1c08be', 'PENDING', '2024-02-24 00:00:00');
INSERT INTO motorbike_booking_history (id, booking_id, status, changed_at) VALUES ('e2fce4d2-2b39-4fad-9274-7f1f9b1021df', '2f2d6600-dcbd-4f89-b312-f977bf1c08be', 'COMPLETED', '2024-02-24 02:00:00');
INSERT INTO motorbike_bookings (id, motorbike_id, renter_id, owner_id, status, start_date, end_date, total_days, price_per_day, base_price, service_fee, taxes, total, deposit, include_insurance, has_helmet, has_raincoat, has_phone_holder, has_touring_package, created_at) VALUES ('7b4e9ad3-5d10-4371-8d9e-46e68b4010e2', 'BIKE-2', 'D4E5F6G7-H8I9-0123-DEFG-456789012345', 'E5F6G7H8-I9J0-1234-EFGH-567890123456', 'COMPLETED', '2024-03-13', '2024-03-23', 10, 200000, 2000000, 200000.0, 160000.0, 2360000.0, 400000, 0, 0, 0, 0, 0, '2024-03-03 00:00:00');
INSERT INTO motorbike_booking_history (id, booking_id, status, changed_at) VALUES ('c78822ef-c53a-4773-a135-c3d4bcc50754', '7b4e9ad3-5d10-4371-8d9e-46e68b4010e2', 'PENDING', '2024-03-03 00:00:00');
INSERT INTO motorbike_booking_history (id, booking_id, status, changed_at) VALUES ('1e351bdb-82e6-47c3-9e1a-85e1948b6406', '7b4e9ad3-5d10-4371-8d9e-46e68b4010e2', 'COMPLETED', '2024-03-03 02:00:00');
INSERT INTO motorbike_bookings (id, motorbike_id, renter_id, owner_id, status, start_date, end_date, total_days, price_per_day, base_price, service_fee, taxes, total, deposit, include_insurance, has_helmet, has_raincoat, has_phone_holder, has_touring_package, created_at) VALUES ('1ce037c5-5840-4d75-8893-3fd83123b7e0', 'BIKE-2', 'D4E5F6G7-H8I9-0123-DEFG-456789012345', 'E5F6G7H8-I9J0-1234-EFGH-567890123456', 'COMPLETED', '2023-11-21', '2023-12-01', 10, 200000, 2000000, 200000.0, 160000.0, 2360000.0, 400000, 0, 0, 0, 0, 0, '2023-11-15 00:00:00');
INSERT INTO motorbike_booking_history (id, booking_id, status, changed_at) VALUES ('925a3d46-deb1-4fe3-8fc9-2e786742c581', '1ce037c5-5840-4d75-8893-3fd83123b7e0', 'PENDING', '2023-11-15 00:00:00');
INSERT INTO motorbike_booking_history (id, booking_id, status, changed_at) VALUES ('c968603f-7ace-40fe-82c6-285f12169e24', '1ce037c5-5840-4d75-8893-3fd83123b7e0', 'COMPLETED', '2023-11-15 02:00:00');
INSERT INTO motorbike_bookings (id, motorbike_id, renter_id, owner_id, status, start_date, end_date, total_days, price_per_day, base_price, service_fee, taxes, total, deposit, include_insurance, has_helmet, has_raincoat, has_phone_holder, has_touring_package, created_at) VALUES ('091d5509-e8f3-4849-b161-53ead7a0c19d', 'BIKE-3', 'B2C3D4E5-F6G7-8901-BCDE-234567890123', 'E5F6G7H8-I9J0-1234-EFGH-567890123456', 'COMPLETED', '2023-05-17', '2023-05-21', 4, 120000, 480000, 48000.0, 38400.0, 566400.0, 240000, 0, 0, 0, 0, 0, '2023-05-05 00:00:00');
INSERT INTO motorbike_booking_history (id, booking_id, status, changed_at) VALUES ('3190c182-0fce-451b-8a9a-6c653d3a9519', '091d5509-e8f3-4849-b161-53ead7a0c19d', 'PENDING', '2023-05-05 00:00:00');
INSERT INTO motorbike_booking_history (id, booking_id, status, changed_at) VALUES ('8d949463-8c50-4e9d-881b-a6e3066a45b0', '091d5509-e8f3-4849-b161-53ead7a0c19d', 'COMPLETED', '2023-05-05 02:00:00');
INSERT INTO motorbike_bookings (id, motorbike_id, renter_id, owner_id, status, start_date, end_date, total_days, price_per_day, base_price, service_fee, taxes, total, deposit, include_insurance, has_helmet, has_raincoat, has_phone_holder, has_touring_package, created_at) VALUES ('1e372bc1-883b-4ed7-a0ad-e51327c98cdb', 'BIKE-3', 'C3D4E5F6-G7H8-9012-CDEF-345678901234', 'E5F6G7H8-I9J0-1234-EFGH-567890123456', 'COMPLETED', '2023-02-02', '2023-02-07', 5, 120000, 600000, 60000.0, 48000.0, 708000.0, 240000, 0, 0, 0, 0, 0, '2023-01-22 00:00:00');
INSERT INTO motorbike_booking_history (id, booking_id, status, changed_at) VALUES ('e3142e41-f251-4691-bf54-97a358b0eb4d', '1e372bc1-883b-4ed7-a0ad-e51327c98cdb', 'PENDING', '2023-01-22 00:00:00');
INSERT INTO motorbike_booking_history (id, booking_id, status, changed_at) VALUES ('1bac968b-c712-49fa-abe2-768376b3442b', '1e372bc1-883b-4ed7-a0ad-e51327c98cdb', 'COMPLETED', '2023-01-22 02:00:00');
INSERT INTO motorbike_bookings (id, motorbike_id, renter_id, owner_id, status, start_date, end_date, total_days, price_per_day, base_price, service_fee, taxes, total, deposit, include_insurance, has_helmet, has_raincoat, has_phone_holder, has_touring_package, created_at) VALUES ('1f9d94b6-24f8-49d0-a57b-f6a0db331dd9', 'BIKE-1', 'D4E5F6G7-H8I9-0123-DEFG-456789012345', 'E5F6G7H8-I9J0-1234-EFGH-567890123456', 'COMPLETED', '2024-05-19', '2024-05-24', 5, 150000, 750000, 75000.0, 60000.0, 885000.0, 300000, 0, 0, 0, 0, 0, '2024-05-11 00:00:00');
INSERT INTO motorbike_booking_history (id, booking_id, status, changed_at) VALUES ('b4b2f80d-f936-49c1-a17d-196cdfafd80f', '1f9d94b6-24f8-49d0-a57b-f6a0db331dd9', 'PENDING', '2024-05-11 00:00:00');
INSERT INTO motorbike_booking_history (id, booking_id, status, changed_at) VALUES ('68cbfc26-26a4-4838-98e5-5f59c5de13ad', '1f9d94b6-24f8-49d0-a57b-f6a0db331dd9', 'COMPLETED', '2024-05-11 02:00:00');
INSERT INTO motorbike_bookings (id, motorbike_id, renter_id, owner_id, status, start_date, end_date, total_days, price_per_day, base_price, service_fee, taxes, total, deposit, include_insurance, has_helmet, has_raincoat, has_phone_holder, has_touring_package, created_at) VALUES ('7daaaa18-a2cc-4202-b5f4-7a5741a484b8', 'BIKE-1', 'C3D4E5F6-G7H8-9012-CDEF-345678901234', 'E5F6G7H8-I9J0-1234-EFGH-567890123456', 'COMPLETED', '2023-03-12', '2023-03-20', 8, 150000, 1200000, 120000.0, 96000.0, 1416000.0, 300000, 0, 0, 0, 0, 0, '2023-03-09 00:00:00');
INSERT INTO motorbike_booking_history (id, booking_id, status, changed_at) VALUES ('0da0943e-9bb3-4e01-a56a-cdea6d8a4b97', '7daaaa18-a2cc-4202-b5f4-7a5741a484b8', 'PENDING', '2023-03-09 00:00:00');
INSERT INTO motorbike_booking_history (id, booking_id, status, changed_at) VALUES ('a72a6e48-e8de-4804-bae5-9c28a90bdc02', '7daaaa18-a2cc-4202-b5f4-7a5741a484b8', 'COMPLETED', '2023-03-09 02:00:00');
INSERT INTO motorbike_bookings (id, motorbike_id, renter_id, owner_id, status, start_date, end_date, total_days, price_per_day, base_price, service_fee, taxes, total, deposit, include_insurance, has_helmet, has_raincoat, has_phone_holder, has_touring_package, created_at) VALUES ('e32d3e18-a5a6-4474-b6f1-ed819cd3816e', 'BIKE-1', 'B2C3D4E5-F6G7-8901-BCDE-234567890123', 'E5F6G7H8-I9J0-1234-EFGH-567890123456', 'COMPLETED', '2023-06-27', '2023-07-05', 8, 150000, 1200000, 120000.0, 96000.0, 1416000.0, 300000, 0, 0, 0, 0, 0, '2023-06-14 00:00:00');
INSERT INTO motorbike_booking_history (id, booking_id, status, changed_at) VALUES ('d202635c-b16d-46d0-98fe-ac76db85fe19', 'e32d3e18-a5a6-4474-b6f1-ed819cd3816e', 'PENDING', '2023-06-14 00:00:00');
INSERT INTO motorbike_booking_history (id, booking_id, status, changed_at) VALUES ('9df4bd53-3e37-4855-aa0b-3370766babcb', 'e32d3e18-a5a6-4474-b6f1-ed819cd3816e', 'COMPLETED', '2023-06-14 02:00:00');
INSERT INTO motorbike_bookings (id, motorbike_id, renter_id, owner_id, status, start_date, end_date, total_days, price_per_day, base_price, service_fee, taxes, total, deposit, include_insurance, has_helmet, has_raincoat, has_phone_holder, has_touring_package, created_at) VALUES ('9d4ea802-7949-4499-83d7-a6514cdc98ac', 'BIKE-2', 'C3D4E5F6-G7H8-9012-CDEF-345678901234', 'E5F6G7H8-I9J0-1234-EFGH-567890123456', 'COMPLETED', '2023-01-02', '2023-01-04', 2, 200000, 400000, 40000.0, 32000.0, 472000.0, 400000, 0, 0, 0, 0, 0, '2022-12-26 00:00:00');
INSERT INTO motorbike_booking_history (id, booking_id, status, changed_at) VALUES ('958e8f6a-1ffc-4be3-a623-633a5bc22860', '9d4ea802-7949-4499-83d7-a6514cdc98ac', 'PENDING', '2022-12-26 00:00:00');
INSERT INTO motorbike_booking_history (id, booking_id, status, changed_at) VALUES ('c8da4936-e53d-4e8b-bfac-ed80cd34f5c2', '9d4ea802-7949-4499-83d7-a6514cdc98ac', 'COMPLETED', '2022-12-26 02:00:00');
INSERT INTO motorbike_bookings (id, motorbike_id, renter_id, owner_id, status, start_date, end_date, total_days, price_per_day, base_price, service_fee, taxes, total, deposit, include_insurance, has_helmet, has_raincoat, has_phone_holder, has_touring_package, created_at) VALUES ('ef17a35e-3ab9-4151-8af0-25baecf57ea6', 'BIKE-2', 'C3D4E5F6-G7H8-9012-CDEF-345678901234', 'E5F6G7H8-I9J0-1234-EFGH-567890123456', 'COMPLETED', '2023-10-30', '2023-11-05', 6, 200000, 1200000, 120000.0, 96000.0, 1416000.0, 400000, 0, 0, 0, 0, 0, '2023-10-19 00:00:00');
INSERT INTO motorbike_booking_history (id, booking_id, status, changed_at) VALUES ('43ebdb59-5e37-4ead-9c0e-614c304f2064', 'ef17a35e-3ab9-4151-8af0-25baecf57ea6', 'PENDING', '2023-10-19 00:00:00');
INSERT INTO motorbike_booking_history (id, booking_id, status, changed_at) VALUES ('c3942575-c3af-4b33-9d55-5383f1fcb182', 'ef17a35e-3ab9-4151-8af0-25baecf57ea6', 'COMPLETED', '2023-10-19 02:00:00');
INSERT INTO motorbike_bookings (id, motorbike_id, renter_id, owner_id, status, start_date, end_date, total_days, price_per_day, base_price, service_fee, taxes, total, deposit, include_insurance, has_helmet, has_raincoat, has_phone_holder, has_touring_package, created_at) VALUES ('dc695a2e-45d9-456c-b558-299403f5855b', 'BIKE-3', 'B2C3D4E5-F6G7-8901-BCDE-234567890123', 'E5F6G7H8-I9J0-1234-EFGH-567890123456', 'COMPLETED', '2024-03-11', '2024-03-21', 10, 120000, 1200000, 120000.0, 96000.0, 1416000.0, 240000, 0, 0, 0, 0, 0, '2024-03-04 00:00:00');
INSERT INTO motorbike_booking_history (id, booking_id, status, changed_at) VALUES ('be6992e0-9127-4e73-8d17-24c49b85065c', 'dc695a2e-45d9-456c-b558-299403f5855b', 'PENDING', '2024-03-04 00:00:00');
INSERT INTO motorbike_booking_history (id, booking_id, status, changed_at) VALUES ('ead711d9-b199-4c68-a138-893d5bf9aaed', 'dc695a2e-45d9-456c-b558-299403f5855b', 'COMPLETED', '2024-03-04 02:00:00');
INSERT INTO motorbike_bookings (id, motorbike_id, renter_id, owner_id, status, start_date, end_date, total_days, price_per_day, base_price, service_fee, taxes, total, deposit, include_insurance, has_helmet, has_raincoat, has_phone_holder, has_touring_package, created_at) VALUES ('3e1bbf66-e119-4815-b266-ae82a6ac7eed', 'BIKE-3', 'D4E5F6G7-H8I9-0123-DEFG-456789012345', 'E5F6G7H8-I9J0-1234-EFGH-567890123456', 'COMPLETED', '2023-11-09', '2023-11-13', 4, 120000, 480000, 48000.0, 38400.0, 566400.0, 240000, 0, 0, 0, 0, 0, '2023-11-07 00:00:00');
INSERT INTO motorbike_booking_history (id, booking_id, status, changed_at) VALUES ('78ac6c07-6cea-44a5-b1ee-71b6b140bebf', '3e1bbf66-e119-4815-b266-ae82a6ac7eed', 'PENDING', '2023-11-07 00:00:00');
INSERT INTO motorbike_booking_history (id, booking_id, status, changed_at) VALUES ('989b54de-3dac-4d8a-a201-a92a681b132b', '3e1bbf66-e119-4815-b266-ae82a6ac7eed', 'COMPLETED', '2023-11-07 02:00:00');
INSERT INTO motorbike_bookings (id, motorbike_id, renter_id, owner_id, status, start_date, end_date, total_days, price_per_day, base_price, service_fee, taxes, total, deposit, include_insurance, has_helmet, has_raincoat, has_phone_holder, has_touring_package, created_at) VALUES ('e7400b6a-5ab0-433c-a664-01baed903df1', 'BIKE-3', 'B2C3D4E5-F6G7-8901-BCDE-234567890123', 'E5F6G7H8-I9J0-1234-EFGH-567890123456', 'COMPLETED', '2023-12-13', '2023-12-15', 2, 120000, 240000, 24000.0, 19200.0, 283200.0, 240000, 0, 0, 0, 0, 0, '2023-12-01 00:00:00');
INSERT INTO motorbike_booking_history (id, booking_id, status, changed_at) VALUES ('28dee4f3-c5d6-4eaf-a2ce-4668f0c5acb5', 'e7400b6a-5ab0-433c-a664-01baed903df1', 'PENDING', '2023-12-01 00:00:00');
INSERT INTO motorbike_booking_history (id, booking_id, status, changed_at) VALUES ('5b8a8bb1-3241-4bb4-95db-8f76951392c1', 'e7400b6a-5ab0-433c-a664-01baed903df1', 'COMPLETED', '2023-12-01 02:00:00');
INSERT INTO motorbike_bookings (id, motorbike_id, renter_id, owner_id, status, start_date, end_date, total_days, price_per_day, base_price, service_fee, taxes, total, deposit, include_insurance, has_helmet, has_raincoat, has_phone_holder, has_touring_package, created_at) VALUES ('f801aef5-3a98-43d6-9c11-7a9a3b3aff09', 'BIKE-2', 'D4E5F6G7-H8I9-0123-DEFG-456789012345', 'E5F6G7H8-I9J0-1234-EFGH-567890123456', 'COMPLETED', '2023-02-24', '2023-03-03', 7, 200000, 1400000, 140000.0, 112000.0, 1652000.0, 400000, 0, 0, 0, 0, 0, '2023-02-17 00:00:00');
INSERT INTO motorbike_booking_history (id, booking_id, status, changed_at) VALUES ('99251fe6-127a-49a2-bd70-6e27645673e8', 'f801aef5-3a98-43d6-9c11-7a9a3b3aff09', 'PENDING', '2023-02-17 00:00:00');
INSERT INTO motorbike_booking_history (id, booking_id, status, changed_at) VALUES ('91253ce2-bf91-4b71-b086-919f014018d7', 'f801aef5-3a98-43d6-9c11-7a9a3b3aff09', 'COMPLETED', '2023-02-17 02:00:00');
INSERT INTO motorbike_bookings (id, motorbike_id, renter_id, owner_id, status, start_date, end_date, total_days, price_per_day, base_price, service_fee, taxes, total, deposit, include_insurance, has_helmet, has_raincoat, has_phone_holder, has_touring_package, created_at) VALUES ('df0ede21-9b86-4d1e-9cff-de878499e8e2', 'BIKE-3', 'D4E5F6G7-H8I9-0123-DEFG-456789012345', 'E5F6G7H8-I9J0-1234-EFGH-567890123456', 'CANCELLED', '2024-01-30', '2024-02-02', 3, 120000, 360000, 36000.0, 28800.0, 424800.0, 240000, 0, 0, 0, 0, 0, '2024-01-23 00:00:00');
INSERT INTO motorbike_booking_history (id, booking_id, status, changed_at) VALUES ('cdb76444-6200-4a78-acf6-908ac49de962', 'df0ede21-9b86-4d1e-9cff-de878499e8e2', 'PENDING', '2024-01-23 00:00:00');
INSERT INTO motorbike_booking_history (id, booking_id, status, changed_at) VALUES ('c383589b-882a-4fbc-bea7-7c616d09c5dd', 'df0ede21-9b86-4d1e-9cff-de878499e8e2', 'CANCELLED', '2024-01-23 02:00:00');
INSERT INTO motorbike_bookings (id, motorbike_id, renter_id, owner_id, status, start_date, end_date, total_days, price_per_day, base_price, service_fee, taxes, total, deposit, include_insurance, has_helmet, has_raincoat, has_phone_holder, has_touring_package, created_at) VALUES ('f4966533-fc1f-4b6d-9020-3465db417948', 'BIKE-2', 'B2C3D4E5-F6G7-8901-BCDE-234567890123', 'E5F6G7H8-I9J0-1234-EFGH-567890123456', 'COMPLETED', '2023-09-07', '2023-09-08', 1, 200000, 200000, 20000.0, 16000.0, 236000.0, 400000, 0, 0, 0, 0, 0, '2023-09-02 00:00:00');
INSERT INTO motorbike_booking_history (id, booking_id, status, changed_at) VALUES ('64fce95b-6ae1-443b-83ff-8d3ce4541114', 'f4966533-fc1f-4b6d-9020-3465db417948', 'PENDING', '2023-09-02 00:00:00');
INSERT INTO motorbike_booking_history (id, booking_id, status, changed_at) VALUES ('9c942a79-2d4a-44b9-b6ea-1b71fcbe03be', 'f4966533-fc1f-4b6d-9020-3465db417948', 'COMPLETED', '2023-09-02 02:00:00');
INSERT INTO motorbike_bookings (id, motorbike_id, renter_id, owner_id, status, start_date, end_date, total_days, price_per_day, base_price, service_fee, taxes, total, deposit, include_insurance, has_helmet, has_raincoat, has_phone_holder, has_touring_package, created_at) VALUES ('8f36a647-e9b5-45d0-bcac-d0f7c3bc20d1', 'BIKE-3', 'B2C3D4E5-F6G7-8901-BCDE-234567890123', 'E5F6G7H8-I9J0-1234-EFGH-567890123456', 'COMPLETED', '2024-05-02', '2024-05-08', 6, 120000, 720000, 72000.0, 57600.0, 849600.0, 240000, 0, 0, 0, 0, 0, '2024-04-29 00:00:00');
INSERT INTO motorbike_booking_history (id, booking_id, status, changed_at) VALUES ('83a46cd4-0750-4a2c-8695-bede3e7cd19b', '8f36a647-e9b5-45d0-bcac-d0f7c3bc20d1', 'PENDING', '2024-04-29 00:00:00');
INSERT INTO motorbike_booking_history (id, booking_id, status, changed_at) VALUES ('92ecc39d-05e1-424e-a67d-cc4f1cc47da7', '8f36a647-e9b5-45d0-bcac-d0f7c3bc20d1', 'COMPLETED', '2024-04-29 02:00:00');
INSERT INTO motorbike_bookings (id, motorbike_id, renter_id, owner_id, status, start_date, end_date, total_days, price_per_day, base_price, service_fee, taxes, total, deposit, include_insurance, has_helmet, has_raincoat, has_phone_holder, has_touring_package, created_at) VALUES ('4f17de7c-996c-40be-860c-7ce8176d88f1', 'BIKE-1', 'C3D4E5F6-G7H8-9012-CDEF-345678901234', 'E5F6G7H8-I9J0-1234-EFGH-567890123456', 'COMPLETED', '2023-10-20', '2023-10-27', 7, 150000, 1050000, 105000.0, 84000.0, 1239000.0, 300000, 0, 0, 0, 0, 0, '2023-10-09 00:00:00');
INSERT INTO motorbike_booking_history (id, booking_id, status, changed_at) VALUES ('bb8e4fee-8e85-49ed-8271-af7aa18b3240', '4f17de7c-996c-40be-860c-7ce8176d88f1', 'PENDING', '2023-10-09 00:00:00');
INSERT INTO motorbike_booking_history (id, booking_id, status, changed_at) VALUES ('020b406f-7069-4910-a675-03a7af91f95a', '4f17de7c-996c-40be-860c-7ce8176d88f1', 'COMPLETED', '2023-10-09 02:00:00');
INSERT INTO motorbike_bookings (id, motorbike_id, renter_id, owner_id, status, start_date, end_date, total_days, price_per_day, base_price, service_fee, taxes, total, deposit, include_insurance, has_helmet, has_raincoat, has_phone_holder, has_touring_package, created_at) VALUES ('8f4d0c68-c112-41ec-b6bf-06edc8814139', 'BIKE-2', 'D4E5F6G7-H8I9-0123-DEFG-456789012345', 'E5F6G7H8-I9J0-1234-EFGH-567890123456', 'CANCELLED', '2023-09-20', '2023-09-21', 1, 200000, 200000, 20000.0, 16000.0, 236000.0, 400000, 0, 0, 0, 0, 0, '2023-09-11 00:00:00');
INSERT INTO motorbike_booking_history (id, booking_id, status, changed_at) VALUES ('50f239cb-2d8c-43a9-a4de-f44746ba8960', '8f4d0c68-c112-41ec-b6bf-06edc8814139', 'PENDING', '2023-09-11 00:00:00');
INSERT INTO motorbike_booking_history (id, booking_id, status, changed_at) VALUES ('c8cdd042-390e-4502-9188-f15f95fe6bd0', '8f4d0c68-c112-41ec-b6bf-06edc8814139', 'CANCELLED', '2023-09-11 02:00:00');
INSERT INTO motorbike_bookings (id, motorbike_id, renter_id, owner_id, status, start_date, end_date, total_days, price_per_day, base_price, service_fee, taxes, total, deposit, include_insurance, has_helmet, has_raincoat, has_phone_holder, has_touring_package, created_at) VALUES ('00e2c3e0-9f52-4e43-a8a8-15a411f9b3a8', 'BIKE-1', 'C3D4E5F6-G7H8-9012-CDEF-345678901234', 'E5F6G7H8-I9J0-1234-EFGH-567890123456', 'COMPLETED', '2023-11-25', '2023-12-05', 10, 150000, 1500000, 150000.0, 120000.0, 1770000.0, 300000, 0, 0, 0, 0, 0, '2023-11-15 00:00:00');
INSERT INTO motorbike_booking_history (id, booking_id, status, changed_at) VALUES ('57226020-f1c6-47a2-a587-95d473d90927', '00e2c3e0-9f52-4e43-a8a8-15a411f9b3a8', 'PENDING', '2023-11-15 00:00:00');
INSERT INTO motorbike_booking_history (id, booking_id, status, changed_at) VALUES ('8651c690-15f2-4831-9e2e-891e235c92a1', '00e2c3e0-9f52-4e43-a8a8-15a411f9b3a8', 'COMPLETED', '2023-11-15 02:00:00');
INSERT INTO motorbike_bookings (id, motorbike_id, renter_id, owner_id, status, start_date, end_date, total_days, price_per_day, base_price, service_fee, taxes, total, deposit, include_insurance, has_helmet, has_raincoat, has_phone_holder, has_touring_package, created_at) VALUES ('4bfcf03d-1a47-46fb-9f6e-42bdb119c705', 'BIKE-1', 'B2C3D4E5-F6G7-8901-BCDE-234567890123', 'E5F6G7H8-I9J0-1234-EFGH-567890123456', 'COMPLETED', '2023-05-20', '2023-05-24', 4, 150000, 600000, 60000.0, 48000.0, 708000.0, 300000, 0, 0, 0, 0, 0, '2023-05-09 00:00:00');
INSERT INTO motorbike_booking_history (id, booking_id, status, changed_at) VALUES ('1d61f292-75f1-4e39-a923-64e5d47bec64', '4bfcf03d-1a47-46fb-9f6e-42bdb119c705', 'PENDING', '2023-05-09 00:00:00');
INSERT INTO motorbike_booking_history (id, booking_id, status, changed_at) VALUES ('a5face22-854f-4fe9-963a-8b01fdde1353', '4bfcf03d-1a47-46fb-9f6e-42bdb119c705', 'COMPLETED', '2023-05-09 02:00:00');
INSERT INTO motorbike_bookings (id, motorbike_id, renter_id, owner_id, status, start_date, end_date, total_days, price_per_day, base_price, service_fee, taxes, total, deposit, include_insurance, has_helmet, has_raincoat, has_phone_holder, has_touring_package, created_at) VALUES ('5c726e9a-c450-4742-982b-95105f3d4d72', 'BIKE-1', 'B2C3D4E5-F6G7-8901-BCDE-234567890123', 'E5F6G7H8-I9J0-1234-EFGH-567890123456', 'COMPLETED', '2023-05-03', '2023-05-08', 5, 150000, 750000, 75000.0, 60000.0, 885000.0, 300000, 0, 0, 0, 0, 0, '2023-04-26 00:00:00');
INSERT INTO motorbike_booking_history (id, booking_id, status, changed_at) VALUES ('b04b060f-101e-4774-96dc-70f732ccddbf', '5c726e9a-c450-4742-982b-95105f3d4d72', 'PENDING', '2023-04-26 00:00:00');
INSERT INTO motorbike_booking_history (id, booking_id, status, changed_at) VALUES ('92f3ea22-8dd7-4517-89dc-4f3e654ff0e5', '5c726e9a-c450-4742-982b-95105f3d4d72', 'COMPLETED', '2023-04-26 02:00:00');
INSERT INTO motorbike_bookings (id, motorbike_id, renter_id, owner_id, status, start_date, end_date, total_days, price_per_day, base_price, service_fee, taxes, total, deposit, include_insurance, has_helmet, has_raincoat, has_phone_holder, has_touring_package, created_at) VALUES ('6dcda8af-18dd-43b8-a034-20c15fb72201', 'BIKE-3', 'C3D4E5F6-G7H8-9012-CDEF-345678901234', 'E5F6G7H8-I9J0-1234-EFGH-567890123456', 'COMPLETED', '2023-04-09', '2023-04-12', 3, 120000, 360000, 36000.0, 28800.0, 424800.0, 240000, 0, 0, 0, 0, 0, '2023-03-27 00:00:00');
INSERT INTO motorbike_booking_history (id, booking_id, status, changed_at) VALUES ('559cc5e1-1f92-4d2a-8074-6136548a716b', '6dcda8af-18dd-43b8-a034-20c15fb72201', 'PENDING', '2023-03-27 00:00:00');
INSERT INTO motorbike_booking_history (id, booking_id, status, changed_at) VALUES ('c61b2489-fc76-4092-80d3-8c157a55b699', '6dcda8af-18dd-43b8-a034-20c15fb72201', 'COMPLETED', '2023-03-27 02:00:00');
INSERT INTO motorbike_bookings (id, motorbike_id, renter_id, owner_id, status, start_date, end_date, total_days, price_per_day, base_price, service_fee, taxes, total, deposit, include_insurance, has_helmet, has_raincoat, has_phone_holder, has_touring_package, created_at) VALUES ('f9bd8b01-3874-4c3d-bcdd-2bfb20c39ce6', 'BIKE-2', 'D4E5F6G7-H8I9-0123-DEFG-456789012345', 'E5F6G7H8-I9J0-1234-EFGH-567890123456', 'COMPLETED', '2024-01-28', '2024-02-06', 9, 200000, 1800000, 180000.0, 144000.0, 2124000.0, 400000, 0, 0, 0, 0, 0, '2024-01-22 00:00:00');
INSERT INTO motorbike_booking_history (id, booking_id, status, changed_at) VALUES ('e43b6e98-0b22-4221-b008-897f582e92b5', 'f9bd8b01-3874-4c3d-bcdd-2bfb20c39ce6', 'PENDING', '2024-01-22 00:00:00');
INSERT INTO motorbike_booking_history (id, booking_id, status, changed_at) VALUES ('3fbcd6fd-683e-4bcc-8903-6b55babfb323', 'f9bd8b01-3874-4c3d-bcdd-2bfb20c39ce6', 'COMPLETED', '2024-01-22 02:00:00');
INSERT INTO motorbike_bookings (id, motorbike_id, renter_id, owner_id, status, start_date, end_date, total_days, price_per_day, base_price, service_fee, taxes, total, deposit, include_insurance, has_helmet, has_raincoat, has_phone_holder, has_touring_package, created_at) VALUES ('f930cf8c-2f1e-44c4-9e45-f3677dad9671', 'BIKE-2', 'B2C3D4E5-F6G7-8901-BCDE-234567890123', 'E5F6G7H8-I9J0-1234-EFGH-567890123456', 'COMPLETED', '2023-11-26', '2023-11-30', 4, 200000, 800000, 80000.0, 64000.0, 944000.0, 400000, 0, 0, 0, 0, 0, '2023-11-16 00:00:00');
INSERT INTO motorbike_booking_history (id, booking_id, status, changed_at) VALUES ('c7edd49a-21dc-4256-892b-bd674992be7a', 'f930cf8c-2f1e-44c4-9e45-f3677dad9671', 'PENDING', '2023-11-16 00:00:00');
INSERT INTO motorbike_booking_history (id, booking_id, status, changed_at) VALUES ('ecd7df2c-9ac3-4d9d-8213-63bfd143da56', 'f930cf8c-2f1e-44c4-9e45-f3677dad9671', 'COMPLETED', '2023-11-16 02:00:00');
INSERT INTO motorbike_bookings (id, motorbike_id, renter_id, owner_id, status, start_date, end_date, total_days, price_per_day, base_price, service_fee, taxes, total, deposit, include_insurance, has_helmet, has_raincoat, has_phone_holder, has_touring_package, created_at) VALUES ('ae882130-6083-4b20-87dc-02c10bcce708', 'BIKE-3', 'D4E5F6G7-H8I9-0123-DEFG-456789012345', 'E5F6G7H8-I9J0-1234-EFGH-567890123456', 'CANCELLED', '2023-08-09', '2023-08-16', 7, 120000, 840000, 84000.0, 67200.0, 991200.0, 240000, 0, 0, 0, 0, 0, '2023-07-28 00:00:00');
INSERT INTO motorbike_booking_history (id, booking_id, status, changed_at) VALUES ('8ac22d28-130a-44cc-9a01-223a2e2b625b', 'ae882130-6083-4b20-87dc-02c10bcce708', 'PENDING', '2023-07-28 00:00:00');
INSERT INTO motorbike_booking_history (id, booking_id, status, changed_at) VALUES ('6eb37720-3dfe-492d-af55-6569d6026c9c', 'ae882130-6083-4b20-87dc-02c10bcce708', 'CANCELLED', '2023-07-28 02:00:00');
INSERT INTO motorbike_bookings (id, motorbike_id, renter_id, owner_id, status, start_date, end_date, total_days, price_per_day, base_price, service_fee, taxes, total, deposit, include_insurance, has_helmet, has_raincoat, has_phone_holder, has_touring_package, created_at) VALUES ('3c782b56-14ef-450f-9a51-8e9d918269f0', 'BIKE-2', 'D4E5F6G7-H8I9-0123-DEFG-456789012345', 'E5F6G7H8-I9J0-1234-EFGH-567890123456', 'CANCELLED', '2023-11-08', '2023-11-14', 6, 200000, 1200000, 120000.0, 96000.0, 1416000.0, 400000, 0, 0, 0, 0, 0, '2023-11-06 00:00:00');
INSERT INTO motorbike_booking_history (id, booking_id, status, changed_at) VALUES ('886cafdd-e342-425c-9432-72b81a9e25e5', '3c782b56-14ef-450f-9a51-8e9d918269f0', 'PENDING', '2023-11-06 00:00:00');
INSERT INTO motorbike_booking_history (id, booking_id, status, changed_at) VALUES ('a2914995-b39e-4e89-892a-4872547c32b7', '3c782b56-14ef-450f-9a51-8e9d918269f0', 'CANCELLED', '2023-11-06 02:00:00');
INSERT INTO motorbike_bookings (id, motorbike_id, renter_id, owner_id, status, start_date, end_date, total_days, price_per_day, base_price, service_fee, taxes, total, deposit, include_insurance, has_helmet, has_raincoat, has_phone_holder, has_touring_package, created_at) VALUES ('60ba31b9-44d1-4740-9a01-a0198df568aa', 'BIKE-1', 'C3D4E5F6-G7H8-9012-CDEF-345678901234', 'E5F6G7H8-I9J0-1234-EFGH-567890123456', 'COMPLETED', '2023-03-31', '2023-04-08', 8, 150000, 1200000, 120000.0, 96000.0, 1416000.0, 300000, 0, 0, 0, 0, 0, '2023-03-20 00:00:00');
INSERT INTO motorbike_booking_history (id, booking_id, status, changed_at) VALUES ('2bfdbcad-2d47-45ee-bc39-3dcc8505be5e', '60ba31b9-44d1-4740-9a01-a0198df568aa', 'PENDING', '2023-03-20 00:00:00');
INSERT INTO motorbike_booking_history (id, booking_id, status, changed_at) VALUES ('31aa9961-a08b-4bcb-a2b8-f14907b9f31a', '60ba31b9-44d1-4740-9a01-a0198df568aa', 'COMPLETED', '2023-03-20 02:00:00');
INSERT INTO motorbike_bookings (id, motorbike_id, renter_id, owner_id, status, start_date, end_date, total_days, price_per_day, base_price, service_fee, taxes, total, deposit, include_insurance, has_helmet, has_raincoat, has_phone_holder, has_touring_package, created_at) VALUES ('19133398-b262-4971-8147-dbbb8f782b9e', 'BIKE-2', 'B2C3D4E5-F6G7-8901-BCDE-234567890123', 'E5F6G7H8-I9J0-1234-EFGH-567890123456', 'COMPLETED', '2023-08-11', '2023-08-14', 3, 200000, 600000, 60000.0, 48000.0, 708000.0, 400000, 0, 0, 0, 0, 0, '2023-08-03 00:00:00');
INSERT INTO motorbike_booking_history (id, booking_id, status, changed_at) VALUES ('ae2f82ae-1d35-4503-94e6-89a53578346c', '19133398-b262-4971-8147-dbbb8f782b9e', 'PENDING', '2023-08-03 00:00:00');
INSERT INTO motorbike_booking_history (id, booking_id, status, changed_at) VALUES ('22dccd38-c30b-49d1-8597-fbc1b76d52d1', '19133398-b262-4971-8147-dbbb8f782b9e', 'COMPLETED', '2023-08-03 02:00:00');
INSERT INTO motorbike_bookings (id, motorbike_id, renter_id, owner_id, status, start_date, end_date, total_days, price_per_day, base_price, service_fee, taxes, total, deposit, include_insurance, has_helmet, has_raincoat, has_phone_holder, has_touring_package, created_at) VALUES ('27a5c8f2-3cfe-411a-894a-351b935af82b', 'BIKE-3', 'D4E5F6G7-H8I9-0123-DEFG-456789012345', 'E5F6G7H8-I9J0-1234-EFGH-567890123456', 'COMPLETED', '2023-04-16', '2023-04-18', 2, 120000, 240000, 24000.0, 19200.0, 283200.0, 240000, 0, 0, 0, 0, 0, '2023-04-06 00:00:00');
INSERT INTO motorbike_booking_history (id, booking_id, status, changed_at) VALUES ('bceaf9d8-221f-4869-89ba-2f2df60052b5', '27a5c8f2-3cfe-411a-894a-351b935af82b', 'PENDING', '2023-04-06 00:00:00');
INSERT INTO motorbike_booking_history (id, booking_id, status, changed_at) VALUES ('bfac2906-e0b5-4c2d-b177-7742ecd661ff', '27a5c8f2-3cfe-411a-894a-351b935af82b', 'COMPLETED', '2023-04-06 02:00:00');
INSERT INTO motorbike_bookings (id, motorbike_id, renter_id, owner_id, status, start_date, end_date, total_days, price_per_day, base_price, service_fee, taxes, total, deposit, include_insurance, has_helmet, has_raincoat, has_phone_holder, has_touring_package, created_at) VALUES ('2b5a5d0d-be4e-42d4-b08d-e2a2488deac3', 'BIKE-2', 'D4E5F6G7-H8I9-0123-DEFG-456789012345', 'E5F6G7H8-I9J0-1234-EFGH-567890123456', 'COMPLETED', '2023-12-10', '2023-12-13', 3, 200000, 600000, 60000.0, 48000.0, 708000.0, 400000, 0, 0, 0, 0, 0, '2023-11-26 00:00:00');
INSERT INTO motorbike_booking_history (id, booking_id, status, changed_at) VALUES ('762e3a7b-195f-48bb-a4e5-de0d4ae774b7', '2b5a5d0d-be4e-42d4-b08d-e2a2488deac3', 'PENDING', '2023-11-26 00:00:00');
INSERT INTO motorbike_booking_history (id, booking_id, status, changed_at) VALUES ('26703f84-50f9-4548-9d84-f53be3ca0964', '2b5a5d0d-be4e-42d4-b08d-e2a2488deac3', 'COMPLETED', '2023-11-26 02:00:00');
INSERT INTO motorbike_bookings (id, motorbike_id, renter_id, owner_id, status, start_date, end_date, total_days, price_per_day, base_price, service_fee, taxes, total, deposit, include_insurance, has_helmet, has_raincoat, has_phone_holder, has_touring_package, created_at) VALUES ('7cae5c84-25be-4d7e-9f25-02b4b2c2161a', 'BIKE-3', 'C3D4E5F6-G7H8-9012-CDEF-345678901234', 'E5F6G7H8-I9J0-1234-EFGH-567890123456', 'COMPLETED', '2023-08-16', '2023-08-19', 3, 120000, 360000, 36000.0, 28800.0, 424800.0, 240000, 0, 0, 0, 0, 0, '2023-08-03 00:00:00');
INSERT INTO motorbike_booking_history (id, booking_id, status, changed_at) VALUES ('3552a572-90b3-4a63-8949-c38f093ae726', '7cae5c84-25be-4d7e-9f25-02b4b2c2161a', 'PENDING', '2023-08-03 00:00:00');
INSERT INTO motorbike_booking_history (id, booking_id, status, changed_at) VALUES ('c301d1f9-57d5-404a-bbdd-6c14335014c4', '7cae5c84-25be-4d7e-9f25-02b4b2c2161a', 'COMPLETED', '2023-08-03 02:00:00');
INSERT INTO motorbike_bookings (id, motorbike_id, renter_id, owner_id, status, start_date, end_date, total_days, price_per_day, base_price, service_fee, taxes, total, deposit, include_insurance, has_helmet, has_raincoat, has_phone_holder, has_touring_package, created_at) VALUES ('c34015f4-5e04-4563-ae81-a80d48eee378', 'BIKE-1', 'B2C3D4E5-F6G7-8901-BCDE-234567890123', 'E5F6G7H8-I9J0-1234-EFGH-567890123456', 'CANCELLED', '2024-01-04', '2024-01-07', 3, 150000, 450000, 45000.0, 36000.0, 531000.0, 300000, 0, 0, 0, 0, 0, '2023-12-22 00:00:00');
INSERT INTO motorbike_booking_history (id, booking_id, status, changed_at) VALUES ('e86aea16-2364-4fc2-b44c-bd20ec9d88e7', 'c34015f4-5e04-4563-ae81-a80d48eee378', 'PENDING', '2023-12-22 00:00:00');
INSERT INTO motorbike_booking_history (id, booking_id, status, changed_at) VALUES ('7a0f8227-44e7-4499-8984-7b90aa97dce0', 'c34015f4-5e04-4563-ae81-a80d48eee378', 'CANCELLED', '2023-12-22 02:00:00');
INSERT INTO motorbike_bookings (id, motorbike_id, renter_id, owner_id, status, start_date, end_date, total_days, price_per_day, base_price, service_fee, taxes, total, deposit, include_insurance, has_helmet, has_raincoat, has_phone_holder, has_touring_package, created_at) VALUES ('a29ac3d8-edf9-4359-9d35-fc3e267df6f0', 'BIKE-1', 'D4E5F6G7-H8I9-0123-DEFG-456789012345', 'E5F6G7H8-I9J0-1234-EFGH-567890123456', 'COMPLETED', '2023-07-12', '2023-07-22', 10, 150000, 1500000, 150000.0, 120000.0, 1770000.0, 300000, 0, 0, 0, 0, 0, '2023-06-29 00:00:00');
INSERT INTO motorbike_booking_history (id, booking_id, status, changed_at) VALUES ('2cc6f96c-4694-499e-a916-d487b0304b46', 'a29ac3d8-edf9-4359-9d35-fc3e267df6f0', 'PENDING', '2023-06-29 00:00:00');
INSERT INTO motorbike_booking_history (id, booking_id, status, changed_at) VALUES ('ade5bdb1-312f-4443-9841-927f45284ee1', 'a29ac3d8-edf9-4359-9d35-fc3e267df6f0', 'COMPLETED', '2023-06-29 02:00:00');
INSERT INTO motorbike_bookings (id, motorbike_id, renter_id, owner_id, status, start_date, end_date, total_days, price_per_day, base_price, service_fee, taxes, total, deposit, include_insurance, has_helmet, has_raincoat, has_phone_holder, has_touring_package, created_at) VALUES ('a4056cdf-9859-40f8-860b-414bc0f9bdd3', 'BIKE-3', 'C3D4E5F6-G7H8-9012-CDEF-345678901234', 'E5F6G7H8-I9J0-1234-EFGH-567890123456', 'COMPLETED', '2023-01-29', '2023-02-01', 3, 120000, 360000, 36000.0, 28800.0, 424800.0, 240000, 0, 0, 0, 0, 0, '2023-01-28 00:00:00');
INSERT INTO motorbike_booking_history (id, booking_id, status, changed_at) VALUES ('c4a943fd-246f-43ed-af71-d4014a6091e4', 'a4056cdf-9859-40f8-860b-414bc0f9bdd3', 'PENDING', '2023-01-28 00:00:00');
INSERT INTO motorbike_booking_history (id, booking_id, status, changed_at) VALUES ('9a00421c-fed8-4ae8-9d97-75bef9d2d991', 'a4056cdf-9859-40f8-860b-414bc0f9bdd3', 'COMPLETED', '2023-01-28 02:00:00');
INSERT INTO motorbike_bookings (id, motorbike_id, renter_id, owner_id, status, start_date, end_date, total_days, price_per_day, base_price, service_fee, taxes, total, deposit, include_insurance, has_helmet, has_raincoat, has_phone_holder, has_touring_package, created_at) VALUES ('e6c1ad27-44da-4016-9e9b-4d05dc43e734', 'BIKE-2', 'D4E5F6G7-H8I9-0123-DEFG-456789012345', 'E5F6G7H8-I9J0-1234-EFGH-567890123456', 'COMPLETED', '2023-09-08', '2023-09-11', 3, 200000, 600000, 60000.0, 48000.0, 708000.0, 400000, 0, 0, 0, 0, 0, '2023-09-07 00:00:00');
INSERT INTO motorbike_booking_history (id, booking_id, status, changed_at) VALUES ('5ac939e2-4ad3-4104-8747-bf5a51daa23a', 'e6c1ad27-44da-4016-9e9b-4d05dc43e734', 'PENDING', '2023-09-07 00:00:00');
INSERT INTO motorbike_booking_history (id, booking_id, status, changed_at) VALUES ('73418f43-3d3e-4087-b419-778d21e52df4', 'e6c1ad27-44da-4016-9e9b-4d05dc43e734', 'COMPLETED', '2023-09-07 02:00:00');
INSERT INTO motorbike_bookings (id, motorbike_id, renter_id, owner_id, status, start_date, end_date, total_days, price_per_day, base_price, service_fee, taxes, total, deposit, include_insurance, has_helmet, has_raincoat, has_phone_holder, has_touring_package, created_at) VALUES ('47589773-193d-433e-a5c9-58a2e0a2086b', 'BIKE-1', 'B2C3D4E5-F6G7-8901-BCDE-234567890123', 'E5F6G7H8-I9J0-1234-EFGH-567890123456', 'CANCELLED', '2023-11-03', '2023-11-04', 1, 150000, 150000, 15000.0, 12000.0, 177000.0, 300000, 0, 0, 0, 0, 0, '2023-10-25 00:00:00');
INSERT INTO motorbike_booking_history (id, booking_id, status, changed_at) VALUES ('3929d567-cdd2-47ce-b3f9-0049dc08c5c0', '47589773-193d-433e-a5c9-58a2e0a2086b', 'PENDING', '2023-10-25 00:00:00');
INSERT INTO motorbike_booking_history (id, booking_id, status, changed_at) VALUES ('9cb16e43-5869-4a66-a358-3c7cf07b5715', '47589773-193d-433e-a5c9-58a2e0a2086b', 'CANCELLED', '2023-10-25 02:00:00');
INSERT INTO motorbike_bookings (id, motorbike_id, renter_id, owner_id, status, start_date, end_date, total_days, price_per_day, base_price, service_fee, taxes, total, deposit, include_insurance, has_helmet, has_raincoat, has_phone_holder, has_touring_package, created_at) VALUES ('9cbee3f3-01a6-49d5-a872-e9be603cd628', 'BIKE-3', 'B2C3D4E5-F6G7-8901-BCDE-234567890123', 'E5F6G7H8-I9J0-1234-EFGH-567890123456', 'COMPLETED', '2023-01-07', '2023-01-08', 1, 120000, 120000, 12000.0, 9600.0, 141600.0, 240000, 0, 0, 0, 0, 0, '2022-12-29 00:00:00');
INSERT INTO motorbike_booking_history (id, booking_id, status, changed_at) VALUES ('84ddbd0b-c9d6-43a0-a79b-c103c8dda594', '9cbee3f3-01a6-49d5-a872-e9be603cd628', 'PENDING', '2022-12-29 00:00:00');
INSERT INTO motorbike_booking_history (id, booking_id, status, changed_at) VALUES ('9288dbfa-2d22-4de9-8b02-ef3c6daa8cdc', '9cbee3f3-01a6-49d5-a872-e9be603cd628', 'COMPLETED', '2022-12-29 02:00:00');
INSERT INTO motorbike_bookings (id, motorbike_id, renter_id, owner_id, status, start_date, end_date, total_days, price_per_day, base_price, service_fee, taxes, total, deposit, include_insurance, has_helmet, has_raincoat, has_phone_holder, has_touring_package, created_at) VALUES ('a0e1d61e-b161-466d-b560-f3b27d5b02db', 'BIKE-2', 'C3D4E5F6-G7H8-9012-CDEF-345678901234', 'E5F6G7H8-I9J0-1234-EFGH-567890123456', 'COMPLETED', '2023-01-21', '2023-01-31', 10, 200000, 2000000, 200000.0, 160000.0, 2360000.0, 400000, 0, 0, 0, 0, 0, '2023-01-07 00:00:00');
INSERT INTO motorbike_booking_history (id, booking_id, status, changed_at) VALUES ('4b5ed86e-b209-4961-8e4e-ef943d846416', 'a0e1d61e-b161-466d-b560-f3b27d5b02db', 'PENDING', '2023-01-07 00:00:00');
INSERT INTO motorbike_booking_history (id, booking_id, status, changed_at) VALUES ('defa7d69-f9ec-4fe4-8c16-e9049755cb87', 'a0e1d61e-b161-466d-b560-f3b27d5b02db', 'COMPLETED', '2023-01-07 02:00:00');
INSERT INTO motorbike_bookings (id, motorbike_id, renter_id, owner_id, status, start_date, end_date, total_days, price_per_day, base_price, service_fee, taxes, total, deposit, include_insurance, has_helmet, has_raincoat, has_phone_holder, has_touring_package, created_at) VALUES ('7cd13fef-3e14-41c1-a69e-19f426a737ac', 'BIKE-3', 'B2C3D4E5-F6G7-8901-BCDE-234567890123', 'E5F6G7H8-I9J0-1234-EFGH-567890123456', 'COMPLETED', '2024-03-26', '2024-03-31', 5, 120000, 600000, 60000.0, 48000.0, 708000.0, 240000, 0, 0, 0, 0, 0, '2024-03-18 00:00:00');
INSERT INTO motorbike_booking_history (id, booking_id, status, changed_at) VALUES ('04fbbf6f-5108-42d3-b013-8f0ed70457f2', '7cd13fef-3e14-41c1-a69e-19f426a737ac', 'PENDING', '2024-03-18 00:00:00');
INSERT INTO motorbike_booking_history (id, booking_id, status, changed_at) VALUES ('6d6136e6-07cb-46fe-bb2e-23d29dee55c0', '7cd13fef-3e14-41c1-a69e-19f426a737ac', 'COMPLETED', '2024-03-18 02:00:00');
INSERT INTO motorbike_bookings (id, motorbike_id, renter_id, owner_id, status, start_date, end_date, total_days, price_per_day, base_price, service_fee, taxes, total, deposit, include_insurance, has_helmet, has_raincoat, has_phone_holder, has_touring_package, created_at) VALUES ('f8205a9b-1f38-4fa6-b406-cdce5889d208', 'BIKE-1', 'B2C3D4E5-F6G7-8901-BCDE-234567890123', 'E5F6G7H8-I9J0-1234-EFGH-567890123456', 'COMPLETED', '2023-05-22', '2023-05-28', 6, 150000, 900000, 90000.0, 72000.0, 1062000.0, 300000, 0, 0, 0, 0, 0, '2023-05-10 00:00:00');
INSERT INTO motorbike_booking_history (id, booking_id, status, changed_at) VALUES ('deabb562-798d-4782-992c-0d2728a322a2', 'f8205a9b-1f38-4fa6-b406-cdce5889d208', 'PENDING', '2023-05-10 00:00:00');
INSERT INTO motorbike_booking_history (id, booking_id, status, changed_at) VALUES ('13503b51-9749-415c-820c-8fb4c72bb8d1', 'f8205a9b-1f38-4fa6-b406-cdce5889d208', 'COMPLETED', '2023-05-10 02:00:00');
INSERT INTO motorbike_bookings (id, motorbike_id, renter_id, owner_id, status, start_date, end_date, total_days, price_per_day, base_price, service_fee, taxes, total, deposit, include_insurance, has_helmet, has_raincoat, has_phone_holder, has_touring_package, created_at) VALUES ('8dc4eee7-e91e-4071-a536-e7ab927af3a5', 'BIKE-3', 'D4E5F6G7-H8I9-0123-DEFG-456789012345', 'E5F6G7H8-I9J0-1234-EFGH-567890123456', 'CANCELLED', '2023-08-21', '2023-08-26', 5, 120000, 600000, 60000.0, 48000.0, 708000.0, 240000, 0, 0, 0, 0, 0, '2023-08-11 00:00:00');
INSERT INTO motorbike_booking_history (id, booking_id, status, changed_at) VALUES ('7e58247e-4990-4c31-9086-2e88f5a4188a', '8dc4eee7-e91e-4071-a536-e7ab927af3a5', 'PENDING', '2023-08-11 00:00:00');
INSERT INTO motorbike_booking_history (id, booking_id, status, changed_at) VALUES ('6724d861-0b2f-4e70-bb9e-8dc468575ca4', '8dc4eee7-e91e-4071-a536-e7ab927af3a5', 'CANCELLED', '2023-08-11 02:00:00');
INSERT INTO motorbike_bookings (id, motorbike_id, renter_id, owner_id, status, start_date, end_date, total_days, price_per_day, base_price, service_fee, taxes, total, deposit, include_insurance, has_helmet, has_raincoat, has_phone_holder, has_touring_package, created_at) VALUES ('eee4e09b-a4d5-4747-af73-a3b3e6f10a37', 'BIKE-2', 'C3D4E5F6-G7H8-9012-CDEF-345678901234', 'E5F6G7H8-I9J0-1234-EFGH-567890123456', 'COMPLETED', '2024-02-04', '2024-02-07', 3, 200000, 600000, 60000.0, 48000.0, 708000.0, 400000, 0, 0, 0, 0, 0, '2024-01-23 00:00:00');
INSERT INTO motorbike_booking_history (id, booking_id, status, changed_at) VALUES ('dcd0b9bc-ab42-4653-b9d3-07c79176c659', 'eee4e09b-a4d5-4747-af73-a3b3e6f10a37', 'PENDING', '2024-01-23 00:00:00');
INSERT INTO motorbike_booking_history (id, booking_id, status, changed_at) VALUES ('6270c775-4461-4f43-9689-3c0309c259e7', 'eee4e09b-a4d5-4747-af73-a3b3e6f10a37', 'COMPLETED', '2024-01-23 02:00:00');
INSERT INTO motorbike_bookings (id, motorbike_id, renter_id, owner_id, status, start_date, end_date, total_days, price_per_day, base_price, service_fee, taxes, total, deposit, include_insurance, has_helmet, has_raincoat, has_phone_holder, has_touring_package, created_at) VALUES ('37c8fcbd-e015-406a-b61b-701fef803818', 'BIKE-3', 'C3D4E5F6-G7H8-9012-CDEF-345678901234', 'E5F6G7H8-I9J0-1234-EFGH-567890123456', 'COMPLETED', '2023-02-20', '2023-02-28', 8, 120000, 960000, 96000.0, 76800.0, 1132800.0, 240000, 0, 0, 0, 0, 0, '2023-02-18 00:00:00');
INSERT INTO motorbike_booking_history (id, booking_id, status, changed_at) VALUES ('cd89696f-8334-43c4-ba4a-897e7bda35ad', '37c8fcbd-e015-406a-b61b-701fef803818', 'PENDING', '2023-02-18 00:00:00');
INSERT INTO motorbike_booking_history (id, booking_id, status, changed_at) VALUES ('38cc0ac1-8e85-4423-879b-a85db83e9c8f', '37c8fcbd-e015-406a-b61b-701fef803818', 'COMPLETED', '2023-02-18 02:00:00');
INSERT INTO motorbike_bookings (id, motorbike_id, renter_id, owner_id, status, start_date, end_date, total_days, price_per_day, base_price, service_fee, taxes, total, deposit, include_insurance, has_helmet, has_raincoat, has_phone_holder, has_touring_package, created_at) VALUES ('9210b7a0-a083-4640-b4ac-0f3da079b59d', 'BIKE-2', 'B2C3D4E5-F6G7-8901-BCDE-234567890123', 'E5F6G7H8-I9J0-1234-EFGH-567890123456', 'CANCELLED', '2023-04-18', '2023-04-19', 1, 200000, 200000, 20000.0, 16000.0, 236000.0, 400000, 0, 0, 0, 0, 0, '2023-04-15 00:00:00');
INSERT INTO motorbike_booking_history (id, booking_id, status, changed_at) VALUES ('608d2271-094c-4db7-957f-f7e47be11258', '9210b7a0-a083-4640-b4ac-0f3da079b59d', 'PENDING', '2023-04-15 00:00:00');
INSERT INTO motorbike_booking_history (id, booking_id, status, changed_at) VALUES ('64d2b91c-3051-40c3-a9bd-803f5b304922', '9210b7a0-a083-4640-b4ac-0f3da079b59d', 'CANCELLED', '2023-04-15 02:00:00');
INSERT INTO motorbike_bookings (id, motorbike_id, renter_id, owner_id, status, start_date, end_date, total_days, price_per_day, base_price, service_fee, taxes, total, deposit, include_insurance, has_helmet, has_raincoat, has_phone_holder, has_touring_package, created_at) VALUES ('ac86729f-b41f-4747-9df6-b1bf9b5c36f9', 'BIKE-2', 'C3D4E5F6-G7H8-9012-CDEF-345678901234', 'E5F6G7H8-I9J0-1234-EFGH-567890123456', 'COMPLETED', '2024-04-15', '2024-04-17', 2, 200000, 400000, 40000.0, 32000.0, 472000.0, 400000, 0, 0, 0, 0, 0, '2024-04-12 00:00:00');
INSERT INTO motorbike_booking_history (id, booking_id, status, changed_at) VALUES ('410c17a0-d8e8-4e20-8950-52df098037ad', 'ac86729f-b41f-4747-9df6-b1bf9b5c36f9', 'PENDING', '2024-04-12 00:00:00');
INSERT INTO motorbike_booking_history (id, booking_id, status, changed_at) VALUES ('38e86dcc-154e-442f-a03b-1038ab206b2d', 'ac86729f-b41f-4747-9df6-b1bf9b5c36f9', 'COMPLETED', '2024-04-12 02:00:00');
INSERT INTO motorbike_bookings (id, motorbike_id, renter_id, owner_id, status, start_date, end_date, total_days, price_per_day, base_price, service_fee, taxes, total, deposit, include_insurance, has_helmet, has_raincoat, has_phone_holder, has_touring_package, created_at) VALUES ('13a1e514-1024-472a-a06c-f30dae87bb81', 'BIKE-3', 'B2C3D4E5-F6G7-8901-BCDE-234567890123', 'E5F6G7H8-I9J0-1234-EFGH-567890123456', 'COMPLETED', '2023-06-11', '2023-06-19', 8, 120000, 960000, 96000.0, 76800.0, 1132800.0, 240000, 0, 0, 0, 0, 0, '2023-05-29 00:00:00');
INSERT INTO motorbike_booking_history (id, booking_id, status, changed_at) VALUES ('35dd76a6-4be8-4210-a74e-c2d526794942', '13a1e514-1024-472a-a06c-f30dae87bb81', 'PENDING', '2023-05-29 00:00:00');
INSERT INTO motorbike_booking_history (id, booking_id, status, changed_at) VALUES ('81518ade-3260-46cb-8721-e2e80c9b5ceb', '13a1e514-1024-472a-a06c-f30dae87bb81', 'COMPLETED', '2023-05-29 02:00:00');
INSERT INTO motorbike_bookings (id, motorbike_id, renter_id, owner_id, status, start_date, end_date, total_days, price_per_day, base_price, service_fee, taxes, total, deposit, include_insurance, has_helmet, has_raincoat, has_phone_holder, has_touring_package, created_at) VALUES ('2cfbc58b-90fa-4566-a246-6058bfeda675', 'BIKE-3', 'B2C3D4E5-F6G7-8901-BCDE-234567890123', 'E5F6G7H8-I9J0-1234-EFGH-567890123456', 'COMPLETED', '2024-03-11', '2024-03-12', 1, 120000, 120000, 12000.0, 9600.0, 141600.0, 240000, 0, 0, 0, 0, 0, '2024-02-29 00:00:00');
INSERT INTO motorbike_booking_history (id, booking_id, status, changed_at) VALUES ('72bcdc91-f305-4219-b19f-2eb1f662a764', '2cfbc58b-90fa-4566-a246-6058bfeda675', 'PENDING', '2024-02-29 00:00:00');
INSERT INTO motorbike_booking_history (id, booking_id, status, changed_at) VALUES ('207e187b-4ebb-4113-97f5-eec7f4a9dc04', '2cfbc58b-90fa-4566-a246-6058bfeda675', 'COMPLETED', '2024-02-29 02:00:00');
INSERT INTO motorbike_bookings (id, motorbike_id, renter_id, owner_id, status, start_date, end_date, total_days, price_per_day, base_price, service_fee, taxes, total, deposit, include_insurance, has_helmet, has_raincoat, has_phone_holder, has_touring_package, created_at) VALUES ('1cc89d7d-0d5b-459e-9494-fda1b8a1d53a', 'BIKE-1', 'D4E5F6G7-H8I9-0123-DEFG-456789012345', 'E5F6G7H8-I9J0-1234-EFGH-567890123456', 'CANCELLED', '2024-03-10', '2024-03-20', 10, 150000, 1500000, 150000.0, 120000.0, 1770000.0, 300000, 0, 0, 0, 0, 0, '2024-03-07 00:00:00');
INSERT INTO motorbike_booking_history (id, booking_id, status, changed_at) VALUES ('19456a07-3179-49c4-a358-60decc466ad4', '1cc89d7d-0d5b-459e-9494-fda1b8a1d53a', 'PENDING', '2024-03-07 00:00:00');
INSERT INTO motorbike_booking_history (id, booking_id, status, changed_at) VALUES ('966e3a59-eb84-4a14-bc1c-6ade60b42eeb', '1cc89d7d-0d5b-459e-9494-fda1b8a1d53a', 'CANCELLED', '2024-03-07 02:00:00');
INSERT INTO motorbike_bookings (id, motorbike_id, renter_id, owner_id, status, start_date, end_date, total_days, price_per_day, base_price, service_fee, taxes, total, deposit, include_insurance, has_helmet, has_raincoat, has_phone_holder, has_touring_package, created_at) VALUES ('0ec3c078-d72e-45bc-880b-b82f63a7b1b3', 'BIKE-1', 'C3D4E5F6-G7H8-9012-CDEF-345678901234', 'E5F6G7H8-I9J0-1234-EFGH-567890123456', 'COMPLETED', '2023-05-30', '2023-06-02', 3, 150000, 450000, 45000.0, 36000.0, 531000.0, 300000, 0, 0, 0, 0, 0, '2023-05-22 00:00:00');
INSERT INTO motorbike_booking_history (id, booking_id, status, changed_at) VALUES ('9ab2b016-473b-4b26-9717-2a266c5babf1', '0ec3c078-d72e-45bc-880b-b82f63a7b1b3', 'PENDING', '2023-05-22 00:00:00');
INSERT INTO motorbike_booking_history (id, booking_id, status, changed_at) VALUES ('c9bb2b5d-1427-4819-a665-48892cea3a8b', '0ec3c078-d72e-45bc-880b-b82f63a7b1b3', 'COMPLETED', '2023-05-22 02:00:00');
INSERT INTO motorbike_bookings (id, motorbike_id, renter_id, owner_id, status, start_date, end_date, total_days, price_per_day, base_price, service_fee, taxes, total, deposit, include_insurance, has_helmet, has_raincoat, has_phone_holder, has_touring_package, created_at) VALUES ('6fa32063-e3a4-4c4c-9f20-23a79b007bf9', 'BIKE-3', 'D4E5F6G7-H8I9-0123-DEFG-456789012345', 'E5F6G7H8-I9J0-1234-EFGH-567890123456', 'COMPLETED', '2023-09-04', '2023-09-09', 5, 120000, 600000, 60000.0, 48000.0, 708000.0, 240000, 0, 0, 0, 0, 0, '2023-08-29 00:00:00');
INSERT INTO motorbike_booking_history (id, booking_id, status, changed_at) VALUES ('3d364dca-670f-4efb-a963-33d60ae4ae30', '6fa32063-e3a4-4c4c-9f20-23a79b007bf9', 'PENDING', '2023-08-29 00:00:00');
INSERT INTO motorbike_booking_history (id, booking_id, status, changed_at) VALUES ('cceac20a-b071-466d-982f-7a178a23052d', '6fa32063-e3a4-4c4c-9f20-23a79b007bf9', 'COMPLETED', '2023-08-29 02:00:00');
INSERT INTO motorbike_bookings (id, motorbike_id, renter_id, owner_id, status, start_date, end_date, total_days, price_per_day, base_price, service_fee, taxes, total, deposit, include_insurance, has_helmet, has_raincoat, has_phone_holder, has_touring_package, created_at) VALUES ('de70ba26-586b-4a2c-ac82-676a7790fd55', 'BIKE-2', 'C3D4E5F6-G7H8-9012-CDEF-345678901234', 'E5F6G7H8-I9J0-1234-EFGH-567890123456', 'COMPLETED', '2024-04-30', '2024-05-04', 4, 200000, 800000, 80000.0, 64000.0, 944000.0, 400000, 0, 0, 0, 0, 0, '2024-04-21 00:00:00');
INSERT INTO motorbike_booking_history (id, booking_id, status, changed_at) VALUES ('a0848f44-4183-4a38-8537-4b6d497c93cf', 'de70ba26-586b-4a2c-ac82-676a7790fd55', 'PENDING', '2024-04-21 00:00:00');
INSERT INTO motorbike_booking_history (id, booking_id, status, changed_at) VALUES ('1e95bd31-3f4f-4518-a029-bdc451e7280e', 'de70ba26-586b-4a2c-ac82-676a7790fd55', 'COMPLETED', '2024-04-21 02:00:00');
INSERT INTO motorbike_bookings (id, motorbike_id, renter_id, owner_id, status, start_date, end_date, total_days, price_per_day, base_price, service_fee, taxes, total, deposit, include_insurance, has_helmet, has_raincoat, has_phone_holder, has_touring_package, created_at) VALUES ('c9a7e7c2-1746-45b1-b55b-4bbe50853090', 'BIKE-1', 'C3D4E5F6-G7H8-9012-CDEF-345678901234', 'E5F6G7H8-I9J0-1234-EFGH-567890123456', 'COMPLETED', '2023-02-05', '2023-02-12', 7, 150000, 1050000, 105000.0, 84000.0, 1239000.0, 300000, 0, 0, 0, 0, 0, '2023-02-03 00:00:00');
INSERT INTO motorbike_booking_history (id, booking_id, status, changed_at) VALUES ('c99b6cc2-386e-4d2d-84fd-2ca598aeab33', 'c9a7e7c2-1746-45b1-b55b-4bbe50853090', 'PENDING', '2023-02-03 00:00:00');
INSERT INTO motorbike_booking_history (id, booking_id, status, changed_at) VALUES ('c6fea4eb-8b95-434e-8e1e-a48f90c06f59', 'c9a7e7c2-1746-45b1-b55b-4bbe50853090', 'COMPLETED', '2023-02-03 02:00:00');
INSERT INTO motorbike_bookings (id, motorbike_id, renter_id, owner_id, status, start_date, end_date, total_days, price_per_day, base_price, service_fee, taxes, total, deposit, include_insurance, has_helmet, has_raincoat, has_phone_holder, has_touring_package, created_at) VALUES ('97f556af-f3a7-4f6f-8ef6-5316eb3d90d6', 'BIKE-1', 'D4E5F6G7-H8I9-0123-DEFG-456789012345', 'E5F6G7H8-I9J0-1234-EFGH-567890123456', 'CANCELLED', '2024-04-12', '2024-04-17', 5, 150000, 750000, 75000.0, 60000.0, 885000.0, 300000, 0, 0, 0, 0, 0, '2024-04-04 00:00:00');
INSERT INTO motorbike_booking_history (id, booking_id, status, changed_at) VALUES ('7c499c3c-52a4-4bf7-b7ab-467f6da29931', '97f556af-f3a7-4f6f-8ef6-5316eb3d90d6', 'PENDING', '2024-04-04 00:00:00');
INSERT INTO motorbike_booking_history (id, booking_id, status, changed_at) VALUES ('03246bf8-02dc-40f8-9739-d6cf4bba9066', '97f556af-f3a7-4f6f-8ef6-5316eb3d90d6', 'CANCELLED', '2024-04-04 02:00:00');
INSERT INTO motorbike_bookings (id, motorbike_id, renter_id, owner_id, status, start_date, end_date, total_days, price_per_day, base_price, service_fee, taxes, total, deposit, include_insurance, has_helmet, has_raincoat, has_phone_holder, has_touring_package, created_at) VALUES ('88d35c82-7dcf-489e-a5f2-ffaff1010871', 'BIKE-3', 'B2C3D4E5-F6G7-8901-BCDE-234567890123', 'E5F6G7H8-I9J0-1234-EFGH-567890123456', 'COMPLETED', '2024-04-17', '2024-04-23', 6, 120000, 720000, 72000.0, 57600.0, 849600.0, 240000, 0, 0, 0, 0, 0, '2024-04-13 00:00:00');
INSERT INTO motorbike_booking_history (id, booking_id, status, changed_at) VALUES ('d0b9f40a-6ada-4ea5-bc40-fc20f0d64ca3', '88d35c82-7dcf-489e-a5f2-ffaff1010871', 'PENDING', '2024-04-13 00:00:00');
INSERT INTO motorbike_booking_history (id, booking_id, status, changed_at) VALUES ('f7013745-8bba-4fb0-bb31-302de5fe7527', '88d35c82-7dcf-489e-a5f2-ffaff1010871', 'COMPLETED', '2024-04-13 02:00:00');
INSERT INTO motorbike_bookings (id, motorbike_id, renter_id, owner_id, status, start_date, end_date, total_days, price_per_day, base_price, service_fee, taxes, total, deposit, include_insurance, has_helmet, has_raincoat, has_phone_holder, has_touring_package, created_at) VALUES ('4d2c4c2d-a2c0-4f74-9bc5-9f5a31305e24', 'BIKE-2', 'C3D4E5F6-G7H8-9012-CDEF-345678901234', 'E5F6G7H8-I9J0-1234-EFGH-567890123456', 'COMPLETED', '2024-03-31', '2024-04-02', 2, 200000, 400000, 40000.0, 32000.0, 472000.0, 400000, 0, 0, 0, 0, 0, '2024-03-20 00:00:00');
INSERT INTO motorbike_booking_history (id, booking_id, status, changed_at) VALUES ('c1391599-4b0d-4acb-a965-ecfa6af63106', '4d2c4c2d-a2c0-4f74-9bc5-9f5a31305e24', 'PENDING', '2024-03-20 00:00:00');
INSERT INTO motorbike_booking_history (id, booking_id, status, changed_at) VALUES ('06050552-d352-457b-a5bb-6e1651010b2f', '4d2c4c2d-a2c0-4f74-9bc5-9f5a31305e24', 'COMPLETED', '2024-03-20 02:00:00');
INSERT INTO motorbike_bookings (id, motorbike_id, renter_id, owner_id, status, start_date, end_date, total_days, price_per_day, base_price, service_fee, taxes, total, deposit, include_insurance, has_helmet, has_raincoat, has_phone_holder, has_touring_package, created_at) VALUES ('83fce12c-fa93-470d-8db6-9bf2985b0fd8', 'BIKE-3', 'D4E5F6G7-H8I9-0123-DEFG-456789012345', 'E5F6G7H8-I9J0-1234-EFGH-567890123456', 'COMPLETED', '2023-06-24', '2023-06-26', 2, 120000, 240000, 24000.0, 19200.0, 283200.0, 240000, 0, 0, 0, 0, 0, '2023-06-22 00:00:00');
INSERT INTO motorbike_booking_history (id, booking_id, status, changed_at) VALUES ('85ebc73a-2b12-4c28-8ce6-398568e6305f', '83fce12c-fa93-470d-8db6-9bf2985b0fd8', 'PENDING', '2023-06-22 00:00:00');
INSERT INTO motorbike_booking_history (id, booking_id, status, changed_at) VALUES ('b1271d5d-f50e-456f-a431-bce3f8710d1a', '83fce12c-fa93-470d-8db6-9bf2985b0fd8', 'COMPLETED', '2023-06-22 02:00:00');
INSERT INTO motorbike_bookings (id, motorbike_id, renter_id, owner_id, status, start_date, end_date, total_days, price_per_day, base_price, service_fee, taxes, total, deposit, include_insurance, has_helmet, has_raincoat, has_phone_holder, has_touring_package, created_at) VALUES ('258714bb-6d12-4fa7-9380-4973e58ccbf7', 'BIKE-2', 'D4E5F6G7-H8I9-0123-DEFG-456789012345', 'E5F6G7H8-I9J0-1234-EFGH-567890123456', 'CANCELLED', '2023-04-04', '2023-04-14', 10, 200000, 2000000, 200000.0, 160000.0, 2360000.0, 400000, 0, 0, 0, 0, 0, '2023-03-25 00:00:00');
INSERT INTO motorbike_booking_history (id, booking_id, status, changed_at) VALUES ('b89136f6-7a84-4dff-a321-6e82d7ee20c2', '258714bb-6d12-4fa7-9380-4973e58ccbf7', 'PENDING', '2023-03-25 00:00:00');
INSERT INTO motorbike_booking_history (id, booking_id, status, changed_at) VALUES ('eec90ab9-4c61-4c7b-a501-871171674ea1', '258714bb-6d12-4fa7-9380-4973e58ccbf7', 'CANCELLED', '2023-03-25 02:00:00');
INSERT INTO motorbike_bookings (id, motorbike_id, renter_id, owner_id, status, start_date, end_date, total_days, price_per_day, base_price, service_fee, taxes, total, deposit, include_insurance, has_helmet, has_raincoat, has_phone_holder, has_touring_package, created_at) VALUES ('292f0523-cc75-4538-a20a-fd5c3ae0a7f4', 'BIKE-3', 'B2C3D4E5-F6G7-8901-BCDE-234567890123', 'E5F6G7H8-I9J0-1234-EFGH-567890123456', 'COMPLETED', '2023-05-06', '2023-05-16', 10, 120000, 1200000, 120000.0, 96000.0, 1416000.0, 240000, 0, 0, 0, 0, 0, '2023-04-28 00:00:00');
INSERT INTO motorbike_booking_history (id, booking_id, status, changed_at) VALUES ('c49525b0-ad69-4fb1-b66c-687038094af3', '292f0523-cc75-4538-a20a-fd5c3ae0a7f4', 'PENDING', '2023-04-28 00:00:00');
INSERT INTO motorbike_booking_history (id, booking_id, status, changed_at) VALUES ('dfef99ae-d974-4119-be93-84e5ec5e3f57', '292f0523-cc75-4538-a20a-fd5c3ae0a7f4', 'COMPLETED', '2023-04-28 02:00:00');
INSERT INTO motorbike_bookings (id, motorbike_id, renter_id, owner_id, status, start_date, end_date, total_days, price_per_day, base_price, service_fee, taxes, total, deposit, include_insurance, has_helmet, has_raincoat, has_phone_holder, has_touring_package, created_at) VALUES ('88e8ffc2-58bb-4e70-8393-adb33f734dba', 'BIKE-2', 'B2C3D4E5-F6G7-8901-BCDE-234567890123', 'E5F6G7H8-I9J0-1234-EFGH-567890123456', 'COMPLETED', '2023-05-14', '2023-05-17', 3, 200000, 600000, 60000.0, 48000.0, 708000.0, 400000, 0, 0, 0, 0, 0, '2023-05-09 00:00:00');
INSERT INTO motorbike_booking_history (id, booking_id, status, changed_at) VALUES ('dc282848-aaba-454f-a70a-922a6fb9b396', '88e8ffc2-58bb-4e70-8393-adb33f734dba', 'PENDING', '2023-05-09 00:00:00');
INSERT INTO motorbike_booking_history (id, booking_id, status, changed_at) VALUES ('844025c8-6816-4b92-9494-e4f4308fd1b6', '88e8ffc2-58bb-4e70-8393-adb33f734dba', 'COMPLETED', '2023-05-09 02:00:00');
INSERT INTO motorbike_bookings (id, motorbike_id, renter_id, owner_id, status, start_date, end_date, total_days, price_per_day, base_price, service_fee, taxes, total, deposit, include_insurance, has_helmet, has_raincoat, has_phone_holder, has_touring_package, created_at) VALUES ('c7937c3e-dc73-4153-9a5e-f41917c60ee7', 'BIKE-3', 'D4E5F6G7-H8I9-0123-DEFG-456789012345', 'E5F6G7H8-I9J0-1234-EFGH-567890123456', 'COMPLETED', '2023-11-11', '2023-11-17', 6, 120000, 720000, 72000.0, 57600.0, 849600.0, 240000, 0, 0, 0, 0, 0, '2023-10-29 00:00:00');
INSERT INTO motorbike_booking_history (id, booking_id, status, changed_at) VALUES ('d02ef97d-bf86-44be-81b6-fa2e9753d545', 'c7937c3e-dc73-4153-9a5e-f41917c60ee7', 'PENDING', '2023-10-29 00:00:00');
INSERT INTO motorbike_booking_history (id, booking_id, status, changed_at) VALUES ('be92f4e6-3b86-40d5-b343-4f635e32d652', 'c7937c3e-dc73-4153-9a5e-f41917c60ee7', 'COMPLETED', '2023-10-29 02:00:00');
INSERT INTO motorbike_bookings (id, motorbike_id, renter_id, owner_id, status, start_date, end_date, total_days, price_per_day, base_price, service_fee, taxes, total, deposit, include_insurance, has_helmet, has_raincoat, has_phone_holder, has_touring_package, created_at) VALUES ('b3628841-6333-4289-a6b5-ed8b74029106', 'BIKE-1', 'D4E5F6G7-H8I9-0123-DEFG-456789012345', 'E5F6G7H8-I9J0-1234-EFGH-567890123456', 'COMPLETED', '2023-04-06', '2023-04-14', 8, 150000, 1200000, 120000.0, 96000.0, 1416000.0, 300000, 0, 0, 0, 0, 0, '2023-03-31 00:00:00');
INSERT INTO motorbike_booking_history (id, booking_id, status, changed_at) VALUES ('109b63ba-eb5a-4e1f-a691-a927bf54c254', 'b3628841-6333-4289-a6b5-ed8b74029106', 'PENDING', '2023-03-31 00:00:00');
INSERT INTO motorbike_booking_history (id, booking_id, status, changed_at) VALUES ('76ddf5d6-1694-4de0-b399-c9305e0276ed', 'b3628841-6333-4289-a6b5-ed8b74029106', 'COMPLETED', '2023-03-31 02:00:00');
INSERT INTO motorbike_bookings (id, motorbike_id, renter_id, owner_id, status, start_date, end_date, total_days, price_per_day, base_price, service_fee, taxes, total, deposit, include_insurance, has_helmet, has_raincoat, has_phone_holder, has_touring_package, created_at) VALUES ('5a98f811-69a5-4b86-8235-58a17b4e00d7', 'BIKE-2', 'B2C3D4E5-F6G7-8901-BCDE-234567890123', 'E5F6G7H8-I9J0-1234-EFGH-567890123456', 'COMPLETED', '2023-03-21', '2023-03-29', 8, 200000, 1600000, 160000.0, 128000.0, 1888000.0, 400000, 0, 0, 0, 0, 0, '2023-03-13 00:00:00');
INSERT INTO motorbike_booking_history (id, booking_id, status, changed_at) VALUES ('7bec0e1e-c649-49fe-8e94-ae0b23730041', '5a98f811-69a5-4b86-8235-58a17b4e00d7', 'PENDING', '2023-03-13 00:00:00');
INSERT INTO motorbike_booking_history (id, booking_id, status, changed_at) VALUES ('19509cff-2b58-4f7d-ba42-3d49688eb972', '5a98f811-69a5-4b86-8235-58a17b4e00d7', 'COMPLETED', '2023-03-13 02:00:00');
INSERT INTO motorbike_bookings (id, motorbike_id, renter_id, owner_id, status, start_date, end_date, total_days, price_per_day, base_price, service_fee, taxes, total, deposit, include_insurance, has_helmet, has_raincoat, has_phone_holder, has_touring_package, created_at) VALUES ('4e5e37cb-f6da-4146-897b-6d0a6bc00bcb', 'BIKE-1', 'B2C3D4E5-F6G7-8901-BCDE-234567890123', 'E5F6G7H8-I9J0-1234-EFGH-567890123456', 'COMPLETED', '2023-03-10', '2023-03-20', 10, 150000, 1500000, 150000.0, 120000.0, 1770000.0, 300000, 0, 0, 0, 0, 0, '2023-03-02 00:00:00');
INSERT INTO motorbike_booking_history (id, booking_id, status, changed_at) VALUES ('5a958d26-d2c0-4fc0-aa63-79f83a223e39', '4e5e37cb-f6da-4146-897b-6d0a6bc00bcb', 'PENDING', '2023-03-02 00:00:00');
INSERT INTO motorbike_booking_history (id, booking_id, status, changed_at) VALUES ('b8ba2862-458f-474c-af5a-a6a5ac857d25', '4e5e37cb-f6da-4146-897b-6d0a6bc00bcb', 'COMPLETED', '2023-03-02 02:00:00');
INSERT INTO motorbike_bookings (id, motorbike_id, renter_id, owner_id, status, start_date, end_date, total_days, price_per_day, base_price, service_fee, taxes, total, deposit, include_insurance, has_helmet, has_raincoat, has_phone_holder, has_touring_package, created_at) VALUES ('a0445ffa-e115-49e3-91b9-bca8b16049c3', 'BIKE-1', 'D4E5F6G7-H8I9-0123-DEFG-456789012345', 'E5F6G7H8-I9J0-1234-EFGH-567890123456', 'COMPLETED', '2024-03-04', '2024-03-08', 4, 150000, 600000, 60000.0, 48000.0, 708000.0, 300000, 0, 0, 0, 0, 0, '2024-03-03 00:00:00');
INSERT INTO motorbike_booking_history (id, booking_id, status, changed_at) VALUES ('c1baedc4-4223-4e85-a427-45e67e38b3f2', 'a0445ffa-e115-49e3-91b9-bca8b16049c3', 'PENDING', '2024-03-03 00:00:00');
INSERT INTO motorbike_booking_history (id, booking_id, status, changed_at) VALUES ('a8e1d73d-4b81-4842-b77b-3afe69e27ff5', 'a0445ffa-e115-49e3-91b9-bca8b16049c3', 'COMPLETED', '2024-03-03 02:00:00');
INSERT INTO motorbike_bookings (id, motorbike_id, renter_id, owner_id, status, start_date, end_date, total_days, price_per_day, base_price, service_fee, taxes, total, deposit, include_insurance, has_helmet, has_raincoat, has_phone_holder, has_touring_package, created_at) VALUES ('5baf291b-2216-486a-bbb1-856e7e823d5d', 'BIKE-1', 'C3D4E5F6-G7H8-9012-CDEF-345678901234', 'E5F6G7H8-I9J0-1234-EFGH-567890123456', 'CANCELLED', '2023-01-09', '2023-01-13', 4, 150000, 600000, 60000.0, 48000.0, 708000.0, 300000, 0, 0, 0, 0, 0, '2022-12-30 00:00:00');
INSERT INTO motorbike_booking_history (id, booking_id, status, changed_at) VALUES ('4ed4ede9-fd3e-490b-8ccf-1e851874190c', '5baf291b-2216-486a-bbb1-856e7e823d5d', 'PENDING', '2022-12-30 00:00:00');
INSERT INTO motorbike_booking_history (id, booking_id, status, changed_at) VALUES ('004cbfa4-b5b9-4a09-a9a4-622644bababd', '5baf291b-2216-486a-bbb1-856e7e823d5d', 'CANCELLED', '2022-12-30 02:00:00');
INSERT INTO motorbike_bookings (id, motorbike_id, renter_id, owner_id, status, start_date, end_date, total_days, price_per_day, base_price, service_fee, taxes, total, deposit, include_insurance, has_helmet, has_raincoat, has_phone_holder, has_touring_package, created_at) VALUES ('4f02e916-eab4-4d5c-a311-494a17b15e83', 'BIKE-1', 'D4E5F6G7-H8I9-0123-DEFG-456789012345', 'E5F6G7H8-I9J0-1234-EFGH-567890123456', 'COMPLETED', '2023-04-16', '2023-04-21', 5, 150000, 750000, 75000.0, 60000.0, 885000.0, 300000, 0, 0, 0, 0, 0, '2023-04-08 00:00:00');
INSERT INTO motorbike_booking_history (id, booking_id, status, changed_at) VALUES ('2b30a96e-114d-4409-bb86-c6c3ffdc56f9', '4f02e916-eab4-4d5c-a311-494a17b15e83', 'PENDING', '2023-04-08 00:00:00');
INSERT INTO motorbike_booking_history (id, booking_id, status, changed_at) VALUES ('87bf25d9-0147-4266-9a48-e1986f8acb7e', '4f02e916-eab4-4d5c-a311-494a17b15e83', 'COMPLETED', '2023-04-08 02:00:00');
INSERT INTO motorbike_bookings (id, motorbike_id, renter_id, owner_id, status, start_date, end_date, total_days, price_per_day, base_price, service_fee, taxes, total, deposit, include_insurance, has_helmet, has_raincoat, has_phone_holder, has_touring_package, created_at) VALUES ('723f113e-7b91-4575-bc71-85c8224b83a0', 'BIKE-3', 'B2C3D4E5-F6G7-8901-BCDE-234567890123', 'E5F6G7H8-I9J0-1234-EFGH-567890123456', 'COMPLETED', '2024-04-29', '2024-05-02', 3, 120000, 360000, 36000.0, 28800.0, 424800.0, 240000, 0, 0, 0, 0, 0, '2024-04-23 00:00:00');
INSERT INTO motorbike_booking_history (id, booking_id, status, changed_at) VALUES ('82325e20-7f66-4733-819d-a79964f0655f', '723f113e-7b91-4575-bc71-85c8224b83a0', 'PENDING', '2024-04-23 00:00:00');
INSERT INTO motorbike_booking_history (id, booking_id, status, changed_at) VALUES ('95ea967a-40e8-4fd2-8189-5d53712a69e4', '723f113e-7b91-4575-bc71-85c8224b83a0', 'COMPLETED', '2024-04-23 02:00:00');
INSERT INTO motorbike_bookings (id, motorbike_id, renter_id, owner_id, status, start_date, end_date, total_days, price_per_day, base_price, service_fee, taxes, total, deposit, include_insurance, has_helmet, has_raincoat, has_phone_holder, has_touring_package, created_at) VALUES ('1cbbed78-981f-4c46-954c-e5fefd28e252', 'BIKE-1', 'B2C3D4E5-F6G7-8901-BCDE-234567890123', 'E5F6G7H8-I9J0-1234-EFGH-567890123456', 'COMPLETED', '2023-06-13', '2023-06-19', 6, 150000, 900000, 90000.0, 72000.0, 1062000.0, 300000, 0, 0, 0, 0, 0, '2023-06-06 00:00:00');
INSERT INTO motorbike_booking_history (id, booking_id, status, changed_at) VALUES ('61872f63-fcb8-4951-b0b2-b37af2a66d48', '1cbbed78-981f-4c46-954c-e5fefd28e252', 'PENDING', '2023-06-06 00:00:00');
INSERT INTO motorbike_booking_history (id, booking_id, status, changed_at) VALUES ('f91c8ca6-b1e8-4859-9b52-07fa023f61a5', '1cbbed78-981f-4c46-954c-e5fefd28e252', 'COMPLETED', '2023-06-06 02:00:00');
INSERT INTO motorbike_bookings (id, motorbike_id, renter_id, owner_id, status, start_date, end_date, total_days, price_per_day, base_price, service_fee, taxes, total, deposit, include_insurance, has_helmet, has_raincoat, has_phone_holder, has_touring_package, created_at) VALUES ('8646a466-c418-4443-a362-01c254c8044b', 'BIKE-3', 'B2C3D4E5-F6G7-8901-BCDE-234567890123', 'E5F6G7H8-I9J0-1234-EFGH-567890123456', 'COMPLETED', '2024-05-11', '2024-05-14', 3, 120000, 360000, 36000.0, 28800.0, 424800.0, 240000, 0, 0, 0, 0, 0, '2024-04-28 00:00:00');
INSERT INTO motorbike_booking_history (id, booking_id, status, changed_at) VALUES ('782cce35-b710-4576-b1b8-0b1f7a48bed0', '8646a466-c418-4443-a362-01c254c8044b', 'PENDING', '2024-04-28 00:00:00');
INSERT INTO motorbike_booking_history (id, booking_id, status, changed_at) VALUES ('e38e115f-0e50-4694-a32e-9b0d4de3c9a0', '8646a466-c418-4443-a362-01c254c8044b', 'COMPLETED', '2024-04-28 02:00:00');
INSERT INTO motorbike_bookings (id, motorbike_id, renter_id, owner_id, status, start_date, end_date, total_days, price_per_day, base_price, service_fee, taxes, total, deposit, include_insurance, has_helmet, has_raincoat, has_phone_holder, has_touring_package, created_at) VALUES ('dcc88a23-b084-4d65-8585-e8d1c6c5d2a5', 'BIKE-3', 'D4E5F6G7-H8I9-0123-DEFG-456789012345', 'E5F6G7H8-I9J0-1234-EFGH-567890123456', 'COMPLETED', '2023-02-01', '2023-02-08', 7, 120000, 840000, 84000.0, 67200.0, 991200.0, 240000, 0, 0, 0, 0, 0, '2023-01-26 00:00:00');
INSERT INTO motorbike_booking_history (id, booking_id, status, changed_at) VALUES ('4935b2bb-f38c-482f-bd4c-c6ca6ab78b38', 'dcc88a23-b084-4d65-8585-e8d1c6c5d2a5', 'PENDING', '2023-01-26 00:00:00');
INSERT INTO motorbike_booking_history (id, booking_id, status, changed_at) VALUES ('44498cf6-63f8-426c-a050-d5a9cdd8095e', 'dcc88a23-b084-4d65-8585-e8d1c6c5d2a5', 'COMPLETED', '2023-01-26 02:00:00');
INSERT INTO motorbike_bookings (id, motorbike_id, renter_id, owner_id, status, start_date, end_date, total_days, price_per_day, base_price, service_fee, taxes, total, deposit, include_insurance, has_helmet, has_raincoat, has_phone_holder, has_touring_package, created_at) VALUES ('cacb5356-fed5-4884-998c-7a8f3c33218a', 'BIKE-1', 'D4E5F6G7-H8I9-0123-DEFG-456789012345', 'E5F6G7H8-I9J0-1234-EFGH-567890123456', 'COMPLETED', '2023-08-06', '2023-08-09', 3, 150000, 450000, 45000.0, 36000.0, 531000.0, 300000, 0, 0, 0, 0, 0, '2023-07-24 00:00:00');
INSERT INTO motorbike_booking_history (id, booking_id, status, changed_at) VALUES ('1afa36cf-e67a-49ee-8659-f9861781386d', 'cacb5356-fed5-4884-998c-7a8f3c33218a', 'PENDING', '2023-07-24 00:00:00');
INSERT INTO motorbike_booking_history (id, booking_id, status, changed_at) VALUES ('d95203db-c302-4dda-8042-0360551df313', 'cacb5356-fed5-4884-998c-7a8f3c33218a', 'COMPLETED', '2023-07-24 02:00:00');
INSERT INTO motorbike_bookings (id, motorbike_id, renter_id, owner_id, status, start_date, end_date, total_days, price_per_day, base_price, service_fee, taxes, total, deposit, include_insurance, has_helmet, has_raincoat, has_phone_holder, has_touring_package, created_at) VALUES ('37bcd56f-a89b-40db-99c5-06f24abed13e', 'BIKE-2', 'B2C3D4E5-F6G7-8901-BCDE-234567890123', 'E5F6G7H8-I9J0-1234-EFGH-567890123456', 'COMPLETED', '2023-12-24', '2023-12-26', 2, 200000, 400000, 40000.0, 32000.0, 472000.0, 400000, 0, 0, 0, 0, 0, '2023-12-19 00:00:00');
INSERT INTO motorbike_booking_history (id, booking_id, status, changed_at) VALUES ('ca774b10-4cf7-4c5c-a4ec-c1390d3e4046', '37bcd56f-a89b-40db-99c5-06f24abed13e', 'PENDING', '2023-12-19 00:00:00');
INSERT INTO motorbike_booking_history (id, booking_id, status, changed_at) VALUES ('e1051fb0-0b6c-46d2-968f-aa35ff6badfe', '37bcd56f-a89b-40db-99c5-06f24abed13e', 'COMPLETED', '2023-12-19 02:00:00');
INSERT INTO motorbike_bookings (id, motorbike_id, renter_id, owner_id, status, start_date, end_date, total_days, price_per_day, base_price, service_fee, taxes, total, deposit, include_insurance, has_helmet, has_raincoat, has_phone_holder, has_touring_package, created_at) VALUES ('a78ddee9-752c-449a-9b2b-d5c89ca31d5d', 'BIKE-2', 'C3D4E5F6-G7H8-9012-CDEF-345678901234', 'E5F6G7H8-I9J0-1234-EFGH-567890123456', 'COMPLETED', '2023-06-23', '2023-06-25', 2, 200000, 400000, 40000.0, 32000.0, 472000.0, 400000, 0, 0, 0, 0, 0, '2023-06-11 00:00:00');
INSERT INTO motorbike_booking_history (id, booking_id, status, changed_at) VALUES ('88157ac0-5ee6-468f-bc9e-64079423f319', 'a78ddee9-752c-449a-9b2b-d5c89ca31d5d', 'PENDING', '2023-06-11 00:00:00');
INSERT INTO motorbike_booking_history (id, booking_id, status, changed_at) VALUES ('2e87627d-6415-4dde-ad11-4663fdbf1bba', 'a78ddee9-752c-449a-9b2b-d5c89ca31d5d', 'COMPLETED', '2023-06-11 02:00:00');
INSERT INTO motorbike_bookings (id, motorbike_id, renter_id, owner_id, status, start_date, end_date, total_days, price_per_day, base_price, service_fee, taxes, total, deposit, include_insurance, has_helmet, has_raincoat, has_phone_holder, has_touring_package, created_at) VALUES ('c584511a-a6fe-48a4-9c0f-16723e6062ca', 'BIKE-3', 'D4E5F6G7-H8I9-0123-DEFG-456789012345', 'E5F6G7H8-I9J0-1234-EFGH-567890123456', 'CANCELLED', '2023-02-05', '2023-02-07', 2, 120000, 240000, 24000.0, 19200.0, 283200.0, 240000, 0, 0, 0, 0, 0, '2023-01-26 00:00:00');
INSERT INTO motorbike_booking_history (id, booking_id, status, changed_at) VALUES ('a01b976c-6c5d-4243-a8f7-4365d442fd1d', 'c584511a-a6fe-48a4-9c0f-16723e6062ca', 'PENDING', '2023-01-26 00:00:00');
INSERT INTO motorbike_booking_history (id, booking_id, status, changed_at) VALUES ('1ae944ea-dc3c-4863-b473-d1e9bcfa183e', 'c584511a-a6fe-48a4-9c0f-16723e6062ca', 'CANCELLED', '2023-01-26 02:00:00');
INSERT INTO motorbike_bookings (id, motorbike_id, renter_id, owner_id, status, start_date, end_date, total_days, price_per_day, base_price, service_fee, taxes, total, deposit, include_insurance, has_helmet, has_raincoat, has_phone_holder, has_touring_package, created_at) VALUES ('9a6472cc-b83c-4d29-9ec8-5cc8a3c60f5d', 'BIKE-2', 'D4E5F6G7-H8I9-0123-DEFG-456789012345', 'E5F6G7H8-I9J0-1234-EFGH-567890123456', 'COMPLETED', '2023-05-17', '2023-05-25', 8, 200000, 1600000, 160000.0, 128000.0, 1888000.0, 400000, 0, 0, 0, 0, 0, '2023-05-14 00:00:00');
INSERT INTO motorbike_booking_history (id, booking_id, status, changed_at) VALUES ('ba1156fb-e342-4944-b11c-2e27f6ac3f61', '9a6472cc-b83c-4d29-9ec8-5cc8a3c60f5d', 'PENDING', '2023-05-14 00:00:00');
INSERT INTO motorbike_booking_history (id, booking_id, status, changed_at) VALUES ('2cb589c6-8e8e-4345-b0c0-7a514006a7e7', '9a6472cc-b83c-4d29-9ec8-5cc8a3c60f5d', 'COMPLETED', '2023-05-14 02:00:00');
INSERT INTO motorbike_bookings (id, motorbike_id, renter_id, owner_id, status, start_date, end_date, total_days, price_per_day, base_price, service_fee, taxes, total, deposit, include_insurance, has_helmet, has_raincoat, has_phone_holder, has_touring_package, created_at) VALUES ('6d4b61b5-2ec3-45ed-a426-ec7be9ad0bfa', 'BIKE-1', 'C3D4E5F6-G7H8-9012-CDEF-345678901234', 'E5F6G7H8-I9J0-1234-EFGH-567890123456', 'CANCELLED', '2024-05-19', '2024-05-27', 8, 150000, 1200000, 120000.0, 96000.0, 1416000.0, 300000, 0, 0, 0, 0, 0, '2024-05-07 00:00:00');
INSERT INTO motorbike_booking_history (id, booking_id, status, changed_at) VALUES ('79fa1e2f-14a4-44f9-bbe6-a45f6b1542a4', '6d4b61b5-2ec3-45ed-a426-ec7be9ad0bfa', 'PENDING', '2024-05-07 00:00:00');
INSERT INTO motorbike_booking_history (id, booking_id, status, changed_at) VALUES ('89c4d414-0e1f-4fa9-8892-1132c5d26ed0', '6d4b61b5-2ec3-45ed-a426-ec7be9ad0bfa', 'CANCELLED', '2024-05-07 02:00:00');
INSERT INTO motorbike_bookings (id, motorbike_id, renter_id, owner_id, status, start_date, end_date, total_days, price_per_day, base_price, service_fee, taxes, total, deposit, include_insurance, has_helmet, has_raincoat, has_phone_holder, has_touring_package, created_at) VALUES ('004b3262-3088-4de5-bdf2-59726c3c48f6', 'BIKE-3', 'B2C3D4E5-F6G7-8901-BCDE-234567890123', 'E5F6G7H8-I9J0-1234-EFGH-567890123456', 'COMPLETED', '2023-12-03', '2023-12-11', 8, 120000, 960000, 96000.0, 76800.0, 1132800.0, 240000, 0, 0, 0, 0, 0, '2023-12-02 00:00:00');
INSERT INTO motorbike_booking_history (id, booking_id, status, changed_at) VALUES ('5d6a6044-dc13-41b2-8f00-2ab89d68849a', '004b3262-3088-4de5-bdf2-59726c3c48f6', 'PENDING', '2023-12-02 00:00:00');
INSERT INTO motorbike_booking_history (id, booking_id, status, changed_at) VALUES ('5950542b-399f-4c06-9dbd-960aafbf5e80', '004b3262-3088-4de5-bdf2-59726c3c48f6', 'COMPLETED', '2023-12-02 02:00:00');
INSERT INTO motorbike_bookings (id, motorbike_id, renter_id, owner_id, status, start_date, end_date, total_days, price_per_day, base_price, service_fee, taxes, total, deposit, include_insurance, has_helmet, has_raincoat, has_phone_holder, has_touring_package, created_at) VALUES ('dd5e265d-27af-4269-b385-f3df47a19de9', 'BIKE-2', 'C3D4E5F6-G7H8-9012-CDEF-345678901234', 'E5F6G7H8-I9J0-1234-EFGH-567890123456', 'CANCELLED', '2024-02-14', '2024-02-18', 4, 200000, 800000, 80000.0, 64000.0, 944000.0, 400000, 0, 0, 0, 0, 0, '2024-02-12 00:00:00');
INSERT INTO motorbike_booking_history (id, booking_id, status, changed_at) VALUES ('fb740c43-a68c-4334-bf0d-6ed58ea75be9', 'dd5e265d-27af-4269-b385-f3df47a19de9', 'PENDING', '2024-02-12 00:00:00');
INSERT INTO motorbike_booking_history (id, booking_id, status, changed_at) VALUES ('a27cd419-f23c-4850-8963-cddfd473dc6d', 'dd5e265d-27af-4269-b385-f3df47a19de9', 'CANCELLED', '2024-02-12 02:00:00');
INSERT INTO motorbike_bookings (id, motorbike_id, renter_id, owner_id, status, start_date, end_date, total_days, price_per_day, base_price, service_fee, taxes, total, deposit, include_insurance, has_helmet, has_raincoat, has_phone_holder, has_touring_package, created_at) VALUES ('f31c8a7a-3aaf-437e-a81c-d28201db622e', 'BIKE-3', 'D4E5F6G7-H8I9-0123-DEFG-456789012345', 'E5F6G7H8-I9J0-1234-EFGH-567890123456', 'COMPLETED', '2024-02-03', '2024-02-08', 5, 120000, 600000, 60000.0, 48000.0, 708000.0, 240000, 0, 0, 0, 0, 0, '2024-01-27 00:00:00');
INSERT INTO motorbike_booking_history (id, booking_id, status, changed_at) VALUES ('548d40b5-7b1f-4078-a50f-dac617f82e78', 'f31c8a7a-3aaf-437e-a81c-d28201db622e', 'PENDING', '2024-01-27 00:00:00');
INSERT INTO motorbike_booking_history (id, booking_id, status, changed_at) VALUES ('9b0da160-2ab8-483b-acec-bfe6e6c60a41', 'f31c8a7a-3aaf-437e-a81c-d28201db622e', 'COMPLETED', '2024-01-27 02:00:00');
INSERT INTO motorbike_bookings (id, motorbike_id, renter_id, owner_id, status, start_date, end_date, total_days, price_per_day, base_price, service_fee, taxes, total, deposit, include_insurance, has_helmet, has_raincoat, has_phone_holder, has_touring_package, created_at) VALUES ('dade9f96-1528-474c-8938-67282bc8907b', 'BIKE-2', 'D4E5F6G7-H8I9-0123-DEFG-456789012345', 'E5F6G7H8-I9J0-1234-EFGH-567890123456', 'COMPLETED', '2023-09-14', '2023-09-17', 3, 200000, 600000, 60000.0, 48000.0, 708000.0, 400000, 0, 0, 0, 0, 0, '2023-09-04 00:00:00');
INSERT INTO motorbike_booking_history (id, booking_id, status, changed_at) VALUES ('4f86635e-fd15-47c3-9251-8a4ba9ad6dd5', 'dade9f96-1528-474c-8938-67282bc8907b', 'PENDING', '2023-09-04 00:00:00');
INSERT INTO motorbike_booking_history (id, booking_id, status, changed_at) VALUES ('ac0ad790-3a8e-4885-ac1e-7600ecec7017', 'dade9f96-1528-474c-8938-67282bc8907b', 'COMPLETED', '2023-09-04 02:00:00');
INSERT INTO motorbike_bookings (id, motorbike_id, renter_id, owner_id, status, start_date, end_date, total_days, price_per_day, base_price, service_fee, taxes, total, deposit, include_insurance, has_helmet, has_raincoat, has_phone_holder, has_touring_package, created_at) VALUES ('5d3b59a9-e32d-48dc-8e20-d45f79f5bd46', 'BIKE-1', 'C3D4E5F6-G7H8-9012-CDEF-345678901234', 'E5F6G7H8-I9J0-1234-EFGH-567890123456', 'CANCELLED', '2023-03-17', '2023-03-18', 1, 150000, 150000, 15000.0, 12000.0, 177000.0, 300000, 0, 0, 0, 0, 0, '2023-03-08 00:00:00');
INSERT INTO motorbike_booking_history (id, booking_id, status, changed_at) VALUES ('dc3243af-b0c9-4b87-bc39-c4eed33f8126', '5d3b59a9-e32d-48dc-8e20-d45f79f5bd46', 'PENDING', '2023-03-08 00:00:00');
INSERT INTO motorbike_booking_history (id, booking_id, status, changed_at) VALUES ('2ad89aff-98bb-45b9-aa38-3218d145feac', '5d3b59a9-e32d-48dc-8e20-d45f79f5bd46', 'CANCELLED', '2023-03-08 02:00:00');
INSERT INTO motorbike_bookings (id, motorbike_id, renter_id, owner_id, status, start_date, end_date, total_days, price_per_day, base_price, service_fee, taxes, total, deposit, include_insurance, has_helmet, has_raincoat, has_phone_holder, has_touring_package, created_at) VALUES ('d7910e01-7d99-4de5-8cad-811c075a98e1', 'BIKE-1', 'C3D4E5F6-G7H8-9012-CDEF-345678901234', 'E5F6G7H8-I9J0-1234-EFGH-567890123456', 'COMPLETED', '2023-01-02', '2023-01-12', 10, 150000, 1500000, 150000.0, 120000.0, 1770000.0, 300000, 0, 0, 0, 0, 0, '2022-12-27 00:00:00');
INSERT INTO motorbike_booking_history (id, booking_id, status, changed_at) VALUES ('f7194929-7da7-4ac7-9d77-ea0ff367cc03', 'd7910e01-7d99-4de5-8cad-811c075a98e1', 'PENDING', '2022-12-27 00:00:00');
INSERT INTO motorbike_booking_history (id, booking_id, status, changed_at) VALUES ('99d10a31-d8a3-40b8-9ed5-8d97b1e6392e', 'd7910e01-7d99-4de5-8cad-811c075a98e1', 'COMPLETED', '2022-12-27 02:00:00');
INSERT INTO motorbike_bookings (id, motorbike_id, renter_id, owner_id, status, start_date, end_date, total_days, price_per_day, base_price, service_fee, taxes, total, deposit, include_insurance, has_helmet, has_raincoat, has_phone_holder, has_touring_package, created_at) VALUES ('a253a6df-d2a7-464e-a549-f6b78a1a3609', 'BIKE-1', 'D4E5F6G7-H8I9-0123-DEFG-456789012345', 'E5F6G7H8-I9J0-1234-EFGH-567890123456', 'COMPLETED', '2023-11-06', '2023-11-07', 1, 150000, 150000, 15000.0, 12000.0, 177000.0, 300000, 0, 0, 0, 0, 0, '2023-10-31 00:00:00');
INSERT INTO motorbike_booking_history (id, booking_id, status, changed_at) VALUES ('4206d5d1-03d0-49b0-86e6-1d3d71ec3857', 'a253a6df-d2a7-464e-a549-f6b78a1a3609', 'PENDING', '2023-10-31 00:00:00');
INSERT INTO motorbike_booking_history (id, booking_id, status, changed_at) VALUES ('41fbd0d1-71ce-4b39-a027-0fd044ca76a2', 'a253a6df-d2a7-464e-a549-f6b78a1a3609', 'COMPLETED', '2023-10-31 02:00:00');
INSERT INTO motorbike_bookings (id, motorbike_id, renter_id, owner_id, status, start_date, end_date, total_days, price_per_day, base_price, service_fee, taxes, total, deposit, include_insurance, has_helmet, has_raincoat, has_phone_holder, has_touring_package, created_at) VALUES ('d099ea46-8d01-4d0f-b78d-9f8065baf151', 'BIKE-2', 'B2C3D4E5-F6G7-8901-BCDE-234567890123', 'E5F6G7H8-I9J0-1234-EFGH-567890123456', 'COMPLETED', '2024-01-31', '2024-02-06', 6, 200000, 1200000, 120000.0, 96000.0, 1416000.0, 400000, 0, 0, 0, 0, 0, '2024-01-28 00:00:00');
INSERT INTO motorbike_booking_history (id, booking_id, status, changed_at) VALUES ('e92d2148-d949-4d7f-ba1c-72665a94beaf', 'd099ea46-8d01-4d0f-b78d-9f8065baf151', 'PENDING', '2024-01-28 00:00:00');
INSERT INTO motorbike_booking_history (id, booking_id, status, changed_at) VALUES ('74624579-5f5e-4c9b-a459-c3708d9fd6b1', 'd099ea46-8d01-4d0f-b78d-9f8065baf151', 'COMPLETED', '2024-01-28 02:00:00');
INSERT INTO motorbike_bookings (id, motorbike_id, renter_id, owner_id, status, start_date, end_date, total_days, price_per_day, base_price, service_fee, taxes, total, deposit, include_insurance, has_helmet, has_raincoat, has_phone_holder, has_touring_package, created_at) VALUES ('96ab8003-19f2-424f-8487-71addae09881', 'BIKE-1', 'C3D4E5F6-G7H8-9012-CDEF-345678901234', 'E5F6G7H8-I9J0-1234-EFGH-567890123456', 'CANCELLED', '2023-08-18', '2023-08-27', 9, 150000, 1350000, 135000.0, 108000.0, 1593000.0, 300000, 0, 0, 0, 0, 0, '2023-08-10 00:00:00');
INSERT INTO motorbike_booking_history (id, booking_id, status, changed_at) VALUES ('521bd872-7d1a-4cee-8da2-0edf66148133', '96ab8003-19f2-424f-8487-71addae09881', 'PENDING', '2023-08-10 00:00:00');
INSERT INTO motorbike_booking_history (id, booking_id, status, changed_at) VALUES ('3a5477c2-340a-463a-b9bc-0262e81d1cfd', '96ab8003-19f2-424f-8487-71addae09881', 'CANCELLED', '2023-08-10 02:00:00');
INSERT INTO motorbike_bookings (id, motorbike_id, renter_id, owner_id, status, start_date, end_date, total_days, price_per_day, base_price, service_fee, taxes, total, deposit, include_insurance, has_helmet, has_raincoat, has_phone_holder, has_touring_package, created_at) VALUES ('100965e4-647c-45aa-a130-aefa31d8b751', 'BIKE-2', 'B2C3D4E5-F6G7-8901-BCDE-234567890123', 'E5F6G7H8-I9J0-1234-EFGH-567890123456', 'CANCELLED', '2024-03-10', '2024-03-17', 7, 200000, 1400000, 140000.0, 112000.0, 1652000.0, 400000, 0, 0, 0, 0, 0, '2024-02-25 00:00:00');
INSERT INTO motorbike_booking_history (id, booking_id, status, changed_at) VALUES ('cc7f32d1-0c6d-4e48-b495-67fd1828364e', '100965e4-647c-45aa-a130-aefa31d8b751', 'PENDING', '2024-02-25 00:00:00');
INSERT INTO motorbike_booking_history (id, booking_id, status, changed_at) VALUES ('90885092-2295-4fe5-995c-98afb8276e18', '100965e4-647c-45aa-a130-aefa31d8b751', 'CANCELLED', '2024-02-25 02:00:00');
INSERT INTO motorbike_bookings (id, motorbike_id, renter_id, owner_id, status, start_date, end_date, total_days, price_per_day, base_price, service_fee, taxes, total, deposit, include_insurance, has_helmet, has_raincoat, has_phone_holder, has_touring_package, created_at) VALUES ('6334df31-3d4f-42a4-b31d-9e07ef4cda99', 'BIKE-1', 'C3D4E5F6-G7H8-9012-CDEF-345678901234', 'E5F6G7H8-I9J0-1234-EFGH-567890123456', 'COMPLETED', '2023-02-12', '2023-02-18', 6, 150000, 900000, 90000.0, 72000.0, 1062000.0, 300000, 0, 0, 0, 0, 0, '2023-02-04 00:00:00');
INSERT INTO motorbike_booking_history (id, booking_id, status, changed_at) VALUES ('d1a3cde5-58b3-443f-8e7e-07b424f3c886', '6334df31-3d4f-42a4-b31d-9e07ef4cda99', 'PENDING', '2023-02-04 00:00:00');
INSERT INTO motorbike_booking_history (id, booking_id, status, changed_at) VALUES ('e1dd81e3-2b6e-4cd8-aac2-b3a04de04dd6', '6334df31-3d4f-42a4-b31d-9e07ef4cda99', 'COMPLETED', '2023-02-04 02:00:00');
INSERT INTO motorbike_bookings (id, motorbike_id, renter_id, owner_id, status, start_date, end_date, total_days, price_per_day, base_price, service_fee, taxes, total, deposit, include_insurance, has_helmet, has_raincoat, has_phone_holder, has_touring_package, created_at) VALUES ('9f2c6cc6-b4bf-4c31-b7da-092ed6091a1c', 'BIKE-3', 'C3D4E5F6-G7H8-9012-CDEF-345678901234', 'E5F6G7H8-I9J0-1234-EFGH-567890123456', 'COMPLETED', '2023-01-12', '2023-01-17', 5, 120000, 600000, 60000.0, 48000.0, 708000.0, 240000, 0, 0, 0, 0, 0, '2023-01-04 00:00:00');
INSERT INTO motorbike_booking_history (id, booking_id, status, changed_at) VALUES ('de024865-5ae7-4009-b072-eedc2d940d4c', '9f2c6cc6-b4bf-4c31-b7da-092ed6091a1c', 'PENDING', '2023-01-04 00:00:00');
INSERT INTO motorbike_booking_history (id, booking_id, status, changed_at) VALUES ('de62d299-abd5-48ae-8d30-1e07cf6e2782', '9f2c6cc6-b4bf-4c31-b7da-092ed6091a1c', 'COMPLETED', '2023-01-04 02:00:00');
INSERT INTO motorbike_bookings (id, motorbike_id, renter_id, owner_id, status, start_date, end_date, total_days, price_per_day, base_price, service_fee, taxes, total, deposit, include_insurance, has_helmet, has_raincoat, has_phone_holder, has_touring_package, created_at) VALUES ('356e8740-5a13-41dc-abb4-14055a13430f', 'BIKE-1', 'C3D4E5F6-G7H8-9012-CDEF-345678901234', 'E5F6G7H8-I9J0-1234-EFGH-567890123456', 'CANCELLED', '2024-02-20', '2024-02-22', 2, 150000, 300000, 30000.0, 24000.0, 354000.0, 300000, 0, 0, 0, 0, 0, '2024-02-12 00:00:00');
INSERT INTO motorbike_booking_history (id, booking_id, status, changed_at) VALUES ('4a84d59e-9c1a-4d1f-b322-c5d5710a73d5', '356e8740-5a13-41dc-abb4-14055a13430f', 'PENDING', '2024-02-12 00:00:00');
INSERT INTO motorbike_booking_history (id, booking_id, status, changed_at) VALUES ('21cfec38-5ff0-467d-80a3-08a7d95aeba0', '356e8740-5a13-41dc-abb4-14055a13430f', 'CANCELLED', '2024-02-12 02:00:00');
INSERT INTO motorbike_bookings (id, motorbike_id, renter_id, owner_id, status, start_date, end_date, total_days, price_per_day, base_price, service_fee, taxes, total, deposit, include_insurance, has_helmet, has_raincoat, has_phone_holder, has_touring_package, created_at) VALUES ('8bcd5379-3ccf-4fdc-ba03-9127579f8c01', 'BIKE-2', 'D4E5F6G7-H8I9-0123-DEFG-456789012345', 'E5F6G7H8-I9J0-1234-EFGH-567890123456', 'COMPLETED', '2023-10-18', '2023-10-20', 2, 200000, 400000, 40000.0, 32000.0, 472000.0, 400000, 0, 0, 0, 0, 0, '2023-10-06 00:00:00');
INSERT INTO motorbike_booking_history (id, booking_id, status, changed_at) VALUES ('1f40d23b-a963-4179-86cd-efff87e3a524', '8bcd5379-3ccf-4fdc-ba03-9127579f8c01', 'PENDING', '2023-10-06 00:00:00');
INSERT INTO motorbike_booking_history (id, booking_id, status, changed_at) VALUES ('c79fafab-af63-4c12-ac27-75f656577462', '8bcd5379-3ccf-4fdc-ba03-9127579f8c01', 'COMPLETED', '2023-10-06 02:00:00');
INSERT INTO motorbike_bookings (id, motorbike_id, renter_id, owner_id, status, start_date, end_date, total_days, price_per_day, base_price, service_fee, taxes, total, deposit, include_insurance, has_helmet, has_raincoat, has_phone_holder, has_touring_package, created_at) VALUES ('b8e607b3-e010-4076-b07f-9b54a3adcca3', 'BIKE-3', 'C3D4E5F6-G7H8-9012-CDEF-345678901234', 'E5F6G7H8-I9J0-1234-EFGH-567890123456', 'COMPLETED', '2023-07-30', '2023-08-02', 3, 120000, 360000, 36000.0, 28800.0, 424800.0, 240000, 0, 0, 0, 0, 0, '2023-07-26 00:00:00');
INSERT INTO motorbike_booking_history (id, booking_id, status, changed_at) VALUES ('e45f26f8-a762-4c75-9a57-01ee10fae10d', 'b8e607b3-e010-4076-b07f-9b54a3adcca3', 'PENDING', '2023-07-26 00:00:00');
INSERT INTO motorbike_booking_history (id, booking_id, status, changed_at) VALUES ('f135dc47-1c72-455c-9d54-203b0f674a3a', 'b8e607b3-e010-4076-b07f-9b54a3adcca3', 'COMPLETED', '2023-07-26 02:00:00');
INSERT INTO motorbike_bookings (id, motorbike_id, renter_id, owner_id, status, start_date, end_date, total_days, price_per_day, base_price, service_fee, taxes, total, deposit, include_insurance, has_helmet, has_raincoat, has_phone_holder, has_touring_package, created_at) VALUES ('f5f656ee-e60f-437f-a204-3f349ab0e8b2', 'BIKE-3', 'D4E5F6G7-H8I9-0123-DEFG-456789012345', 'E5F6G7H8-I9J0-1234-EFGH-567890123456', 'CANCELLED', '2023-11-28', '2023-12-01', 3, 120000, 360000, 36000.0, 28800.0, 424800.0, 240000, 0, 0, 0, 0, 0, '2023-11-19 00:00:00');
INSERT INTO motorbike_booking_history (id, booking_id, status, changed_at) VALUES ('cac2371b-542e-4e77-a649-faa4c62d8d13', 'f5f656ee-e60f-437f-a204-3f349ab0e8b2', 'PENDING', '2023-11-19 00:00:00');
INSERT INTO motorbike_booking_history (id, booking_id, status, changed_at) VALUES ('be825b35-6c6a-4aca-9a98-82618c039991', 'f5f656ee-e60f-437f-a204-3f349ab0e8b2', 'CANCELLED', '2023-11-19 02:00:00');
INSERT INTO motorbike_bookings (id, motorbike_id, renter_id, owner_id, status, start_date, end_date, total_days, price_per_day, base_price, service_fee, taxes, total, deposit, include_insurance, has_helmet, has_raincoat, has_phone_holder, has_touring_package, created_at) VALUES ('58891e77-55fe-431a-bcb4-f5b19b1d2f8e', 'BIKE-1', 'D4E5F6G7-H8I9-0123-DEFG-456789012345', 'E5F6G7H8-I9J0-1234-EFGH-567890123456', 'COMPLETED', '2024-05-22', '2024-05-26', 4, 150000, 600000, 60000.0, 48000.0, 708000.0, 300000, 0, 0, 0, 0, 0, '2024-05-10 00:00:00');
INSERT INTO motorbike_booking_history (id, booking_id, status, changed_at) VALUES ('a4e84962-de6f-4416-9857-6a0af3f9e528', '58891e77-55fe-431a-bcb4-f5b19b1d2f8e', 'PENDING', '2024-05-10 00:00:00');
INSERT INTO motorbike_booking_history (id, booking_id, status, changed_at) VALUES ('187a4089-6c61-4568-bb32-2f4b5d34562d', '58891e77-55fe-431a-bcb4-f5b19b1d2f8e', 'COMPLETED', '2024-05-10 02:00:00');
INSERT INTO motorbike_bookings (id, motorbike_id, renter_id, owner_id, status, start_date, end_date, total_days, price_per_day, base_price, service_fee, taxes, total, deposit, include_insurance, has_helmet, has_raincoat, has_phone_holder, has_touring_package, created_at) VALUES ('09bd2764-02bf-4e16-80cb-eec41a48813c', 'BIKE-3', 'C3D4E5F6-G7H8-9012-CDEF-345678901234', 'E5F6G7H8-I9J0-1234-EFGH-567890123456', 'COMPLETED', '2023-02-16', '2023-02-24', 8, 120000, 960000, 96000.0, 76800.0, 1132800.0, 240000, 0, 0, 0, 0, 0, '2023-02-03 00:00:00');
INSERT INTO motorbike_booking_history (id, booking_id, status, changed_at) VALUES ('8ebfb79b-30af-4674-99c9-94ad7ab03f7e', '09bd2764-02bf-4e16-80cb-eec41a48813c', 'PENDING', '2023-02-03 00:00:00');
INSERT INTO motorbike_booking_history (id, booking_id, status, changed_at) VALUES ('5502be0f-f58f-4dda-a735-5139c0ea2219', '09bd2764-02bf-4e16-80cb-eec41a48813c', 'COMPLETED', '2023-02-03 02:00:00');
INSERT INTO motorbike_bookings (id, motorbike_id, renter_id, owner_id, status, start_date, end_date, total_days, price_per_day, base_price, service_fee, taxes, total, deposit, include_insurance, has_helmet, has_raincoat, has_phone_holder, has_touring_package, created_at) VALUES ('7aff5692-1982-44ae-8c2a-6f02cba9c2ac', 'BIKE-2', 'D4E5F6G7-H8I9-0123-DEFG-456789012345', 'E5F6G7H8-I9J0-1234-EFGH-567890123456', 'COMPLETED', '2024-03-18', '2024-03-21', 3, 200000, 600000, 60000.0, 48000.0, 708000.0, 400000, 0, 0, 0, 0, 0, '2024-03-14 00:00:00');
INSERT INTO motorbike_booking_history (id, booking_id, status, changed_at) VALUES ('7a97106c-f6de-4f3b-acc9-928120dfbb08', '7aff5692-1982-44ae-8c2a-6f02cba9c2ac', 'PENDING', '2024-03-14 00:00:00');
INSERT INTO motorbike_booking_history (id, booking_id, status, changed_at) VALUES ('dfa6dbed-49f6-402e-9e9c-0cad58678d25', '7aff5692-1982-44ae-8c2a-6f02cba9c2ac', 'COMPLETED', '2024-03-14 02:00:00');
INSERT INTO motorbike_bookings (id, motorbike_id, renter_id, owner_id, status, start_date, end_date, total_days, price_per_day, base_price, service_fee, taxes, total, deposit, include_insurance, has_helmet, has_raincoat, has_phone_holder, has_touring_package, created_at) VALUES ('93c127ac-2fa6-4ade-9eae-e8a65825ea14', 'BIKE-1', 'B2C3D4E5-F6G7-8901-BCDE-234567890123', 'E5F6G7H8-I9J0-1234-EFGH-567890123456', 'COMPLETED', '2024-04-16', '2024-04-18', 2, 150000, 300000, 30000.0, 24000.0, 354000.0, 300000, 0, 0, 0, 0, 0, '2024-04-12 00:00:00');
INSERT INTO motorbike_booking_history (id, booking_id, status, changed_at) VALUES ('1a2d8b08-ca77-407a-945d-c5cef527160d', '93c127ac-2fa6-4ade-9eae-e8a65825ea14', 'PENDING', '2024-04-12 00:00:00');
INSERT INTO motorbike_booking_history (id, booking_id, status, changed_at) VALUES ('d0631151-952c-4fef-b4ea-4da8199c3937', '93c127ac-2fa6-4ade-9eae-e8a65825ea14', 'COMPLETED', '2024-04-12 02:00:00');
INSERT INTO motorbike_bookings (id, motorbike_id, renter_id, owner_id, status, start_date, end_date, total_days, price_per_day, base_price, service_fee, taxes, total, deposit, include_insurance, has_helmet, has_raincoat, has_phone_holder, has_touring_package, created_at) VALUES ('ff47cd89-5ff7-4937-a968-395d5f0ff408', 'BIKE-1', 'C3D4E5F6-G7H8-9012-CDEF-345678901234', 'E5F6G7H8-I9J0-1234-EFGH-567890123456', 'COMPLETED', '2023-11-27', '2023-12-07', 10, 150000, 1500000, 150000.0, 120000.0, 1770000.0, 300000, 0, 0, 0, 0, 0, '2023-11-23 00:00:00');
INSERT INTO motorbike_booking_history (id, booking_id, status, changed_at) VALUES ('92a0ca58-b250-49d1-bccf-9369ab9b3b0b', 'ff47cd89-5ff7-4937-a968-395d5f0ff408', 'PENDING', '2023-11-23 00:00:00');
INSERT INTO motorbike_booking_history (id, booking_id, status, changed_at) VALUES ('c2f6c050-77f0-4188-b01b-ccb7a4c348fb', 'ff47cd89-5ff7-4937-a968-395d5f0ff408', 'COMPLETED', '2023-11-23 02:00:00');
INSERT INTO motorbike_bookings (id, motorbike_id, renter_id, owner_id, status, start_date, end_date, total_days, price_per_day, base_price, service_fee, taxes, total, deposit, include_insurance, has_helmet, has_raincoat, has_phone_holder, has_touring_package, created_at) VALUES ('a9441967-4d02-4cee-8543-5264f6e0f691', 'BIKE-1', 'D4E5F6G7-H8I9-0123-DEFG-456789012345', 'E5F6G7H8-I9J0-1234-EFGH-567890123456', 'COMPLETED', '2023-08-02', '2023-08-11', 9, 150000, 1350000, 135000.0, 108000.0, 1593000.0, 300000, 0, 0, 0, 0, 0, '2023-08-01 00:00:00');
INSERT INTO motorbike_booking_history (id, booking_id, status, changed_at) VALUES ('373616d5-a936-4035-a4e6-cb0ea581fce4', 'a9441967-4d02-4cee-8543-5264f6e0f691', 'PENDING', '2023-08-01 00:00:00');
INSERT INTO motorbike_booking_history (id, booking_id, status, changed_at) VALUES ('5fc04ad8-4414-4757-955d-680adcc1601f', 'a9441967-4d02-4cee-8543-5264f6e0f691', 'COMPLETED', '2023-08-01 02:00:00');
INSERT INTO motorbike_bookings (id, motorbike_id, renter_id, owner_id, status, start_date, end_date, total_days, price_per_day, base_price, service_fee, taxes, total, deposit, include_insurance, has_helmet, has_raincoat, has_phone_holder, has_touring_package, created_at) VALUES ('eaa36161-cb24-4ba0-bb9a-d912cc373388', 'BIKE-2', 'D4E5F6G7-H8I9-0123-DEFG-456789012345', 'E5F6G7H8-I9J0-1234-EFGH-567890123456', 'CANCELLED', '2024-03-10', '2024-03-20', 10, 200000, 2000000, 200000.0, 160000.0, 2360000.0, 400000, 0, 0, 0, 0, 0, '2024-02-29 00:00:00');
INSERT INTO motorbike_booking_history (id, booking_id, status, changed_at) VALUES ('ebf7320b-02a8-474d-9b11-301b34614c22', 'eaa36161-cb24-4ba0-bb9a-d912cc373388', 'PENDING', '2024-02-29 00:00:00');
INSERT INTO motorbike_booking_history (id, booking_id, status, changed_at) VALUES ('1680f3b5-e13b-4514-a183-cc902d487c0c', 'eaa36161-cb24-4ba0-bb9a-d912cc373388', 'CANCELLED', '2024-02-29 02:00:00');
INSERT INTO motorbike_bookings (id, motorbike_id, renter_id, owner_id, status, start_date, end_date, total_days, price_per_day, base_price, service_fee, taxes, total, deposit, include_insurance, has_helmet, has_raincoat, has_phone_holder, has_touring_package, created_at) VALUES ('acc39451-ac30-4e6c-a7a9-019beb85adda', 'BIKE-3', 'B2C3D4E5-F6G7-8901-BCDE-234567890123', 'E5F6G7H8-I9J0-1234-EFGH-567890123456', 'COMPLETED', '2023-10-21', '2023-10-25', 4, 120000, 480000, 48000.0, 38400.0, 566400.0, 240000, 0, 0, 0, 0, 0, '2023-10-14 00:00:00');
INSERT INTO motorbike_booking_history (id, booking_id, status, changed_at) VALUES ('36323321-349c-45af-ac9d-6f01468a72f1', 'acc39451-ac30-4e6c-a7a9-019beb85adda', 'PENDING', '2023-10-14 00:00:00');
INSERT INTO motorbike_booking_history (id, booking_id, status, changed_at) VALUES ('a6b9f400-3ccf-4f59-accd-61a3a7a52333', 'acc39451-ac30-4e6c-a7a9-019beb85adda', 'COMPLETED', '2023-10-14 02:00:00');
INSERT INTO motorbike_bookings (id, motorbike_id, renter_id, owner_id, status, start_date, end_date, total_days, price_per_day, base_price, service_fee, taxes, total, deposit, include_insurance, has_helmet, has_raincoat, has_phone_holder, has_touring_package, created_at) VALUES ('a4658be8-5194-495c-b139-247b66753f96', 'BIKE-1', 'C3D4E5F6-G7H8-9012-CDEF-345678901234', 'E5F6G7H8-I9J0-1234-EFGH-567890123456', 'COMPLETED', '2024-02-08', '2024-02-17', 9, 150000, 1350000, 135000.0, 108000.0, 1593000.0, 300000, 0, 0, 0, 0, 0, '2024-01-31 00:00:00');
INSERT INTO motorbike_booking_history (id, booking_id, status, changed_at) VALUES ('d2f67058-3c65-4346-a84a-ddb3fc27fc47', 'a4658be8-5194-495c-b139-247b66753f96', 'PENDING', '2024-01-31 00:00:00');
INSERT INTO motorbike_booking_history (id, booking_id, status, changed_at) VALUES ('e3920b3d-d85e-48c6-b980-6d58139379d8', 'a4658be8-5194-495c-b139-247b66753f96', 'COMPLETED', '2024-01-31 02:00:00');
INSERT INTO motorbike_bookings (id, motorbike_id, renter_id, owner_id, status, start_date, end_date, total_days, price_per_day, base_price, service_fee, taxes, total, deposit, include_insurance, has_helmet, has_raincoat, has_phone_holder, has_touring_package, created_at) VALUES ('0c3b919a-77c5-4a97-b05b-53b5be5ae0b6', 'BIKE-1', 'C3D4E5F6-G7H8-9012-CDEF-345678901234', 'E5F6G7H8-I9J0-1234-EFGH-567890123456', 'COMPLETED', '2023-11-16', '2023-11-25', 9, 150000, 1350000, 135000.0, 108000.0, 1593000.0, 300000, 0, 0, 0, 0, 0, '2023-11-07 00:00:00');
INSERT INTO motorbike_booking_history (id, booking_id, status, changed_at) VALUES ('a5b67449-7330-4f65-99d7-446a7947e0dc', '0c3b919a-77c5-4a97-b05b-53b5be5ae0b6', 'PENDING', '2023-11-07 00:00:00');
INSERT INTO motorbike_booking_history (id, booking_id, status, changed_at) VALUES ('8e5114b7-9b00-4abc-9f3b-b2c1157933b1', '0c3b919a-77c5-4a97-b05b-53b5be5ae0b6', 'COMPLETED', '2023-11-07 02:00:00');
INSERT INTO motorbike_bookings (id, motorbike_id, renter_id, owner_id, status, start_date, end_date, total_days, price_per_day, base_price, service_fee, taxes, total, deposit, include_insurance, has_helmet, has_raincoat, has_phone_holder, has_touring_package, created_at) VALUES ('07dc34c8-4d6a-451c-9e7c-17bc7326d2c2', 'BIKE-1', 'D4E5F6G7-H8I9-0123-DEFG-456789012345', 'E5F6G7H8-I9J0-1234-EFGH-567890123456', 'COMPLETED', '2023-07-01', '2023-07-11', 10, 150000, 1500000, 150000.0, 120000.0, 1770000.0, 300000, 0, 0, 0, 0, 0, '2023-06-18 00:00:00');
INSERT INTO motorbike_booking_history (id, booking_id, status, changed_at) VALUES ('f0268084-31f4-4fe8-914c-45270ff925d4', '07dc34c8-4d6a-451c-9e7c-17bc7326d2c2', 'PENDING', '2023-06-18 00:00:00');
INSERT INTO motorbike_booking_history (id, booking_id, status, changed_at) VALUES ('b592cd19-52d5-4aa4-b4c7-31bcec2dd1a2', '07dc34c8-4d6a-451c-9e7c-17bc7326d2c2', 'COMPLETED', '2023-06-18 02:00:00');
INSERT INTO motorbike_bookings (id, motorbike_id, renter_id, owner_id, status, start_date, end_date, total_days, price_per_day, base_price, service_fee, taxes, total, deposit, include_insurance, has_helmet, has_raincoat, has_phone_holder, has_touring_package, created_at) VALUES ('183fbf1f-63a0-4fec-98b0-9945b7cd6801', 'BIKE-1', 'C3D4E5F6-G7H8-9012-CDEF-345678901234', 'E5F6G7H8-I9J0-1234-EFGH-567890123456', 'COMPLETED', '2023-11-28', '2023-12-03', 5, 150000, 750000, 75000.0, 60000.0, 885000.0, 300000, 0, 0, 0, 0, 0, '2023-11-23 00:00:00');
INSERT INTO motorbike_booking_history (id, booking_id, status, changed_at) VALUES ('7f905d4e-0f7b-434c-aabe-5dabac241219', '183fbf1f-63a0-4fec-98b0-9945b7cd6801', 'PENDING', '2023-11-23 00:00:00');
INSERT INTO motorbike_booking_history (id, booking_id, status, changed_at) VALUES ('41640f08-4b00-44b9-a609-313f12275a4f', '183fbf1f-63a0-4fec-98b0-9945b7cd6801', 'COMPLETED', '2023-11-23 02:00:00');
INSERT INTO motorbike_bookings (id, motorbike_id, renter_id, owner_id, status, start_date, end_date, total_days, price_per_day, base_price, service_fee, taxes, total, deposit, include_insurance, has_helmet, has_raincoat, has_phone_holder, has_touring_package, created_at) VALUES ('aafe7935-2148-4c2f-993e-f51d8b0d5f34', 'BIKE-3', 'B2C3D4E5-F6G7-8901-BCDE-234567890123', 'E5F6G7H8-I9J0-1234-EFGH-567890123456', 'COMPLETED', '2023-10-26', '2023-10-31', 5, 120000, 600000, 60000.0, 48000.0, 708000.0, 240000, 0, 0, 0, 0, 0, '2023-10-17 00:00:00');
INSERT INTO motorbike_booking_history (id, booking_id, status, changed_at) VALUES ('15945cb7-26f4-4523-887b-797770281aa1', 'aafe7935-2148-4c2f-993e-f51d8b0d5f34', 'PENDING', '2023-10-17 00:00:00');
INSERT INTO motorbike_booking_history (id, booking_id, status, changed_at) VALUES ('74b1d5dc-db93-412b-8dba-f0800ef4ce20', 'aafe7935-2148-4c2f-993e-f51d8b0d5f34', 'COMPLETED', '2023-10-17 02:00:00');
INSERT INTO motorbike_bookings (id, motorbike_id, renter_id, owner_id, status, start_date, end_date, total_days, price_per_day, base_price, service_fee, taxes, total, deposit, include_insurance, has_helmet, has_raincoat, has_phone_holder, has_touring_package, created_at) VALUES ('0c00c7bf-3848-4737-a25d-29661ce45ded', 'BIKE-1', 'D4E5F6G7-H8I9-0123-DEFG-456789012345', 'E5F6G7H8-I9J0-1234-EFGH-567890123456', 'COMPLETED', '2023-09-23', '2023-10-03', 10, 150000, 1500000, 150000.0, 120000.0, 1770000.0, 300000, 0, 0, 0, 0, 0, '2023-09-13 00:00:00');
INSERT INTO motorbike_booking_history (id, booking_id, status, changed_at) VALUES ('dfdb99d0-d4c9-4f28-9264-8c5f16c3daed', '0c00c7bf-3848-4737-a25d-29661ce45ded', 'PENDING', '2023-09-13 00:00:00');
INSERT INTO motorbike_booking_history (id, booking_id, status, changed_at) VALUES ('539e4f20-75bb-4d60-9ea6-cae7c28eebd5', '0c00c7bf-3848-4737-a25d-29661ce45ded', 'COMPLETED', '2023-09-13 02:00:00');
INSERT INTO motorbike_bookings (id, motorbike_id, renter_id, owner_id, status, start_date, end_date, total_days, price_per_day, base_price, service_fee, taxes, total, deposit, include_insurance, has_helmet, has_raincoat, has_phone_holder, has_touring_package, created_at) VALUES ('d9a6d890-c990-4ed3-b589-70ff67410274', 'BIKE-3', 'B2C3D4E5-F6G7-8901-BCDE-234567890123', 'E5F6G7H8-I9J0-1234-EFGH-567890123456', 'COMPLETED', '2024-04-10', '2024-04-17', 7, 120000, 840000, 84000.0, 67200.0, 991200.0, 240000, 0, 0, 0, 0, 0, '2024-04-02 00:00:00');
INSERT INTO motorbike_booking_history (id, booking_id, status, changed_at) VALUES ('9d6bbdb1-4465-4850-a28f-a214d6ac8a3c', 'd9a6d890-c990-4ed3-b589-70ff67410274', 'PENDING', '2024-04-02 00:00:00');
INSERT INTO motorbike_booking_history (id, booking_id, status, changed_at) VALUES ('9b69bc2f-a610-40db-afa8-59fae7e9f6c0', 'd9a6d890-c990-4ed3-b589-70ff67410274', 'COMPLETED', '2024-04-02 02:00:00');
INSERT INTO motorbike_bookings (id, motorbike_id, renter_id, owner_id, status, start_date, end_date, total_days, price_per_day, base_price, service_fee, taxes, total, deposit, include_insurance, has_helmet, has_raincoat, has_phone_holder, has_touring_package, created_at) VALUES ('5e18e237-b6a7-4342-8fa1-cd1de558bb0d', 'BIKE-1', 'C3D4E5F6-G7H8-9012-CDEF-345678901234', 'E5F6G7H8-I9J0-1234-EFGH-567890123456', 'CANCELLED', '2024-02-26', '2024-03-01', 4, 150000, 600000, 60000.0, 48000.0, 708000.0, 300000, 0, 0, 0, 0, 0, '2024-02-16 00:00:00');
INSERT INTO motorbike_booking_history (id, booking_id, status, changed_at) VALUES ('c8006478-99c1-4725-8445-fda85742d625', '5e18e237-b6a7-4342-8fa1-cd1de558bb0d', 'PENDING', '2024-02-16 00:00:00');
INSERT INTO motorbike_booking_history (id, booking_id, status, changed_at) VALUES ('1457130f-7ad2-47d1-a02f-bf84b9abb8d7', '5e18e237-b6a7-4342-8fa1-cd1de558bb0d', 'CANCELLED', '2024-02-16 02:00:00');
INSERT INTO motorbike_bookings (id, motorbike_id, renter_id, owner_id, status, start_date, end_date, total_days, price_per_day, base_price, service_fee, taxes, total, deposit, include_insurance, has_helmet, has_raincoat, has_phone_holder, has_touring_package, created_at) VALUES ('6e9887c0-f9dc-4355-8edd-1a6f6fda7699', 'BIKE-1', 'B2C3D4E5-F6G7-8901-BCDE-234567890123', 'E5F6G7H8-I9J0-1234-EFGH-567890123456', 'COMPLETED', '2023-04-07', '2023-04-08', 1, 150000, 150000, 15000.0, 12000.0, 177000.0, 300000, 0, 0, 0, 0, 0, '2023-03-28 00:00:00');
INSERT INTO motorbike_booking_history (id, booking_id, status, changed_at) VALUES ('c938bc0d-bc52-4bba-87ce-fb8d24d3347f', '6e9887c0-f9dc-4355-8edd-1a6f6fda7699', 'PENDING', '2023-03-28 00:00:00');
INSERT INTO motorbike_booking_history (id, booking_id, status, changed_at) VALUES ('d1f04874-4773-4c97-af81-1b4f381bafee', '6e9887c0-f9dc-4355-8edd-1a6f6fda7699', 'COMPLETED', '2023-03-28 02:00:00');
INSERT INTO motorbike_bookings (id, motorbike_id, renter_id, owner_id, status, start_date, end_date, total_days, price_per_day, base_price, service_fee, taxes, total, deposit, include_insurance, has_helmet, has_raincoat, has_phone_holder, has_touring_package, created_at) VALUES ('cdd04795-ee54-40f8-ae83-6925148777f8', 'BIKE-3', 'B2C3D4E5-F6G7-8901-BCDE-234567890123', 'E5F6G7H8-I9J0-1234-EFGH-567890123456', 'COMPLETED', '2024-01-07', '2024-01-09', 2, 120000, 240000, 24000.0, 19200.0, 283200.0, 240000, 0, 0, 0, 0, 0, '2023-12-29 00:00:00');
INSERT INTO motorbike_booking_history (id, booking_id, status, changed_at) VALUES ('c7a87eb4-c40a-440b-b112-0abfd46c4e1e', 'cdd04795-ee54-40f8-ae83-6925148777f8', 'PENDING', '2023-12-29 00:00:00');
INSERT INTO motorbike_booking_history (id, booking_id, status, changed_at) VALUES ('8d5f40c8-72f7-48a3-9167-e9f338d3ae27', 'cdd04795-ee54-40f8-ae83-6925148777f8', 'COMPLETED', '2023-12-29 02:00:00');
INSERT INTO motorbike_bookings (id, motorbike_id, renter_id, owner_id, status, start_date, end_date, total_days, price_per_day, base_price, service_fee, taxes, total, deposit, include_insurance, has_helmet, has_raincoat, has_phone_holder, has_touring_package, created_at) VALUES ('02e7b91e-d372-4f04-9ea2-f315b1a13a97', 'BIKE-1', 'B2C3D4E5-F6G7-8901-BCDE-234567890123', 'E5F6G7H8-I9J0-1234-EFGH-567890123456', 'COMPLETED', '2023-06-09', '2023-06-12', 3, 150000, 450000, 45000.0, 36000.0, 531000.0, 300000, 0, 0, 0, 0, 0, '2023-05-31 00:00:00');
INSERT INTO motorbike_booking_history (id, booking_id, status, changed_at) VALUES ('a5c0942f-22ee-4122-a832-c8979b957dcb', '02e7b91e-d372-4f04-9ea2-f315b1a13a97', 'PENDING', '2023-05-31 00:00:00');
INSERT INTO motorbike_booking_history (id, booking_id, status, changed_at) VALUES ('0d9a985a-d54f-45db-93d5-02d3e2c4b81d', '02e7b91e-d372-4f04-9ea2-f315b1a13a97', 'COMPLETED', '2023-05-31 02:00:00');
INSERT INTO motorbike_bookings (id, motorbike_id, renter_id, owner_id, status, start_date, end_date, total_days, price_per_day, base_price, service_fee, taxes, total, deposit, include_insurance, has_helmet, has_raincoat, has_phone_holder, has_touring_package, created_at) VALUES ('1dcb7eba-81d2-4d76-9e68-64181f83e610', 'BIKE-3', 'B2C3D4E5-F6G7-8901-BCDE-234567890123', 'E5F6G7H8-I9J0-1234-EFGH-567890123456', 'COMPLETED', '2023-12-21', '2023-12-23', 2, 120000, 240000, 24000.0, 19200.0, 283200.0, 240000, 0, 0, 0, 0, 0, '2023-12-13 00:00:00');
INSERT INTO motorbike_booking_history (id, booking_id, status, changed_at) VALUES ('0b68294c-572b-47d2-9266-db85005f4de9', '1dcb7eba-81d2-4d76-9e68-64181f83e610', 'PENDING', '2023-12-13 00:00:00');
INSERT INTO motorbike_booking_history (id, booking_id, status, changed_at) VALUES ('4f0e91eb-92b7-444c-b282-5592bd4ffd97', '1dcb7eba-81d2-4d76-9e68-64181f83e610', 'COMPLETED', '2023-12-13 02:00:00');
INSERT INTO motorbike_bookings (id, motorbike_id, renter_id, owner_id, status, start_date, end_date, total_days, price_per_day, base_price, service_fee, taxes, total, deposit, include_insurance, has_helmet, has_raincoat, has_phone_holder, has_touring_package, created_at) VALUES ('b6a9e21b-9d7c-49b3-ab78-f8979690d95e', 'BIKE-3', 'B2C3D4E5-F6G7-8901-BCDE-234567890123', 'E5F6G7H8-I9J0-1234-EFGH-567890123456', 'COMPLETED', '2023-11-19', '2023-11-23', 4, 120000, 480000, 48000.0, 38400.0, 566400.0, 240000, 0, 0, 0, 0, 0, '2023-11-11 00:00:00');
INSERT INTO motorbike_booking_history (id, booking_id, status, changed_at) VALUES ('b3408d29-946c-4c0b-b7b5-4bd44877a57b', 'b6a9e21b-9d7c-49b3-ab78-f8979690d95e', 'PENDING', '2023-11-11 00:00:00');
INSERT INTO motorbike_booking_history (id, booking_id, status, changed_at) VALUES ('9862548e-b187-440b-9fe1-6c881767419e', 'b6a9e21b-9d7c-49b3-ab78-f8979690d95e', 'COMPLETED', '2023-11-11 02:00:00');
INSERT INTO motorbike_bookings (id, motorbike_id, renter_id, owner_id, status, start_date, end_date, total_days, price_per_day, base_price, service_fee, taxes, total, deposit, include_insurance, has_helmet, has_raincoat, has_phone_holder, has_touring_package, created_at) VALUES ('d4331dc5-9036-4bce-b9bb-d7b5bf88a8e8', 'BIKE-1', 'D4E5F6G7-H8I9-0123-DEFG-456789012345', 'E5F6G7H8-I9J0-1234-EFGH-567890123456', 'COMPLETED', '2024-01-07', '2024-01-13', 6, 150000, 900000, 90000.0, 72000.0, 1062000.0, 300000, 0, 0, 0, 0, 0, '2023-12-25 00:00:00');
INSERT INTO motorbike_booking_history (id, booking_id, status, changed_at) VALUES ('80111da2-0e51-485b-8b8f-98303cb5a6c0', 'd4331dc5-9036-4bce-b9bb-d7b5bf88a8e8', 'PENDING', '2023-12-25 00:00:00');
INSERT INTO motorbike_booking_history (id, booking_id, status, changed_at) VALUES ('c100b87d-88f5-4af9-b433-befc7d2a45b7', 'd4331dc5-9036-4bce-b9bb-d7b5bf88a8e8', 'COMPLETED', '2023-12-25 02:00:00');
INSERT INTO motorbike_bookings (id, motorbike_id, renter_id, owner_id, status, start_date, end_date, total_days, price_per_day, base_price, service_fee, taxes, total, deposit, include_insurance, has_helmet, has_raincoat, has_phone_holder, has_touring_package, created_at) VALUES ('5fa42373-571a-4b96-a31f-df5a05000c71', 'BIKE-1', 'B2C3D4E5-F6G7-8901-BCDE-234567890123', 'E5F6G7H8-I9J0-1234-EFGH-567890123456', 'COMPLETED', '2023-05-12', '2023-05-21', 9, 150000, 1350000, 135000.0, 108000.0, 1593000.0, 300000, 0, 0, 0, 0, 0, '2023-05-04 00:00:00');
INSERT INTO motorbike_booking_history (id, booking_id, status, changed_at) VALUES ('6e9d0712-d1b2-40c4-80e4-50b924b35055', '5fa42373-571a-4b96-a31f-df5a05000c71', 'PENDING', '2023-05-04 00:00:00');
INSERT INTO motorbike_booking_history (id, booking_id, status, changed_at) VALUES ('844fde51-8483-43b9-9bb4-d79ecd25f2b1', '5fa42373-571a-4b96-a31f-df5a05000c71', 'COMPLETED', '2023-05-04 02:00:00');
INSERT INTO motorbike_bookings (id, motorbike_id, renter_id, owner_id, status, start_date, end_date, total_days, price_per_day, base_price, service_fee, taxes, total, deposit, include_insurance, has_helmet, has_raincoat, has_phone_holder, has_touring_package, created_at) VALUES ('c52f1763-6da4-4d51-bb04-e393d808269a', 'BIKE-2', 'B2C3D4E5-F6G7-8901-BCDE-234567890123', 'E5F6G7H8-I9J0-1234-EFGH-567890123456', 'CANCELLED', '2023-09-29', '2023-10-04', 5, 200000, 1000000, 100000.0, 80000.0, 1180000.0, 400000, 0, 0, 0, 0, 0, '2023-09-21 00:00:00');
INSERT INTO motorbike_booking_history (id, booking_id, status, changed_at) VALUES ('cf7f331c-34f3-4c46-908d-6b3efe477a40', 'c52f1763-6da4-4d51-bb04-e393d808269a', 'PENDING', '2023-09-21 00:00:00');
INSERT INTO motorbike_booking_history (id, booking_id, status, changed_at) VALUES ('13a7766e-686e-4561-89d7-dabbd396dabf', 'c52f1763-6da4-4d51-bb04-e393d808269a', 'CANCELLED', '2023-09-21 02:00:00');
INSERT INTO motorbike_bookings (id, motorbike_id, renter_id, owner_id, status, start_date, end_date, total_days, price_per_day, base_price, service_fee, taxes, total, deposit, include_insurance, has_helmet, has_raincoat, has_phone_holder, has_touring_package, created_at) VALUES ('6cdde2c3-3fbf-4d6c-9ea2-04ed247aaa27', 'BIKE-3', 'D4E5F6G7-H8I9-0123-DEFG-456789012345', 'E5F6G7H8-I9J0-1234-EFGH-567890123456', 'COMPLETED', '2023-03-08', '2023-03-09', 1, 120000, 120000, 12000.0, 9600.0, 141600.0, 240000, 0, 0, 0, 0, 0, '2023-02-26 00:00:00');
INSERT INTO motorbike_booking_history (id, booking_id, status, changed_at) VALUES ('3380b912-2fb4-4ad9-8ebd-dcc9d0de2284', '6cdde2c3-3fbf-4d6c-9ea2-04ed247aaa27', 'PENDING', '2023-02-26 00:00:00');
INSERT INTO motorbike_booking_history (id, booking_id, status, changed_at) VALUES ('e10ba259-92f5-4639-bcdc-2c68222b9a46', '6cdde2c3-3fbf-4d6c-9ea2-04ed247aaa27', 'COMPLETED', '2023-02-26 02:00:00');
INSERT INTO motorbike_bookings (id, motorbike_id, renter_id, owner_id, status, start_date, end_date, total_days, price_per_day, base_price, service_fee, taxes, total, deposit, include_insurance, has_helmet, has_raincoat, has_phone_holder, has_touring_package, created_at) VALUES ('b9d3cea9-c795-4248-8986-1fa57c842cc3', 'BIKE-3', 'D4E5F6G7-H8I9-0123-DEFG-456789012345', 'E5F6G7H8-I9J0-1234-EFGH-567890123456', 'COMPLETED', '2023-03-17', '2023-03-22', 5, 120000, 600000, 60000.0, 48000.0, 708000.0, 240000, 0, 0, 0, 0, 0, '2023-03-07 00:00:00');
INSERT INTO motorbike_booking_history (id, booking_id, status, changed_at) VALUES ('a110b1ac-f77d-431e-b451-960912c8104c', 'b9d3cea9-c795-4248-8986-1fa57c842cc3', 'PENDING', '2023-03-07 00:00:00');
INSERT INTO motorbike_booking_history (id, booking_id, status, changed_at) VALUES ('8629c662-5fd1-4cca-815f-4fd0f294bb49', 'b9d3cea9-c795-4248-8986-1fa57c842cc3', 'COMPLETED', '2023-03-07 02:00:00');
INSERT INTO motorbike_bookings (id, motorbike_id, renter_id, owner_id, status, start_date, end_date, total_days, price_per_day, base_price, service_fee, taxes, total, deposit, include_insurance, has_helmet, has_raincoat, has_phone_holder, has_touring_package, created_at) VALUES ('af811126-efa6-4e6f-a48b-8c9fef350ac9', 'BIKE-2', 'B2C3D4E5-F6G7-8901-BCDE-234567890123', 'E5F6G7H8-I9J0-1234-EFGH-567890123456', 'COMPLETED', '2023-04-03', '2023-04-07', 4, 200000, 800000, 80000.0, 64000.0, 944000.0, 400000, 0, 0, 0, 0, 0, '2023-03-28 00:00:00');
INSERT INTO motorbike_booking_history (id, booking_id, status, changed_at) VALUES ('a43e7377-a281-4f91-b1a8-0eb893134bad', 'af811126-efa6-4e6f-a48b-8c9fef350ac9', 'PENDING', '2023-03-28 00:00:00');
INSERT INTO motorbike_booking_history (id, booking_id, status, changed_at) VALUES ('b750f2a3-6ea8-428f-b460-c265187c4677', 'af811126-efa6-4e6f-a48b-8c9fef350ac9', 'COMPLETED', '2023-03-28 02:00:00');
INSERT INTO motorbike_bookings (id, motorbike_id, renter_id, owner_id, status, start_date, end_date, total_days, price_per_day, base_price, service_fee, taxes, total, deposit, include_insurance, has_helmet, has_raincoat, has_phone_holder, has_touring_package, created_at) VALUES ('1da14a20-2c2c-4f40-9580-3666d6c2777e', 'BIKE-3', 'C3D4E5F6-G7H8-9012-CDEF-345678901234', 'E5F6G7H8-I9J0-1234-EFGH-567890123456', 'COMPLETED', '2023-10-25', '2023-11-03', 9, 120000, 1080000, 108000.0, 86400.0, 1274400.0, 240000, 0, 0, 0, 0, 0, '2023-10-15 00:00:00');
INSERT INTO motorbike_booking_history (id, booking_id, status, changed_at) VALUES ('88214073-d90b-4bc0-857a-619b0f2d09d6', '1da14a20-2c2c-4f40-9580-3666d6c2777e', 'PENDING', '2023-10-15 00:00:00');
INSERT INTO motorbike_booking_history (id, booking_id, status, changed_at) VALUES ('4f80a4cc-4fdf-427b-a032-175a78f32774', '1da14a20-2c2c-4f40-9580-3666d6c2777e', 'COMPLETED', '2023-10-15 02:00:00');
INSERT INTO motorbike_bookings (id, motorbike_id, renter_id, owner_id, status, start_date, end_date, total_days, price_per_day, base_price, service_fee, taxes, total, deposit, include_insurance, has_helmet, has_raincoat, has_phone_holder, has_touring_package, created_at) VALUES ('fccb1294-e60f-4419-b1de-5e16a0e14ff3', 'BIKE-1', 'D4E5F6G7-H8I9-0123-DEFG-456789012345', 'E5F6G7H8-I9J0-1234-EFGH-567890123456', 'CANCELLED', '2024-02-22', '2024-03-03', 10, 150000, 1500000, 150000.0, 120000.0, 1770000.0, 300000, 0, 0, 0, 0, 0, '2024-02-20 00:00:00');
INSERT INTO motorbike_booking_history (id, booking_id, status, changed_at) VALUES ('90472ef9-050b-4fe9-be5a-14c679efc462', 'fccb1294-e60f-4419-b1de-5e16a0e14ff3', 'PENDING', '2024-02-20 00:00:00');
INSERT INTO motorbike_booking_history (id, booking_id, status, changed_at) VALUES ('4ef18343-f709-45e7-83cf-4df2bcbff30b', 'fccb1294-e60f-4419-b1de-5e16a0e14ff3', 'CANCELLED', '2024-02-20 02:00:00');
INSERT INTO motorbike_bookings (id, motorbike_id, renter_id, owner_id, status, start_date, end_date, total_days, price_per_day, base_price, service_fee, taxes, total, deposit, include_insurance, has_helmet, has_raincoat, has_phone_holder, has_touring_package, created_at) VALUES ('aa09577b-23d5-48f9-9b0f-9b562293829b', 'BIKE-3', 'B2C3D4E5-F6G7-8901-BCDE-234567890123', 'E5F6G7H8-I9J0-1234-EFGH-567890123456', 'COMPLETED', '2023-09-30', '2023-10-01', 1, 120000, 120000, 12000.0, 9600.0, 141600.0, 240000, 0, 0, 0, 0, 0, '2023-09-20 00:00:00');
INSERT INTO motorbike_booking_history (id, booking_id, status, changed_at) VALUES ('4a9bf435-4607-45c3-961b-8bf29787e647', 'aa09577b-23d5-48f9-9b0f-9b562293829b', 'PENDING', '2023-09-20 00:00:00');
INSERT INTO motorbike_booking_history (id, booking_id, status, changed_at) VALUES ('656e278c-6202-4b1e-a275-63e094f63519', 'aa09577b-23d5-48f9-9b0f-9b562293829b', 'COMPLETED', '2023-09-20 02:00:00');
INSERT INTO motorbike_bookings (id, motorbike_id, renter_id, owner_id, status, start_date, end_date, total_days, price_per_day, base_price, service_fee, taxes, total, deposit, include_insurance, has_helmet, has_raincoat, has_phone_holder, has_touring_package, created_at) VALUES ('81c74d11-e95c-415b-93b0-0a99a678959e', 'BIKE-1', 'B2C3D4E5-F6G7-8901-BCDE-234567890123', 'E5F6G7H8-I9J0-1234-EFGH-567890123456', 'COMPLETED', '2023-03-15', '2023-03-19', 4, 150000, 600000, 60000.0, 48000.0, 708000.0, 300000, 0, 0, 0, 0, 0, '2023-03-02 00:00:00');
INSERT INTO motorbike_booking_history (id, booking_id, status, changed_at) VALUES ('9f8e6a9d-c865-4c42-847f-c7a585d7c3df', '81c74d11-e95c-415b-93b0-0a99a678959e', 'PENDING', '2023-03-02 00:00:00');
INSERT INTO motorbike_booking_history (id, booking_id, status, changed_at) VALUES ('f8902e34-302f-4557-b2b5-73a77c226bea', '81c74d11-e95c-415b-93b0-0a99a678959e', 'COMPLETED', '2023-03-02 02:00:00');
INSERT INTO motorbike_bookings (id, motorbike_id, renter_id, owner_id, status, start_date, end_date, total_days, price_per_day, base_price, service_fee, taxes, total, deposit, include_insurance, has_helmet, has_raincoat, has_phone_holder, has_touring_package, created_at) VALUES ('760448fa-76ac-4297-acb1-d2b087b43bb3', 'BIKE-2', 'B2C3D4E5-F6G7-8901-BCDE-234567890123', 'E5F6G7H8-I9J0-1234-EFGH-567890123456', 'COMPLETED', '2024-04-06', '2024-04-16', 10, 200000, 2000000, 200000.0, 160000.0, 2360000.0, 400000, 0, 0, 0, 0, 0, '2024-04-03 00:00:00');
INSERT INTO motorbike_booking_history (id, booking_id, status, changed_at) VALUES ('c2c47e18-72fb-41ac-b0c0-c218a08225d5', '760448fa-76ac-4297-acb1-d2b087b43bb3', 'PENDING', '2024-04-03 00:00:00');
INSERT INTO motorbike_booking_history (id, booking_id, status, changed_at) VALUES ('52f8dbd9-bb1c-44f3-b517-7aaa50cb80c2', '760448fa-76ac-4297-acb1-d2b087b43bb3', 'COMPLETED', '2024-04-03 02:00:00');
INSERT INTO motorbike_bookings (id, motorbike_id, renter_id, owner_id, status, start_date, end_date, total_days, price_per_day, base_price, service_fee, taxes, total, deposit, include_insurance, has_helmet, has_raincoat, has_phone_holder, has_touring_package, created_at) VALUES ('7b3333a4-d5c3-41bd-bd13-d5d3cffb8842', 'BIKE-2', 'D4E5F6G7-H8I9-0123-DEFG-456789012345', 'E5F6G7H8-I9J0-1234-EFGH-567890123456', 'COMPLETED', '2023-03-29', '2023-04-07', 9, 200000, 1800000, 180000.0, 144000.0, 2124000.0, 400000, 0, 0, 0, 0, 0, '2023-03-24 00:00:00');
INSERT INTO motorbike_booking_history (id, booking_id, status, changed_at) VALUES ('0a18167e-e274-46b0-b091-fe149ce6e678', '7b3333a4-d5c3-41bd-bd13-d5d3cffb8842', 'PENDING', '2023-03-24 00:00:00');
INSERT INTO motorbike_booking_history (id, booking_id, status, changed_at) VALUES ('f3268328-907a-43d4-b709-939101482670', '7b3333a4-d5c3-41bd-bd13-d5d3cffb8842', 'COMPLETED', '2023-03-24 02:00:00');
INSERT INTO motorbike_bookings (id, motorbike_id, renter_id, owner_id, status, start_date, end_date, total_days, price_per_day, base_price, service_fee, taxes, total, deposit, include_insurance, has_helmet, has_raincoat, has_phone_holder, has_touring_package, created_at) VALUES ('9ac0d308-2d70-4fcc-91ff-b51c734ccb01', 'BIKE-3', 'D4E5F6G7-H8I9-0123-DEFG-456789012345', 'E5F6G7H8-I9J0-1234-EFGH-567890123456', 'COMPLETED', '2023-09-12', '2023-09-16', 4, 120000, 480000, 48000.0, 38400.0, 566400.0, 240000, 0, 0, 0, 0, 0, '2023-09-06 00:00:00');
INSERT INTO motorbike_booking_history (id, booking_id, status, changed_at) VALUES ('24ebf51d-ffae-4717-9a04-818aa1956af4', '9ac0d308-2d70-4fcc-91ff-b51c734ccb01', 'PENDING', '2023-09-06 00:00:00');
INSERT INTO motorbike_booking_history (id, booking_id, status, changed_at) VALUES ('3b8e35a7-4641-4d2b-8857-db280469e0c9', '9ac0d308-2d70-4fcc-91ff-b51c734ccb01', 'COMPLETED', '2023-09-06 02:00:00');
INSERT INTO motorbike_bookings (id, motorbike_id, renter_id, owner_id, status, start_date, end_date, total_days, price_per_day, base_price, service_fee, taxes, total, deposit, include_insurance, has_helmet, has_raincoat, has_phone_holder, has_touring_package, created_at) VALUES ('d465a8c4-367f-4e6d-ad80-c62342e41d25', 'BIKE-3', 'D4E5F6G7-H8I9-0123-DEFG-456789012345', 'E5F6G7H8-I9J0-1234-EFGH-567890123456', 'COMPLETED', '2024-02-07', '2024-02-14', 7, 120000, 840000, 84000.0, 67200.0, 991200.0, 240000, 0, 0, 0, 0, 0, '2024-02-01 00:00:00');
INSERT INTO motorbike_booking_history (id, booking_id, status, changed_at) VALUES ('2b5f4b94-c048-444d-98eb-fd4df194712e', 'd465a8c4-367f-4e6d-ad80-c62342e41d25', 'PENDING', '2024-02-01 00:00:00');
INSERT INTO motorbike_booking_history (id, booking_id, status, changed_at) VALUES ('473befe6-60cc-4b82-82b3-204448c1e335', 'd465a8c4-367f-4e6d-ad80-c62342e41d25', 'COMPLETED', '2024-02-01 02:00:00');
INSERT INTO motorbike_bookings (id, motorbike_id, renter_id, owner_id, status, start_date, end_date, total_days, price_per_day, base_price, service_fee, taxes, total, deposit, include_insurance, has_helmet, has_raincoat, has_phone_holder, has_touring_package, created_at) VALUES ('3042992d-4325-4fa2-adf1-e32adfd26a96', 'BIKE-2', 'C3D4E5F6-G7H8-9012-CDEF-345678901234', 'E5F6G7H8-I9J0-1234-EFGH-567890123456', 'COMPLETED', '2023-11-15', '2023-11-25', 10, 200000, 2000000, 200000.0, 160000.0, 2360000.0, 400000, 0, 0, 0, 0, 0, '2023-11-13 00:00:00');
INSERT INTO motorbike_booking_history (id, booking_id, status, changed_at) VALUES ('edd19e75-8eae-4ccd-854d-824cbad98753', '3042992d-4325-4fa2-adf1-e32adfd26a96', 'PENDING', '2023-11-13 00:00:00');
INSERT INTO motorbike_booking_history (id, booking_id, status, changed_at) VALUES ('8eb914bf-362b-4cec-97d2-3a88d4cc3da8', '3042992d-4325-4fa2-adf1-e32adfd26a96', 'COMPLETED', '2023-11-13 02:00:00');
INSERT INTO motorbike_bookings (id, motorbike_id, renter_id, owner_id, status, start_date, end_date, total_days, price_per_day, base_price, service_fee, taxes, total, deposit, include_insurance, has_helmet, has_raincoat, has_phone_holder, has_touring_package, created_at) VALUES ('4cc72890-b209-41cb-b56e-92895d00a51f', 'BIKE-1', 'B2C3D4E5-F6G7-8901-BCDE-234567890123', 'E5F6G7H8-I9J0-1234-EFGH-567890123456', 'COMPLETED', '2023-10-11', '2023-10-15', 4, 150000, 600000, 60000.0, 48000.0, 708000.0, 300000, 0, 0, 0, 0, 0, '2023-09-27 00:00:00');
INSERT INTO motorbike_booking_history (id, booking_id, status, changed_at) VALUES ('1829f4bc-9fd4-4278-be0f-4f6e9b905e6e', '4cc72890-b209-41cb-b56e-92895d00a51f', 'PENDING', '2023-09-27 00:00:00');
INSERT INTO motorbike_booking_history (id, booking_id, status, changed_at) VALUES ('25712465-823b-4bc4-a694-9e8fa91cfad6', '4cc72890-b209-41cb-b56e-92895d00a51f', 'COMPLETED', '2023-09-27 02:00:00');
INSERT INTO motorbike_bookings (id, motorbike_id, renter_id, owner_id, status, start_date, end_date, total_days, price_per_day, base_price, service_fee, taxes, total, deposit, include_insurance, has_helmet, has_raincoat, has_phone_holder, has_touring_package, created_at) VALUES ('402006e3-b48b-42be-bf53-97aa76ee0328', 'BIKE-3', 'B2C3D4E5-F6G7-8901-BCDE-234567890123', 'E5F6G7H8-I9J0-1234-EFGH-567890123456', 'COMPLETED', '2023-09-14', '2023-09-21', 7, 120000, 840000, 84000.0, 67200.0, 991200.0, 240000, 0, 0, 0, 0, 0, '2023-09-04 00:00:00');
INSERT INTO motorbike_booking_history (id, booking_id, status, changed_at) VALUES ('3db1a85f-ec3a-47dd-bdea-8dce1a20bec7', '402006e3-b48b-42be-bf53-97aa76ee0328', 'PENDING', '2023-09-04 00:00:00');
INSERT INTO motorbike_booking_history (id, booking_id, status, changed_at) VALUES ('4139637b-a7e0-4290-96e2-a7ec7324bdf5', '402006e3-b48b-42be-bf53-97aa76ee0328', 'COMPLETED', '2023-09-04 02:00:00');
INSERT INTO motorbike_bookings (id, motorbike_id, renter_id, owner_id, status, start_date, end_date, total_days, price_per_day, base_price, service_fee, taxes, total, deposit, include_insurance, has_helmet, has_raincoat, has_phone_holder, has_touring_package, created_at) VALUES ('c2b13423-b1fc-467c-a9a8-90f1cccc3fb3', 'BIKE-1', 'C3D4E5F6-G7H8-9012-CDEF-345678901234', 'E5F6G7H8-I9J0-1234-EFGH-567890123456', 'COMPLETED', '2023-12-21', '2023-12-26', 5, 150000, 750000, 75000.0, 60000.0, 885000.0, 300000, 0, 0, 0, 0, 0, '2023-12-11 00:00:00');
INSERT INTO motorbike_booking_history (id, booking_id, status, changed_at) VALUES ('9b22cdc1-f461-48cb-846f-ea84438b45fb', 'c2b13423-b1fc-467c-a9a8-90f1cccc3fb3', 'PENDING', '2023-12-11 00:00:00');
INSERT INTO motorbike_booking_history (id, booking_id, status, changed_at) VALUES ('3356d488-ec67-4fcc-bf18-1c3d4b88abbc', 'c2b13423-b1fc-467c-a9a8-90f1cccc3fb3', 'COMPLETED', '2023-12-11 02:00:00');
INSERT INTO motorbike_bookings (id, motorbike_id, renter_id, owner_id, status, start_date, end_date, total_days, price_per_day, base_price, service_fee, taxes, total, deposit, include_insurance, has_helmet, has_raincoat, has_phone_holder, has_touring_package, created_at) VALUES ('b58c9265-7aed-48aa-b40f-1794b33a2d61', 'BIKE-1', 'D4E5F6G7-H8I9-0123-DEFG-456789012345', 'E5F6G7H8-I9J0-1234-EFGH-567890123456', 'COMPLETED', '2023-06-09', '2023-06-14', 5, 150000, 750000, 75000.0, 60000.0, 885000.0, 300000, 0, 0, 0, 0, 0, '2023-06-03 00:00:00');
INSERT INTO motorbike_booking_history (id, booking_id, status, changed_at) VALUES ('929d9c31-2b5a-4dd9-a3dc-2c988308235c', 'b58c9265-7aed-48aa-b40f-1794b33a2d61', 'PENDING', '2023-06-03 00:00:00');
INSERT INTO motorbike_booking_history (id, booking_id, status, changed_at) VALUES ('1f81054a-f200-4979-876d-1942aba77315', 'b58c9265-7aed-48aa-b40f-1794b33a2d61', 'COMPLETED', '2023-06-03 02:00:00');
INSERT INTO motorbike_bookings (id, motorbike_id, renter_id, owner_id, status, start_date, end_date, total_days, price_per_day, base_price, service_fee, taxes, total, deposit, include_insurance, has_helmet, has_raincoat, has_phone_holder, has_touring_package, created_at) VALUES ('b83d7229-2ed1-446c-bc9a-c158353e89c3', 'BIKE-3', 'C3D4E5F6-G7H8-9012-CDEF-345678901234', 'E5F6G7H8-I9J0-1234-EFGH-567890123456', 'COMPLETED', '2023-12-07', '2023-12-08', 1, 120000, 120000, 12000.0, 9600.0, 141600.0, 240000, 0, 0, 0, 0, 0, '2023-11-26 00:00:00');
INSERT INTO motorbike_booking_history (id, booking_id, status, changed_at) VALUES ('ce236960-cc1b-44b0-b2ab-55f0714c4388', 'b83d7229-2ed1-446c-bc9a-c158353e89c3', 'PENDING', '2023-11-26 00:00:00');
INSERT INTO motorbike_booking_history (id, booking_id, status, changed_at) VALUES ('27190cb2-bee4-4dc0-a8bf-d20b968c1a0a', 'b83d7229-2ed1-446c-bc9a-c158353e89c3', 'COMPLETED', '2023-11-26 02:00:00');
INSERT INTO motorbike_bookings (id, motorbike_id, renter_id, owner_id, status, start_date, end_date, total_days, price_per_day, base_price, service_fee, taxes, total, deposit, include_insurance, has_helmet, has_raincoat, has_phone_holder, has_touring_package, created_at) VALUES ('d048d591-ab60-4824-b8e9-90e56c384714', 'BIKE-3', 'D4E5F6G7-H8I9-0123-DEFG-456789012345', 'E5F6G7H8-I9J0-1234-EFGH-567890123456', 'COMPLETED', '2024-05-23', '2024-06-02', 10, 120000, 1200000, 120000.0, 96000.0, 1416000.0, 240000, 0, 0, 0, 0, 0, '2024-05-17 00:00:00');
INSERT INTO motorbike_booking_history (id, booking_id, status, changed_at) VALUES ('9e9b2955-00e4-42ce-866c-9df40b970215', 'd048d591-ab60-4824-b8e9-90e56c384714', 'PENDING', '2024-05-17 00:00:00');
INSERT INTO motorbike_booking_history (id, booking_id, status, changed_at) VALUES ('3a366fa9-1219-4d70-b82a-5b09fc8bec99', 'd048d591-ab60-4824-b8e9-90e56c384714', 'COMPLETED', '2024-05-17 02:00:00');
INSERT INTO motorbike_bookings (id, motorbike_id, renter_id, owner_id, status, start_date, end_date, total_days, price_per_day, base_price, service_fee, taxes, total, deposit, include_insurance, has_helmet, has_raincoat, has_phone_holder, has_touring_package, created_at) VALUES ('67c79a3f-82ab-4193-9e68-4b5b111751af', 'BIKE-2', 'B2C3D4E5-F6G7-8901-BCDE-234567890123', 'E5F6G7H8-I9J0-1234-EFGH-567890123456', 'COMPLETED', '2024-03-30', '2024-03-31', 1, 200000, 200000, 20000.0, 16000.0, 236000.0, 400000, 0, 0, 0, 0, 0, '2024-03-20 00:00:00');
INSERT INTO motorbike_booking_history (id, booking_id, status, changed_at) VALUES ('b749be0e-508f-44ea-9a5b-a46e923e13ea', '67c79a3f-82ab-4193-9e68-4b5b111751af', 'PENDING', '2024-03-20 00:00:00');
INSERT INTO motorbike_booking_history (id, booking_id, status, changed_at) VALUES ('b14600fb-3c0d-4fd7-9852-988daff06253', '67c79a3f-82ab-4193-9e68-4b5b111751af', 'COMPLETED', '2024-03-20 02:00:00');
INSERT INTO motorbike_bookings (id, motorbike_id, renter_id, owner_id, status, start_date, end_date, total_days, price_per_day, base_price, service_fee, taxes, total, deposit, include_insurance, has_helmet, has_raincoat, has_phone_holder, has_touring_package, created_at) VALUES ('ee48e2e9-f037-46ad-8d13-71b4a59ecfdf', 'BIKE-2', 'D4E5F6G7-H8I9-0123-DEFG-456789012345', 'E5F6G7H8-I9J0-1234-EFGH-567890123456', 'COMPLETED', '2024-03-31', '2024-04-10', 10, 200000, 2000000, 200000.0, 160000.0, 2360000.0, 400000, 0, 0, 0, 0, 0, '2024-03-17 00:00:00');
INSERT INTO motorbike_booking_history (id, booking_id, status, changed_at) VALUES ('a5c68987-5ed3-4db5-a7eb-1d4e11ade996', 'ee48e2e9-f037-46ad-8d13-71b4a59ecfdf', 'PENDING', '2024-03-17 00:00:00');
INSERT INTO motorbike_booking_history (id, booking_id, status, changed_at) VALUES ('e35711d2-63c1-4e1e-8cc7-fb0529a6b579', 'ee48e2e9-f037-46ad-8d13-71b4a59ecfdf', 'COMPLETED', '2024-03-17 02:00:00');
INSERT INTO motorbike_bookings (id, motorbike_id, renter_id, owner_id, status, start_date, end_date, total_days, price_per_day, base_price, service_fee, taxes, total, deposit, include_insurance, has_helmet, has_raincoat, has_phone_holder, has_touring_package, created_at) VALUES ('9e7654e0-ea88-455e-8c2c-2eaec7787eff', 'BIKE-2', 'D4E5F6G7-H8I9-0123-DEFG-456789012345', 'E5F6G7H8-I9J0-1234-EFGH-567890123456', 'COMPLETED', '2023-08-31', '2023-09-02', 2, 200000, 400000, 40000.0, 32000.0, 472000.0, 400000, 0, 0, 0, 0, 0, '2023-08-24 00:00:00');
INSERT INTO motorbike_booking_history (id, booking_id, status, changed_at) VALUES ('3d3aebcd-f8f4-46c0-8aa9-0addb3f54b3a', '9e7654e0-ea88-455e-8c2c-2eaec7787eff', 'PENDING', '2023-08-24 00:00:00');
INSERT INTO motorbike_booking_history (id, booking_id, status, changed_at) VALUES ('0888de46-1f30-42f3-833c-4b07cf2e028f', '9e7654e0-ea88-455e-8c2c-2eaec7787eff', 'COMPLETED', '2023-08-24 02:00:00');
INSERT INTO motorbike_bookings (id, motorbike_id, renter_id, owner_id, status, start_date, end_date, total_days, price_per_day, base_price, service_fee, taxes, total, deposit, include_insurance, has_helmet, has_raincoat, has_phone_holder, has_touring_package, created_at) VALUES ('3592ecc8-84b8-46a6-942f-2b787de15efe', 'BIKE-1', 'C3D4E5F6-G7H8-9012-CDEF-345678901234', 'E5F6G7H8-I9J0-1234-EFGH-567890123456', 'COMPLETED', '2023-01-06', '2023-01-11', 5, 150000, 750000, 75000.0, 60000.0, 885000.0, 300000, 0, 0, 0, 0, 0, '2023-01-03 00:00:00');
INSERT INTO motorbike_booking_history (id, booking_id, status, changed_at) VALUES ('1d66e285-ad74-48a4-a392-92b076bfecbd', '3592ecc8-84b8-46a6-942f-2b787de15efe', 'PENDING', '2023-01-03 00:00:00');
INSERT INTO motorbike_booking_history (id, booking_id, status, changed_at) VALUES ('5accc786-3043-4b6a-bea7-91cf69bbf4d3', '3592ecc8-84b8-46a6-942f-2b787de15efe', 'COMPLETED', '2023-01-03 02:00:00');
INSERT INTO motorbike_bookings (id, motorbike_id, renter_id, owner_id, status, start_date, end_date, total_days, price_per_day, base_price, service_fee, taxes, total, deposit, include_insurance, has_helmet, has_raincoat, has_phone_holder, has_touring_package, created_at) VALUES ('6621b8fd-270a-43e7-a84b-28a3080a8cf2', 'BIKE-1', 'B2C3D4E5-F6G7-8901-BCDE-234567890123', 'E5F6G7H8-I9J0-1234-EFGH-567890123456', 'COMPLETED', '2023-01-29', '2023-02-05', 7, 150000, 1050000, 105000.0, 84000.0, 1239000.0, 300000, 0, 0, 0, 0, 0, '2023-01-22 00:00:00');
INSERT INTO motorbike_booking_history (id, booking_id, status, changed_at) VALUES ('a2f7da4e-4926-4346-9917-5512b8486c36', '6621b8fd-270a-43e7-a84b-28a3080a8cf2', 'PENDING', '2023-01-22 00:00:00');
INSERT INTO motorbike_booking_history (id, booking_id, status, changed_at) VALUES ('6e18e2b4-963f-4fe0-be66-2048fe92dfb0', '6621b8fd-270a-43e7-a84b-28a3080a8cf2', 'COMPLETED', '2023-01-22 02:00:00');
INSERT INTO motorbike_bookings (id, motorbike_id, renter_id, owner_id, status, start_date, end_date, total_days, price_per_day, base_price, service_fee, taxes, total, deposit, include_insurance, has_helmet, has_raincoat, has_phone_holder, has_touring_package, created_at) VALUES ('88e075a9-a99c-4204-b4cc-fffb97ece7bb', 'BIKE-1', 'C3D4E5F6-G7H8-9012-CDEF-345678901234', 'E5F6G7H8-I9J0-1234-EFGH-567890123456', 'CANCELLED', '2024-01-07', '2024-01-09', 2, 150000, 300000, 30000.0, 24000.0, 354000.0, 300000, 0, 0, 0, 0, 0, '2023-12-27 00:00:00');
INSERT INTO motorbike_booking_history (id, booking_id, status, changed_at) VALUES ('02da3167-b1c3-4121-b204-c242b9ea09e8', '88e075a9-a99c-4204-b4cc-fffb97ece7bb', 'PENDING', '2023-12-27 00:00:00');
INSERT INTO motorbike_booking_history (id, booking_id, status, changed_at) VALUES ('d3bd21c9-02a9-4888-bce0-b9fee54e4860', '88e075a9-a99c-4204-b4cc-fffb97ece7bb', 'CANCELLED', '2023-12-27 02:00:00');
INSERT INTO motorbike_bookings (id, motorbike_id, renter_id, owner_id, status, start_date, end_date, total_days, price_per_day, base_price, service_fee, taxes, total, deposit, include_insurance, has_helmet, has_raincoat, has_phone_holder, has_touring_package, created_at) VALUES ('25d3f75c-6468-4520-8f99-9ffffe41c3f3', 'BIKE-2', 'B2C3D4E5-F6G7-8901-BCDE-234567890123', 'E5F6G7H8-I9J0-1234-EFGH-567890123456', 'COMPLETED', '2024-04-08', '2024-04-11', 3, 200000, 600000, 60000.0, 48000.0, 708000.0, 400000, 0, 0, 0, 0, 0, '2024-03-25 00:00:00');
INSERT INTO motorbike_booking_history (id, booking_id, status, changed_at) VALUES ('6a2adcfd-fc97-4264-9162-ba1f2a4d0cd2', '25d3f75c-6468-4520-8f99-9ffffe41c3f3', 'PENDING', '2024-03-25 00:00:00');
INSERT INTO motorbike_booking_history (id, booking_id, status, changed_at) VALUES ('3b24015c-3aab-4aec-ad6a-b97c4295954c', '25d3f75c-6468-4520-8f99-9ffffe41c3f3', 'COMPLETED', '2024-03-25 02:00:00');
INSERT INTO motorbike_bookings (id, motorbike_id, renter_id, owner_id, status, start_date, end_date, total_days, price_per_day, base_price, service_fee, taxes, total, deposit, include_insurance, has_helmet, has_raincoat, has_phone_holder, has_touring_package, created_at) VALUES ('5dd6c017-b9dd-4d9b-8804-b0931d926d0c', 'BIKE-3', 'C3D4E5F6-G7H8-9012-CDEF-345678901234', 'E5F6G7H8-I9J0-1234-EFGH-567890123456', 'CANCELLED', '2024-04-29', '2024-05-05', 6, 120000, 720000, 72000.0, 57600.0, 849600.0, 240000, 0, 0, 0, 0, 0, '2024-04-17 00:00:00');
INSERT INTO motorbike_booking_history (id, booking_id, status, changed_at) VALUES ('f40e2f9d-ffb5-45e8-beee-7ae868497228', '5dd6c017-b9dd-4d9b-8804-b0931d926d0c', 'PENDING', '2024-04-17 00:00:00');
INSERT INTO motorbike_booking_history (id, booking_id, status, changed_at) VALUES ('1f23dfb7-1ce6-45c1-ad4c-40f7761018c5', '5dd6c017-b9dd-4d9b-8804-b0931d926d0c', 'CANCELLED', '2024-04-17 02:00:00');
INSERT INTO motorbike_bookings (id, motorbike_id, renter_id, owner_id, status, start_date, end_date, total_days, price_per_day, base_price, service_fee, taxes, total, deposit, include_insurance, has_helmet, has_raincoat, has_phone_holder, has_touring_package, created_at) VALUES ('97e71555-c28b-4277-8218-c80e10a7f91a', 'BIKE-2', 'B2C3D4E5-F6G7-8901-BCDE-234567890123', 'E5F6G7H8-I9J0-1234-EFGH-567890123456', 'COMPLETED', '2023-04-15', '2023-04-17', 2, 200000, 400000, 40000.0, 32000.0, 472000.0, 400000, 0, 0, 0, 0, 0, '2023-04-05 00:00:00');
INSERT INTO motorbike_booking_history (id, booking_id, status, changed_at) VALUES ('8d301b7a-1a04-4992-9d6f-a20628260c38', '97e71555-c28b-4277-8218-c80e10a7f91a', 'PENDING', '2023-04-05 00:00:00');
INSERT INTO motorbike_booking_history (id, booking_id, status, changed_at) VALUES ('0641bc35-54f1-4881-a295-d8ff3dbe5fef', '97e71555-c28b-4277-8218-c80e10a7f91a', 'COMPLETED', '2023-04-05 02:00:00');
INSERT INTO motorbike_bookings (id, motorbike_id, renter_id, owner_id, status, start_date, end_date, total_days, price_per_day, base_price, service_fee, taxes, total, deposit, include_insurance, has_helmet, has_raincoat, has_phone_holder, has_touring_package, created_at) VALUES ('c034eaa3-493d-4731-8937-9250ca1dc799', 'BIKE-3', 'D4E5F6G7-H8I9-0123-DEFG-456789012345', 'E5F6G7H8-I9J0-1234-EFGH-567890123456', 'COMPLETED', '2023-06-08', '2023-06-10', 2, 120000, 240000, 24000.0, 19200.0, 283200.0, 240000, 0, 0, 0, 0, 0, '2023-06-01 00:00:00');
INSERT INTO motorbike_booking_history (id, booking_id, status, changed_at) VALUES ('156c4b9a-5526-418b-b790-62ae77da7c68', 'c034eaa3-493d-4731-8937-9250ca1dc799', 'PENDING', '2023-06-01 00:00:00');
INSERT INTO motorbike_booking_history (id, booking_id, status, changed_at) VALUES ('d10c6923-4ed3-4200-abdf-9dfbc3ba20da', 'c034eaa3-493d-4731-8937-9250ca1dc799', 'COMPLETED', '2023-06-01 02:00:00');
INSERT INTO motorbike_bookings (id, motorbike_id, renter_id, owner_id, status, start_date, end_date, total_days, price_per_day, base_price, service_fee, taxes, total, deposit, include_insurance, has_helmet, has_raincoat, has_phone_holder, has_touring_package, created_at) VALUES ('e90996ca-58c0-47e2-a58a-bd0f1acafb94', 'BIKE-1', 'C3D4E5F6-G7H8-9012-CDEF-345678901234', 'E5F6G7H8-I9J0-1234-EFGH-567890123456', 'COMPLETED', '2023-03-07', '2023-03-08', 1, 150000, 150000, 15000.0, 12000.0, 177000.0, 300000, 0, 0, 0, 0, 0, '2023-02-24 00:00:00');
INSERT INTO motorbike_booking_history (id, booking_id, status, changed_at) VALUES ('b8791097-0300-40e8-9341-a1b60d34f5c6', 'e90996ca-58c0-47e2-a58a-bd0f1acafb94', 'PENDING', '2023-02-24 00:00:00');
INSERT INTO motorbike_booking_history (id, booking_id, status, changed_at) VALUES ('638abf52-dbd2-4d34-be23-02cd7333955a', 'e90996ca-58c0-47e2-a58a-bd0f1acafb94', 'COMPLETED', '2023-02-24 02:00:00');
INSERT INTO motorbike_bookings (id, motorbike_id, renter_id, owner_id, status, start_date, end_date, total_days, price_per_day, base_price, service_fee, taxes, total, deposit, include_insurance, has_helmet, has_raincoat, has_phone_holder, has_touring_package, created_at) VALUES ('ac8b7392-178f-46d2-9fb2-455c3d5a3913', 'BIKE-3', 'D4E5F6G7-H8I9-0123-DEFG-456789012345', 'E5F6G7H8-I9J0-1234-EFGH-567890123456', 'COMPLETED', '2024-02-06', '2024-02-10', 4, 120000, 480000, 48000.0, 38400.0, 566400.0, 240000, 0, 0, 0, 0, 0, '2024-01-31 00:00:00');
INSERT INTO motorbike_booking_history (id, booking_id, status, changed_at) VALUES ('2635fc8f-a511-46a5-af19-331d836168e1', 'ac8b7392-178f-46d2-9fb2-455c3d5a3913', 'PENDING', '2024-01-31 00:00:00');
INSERT INTO motorbike_booking_history (id, booking_id, status, changed_at) VALUES ('6a78a699-386e-4147-918b-bb83c4d10460', 'ac8b7392-178f-46d2-9fb2-455c3d5a3913', 'COMPLETED', '2024-01-31 02:00:00');
INSERT INTO motorbike_bookings (id, motorbike_id, renter_id, owner_id, status, start_date, end_date, total_days, price_per_day, base_price, service_fee, taxes, total, deposit, include_insurance, has_helmet, has_raincoat, has_phone_holder, has_touring_package, created_at) VALUES ('7cb1080e-95ed-40c8-a68b-1f3d866e79e4', 'BIKE-1', 'D4E5F6G7-H8I9-0123-DEFG-456789012345', 'E5F6G7H8-I9J0-1234-EFGH-567890123456', 'COMPLETED', '2024-02-01', '2024-02-05', 4, 150000, 600000, 60000.0, 48000.0, 708000.0, 300000, 0, 0, 0, 0, 0, '2024-01-18 00:00:00');
INSERT INTO motorbike_booking_history (id, booking_id, status, changed_at) VALUES ('6d1ced65-c4c9-4505-84bb-ba5dd718b122', '7cb1080e-95ed-40c8-a68b-1f3d866e79e4', 'PENDING', '2024-01-18 00:00:00');
INSERT INTO motorbike_booking_history (id, booking_id, status, changed_at) VALUES ('cf038859-bdd9-486a-bd57-15c8c836af1c', '7cb1080e-95ed-40c8-a68b-1f3d866e79e4', 'COMPLETED', '2024-01-18 02:00:00');
INSERT INTO motorbike_bookings (id, motorbike_id, renter_id, owner_id, status, start_date, end_date, total_days, price_per_day, base_price, service_fee, taxes, total, deposit, include_insurance, has_helmet, has_raincoat, has_phone_holder, has_touring_package, created_at) VALUES ('356d8818-481f-4da1-a7f1-bfc3afdd0206', 'BIKE-3', 'B2C3D4E5-F6G7-8901-BCDE-234567890123', 'E5F6G7H8-I9J0-1234-EFGH-567890123456', 'COMPLETED', '2023-11-11', '2023-11-13', 2, 120000, 240000, 24000.0, 19200.0, 283200.0, 240000, 0, 0, 0, 0, 0, '2023-11-09 00:00:00');
INSERT INTO motorbike_booking_history (id, booking_id, status, changed_at) VALUES ('a4e63720-432b-4ca4-a9c4-ff76d00a057c', '356d8818-481f-4da1-a7f1-bfc3afdd0206', 'PENDING', '2023-11-09 00:00:00');
INSERT INTO motorbike_booking_history (id, booking_id, status, changed_at) VALUES ('70361c0b-4e35-45c9-b356-a7b7fd5dff04', '356d8818-481f-4da1-a7f1-bfc3afdd0206', 'COMPLETED', '2023-11-09 02:00:00');
INSERT INTO motorbike_bookings (id, motorbike_id, renter_id, owner_id, status, start_date, end_date, total_days, price_per_day, base_price, service_fee, taxes, total, deposit, include_insurance, has_helmet, has_raincoat, has_phone_holder, has_touring_package, created_at) VALUES ('07c6bf7e-0c9f-4c20-88ab-a49d82fc0e53', 'BIKE-3', 'B2C3D4E5-F6G7-8901-BCDE-234567890123', 'E5F6G7H8-I9J0-1234-EFGH-567890123456', 'COMPLETED', '2023-04-03', '2023-04-13', 10, 120000, 1200000, 120000.0, 96000.0, 1416000.0, 240000, 0, 0, 0, 0, 0, '2023-04-02 00:00:00');
INSERT INTO motorbike_booking_history (id, booking_id, status, changed_at) VALUES ('e7249a2b-9e14-40ab-8a64-534b00d00c8a', '07c6bf7e-0c9f-4c20-88ab-a49d82fc0e53', 'PENDING', '2023-04-02 00:00:00');
INSERT INTO motorbike_booking_history (id, booking_id, status, changed_at) VALUES ('044b5207-a231-49e9-9551-0bb09a646604', '07c6bf7e-0c9f-4c20-88ab-a49d82fc0e53', 'COMPLETED', '2023-04-02 02:00:00');
INSERT INTO motorbike_bookings (id, motorbike_id, renter_id, owner_id, status, start_date, end_date, total_days, price_per_day, base_price, service_fee, taxes, total, deposit, include_insurance, has_helmet, has_raincoat, has_phone_holder, has_touring_package, created_at) VALUES ('06e1ebec-d921-4623-bae5-f33f17e43ad5', 'BIKE-3', 'B2C3D4E5-F6G7-8901-BCDE-234567890123', 'E5F6G7H8-I9J0-1234-EFGH-567890123456', 'COMPLETED', '2024-02-11', '2024-02-13', 2, 120000, 240000, 24000.0, 19200.0, 283200.0, 240000, 0, 0, 0, 0, 0, '2024-02-08 00:00:00');
INSERT INTO motorbike_booking_history (id, booking_id, status, changed_at) VALUES ('34a1b81e-4605-43b8-92e1-8d602b6d1d21', '06e1ebec-d921-4623-bae5-f33f17e43ad5', 'PENDING', '2024-02-08 00:00:00');
INSERT INTO motorbike_booking_history (id, booking_id, status, changed_at) VALUES ('8c0e4228-aaea-4920-8cce-0a2b9ed2811a', '06e1ebec-d921-4623-bae5-f33f17e43ad5', 'COMPLETED', '2024-02-08 02:00:00');
INSERT INTO motorbike_bookings (id, motorbike_id, renter_id, owner_id, status, start_date, end_date, total_days, price_per_day, base_price, service_fee, taxes, total, deposit, include_insurance, has_helmet, has_raincoat, has_phone_holder, has_touring_package, created_at) VALUES ('aa09c68d-6bc5-40f6-808b-58f71444191b', 'BIKE-1', 'C3D4E5F6-G7H8-9012-CDEF-345678901234', 'E5F6G7H8-I9J0-1234-EFGH-567890123456', 'COMPLETED', '2023-03-06', '2023-03-12', 6, 150000, 900000, 90000.0, 72000.0, 1062000.0, 300000, 0, 0, 0, 0, 0, '2023-02-22 00:00:00');
INSERT INTO motorbike_booking_history (id, booking_id, status, changed_at) VALUES ('2c9f1071-4d45-4257-9e45-cfcac370cdcd', 'aa09c68d-6bc5-40f6-808b-58f71444191b', 'PENDING', '2023-02-22 00:00:00');
INSERT INTO motorbike_booking_history (id, booking_id, status, changed_at) VALUES ('83a801f7-d9ca-4706-b259-4f0b0537f992', 'aa09c68d-6bc5-40f6-808b-58f71444191b', 'COMPLETED', '2023-02-22 02:00:00');
INSERT INTO motorbike_bookings (id, motorbike_id, renter_id, owner_id, status, start_date, end_date, total_days, price_per_day, base_price, service_fee, taxes, total, deposit, include_insurance, has_helmet, has_raincoat, has_phone_holder, has_touring_package, created_at) VALUES ('0ad41bf5-1713-4cf2-b99a-acadb4bb9dd2', 'BIKE-2', 'B2C3D4E5-F6G7-8901-BCDE-234567890123', 'E5F6G7H8-I9J0-1234-EFGH-567890123456', 'COMPLETED', '2023-02-14', '2023-02-16', 2, 200000, 400000, 40000.0, 32000.0, 472000.0, 400000, 0, 0, 0, 0, 0, '2023-02-12 00:00:00');
INSERT INTO motorbike_booking_history (id, booking_id, status, changed_at) VALUES ('b094f513-7576-4be8-a1cb-2d6cf13bdba6', '0ad41bf5-1713-4cf2-b99a-acadb4bb9dd2', 'PENDING', '2023-02-12 00:00:00');
INSERT INTO motorbike_booking_history (id, booking_id, status, changed_at) VALUES ('9d6e0179-55b9-407b-a0ac-2f10cd004ff2', '0ad41bf5-1713-4cf2-b99a-acadb4bb9dd2', 'COMPLETED', '2023-02-12 02:00:00');
INSERT INTO motorbike_bookings (id, motorbike_id, renter_id, owner_id, status, start_date, end_date, total_days, price_per_day, base_price, service_fee, taxes, total, deposit, include_insurance, has_helmet, has_raincoat, has_phone_holder, has_touring_package, created_at) VALUES ('5946be9a-8ed4-4233-b813-5d9638dec2e9', 'BIKE-1', 'B2C3D4E5-F6G7-8901-BCDE-234567890123', 'E5F6G7H8-I9J0-1234-EFGH-567890123456', 'COMPLETED', '2023-03-30', '2023-04-08', 9, 150000, 1350000, 135000.0, 108000.0, 1593000.0, 300000, 0, 0, 0, 0, 0, '2023-03-27 00:00:00');
INSERT INTO motorbike_booking_history (id, booking_id, status, changed_at) VALUES ('565fa72b-35f6-44ee-baac-748ee892908d', '5946be9a-8ed4-4233-b813-5d9638dec2e9', 'PENDING', '2023-03-27 00:00:00');
INSERT INTO motorbike_booking_history (id, booking_id, status, changed_at) VALUES ('8a423b90-d715-4cf2-859d-d5007217fbc0', '5946be9a-8ed4-4233-b813-5d9638dec2e9', 'COMPLETED', '2023-03-27 02:00:00');
INSERT INTO motorbike_bookings (id, motorbike_id, renter_id, owner_id, status, start_date, end_date, total_days, price_per_day, base_price, service_fee, taxes, total, deposit, include_insurance, has_helmet, has_raincoat, has_phone_holder, has_touring_package, created_at) VALUES ('ae7c41d9-3e36-4a65-be79-70395a1ccd26', 'BIKE-3', 'D4E5F6G7-H8I9-0123-DEFG-456789012345', 'E5F6G7H8-I9J0-1234-EFGH-567890123456', 'COMPLETED', '2023-07-10', '2023-07-16', 6, 120000, 720000, 72000.0, 57600.0, 849600.0, 240000, 0, 0, 0, 0, 0, '2023-07-09 00:00:00');
INSERT INTO motorbike_booking_history (id, booking_id, status, changed_at) VALUES ('b1cb48a4-7245-4c82-8be4-58b8284a8fd1', 'ae7c41d9-3e36-4a65-be79-70395a1ccd26', 'PENDING', '2023-07-09 00:00:00');
INSERT INTO motorbike_booking_history (id, booking_id, status, changed_at) VALUES ('67c53a93-15a1-44d8-9d33-299b4250b45c', 'ae7c41d9-3e36-4a65-be79-70395a1ccd26', 'COMPLETED', '2023-07-09 02:00:00');
INSERT INTO motorbike_bookings (id, motorbike_id, renter_id, owner_id, status, start_date, end_date, total_days, price_per_day, base_price, service_fee, taxes, total, deposit, include_insurance, has_helmet, has_raincoat, has_phone_holder, has_touring_package, created_at) VALUES ('b6d22863-30b3-41a2-aef7-065573078024', 'BIKE-2', 'C3D4E5F6-G7H8-9012-CDEF-345678901234', 'E5F6G7H8-I9J0-1234-EFGH-567890123456', 'CANCELLED', '2023-06-10', '2023-06-20', 10, 200000, 2000000, 200000.0, 160000.0, 2360000.0, 400000, 0, 0, 0, 0, 0, '2023-06-02 00:00:00');
INSERT INTO motorbike_booking_history (id, booking_id, status, changed_at) VALUES ('e7822703-8b65-4fbf-8dbe-51829eed83e2', 'b6d22863-30b3-41a2-aef7-065573078024', 'PENDING', '2023-06-02 00:00:00');
INSERT INTO motorbike_booking_history (id, booking_id, status, changed_at) VALUES ('84ced37e-85d7-4b53-8464-b78be09aae8d', 'b6d22863-30b3-41a2-aef7-065573078024', 'CANCELLED', '2023-06-02 02:00:00');
INSERT INTO motorbike_bookings (id, motorbike_id, renter_id, owner_id, status, start_date, end_date, total_days, price_per_day, base_price, service_fee, taxes, total, deposit, include_insurance, has_helmet, has_raincoat, has_phone_holder, has_touring_package, created_at) VALUES ('e6c2c13f-8cbe-4e6e-bd29-01b409d1c0c9', 'BIKE-2', 'D4E5F6G7-H8I9-0123-DEFG-456789012345', 'E5F6G7H8-I9J0-1234-EFGH-567890123456', 'COMPLETED', '2023-05-02', '2023-05-09', 7, 200000, 1400000, 140000.0, 112000.0, 1652000.0, 400000, 0, 0, 0, 0, 0, '2023-04-25 00:00:00');
INSERT INTO motorbike_booking_history (id, booking_id, status, changed_at) VALUES ('4cbb73dd-8b6e-4980-8b49-8c6885ab04ad', 'e6c2c13f-8cbe-4e6e-bd29-01b409d1c0c9', 'PENDING', '2023-04-25 00:00:00');
INSERT INTO motorbike_booking_history (id, booking_id, status, changed_at) VALUES ('b96f2a1e-2c52-4a05-bd15-575508d0d9ae', 'e6c2c13f-8cbe-4e6e-bd29-01b409d1c0c9', 'COMPLETED', '2023-04-25 02:00:00');
INSERT INTO motorbike_bookings (id, motorbike_id, renter_id, owner_id, status, start_date, end_date, total_days, price_per_day, base_price, service_fee, taxes, total, deposit, include_insurance, has_helmet, has_raincoat, has_phone_holder, has_touring_package, created_at) VALUES ('57892d71-b2cb-43ad-8016-f8f86be271ae', 'BIKE-3', 'D4E5F6G7-H8I9-0123-DEFG-456789012345', 'E5F6G7H8-I9J0-1234-EFGH-567890123456', 'COMPLETED', '2023-05-24', '2023-05-27', 3, 120000, 360000, 36000.0, 28800.0, 424800.0, 240000, 0, 0, 0, 0, 0, '2023-05-23 00:00:00');
INSERT INTO motorbike_booking_history (id, booking_id, status, changed_at) VALUES ('81570c7f-83c8-456d-ac13-b1f705c55f9b', '57892d71-b2cb-43ad-8016-f8f86be271ae', 'PENDING', '2023-05-23 00:00:00');
INSERT INTO motorbike_booking_history (id, booking_id, status, changed_at) VALUES ('f2f2f02e-7878-41d8-802b-5b41bb06efe7', '57892d71-b2cb-43ad-8016-f8f86be271ae', 'COMPLETED', '2023-05-23 02:00:00');
INSERT INTO motorbike_bookings (id, motorbike_id, renter_id, owner_id, status, start_date, end_date, total_days, price_per_day, base_price, service_fee, taxes, total, deposit, include_insurance, has_helmet, has_raincoat, has_phone_holder, has_touring_package, created_at) VALUES ('4172b182-7277-423b-998f-8168df414c10', 'BIKE-2', 'D4E5F6G7-H8I9-0123-DEFG-456789012345', 'E5F6G7H8-I9J0-1234-EFGH-567890123456', 'COMPLETED', '2024-04-26', '2024-04-30', 4, 200000, 800000, 80000.0, 64000.0, 944000.0, 400000, 0, 0, 0, 0, 0, '2024-04-21 00:00:00');
INSERT INTO motorbike_booking_history (id, booking_id, status, changed_at) VALUES ('a9e1abac-f7f2-49a7-a175-ee8190dd13e4', '4172b182-7277-423b-998f-8168df414c10', 'PENDING', '2024-04-21 00:00:00');
INSERT INTO motorbike_booking_history (id, booking_id, status, changed_at) VALUES ('439a70db-62a8-4a2e-972f-b76207289ddb', '4172b182-7277-423b-998f-8168df414c10', 'COMPLETED', '2024-04-21 02:00:00');
INSERT INTO motorbike_bookings (id, motorbike_id, renter_id, owner_id, status, start_date, end_date, total_days, price_per_day, base_price, service_fee, taxes, total, deposit, include_insurance, has_helmet, has_raincoat, has_phone_holder, has_touring_package, created_at) VALUES ('71f00abf-4ec1-44e3-b7f8-264761e64dce', 'BIKE-3', 'D4E5F6G7-H8I9-0123-DEFG-456789012345', 'E5F6G7H8-I9J0-1234-EFGH-567890123456', 'COMPLETED', '2024-02-26', '2024-02-27', 1, 120000, 120000, 12000.0, 9600.0, 141600.0, 240000, 0, 0, 0, 0, 0, '2024-02-25 00:00:00');
INSERT INTO motorbike_booking_history (id, booking_id, status, changed_at) VALUES ('abaa1e50-55ab-43f1-8518-8a259303edb8', '71f00abf-4ec1-44e3-b7f8-264761e64dce', 'PENDING', '2024-02-25 00:00:00');
INSERT INTO motorbike_booking_history (id, booking_id, status, changed_at) VALUES ('36ef4fe4-644e-4858-8ed3-dd6f7a2cd73e', '71f00abf-4ec1-44e3-b7f8-264761e64dce', 'COMPLETED', '2024-02-25 02:00:00');
INSERT INTO motorbike_bookings (id, motorbike_id, renter_id, owner_id, status, start_date, end_date, total_days, price_per_day, base_price, service_fee, taxes, total, deposit, include_insurance, has_helmet, has_raincoat, has_phone_holder, has_touring_package, created_at) VALUES ('f574e73a-8882-47b2-b13e-5a6fafc5056b', 'BIKE-1', 'B2C3D4E5-F6G7-8901-BCDE-234567890123', 'E5F6G7H8-I9J0-1234-EFGH-567890123456', 'COMPLETED', '2023-05-01', '2023-05-03', 2, 150000, 300000, 30000.0, 24000.0, 354000.0, 300000, 0, 0, 0, 0, 0, '2023-04-19 00:00:00');
INSERT INTO motorbike_booking_history (id, booking_id, status, changed_at) VALUES ('023d2df2-e911-4bc2-9405-6466f9b19646', 'f574e73a-8882-47b2-b13e-5a6fafc5056b', 'PENDING', '2023-04-19 00:00:00');
INSERT INTO motorbike_booking_history (id, booking_id, status, changed_at) VALUES ('b5d2fe57-a36c-419f-85b9-dbd50972437c', 'f574e73a-8882-47b2-b13e-5a6fafc5056b', 'COMPLETED', '2023-04-19 02:00:00');
INSERT INTO motorbike_bookings (id, motorbike_id, renter_id, owner_id, status, start_date, end_date, total_days, price_per_day, base_price, service_fee, taxes, total, deposit, include_insurance, has_helmet, has_raincoat, has_phone_holder, has_touring_package, created_at) VALUES ('6aa7c4e9-3fef-4356-bce1-fbc3f72168cd', 'BIKE-2', 'B2C3D4E5-F6G7-8901-BCDE-234567890123', 'E5F6G7H8-I9J0-1234-EFGH-567890123456', 'CANCELLED', '2024-02-08', '2024-02-09', 1, 200000, 200000, 20000.0, 16000.0, 236000.0, 400000, 0, 0, 0, 0, 0, '2024-01-27 00:00:00');
INSERT INTO motorbike_booking_history (id, booking_id, status, changed_at) VALUES ('0eea2f6a-ab24-43e1-a3c3-e713fdee0a1f', '6aa7c4e9-3fef-4356-bce1-fbc3f72168cd', 'PENDING', '2024-01-27 00:00:00');
INSERT INTO motorbike_booking_history (id, booking_id, status, changed_at) VALUES ('fbddcbe4-8a90-4708-98f0-a66a28b58c51', '6aa7c4e9-3fef-4356-bce1-fbc3f72168cd', 'CANCELLED', '2024-01-27 02:00:00');
INSERT INTO motorbike_bookings (id, motorbike_id, renter_id, owner_id, status, start_date, end_date, total_days, price_per_day, base_price, service_fee, taxes, total, deposit, include_insurance, has_helmet, has_raincoat, has_phone_holder, has_touring_package, created_at) VALUES ('bb2f0ebe-5f90-4c4c-a3f4-0303ab26e981', 'BIKE-2', 'B2C3D4E5-F6G7-8901-BCDE-234567890123', 'E5F6G7H8-I9J0-1234-EFGH-567890123456', 'CANCELLED', '2023-03-19', '2023-03-25', 6, 200000, 1200000, 120000.0, 96000.0, 1416000.0, 400000, 0, 0, 0, 0, 0, '2023-03-07 00:00:00');
INSERT INTO motorbike_booking_history (id, booking_id, status, changed_at) VALUES ('9a64f502-8c3d-4bc8-a178-1d245599c855', 'bb2f0ebe-5f90-4c4c-a3f4-0303ab26e981', 'PENDING', '2023-03-07 00:00:00');
INSERT INTO motorbike_booking_history (id, booking_id, status, changed_at) VALUES ('99cf5f2b-e154-4660-8369-640bf8f7b213', 'bb2f0ebe-5f90-4c4c-a3f4-0303ab26e981', 'CANCELLED', '2023-03-07 02:00:00');
INSERT INTO motorbike_bookings (id, motorbike_id, renter_id, owner_id, status, start_date, end_date, total_days, price_per_day, base_price, service_fee, taxes, total, deposit, include_insurance, has_helmet, has_raincoat, has_phone_holder, has_touring_package, created_at) VALUES ('c648bbec-70a5-45eb-b3eb-8f0de095acb5', 'BIKE-3', 'B2C3D4E5-F6G7-8901-BCDE-234567890123', 'E5F6G7H8-I9J0-1234-EFGH-567890123456', 'CANCELLED', '2024-04-15', '2024-04-23', 8, 120000, 960000, 96000.0, 76800.0, 1132800.0, 240000, 0, 0, 0, 0, 0, '2024-04-08 00:00:00');
INSERT INTO motorbike_booking_history (id, booking_id, status, changed_at) VALUES ('b27876dd-43cf-4623-b91a-db9b36bdd2d4', 'c648bbec-70a5-45eb-b3eb-8f0de095acb5', 'PENDING', '2024-04-08 00:00:00');
INSERT INTO motorbike_booking_history (id, booking_id, status, changed_at) VALUES ('34ec803e-865c-41d1-b38d-d217aa2a44f1', 'c648bbec-70a5-45eb-b3eb-8f0de095acb5', 'CANCELLED', '2024-04-08 02:00:00');
INSERT INTO motorbike_bookings (id, motorbike_id, renter_id, owner_id, status, start_date, end_date, total_days, price_per_day, base_price, service_fee, taxes, total, deposit, include_insurance, has_helmet, has_raincoat, has_phone_holder, has_touring_package, created_at) VALUES ('d4631a6c-38c5-4527-be95-4f6e7db80c86', 'BIKE-2', 'D4E5F6G7-H8I9-0123-DEFG-456789012345', 'E5F6G7H8-I9J0-1234-EFGH-567890123456', 'CANCELLED', '2023-12-01', '2023-12-06', 5, 200000, 1000000, 100000.0, 80000.0, 1180000.0, 400000, 0, 0, 0, 0, 0, '2023-11-20 00:00:00');
INSERT INTO motorbike_booking_history (id, booking_id, status, changed_at) VALUES ('a8fd9ef7-c1ea-4d16-bf42-7e350a8fad48', 'd4631a6c-38c5-4527-be95-4f6e7db80c86', 'PENDING', '2023-11-20 00:00:00');
INSERT INTO motorbike_booking_history (id, booking_id, status, changed_at) VALUES ('3d3e2798-87c0-4ca3-8f99-096fadc06657', 'd4631a6c-38c5-4527-be95-4f6e7db80c86', 'CANCELLED', '2023-11-20 02:00:00');
INSERT INTO motorbike_bookings (id, motorbike_id, renter_id, owner_id, status, start_date, end_date, total_days, price_per_day, base_price, service_fee, taxes, total, deposit, include_insurance, has_helmet, has_raincoat, has_phone_holder, has_touring_package, created_at) VALUES ('9e37bf15-b94d-4cba-9268-d3562563d682', 'BIKE-2', 'D4E5F6G7-H8I9-0123-DEFG-456789012345', 'E5F6G7H8-I9J0-1234-EFGH-567890123456', 'COMPLETED', '2023-08-04', '2023-08-06', 2, 200000, 400000, 40000.0, 32000.0, 472000.0, 400000, 0, 0, 0, 0, 0, '2023-07-24 00:00:00');
INSERT INTO motorbike_booking_history (id, booking_id, status, changed_at) VALUES ('1dade7a3-9b49-409f-9282-7eb2331e0b3b', '9e37bf15-b94d-4cba-9268-d3562563d682', 'PENDING', '2023-07-24 00:00:00');
INSERT INTO motorbike_booking_history (id, booking_id, status, changed_at) VALUES ('926cea55-ed5c-4646-9d01-a9bfe4e7d93c', '9e37bf15-b94d-4cba-9268-d3562563d682', 'COMPLETED', '2023-07-24 02:00:00');
INSERT INTO motorbike_bookings (id, motorbike_id, renter_id, owner_id, status, start_date, end_date, total_days, price_per_day, base_price, service_fee, taxes, total, deposit, include_insurance, has_helmet, has_raincoat, has_phone_holder, has_touring_package, created_at) VALUES ('eabe9865-0130-4a67-9c44-7e3fbac1ea09', 'BIKE-3', 'C3D4E5F6-G7H8-9012-CDEF-345678901234', 'E5F6G7H8-I9J0-1234-EFGH-567890123456', 'COMPLETED', '2023-09-12', '2023-09-20', 8, 120000, 960000, 96000.0, 76800.0, 1132800.0, 240000, 0, 0, 0, 0, 0, '2023-08-30 00:00:00');
INSERT INTO motorbike_booking_history (id, booking_id, status, changed_at) VALUES ('01098b81-dda4-43eb-b157-1c618956ed4c', 'eabe9865-0130-4a67-9c44-7e3fbac1ea09', 'PENDING', '2023-08-30 00:00:00');
INSERT INTO motorbike_booking_history (id, booking_id, status, changed_at) VALUES ('2540d4e4-c920-4cbe-b4f4-6f58c15af5d1', 'eabe9865-0130-4a67-9c44-7e3fbac1ea09', 'COMPLETED', '2023-08-30 02:00:00');
INSERT INTO motorbike_bookings (id, motorbike_id, renter_id, owner_id, status, start_date, end_date, total_days, price_per_day, base_price, service_fee, taxes, total, deposit, include_insurance, has_helmet, has_raincoat, has_phone_holder, has_touring_package, created_at) VALUES ('af0e0edb-88e1-49c1-a9af-4f3550ef2f2f', 'BIKE-3', 'B2C3D4E5-F6G7-8901-BCDE-234567890123', 'E5F6G7H8-I9J0-1234-EFGH-567890123456', 'COMPLETED', '2024-04-17', '2024-04-21', 4, 120000, 480000, 48000.0, 38400.0, 566400.0, 240000, 0, 0, 0, 0, 0, '2024-04-04 00:00:00');
INSERT INTO motorbike_booking_history (id, booking_id, status, changed_at) VALUES ('ad4e530c-7387-4734-b13d-6d2bf13850b3', 'af0e0edb-88e1-49c1-a9af-4f3550ef2f2f', 'PENDING', '2024-04-04 00:00:00');
INSERT INTO motorbike_booking_history (id, booking_id, status, changed_at) VALUES ('31817d26-11d4-4437-bc53-3ce4a9dcd924', 'af0e0edb-88e1-49c1-a9af-4f3550ef2f2f', 'COMPLETED', '2024-04-04 02:00:00');
INSERT INTO motorbike_bookings (id, motorbike_id, renter_id, owner_id, status, start_date, end_date, total_days, price_per_day, base_price, service_fee, taxes, total, deposit, include_insurance, has_helmet, has_raincoat, has_phone_holder, has_touring_package, created_at) VALUES ('30808402-4cb0-4582-9728-55ad3c10413f', 'BIKE-3', 'D4E5F6G7-H8I9-0123-DEFG-456789012345', 'E5F6G7H8-I9J0-1234-EFGH-567890123456', 'COMPLETED', '2024-01-17', '2024-01-19', 2, 120000, 240000, 24000.0, 19200.0, 283200.0, 240000, 0, 0, 0, 0, 0, '2024-01-16 00:00:00');
INSERT INTO motorbike_booking_history (id, booking_id, status, changed_at) VALUES ('4415ff31-f074-41ef-bcb5-49a84472cddd', '30808402-4cb0-4582-9728-55ad3c10413f', 'PENDING', '2024-01-16 00:00:00');
INSERT INTO motorbike_booking_history (id, booking_id, status, changed_at) VALUES ('77a7fd0b-1d3d-47a0-80e1-2f49e4cee1d0', '30808402-4cb0-4582-9728-55ad3c10413f', 'COMPLETED', '2024-01-16 02:00:00');
INSERT INTO motorbike_bookings (id, motorbike_id, renter_id, owner_id, status, start_date, end_date, total_days, price_per_day, base_price, service_fee, taxes, total, deposit, include_insurance, has_helmet, has_raincoat, has_phone_holder, has_touring_package, created_at) VALUES ('4dd7bcdc-d49f-4388-90fd-d2d8ef171c49', 'BIKE-1', 'D4E5F6G7-H8I9-0123-DEFG-456789012345', 'E5F6G7H8-I9J0-1234-EFGH-567890123456', 'COMPLETED', '2023-11-29', '2023-12-01', 2, 150000, 300000, 30000.0, 24000.0, 354000.0, 300000, 0, 0, 0, 0, 0, '2023-11-15 00:00:00');
INSERT INTO motorbike_booking_history (id, booking_id, status, changed_at) VALUES ('31b570a6-92f0-43b2-aac7-a1b8007fe7cb', '4dd7bcdc-d49f-4388-90fd-d2d8ef171c49', 'PENDING', '2023-11-15 00:00:00');
INSERT INTO motorbike_booking_history (id, booking_id, status, changed_at) VALUES ('1094cdb3-03ea-4adc-a97a-b45c85fc1424', '4dd7bcdc-d49f-4388-90fd-d2d8ef171c49', 'COMPLETED', '2023-11-15 02:00:00');
INSERT INTO motorbike_bookings (id, motorbike_id, renter_id, owner_id, status, start_date, end_date, total_days, price_per_day, base_price, service_fee, taxes, total, deposit, include_insurance, has_helmet, has_raincoat, has_phone_holder, has_touring_package, created_at) VALUES ('2d63e85d-56d2-425f-aebb-57e6086ab3b0', 'BIKE-2', 'D4E5F6G7-H8I9-0123-DEFG-456789012345', 'E5F6G7H8-I9J0-1234-EFGH-567890123456', 'COMPLETED', '2023-04-07', '2023-04-08', 1, 200000, 200000, 20000.0, 16000.0, 236000.0, 400000, 0, 0, 0, 0, 0, '2023-04-03 00:00:00');
INSERT INTO motorbike_booking_history (id, booking_id, status, changed_at) VALUES ('097e5684-f0a7-4bdc-b1a3-d58d0c10d6f9', '2d63e85d-56d2-425f-aebb-57e6086ab3b0', 'PENDING', '2023-04-03 00:00:00');
INSERT INTO motorbike_booking_history (id, booking_id, status, changed_at) VALUES ('a7bbfdd9-c6b7-41e7-8187-02d73f4619b5', '2d63e85d-56d2-425f-aebb-57e6086ab3b0', 'COMPLETED', '2023-04-03 02:00:00');
INSERT INTO motorbike_bookings (id, motorbike_id, renter_id, owner_id, status, start_date, end_date, total_days, price_per_day, base_price, service_fee, taxes, total, deposit, include_insurance, has_helmet, has_raincoat, has_phone_holder, has_touring_package, created_at) VALUES ('d176603e-d1c5-4443-a4a1-c5310df98c9d', 'BIKE-3', 'C3D4E5F6-G7H8-9012-CDEF-345678901234', 'E5F6G7H8-I9J0-1234-EFGH-567890123456', 'COMPLETED', '2023-12-01', '2023-12-11', 10, 120000, 1200000, 120000.0, 96000.0, 1416000.0, 240000, 0, 0, 0, 0, 0, '2023-11-20 00:00:00');
INSERT INTO motorbike_booking_history (id, booking_id, status, changed_at) VALUES ('057ba938-d77d-4d62-aa1e-64dbd9d2e116', 'd176603e-d1c5-4443-a4a1-c5310df98c9d', 'PENDING', '2023-11-20 00:00:00');
INSERT INTO motorbike_booking_history (id, booking_id, status, changed_at) VALUES ('fb259daf-8c0a-4aa0-b317-75fa652abfa3', 'd176603e-d1c5-4443-a4a1-c5310df98c9d', 'COMPLETED', '2023-11-20 02:00:00');
INSERT INTO motorbike_bookings (id, motorbike_id, renter_id, owner_id, status, start_date, end_date, total_days, price_per_day, base_price, service_fee, taxes, total, deposit, include_insurance, has_helmet, has_raincoat, has_phone_holder, has_touring_package, created_at) VALUES ('321ea0ab-949a-4cf5-8ccd-ca798e047f42', 'BIKE-1', 'B2C3D4E5-F6G7-8901-BCDE-234567890123', 'E5F6G7H8-I9J0-1234-EFGH-567890123456', 'COMPLETED', '2024-01-05', '2024-01-14', 9, 150000, 1350000, 135000.0, 108000.0, 1593000.0, 300000, 0, 0, 0, 0, 0, '2023-12-31 00:00:00');
INSERT INTO motorbike_booking_history (id, booking_id, status, changed_at) VALUES ('171b5f86-d168-4f10-a2b3-7f7041ed848e', '321ea0ab-949a-4cf5-8ccd-ca798e047f42', 'PENDING', '2023-12-31 00:00:00');
INSERT INTO motorbike_booking_history (id, booking_id, status, changed_at) VALUES ('7d55f2e8-8776-403e-9363-33e2c1387aae', '321ea0ab-949a-4cf5-8ccd-ca798e047f42', 'COMPLETED', '2023-12-31 02:00:00');
INSERT INTO motorbike_bookings (id, motorbike_id, renter_id, owner_id, status, start_date, end_date, total_days, price_per_day, base_price, service_fee, taxes, total, deposit, include_insurance, has_helmet, has_raincoat, has_phone_holder, has_touring_package, created_at) VALUES ('45dca148-07f6-4e16-a02e-7ecc2c8299f3', 'BIKE-3', 'C3D4E5F6-G7H8-9012-CDEF-345678901234', 'E5F6G7H8-I9J0-1234-EFGH-567890123456', 'COMPLETED', '2023-05-08', '2023-05-13', 5, 120000, 600000, 60000.0, 48000.0, 708000.0, 240000, 0, 0, 0, 0, 0, '2023-05-01 00:00:00');
INSERT INTO motorbike_booking_history (id, booking_id, status, changed_at) VALUES ('ddeeec5e-789b-441b-999b-ab7304d84e34', '45dca148-07f6-4e16-a02e-7ecc2c8299f3', 'PENDING', '2023-05-01 00:00:00');
INSERT INTO motorbike_booking_history (id, booking_id, status, changed_at) VALUES ('d4c54fce-8c79-4b9e-a823-e12e2c3fc75c', '45dca148-07f6-4e16-a02e-7ecc2c8299f3', 'COMPLETED', '2023-05-01 02:00:00');
INSERT INTO motorbike_bookings (id, motorbike_id, renter_id, owner_id, status, start_date, end_date, total_days, price_per_day, base_price, service_fee, taxes, total, deposit, include_insurance, has_helmet, has_raincoat, has_phone_holder, has_touring_package, created_at) VALUES ('655779df-6814-424e-8c14-9f29dc839792', 'BIKE-1', 'B2C3D4E5-F6G7-8901-BCDE-234567890123', 'E5F6G7H8-I9J0-1234-EFGH-567890123456', 'COMPLETED', '2023-02-13', '2023-02-22', 9, 150000, 1350000, 135000.0, 108000.0, 1593000.0, 300000, 0, 0, 0, 0, 0, '2023-01-30 00:00:00');
INSERT INTO motorbike_booking_history (id, booking_id, status, changed_at) VALUES ('328eeb2a-9c2a-4fde-94cb-1f969468e62b', '655779df-6814-424e-8c14-9f29dc839792', 'PENDING', '2023-01-30 00:00:00');
INSERT INTO motorbike_booking_history (id, booking_id, status, changed_at) VALUES ('bfa0911d-e1a3-41f7-b783-e7bbdd2c81f6', '655779df-6814-424e-8c14-9f29dc839792', 'COMPLETED', '2023-01-30 02:00:00');
INSERT INTO motorbike_bookings (id, motorbike_id, renter_id, owner_id, status, start_date, end_date, total_days, price_per_day, base_price, service_fee, taxes, total, deposit, include_insurance, has_helmet, has_raincoat, has_phone_holder, has_touring_package, created_at) VALUES ('0f5e54ba-490f-4a91-88ca-7d9071cb1994', 'BIKE-3', 'B2C3D4E5-F6G7-8901-BCDE-234567890123', 'E5F6G7H8-I9J0-1234-EFGH-567890123456', 'COMPLETED', '2023-06-10', '2023-06-19', 9, 120000, 1080000, 108000.0, 86400.0, 1274400.0, 240000, 0, 0, 0, 0, 0, '2023-06-07 00:00:00');
INSERT INTO motorbike_booking_history (id, booking_id, status, changed_at) VALUES ('aaa29a10-a759-4203-8833-d19b7ca753c4', '0f5e54ba-490f-4a91-88ca-7d9071cb1994', 'PENDING', '2023-06-07 00:00:00');
INSERT INTO motorbike_booking_history (id, booking_id, status, changed_at) VALUES ('7cb05292-13fc-4fa8-9f67-37493f179101', '0f5e54ba-490f-4a91-88ca-7d9071cb1994', 'COMPLETED', '2023-06-07 02:00:00');
INSERT INTO motorbike_bookings (id, motorbike_id, renter_id, owner_id, status, start_date, end_date, total_days, price_per_day, base_price, service_fee, taxes, total, deposit, include_insurance, has_helmet, has_raincoat, has_phone_holder, has_touring_package, created_at) VALUES ('5d3324b8-a72d-4996-9c4e-6fd789b1fa6a', 'BIKE-3', 'D4E5F6G7-H8I9-0123-DEFG-456789012345', 'E5F6G7H8-I9J0-1234-EFGH-567890123456', 'COMPLETED', '2023-11-09', '2023-11-10', 1, 120000, 120000, 12000.0, 9600.0, 141600.0, 240000, 0, 0, 0, 0, 0, '2023-10-31 00:00:00');
INSERT INTO motorbike_booking_history (id, booking_id, status, changed_at) VALUES ('3f75eb81-fe66-4038-ab7f-2e9de297ae9f', '5d3324b8-a72d-4996-9c4e-6fd789b1fa6a', 'PENDING', '2023-10-31 00:00:00');
INSERT INTO motorbike_booking_history (id, booking_id, status, changed_at) VALUES ('61632f92-613e-418c-b5d2-392ff52004e2', '5d3324b8-a72d-4996-9c4e-6fd789b1fa6a', 'COMPLETED', '2023-10-31 02:00:00');
INSERT INTO motorbike_bookings (id, motorbike_id, renter_id, owner_id, status, start_date, end_date, total_days, price_per_day, base_price, service_fee, taxes, total, deposit, include_insurance, has_helmet, has_raincoat, has_phone_holder, has_touring_package, created_at) VALUES ('599b804b-4867-4557-9b14-608da79d694f', 'BIKE-3', 'B2C3D4E5-F6G7-8901-BCDE-234567890123', 'E5F6G7H8-I9J0-1234-EFGH-567890123456', 'COMPLETED', '2023-06-01', '2023-06-08', 7, 120000, 840000, 84000.0, 67200.0, 991200.0, 240000, 0, 0, 0, 0, 0, '2023-05-27 00:00:00');
INSERT INTO motorbike_booking_history (id, booking_id, status, changed_at) VALUES ('c7d24e1b-e4a3-4ef9-a709-f8166a8d96ea', '599b804b-4867-4557-9b14-608da79d694f', 'PENDING', '2023-05-27 00:00:00');
INSERT INTO motorbike_booking_history (id, booking_id, status, changed_at) VALUES ('fce8c0d1-45ee-4620-a39f-c37e07b611e5', '599b804b-4867-4557-9b14-608da79d694f', 'COMPLETED', '2023-05-27 02:00:00');
INSERT INTO motorbike_bookings (id, motorbike_id, renter_id, owner_id, status, start_date, end_date, total_days, price_per_day, base_price, service_fee, taxes, total, deposit, include_insurance, has_helmet, has_raincoat, has_phone_holder, has_touring_package, created_at) VALUES ('d442bcf9-1978-4eab-82ed-b318e7e0ed4b', 'BIKE-1', 'D4E5F6G7-H8I9-0123-DEFG-456789012345', 'E5F6G7H8-I9J0-1234-EFGH-567890123456', 'COMPLETED', '2023-01-22', '2023-02-01', 10, 150000, 1500000, 150000.0, 120000.0, 1770000.0, 300000, 0, 0, 0, 0, 0, '2023-01-21 00:00:00');
INSERT INTO motorbike_booking_history (id, booking_id, status, changed_at) VALUES ('995b4eb2-a920-4e80-aab6-3121827463e3', 'd442bcf9-1978-4eab-82ed-b318e7e0ed4b', 'PENDING', '2023-01-21 00:00:00');
INSERT INTO motorbike_booking_history (id, booking_id, status, changed_at) VALUES ('2895fdb0-92bf-44ea-8ac4-96a6292d03e4', 'd442bcf9-1978-4eab-82ed-b318e7e0ed4b', 'COMPLETED', '2023-01-21 02:00:00');
INSERT INTO motorbike_bookings (id, motorbike_id, renter_id, owner_id, status, start_date, end_date, total_days, price_per_day, base_price, service_fee, taxes, total, deposit, include_insurance, has_helmet, has_raincoat, has_phone_holder, has_touring_package, created_at) VALUES ('1acc5183-9935-47ae-aff8-fdc18d0eb50d', 'BIKE-3', 'B2C3D4E5-F6G7-8901-BCDE-234567890123', 'E5F6G7H8-I9J0-1234-EFGH-567890123456', 'COMPLETED', '2023-08-06', '2023-08-13', 7, 120000, 840000, 84000.0, 67200.0, 991200.0, 240000, 0, 0, 0, 0, 0, '2023-08-04 00:00:00');
INSERT INTO motorbike_booking_history (id, booking_id, status, changed_at) VALUES ('8a67b978-2988-468a-bca4-cdad676da061', '1acc5183-9935-47ae-aff8-fdc18d0eb50d', 'PENDING', '2023-08-04 00:00:00');
INSERT INTO motorbike_booking_history (id, booking_id, status, changed_at) VALUES ('0dd42801-ff35-4b74-9173-d4315f1b7c3a', '1acc5183-9935-47ae-aff8-fdc18d0eb50d', 'COMPLETED', '2023-08-04 02:00:00');
INSERT INTO motorbike_bookings (id, motorbike_id, renter_id, owner_id, status, start_date, end_date, total_days, price_per_day, base_price, service_fee, taxes, total, deposit, include_insurance, has_helmet, has_raincoat, has_phone_holder, has_touring_package, created_at) VALUES ('5846d7f1-696c-4a8d-afbd-93d291296c08', 'BIKE-3', 'C3D4E5F6-G7H8-9012-CDEF-345678901234', 'E5F6G7H8-I9J0-1234-EFGH-567890123456', 'COMPLETED', '2023-08-13', '2023-08-23', 10, 120000, 1200000, 120000.0, 96000.0, 1416000.0, 240000, 0, 0, 0, 0, 0, '2023-08-02 00:00:00');
INSERT INTO motorbike_booking_history (id, booking_id, status, changed_at) VALUES ('2e3ee451-167d-4f90-970d-266fff4ac7b1', '5846d7f1-696c-4a8d-afbd-93d291296c08', 'PENDING', '2023-08-02 00:00:00');
INSERT INTO motorbike_booking_history (id, booking_id, status, changed_at) VALUES ('b6a8c9e5-4044-41f5-a18e-a95ded5ecc96', '5846d7f1-696c-4a8d-afbd-93d291296c08', 'COMPLETED', '2023-08-02 02:00:00');
INSERT INTO motorbike_bookings (id, motorbike_id, renter_id, owner_id, status, start_date, end_date, total_days, price_per_day, base_price, service_fee, taxes, total, deposit, include_insurance, has_helmet, has_raincoat, has_phone_holder, has_touring_package, created_at) VALUES ('1bcee826-aef8-4406-8c20-b1cccaccb9a9', 'BIKE-3', 'D4E5F6G7-H8I9-0123-DEFG-456789012345', 'E5F6G7H8-I9J0-1234-EFGH-567890123456', 'COMPLETED', '2023-09-24', '2023-09-30', 6, 120000, 720000, 72000.0, 57600.0, 849600.0, 240000, 0, 0, 0, 0, 0, '2023-09-14 00:00:00');
INSERT INTO motorbike_booking_history (id, booking_id, status, changed_at) VALUES ('b03f20ed-7a8c-4266-88d8-39890d0b9e89', '1bcee826-aef8-4406-8c20-b1cccaccb9a9', 'PENDING', '2023-09-14 00:00:00');
INSERT INTO motorbike_booking_history (id, booking_id, status, changed_at) VALUES ('4b9c71de-638e-4779-9cad-f1be68f0b287', '1bcee826-aef8-4406-8c20-b1cccaccb9a9', 'COMPLETED', '2023-09-14 02:00:00');
INSERT INTO motorbike_bookings (id, motorbike_id, renter_id, owner_id, status, start_date, end_date, total_days, price_per_day, base_price, service_fee, taxes, total, deposit, include_insurance, has_helmet, has_raincoat, has_phone_holder, has_touring_package, created_at) VALUES ('11381f99-33fd-4c81-a9ad-e9eb6160fa9b', 'BIKE-3', 'D4E5F6G7-H8I9-0123-DEFG-456789012345', 'E5F6G7H8-I9J0-1234-EFGH-567890123456', 'COMPLETED', '2024-01-30', '2024-02-09', 10, 120000, 1200000, 120000.0, 96000.0, 1416000.0, 240000, 0, 0, 0, 0, 0, '2024-01-25 00:00:00');
INSERT INTO motorbike_booking_history (id, booking_id, status, changed_at) VALUES ('cf846f55-b626-49c2-b6d8-b0e02dd4ca1b', '11381f99-33fd-4c81-a9ad-e9eb6160fa9b', 'PENDING', '2024-01-25 00:00:00');
INSERT INTO motorbike_booking_history (id, booking_id, status, changed_at) VALUES ('98ae0c52-ae3a-4195-9482-170679af3f60', '11381f99-33fd-4c81-a9ad-e9eb6160fa9b', 'COMPLETED', '2024-01-25 02:00:00');
INSERT INTO motorbike_bookings (id, motorbike_id, renter_id, owner_id, status, start_date, end_date, total_days, price_per_day, base_price, service_fee, taxes, total, deposit, include_insurance, has_helmet, has_raincoat, has_phone_holder, has_touring_package, created_at) VALUES ('2c4e93b6-a199-4cd3-9eff-ab1725103f4b', 'BIKE-3', 'D4E5F6G7-H8I9-0123-DEFG-456789012345', 'E5F6G7H8-I9J0-1234-EFGH-567890123456', 'COMPLETED', '2023-04-18', '2023-04-27', 9, 120000, 1080000, 108000.0, 86400.0, 1274400.0, 240000, 0, 0, 0, 0, 0, '2023-04-06 00:00:00');
INSERT INTO motorbike_booking_history (id, booking_id, status, changed_at) VALUES ('dc326575-035e-48a8-b8b5-80171cd289a4', '2c4e93b6-a199-4cd3-9eff-ab1725103f4b', 'PENDING', '2023-04-06 00:00:00');
INSERT INTO motorbike_booking_history (id, booking_id, status, changed_at) VALUES ('f8150451-9d9b-42e7-ae2e-79eab906f15e', '2c4e93b6-a199-4cd3-9eff-ab1725103f4b', 'COMPLETED', '2023-04-06 02:00:00');
INSERT INTO motorbike_bookings (id, motorbike_id, renter_id, owner_id, status, start_date, end_date, total_days, price_per_day, base_price, service_fee, taxes, total, deposit, include_insurance, has_helmet, has_raincoat, has_phone_holder, has_touring_package, created_at) VALUES ('02ebc5a1-d789-4d3c-a3cc-b89225fa5abf', 'BIKE-3', 'D4E5F6G7-H8I9-0123-DEFG-456789012345', 'E5F6G7H8-I9J0-1234-EFGH-567890123456', 'COMPLETED', '2023-05-25', '2023-05-28', 3, 120000, 360000, 36000.0, 28800.0, 424800.0, 240000, 0, 0, 0, 0, 0, '2023-05-15 00:00:00');
INSERT INTO motorbike_booking_history (id, booking_id, status, changed_at) VALUES ('7a6ba4b5-6f1e-480a-b5b7-df9dd296687a', '02ebc5a1-d789-4d3c-a3cc-b89225fa5abf', 'PENDING', '2023-05-15 00:00:00');
INSERT INTO motorbike_booking_history (id, booking_id, status, changed_at) VALUES ('b94e8cd0-7387-47bb-bfa5-3c544870c73a', '02ebc5a1-d789-4d3c-a3cc-b89225fa5abf', 'COMPLETED', '2023-05-15 02:00:00');
INSERT INTO motorbike_bookings (id, motorbike_id, renter_id, owner_id, status, start_date, end_date, total_days, price_per_day, base_price, service_fee, taxes, total, deposit, include_insurance, has_helmet, has_raincoat, has_phone_holder, has_touring_package, created_at) VALUES ('a2210072-d727-4a21-9384-c449dba90d51', 'BIKE-3', 'D4E5F6G7-H8I9-0123-DEFG-456789012345', 'E5F6G7H8-I9J0-1234-EFGH-567890123456', 'COMPLETED', '2023-07-29', '2023-08-04', 6, 120000, 720000, 72000.0, 57600.0, 849600.0, 240000, 0, 0, 0, 0, 0, '2023-07-15 00:00:00');
INSERT INTO motorbike_booking_history (id, booking_id, status, changed_at) VALUES ('cc6c29c7-cd12-4a81-a48f-5710d2f79f27', 'a2210072-d727-4a21-9384-c449dba90d51', 'PENDING', '2023-07-15 00:00:00');
INSERT INTO motorbike_booking_history (id, booking_id, status, changed_at) VALUES ('cf4da0d2-8ca7-42fb-bc57-417731555c8e', 'a2210072-d727-4a21-9384-c449dba90d51', 'COMPLETED', '2023-07-15 02:00:00');
INSERT INTO motorbike_bookings (id, motorbike_id, renter_id, owner_id, status, start_date, end_date, total_days, price_per_day, base_price, service_fee, taxes, total, deposit, include_insurance, has_helmet, has_raincoat, has_phone_holder, has_touring_package, created_at) VALUES ('0d1e2954-7c86-446d-9f0b-9bd4b2b77fb7', 'BIKE-3', 'C3D4E5F6-G7H8-9012-CDEF-345678901234', 'E5F6G7H8-I9J0-1234-EFGH-567890123456', 'COMPLETED', '2024-01-25', '2024-02-03', 9, 120000, 1080000, 108000.0, 86400.0, 1274400.0, 240000, 0, 0, 0, 0, 0, '2024-01-20 00:00:00');
INSERT INTO motorbike_booking_history (id, booking_id, status, changed_at) VALUES ('2eec7827-73de-46c1-a0ca-a46cfdac118a', '0d1e2954-7c86-446d-9f0b-9bd4b2b77fb7', 'PENDING', '2024-01-20 00:00:00');
INSERT INTO motorbike_booking_history (id, booking_id, status, changed_at) VALUES ('005f4213-3c94-4bc8-81d5-21ac1ab49b14', '0d1e2954-7c86-446d-9f0b-9bd4b2b77fb7', 'COMPLETED', '2024-01-20 02:00:00');
INSERT INTO motorbike_bookings (id, motorbike_id, renter_id, owner_id, status, start_date, end_date, total_days, price_per_day, base_price, service_fee, taxes, total, deposit, include_insurance, has_helmet, has_raincoat, has_phone_holder, has_touring_package, created_at) VALUES ('7b916b6a-4f95-4fd5-9e03-e420124bb677', 'BIKE-1', 'D4E5F6G7-H8I9-0123-DEFG-456789012345', 'E5F6G7H8-I9J0-1234-EFGH-567890123456', 'CANCELLED', '2023-03-01', '2023-03-02', 1, 150000, 150000, 15000.0, 12000.0, 177000.0, 300000, 0, 0, 0, 0, 0, '2023-02-23 00:00:00');
INSERT INTO motorbike_booking_history (id, booking_id, status, changed_at) VALUES ('2a51586a-1c08-4871-addd-9f2ea3aa85df', '7b916b6a-4f95-4fd5-9e03-e420124bb677', 'PENDING', '2023-02-23 00:00:00');
INSERT INTO motorbike_booking_history (id, booking_id, status, changed_at) VALUES ('bd9fa44a-f8bf-4768-bf70-24c6dc77ed10', '7b916b6a-4f95-4fd5-9e03-e420124bb677', 'CANCELLED', '2023-02-23 02:00:00');
INSERT INTO motorbike_bookings (id, motorbike_id, renter_id, owner_id, status, start_date, end_date, total_days, price_per_day, base_price, service_fee, taxes, total, deposit, include_insurance, has_helmet, has_raincoat, has_phone_holder, has_touring_package, created_at) VALUES ('868ae499-5915-4343-97b6-a2eb925f61f1', 'BIKE-2', 'B2C3D4E5-F6G7-8901-BCDE-234567890123', 'E5F6G7H8-I9J0-1234-EFGH-567890123456', 'CANCELLED', '2023-12-05', '2023-12-08', 3, 200000, 600000, 60000.0, 48000.0, 708000.0, 400000, 0, 0, 0, 0, 0, '2023-11-23 00:00:00');
INSERT INTO motorbike_booking_history (id, booking_id, status, changed_at) VALUES ('1507c9bc-5299-4f35-9de7-5ddab293fc88', '868ae499-5915-4343-97b6-a2eb925f61f1', 'PENDING', '2023-11-23 00:00:00');
INSERT INTO motorbike_booking_history (id, booking_id, status, changed_at) VALUES ('41b5b9e8-3a92-41bd-a7b7-17a127f1a8fc', '868ae499-5915-4343-97b6-a2eb925f61f1', 'CANCELLED', '2023-11-23 02:00:00');
INSERT INTO motorbike_bookings (id, motorbike_id, renter_id, owner_id, status, start_date, end_date, total_days, price_per_day, base_price, service_fee, taxes, total, deposit, include_insurance, has_helmet, has_raincoat, has_phone_holder, has_touring_package, created_at) VALUES ('c6c4b73f-a83c-4a7a-a9e6-edae94db4867', 'BIKE-1', 'D4E5F6G7-H8I9-0123-DEFG-456789012345', 'E5F6G7H8-I9J0-1234-EFGH-567890123456', 'CANCELLED', '2023-09-27', '2023-09-30', 3, 150000, 450000, 45000.0, 36000.0, 531000.0, 300000, 0, 0, 0, 0, 0, '2023-09-23 00:00:00');
INSERT INTO motorbike_booking_history (id, booking_id, status, changed_at) VALUES ('f6349146-111e-4c55-8272-096f56f993ff', 'c6c4b73f-a83c-4a7a-a9e6-edae94db4867', 'PENDING', '2023-09-23 00:00:00');
INSERT INTO motorbike_booking_history (id, booking_id, status, changed_at) VALUES ('6732b135-6ffc-41cc-bf76-a2d9270ea288', 'c6c4b73f-a83c-4a7a-a9e6-edae94db4867', 'CANCELLED', '2023-09-23 02:00:00');
INSERT INTO motorbike_bookings (id, motorbike_id, renter_id, owner_id, status, start_date, end_date, total_days, price_per_day, base_price, service_fee, taxes, total, deposit, include_insurance, has_helmet, has_raincoat, has_phone_holder, has_touring_package, created_at) VALUES ('e91cbdae-3006-4886-85ee-7d5776025604', 'BIKE-3', 'C3D4E5F6-G7H8-9012-CDEF-345678901234', 'E5F6G7H8-I9J0-1234-EFGH-567890123456', 'COMPLETED', '2023-03-13', '2023-03-17', 4, 120000, 480000, 48000.0, 38400.0, 566400.0, 240000, 0, 0, 0, 0, 0, '2023-03-03 00:00:00');
INSERT INTO motorbike_booking_history (id, booking_id, status, changed_at) VALUES ('af7dc8c5-d638-41b8-a861-7b1b8bc73e81', 'e91cbdae-3006-4886-85ee-7d5776025604', 'PENDING', '2023-03-03 00:00:00');
INSERT INTO motorbike_booking_history (id, booking_id, status, changed_at) VALUES ('5ceb4961-b34a-447d-a0f8-c44de67eb060', 'e91cbdae-3006-4886-85ee-7d5776025604', 'COMPLETED', '2023-03-03 02:00:00');
INSERT INTO motorbike_bookings (id, motorbike_id, renter_id, owner_id, status, start_date, end_date, total_days, price_per_day, base_price, service_fee, taxes, total, deposit, include_insurance, has_helmet, has_raincoat, has_phone_holder, has_touring_package, created_at) VALUES ('a7633336-2553-4180-ad91-1a70bb95486c', 'BIKE-1', 'C3D4E5F6-G7H8-9012-CDEF-345678901234', 'E5F6G7H8-I9J0-1234-EFGH-567890123456', 'COMPLETED', '2024-04-08', '2024-04-15', 7, 150000, 1050000, 105000.0, 84000.0, 1239000.0, 300000, 0, 0, 0, 0, 0, '2024-03-27 00:00:00');
INSERT INTO motorbike_booking_history (id, booking_id, status, changed_at) VALUES ('8659225f-4d15-4c4c-8a70-3e36d2a7f544', 'a7633336-2553-4180-ad91-1a70bb95486c', 'PENDING', '2024-03-27 00:00:00');
INSERT INTO motorbike_booking_history (id, booking_id, status, changed_at) VALUES ('d5adb7ae-32aa-49f6-a9a0-1c34039edaa4', 'a7633336-2553-4180-ad91-1a70bb95486c', 'COMPLETED', '2024-03-27 02:00:00');
INSERT INTO motorbike_bookings (id, motorbike_id, renter_id, owner_id, status, start_date, end_date, total_days, price_per_day, base_price, service_fee, taxes, total, deposit, include_insurance, has_helmet, has_raincoat, has_phone_holder, has_touring_package, created_at) VALUES ('cb8e53c0-b4b2-4516-bc96-121ee16a03ca', 'BIKE-2', 'C3D4E5F6-G7H8-9012-CDEF-345678901234', 'E5F6G7H8-I9J0-1234-EFGH-567890123456', 'COMPLETED', '2023-03-29', '2023-04-07', 9, 200000, 1800000, 180000.0, 144000.0, 2124000.0, 400000, 0, 0, 0, 0, 0, '2023-03-26 00:00:00');
INSERT INTO motorbike_booking_history (id, booking_id, status, changed_at) VALUES ('9288a8bd-6fc1-45d1-8e4e-e4dfb7dff1fd', 'cb8e53c0-b4b2-4516-bc96-121ee16a03ca', 'PENDING', '2023-03-26 00:00:00');
INSERT INTO motorbike_booking_history (id, booking_id, status, changed_at) VALUES ('1179b9b0-dcb6-4f41-8298-29623ac38078', 'cb8e53c0-b4b2-4516-bc96-121ee16a03ca', 'COMPLETED', '2023-03-26 02:00:00');
INSERT INTO motorbike_bookings (id, motorbike_id, renter_id, owner_id, status, start_date, end_date, total_days, price_per_day, base_price, service_fee, taxes, total, deposit, include_insurance, has_helmet, has_raincoat, has_phone_holder, has_touring_package, created_at) VALUES ('bc0d5e22-30cb-448b-9ddd-06c00df4363c', 'BIKE-3', 'D4E5F6G7-H8I9-0123-DEFG-456789012345', 'E5F6G7H8-I9J0-1234-EFGH-567890123456', 'COMPLETED', '2023-10-11', '2023-10-13', 2, 120000, 240000, 24000.0, 19200.0, 283200.0, 240000, 0, 0, 0, 0, 0, '2023-09-28 00:00:00');
INSERT INTO motorbike_booking_history (id, booking_id, status, changed_at) VALUES ('80c07598-25b9-42ee-ad1f-32865b9eed9b', 'bc0d5e22-30cb-448b-9ddd-06c00df4363c', 'PENDING', '2023-09-28 00:00:00');
INSERT INTO motorbike_booking_history (id, booking_id, status, changed_at) VALUES ('ba8fb185-abf9-4786-bf3e-248d5f4be808', 'bc0d5e22-30cb-448b-9ddd-06c00df4363c', 'COMPLETED', '2023-09-28 02:00:00');
INSERT INTO motorbike_bookings (id, motorbike_id, renter_id, owner_id, status, start_date, end_date, total_days, price_per_day, base_price, service_fee, taxes, total, deposit, include_insurance, has_helmet, has_raincoat, has_phone_holder, has_touring_package, created_at) VALUES ('ed581a0c-997d-4568-b714-0ddc52894bdc', 'BIKE-3', 'D4E5F6G7-H8I9-0123-DEFG-456789012345', 'E5F6G7H8-I9J0-1234-EFGH-567890123456', 'CANCELLED', '2023-05-28', '2023-06-01', 4, 120000, 480000, 48000.0, 38400.0, 566400.0, 240000, 0, 0, 0, 0, 0, '2023-05-18 00:00:00');
INSERT INTO motorbike_booking_history (id, booking_id, status, changed_at) VALUES ('80882acf-3d0c-4fb4-a781-852eabe21926', 'ed581a0c-997d-4568-b714-0ddc52894bdc', 'PENDING', '2023-05-18 00:00:00');
INSERT INTO motorbike_booking_history (id, booking_id, status, changed_at) VALUES ('f4dca09e-8ae6-45a8-9d7e-d70041e6f31c', 'ed581a0c-997d-4568-b714-0ddc52894bdc', 'CANCELLED', '2023-05-18 02:00:00');
INSERT INTO motorbike_bookings (id, motorbike_id, renter_id, owner_id, status, start_date, end_date, total_days, price_per_day, base_price, service_fee, taxes, total, deposit, include_insurance, has_helmet, has_raincoat, has_phone_holder, has_touring_package, created_at) VALUES ('88ea89ff-42ab-4207-acf8-73c49409dc34', 'BIKE-2', 'D4E5F6G7-H8I9-0123-DEFG-456789012345', 'E5F6G7H8-I9J0-1234-EFGH-567890123456', 'CANCELLED', '2023-07-19', '2023-07-23', 4, 200000, 800000, 80000.0, 64000.0, 944000.0, 400000, 0, 0, 0, 0, 0, '2023-07-11 00:00:00');
INSERT INTO motorbike_booking_history (id, booking_id, status, changed_at) VALUES ('167d605a-f185-4a85-9365-5a9169f869f0', '88ea89ff-42ab-4207-acf8-73c49409dc34', 'PENDING', '2023-07-11 00:00:00');
INSERT INTO motorbike_booking_history (id, booking_id, status, changed_at) VALUES ('dbcce5a6-7a15-4a5f-895c-00fb9d7e9463', '88ea89ff-42ab-4207-acf8-73c49409dc34', 'CANCELLED', '2023-07-11 02:00:00');
INSERT INTO motorbike_bookings (id, motorbike_id, renter_id, owner_id, status, start_date, end_date, total_days, price_per_day, base_price, service_fee, taxes, total, deposit, include_insurance, has_helmet, has_raincoat, has_phone_holder, has_touring_package, created_at) VALUES ('92d74150-ce3c-4222-97a5-1ddd98dd69f3', 'BIKE-1', 'B2C3D4E5-F6G7-8901-BCDE-234567890123', 'E5F6G7H8-I9J0-1234-EFGH-567890123456', 'COMPLETED', '2023-01-30', '2023-02-06', 7, 150000, 1050000, 105000.0, 84000.0, 1239000.0, 300000, 0, 0, 0, 0, 0, '2023-01-29 00:00:00');
INSERT INTO motorbike_booking_history (id, booking_id, status, changed_at) VALUES ('ab480b53-24ba-4c70-a6f7-5d11426c3ead', '92d74150-ce3c-4222-97a5-1ddd98dd69f3', 'PENDING', '2023-01-29 00:00:00');
INSERT INTO motorbike_booking_history (id, booking_id, status, changed_at) VALUES ('2c05b0e8-53f0-4f33-86d4-2acfdd366216', '92d74150-ce3c-4222-97a5-1ddd98dd69f3', 'COMPLETED', '2023-01-29 02:00:00');
INSERT INTO motorbike_bookings (id, motorbike_id, renter_id, owner_id, status, start_date, end_date, total_days, price_per_day, base_price, service_fee, taxes, total, deposit, include_insurance, has_helmet, has_raincoat, has_phone_holder, has_touring_package, created_at) VALUES ('ef691d27-f13e-43c3-bce2-d976f38bb367', 'BIKE-3', 'C3D4E5F6-G7H8-9012-CDEF-345678901234', 'E5F6G7H8-I9J0-1234-EFGH-567890123456', 'CANCELLED', '2023-03-13', '2023-03-20', 7, 120000, 840000, 84000.0, 67200.0, 991200.0, 240000, 0, 0, 0, 0, 0, '2023-03-08 00:00:00');
INSERT INTO motorbike_booking_history (id, booking_id, status, changed_at) VALUES ('27073763-c850-471b-ba35-4c7c6adacac1', 'ef691d27-f13e-43c3-bce2-d976f38bb367', 'PENDING', '2023-03-08 00:00:00');
INSERT INTO motorbike_booking_history (id, booking_id, status, changed_at) VALUES ('59c4c211-b979-45d7-9ffc-5d83d322f1fe', 'ef691d27-f13e-43c3-bce2-d976f38bb367', 'CANCELLED', '2023-03-08 02:00:00');
INSERT INTO motorbike_bookings (id, motorbike_id, renter_id, owner_id, status, start_date, end_date, total_days, price_per_day, base_price, service_fee, taxes, total, deposit, include_insurance, has_helmet, has_raincoat, has_phone_holder, has_touring_package, created_at) VALUES ('a9992ee2-20df-4b55-85d2-4bfe432c65d3', 'BIKE-1', 'C3D4E5F6-G7H8-9012-CDEF-345678901234', 'E5F6G7H8-I9J0-1234-EFGH-567890123456', 'COMPLETED', '2023-04-22', '2023-04-30', 8, 150000, 1200000, 120000.0, 96000.0, 1416000.0, 300000, 0, 0, 0, 0, 0, '2023-04-21 00:00:00');
INSERT INTO motorbike_booking_history (id, booking_id, status, changed_at) VALUES ('99f8a9de-8c1e-4c93-9eb2-7235002cb3bf', 'a9992ee2-20df-4b55-85d2-4bfe432c65d3', 'PENDING', '2023-04-21 00:00:00');
INSERT INTO motorbike_booking_history (id, booking_id, status, changed_at) VALUES ('d0abb0f5-3c98-4768-a9b6-ccc2e7e8e470', 'a9992ee2-20df-4b55-85d2-4bfe432c65d3', 'COMPLETED', '2023-04-21 02:00:00');
INSERT INTO motorbike_bookings (id, motorbike_id, renter_id, owner_id, status, start_date, end_date, total_days, price_per_day, base_price, service_fee, taxes, total, deposit, include_insurance, has_helmet, has_raincoat, has_phone_holder, has_touring_package, created_at) VALUES ('0b97c12e-5c10-4029-a91a-6d46bbf4f05f', 'BIKE-2', 'D4E5F6G7-H8I9-0123-DEFG-456789012345', 'E5F6G7H8-I9J0-1234-EFGH-567890123456', 'CANCELLED', '2023-10-18', '2023-10-25', 7, 200000, 1400000, 140000.0, 112000.0, 1652000.0, 400000, 0, 0, 0, 0, 0, '2023-10-12 00:00:00');
INSERT INTO motorbike_booking_history (id, booking_id, status, changed_at) VALUES ('70184a0f-16c7-42d6-a168-341f3e678fbd', '0b97c12e-5c10-4029-a91a-6d46bbf4f05f', 'PENDING', '2023-10-12 00:00:00');
INSERT INTO motorbike_booking_history (id, booking_id, status, changed_at) VALUES ('782e0cc7-ff18-4c11-bcbd-4604daf59df6', '0b97c12e-5c10-4029-a91a-6d46bbf4f05f', 'CANCELLED', '2023-10-12 02:00:00');
INSERT INTO motorbike_bookings (id, motorbike_id, renter_id, owner_id, status, start_date, end_date, total_days, price_per_day, base_price, service_fee, taxes, total, deposit, include_insurance, has_helmet, has_raincoat, has_phone_holder, has_touring_package, created_at) VALUES ('ef076ed2-35a3-4a69-bf73-581f75e1a095', 'BIKE-1', 'D4E5F6G7-H8I9-0123-DEFG-456789012345', 'E5F6G7H8-I9J0-1234-EFGH-567890123456', 'COMPLETED', '2023-04-16', '2023-04-19', 3, 150000, 450000, 45000.0, 36000.0, 531000.0, 300000, 0, 0, 0, 0, 0, '2023-04-05 00:00:00');
INSERT INTO motorbike_booking_history (id, booking_id, status, changed_at) VALUES ('d5db1e34-5fa2-402a-9587-bd6129a51c30', 'ef076ed2-35a3-4a69-bf73-581f75e1a095', 'PENDING', '2023-04-05 00:00:00');
INSERT INTO motorbike_booking_history (id, booking_id, status, changed_at) VALUES ('b6499130-6dcc-4fcf-91f9-97bfc070868e', 'ef076ed2-35a3-4a69-bf73-581f75e1a095', 'COMPLETED', '2023-04-05 02:00:00');
INSERT INTO motorbike_bookings (id, motorbike_id, renter_id, owner_id, status, start_date, end_date, total_days, price_per_day, base_price, service_fee, taxes, total, deposit, include_insurance, has_helmet, has_raincoat, has_phone_holder, has_touring_package, created_at) VALUES ('f5120e1d-08b3-4a33-8371-c841f0d20344', 'BIKE-3', 'D4E5F6G7-H8I9-0123-DEFG-456789012345', 'E5F6G7H8-I9J0-1234-EFGH-567890123456', 'COMPLETED', '2024-02-17', '2024-02-24', 7, 120000, 840000, 84000.0, 67200.0, 991200.0, 240000, 0, 0, 0, 0, 0, '2024-02-03 00:00:00');
INSERT INTO motorbike_booking_history (id, booking_id, status, changed_at) VALUES ('89e0eddd-28c8-47bb-877d-fa9967bc3f50', 'f5120e1d-08b3-4a33-8371-c841f0d20344', 'PENDING', '2024-02-03 00:00:00');
INSERT INTO motorbike_booking_history (id, booking_id, status, changed_at) VALUES ('5d6fd27d-c45d-40be-a235-ca13a820181a', 'f5120e1d-08b3-4a33-8371-c841f0d20344', 'COMPLETED', '2024-02-03 02:00:00');
INSERT INTO motorbike_bookings (id, motorbike_id, renter_id, owner_id, status, start_date, end_date, total_days, price_per_day, base_price, service_fee, taxes, total, deposit, include_insurance, has_helmet, has_raincoat, has_phone_holder, has_touring_package, created_at) VALUES ('b7e63328-003f-41ab-b18c-12608a3518f9', 'BIKE-3', 'B2C3D4E5-F6G7-8901-BCDE-234567890123', 'E5F6G7H8-I9J0-1234-EFGH-567890123456', 'CANCELLED', '2023-04-25', '2023-05-01', 6, 120000, 720000, 72000.0, 57600.0, 849600.0, 240000, 0, 0, 0, 0, 0, '2023-04-12 00:00:00');
INSERT INTO motorbike_booking_history (id, booking_id, status, changed_at) VALUES ('d541bc3f-d76c-41fb-ade0-45ee4b82baf7', 'b7e63328-003f-41ab-b18c-12608a3518f9', 'PENDING', '2023-04-12 00:00:00');
INSERT INTO motorbike_booking_history (id, booking_id, status, changed_at) VALUES ('79de92ec-bfad-49c6-a348-58986a14a5ac', 'b7e63328-003f-41ab-b18c-12608a3518f9', 'CANCELLED', '2023-04-12 02:00:00');
INSERT INTO motorbike_bookings (id, motorbike_id, renter_id, owner_id, status, start_date, end_date, total_days, price_per_day, base_price, service_fee, taxes, total, deposit, include_insurance, has_helmet, has_raincoat, has_phone_holder, has_touring_package, created_at) VALUES ('6384614a-745f-4494-88a2-63db8af526b9', 'BIKE-2', 'B2C3D4E5-F6G7-8901-BCDE-234567890123', 'E5F6G7H8-I9J0-1234-EFGH-567890123456', 'COMPLETED', '2023-07-13', '2023-07-21', 8, 200000, 1600000, 160000.0, 128000.0, 1888000.0, 400000, 0, 0, 0, 0, 0, '2023-07-10 00:00:00');
INSERT INTO motorbike_booking_history (id, booking_id, status, changed_at) VALUES ('98ead776-03b6-4f66-b2c6-3c4ed8f3f058', '6384614a-745f-4494-88a2-63db8af526b9', 'PENDING', '2023-07-10 00:00:00');
INSERT INTO motorbike_booking_history (id, booking_id, status, changed_at) VALUES ('f0f9681d-ccd1-4ed3-bf80-5e9a9a780c45', '6384614a-745f-4494-88a2-63db8af526b9', 'COMPLETED', '2023-07-10 02:00:00');
INSERT INTO motorbike_bookings (id, motorbike_id, renter_id, owner_id, status, start_date, end_date, total_days, price_per_day, base_price, service_fee, taxes, total, deposit, include_insurance, has_helmet, has_raincoat, has_phone_holder, has_touring_package, created_at) VALUES ('ced6eaf4-c388-47d3-bfde-ab2e25ac5006', 'BIKE-1', 'C3D4E5F6-G7H8-9012-CDEF-345678901234', 'E5F6G7H8-I9J0-1234-EFGH-567890123456', 'CANCELLED', '2023-09-26', '2023-09-29', 3, 150000, 450000, 45000.0, 36000.0, 531000.0, 300000, 0, 0, 0, 0, 0, '2023-09-12 00:00:00');
INSERT INTO motorbike_booking_history (id, booking_id, status, changed_at) VALUES ('419700fd-6e49-4406-987a-3ef857bfb11d', 'ced6eaf4-c388-47d3-bfde-ab2e25ac5006', 'PENDING', '2023-09-12 00:00:00');
INSERT INTO motorbike_booking_history (id, booking_id, status, changed_at) VALUES ('b14d7041-c78d-4061-8061-5539381b02c8', 'ced6eaf4-c388-47d3-bfde-ab2e25ac5006', 'CANCELLED', '2023-09-12 02:00:00');
INSERT INTO motorbike_bookings (id, motorbike_id, renter_id, owner_id, status, start_date, end_date, total_days, price_per_day, base_price, service_fee, taxes, total, deposit, include_insurance, has_helmet, has_raincoat, has_phone_holder, has_touring_package, created_at) VALUES ('6be49279-50fb-4257-b6b5-ee84d0adcb70', 'BIKE-3', 'C3D4E5F6-G7H8-9012-CDEF-345678901234', 'E5F6G7H8-I9J0-1234-EFGH-567890123456', 'COMPLETED', '2023-03-07', '2023-03-13', 6, 120000, 720000, 72000.0, 57600.0, 849600.0, 240000, 0, 0, 0, 0, 0, '2023-03-02 00:00:00');
INSERT INTO motorbike_booking_history (id, booking_id, status, changed_at) VALUES ('56009b76-50f5-4816-b069-b3919dfe2152', '6be49279-50fb-4257-b6b5-ee84d0adcb70', 'PENDING', '2023-03-02 00:00:00');
INSERT INTO motorbike_booking_history (id, booking_id, status, changed_at) VALUES ('e5cae081-9b27-4955-a8ed-dfe820777a9e', '6be49279-50fb-4257-b6b5-ee84d0adcb70', 'COMPLETED', '2023-03-02 02:00:00');
INSERT INTO motorbike_bookings (id, motorbike_id, renter_id, owner_id, status, start_date, end_date, total_days, price_per_day, base_price, service_fee, taxes, total, deposit, include_insurance, has_helmet, has_raincoat, has_phone_holder, has_touring_package, created_at) VALUES ('1025f092-7c8f-4146-9a37-0b8ba26e1670', 'BIKE-1', 'D4E5F6G7-H8I9-0123-DEFG-456789012345', 'E5F6G7H8-I9J0-1234-EFGH-567890123456', 'COMPLETED', '2023-02-06', '2023-02-08', 2, 150000, 300000, 30000.0, 24000.0, 354000.0, 300000, 0, 0, 0, 0, 0, '2023-02-04 00:00:00');
INSERT INTO motorbike_booking_history (id, booking_id, status, changed_at) VALUES ('5f655889-a375-4dd6-b81a-3fac6e522434', '1025f092-7c8f-4146-9a37-0b8ba26e1670', 'PENDING', '2023-02-04 00:00:00');
INSERT INTO motorbike_booking_history (id, booking_id, status, changed_at) VALUES ('19d3617b-c276-40ce-99d7-0ba75df4b5d4', '1025f092-7c8f-4146-9a37-0b8ba26e1670', 'COMPLETED', '2023-02-04 02:00:00');
INSERT INTO motorbike_bookings (id, motorbike_id, renter_id, owner_id, status, start_date, end_date, total_days, price_per_day, base_price, service_fee, taxes, total, deposit, include_insurance, has_helmet, has_raincoat, has_phone_holder, has_touring_package, created_at) VALUES ('bfdcdde6-2d3e-474d-9d03-774d54a6736f', 'BIKE-1', 'D4E5F6G7-H8I9-0123-DEFG-456789012345', 'E5F6G7H8-I9J0-1234-EFGH-567890123456', 'CANCELLED', '2023-10-15', '2023-10-20', 5, 150000, 750000, 75000.0, 60000.0, 885000.0, 300000, 0, 0, 0, 0, 0, '2023-10-10 00:00:00');
INSERT INTO motorbike_booking_history (id, booking_id, status, changed_at) VALUES ('be2105d1-636a-4cb0-bd22-a1ac75d5a257', 'bfdcdde6-2d3e-474d-9d03-774d54a6736f', 'PENDING', '2023-10-10 00:00:00');
INSERT INTO motorbike_booking_history (id, booking_id, status, changed_at) VALUES ('9b02cfb4-8497-4204-a661-7a70465bc883', 'bfdcdde6-2d3e-474d-9d03-774d54a6736f', 'CANCELLED', '2023-10-10 02:00:00');
INSERT INTO motorbike_bookings (id, motorbike_id, renter_id, owner_id, status, start_date, end_date, total_days, price_per_day, base_price, service_fee, taxes, total, deposit, include_insurance, has_helmet, has_raincoat, has_phone_holder, has_touring_package, created_at) VALUES ('c6c685ac-ef09-4ce0-8c7e-026bc012f844', 'BIKE-3', 'D4E5F6G7-H8I9-0123-DEFG-456789012345', 'E5F6G7H8-I9J0-1234-EFGH-567890123456', 'COMPLETED', '2023-11-13', '2023-11-17', 4, 120000, 480000, 48000.0, 38400.0, 566400.0, 240000, 0, 0, 0, 0, 0, '2023-11-01 00:00:00');
INSERT INTO motorbike_booking_history (id, booking_id, status, changed_at) VALUES ('8b5155de-8836-4f8d-a3b8-92fd41c786af', 'c6c685ac-ef09-4ce0-8c7e-026bc012f844', 'PENDING', '2023-11-01 00:00:00');
INSERT INTO motorbike_booking_history (id, booking_id, status, changed_at) VALUES ('531bf01b-9032-4de3-9921-a4b7acbf8d34', 'c6c685ac-ef09-4ce0-8c7e-026bc012f844', 'COMPLETED', '2023-11-01 02:00:00');
INSERT INTO motorbike_bookings (id, motorbike_id, renter_id, owner_id, status, start_date, end_date, total_days, price_per_day, base_price, service_fee, taxes, total, deposit, include_insurance, has_helmet, has_raincoat, has_phone_holder, has_touring_package, created_at) VALUES ('ef8d86d8-2c62-4ad7-8e36-a3d305f0442f', 'BIKE-1', 'C3D4E5F6-G7H8-9012-CDEF-345678901234', 'E5F6G7H8-I9J0-1234-EFGH-567890123456', 'COMPLETED', '2023-11-26', '2023-11-29', 3, 150000, 450000, 45000.0, 36000.0, 531000.0, 300000, 0, 0, 0, 0, 0, '2023-11-17 00:00:00');
INSERT INTO motorbike_booking_history (id, booking_id, status, changed_at) VALUES ('fec075e9-72de-42e4-9444-4d0df6527d9e', 'ef8d86d8-2c62-4ad7-8e36-a3d305f0442f', 'PENDING', '2023-11-17 00:00:00');
INSERT INTO motorbike_booking_history (id, booking_id, status, changed_at) VALUES ('c0d12d59-d854-49b3-ad02-579ed607e05a', 'ef8d86d8-2c62-4ad7-8e36-a3d305f0442f', 'COMPLETED', '2023-11-17 02:00:00');
INSERT INTO motorbike_bookings (id, motorbike_id, renter_id, owner_id, status, start_date, end_date, total_days, price_per_day, base_price, service_fee, taxes, total, deposit, include_insurance, has_helmet, has_raincoat, has_phone_holder, has_touring_package, created_at) VALUES ('d1b469d6-00dc-4fc9-bb18-c367fb2e3509', 'BIKE-3', 'C3D4E5F6-G7H8-9012-CDEF-345678901234', 'E5F6G7H8-I9J0-1234-EFGH-567890123456', 'COMPLETED', '2023-09-11', '2023-09-15', 4, 120000, 480000, 48000.0, 38400.0, 566400.0, 240000, 0, 0, 0, 0, 0, '2023-08-29 00:00:00');
INSERT INTO motorbike_booking_history (id, booking_id, status, changed_at) VALUES ('1c5b6076-11fb-4fc2-9617-359903d621dd', 'd1b469d6-00dc-4fc9-bb18-c367fb2e3509', 'PENDING', '2023-08-29 00:00:00');
INSERT INTO motorbike_booking_history (id, booking_id, status, changed_at) VALUES ('62d7a176-7e0f-4e5d-9be2-3537d02c9c94', 'd1b469d6-00dc-4fc9-bb18-c367fb2e3509', 'COMPLETED', '2023-08-29 02:00:00');
INSERT INTO motorbike_bookings (id, motorbike_id, renter_id, owner_id, status, start_date, end_date, total_days, price_per_day, base_price, service_fee, taxes, total, deposit, include_insurance, has_helmet, has_raincoat, has_phone_holder, has_touring_package, created_at) VALUES ('6fc0342f-4993-4b14-aa9b-2981a7c5018e', 'BIKE-3', 'C3D4E5F6-G7H8-9012-CDEF-345678901234', 'E5F6G7H8-I9J0-1234-EFGH-567890123456', 'COMPLETED', '2023-09-26', '2023-09-30', 4, 120000, 480000, 48000.0, 38400.0, 566400.0, 240000, 0, 0, 0, 0, 0, '2023-09-13 00:00:00');
INSERT INTO motorbike_booking_history (id, booking_id, status, changed_at) VALUES ('4a57cfa4-519f-43ac-a2c7-d9cb19380cb5', '6fc0342f-4993-4b14-aa9b-2981a7c5018e', 'PENDING', '2023-09-13 00:00:00');
INSERT INTO motorbike_booking_history (id, booking_id, status, changed_at) VALUES ('ce32a0ff-69b7-4ce7-aa0d-5a2a6a66794e', '6fc0342f-4993-4b14-aa9b-2981a7c5018e', 'COMPLETED', '2023-09-13 02:00:00');
INSERT INTO motorbike_bookings (id, motorbike_id, renter_id, owner_id, status, start_date, end_date, total_days, price_per_day, base_price, service_fee, taxes, total, deposit, include_insurance, has_helmet, has_raincoat, has_phone_holder, has_touring_package, created_at) VALUES ('0a5df6d2-bb1d-4252-ac06-99638a9851f8', 'BIKE-3', 'D4E5F6G7-H8I9-0123-DEFG-456789012345', 'E5F6G7H8-I9J0-1234-EFGH-567890123456', 'COMPLETED', '2023-06-18', '2023-06-27', 9, 120000, 1080000, 108000.0, 86400.0, 1274400.0, 240000, 0, 0, 0, 0, 0, '2023-06-04 00:00:00');
INSERT INTO motorbike_booking_history (id, booking_id, status, changed_at) VALUES ('b18032a4-17f6-43e3-82e4-674e934af4d0', '0a5df6d2-bb1d-4252-ac06-99638a9851f8', 'PENDING', '2023-06-04 00:00:00');
INSERT INTO motorbike_booking_history (id, booking_id, status, changed_at) VALUES ('fdf7e0b1-37fe-45e4-8ed7-84a2fed4ae91', '0a5df6d2-bb1d-4252-ac06-99638a9851f8', 'COMPLETED', '2023-06-04 02:00:00');
INSERT INTO motorbike_bookings (id, motorbike_id, renter_id, owner_id, status, start_date, end_date, total_days, price_per_day, base_price, service_fee, taxes, total, deposit, include_insurance, has_helmet, has_raincoat, has_phone_holder, has_touring_package, created_at) VALUES ('1e42bcc5-a939-47a9-aa70-634a422b076d', 'BIKE-2', 'D4E5F6G7-H8I9-0123-DEFG-456789012345', 'E5F6G7H8-I9J0-1234-EFGH-567890123456', 'COMPLETED', '2023-10-13', '2023-10-23', 10, 200000, 2000000, 200000.0, 160000.0, 2360000.0, 400000, 0, 0, 0, 0, 0, '2023-10-10 00:00:00');
INSERT INTO motorbike_booking_history (id, booking_id, status, changed_at) VALUES ('4bb08977-33e6-4e7d-909a-533b1847c295', '1e42bcc5-a939-47a9-aa70-634a422b076d', 'PENDING', '2023-10-10 00:00:00');
INSERT INTO motorbike_booking_history (id, booking_id, status, changed_at) VALUES ('6cebc9c7-df4b-4822-a558-8afbb674e726', '1e42bcc5-a939-47a9-aa70-634a422b076d', 'COMPLETED', '2023-10-10 02:00:00');
INSERT INTO motorbike_bookings (id, motorbike_id, renter_id, owner_id, status, start_date, end_date, total_days, price_per_day, base_price, service_fee, taxes, total, deposit, include_insurance, has_helmet, has_raincoat, has_phone_holder, has_touring_package, created_at) VALUES ('fb91b51c-a05c-47fa-a1a3-4cdd96f7bbf0', 'BIKE-1', 'B2C3D4E5-F6G7-8901-BCDE-234567890123', 'E5F6G7H8-I9J0-1234-EFGH-567890123456', 'COMPLETED', '2023-05-23', '2023-05-30', 7, 150000, 1050000, 105000.0, 84000.0, 1239000.0, 300000, 0, 0, 0, 0, 0, '2023-05-10 00:00:00');
INSERT INTO motorbike_booking_history (id, booking_id, status, changed_at) VALUES ('90eac6dd-a7d4-45ab-afaf-dacb74766c5c', 'fb91b51c-a05c-47fa-a1a3-4cdd96f7bbf0', 'PENDING', '2023-05-10 00:00:00');
INSERT INTO motorbike_booking_history (id, booking_id, status, changed_at) VALUES ('ebd7d15f-a025-484d-b873-d12c34304db6', 'fb91b51c-a05c-47fa-a1a3-4cdd96f7bbf0', 'COMPLETED', '2023-05-10 02:00:00');
INSERT INTO motorbike_bookings (id, motorbike_id, renter_id, owner_id, status, start_date, end_date, total_days, price_per_day, base_price, service_fee, taxes, total, deposit, include_insurance, has_helmet, has_raincoat, has_phone_holder, has_touring_package, created_at) VALUES ('93a550e5-da46-4d9a-a0fc-d29c0e3e5707', 'BIKE-3', 'C3D4E5F6-G7H8-9012-CDEF-345678901234', 'E5F6G7H8-I9J0-1234-EFGH-567890123456', 'COMPLETED', '2023-03-04', '2023-03-11', 7, 120000, 840000, 84000.0, 67200.0, 991200.0, 240000, 0, 0, 0, 0, 0, '2023-02-23 00:00:00');
INSERT INTO motorbike_booking_history (id, booking_id, status, changed_at) VALUES ('4fa33d37-bd3a-4636-b185-d2234c49bd5f', '93a550e5-da46-4d9a-a0fc-d29c0e3e5707', 'PENDING', '2023-02-23 00:00:00');
INSERT INTO motorbike_booking_history (id, booking_id, status, changed_at) VALUES ('b7f65d86-34f0-414e-bc86-cf05a6746932', '93a550e5-da46-4d9a-a0fc-d29c0e3e5707', 'COMPLETED', '2023-02-23 02:00:00');
INSERT INTO motorbike_bookings (id, motorbike_id, renter_id, owner_id, status, start_date, end_date, total_days, price_per_day, base_price, service_fee, taxes, total, deposit, include_insurance, has_helmet, has_raincoat, has_phone_holder, has_touring_package, created_at) VALUES ('734a265b-71ce-460b-b086-08dfdb7ba4f4', 'BIKE-1', 'D4E5F6G7-H8I9-0123-DEFG-456789012345', 'E5F6G7H8-I9J0-1234-EFGH-567890123456', 'CANCELLED', '2023-11-24', '2023-11-25', 1, 150000, 150000, 15000.0, 12000.0, 177000.0, 300000, 0, 0, 0, 0, 0, '2023-11-12 00:00:00');
INSERT INTO motorbike_booking_history (id, booking_id, status, changed_at) VALUES ('a35c5530-a488-4ec9-b19e-feb9661207f0', '734a265b-71ce-460b-b086-08dfdb7ba4f4', 'PENDING', '2023-11-12 00:00:00');
INSERT INTO motorbike_booking_history (id, booking_id, status, changed_at) VALUES ('309698f4-e24c-43f1-a913-eee1c00cf423', '734a265b-71ce-460b-b086-08dfdb7ba4f4', 'CANCELLED', '2023-11-12 02:00:00');
INSERT INTO motorbike_bookings (id, motorbike_id, renter_id, owner_id, status, start_date, end_date, total_days, price_per_day, base_price, service_fee, taxes, total, deposit, include_insurance, has_helmet, has_raincoat, has_phone_holder, has_touring_package, created_at) VALUES ('58448e89-de0b-4e70-b38d-48002b4810be', 'BIKE-2', 'D4E5F6G7-H8I9-0123-DEFG-456789012345', 'E5F6G7H8-I9J0-1234-EFGH-567890123456', 'COMPLETED', '2023-08-03', '2023-08-04', 1, 200000, 200000, 20000.0, 16000.0, 236000.0, 400000, 0, 0, 0, 0, 0, '2023-07-20 00:00:00');
INSERT INTO motorbike_booking_history (id, booking_id, status, changed_at) VALUES ('1ac0dd0a-8fb3-48df-bf3b-e5471b020f33', '58448e89-de0b-4e70-b38d-48002b4810be', 'PENDING', '2023-07-20 00:00:00');
INSERT INTO motorbike_booking_history (id, booking_id, status, changed_at) VALUES ('ac34c44d-815d-479d-827c-8b884563f90a', '58448e89-de0b-4e70-b38d-48002b4810be', 'COMPLETED', '2023-07-20 02:00:00');
INSERT INTO motorbike_bookings (id, motorbike_id, renter_id, owner_id, status, start_date, end_date, total_days, price_per_day, base_price, service_fee, taxes, total, deposit, include_insurance, has_helmet, has_raincoat, has_phone_holder, has_touring_package, created_at) VALUES ('826a6cc7-65c1-4b7f-9a0e-bf0c349d7ff2', 'BIKE-2', 'B2C3D4E5-F6G7-8901-BCDE-234567890123', 'E5F6G7H8-I9J0-1234-EFGH-567890123456', 'CANCELLED', '2023-01-14', '2023-01-15', 1, 200000, 200000, 20000.0, 16000.0, 236000.0, 400000, 0, 0, 0, 0, 0, '2023-01-08 00:00:00');
INSERT INTO motorbike_booking_history (id, booking_id, status, changed_at) VALUES ('0e2e4765-d5b5-49df-85f1-7169ec0387be', '826a6cc7-65c1-4b7f-9a0e-bf0c349d7ff2', 'PENDING', '2023-01-08 00:00:00');
INSERT INTO motorbike_booking_history (id, booking_id, status, changed_at) VALUES ('12235dac-4d1d-41c9-8d86-31da24446186', '826a6cc7-65c1-4b7f-9a0e-bf0c349d7ff2', 'CANCELLED', '2023-01-08 02:00:00');
INSERT INTO motorbike_bookings (id, motorbike_id, renter_id, owner_id, status, start_date, end_date, total_days, price_per_day, base_price, service_fee, taxes, total, deposit, include_insurance, has_helmet, has_raincoat, has_phone_holder, has_touring_package, created_at) VALUES ('1f08e6a3-c46d-43ed-83f0-64ddda7c4cfa', 'BIKE-3', 'B2C3D4E5-F6G7-8901-BCDE-234567890123', 'E5F6G7H8-I9J0-1234-EFGH-567890123456', 'CANCELLED', '2024-05-28', '2024-06-02', 5, 120000, 600000, 60000.0, 48000.0, 708000.0, 240000, 0, 0, 0, 0, 0, '2024-05-14 00:00:00');
INSERT INTO motorbike_booking_history (id, booking_id, status, changed_at) VALUES ('5b939ddf-8f08-4ee8-b05e-c8ca62307e85', '1f08e6a3-c46d-43ed-83f0-64ddda7c4cfa', 'PENDING', '2024-05-14 00:00:00');
INSERT INTO motorbike_booking_history (id, booking_id, status, changed_at) VALUES ('783e21b2-b51f-442f-8a32-4e6b55099a9b', '1f08e6a3-c46d-43ed-83f0-64ddda7c4cfa', 'CANCELLED', '2024-05-14 02:00:00');
INSERT INTO motorbike_bookings (id, motorbike_id, renter_id, owner_id, status, start_date, end_date, total_days, price_per_day, base_price, service_fee, taxes, total, deposit, include_insurance, has_helmet, has_raincoat, has_phone_holder, has_touring_package, created_at) VALUES ('d4e088e4-7bfb-4cfc-98ba-591fd86daef5', 'BIKE-1', 'C3D4E5F6-G7H8-9012-CDEF-345678901234', 'E5F6G7H8-I9J0-1234-EFGH-567890123456', 'COMPLETED', '2023-03-12', '2023-03-20', 8, 150000, 1200000, 120000.0, 96000.0, 1416000.0, 300000, 0, 0, 0, 0, 0, '2023-03-06 00:00:00');
INSERT INTO motorbike_booking_history (id, booking_id, status, changed_at) VALUES ('5fb35b6f-5d91-4043-b9f1-96a7df87bc82', 'd4e088e4-7bfb-4cfc-98ba-591fd86daef5', 'PENDING', '2023-03-06 00:00:00');
INSERT INTO motorbike_booking_history (id, booking_id, status, changed_at) VALUES ('da194cd2-726c-44eb-8d30-8776d55bf78f', 'd4e088e4-7bfb-4cfc-98ba-591fd86daef5', 'COMPLETED', '2023-03-06 02:00:00');
INSERT INTO motorbike_bookings (id, motorbike_id, renter_id, owner_id, status, start_date, end_date, total_days, price_per_day, base_price, service_fee, taxes, total, deposit, include_insurance, has_helmet, has_raincoat, has_phone_holder, has_touring_package, created_at) VALUES ('02a59da5-832d-4bca-80a1-70a3f36045a0', 'BIKE-3', 'D4E5F6G7-H8I9-0123-DEFG-456789012345', 'E5F6G7H8-I9J0-1234-EFGH-567890123456', 'COMPLETED', '2023-05-03', '2023-05-07', 4, 120000, 480000, 48000.0, 38400.0, 566400.0, 240000, 0, 0, 0, 0, 0, '2023-04-28 00:00:00');
INSERT INTO motorbike_booking_history (id, booking_id, status, changed_at) VALUES ('b98bdea6-f149-4d8f-bab1-0dce7da03a75', '02a59da5-832d-4bca-80a1-70a3f36045a0', 'PENDING', '2023-04-28 00:00:00');
INSERT INTO motorbike_booking_history (id, booking_id, status, changed_at) VALUES ('3f6d715e-21bd-47a7-a7db-e84234b23fd7', '02a59da5-832d-4bca-80a1-70a3f36045a0', 'COMPLETED', '2023-04-28 02:00:00');
INSERT INTO motorbike_bookings (id, motorbike_id, renter_id, owner_id, status, start_date, end_date, total_days, price_per_day, base_price, service_fee, taxes, total, deposit, include_insurance, has_helmet, has_raincoat, has_phone_holder, has_touring_package, created_at) VALUES ('77388f55-3d3c-4a5c-8d16-57aa70038201', 'BIKE-3', 'C3D4E5F6-G7H8-9012-CDEF-345678901234', 'E5F6G7H8-I9J0-1234-EFGH-567890123456', 'COMPLETED', '2024-02-07', '2024-02-08', 1, 120000, 120000, 12000.0, 9600.0, 141600.0, 240000, 0, 0, 0, 0, 0, '2024-01-24 00:00:00');
INSERT INTO motorbike_booking_history (id, booking_id, status, changed_at) VALUES ('6c0f0727-8f8a-48cb-8e72-08b6f0f53796', '77388f55-3d3c-4a5c-8d16-57aa70038201', 'PENDING', '2024-01-24 00:00:00');
INSERT INTO motorbike_booking_history (id, booking_id, status, changed_at) VALUES ('0c7a1959-9e3e-46ad-ba54-f17ebd640430', '77388f55-3d3c-4a5c-8d16-57aa70038201', 'COMPLETED', '2024-01-24 02:00:00');
INSERT INTO motorbike_bookings (id, motorbike_id, renter_id, owner_id, status, start_date, end_date, total_days, price_per_day, base_price, service_fee, taxes, total, deposit, include_insurance, has_helmet, has_raincoat, has_phone_holder, has_touring_package, created_at) VALUES ('3c95c620-359b-4c14-9c05-73a22d717dea', 'BIKE-2', 'B2C3D4E5-F6G7-8901-BCDE-234567890123', 'E5F6G7H8-I9J0-1234-EFGH-567890123456', 'COMPLETED', '2023-08-13', '2023-08-15', 2, 200000, 400000, 40000.0, 32000.0, 472000.0, 400000, 0, 0, 0, 0, 0, '2023-08-07 00:00:00');
INSERT INTO motorbike_booking_history (id, booking_id, status, changed_at) VALUES ('e577bad6-f8ee-4285-82e3-0f1bf5311f0a', '3c95c620-359b-4c14-9c05-73a22d717dea', 'PENDING', '2023-08-07 00:00:00');
INSERT INTO motorbike_booking_history (id, booking_id, status, changed_at) VALUES ('0d76186f-63f3-4b33-895f-d3107ceb9b75', '3c95c620-359b-4c14-9c05-73a22d717dea', 'COMPLETED', '2023-08-07 02:00:00');
INSERT INTO motorbike_bookings (id, motorbike_id, renter_id, owner_id, status, start_date, end_date, total_days, price_per_day, base_price, service_fee, taxes, total, deposit, include_insurance, has_helmet, has_raincoat, has_phone_holder, has_touring_package, created_at) VALUES ('8d939480-627e-43c1-b2d1-a560b87f1bba', 'BIKE-2', 'C3D4E5F6-G7H8-9012-CDEF-345678901234', 'E5F6G7H8-I9J0-1234-EFGH-567890123456', 'COMPLETED', '2023-04-01', '2023-04-10', 9, 200000, 1800000, 180000.0, 144000.0, 2124000.0, 400000, 0, 0, 0, 0, 0, '2023-03-26 00:00:00');
INSERT INTO motorbike_booking_history (id, booking_id, status, changed_at) VALUES ('b7b4e736-db52-49ce-99b4-32b7229f4e27', '8d939480-627e-43c1-b2d1-a560b87f1bba', 'PENDING', '2023-03-26 00:00:00');
INSERT INTO motorbike_booking_history (id, booking_id, status, changed_at) VALUES ('8932d111-bbca-420b-ac79-05ed0c875a41', '8d939480-627e-43c1-b2d1-a560b87f1bba', 'COMPLETED', '2023-03-26 02:00:00');
INSERT INTO motorbike_bookings (id, motorbike_id, renter_id, owner_id, status, start_date, end_date, total_days, price_per_day, base_price, service_fee, taxes, total, deposit, include_insurance, has_helmet, has_raincoat, has_phone_holder, has_touring_package, created_at) VALUES ('a03674c9-17cc-4222-81aa-050adacd71d5', 'BIKE-1', 'C3D4E5F6-G7H8-9012-CDEF-345678901234', 'E5F6G7H8-I9J0-1234-EFGH-567890123456', 'COMPLETED', '2023-04-10', '2023-04-16', 6, 150000, 900000, 90000.0, 72000.0, 1062000.0, 300000, 0, 0, 0, 0, 0, '2023-04-05 00:00:00');
INSERT INTO motorbike_booking_history (id, booking_id, status, changed_at) VALUES ('4d8f1b58-b5ff-4d7d-818f-04ed3dee239a', 'a03674c9-17cc-4222-81aa-050adacd71d5', 'PENDING', '2023-04-05 00:00:00');
INSERT INTO motorbike_booking_history (id, booking_id, status, changed_at) VALUES ('2e075b4a-8583-425e-9d13-6913d13d6b3b', 'a03674c9-17cc-4222-81aa-050adacd71d5', 'COMPLETED', '2023-04-05 02:00:00');
INSERT INTO motorbike_bookings (id, motorbike_id, renter_id, owner_id, status, start_date, end_date, total_days, price_per_day, base_price, service_fee, taxes, total, deposit, include_insurance, has_helmet, has_raincoat, has_phone_holder, has_touring_package, created_at) VALUES ('dbf9d477-981b-4d3a-a87d-58e7dcbcbdad', 'BIKE-1', 'D4E5F6G7-H8I9-0123-DEFG-456789012345', 'E5F6G7H8-I9J0-1234-EFGH-567890123456', 'COMPLETED', '2023-07-04', '2023-07-10', 6, 150000, 900000, 90000.0, 72000.0, 1062000.0, 300000, 0, 0, 0, 0, 0, '2023-06-22 00:00:00');
INSERT INTO motorbike_booking_history (id, booking_id, status, changed_at) VALUES ('603d4c85-5885-4b50-81f9-f8c24352a094', 'dbf9d477-981b-4d3a-a87d-58e7dcbcbdad', 'PENDING', '2023-06-22 00:00:00');
INSERT INTO motorbike_booking_history (id, booking_id, status, changed_at) VALUES ('d04fc9b9-8cf2-435e-bab7-7a0b37f02da8', 'dbf9d477-981b-4d3a-a87d-58e7dcbcbdad', 'COMPLETED', '2023-06-22 02:00:00');
INSERT INTO bookings (id, vehicle_id, renter_id, owner_id, status, start_date, end_date, total_days, base_price, price_per_day, service_fee, taxes, total, deposit, created_at, updated_at) VALUES ('dca1f62f-5715-4177-b8d6-d7ffbdf25623', 'V1A2B3C4-D5E6-7890-VHCL-111111111111', 'D4E5F6G7-H8I9-0123-DEFG-456789012345', 'E5F6G7H8-I9J0-1234-EFGH-567890123456', 'COMPLETED', '2023-07-13', '2023-07-16', 3, 2400000, 800000, 240000.0, 192000.0, 2832000.0, 3000000, '2023-07-11 00:00:00', '2023-07-11 00:00:00');
INSERT INTO payments (id, booking_id, user_id, amount, currency, status, method, transaction_id, created_at, processed_at) VALUES ('0f3b3660-e0fd-434c-9e07-9b9eb5e705ce', 'dca1f62f-5715-4177-b8d6-d7ffbdf25623', 'D4E5F6G7-H8I9-0123-DEFG-456789012345', 2832000.0, 'VND', 'SUCCEEDED', 'VNPAY', '6100298f-64d9-45d9-af69-0900fd6e2e8d', '2023-07-11 00:00:00', '2023-07-11 00:00:00');
INSERT INTO reviews (id, vehicle_id, booking_id, reviewer_id, owner_id, rating, cleanliness, accuracy, communication, value_rating, comment, created_at, updated_at) VALUES ('b266a359-b986-4193-a57e-03b116cae9f5', 'V1A2B3C4-D5E6-7890-VHCL-111111111111', 'dca1f62f-5715-4177-b8d6-d7ffbdf25623', 'D4E5F6G7-H8I9-0123-DEFG-456789012345', 'E5F6G7H8-I9J0-1234-EFGH-567890123456', 4, 4, 4, 4, 4, N'Trải nghiệm tuyệt vời!', '2023-07-16 00:00:00', '2023-07-16 00:00:00');
INSERT INTO bookings (id, vehicle_id, renter_id, owner_id, status, start_date, end_date, total_days, base_price, price_per_day, service_fee, taxes, total, deposit, created_at, updated_at) VALUES ('a0af2aaf-319e-4ea0-8e47-9923b02e1eb6', 'V1A2B3C4-D5E6-7890-VHCL-111111111111', 'B2C3D4E5-F6G7-8901-BCDE-234567890123', 'E5F6G7H8-I9J0-1234-EFGH-567890123456', 'COMPLETED', '2023-10-01', '2023-10-08', 7, 5600000, 800000, 560000.0, 448000.0, 6608000.0, 3000000, '2023-09-27 00:00:00', '2023-09-27 00:00:00');
INSERT INTO payments (id, booking_id, user_id, amount, currency, status, method, transaction_id, created_at, processed_at) VALUES ('7bcddc54-829c-4ac6-80ef-2913a9af4125', 'a0af2aaf-319e-4ea0-8e47-9923b02e1eb6', 'B2C3D4E5-F6G7-8901-BCDE-234567890123', 6608000.0, 'VND', 'SUCCEEDED', 'VNPAY', '7c0755b7-6339-4478-90d0-a84df8220d70', '2023-09-27 00:00:00', '2023-09-27 00:00:00');
INSERT INTO reviews (id, vehicle_id, booking_id, reviewer_id, owner_id, rating, cleanliness, accuracy, communication, value_rating, comment, created_at, updated_at) VALUES ('1dbfd5b6-63ac-4d65-a1ba-fb26b12411ee', 'V1A2B3C4-D5E6-7890-VHCL-111111111111', 'a0af2aaf-319e-4ea0-8e47-9923b02e1eb6', 'B2C3D4E5-F6G7-8901-BCDE-234567890123', 'E5F6G7H8-I9J0-1234-EFGH-567890123456', 4, 4, 4, 4, 4, N'Trải nghiệm tuyệt vời!', '2023-10-08 00:00:00', '2023-10-08 00:00:00');
INSERT INTO bookings (id, vehicle_id, renter_id, owner_id, status, start_date, end_date, total_days, base_price, price_per_day, service_fee, taxes, total, deposit, created_at, updated_at) VALUES ('9427052c-16ed-44e3-becb-5d2d201a52a0', 'V1A2B3C4-D5E6-7890-VHCL-111111111111', 'D4E5F6G7-H8I9-0123-DEFG-456789012345', 'E5F6G7H8-I9J0-1234-EFGH-567890123456', 'COMPLETED', '2023-06-09', '2023-06-15', 6, 4800000, 800000, 480000.0, 384000.0, 5664000.0, 3000000, '2023-06-04 00:00:00', '2023-06-04 00:00:00');
INSERT INTO payments (id, booking_id, user_id, amount, currency, status, method, transaction_id, created_at, processed_at) VALUES ('eaed529a-55f5-44a8-b75d-b1a0c81d088c', '9427052c-16ed-44e3-becb-5d2d201a52a0', 'D4E5F6G7-H8I9-0123-DEFG-456789012345', 5664000.0, 'VND', 'SUCCEEDED', 'VNPAY', '084b33cf-7cb6-4de4-aea0-9ac9769fe163', '2023-06-04 00:00:00', '2023-06-04 00:00:00');
INSERT INTO reviews (id, vehicle_id, booking_id, reviewer_id, owner_id, rating, cleanliness, accuracy, communication, value_rating, comment, created_at, updated_at) VALUES ('56c063fe-ed3c-4257-9a29-cc375f922559', 'V1A2B3C4-D5E6-7890-VHCL-111111111111', '9427052c-16ed-44e3-becb-5d2d201a52a0', 'D4E5F6G7-H8I9-0123-DEFG-456789012345', 'E5F6G7H8-I9J0-1234-EFGH-567890123456', 3, 3, 3, 3, 3, N'Trải nghiệm tuyệt vời!', '2023-06-15 00:00:00', '2023-06-15 00:00:00');
INSERT INTO bookings (id, vehicle_id, renter_id, owner_id, status, start_date, end_date, total_days, base_price, price_per_day, service_fee, taxes, total, deposit, created_at, updated_at) VALUES ('ca574494-0eb1-4a11-be43-ae3299828a7c', 'V1A2B3C4-D5E6-7890-VHCL-111111111111', 'C3D4E5F6-G7H8-9012-CDEF-345678901234', 'E5F6G7H8-I9J0-1234-EFGH-567890123456', 'COMPLETED', '2023-03-21', '2023-03-24', 3, 2400000, 800000, 240000.0, 192000.0, 2832000.0, 3000000, '2023-03-07 00:00:00', '2023-03-07 00:00:00');
INSERT INTO payments (id, booking_id, user_id, amount, currency, status, method, transaction_id, created_at, processed_at) VALUES ('ab20be7b-1bfc-47ab-8dfe-76cb249293c2', 'ca574494-0eb1-4a11-be43-ae3299828a7c', 'C3D4E5F6-G7H8-9012-CDEF-345678901234', 2832000.0, 'VND', 'SUCCEEDED', 'VNPAY', 'c63fea45-08c7-4977-beb6-51b1835b74e0', '2023-03-07 00:00:00', '2023-03-07 00:00:00');
INSERT INTO reviews (id, vehicle_id, booking_id, reviewer_id, owner_id, rating, cleanliness, accuracy, communication, value_rating, comment, created_at, updated_at) VALUES ('f9df5e3c-7b99-4cea-b962-528041ce59fa', 'V1A2B3C4-D5E6-7890-VHCL-111111111111', 'ca574494-0eb1-4a11-be43-ae3299828a7c', 'C3D4E5F6-G7H8-9012-CDEF-345678901234', 'E5F6G7H8-I9J0-1234-EFGH-567890123456', 4, 4, 4, 4, 4, N'Trải nghiệm tuyệt vời!', '2023-03-24 00:00:00', '2023-03-24 00:00:00');
INSERT INTO bookings (id, vehicle_id, renter_id, owner_id, status, start_date, end_date, total_days, base_price, price_per_day, service_fee, taxes, total, deposit, created_at, updated_at) VALUES ('e25d6692-e94e-4a6a-a3e9-26490474f0a6', 'V1A2B3C4-D5E6-7890-VHCL-111111111111', 'B2C3D4E5-F6G7-8901-BCDE-234567890123', 'E5F6G7H8-I9J0-1234-EFGH-567890123456', 'COMPLETED', '2023-09-11', '2023-09-15', 4, 3200000, 800000, 320000.0, 256000.0, 3776000.0, 3000000, '2023-08-31 00:00:00', '2023-08-31 00:00:00');
INSERT INTO payments (id, booking_id, user_id, amount, currency, status, method, transaction_id, created_at, processed_at) VALUES ('ccec8749-927e-4731-9a9f-76797d4a0c07', 'e25d6692-e94e-4a6a-a3e9-26490474f0a6', 'B2C3D4E5-F6G7-8901-BCDE-234567890123', 3776000.0, 'VND', 'SUCCEEDED', 'VNPAY', '9e8830ff-694c-4bb5-87b3-679aa18d8a0e', '2023-08-31 00:00:00', '2023-08-31 00:00:00');
INSERT INTO reviews (id, vehicle_id, booking_id, reviewer_id, owner_id, rating, cleanliness, accuracy, communication, value_rating, comment, created_at, updated_at) VALUES ('8962bab7-01a7-428f-ac8e-10f82308ceb7', 'V1A2B3C4-D5E6-7890-VHCL-111111111111', 'e25d6692-e94e-4a6a-a3e9-26490474f0a6', 'B2C3D4E5-F6G7-8901-BCDE-234567890123', 'E5F6G7H8-I9J0-1234-EFGH-567890123456', 5, 5, 5, 5, 5, N'Trải nghiệm tuyệt vời!', '2023-09-15 00:00:00', '2023-09-15 00:00:00');
INSERT INTO bookings (id, vehicle_id, renter_id, owner_id, status, start_date, end_date, total_days, base_price, price_per_day, service_fee, taxes, total, deposit, created_at, updated_at) VALUES ('bdaa28dc-8dfa-4bb2-a81a-c645e33518a7', 'V1A2B3C4-D5E6-7890-VHCL-111111111111', 'C3D4E5F6-G7H8-9012-CDEF-345678901234', 'E5F6G7H8-I9J0-1234-EFGH-567890123456', 'CANCELLED', '2023-05-15', '2023-05-25', 10, 8000000, 800000, 800000.0, 640000.0, 9440000.0, 3000000, '2023-05-07 00:00:00', '2023-05-07 00:00:00');
INSERT INTO payments (id, booking_id, user_id, amount, currency, status, method, transaction_id, created_at, processed_at) VALUES ('5a08b3aa-5b84-4d24-a752-a74ea128c73b', 'bdaa28dc-8dfa-4bb2-a81a-c645e33518a7', 'C3D4E5F6-G7H8-9012-CDEF-345678901234', 9440000.0, 'VND', 'REFUNDED', 'VNPAY', '32d0b6bd-c7d5-4e0f-8f7d-779bdcc3f0f5', '2023-05-07 00:00:00', '2023-05-07 00:00:00');
INSERT INTO bookings (id, vehicle_id, renter_id, owner_id, status, start_date, end_date, total_days, base_price, price_per_day, service_fee, taxes, total, deposit, created_at, updated_at) VALUES ('ee7438f6-665d-4ce9-bae6-b51c9dfcd602', 'V1A2B3C4-D5E6-7890-VHCL-111111111111', 'D4E5F6G7-H8I9-0123-DEFG-456789012345', 'E5F6G7H8-I9J0-1234-EFGH-567890123456', 'COMPLETED', '2023-04-26', '2023-05-03', 7, 5600000, 800000, 560000.0, 448000.0, 6608000.0, 3000000, '2023-04-19 00:00:00', '2023-04-19 00:00:00');
INSERT INTO payments (id, booking_id, user_id, amount, currency, status, method, transaction_id, created_at, processed_at) VALUES ('f574176e-3bc6-41c4-b403-3c014b578c6c', 'ee7438f6-665d-4ce9-bae6-b51c9dfcd602', 'D4E5F6G7-H8I9-0123-DEFG-456789012345', 6608000.0, 'VND', 'SUCCEEDED', 'VNPAY', '17210b3d-54bf-400a-a552-7b2a784d7312', '2023-04-19 00:00:00', '2023-04-19 00:00:00');
INSERT INTO reviews (id, vehicle_id, booking_id, reviewer_id, owner_id, rating, cleanliness, accuracy, communication, value_rating, comment, created_at, updated_at) VALUES ('10fb946e-17e8-4214-ae90-7aed3f3f8b74', 'V1A2B3C4-D5E6-7890-VHCL-111111111111', 'ee7438f6-665d-4ce9-bae6-b51c9dfcd602', 'D4E5F6G7-H8I9-0123-DEFG-456789012345', 'E5F6G7H8-I9J0-1234-EFGH-567890123456', 5, 5, 5, 5, 5, N'Trải nghiệm tuyệt vời!', '2023-05-03 00:00:00', '2023-05-03 00:00:00');
INSERT INTO bookings (id, vehicle_id, renter_id, owner_id, status, start_date, end_date, total_days, base_price, price_per_day, service_fee, taxes, total, deposit, created_at, updated_at) VALUES ('1430e188-e517-4f6c-8e38-cfbcd678da86', 'V1A2B3C4-D5E6-7890-VHCL-111111111111', 'B2C3D4E5-F6G7-8901-BCDE-234567890123', 'E5F6G7H8-I9J0-1234-EFGH-567890123456', 'COMPLETED', '2023-01-26', '2023-02-01', 6, 4800000, 800000, 480000.0, 384000.0, 5664000.0, 3000000, '2023-01-23 00:00:00', '2023-01-23 00:00:00');
INSERT INTO payments (id, booking_id, user_id, amount, currency, status, method, transaction_id, created_at, processed_at) VALUES ('46b3554a-9215-48f8-b6a7-90732e7bd00a', '1430e188-e517-4f6c-8e38-cfbcd678da86', 'B2C3D4E5-F6G7-8901-BCDE-234567890123', 5664000.0, 'VND', 'SUCCEEDED', 'VNPAY', 'f08d65d1-3830-45ad-a61f-02db6383161a', '2023-01-23 00:00:00', '2023-01-23 00:00:00');
INSERT INTO reviews (id, vehicle_id, booking_id, reviewer_id, owner_id, rating, cleanliness, accuracy, communication, value_rating, comment, created_at, updated_at) VALUES ('cbc9513c-df7a-4be4-871f-0422a70023cb', 'V1A2B3C4-D5E6-7890-VHCL-111111111111', '1430e188-e517-4f6c-8e38-cfbcd678da86', 'B2C3D4E5-F6G7-8901-BCDE-234567890123', 'E5F6G7H8-I9J0-1234-EFGH-567890123456', 4, 4, 4, 4, 4, N'Trải nghiệm tuyệt vời!', '2023-02-01 00:00:00', '2023-02-01 00:00:00');
INSERT INTO bookings (id, vehicle_id, renter_id, owner_id, status, start_date, end_date, total_days, base_price, price_per_day, service_fee, taxes, total, deposit, created_at, updated_at) VALUES ('38aa8a23-3dc9-405c-86ce-ab215eeed2f7', 'V1A2B3C4-D5E6-7890-VHCL-111111111111', 'C3D4E5F6-G7H8-9012-CDEF-345678901234', 'E5F6G7H8-I9J0-1234-EFGH-567890123456', 'COMPLETED', '2023-04-22', '2023-04-27', 5, 4000000, 800000, 400000.0, 320000.0, 4720000.0, 3000000, '2023-04-20 00:00:00', '2023-04-20 00:00:00');
INSERT INTO payments (id, booking_id, user_id, amount, currency, status, method, transaction_id, created_at, processed_at) VALUES ('5f713d21-3d9a-424f-9acc-70127d8c586a', '38aa8a23-3dc9-405c-86ce-ab215eeed2f7', 'C3D4E5F6-G7H8-9012-CDEF-345678901234', 4720000.0, 'VND', 'SUCCEEDED', 'VNPAY', 'a10dc7b1-2fea-4b77-aabc-ca9252edea34', '2023-04-20 00:00:00', '2023-04-20 00:00:00');
INSERT INTO reviews (id, vehicle_id, booking_id, reviewer_id, owner_id, rating, cleanliness, accuracy, communication, value_rating, comment, created_at, updated_at) VALUES ('8bff69c7-9e17-4921-8379-d8477d1b1464', 'V1A2B3C4-D5E6-7890-VHCL-111111111111', '38aa8a23-3dc9-405c-86ce-ab215eeed2f7', 'C3D4E5F6-G7H8-9012-CDEF-345678901234', 'E5F6G7H8-I9J0-1234-EFGH-567890123456', 5, 5, 5, 5, 5, N'Trải nghiệm tuyệt vời!', '2023-04-27 00:00:00', '2023-04-27 00:00:00');
INSERT INTO bookings (id, vehicle_id, renter_id, owner_id, status, start_date, end_date, total_days, base_price, price_per_day, service_fee, taxes, total, deposit, created_at, updated_at) VALUES ('0ea50de5-1bc1-497a-aa28-9e37947114ea', 'V1A2B3C4-D5E6-7890-VHCL-111111111111', 'C3D4E5F6-G7H8-9012-CDEF-345678901234', 'E5F6G7H8-I9J0-1234-EFGH-567890123456', 'COMPLETED', '2023-08-27', '2023-08-30', 3, 2400000, 800000, 240000.0, 192000.0, 2832000.0, 3000000, '2023-08-17 00:00:00', '2023-08-17 00:00:00');
INSERT INTO payments (id, booking_id, user_id, amount, currency, status, method, transaction_id, created_at, processed_at) VALUES ('78ab11b3-88d0-4c01-86a0-bbbc291f4cf8', '0ea50de5-1bc1-497a-aa28-9e37947114ea', 'C3D4E5F6-G7H8-9012-CDEF-345678901234', 2832000.0, 'VND', 'SUCCEEDED', 'VNPAY', '0ddc3aa4-6773-496e-8ea7-712fcb553cb6', '2023-08-17 00:00:00', '2023-08-17 00:00:00');
INSERT INTO reviews (id, vehicle_id, booking_id, reviewer_id, owner_id, rating, cleanliness, accuracy, communication, value_rating, comment, created_at, updated_at) VALUES ('c64f7aba-7238-440a-bafb-d4ef1ad09612', 'V1A2B3C4-D5E6-7890-VHCL-111111111111', '0ea50de5-1bc1-497a-aa28-9e37947114ea', 'C3D4E5F6-G7H8-9012-CDEF-345678901234', 'E5F6G7H8-I9J0-1234-EFGH-567890123456', 3, 3, 3, 3, 3, N'Trải nghiệm tuyệt vời!', '2023-08-30 00:00:00', '2023-08-30 00:00:00');
INSERT INTO bookings (id, vehicle_id, renter_id, owner_id, status, start_date, end_date, total_days, base_price, price_per_day, service_fee, taxes, total, deposit, created_at, updated_at) VALUES ('362eee66-6d29-45b3-af88-7eedf5104994', 'V1A2B3C4-D5E6-7890-VHCL-111111111111', 'B2C3D4E5-F6G7-8901-BCDE-234567890123', 'E5F6G7H8-I9J0-1234-EFGH-567890123456', 'CANCELLED', '2023-09-01', '2023-09-02', 1, 800000, 800000, 80000.0, 64000.0, 944000.0, 3000000, '2023-08-25 00:00:00', '2023-08-25 00:00:00');
INSERT INTO payments (id, booking_id, user_id, amount, currency, status, method, transaction_id, created_at, processed_at) VALUES ('a57ba1b2-f1f8-45c8-8687-e7a6e7a63639', '362eee66-6d29-45b3-af88-7eedf5104994', 'B2C3D4E5-F6G7-8901-BCDE-234567890123', 944000.0, 'VND', 'REFUNDED', 'VNPAY', '9a323817-c43c-4f0a-9820-164ce827d074', '2023-08-25 00:00:00', '2023-08-25 00:00:00');
INSERT INTO bookings (id, vehicle_id, renter_id, owner_id, status, start_date, end_date, total_days, base_price, price_per_day, service_fee, taxes, total, deposit, created_at, updated_at) VALUES ('082bc984-ea57-49c0-8c77-9d5d4270aa65', 'V1A2B3C4-D5E6-7890-VHCL-111111111111', 'D4E5F6G7-H8I9-0123-DEFG-456789012345', 'E5F6G7H8-I9J0-1234-EFGH-567890123456', 'COMPLETED', '2023-11-30', '2023-12-04', 4, 3200000, 800000, 320000.0, 256000.0, 3776000.0, 3000000, '2023-11-16 00:00:00', '2023-11-16 00:00:00');
INSERT INTO payments (id, booking_id, user_id, amount, currency, status, method, transaction_id, created_at, processed_at) VALUES ('218c2431-1bda-4bc5-81c0-35bfa0bba0c1', '082bc984-ea57-49c0-8c77-9d5d4270aa65', 'D4E5F6G7-H8I9-0123-DEFG-456789012345', 3776000.0, 'VND', 'SUCCEEDED', 'VNPAY', '098727e2-54f0-45d5-b7d6-f27486b10176', '2023-11-16 00:00:00', '2023-11-16 00:00:00');
INSERT INTO reviews (id, vehicle_id, booking_id, reviewer_id, owner_id, rating, cleanliness, accuracy, communication, value_rating, comment, created_at, updated_at) VALUES ('7d084a32-c713-41fb-b0a4-33fcf6fc29a9', 'V1A2B3C4-D5E6-7890-VHCL-111111111111', '082bc984-ea57-49c0-8c77-9d5d4270aa65', 'D4E5F6G7-H8I9-0123-DEFG-456789012345', 'E5F6G7H8-I9J0-1234-EFGH-567890123456', 3, 3, 3, 3, 3, N'Trải nghiệm tuyệt vời!', '2023-12-04 00:00:00', '2023-12-04 00:00:00');
INSERT INTO bookings (id, vehicle_id, renter_id, owner_id, status, start_date, end_date, total_days, base_price, price_per_day, service_fee, taxes, total, deposit, created_at, updated_at) VALUES ('bb452b4d-59e0-4c0e-9c4f-5da5965721f5', 'V1A2B3C4-D5E6-7890-VHCL-111111111111', 'B2C3D4E5-F6G7-8901-BCDE-234567890123', 'E5F6G7H8-I9J0-1234-EFGH-567890123456', 'COMPLETED', '2023-08-08', '2023-08-11', 3, 2400000, 800000, 240000.0, 192000.0, 2832000.0, 3000000, '2023-07-29 00:00:00', '2023-07-29 00:00:00');
INSERT INTO payments (id, booking_id, user_id, amount, currency, status, method, transaction_id, created_at, processed_at) VALUES ('5cb6d962-912d-4529-9806-f12d8a5f6289', 'bb452b4d-59e0-4c0e-9c4f-5da5965721f5', 'B2C3D4E5-F6G7-8901-BCDE-234567890123', 2832000.0, 'VND', 'SUCCEEDED', 'VNPAY', '9ee1548a-568a-4bef-9922-8c32e7bfc8e9', '2023-07-29 00:00:00', '2023-07-29 00:00:00');
INSERT INTO reviews (id, vehicle_id, booking_id, reviewer_id, owner_id, rating, cleanliness, accuracy, communication, value_rating, comment, created_at, updated_at) VALUES ('ed6f6311-6e43-4cbd-a9a9-36e061ce55c6', 'V1A2B3C4-D5E6-7890-VHCL-111111111111', 'bb452b4d-59e0-4c0e-9c4f-5da5965721f5', 'B2C3D4E5-F6G7-8901-BCDE-234567890123', 'E5F6G7H8-I9J0-1234-EFGH-567890123456', 3, 3, 3, 3, 3, N'Trải nghiệm tuyệt vời!', '2023-08-11 00:00:00', '2023-08-11 00:00:00');
INSERT INTO bookings (id, vehicle_id, renter_id, owner_id, status, start_date, end_date, total_days, base_price, price_per_day, service_fee, taxes, total, deposit, created_at, updated_at) VALUES ('05f6103b-f88a-4e95-bfec-96b864facb2a', 'V1A2B3C4-D5E6-7890-VHCL-111111111111', 'D4E5F6G7-H8I9-0123-DEFG-456789012345', 'E5F6G7H8-I9J0-1234-EFGH-567890123456', 'COMPLETED', '2023-08-31', '2023-09-02', 2, 1600000, 800000, 160000.0, 128000.0, 1888000.0, 3000000, '2023-08-27 00:00:00', '2023-08-27 00:00:00');
INSERT INTO payments (id, booking_id, user_id, amount, currency, status, method, transaction_id, created_at, processed_at) VALUES ('3b316323-38bb-4814-a6cf-03daca461a36', '05f6103b-f88a-4e95-bfec-96b864facb2a', 'D4E5F6G7-H8I9-0123-DEFG-456789012345', 1888000.0, 'VND', 'SUCCEEDED', 'VNPAY', '1d7752ab-f46a-4292-9b07-c93ebfb36257', '2023-08-27 00:00:00', '2023-08-27 00:00:00');
INSERT INTO reviews (id, vehicle_id, booking_id, reviewer_id, owner_id, rating, cleanliness, accuracy, communication, value_rating, comment, created_at, updated_at) VALUES ('bf908f1d-3046-4ef6-8ac8-54e353a34516', 'V1A2B3C4-D5E6-7890-VHCL-111111111111', '05f6103b-f88a-4e95-bfec-96b864facb2a', 'D4E5F6G7-H8I9-0123-DEFG-456789012345', 'E5F6G7H8-I9J0-1234-EFGH-567890123456', 4, 4, 4, 4, 4, N'Trải nghiệm tuyệt vời!', '2023-09-02 00:00:00', '2023-09-02 00:00:00');
INSERT INTO bookings (id, vehicle_id, renter_id, owner_id, status, start_date, end_date, total_days, base_price, price_per_day, service_fee, taxes, total, deposit, created_at, updated_at) VALUES ('363f537b-8772-4a83-a00a-c130c65e7e6f', 'V1A2B3C4-D5E6-7890-VHCL-111111111111', 'C3D4E5F6-G7H8-9012-CDEF-345678901234', 'E5F6G7H8-I9J0-1234-EFGH-567890123456', 'COMPLETED', '2023-12-31', '2024-01-09', 9, 7200000, 800000, 720000.0, 576000.0, 8496000.0, 3000000, '2023-12-21 00:00:00', '2023-12-21 00:00:00');
INSERT INTO payments (id, booking_id, user_id, amount, currency, status, method, transaction_id, created_at, processed_at) VALUES ('4cc51858-fc63-4983-89ff-7cf40f109e81', '363f537b-8772-4a83-a00a-c130c65e7e6f', 'C3D4E5F6-G7H8-9012-CDEF-345678901234', 8496000.0, 'VND', 'SUCCEEDED', 'VNPAY', '70c67863-67af-447b-9ea4-5c3cd958ed34', '2023-12-21 00:00:00', '2023-12-21 00:00:00');
INSERT INTO reviews (id, vehicle_id, booking_id, reviewer_id, owner_id, rating, cleanliness, accuracy, communication, value_rating, comment, created_at, updated_at) VALUES ('735b5085-4a46-487b-9a5e-e09d6bdc3ef4', 'V1A2B3C4-D5E6-7890-VHCL-111111111111', '363f537b-8772-4a83-a00a-c130c65e7e6f', 'C3D4E5F6-G7H8-9012-CDEF-345678901234', 'E5F6G7H8-I9J0-1234-EFGH-567890123456', 4, 4, 4, 4, 4, N'Trải nghiệm tuyệt vời!', '2024-01-09 00:00:00', '2024-01-09 00:00:00');
INSERT INTO bookings (id, vehicle_id, renter_id, owner_id, status, start_date, end_date, total_days, base_price, price_per_day, service_fee, taxes, total, deposit, created_at, updated_at) VALUES ('d693fddc-d4ce-4a6d-a1ee-231af3f947f9', 'V1A2B3C4-D5E6-7890-VHCL-111111111111', 'B2C3D4E5-F6G7-8901-BCDE-234567890123', 'E5F6G7H8-I9J0-1234-EFGH-567890123456', 'COMPLETED', '2023-08-07', '2023-08-14', 7, 5600000, 800000, 560000.0, 448000.0, 6608000.0, 3000000, '2023-07-29 00:00:00', '2023-07-29 00:00:00');
INSERT INTO payments (id, booking_id, user_id, amount, currency, status, method, transaction_id, created_at, processed_at) VALUES ('fb00bf43-2c5b-4956-bb81-46bacfbc9f3b', 'd693fddc-d4ce-4a6d-a1ee-231af3f947f9', 'B2C3D4E5-F6G7-8901-BCDE-234567890123', 6608000.0, 'VND', 'SUCCEEDED', 'VNPAY', '45306ef8-e80f-4a89-90e0-2df063976ee6', '2023-07-29 00:00:00', '2023-07-29 00:00:00');
INSERT INTO reviews (id, vehicle_id, booking_id, reviewer_id, owner_id, rating, cleanliness, accuracy, communication, value_rating, comment, created_at, updated_at) VALUES ('854ec511-67f6-40c7-aa7f-7d5f122b8b65', 'V1A2B3C4-D5E6-7890-VHCL-111111111111', 'd693fddc-d4ce-4a6d-a1ee-231af3f947f9', 'B2C3D4E5-F6G7-8901-BCDE-234567890123', 'E5F6G7H8-I9J0-1234-EFGH-567890123456', 5, 5, 5, 5, 5, N'Trải nghiệm tuyệt vời!', '2023-08-14 00:00:00', '2023-08-14 00:00:00');
INSERT INTO bookings (id, vehicle_id, renter_id, owner_id, status, start_date, end_date, total_days, base_price, price_per_day, service_fee, taxes, total, deposit, created_at, updated_at) VALUES ('08704551-da70-4ce4-a064-654323f2aa0b', 'V1A2B3C4-D5E6-7890-VHCL-111111111111', 'B2C3D4E5-F6G7-8901-BCDE-234567890123', 'E5F6G7H8-I9J0-1234-EFGH-567890123456', 'COMPLETED', '2023-03-26', '2023-04-03', 8, 6400000, 800000, 640000.0, 512000.0, 7552000.0, 3000000, '2023-03-20 00:00:00', '2023-03-20 00:00:00');
INSERT INTO payments (id, booking_id, user_id, amount, currency, status, method, transaction_id, created_at, processed_at) VALUES ('6b8f2c9a-7a73-494c-b7e7-2538576d98f8', '08704551-da70-4ce4-a064-654323f2aa0b', 'B2C3D4E5-F6G7-8901-BCDE-234567890123', 7552000.0, 'VND', 'SUCCEEDED', 'VNPAY', '33174a14-d771-4b9b-a907-7664e6a17c7d', '2023-03-20 00:00:00', '2023-03-20 00:00:00');
INSERT INTO reviews (id, vehicle_id, booking_id, reviewer_id, owner_id, rating, cleanliness, accuracy, communication, value_rating, comment, created_at, updated_at) VALUES ('1e65bd02-e4dd-415e-bea3-7f5206160c4a', 'V1A2B3C4-D5E6-7890-VHCL-111111111111', '08704551-da70-4ce4-a064-654323f2aa0b', 'B2C3D4E5-F6G7-8901-BCDE-234567890123', 'E5F6G7H8-I9J0-1234-EFGH-567890123456', 3, 3, 3, 3, 3, N'Trải nghiệm tuyệt vời!', '2023-04-03 00:00:00', '2023-04-03 00:00:00');
INSERT INTO bookings (id, vehicle_id, renter_id, owner_id, status, start_date, end_date, total_days, base_price, price_per_day, service_fee, taxes, total, deposit, created_at, updated_at) VALUES ('0afb4e79-cf33-4943-8fc8-70856360fd4e', 'V1A2B3C4-D5E6-7890-VHCL-111111111111', 'D4E5F6G7-H8I9-0123-DEFG-456789012345', 'E5F6G7H8-I9J0-1234-EFGH-567890123456', 'CANCELLED', '2023-12-28', '2023-12-29', 1, 800000, 800000, 80000.0, 64000.0, 944000.0, 3000000, '2023-12-27 00:00:00', '2023-12-27 00:00:00');
INSERT INTO payments (id, booking_id, user_id, amount, currency, status, method, transaction_id, created_at, processed_at) VALUES ('bc4984ce-4797-4a5a-9088-ac40c7873724', '0afb4e79-cf33-4943-8fc8-70856360fd4e', 'D4E5F6G7-H8I9-0123-DEFG-456789012345', 944000.0, 'VND', 'REFUNDED', 'VNPAY', '7737c485-a3e8-46d1-b6f8-f3fe11cad1ce', '2023-12-27 00:00:00', '2023-12-27 00:00:00');
INSERT INTO bookings (id, vehicle_id, renter_id, owner_id, status, start_date, end_date, total_days, base_price, price_per_day, service_fee, taxes, total, deposit, created_at, updated_at) VALUES ('df354217-0bf7-44f9-b9ad-9ff3a210c794', 'V1A2B3C4-D5E6-7890-VHCL-111111111111', 'D4E5F6G7-H8I9-0123-DEFG-456789012345', 'E5F6G7H8-I9J0-1234-EFGH-567890123456', 'COMPLETED', '2023-08-03', '2023-08-07', 4, 3200000, 800000, 320000.0, 256000.0, 3776000.0, 3000000, '2023-07-28 00:00:00', '2023-07-28 00:00:00');
INSERT INTO payments (id, booking_id, user_id, amount, currency, status, method, transaction_id, created_at, processed_at) VALUES ('245a4db5-45c9-46a9-ab62-370cbe7ce156', 'df354217-0bf7-44f9-b9ad-9ff3a210c794', 'D4E5F6G7-H8I9-0123-DEFG-456789012345', 3776000.0, 'VND', 'SUCCEEDED', 'VNPAY', '3c715e30-7d70-4593-b032-6dee4c10b150', '2023-07-28 00:00:00', '2023-07-28 00:00:00');
INSERT INTO reviews (id, vehicle_id, booking_id, reviewer_id, owner_id, rating, cleanliness, accuracy, communication, value_rating, comment, created_at, updated_at) VALUES ('b2c23521-b7b5-4424-aa0c-652af1a5d598', 'V1A2B3C4-D5E6-7890-VHCL-111111111111', 'df354217-0bf7-44f9-b9ad-9ff3a210c794', 'D4E5F6G7-H8I9-0123-DEFG-456789012345', 'E5F6G7H8-I9J0-1234-EFGH-567890123456', 3, 3, 3, 3, 3, N'Trải nghiệm tuyệt vời!', '2023-08-07 00:00:00', '2023-08-07 00:00:00');
INSERT INTO bookings (id, vehicle_id, renter_id, owner_id, status, start_date, end_date, total_days, base_price, price_per_day, service_fee, taxes, total, deposit, created_at, updated_at) VALUES ('78289788-088e-4611-abbf-5bcf5bdc1571', 'V1A2B3C4-D5E6-7890-VHCL-111111111111', 'C3D4E5F6-G7H8-9012-CDEF-345678901234', 'E5F6G7H8-I9J0-1234-EFGH-567890123456', 'COMPLETED', '2023-08-21', '2023-08-28', 7, 5600000, 800000, 560000.0, 448000.0, 6608000.0, 3000000, '2023-08-18 00:00:00', '2023-08-18 00:00:00');
INSERT INTO payments (id, booking_id, user_id, amount, currency, status, method, transaction_id, created_at, processed_at) VALUES ('fadb3ffb-02cd-4da9-8321-c00654e295f8', '78289788-088e-4611-abbf-5bcf5bdc1571', 'C3D4E5F6-G7H8-9012-CDEF-345678901234', 6608000.0, 'VND', 'SUCCEEDED', 'VNPAY', 'c03a787a-b4ee-47df-8fec-41a3af39df24', '2023-08-18 00:00:00', '2023-08-18 00:00:00');
INSERT INTO reviews (id, vehicle_id, booking_id, reviewer_id, owner_id, rating, cleanliness, accuracy, communication, value_rating, comment, created_at, updated_at) VALUES ('2bc856ec-8827-49bc-ba0b-cab91bd8c935', 'V1A2B3C4-D5E6-7890-VHCL-111111111111', '78289788-088e-4611-abbf-5bcf5bdc1571', 'C3D4E5F6-G7H8-9012-CDEF-345678901234', 'E5F6G7H8-I9J0-1234-EFGH-567890123456', 4, 4, 4, 4, 4, N'Trải nghiệm tuyệt vời!', '2023-08-28 00:00:00', '2023-08-28 00:00:00');
INSERT INTO bookings (id, vehicle_id, renter_id, owner_id, status, start_date, end_date, total_days, base_price, price_per_day, service_fee, taxes, total, deposit, created_at, updated_at) VALUES ('366a5dd3-ae37-49b8-b70f-ec483f8d27d9', 'V1A2B3C4-D5E6-7890-VHCL-111111111111', 'C3D4E5F6-G7H8-9012-CDEF-345678901234', 'E5F6G7H8-I9J0-1234-EFGH-567890123456', 'CANCELLED', '2023-06-17', '2023-06-18', 1, 800000, 800000, 80000.0, 64000.0, 944000.0, 3000000, '2023-06-12 00:00:00', '2023-06-12 00:00:00');
INSERT INTO payments (id, booking_id, user_id, amount, currency, status, method, transaction_id, created_at, processed_at) VALUES ('570eaf69-7533-4588-9085-e861120372d4', '366a5dd3-ae37-49b8-b70f-ec483f8d27d9', 'C3D4E5F6-G7H8-9012-CDEF-345678901234', 944000.0, 'VND', 'REFUNDED', 'VNPAY', 'd2c151b2-ce80-4ece-afa5-89c2ee38a347', '2023-06-12 00:00:00', '2023-06-12 00:00:00');
INSERT INTO bookings (id, vehicle_id, renter_id, owner_id, status, start_date, end_date, total_days, base_price, price_per_day, service_fee, taxes, total, deposit, created_at, updated_at) VALUES ('3d8ceb82-2643-4d9f-838b-36ca2c740038', 'V1A2B3C4-D5E6-7890-VHCL-111111111111', 'D4E5F6G7-H8I9-0123-DEFG-456789012345', 'E5F6G7H8-I9J0-1234-EFGH-567890123456', 'CANCELLED', '2024-03-08', '2024-03-16', 8, 6400000, 800000, 640000.0, 512000.0, 7552000.0, 3000000, '2024-03-02 00:00:00', '2024-03-02 00:00:00');
INSERT INTO payments (id, booking_id, user_id, amount, currency, status, method, transaction_id, created_at, processed_at) VALUES ('88ede383-3995-45f2-8e62-96b67af0bf2b', '3d8ceb82-2643-4d9f-838b-36ca2c740038', 'D4E5F6G7-H8I9-0123-DEFG-456789012345', 7552000.0, 'VND', 'REFUNDED', 'VNPAY', '65609d4a-29d1-4226-925c-e6eb037bdb1f', '2024-03-02 00:00:00', '2024-03-02 00:00:00');
INSERT INTO bookings (id, vehicle_id, renter_id, owner_id, status, start_date, end_date, total_days, base_price, price_per_day, service_fee, taxes, total, deposit, created_at, updated_at) VALUES ('67156723-823f-4f95-9252-80b112935b4f', 'V1A2B3C4-D5E6-7890-VHCL-111111111111', 'D4E5F6G7-H8I9-0123-DEFG-456789012345', 'E5F6G7H8-I9J0-1234-EFGH-567890123456', 'COMPLETED', '2023-11-29', '2023-12-01', 2, 1600000, 800000, 160000.0, 128000.0, 1888000.0, 3000000, '2023-11-21 00:00:00', '2023-11-21 00:00:00');
INSERT INTO payments (id, booking_id, user_id, amount, currency, status, method, transaction_id, created_at, processed_at) VALUES ('13ab26a4-cd27-48d6-a1a7-dea5342024bd', '67156723-823f-4f95-9252-80b112935b4f', 'D4E5F6G7-H8I9-0123-DEFG-456789012345', 1888000.0, 'VND', 'SUCCEEDED', 'VNPAY', '742b31c0-2339-4bea-b0a5-8933a5152577', '2023-11-21 00:00:00', '2023-11-21 00:00:00');
INSERT INTO reviews (id, vehicle_id, booking_id, reviewer_id, owner_id, rating, cleanliness, accuracy, communication, value_rating, comment, created_at, updated_at) VALUES ('02b9797c-593b-400c-907d-087f667f7104', 'V1A2B3C4-D5E6-7890-VHCL-111111111111', '67156723-823f-4f95-9252-80b112935b4f', 'D4E5F6G7-H8I9-0123-DEFG-456789012345', 'E5F6G7H8-I9J0-1234-EFGH-567890123456', 5, 5, 5, 5, 5, N'Trải nghiệm tuyệt vời!', '2023-12-01 00:00:00', '2023-12-01 00:00:00');
INSERT INTO bookings (id, vehicle_id, renter_id, owner_id, status, start_date, end_date, total_days, base_price, price_per_day, service_fee, taxes, total, deposit, created_at, updated_at) VALUES ('ddb8f2ac-0fa6-4a0f-bd5e-bb335bc2a97d', 'V1A2B3C4-D5E6-7890-VHCL-111111111111', 'B2C3D4E5-F6G7-8901-BCDE-234567890123', 'E5F6G7H8-I9J0-1234-EFGH-567890123456', 'COMPLETED', '2023-01-08', '2023-01-12', 4, 3200000, 800000, 320000.0, 256000.0, 3776000.0, 3000000, '2023-01-06 00:00:00', '2023-01-06 00:00:00');
INSERT INTO payments (id, booking_id, user_id, amount, currency, status, method, transaction_id, created_at, processed_at) VALUES ('1b842f90-973b-47c9-ad9d-e6870dde5143', 'ddb8f2ac-0fa6-4a0f-bd5e-bb335bc2a97d', 'B2C3D4E5-F6G7-8901-BCDE-234567890123', 3776000.0, 'VND', 'SUCCEEDED', 'VNPAY', '15171eac-7eb0-47f2-90d5-53608bb0e799', '2023-01-06 00:00:00', '2023-01-06 00:00:00');
INSERT INTO reviews (id, vehicle_id, booking_id, reviewer_id, owner_id, rating, cleanliness, accuracy, communication, value_rating, comment, created_at, updated_at) VALUES ('2513a00f-391c-41f4-8fa4-a6fc640e94d1', 'V1A2B3C4-D5E6-7890-VHCL-111111111111', 'ddb8f2ac-0fa6-4a0f-bd5e-bb335bc2a97d', 'B2C3D4E5-F6G7-8901-BCDE-234567890123', 'E5F6G7H8-I9J0-1234-EFGH-567890123456', 4, 4, 4, 4, 4, N'Trải nghiệm tuyệt vời!', '2023-01-12 00:00:00', '2023-01-12 00:00:00');
INSERT INTO bookings (id, vehicle_id, renter_id, owner_id, status, start_date, end_date, total_days, base_price, price_per_day, service_fee, taxes, total, deposit, created_at, updated_at) VALUES ('f1eaac03-98f2-4361-b69b-db6563f9a786', 'V1A2B3C4-D5E6-7890-VHCL-111111111111', 'C3D4E5F6-G7H8-9012-CDEF-345678901234', 'E5F6G7H8-I9J0-1234-EFGH-567890123456', 'COMPLETED', '2024-02-03', '2024-02-11', 8, 6400000, 800000, 640000.0, 512000.0, 7552000.0, 3000000, '2024-02-02 00:00:00', '2024-02-02 00:00:00');
INSERT INTO payments (id, booking_id, user_id, amount, currency, status, method, transaction_id, created_at, processed_at) VALUES ('e99858c3-aa84-4ada-9962-da5af330aaed', 'f1eaac03-98f2-4361-b69b-db6563f9a786', 'C3D4E5F6-G7H8-9012-CDEF-345678901234', 7552000.0, 'VND', 'SUCCEEDED', 'VNPAY', 'f60b87bb-02a2-4a2b-b344-9fa9df072522', '2024-02-02 00:00:00', '2024-02-02 00:00:00');
INSERT INTO reviews (id, vehicle_id, booking_id, reviewer_id, owner_id, rating, cleanliness, accuracy, communication, value_rating, comment, created_at, updated_at) VALUES ('6cab4461-6be4-4bb9-aaa3-7e789555c3d2', 'V1A2B3C4-D5E6-7890-VHCL-111111111111', 'f1eaac03-98f2-4361-b69b-db6563f9a786', 'C3D4E5F6-G7H8-9012-CDEF-345678901234', 'E5F6G7H8-I9J0-1234-EFGH-567890123456', 5, 5, 5, 5, 5, N'Trải nghiệm tuyệt vời!', '2024-02-11 00:00:00', '2024-02-11 00:00:00');
INSERT INTO bookings (id, vehicle_id, renter_id, owner_id, status, start_date, end_date, total_days, base_price, price_per_day, service_fee, taxes, total, deposit, created_at, updated_at) VALUES ('61baeec6-92c8-496c-ab2a-a88d39e4b152', 'V1A2B3C4-D5E6-7890-VHCL-111111111111', 'C3D4E5F6-G7H8-9012-CDEF-345678901234', 'E5F6G7H8-I9J0-1234-EFGH-567890123456', 'COMPLETED', '2024-04-26', '2024-04-27', 1, 800000, 800000, 80000.0, 64000.0, 944000.0, 3000000, '2024-04-16 00:00:00', '2024-04-16 00:00:00');
INSERT INTO payments (id, booking_id, user_id, amount, currency, status, method, transaction_id, created_at, processed_at) VALUES ('72d560fb-d8e5-4dab-b4bf-47b4f3266a27', '61baeec6-92c8-496c-ab2a-a88d39e4b152', 'C3D4E5F6-G7H8-9012-CDEF-345678901234', 944000.0, 'VND', 'SUCCEEDED', 'VNPAY', 'ee400c1f-ae14-4aca-8a2d-b1e1afbdbeea', '2024-04-16 00:00:00', '2024-04-16 00:00:00');
INSERT INTO reviews (id, vehicle_id, booking_id, reviewer_id, owner_id, rating, cleanliness, accuracy, communication, value_rating, comment, created_at, updated_at) VALUES ('3eae94b6-9007-4cc0-9f3c-89650b231a62', 'V1A2B3C4-D5E6-7890-VHCL-111111111111', '61baeec6-92c8-496c-ab2a-a88d39e4b152', 'C3D4E5F6-G7H8-9012-CDEF-345678901234', 'E5F6G7H8-I9J0-1234-EFGH-567890123456', 3, 3, 3, 3, 3, N'Trải nghiệm tuyệt vời!', '2024-04-27 00:00:00', '2024-04-27 00:00:00');
INSERT INTO bookings (id, vehicle_id, renter_id, owner_id, status, start_date, end_date, total_days, base_price, price_per_day, service_fee, taxes, total, deposit, created_at, updated_at) VALUES ('17a1bb27-c5a8-45ad-9058-47f7d6cdd3b3', 'V1A2B3C4-D5E6-7890-VHCL-111111111111', 'B2C3D4E5-F6G7-8901-BCDE-234567890123', 'E5F6G7H8-I9J0-1234-EFGH-567890123456', 'COMPLETED', '2023-05-10', '2023-05-11', 1, 800000, 800000, 80000.0, 64000.0, 944000.0, 3000000, '2023-05-06 00:00:00', '2023-05-06 00:00:00');
INSERT INTO payments (id, booking_id, user_id, amount, currency, status, method, transaction_id, created_at, processed_at) VALUES ('7d51feca-5de5-478b-a95d-c7fc10a43769', '17a1bb27-c5a8-45ad-9058-47f7d6cdd3b3', 'B2C3D4E5-F6G7-8901-BCDE-234567890123', 944000.0, 'VND', 'SUCCEEDED', 'VNPAY', 'c20d380a-bbbf-4369-96f0-2eefd60989b8', '2023-05-06 00:00:00', '2023-05-06 00:00:00');
INSERT INTO reviews (id, vehicle_id, booking_id, reviewer_id, owner_id, rating, cleanliness, accuracy, communication, value_rating, comment, created_at, updated_at) VALUES ('84dc9d52-661a-4622-8cb8-2d695f08dc81', 'V1A2B3C4-D5E6-7890-VHCL-111111111111', '17a1bb27-c5a8-45ad-9058-47f7d6cdd3b3', 'B2C3D4E5-F6G7-8901-BCDE-234567890123', 'E5F6G7H8-I9J0-1234-EFGH-567890123456', 4, 4, 4, 4, 4, N'Trải nghiệm tuyệt vời!', '2023-05-11 00:00:00', '2023-05-11 00:00:00');
INSERT INTO bookings (id, vehicle_id, renter_id, owner_id, status, start_date, end_date, total_days, base_price, price_per_day, service_fee, taxes, total, deposit, created_at, updated_at) VALUES ('cc351bf9-6169-4f61-b79a-2aac69fb99fd', 'V1A2B3C4-D5E6-7890-VHCL-111111111111', 'B2C3D4E5-F6G7-8901-BCDE-234567890123', 'E5F6G7H8-I9J0-1234-EFGH-567890123456', 'CANCELLED', '2023-12-19', '2023-12-29', 10, 8000000, 800000, 800000.0, 640000.0, 9440000.0, 3000000, '2023-12-15 00:00:00', '2023-12-15 00:00:00');
INSERT INTO payments (id, booking_id, user_id, amount, currency, status, method, transaction_id, created_at, processed_at) VALUES ('20f91f5d-3dc1-48bb-b9a9-f8f4a99a3748', 'cc351bf9-6169-4f61-b79a-2aac69fb99fd', 'B2C3D4E5-F6G7-8901-BCDE-234567890123', 9440000.0, 'VND', 'REFUNDED', 'VNPAY', '87127e24-684f-4ca3-bf96-f707d25599a9', '2023-12-15 00:00:00', '2023-12-15 00:00:00');
INSERT INTO bookings (id, vehicle_id, renter_id, owner_id, status, start_date, end_date, total_days, base_price, price_per_day, service_fee, taxes, total, deposit, created_at, updated_at) VALUES ('607524bf-0613-4e6d-bbc7-12453b9f757b', 'V1A2B3C4-D5E6-7890-VHCL-111111111111', 'B2C3D4E5-F6G7-8901-BCDE-234567890123', 'E5F6G7H8-I9J0-1234-EFGH-567890123456', 'COMPLETED', '2024-01-13', '2024-01-14', 1, 800000, 800000, 80000.0, 64000.0, 944000.0, 3000000, '2024-01-12 00:00:00', '2024-01-12 00:00:00');
INSERT INTO payments (id, booking_id, user_id, amount, currency, status, method, transaction_id, created_at, processed_at) VALUES ('c30bb3a3-a362-444d-b43c-7cf591846525', '607524bf-0613-4e6d-bbc7-12453b9f757b', 'B2C3D4E5-F6G7-8901-BCDE-234567890123', 944000.0, 'VND', 'SUCCEEDED', 'VNPAY', 'c9b41c0e-f852-4740-9ca2-65a1df85f210', '2024-01-12 00:00:00', '2024-01-12 00:00:00');
INSERT INTO reviews (id, vehicle_id, booking_id, reviewer_id, owner_id, rating, cleanliness, accuracy, communication, value_rating, comment, created_at, updated_at) VALUES ('37471121-6708-44c5-b232-8cdc413ccd89', 'V1A2B3C4-D5E6-7890-VHCL-111111111111', '607524bf-0613-4e6d-bbc7-12453b9f757b', 'B2C3D4E5-F6G7-8901-BCDE-234567890123', 'E5F6G7H8-I9J0-1234-EFGH-567890123456', 3, 3, 3, 3, 3, N'Trải nghiệm tuyệt vời!', '2024-01-14 00:00:00', '2024-01-14 00:00:00');
INSERT INTO bookings (id, vehicle_id, renter_id, owner_id, status, start_date, end_date, total_days, base_price, price_per_day, service_fee, taxes, total, deposit, created_at, updated_at) VALUES ('1dcc4fc5-bd5b-464a-bbf7-7d9083a2d77f', 'V1A2B3C4-D5E6-7890-VHCL-111111111111', 'B2C3D4E5-F6G7-8901-BCDE-234567890123', 'E5F6G7H8-I9J0-1234-EFGH-567890123456', 'COMPLETED', '2023-11-12', '2023-11-22', 10, 8000000, 800000, 800000.0, 640000.0, 9440000.0, 3000000, '2023-11-11 00:00:00', '2023-11-11 00:00:00');
INSERT INTO payments (id, booking_id, user_id, amount, currency, status, method, transaction_id, created_at, processed_at) VALUES ('a8be9cf0-8d39-4538-a620-fda7c5a5c68a', '1dcc4fc5-bd5b-464a-bbf7-7d9083a2d77f', 'B2C3D4E5-F6G7-8901-BCDE-234567890123', 9440000.0, 'VND', 'SUCCEEDED', 'VNPAY', '1864564d-60ab-4de1-912c-d9a5ee996074', '2023-11-11 00:00:00', '2023-11-11 00:00:00');
INSERT INTO reviews (id, vehicle_id, booking_id, reviewer_id, owner_id, rating, cleanliness, accuracy, communication, value_rating, comment, created_at, updated_at) VALUES ('a7808fb8-73e6-4544-b11c-b707dd392829', 'V1A2B3C4-D5E6-7890-VHCL-111111111111', '1dcc4fc5-bd5b-464a-bbf7-7d9083a2d77f', 'B2C3D4E5-F6G7-8901-BCDE-234567890123', 'E5F6G7H8-I9J0-1234-EFGH-567890123456', 5, 5, 5, 5, 5, N'Trải nghiệm tuyệt vời!', '2023-11-22 00:00:00', '2023-11-22 00:00:00');
INSERT INTO bookings (id, vehicle_id, renter_id, owner_id, status, start_date, end_date, total_days, base_price, price_per_day, service_fee, taxes, total, deposit, created_at, updated_at) VALUES ('d6dcc010-3c4c-4376-9f90-8fd39ba0954e', 'V1A2B3C4-D5E6-7890-VHCL-111111111111', 'D4E5F6G7-H8I9-0123-DEFG-456789012345', 'E5F6G7H8-I9J0-1234-EFGH-567890123456', 'COMPLETED', '2023-10-28', '2023-11-07', 10, 8000000, 800000, 800000.0, 640000.0, 9440000.0, 3000000, '2023-10-16 00:00:00', '2023-10-16 00:00:00');
INSERT INTO payments (id, booking_id, user_id, amount, currency, status, method, transaction_id, created_at, processed_at) VALUES ('0882ceb0-fa1f-4dad-9c97-dc5f69706f89', 'd6dcc010-3c4c-4376-9f90-8fd39ba0954e', 'D4E5F6G7-H8I9-0123-DEFG-456789012345', 9440000.0, 'VND', 'SUCCEEDED', 'VNPAY', '31c367c1-28d1-4ac2-b3dd-3653269a51b7', '2023-10-16 00:00:00', '2023-10-16 00:00:00');
INSERT INTO reviews (id, vehicle_id, booking_id, reviewer_id, owner_id, rating, cleanliness, accuracy, communication, value_rating, comment, created_at, updated_at) VALUES ('01cd0ad2-1f7a-4bf6-b547-1eeccf87ca9d', 'V1A2B3C4-D5E6-7890-VHCL-111111111111', 'd6dcc010-3c4c-4376-9f90-8fd39ba0954e', 'D4E5F6G7-H8I9-0123-DEFG-456789012345', 'E5F6G7H8-I9J0-1234-EFGH-567890123456', 4, 4, 4, 4, 4, N'Trải nghiệm tuyệt vời!', '2023-11-07 00:00:00', '2023-11-07 00:00:00');
INSERT INTO bookings (id, vehicle_id, renter_id, owner_id, status, start_date, end_date, total_days, base_price, price_per_day, service_fee, taxes, total, deposit, created_at, updated_at) VALUES ('b69d547d-e795-4449-8a43-81a036811630', 'V1A2B3C4-D5E6-7890-VHCL-111111111111', 'D4E5F6G7-H8I9-0123-DEFG-456789012345', 'E5F6G7H8-I9J0-1234-EFGH-567890123456', 'COMPLETED', '2023-04-21', '2023-04-22', 1, 800000, 800000, 80000.0, 64000.0, 944000.0, 3000000, '2023-04-08 00:00:00', '2023-04-08 00:00:00');
INSERT INTO payments (id, booking_id, user_id, amount, currency, status, method, transaction_id, created_at, processed_at) VALUES ('12ddaacb-1300-4521-89d0-9d5514f8a986', 'b69d547d-e795-4449-8a43-81a036811630', 'D4E5F6G7-H8I9-0123-DEFG-456789012345', 944000.0, 'VND', 'SUCCEEDED', 'VNPAY', 'b809bf12-6519-4264-961b-66c416dfe612', '2023-04-08 00:00:00', '2023-04-08 00:00:00');
INSERT INTO reviews (id, vehicle_id, booking_id, reviewer_id, owner_id, rating, cleanliness, accuracy, communication, value_rating, comment, created_at, updated_at) VALUES ('c8f94a3a-f44e-4228-bfe9-180697ddb4bb', 'V1A2B3C4-D5E6-7890-VHCL-111111111111', 'b69d547d-e795-4449-8a43-81a036811630', 'D4E5F6G7-H8I9-0123-DEFG-456789012345', 'E5F6G7H8-I9J0-1234-EFGH-567890123456', 3, 3, 3, 3, 3, N'Trải nghiệm tuyệt vời!', '2023-04-22 00:00:00', '2023-04-22 00:00:00');
INSERT INTO bookings (id, vehicle_id, renter_id, owner_id, status, start_date, end_date, total_days, base_price, price_per_day, service_fee, taxes, total, deposit, created_at, updated_at) VALUES ('e1c70d70-8c21-4248-8625-fd1ab6eec31c', 'V1A2B3C4-D5E6-7890-VHCL-111111111111', 'D4E5F6G7-H8I9-0123-DEFG-456789012345', 'E5F6G7H8-I9J0-1234-EFGH-567890123456', 'COMPLETED', '2023-04-20', '2023-04-29', 9, 7200000, 800000, 720000.0, 576000.0, 8496000.0, 3000000, '2023-04-15 00:00:00', '2023-04-15 00:00:00');
INSERT INTO payments (id, booking_id, user_id, amount, currency, status, method, transaction_id, created_at, processed_at) VALUES ('dd304f5c-7867-4ede-b6e2-a7aa0be28639', 'e1c70d70-8c21-4248-8625-fd1ab6eec31c', 'D4E5F6G7-H8I9-0123-DEFG-456789012345', 8496000.0, 'VND', 'SUCCEEDED', 'VNPAY', 'ea0781dc-03e4-4ef9-939c-93160b62b0f9', '2023-04-15 00:00:00', '2023-04-15 00:00:00');
INSERT INTO reviews (id, vehicle_id, booking_id, reviewer_id, owner_id, rating, cleanliness, accuracy, communication, value_rating, comment, created_at, updated_at) VALUES ('acaa00ea-38be-4720-8de6-6cd9a8b4f274', 'V1A2B3C4-D5E6-7890-VHCL-111111111111', 'e1c70d70-8c21-4248-8625-fd1ab6eec31c', 'D4E5F6G7-H8I9-0123-DEFG-456789012345', 'E5F6G7H8-I9J0-1234-EFGH-567890123456', 4, 4, 4, 4, 4, N'Trải nghiệm tuyệt vời!', '2023-04-29 00:00:00', '2023-04-29 00:00:00');
INSERT INTO bookings (id, vehicle_id, renter_id, owner_id, status, start_date, end_date, total_days, base_price, price_per_day, service_fee, taxes, total, deposit, created_at, updated_at) VALUES ('772f7f05-ef76-49de-a36d-059eca9dce9a', 'V1A2B3C4-D5E6-7890-VHCL-111111111111', 'C3D4E5F6-G7H8-9012-CDEF-345678901234', 'E5F6G7H8-I9J0-1234-EFGH-567890123456', 'COMPLETED', '2024-04-30', '2024-05-06', 6, 4800000, 800000, 480000.0, 384000.0, 5664000.0, 3000000, '2024-04-28 00:00:00', '2024-04-28 00:00:00');
INSERT INTO payments (id, booking_id, user_id, amount, currency, status, method, transaction_id, created_at, processed_at) VALUES ('fd2070e7-f0eb-4810-93cc-c7d111fdf90c', '772f7f05-ef76-49de-a36d-059eca9dce9a', 'C3D4E5F6-G7H8-9012-CDEF-345678901234', 5664000.0, 'VND', 'SUCCEEDED', 'VNPAY', '73ea3650-c7ee-405f-811f-2aeae7d61816', '2024-04-28 00:00:00', '2024-04-28 00:00:00');
INSERT INTO reviews (id, vehicle_id, booking_id, reviewer_id, owner_id, rating, cleanliness, accuracy, communication, value_rating, comment, created_at, updated_at) VALUES ('dcda0e38-ab30-4338-9fd1-1e5f40b62547', 'V1A2B3C4-D5E6-7890-VHCL-111111111111', '772f7f05-ef76-49de-a36d-059eca9dce9a', 'C3D4E5F6-G7H8-9012-CDEF-345678901234', 'E5F6G7H8-I9J0-1234-EFGH-567890123456', 3, 3, 3, 3, 3, N'Trải nghiệm tuyệt vời!', '2024-05-06 00:00:00', '2024-05-06 00:00:00');
INSERT INTO bookings (id, vehicle_id, renter_id, owner_id, status, start_date, end_date, total_days, base_price, price_per_day, service_fee, taxes, total, deposit, created_at, updated_at) VALUES ('702366b7-cc7f-4920-b452-575faca12990', 'V1A2B3C4-D5E6-7890-VHCL-111111111111', 'B2C3D4E5-F6G7-8901-BCDE-234567890123', 'E5F6G7H8-I9J0-1234-EFGH-567890123456', 'COMPLETED', '2023-06-27', '2023-07-04', 7, 5600000, 800000, 560000.0, 448000.0, 6608000.0, 3000000, '2023-06-14 00:00:00', '2023-06-14 00:00:00');
INSERT INTO payments (id, booking_id, user_id, amount, currency, status, method, transaction_id, created_at, processed_at) VALUES ('152b7bb1-2e62-44e4-8664-668bf3403602', '702366b7-cc7f-4920-b452-575faca12990', 'B2C3D4E5-F6G7-8901-BCDE-234567890123', 6608000.0, 'VND', 'SUCCEEDED', 'VNPAY', '7e18b9f9-89c8-4698-b9ee-fbafc5b98f74', '2023-06-14 00:00:00', '2023-06-14 00:00:00');
INSERT INTO reviews (id, vehicle_id, booking_id, reviewer_id, owner_id, rating, cleanliness, accuracy, communication, value_rating, comment, created_at, updated_at) VALUES ('85e1e684-a951-4c5d-beb0-c6c604dbfe63', 'V1A2B3C4-D5E6-7890-VHCL-111111111111', '702366b7-cc7f-4920-b452-575faca12990', 'B2C3D4E5-F6G7-8901-BCDE-234567890123', 'E5F6G7H8-I9J0-1234-EFGH-567890123456', 3, 3, 3, 3, 3, N'Trải nghiệm tuyệt vời!', '2023-07-04 00:00:00', '2023-07-04 00:00:00');
INSERT INTO bookings (id, vehicle_id, renter_id, owner_id, status, start_date, end_date, total_days, base_price, price_per_day, service_fee, taxes, total, deposit, created_at, updated_at) VALUES ('01ca3ff5-ba8a-46af-b9e7-21a0707fd856', 'V1A2B3C4-D5E6-7890-VHCL-111111111111', 'B2C3D4E5-F6G7-8901-BCDE-234567890123', 'E5F6G7H8-I9J0-1234-EFGH-567890123456', 'COMPLETED', '2023-08-13', '2023-08-18', 5, 4000000, 800000, 400000.0, 320000.0, 4720000.0, 3000000, '2023-08-12 00:00:00', '2023-08-12 00:00:00');
INSERT INTO payments (id, booking_id, user_id, amount, currency, status, method, transaction_id, created_at, processed_at) VALUES ('1f303374-560a-49de-a826-8982156ce3b1', '01ca3ff5-ba8a-46af-b9e7-21a0707fd856', 'B2C3D4E5-F6G7-8901-BCDE-234567890123', 4720000.0, 'VND', 'SUCCEEDED', 'VNPAY', '73359210-8abb-40ad-86ac-3c38a8388944', '2023-08-12 00:00:00', '2023-08-12 00:00:00');
INSERT INTO reviews (id, vehicle_id, booking_id, reviewer_id, owner_id, rating, cleanliness, accuracy, communication, value_rating, comment, created_at, updated_at) VALUES ('cf0c378d-1b80-4469-b706-e549690c02d6', 'V1A2B3C4-D5E6-7890-VHCL-111111111111', '01ca3ff5-ba8a-46af-b9e7-21a0707fd856', 'B2C3D4E5-F6G7-8901-BCDE-234567890123', 'E5F6G7H8-I9J0-1234-EFGH-567890123456', 5, 5, 5, 5, 5, N'Trải nghiệm tuyệt vời!', '2023-08-18 00:00:00', '2023-08-18 00:00:00');
INSERT INTO bookings (id, vehicle_id, renter_id, owner_id, status, start_date, end_date, total_days, base_price, price_per_day, service_fee, taxes, total, deposit, created_at, updated_at) VALUES ('752cc621-5ecd-4a56-8936-94d481b3b060', 'V1A2B3C4-D5E6-7890-VHCL-111111111111', 'B2C3D4E5-F6G7-8901-BCDE-234567890123', 'E5F6G7H8-I9J0-1234-EFGH-567890123456', 'COMPLETED', '2023-02-25', '2023-03-06', 9, 7200000, 800000, 720000.0, 576000.0, 8496000.0, 3000000, '2023-02-19 00:00:00', '2023-02-19 00:00:00');
INSERT INTO payments (id, booking_id, user_id, amount, currency, status, method, transaction_id, created_at, processed_at) VALUES ('9bc5161f-2816-4259-aee5-1285ae15ebad', '752cc621-5ecd-4a56-8936-94d481b3b060', 'B2C3D4E5-F6G7-8901-BCDE-234567890123', 8496000.0, 'VND', 'SUCCEEDED', 'VNPAY', '5fc32809-e42a-499a-8780-ca2818606ab7', '2023-02-19 00:00:00', '2023-02-19 00:00:00');
INSERT INTO reviews (id, vehicle_id, booking_id, reviewer_id, owner_id, rating, cleanliness, accuracy, communication, value_rating, comment, created_at, updated_at) VALUES ('d0af5082-07a1-455f-aab1-96f5bf0536c5', 'V1A2B3C4-D5E6-7890-VHCL-111111111111', '752cc621-5ecd-4a56-8936-94d481b3b060', 'B2C3D4E5-F6G7-8901-BCDE-234567890123', 'E5F6G7H8-I9J0-1234-EFGH-567890123456', 5, 5, 5, 5, 5, N'Trải nghiệm tuyệt vời!', '2023-03-06 00:00:00', '2023-03-06 00:00:00');
INSERT INTO bookings (id, vehicle_id, renter_id, owner_id, status, start_date, end_date, total_days, base_price, price_per_day, service_fee, taxes, total, deposit, created_at, updated_at) VALUES ('aaa24d86-0770-477d-b368-c5e84dfb3857', 'V1A2B3C4-D5E6-7890-VHCL-111111111111', 'C3D4E5F6-G7H8-9012-CDEF-345678901234', 'E5F6G7H8-I9J0-1234-EFGH-567890123456', 'COMPLETED', '2023-02-15', '2023-02-16', 1, 800000, 800000, 80000.0, 64000.0, 944000.0, 3000000, '2023-02-08 00:00:00', '2023-02-08 00:00:00');
INSERT INTO payments (id, booking_id, user_id, amount, currency, status, method, transaction_id, created_at, processed_at) VALUES ('4621d756-9bfc-458a-9e9f-5f57fd19c4cf', 'aaa24d86-0770-477d-b368-c5e84dfb3857', 'C3D4E5F6-G7H8-9012-CDEF-345678901234', 944000.0, 'VND', 'SUCCEEDED', 'VNPAY', '465f40f8-e0af-4be9-8f90-4bb9ffd10d38', '2023-02-08 00:00:00', '2023-02-08 00:00:00');
INSERT INTO reviews (id, vehicle_id, booking_id, reviewer_id, owner_id, rating, cleanliness, accuracy, communication, value_rating, comment, created_at, updated_at) VALUES ('c231d45f-d576-4a6b-87bf-6868fc912408', 'V1A2B3C4-D5E6-7890-VHCL-111111111111', 'aaa24d86-0770-477d-b368-c5e84dfb3857', 'C3D4E5F6-G7H8-9012-CDEF-345678901234', 'E5F6G7H8-I9J0-1234-EFGH-567890123456', 4, 4, 4, 4, 4, N'Trải nghiệm tuyệt vời!', '2023-02-16 00:00:00', '2023-02-16 00:00:00');
INSERT INTO bookings (id, vehicle_id, renter_id, owner_id, status, start_date, end_date, total_days, base_price, price_per_day, service_fee, taxes, total, deposit, created_at, updated_at) VALUES ('95d6ec21-ef0d-49bb-aaf8-a1271ae52d85', 'V1A2B3C4-D5E6-7890-VHCL-111111111111', 'D4E5F6G7-H8I9-0123-DEFG-456789012345', 'E5F6G7H8-I9J0-1234-EFGH-567890123456', 'COMPLETED', '2023-06-27', '2023-07-02', 5, 4000000, 800000, 400000.0, 320000.0, 4720000.0, 3000000, '2023-06-19 00:00:00', '2023-06-19 00:00:00');
INSERT INTO payments (id, booking_id, user_id, amount, currency, status, method, transaction_id, created_at, processed_at) VALUES ('9513f382-fdff-4fd4-bc4c-8f6aca450ae2', '95d6ec21-ef0d-49bb-aaf8-a1271ae52d85', 'D4E5F6G7-H8I9-0123-DEFG-456789012345', 4720000.0, 'VND', 'SUCCEEDED', 'VNPAY', '8e71d1ee-8ee3-49ec-9600-32792640eba3', '2023-06-19 00:00:00', '2023-06-19 00:00:00');
INSERT INTO reviews (id, vehicle_id, booking_id, reviewer_id, owner_id, rating, cleanliness, accuracy, communication, value_rating, comment, created_at, updated_at) VALUES ('51c6bc7e-e2f6-42fd-9b7c-23b0faf4b1f4', 'V1A2B3C4-D5E6-7890-VHCL-111111111111', '95d6ec21-ef0d-49bb-aaf8-a1271ae52d85', 'D4E5F6G7-H8I9-0123-DEFG-456789012345', 'E5F6G7H8-I9J0-1234-EFGH-567890123456', 3, 3, 3, 3, 3, N'Trải nghiệm tuyệt vời!', '2023-07-02 00:00:00', '2023-07-02 00:00:00');
INSERT INTO bookings (id, vehicle_id, renter_id, owner_id, status, start_date, end_date, total_days, base_price, price_per_day, service_fee, taxes, total, deposit, created_at, updated_at) VALUES ('b413338b-4f5c-4113-8121-a99266813917', 'V1A2B3C4-D5E6-7890-VHCL-111111111111', 'B2C3D4E5-F6G7-8901-BCDE-234567890123', 'E5F6G7H8-I9J0-1234-EFGH-567890123456', 'CANCELLED', '2024-01-12', '2024-01-13', 1, 800000, 800000, 80000.0, 64000.0, 944000.0, 3000000, '2024-01-08 00:00:00', '2024-01-08 00:00:00');
INSERT INTO payments (id, booking_id, user_id, amount, currency, status, method, transaction_id, created_at, processed_at) VALUES ('62d4101a-c705-4912-8d24-d90cbe84cf25', 'b413338b-4f5c-4113-8121-a99266813917', 'B2C3D4E5-F6G7-8901-BCDE-234567890123', 944000.0, 'VND', 'REFUNDED', 'VNPAY', '46f5dedd-cb60-470d-8991-ee1422925201', '2024-01-08 00:00:00', '2024-01-08 00:00:00');
INSERT INTO bookings (id, vehicle_id, renter_id, owner_id, status, start_date, end_date, total_days, base_price, price_per_day, service_fee, taxes, total, deposit, created_at, updated_at) VALUES ('68cb39e7-bcdd-4676-9ec0-06b88ae30d02', 'V1A2B3C4-D5E6-7890-VHCL-111111111111', 'B2C3D4E5-F6G7-8901-BCDE-234567890123', 'E5F6G7H8-I9J0-1234-EFGH-567890123456', 'COMPLETED', '2023-04-26', '2023-04-28', 2, 1600000, 800000, 160000.0, 128000.0, 1888000.0, 3000000, '2023-04-23 00:00:00', '2023-04-23 00:00:00');
INSERT INTO payments (id, booking_id, user_id, amount, currency, status, method, transaction_id, created_at, processed_at) VALUES ('bd973000-7347-44b9-80d3-1fba61269126', '68cb39e7-bcdd-4676-9ec0-06b88ae30d02', 'B2C3D4E5-F6G7-8901-BCDE-234567890123', 1888000.0, 'VND', 'SUCCEEDED', 'VNPAY', 'f8117609-b473-4b2b-96a7-38ed9d6fe9c1', '2023-04-23 00:00:00', '2023-04-23 00:00:00');
INSERT INTO reviews (id, vehicle_id, booking_id, reviewer_id, owner_id, rating, cleanliness, accuracy, communication, value_rating, comment, created_at, updated_at) VALUES ('517f6fcd-1006-4af2-a2d5-f22ad3c25173', 'V1A2B3C4-D5E6-7890-VHCL-111111111111', '68cb39e7-bcdd-4676-9ec0-06b88ae30d02', 'B2C3D4E5-F6G7-8901-BCDE-234567890123', 'E5F6G7H8-I9J0-1234-EFGH-567890123456', 3, 3, 3, 3, 3, N'Trải nghiệm tuyệt vời!', '2023-04-28 00:00:00', '2023-04-28 00:00:00');
INSERT INTO bookings (id, vehicle_id, renter_id, owner_id, status, start_date, end_date, total_days, base_price, price_per_day, service_fee, taxes, total, deposit, created_at, updated_at) VALUES ('46ae2d1a-0818-44f1-814f-df9a0b7c5fff', 'V1A2B3C4-D5E6-7890-VHCL-111111111111', 'D4E5F6G7-H8I9-0123-DEFG-456789012345', 'E5F6G7H8-I9J0-1234-EFGH-567890123456', 'COMPLETED', '2023-04-13', '2023-04-22', 9, 7200000, 800000, 720000.0, 576000.0, 8496000.0, 3000000, '2023-04-07 00:00:00', '2023-04-07 00:00:00');
INSERT INTO payments (id, booking_id, user_id, amount, currency, status, method, transaction_id, created_at, processed_at) VALUES ('93187905-362d-40ab-a3ec-08534cc04d10', '46ae2d1a-0818-44f1-814f-df9a0b7c5fff', 'D4E5F6G7-H8I9-0123-DEFG-456789012345', 8496000.0, 'VND', 'SUCCEEDED', 'VNPAY', 'fd55eda5-3b0f-4b65-ac38-ee60692e83df', '2023-04-07 00:00:00', '2023-04-07 00:00:00');
INSERT INTO reviews (id, vehicle_id, booking_id, reviewer_id, owner_id, rating, cleanliness, accuracy, communication, value_rating, comment, created_at, updated_at) VALUES ('4a27d753-304b-4b5b-bde6-91014ef703b4', 'V1A2B3C4-D5E6-7890-VHCL-111111111111', '46ae2d1a-0818-44f1-814f-df9a0b7c5fff', 'D4E5F6G7-H8I9-0123-DEFG-456789012345', 'E5F6G7H8-I9J0-1234-EFGH-567890123456', 3, 3, 3, 3, 3, N'Trải nghiệm tuyệt vời!', '2023-04-22 00:00:00', '2023-04-22 00:00:00');
INSERT INTO bookings (id, vehicle_id, renter_id, owner_id, status, start_date, end_date, total_days, base_price, price_per_day, service_fee, taxes, total, deposit, created_at, updated_at) VALUES ('378e7290-131d-43b5-b4a9-17e71b1a546d', 'V1A2B3C4-D5E6-7890-VHCL-111111111111', 'B2C3D4E5-F6G7-8901-BCDE-234567890123', 'E5F6G7H8-I9J0-1234-EFGH-567890123456', 'COMPLETED', '2023-11-17', '2023-11-20', 3, 2400000, 800000, 240000.0, 192000.0, 2832000.0, 3000000, '2023-11-05 00:00:00', '2023-11-05 00:00:00');
INSERT INTO payments (id, booking_id, user_id, amount, currency, status, method, transaction_id, created_at, processed_at) VALUES ('0cf122e6-4af7-41b6-9d1f-2b1f7b5c0155', '378e7290-131d-43b5-b4a9-17e71b1a546d', 'B2C3D4E5-F6G7-8901-BCDE-234567890123', 2832000.0, 'VND', 'SUCCEEDED', 'VNPAY', '773a9835-dd8a-47ae-8616-686993607605', '2023-11-05 00:00:00', '2023-11-05 00:00:00');
INSERT INTO reviews (id, vehicle_id, booking_id, reviewer_id, owner_id, rating, cleanliness, accuracy, communication, value_rating, comment, created_at, updated_at) VALUES ('130a8e9c-2a3f-4131-a774-69fb58fbf1f7', 'V1A2B3C4-D5E6-7890-VHCL-111111111111', '378e7290-131d-43b5-b4a9-17e71b1a546d', 'B2C3D4E5-F6G7-8901-BCDE-234567890123', 'E5F6G7H8-I9J0-1234-EFGH-567890123456', 3, 3, 3, 3, 3, N'Trải nghiệm tuyệt vời!', '2023-11-20 00:00:00', '2023-11-20 00:00:00');
INSERT INTO bookings (id, vehicle_id, renter_id, owner_id, status, start_date, end_date, total_days, base_price, price_per_day, service_fee, taxes, total, deposit, created_at, updated_at) VALUES ('09636cb9-eb80-431f-b4f9-0087be5e09a2', 'V1A2B3C4-D5E6-7890-VHCL-111111111111', 'C3D4E5F6-G7H8-9012-CDEF-345678901234', 'E5F6G7H8-I9J0-1234-EFGH-567890123456', 'COMPLETED', '2023-11-25', '2023-11-29', 4, 3200000, 800000, 320000.0, 256000.0, 3776000.0, 3000000, '2023-11-23 00:00:00', '2023-11-23 00:00:00');
INSERT INTO payments (id, booking_id, user_id, amount, currency, status, method, transaction_id, created_at, processed_at) VALUES ('d6a45d68-152b-4208-9b9d-cb8afe22eec2', '09636cb9-eb80-431f-b4f9-0087be5e09a2', 'C3D4E5F6-G7H8-9012-CDEF-345678901234', 3776000.0, 'VND', 'SUCCEEDED', 'VNPAY', 'b731c69d-20ec-492d-8325-f68cd828e083', '2023-11-23 00:00:00', '2023-11-23 00:00:00');
INSERT INTO reviews (id, vehicle_id, booking_id, reviewer_id, owner_id, rating, cleanliness, accuracy, communication, value_rating, comment, created_at, updated_at) VALUES ('eb63276b-ca67-45bc-b2ce-f03f2563f769', 'V1A2B3C4-D5E6-7890-VHCL-111111111111', '09636cb9-eb80-431f-b4f9-0087be5e09a2', 'C3D4E5F6-G7H8-9012-CDEF-345678901234', 'E5F6G7H8-I9J0-1234-EFGH-567890123456', 5, 5, 5, 5, 5, N'Trải nghiệm tuyệt vời!', '2023-11-29 00:00:00', '2023-11-29 00:00:00');
INSERT INTO bookings (id, vehicle_id, renter_id, owner_id, status, start_date, end_date, total_days, base_price, price_per_day, service_fee, taxes, total, deposit, created_at, updated_at) VALUES ('bc3f5573-63f2-4d9a-8b08-e70dbc314a90', 'V1A2B3C4-D5E6-7890-VHCL-111111111111', 'D4E5F6G7-H8I9-0123-DEFG-456789012345', 'E5F6G7H8-I9J0-1234-EFGH-567890123456', 'COMPLETED', '2024-02-18', '2024-02-25', 7, 5600000, 800000, 560000.0, 448000.0, 6608000.0, 3000000, '2024-02-17 00:00:00', '2024-02-17 00:00:00');
INSERT INTO payments (id, booking_id, user_id, amount, currency, status, method, transaction_id, created_at, processed_at) VALUES ('b6e760b7-fb1a-4a26-8b70-c2bbc462d7e1', 'bc3f5573-63f2-4d9a-8b08-e70dbc314a90', 'D4E5F6G7-H8I9-0123-DEFG-456789012345', 6608000.0, 'VND', 'SUCCEEDED', 'VNPAY', '5103a567-71e7-47d9-b775-d46f10e25f8e', '2024-02-17 00:00:00', '2024-02-17 00:00:00');
INSERT INTO reviews (id, vehicle_id, booking_id, reviewer_id, owner_id, rating, cleanliness, accuracy, communication, value_rating, comment, created_at, updated_at) VALUES ('10f47f1d-ed6f-49e2-b9a5-38b04255af90', 'V1A2B3C4-D5E6-7890-VHCL-111111111111', 'bc3f5573-63f2-4d9a-8b08-e70dbc314a90', 'D4E5F6G7-H8I9-0123-DEFG-456789012345', 'E5F6G7H8-I9J0-1234-EFGH-567890123456', 5, 5, 5, 5, 5, N'Trải nghiệm tuyệt vời!', '2024-02-25 00:00:00', '2024-02-25 00:00:00');
INSERT INTO bookings (id, vehicle_id, renter_id, owner_id, status, start_date, end_date, total_days, base_price, price_per_day, service_fee, taxes, total, deposit, created_at, updated_at) VALUES ('65e0a509-677e-4750-b57b-e14808e405a4', 'V1A2B3C4-D5E6-7890-VHCL-111111111111', 'D4E5F6G7-H8I9-0123-DEFG-456789012345', 'E5F6G7H8-I9J0-1234-EFGH-567890123456', 'COMPLETED', '2023-07-21', '2023-07-23', 2, 1600000, 800000, 160000.0, 128000.0, 1888000.0, 3000000, '2023-07-19 00:00:00', '2023-07-19 00:00:00');
INSERT INTO payments (id, booking_id, user_id, amount, currency, status, method, transaction_id, created_at, processed_at) VALUES ('02e67e48-ca88-4fb6-9846-b9d8bcc06efa', '65e0a509-677e-4750-b57b-e14808e405a4', 'D4E5F6G7-H8I9-0123-DEFG-456789012345', 1888000.0, 'VND', 'SUCCEEDED', 'VNPAY', '3f617bff-3701-4c7c-bb8f-8cab31177ab9', '2023-07-19 00:00:00', '2023-07-19 00:00:00');
INSERT INTO reviews (id, vehicle_id, booking_id, reviewer_id, owner_id, rating, cleanliness, accuracy, communication, value_rating, comment, created_at, updated_at) VALUES ('6740dc24-410a-4549-ad90-5dcb500791f6', 'V1A2B3C4-D5E6-7890-VHCL-111111111111', '65e0a509-677e-4750-b57b-e14808e405a4', 'D4E5F6G7-H8I9-0123-DEFG-456789012345', 'E5F6G7H8-I9J0-1234-EFGH-567890123456', 5, 5, 5, 5, 5, N'Trải nghiệm tuyệt vời!', '2023-07-23 00:00:00', '2023-07-23 00:00:00');
INSERT INTO bookings (id, vehicle_id, renter_id, owner_id, status, start_date, end_date, total_days, base_price, price_per_day, service_fee, taxes, total, deposit, created_at, updated_at) VALUES ('b214d522-1be6-4fcd-9300-2319b79f8dd6', 'V1A2B3C4-D5E6-7890-VHCL-111111111111', 'D4E5F6G7-H8I9-0123-DEFG-456789012345', 'E5F6G7H8-I9J0-1234-EFGH-567890123456', 'COMPLETED', '2023-04-10', '2023-04-14', 4, 3200000, 800000, 320000.0, 256000.0, 3776000.0, 3000000, '2023-04-02 00:00:00', '2023-04-02 00:00:00');
INSERT INTO payments (id, booking_id, user_id, amount, currency, status, method, transaction_id, created_at, processed_at) VALUES ('2d339a24-acf4-4b92-a53a-4498b5423562', 'b214d522-1be6-4fcd-9300-2319b79f8dd6', 'D4E5F6G7-H8I9-0123-DEFG-456789012345', 3776000.0, 'VND', 'SUCCEEDED', 'VNPAY', '80250c70-ba09-45d0-8b6a-912f70f11f7a', '2023-04-02 00:00:00', '2023-04-02 00:00:00');
INSERT INTO reviews (id, vehicle_id, booking_id, reviewer_id, owner_id, rating, cleanliness, accuracy, communication, value_rating, comment, created_at, updated_at) VALUES ('bb386720-d3ce-461f-83fb-93dd5de0853e', 'V1A2B3C4-D5E6-7890-VHCL-111111111111', 'b214d522-1be6-4fcd-9300-2319b79f8dd6', 'D4E5F6G7-H8I9-0123-DEFG-456789012345', 'E5F6G7H8-I9J0-1234-EFGH-567890123456', 5, 5, 5, 5, 5, N'Trải nghiệm tuyệt vời!', '2023-04-14 00:00:00', '2023-04-14 00:00:00');
INSERT INTO bookings (id, vehicle_id, renter_id, owner_id, status, start_date, end_date, total_days, base_price, price_per_day, service_fee, taxes, total, deposit, created_at, updated_at) VALUES ('3f7d3040-7219-4ea7-b723-d81b15affbeb', 'V1A2B3C4-D5E6-7890-VHCL-111111111111', 'D4E5F6G7-H8I9-0123-DEFG-456789012345', 'E5F6G7H8-I9J0-1234-EFGH-567890123456', 'COMPLETED', '2023-12-06', '2023-12-10', 4, 3200000, 800000, 320000.0, 256000.0, 3776000.0, 3000000, '2023-11-26 00:00:00', '2023-11-26 00:00:00');
INSERT INTO payments (id, booking_id, user_id, amount, currency, status, method, transaction_id, created_at, processed_at) VALUES ('6645bc1b-d624-4285-b780-be928c6f4838', '3f7d3040-7219-4ea7-b723-d81b15affbeb', 'D4E5F6G7-H8I9-0123-DEFG-456789012345', 3776000.0, 'VND', 'SUCCEEDED', 'VNPAY', '5bd08f78-fca9-41b1-b54e-19ddc8f40a8d', '2023-11-26 00:00:00', '2023-11-26 00:00:00');
INSERT INTO reviews (id, vehicle_id, booking_id, reviewer_id, owner_id, rating, cleanliness, accuracy, communication, value_rating, comment, created_at, updated_at) VALUES ('62977b9a-91a8-4746-b041-ccc0eabe3c6c', 'V1A2B3C4-D5E6-7890-VHCL-111111111111', '3f7d3040-7219-4ea7-b723-d81b15affbeb', 'D4E5F6G7-H8I9-0123-DEFG-456789012345', 'E5F6G7H8-I9J0-1234-EFGH-567890123456', 5, 5, 5, 5, 5, N'Trải nghiệm tuyệt vời!', '2023-12-10 00:00:00', '2023-12-10 00:00:00');
INSERT INTO bookings (id, vehicle_id, renter_id, owner_id, status, start_date, end_date, total_days, base_price, price_per_day, service_fee, taxes, total, deposit, created_at, updated_at) VALUES ('2509ae04-90bb-4b6e-89fb-58f86d09d591', 'V1A2B3C4-D5E6-7890-VHCL-111111111111', 'B2C3D4E5-F6G7-8901-BCDE-234567890123', 'E5F6G7H8-I9J0-1234-EFGH-567890123456', 'COMPLETED', '2024-01-27', '2024-01-28', 1, 800000, 800000, 80000.0, 64000.0, 944000.0, 3000000, '2024-01-14 00:00:00', '2024-01-14 00:00:00');
INSERT INTO payments (id, booking_id, user_id, amount, currency, status, method, transaction_id, created_at, processed_at) VALUES ('abeed253-0317-46c8-a153-52e15382ea5f', '2509ae04-90bb-4b6e-89fb-58f86d09d591', 'B2C3D4E5-F6G7-8901-BCDE-234567890123', 944000.0, 'VND', 'SUCCEEDED', 'VNPAY', 'e5090c7a-afa4-41ce-ac6b-b46d6fd5aafb', '2024-01-14 00:00:00', '2024-01-14 00:00:00');
INSERT INTO reviews (id, vehicle_id, booking_id, reviewer_id, owner_id, rating, cleanliness, accuracy, communication, value_rating, comment, created_at, updated_at) VALUES ('b4741d1c-9b65-417e-9c12-8d46637a829d', 'V1A2B3C4-D5E6-7890-VHCL-111111111111', '2509ae04-90bb-4b6e-89fb-58f86d09d591', 'B2C3D4E5-F6G7-8901-BCDE-234567890123', 'E5F6G7H8-I9J0-1234-EFGH-567890123456', 5, 5, 5, 5, 5, N'Trải nghiệm tuyệt vời!', '2024-01-28 00:00:00', '2024-01-28 00:00:00');
INSERT INTO bookings (id, vehicle_id, renter_id, owner_id, status, start_date, end_date, total_days, base_price, price_per_day, service_fee, taxes, total, deposit, created_at, updated_at) VALUES ('797f21fb-955a-4a7b-8aee-82ad303149db', 'V1A2B3C4-D5E6-7890-VHCL-111111111111', 'D4E5F6G7-H8I9-0123-DEFG-456789012345', 'E5F6G7H8-I9J0-1234-EFGH-567890123456', 'COMPLETED', '2023-10-30', '2023-11-04', 5, 4000000, 800000, 400000.0, 320000.0, 4720000.0, 3000000, '2023-10-29 00:00:00', '2023-10-29 00:00:00');
INSERT INTO payments (id, booking_id, user_id, amount, currency, status, method, transaction_id, created_at, processed_at) VALUES ('f5b201d1-25a4-48c9-bedb-9588f06ecb94', '797f21fb-955a-4a7b-8aee-82ad303149db', 'D4E5F6G7-H8I9-0123-DEFG-456789012345', 4720000.0, 'VND', 'SUCCEEDED', 'VNPAY', '57a658f9-9ce1-4e47-9e18-c617ddad50fa', '2023-10-29 00:00:00', '2023-10-29 00:00:00');
INSERT INTO reviews (id, vehicle_id, booking_id, reviewer_id, owner_id, rating, cleanliness, accuracy, communication, value_rating, comment, created_at, updated_at) VALUES ('c57f9bc6-96d2-49de-81de-be6a3679451d', 'V1A2B3C4-D5E6-7890-VHCL-111111111111', '797f21fb-955a-4a7b-8aee-82ad303149db', 'D4E5F6G7-H8I9-0123-DEFG-456789012345', 'E5F6G7H8-I9J0-1234-EFGH-567890123456', 5, 5, 5, 5, 5, N'Trải nghiệm tuyệt vời!', '2023-11-04 00:00:00', '2023-11-04 00:00:00');
INSERT INTO bookings (id, vehicle_id, renter_id, owner_id, status, start_date, end_date, total_days, base_price, price_per_day, service_fee, taxes, total, deposit, created_at, updated_at) VALUES ('6d7d205b-db6d-40ab-8be2-cdf6d3635685', 'V1A2B3C4-D5E6-7890-VHCL-111111111111', 'D4E5F6G7-H8I9-0123-DEFG-456789012345', 'E5F6G7H8-I9J0-1234-EFGH-567890123456', 'COMPLETED', '2024-02-07', '2024-02-09', 2, 1600000, 800000, 160000.0, 128000.0, 1888000.0, 3000000, '2024-01-25 00:00:00', '2024-01-25 00:00:00');
INSERT INTO payments (id, booking_id, user_id, amount, currency, status, method, transaction_id, created_at, processed_at) VALUES ('55b54383-87a8-48d8-b248-3d383c96f940', '6d7d205b-db6d-40ab-8be2-cdf6d3635685', 'D4E5F6G7-H8I9-0123-DEFG-456789012345', 1888000.0, 'VND', 'SUCCEEDED', 'VNPAY', '440309c3-25b3-4628-8960-53d4931b6888', '2024-01-25 00:00:00', '2024-01-25 00:00:00');
INSERT INTO reviews (id, vehicle_id, booking_id, reviewer_id, owner_id, rating, cleanliness, accuracy, communication, value_rating, comment, created_at, updated_at) VALUES ('28f1857a-de87-495e-872c-ed3e4cda225b', 'V1A2B3C4-D5E6-7890-VHCL-111111111111', '6d7d205b-db6d-40ab-8be2-cdf6d3635685', 'D4E5F6G7-H8I9-0123-DEFG-456789012345', 'E5F6G7H8-I9J0-1234-EFGH-567890123456', 4, 4, 4, 4, 4, N'Trải nghiệm tuyệt vời!', '2024-02-09 00:00:00', '2024-02-09 00:00:00');
INSERT INTO bookings (id, vehicle_id, renter_id, owner_id, status, start_date, end_date, total_days, base_price, price_per_day, service_fee, taxes, total, deposit, created_at, updated_at) VALUES ('67292037-2bb7-4b0b-b3fd-8167035209bc', 'V1A2B3C4-D5E6-7890-VHCL-111111111111', 'B2C3D4E5-F6G7-8901-BCDE-234567890123', 'E5F6G7H8-I9J0-1234-EFGH-567890123456', 'CANCELLED', '2023-01-06', '2023-01-15', 9, 7200000, 800000, 720000.0, 576000.0, 8496000.0, 3000000, '2023-01-04 00:00:00', '2023-01-04 00:00:00');
INSERT INTO payments (id, booking_id, user_id, amount, currency, status, method, transaction_id, created_at, processed_at) VALUES ('dc8215fc-adc4-4073-b3d8-8bb487ceec76', '67292037-2bb7-4b0b-b3fd-8167035209bc', 'B2C3D4E5-F6G7-8901-BCDE-234567890123', 8496000.0, 'VND', 'REFUNDED', 'VNPAY', '5fc8e84b-0b09-4916-9c71-3adc60718403', '2023-01-04 00:00:00', '2023-01-04 00:00:00');
INSERT INTO bookings (id, vehicle_id, renter_id, owner_id, status, start_date, end_date, total_days, base_price, price_per_day, service_fee, taxes, total, deposit, created_at, updated_at) VALUES ('036022cc-bd29-4c96-8bb8-f617a625e0e3', 'V1A2B3C4-D5E6-7890-VHCL-111111111111', 'C3D4E5F6-G7H8-9012-CDEF-345678901234', 'E5F6G7H8-I9J0-1234-EFGH-567890123456', 'COMPLETED', '2023-06-23', '2023-07-03', 10, 8000000, 800000, 800000.0, 640000.0, 9440000.0, 3000000, '2023-06-17 00:00:00', '2023-06-17 00:00:00');
INSERT INTO payments (id, booking_id, user_id, amount, currency, status, method, transaction_id, created_at, processed_at) VALUES ('f2a304c1-3ba1-476a-9733-2042a5bc3f14', '036022cc-bd29-4c96-8bb8-f617a625e0e3', 'C3D4E5F6-G7H8-9012-CDEF-345678901234', 9440000.0, 'VND', 'SUCCEEDED', 'VNPAY', '9a27dbcd-97e2-4b50-9102-f9572e93931b', '2023-06-17 00:00:00', '2023-06-17 00:00:00');
INSERT INTO reviews (id, vehicle_id, booking_id, reviewer_id, owner_id, rating, cleanliness, accuracy, communication, value_rating, comment, created_at, updated_at) VALUES ('173acad0-48ac-4bef-965f-353c1cdd3a1e', 'V1A2B3C4-D5E6-7890-VHCL-111111111111', '036022cc-bd29-4c96-8bb8-f617a625e0e3', 'C3D4E5F6-G7H8-9012-CDEF-345678901234', 'E5F6G7H8-I9J0-1234-EFGH-567890123456', 3, 3, 3, 3, 3, N'Trải nghiệm tuyệt vời!', '2023-07-03 00:00:00', '2023-07-03 00:00:00');
INSERT INTO bookings (id, vehicle_id, renter_id, owner_id, status, start_date, end_date, total_days, base_price, price_per_day, service_fee, taxes, total, deposit, created_at, updated_at) VALUES ('857803d7-4c73-4826-8b01-0dcc7e42cdcd', 'V1A2B3C4-D5E6-7890-VHCL-111111111111', 'B2C3D4E5-F6G7-8901-BCDE-234567890123', 'E5F6G7H8-I9J0-1234-EFGH-567890123456', 'COMPLETED', '2024-01-16', '2024-01-18', 2, 1600000, 800000, 160000.0, 128000.0, 1888000.0, 3000000, '2024-01-13 00:00:00', '2024-01-13 00:00:00');
INSERT INTO payments (id, booking_id, user_id, amount, currency, status, method, transaction_id, created_at, processed_at) VALUES ('100482cd-20c0-4fbf-9996-66e50ca5d9e8', '857803d7-4c73-4826-8b01-0dcc7e42cdcd', 'B2C3D4E5-F6G7-8901-BCDE-234567890123', 1888000.0, 'VND', 'SUCCEEDED', 'VNPAY', '44eee261-5a43-4a04-a68c-891dd5d94cc5', '2024-01-13 00:00:00', '2024-01-13 00:00:00');
INSERT INTO reviews (id, vehicle_id, booking_id, reviewer_id, owner_id, rating, cleanliness, accuracy, communication, value_rating, comment, created_at, updated_at) VALUES ('163e3a59-4256-45a3-a733-03933dfbd4cd', 'V1A2B3C4-D5E6-7890-VHCL-111111111111', '857803d7-4c73-4826-8b01-0dcc7e42cdcd', 'B2C3D4E5-F6G7-8901-BCDE-234567890123', 'E5F6G7H8-I9J0-1234-EFGH-567890123456', 3, 3, 3, 3, 3, N'Trải nghiệm tuyệt vời!', '2024-01-18 00:00:00', '2024-01-18 00:00:00');
INSERT INTO bookings (id, vehicle_id, renter_id, owner_id, status, start_date, end_date, total_days, base_price, price_per_day, service_fee, taxes, total, deposit, created_at, updated_at) VALUES ('46db9cd3-befe-43ad-98d7-c7b8d65cfdc8', 'V1A2B3C4-D5E6-7890-VHCL-111111111111', 'D4E5F6G7-H8I9-0123-DEFG-456789012345', 'E5F6G7H8-I9J0-1234-EFGH-567890123456', 'CANCELLED', '2023-02-19', '2023-02-27', 8, 6400000, 800000, 640000.0, 512000.0, 7552000.0, 3000000, '2023-02-17 00:00:00', '2023-02-17 00:00:00');
INSERT INTO payments (id, booking_id, user_id, amount, currency, status, method, transaction_id, created_at, processed_at) VALUES ('36d53c2a-614e-434c-9a12-70d962cb5d00', '46db9cd3-befe-43ad-98d7-c7b8d65cfdc8', 'D4E5F6G7-H8I9-0123-DEFG-456789012345', 7552000.0, 'VND', 'REFUNDED', 'VNPAY', 'f6632c61-c256-4f92-9624-db2722b7ae5f', '2023-02-17 00:00:00', '2023-02-17 00:00:00');
INSERT INTO bookings (id, vehicle_id, renter_id, owner_id, status, start_date, end_date, total_days, base_price, price_per_day, service_fee, taxes, total, deposit, created_at, updated_at) VALUES ('a66dc0b5-3f8e-4256-97b2-dc20b97d026a', 'V1A2B3C4-D5E6-7890-VHCL-111111111111', 'C3D4E5F6-G7H8-9012-CDEF-345678901234', 'E5F6G7H8-I9J0-1234-EFGH-567890123456', 'COMPLETED', '2023-12-28', '2023-12-29', 1, 800000, 800000, 80000.0, 64000.0, 944000.0, 3000000, '2023-12-26 00:00:00', '2023-12-26 00:00:00');
INSERT INTO payments (id, booking_id, user_id, amount, currency, status, method, transaction_id, created_at, processed_at) VALUES ('f23c7a96-c6f0-484c-b3ad-1c84b74d8be3', 'a66dc0b5-3f8e-4256-97b2-dc20b97d026a', 'C3D4E5F6-G7H8-9012-CDEF-345678901234', 944000.0, 'VND', 'SUCCEEDED', 'VNPAY', '2fd50774-5063-448a-b945-3ce659eb56e0', '2023-12-26 00:00:00', '2023-12-26 00:00:00');
INSERT INTO reviews (id, vehicle_id, booking_id, reviewer_id, owner_id, rating, cleanliness, accuracy, communication, value_rating, comment, created_at, updated_at) VALUES ('c718d291-fc20-4a60-a418-07e22453ce26', 'V1A2B3C4-D5E6-7890-VHCL-111111111111', 'a66dc0b5-3f8e-4256-97b2-dc20b97d026a', 'C3D4E5F6-G7H8-9012-CDEF-345678901234', 'E5F6G7H8-I9J0-1234-EFGH-567890123456', 3, 3, 3, 3, 3, N'Trải nghiệm tuyệt vời!', '2023-12-29 00:00:00', '2023-12-29 00:00:00');
INSERT INTO bookings (id, vehicle_id, renter_id, owner_id, status, start_date, end_date, total_days, base_price, price_per_day, service_fee, taxes, total, deposit, created_at, updated_at) VALUES ('afe66bbf-bd28-4685-a312-cdbd97bd5bf3', 'V1A2B3C4-D5E6-7890-VHCL-111111111111', 'B2C3D4E5-F6G7-8901-BCDE-234567890123', 'E5F6G7H8-I9J0-1234-EFGH-567890123456', 'CANCELLED', '2024-05-20', '2024-05-25', 5, 4000000, 800000, 400000.0, 320000.0, 4720000.0, 3000000, '2024-05-17 00:00:00', '2024-05-17 00:00:00');
INSERT INTO payments (id, booking_id, user_id, amount, currency, status, method, transaction_id, created_at, processed_at) VALUES ('0da06ec4-68b6-417c-935b-e7970c742d38', 'afe66bbf-bd28-4685-a312-cdbd97bd5bf3', 'B2C3D4E5-F6G7-8901-BCDE-234567890123', 4720000.0, 'VND', 'REFUNDED', 'VNPAY', '718ebd15-36bc-45a6-8223-79577a9feb98', '2024-05-17 00:00:00', '2024-05-17 00:00:00');
INSERT INTO bookings (id, vehicle_id, renter_id, owner_id, status, start_date, end_date, total_days, base_price, price_per_day, service_fee, taxes, total, deposit, created_at, updated_at) VALUES ('bd2ea0f6-d81b-4141-82b4-a3ed6f372231', 'V1A2B3C4-D5E6-7890-VHCL-111111111111', 'B2C3D4E5-F6G7-8901-BCDE-234567890123', 'E5F6G7H8-I9J0-1234-EFGH-567890123456', 'COMPLETED', '2024-01-29', '2024-02-07', 9, 7200000, 800000, 720000.0, 576000.0, 8496000.0, 3000000, '2024-01-19 00:00:00', '2024-01-19 00:00:00');
INSERT INTO payments (id, booking_id, user_id, amount, currency, status, method, transaction_id, created_at, processed_at) VALUES ('278a8787-53c2-453a-8ebf-7c1980fbf6c6', 'bd2ea0f6-d81b-4141-82b4-a3ed6f372231', 'B2C3D4E5-F6G7-8901-BCDE-234567890123', 8496000.0, 'VND', 'SUCCEEDED', 'VNPAY', '615daeb1-443e-4041-a165-f5509a9e8dd3', '2024-01-19 00:00:00', '2024-01-19 00:00:00');
INSERT INTO reviews (id, vehicle_id, booking_id, reviewer_id, owner_id, rating, cleanliness, accuracy, communication, value_rating, comment, created_at, updated_at) VALUES ('7dfe9611-309b-40eb-ad21-536c88abc8e7', 'V1A2B3C4-D5E6-7890-VHCL-111111111111', 'bd2ea0f6-d81b-4141-82b4-a3ed6f372231', 'B2C3D4E5-F6G7-8901-BCDE-234567890123', 'E5F6G7H8-I9J0-1234-EFGH-567890123456', 3, 3, 3, 3, 3, N'Trải nghiệm tuyệt vời!', '2024-02-07 00:00:00', '2024-02-07 00:00:00');
INSERT INTO bookings (id, vehicle_id, renter_id, owner_id, status, start_date, end_date, total_days, base_price, price_per_day, service_fee, taxes, total, deposit, created_at, updated_at) VALUES ('dbc4d3b2-1858-4093-bcb7-79ccb674acb3', 'V1A2B3C4-D5E6-7890-VHCL-111111111111', 'C3D4E5F6-G7H8-9012-CDEF-345678901234', 'E5F6G7H8-I9J0-1234-EFGH-567890123456', 'COMPLETED', '2023-06-12', '2023-06-19', 7, 5600000, 800000, 560000.0, 448000.0, 6608000.0, 3000000, '2023-06-05 00:00:00', '2023-06-05 00:00:00');
INSERT INTO payments (id, booking_id, user_id, amount, currency, status, method, transaction_id, created_at, processed_at) VALUES ('aa696212-b420-4028-b983-8b2fe86c17e7', 'dbc4d3b2-1858-4093-bcb7-79ccb674acb3', 'C3D4E5F6-G7H8-9012-CDEF-345678901234', 6608000.0, 'VND', 'SUCCEEDED', 'VNPAY', '1c522dfd-0603-429b-a693-a8c53d049626', '2023-06-05 00:00:00', '2023-06-05 00:00:00');
INSERT INTO reviews (id, vehicle_id, booking_id, reviewer_id, owner_id, rating, cleanliness, accuracy, communication, value_rating, comment, created_at, updated_at) VALUES ('02af6416-7178-4e3b-86b3-1726dc07c8d2', 'V1A2B3C4-D5E6-7890-VHCL-111111111111', 'dbc4d3b2-1858-4093-bcb7-79ccb674acb3', 'C3D4E5F6-G7H8-9012-CDEF-345678901234', 'E5F6G7H8-I9J0-1234-EFGH-567890123456', 4, 4, 4, 4, 4, N'Trải nghiệm tuyệt vời!', '2023-06-19 00:00:00', '2023-06-19 00:00:00');
INSERT INTO bookings (id, vehicle_id, renter_id, owner_id, status, start_date, end_date, total_days, base_price, price_per_day, service_fee, taxes, total, deposit, created_at, updated_at) VALUES ('8038886a-fef3-4e92-9011-9b32bcc96d8f', 'V1A2B3C4-D5E6-7890-VHCL-111111111111', 'B2C3D4E5-F6G7-8901-BCDE-234567890123', 'E5F6G7H8-I9J0-1234-EFGH-567890123456', 'COMPLETED', '2024-05-06', '2024-05-11', 5, 4000000, 800000, 400000.0, 320000.0, 4720000.0, 3000000, '2024-04-27 00:00:00', '2024-04-27 00:00:00');
INSERT INTO payments (id, booking_id, user_id, amount, currency, status, method, transaction_id, created_at, processed_at) VALUES ('3ba82579-99bd-4ec8-a9b1-b1c4c1e33031', '8038886a-fef3-4e92-9011-9b32bcc96d8f', 'B2C3D4E5-F6G7-8901-BCDE-234567890123', 4720000.0, 'VND', 'SUCCEEDED', 'VNPAY', '64c3cb75-c7ee-4afa-8759-2d5ae8f3a012', '2024-04-27 00:00:00', '2024-04-27 00:00:00');
INSERT INTO reviews (id, vehicle_id, booking_id, reviewer_id, owner_id, rating, cleanliness, accuracy, communication, value_rating, comment, created_at, updated_at) VALUES ('29ce4030-bcc1-40e4-ba0e-69e333fe958a', 'V1A2B3C4-D5E6-7890-VHCL-111111111111', '8038886a-fef3-4e92-9011-9b32bcc96d8f', 'B2C3D4E5-F6G7-8901-BCDE-234567890123', 'E5F6G7H8-I9J0-1234-EFGH-567890123456', 4, 4, 4, 4, 4, N'Trải nghiệm tuyệt vời!', '2024-05-11 00:00:00', '2024-05-11 00:00:00');
INSERT INTO bookings (id, vehicle_id, renter_id, owner_id, status, start_date, end_date, total_days, base_price, price_per_day, service_fee, taxes, total, deposit, created_at, updated_at) VALUES ('dff841d4-5574-4610-9b76-782569b94a86', 'V1A2B3C4-D5E6-7890-VHCL-111111111111', 'B2C3D4E5-F6G7-8901-BCDE-234567890123', 'E5F6G7H8-I9J0-1234-EFGH-567890123456', 'COMPLETED', '2024-03-12', '2024-03-20', 8, 6400000, 800000, 640000.0, 512000.0, 7552000.0, 3000000, '2024-03-03 00:00:00', '2024-03-03 00:00:00');
INSERT INTO payments (id, booking_id, user_id, amount, currency, status, method, transaction_id, created_at, processed_at) VALUES ('b19bb634-2c78-4802-83ad-64f8382965bd', 'dff841d4-5574-4610-9b76-782569b94a86', 'B2C3D4E5-F6G7-8901-BCDE-234567890123', 7552000.0, 'VND', 'SUCCEEDED', 'VNPAY', 'fa7e932e-01de-4e52-a923-356741c19d86', '2024-03-03 00:00:00', '2024-03-03 00:00:00');
INSERT INTO reviews (id, vehicle_id, booking_id, reviewer_id, owner_id, rating, cleanliness, accuracy, communication, value_rating, comment, created_at, updated_at) VALUES ('a548a82c-9d85-41a6-870f-e5fbb5669973', 'V1A2B3C4-D5E6-7890-VHCL-111111111111', 'dff841d4-5574-4610-9b76-782569b94a86', 'B2C3D4E5-F6G7-8901-BCDE-234567890123', 'E5F6G7H8-I9J0-1234-EFGH-567890123456', 3, 3, 3, 3, 3, N'Trải nghiệm tuyệt vời!', '2024-03-20 00:00:00', '2024-03-20 00:00:00');
INSERT INTO bookings (id, vehicle_id, renter_id, owner_id, status, start_date, end_date, total_days, base_price, price_per_day, service_fee, taxes, total, deposit, created_at, updated_at) VALUES ('9c39b8a6-90e7-48d0-b6e4-82209ef1b914', 'V1A2B3C4-D5E6-7890-VHCL-111111111111', 'D4E5F6G7-H8I9-0123-DEFG-456789012345', 'E5F6G7H8-I9J0-1234-EFGH-567890123456', 'COMPLETED', '2023-07-16', '2023-07-22', 6, 4800000, 800000, 480000.0, 384000.0, 5664000.0, 3000000, '2023-07-06 00:00:00', '2023-07-06 00:00:00');
INSERT INTO payments (id, booking_id, user_id, amount, currency, status, method, transaction_id, created_at, processed_at) VALUES ('7985286c-a5e0-4b08-a97d-1ca97f2d7832', '9c39b8a6-90e7-48d0-b6e4-82209ef1b914', 'D4E5F6G7-H8I9-0123-DEFG-456789012345', 5664000.0, 'VND', 'SUCCEEDED', 'VNPAY', '1b105b18-cb27-49e7-8588-853f6f2c962a', '2023-07-06 00:00:00', '2023-07-06 00:00:00');
INSERT INTO reviews (id, vehicle_id, booking_id, reviewer_id, owner_id, rating, cleanliness, accuracy, communication, value_rating, comment, created_at, updated_at) VALUES ('3bba3481-eb2e-4b38-9aea-d5680c2e03af', 'V1A2B3C4-D5E6-7890-VHCL-111111111111', '9c39b8a6-90e7-48d0-b6e4-82209ef1b914', 'D4E5F6G7-H8I9-0123-DEFG-456789012345', 'E5F6G7H8-I9J0-1234-EFGH-567890123456', 4, 4, 4, 4, 4, N'Trải nghiệm tuyệt vời!', '2023-07-22 00:00:00', '2023-07-22 00:00:00');
INSERT INTO bookings (id, vehicle_id, renter_id, owner_id, status, start_date, end_date, total_days, base_price, price_per_day, service_fee, taxes, total, deposit, created_at, updated_at) VALUES ('9ef1466f-0afc-445a-837a-1fafe7b33da8', 'V1A2B3C4-D5E6-7890-VHCL-111111111111', 'D4E5F6G7-H8I9-0123-DEFG-456789012345', 'E5F6G7H8-I9J0-1234-EFGH-567890123456', 'COMPLETED', '2024-02-01', '2024-02-07', 6, 4800000, 800000, 480000.0, 384000.0, 5664000.0, 3000000, '2024-01-19 00:00:00', '2024-01-19 00:00:00');
INSERT INTO payments (id, booking_id, user_id, amount, currency, status, method, transaction_id, created_at, processed_at) VALUES ('b03d25b0-78ea-417a-beb8-775023ed2bbc', '9ef1466f-0afc-445a-837a-1fafe7b33da8', 'D4E5F6G7-H8I9-0123-DEFG-456789012345', 5664000.0, 'VND', 'SUCCEEDED', 'VNPAY', 'efddb6ea-4f88-4fc0-a63a-af88de593c9b', '2024-01-19 00:00:00', '2024-01-19 00:00:00');
INSERT INTO reviews (id, vehicle_id, booking_id, reviewer_id, owner_id, rating, cleanliness, accuracy, communication, value_rating, comment, created_at, updated_at) VALUES ('fd0d779b-94a5-4baf-9e59-06c9afdd9fe2', 'V1A2B3C4-D5E6-7890-VHCL-111111111111', '9ef1466f-0afc-445a-837a-1fafe7b33da8', 'D4E5F6G7-H8I9-0123-DEFG-456789012345', 'E5F6G7H8-I9J0-1234-EFGH-567890123456', 5, 5, 5, 5, 5, N'Trải nghiệm tuyệt vời!', '2024-02-07 00:00:00', '2024-02-07 00:00:00');
INSERT INTO bookings (id, vehicle_id, renter_id, owner_id, status, start_date, end_date, total_days, base_price, price_per_day, service_fee, taxes, total, deposit, created_at, updated_at) VALUES ('fec4f749-16ac-43f9-88d6-6b7180293e1a', 'V1A2B3C4-D5E6-7890-VHCL-111111111111', 'C3D4E5F6-G7H8-9012-CDEF-345678901234', 'E5F6G7H8-I9J0-1234-EFGH-567890123456', 'COMPLETED', '2024-05-03', '2024-05-07', 4, 3200000, 800000, 320000.0, 256000.0, 3776000.0, 3000000, '2024-04-28 00:00:00', '2024-04-28 00:00:00');
INSERT INTO payments (id, booking_id, user_id, amount, currency, status, method, transaction_id, created_at, processed_at) VALUES ('2b6a362e-2e50-4f73-ae61-b7fce297cb45', 'fec4f749-16ac-43f9-88d6-6b7180293e1a', 'C3D4E5F6-G7H8-9012-CDEF-345678901234', 3776000.0, 'VND', 'SUCCEEDED', 'VNPAY', '40b42bd7-728a-433f-8665-73d6da235532', '2024-04-28 00:00:00', '2024-04-28 00:00:00');
INSERT INTO reviews (id, vehicle_id, booking_id, reviewer_id, owner_id, rating, cleanliness, accuracy, communication, value_rating, comment, created_at, updated_at) VALUES ('ddb97785-a19c-4e47-871f-84b82b1e75b8', 'V1A2B3C4-D5E6-7890-VHCL-111111111111', 'fec4f749-16ac-43f9-88d6-6b7180293e1a', 'C3D4E5F6-G7H8-9012-CDEF-345678901234', 'E5F6G7H8-I9J0-1234-EFGH-567890123456', 4, 4, 4, 4, 4, N'Trải nghiệm tuyệt vời!', '2024-05-07 00:00:00', '2024-05-07 00:00:00');
INSERT INTO bookings (id, vehicle_id, renter_id, owner_id, status, start_date, end_date, total_days, base_price, price_per_day, service_fee, taxes, total, deposit, created_at, updated_at) VALUES ('972fc8b7-74a7-4ee7-a656-c0bb3b13aee6', 'V1A2B3C4-D5E6-7890-VHCL-111111111111', 'C3D4E5F6-G7H8-9012-CDEF-345678901234', 'E5F6G7H8-I9J0-1234-EFGH-567890123456', 'COMPLETED', '2023-03-28', '2023-04-04', 7, 5600000, 800000, 560000.0, 448000.0, 6608000.0, 3000000, '2023-03-22 00:00:00', '2023-03-22 00:00:00');
INSERT INTO payments (id, booking_id, user_id, amount, currency, status, method, transaction_id, created_at, processed_at) VALUES ('25ab029c-1b1a-45ff-934e-dcad4815c29e', '972fc8b7-74a7-4ee7-a656-c0bb3b13aee6', 'C3D4E5F6-G7H8-9012-CDEF-345678901234', 6608000.0, 'VND', 'SUCCEEDED', 'VNPAY', '784e8a61-1605-4f0c-87dd-8268cb849064', '2023-03-22 00:00:00', '2023-03-22 00:00:00');
INSERT INTO reviews (id, vehicle_id, booking_id, reviewer_id, owner_id, rating, cleanliness, accuracy, communication, value_rating, comment, created_at, updated_at) VALUES ('12325101-274f-463f-8c3d-2ea72be813f7', 'V1A2B3C4-D5E6-7890-VHCL-111111111111', '972fc8b7-74a7-4ee7-a656-c0bb3b13aee6', 'C3D4E5F6-G7H8-9012-CDEF-345678901234', 'E5F6G7H8-I9J0-1234-EFGH-567890123456', 5, 5, 5, 5, 5, N'Trải nghiệm tuyệt vời!', '2023-04-04 00:00:00', '2023-04-04 00:00:00');
INSERT INTO bookings (id, vehicle_id, renter_id, owner_id, status, start_date, end_date, total_days, base_price, price_per_day, service_fee, taxes, total, deposit, created_at, updated_at) VALUES ('d6365825-d096-42ed-b556-12e8a1bf9e1c', 'V1A2B3C4-D5E6-7890-VHCL-111111111111', 'B2C3D4E5-F6G7-8901-BCDE-234567890123', 'E5F6G7H8-I9J0-1234-EFGH-567890123456', 'CANCELLED', '2023-01-11', '2023-01-20', 9, 7200000, 800000, 720000.0, 576000.0, 8496000.0, 3000000, '2023-01-08 00:00:00', '2023-01-08 00:00:00');
INSERT INTO payments (id, booking_id, user_id, amount, currency, status, method, transaction_id, created_at, processed_at) VALUES ('65e2e118-d5cb-4f6c-8e1e-be8cc35ccc9f', 'd6365825-d096-42ed-b556-12e8a1bf9e1c', 'B2C3D4E5-F6G7-8901-BCDE-234567890123', 8496000.0, 'VND', 'REFUNDED', 'VNPAY', 'e7371646-867c-4373-82c6-6deef93d2681', '2023-01-08 00:00:00', '2023-01-08 00:00:00');
INSERT INTO bookings (id, vehicle_id, renter_id, owner_id, status, start_date, end_date, total_days, base_price, price_per_day, service_fee, taxes, total, deposit, created_at, updated_at) VALUES ('da33c200-30f2-4fed-ae7a-cb7d0b702841', 'V1A2B3C4-D5E6-7890-VHCL-111111111111', 'D4E5F6G7-H8I9-0123-DEFG-456789012345', 'E5F6G7H8-I9J0-1234-EFGH-567890123456', 'COMPLETED', '2024-04-14', '2024-04-15', 1, 800000, 800000, 80000.0, 64000.0, 944000.0, 3000000, '2024-04-05 00:00:00', '2024-04-05 00:00:00');
INSERT INTO payments (id, booking_id, user_id, amount, currency, status, method, transaction_id, created_at, processed_at) VALUES ('485d8179-cfef-4898-9d8f-9b7853d9233e', 'da33c200-30f2-4fed-ae7a-cb7d0b702841', 'D4E5F6G7-H8I9-0123-DEFG-456789012345', 944000.0, 'VND', 'SUCCEEDED', 'VNPAY', 'd787a08f-ab20-4e24-93ba-90234a919cb1', '2024-04-05 00:00:00', '2024-04-05 00:00:00');
INSERT INTO reviews (id, vehicle_id, booking_id, reviewer_id, owner_id, rating, cleanliness, accuracy, communication, value_rating, comment, created_at, updated_at) VALUES ('c05655e0-ef7a-4a9c-98fd-50b140744335', 'V1A2B3C4-D5E6-7890-VHCL-111111111111', 'da33c200-30f2-4fed-ae7a-cb7d0b702841', 'D4E5F6G7-H8I9-0123-DEFG-456789012345', 'E5F6G7H8-I9J0-1234-EFGH-567890123456', 4, 4, 4, 4, 4, N'Trải nghiệm tuyệt vời!', '2024-04-15 00:00:00', '2024-04-15 00:00:00');
INSERT INTO bookings (id, vehicle_id, renter_id, owner_id, status, start_date, end_date, total_days, base_price, price_per_day, service_fee, taxes, total, deposit, created_at, updated_at) VALUES ('44f001ad-6c9d-49dc-9faf-2d6dab94df56', 'V1A2B3C4-D5E6-7890-VHCL-111111111111', 'C3D4E5F6-G7H8-9012-CDEF-345678901234', 'E5F6G7H8-I9J0-1234-EFGH-567890123456', 'COMPLETED', '2024-03-09', '2024-03-10', 1, 800000, 800000, 80000.0, 64000.0, 944000.0, 3000000, '2024-03-06 00:00:00', '2024-03-06 00:00:00');
INSERT INTO payments (id, booking_id, user_id, amount, currency, status, method, transaction_id, created_at, processed_at) VALUES ('343e2784-988b-4629-91e0-faea0a2933f2', '44f001ad-6c9d-49dc-9faf-2d6dab94df56', 'C3D4E5F6-G7H8-9012-CDEF-345678901234', 944000.0, 'VND', 'SUCCEEDED', 'VNPAY', '377af867-b4d8-458f-9b9c-f8c13dc2ce1e', '2024-03-06 00:00:00', '2024-03-06 00:00:00');
INSERT INTO reviews (id, vehicle_id, booking_id, reviewer_id, owner_id, rating, cleanliness, accuracy, communication, value_rating, comment, created_at, updated_at) VALUES ('365e71ba-61cc-43a3-8e89-8439537f0b40', 'V1A2B3C4-D5E6-7890-VHCL-111111111111', '44f001ad-6c9d-49dc-9faf-2d6dab94df56', 'C3D4E5F6-G7H8-9012-CDEF-345678901234', 'E5F6G7H8-I9J0-1234-EFGH-567890123456', 3, 3, 3, 3, 3, N'Trải nghiệm tuyệt vời!', '2024-03-10 00:00:00', '2024-03-10 00:00:00');
INSERT INTO bookings (id, vehicle_id, renter_id, owner_id, status, start_date, end_date, total_days, base_price, price_per_day, service_fee, taxes, total, deposit, created_at, updated_at) VALUES ('41e99c44-69a2-4831-8fa9-0e7eec100d55', 'V1A2B3C4-D5E6-7890-VHCL-111111111111', 'D4E5F6G7-H8I9-0123-DEFG-456789012345', 'E5F6G7H8-I9J0-1234-EFGH-567890123456', 'COMPLETED', '2023-06-19', '2023-06-29', 10, 8000000, 800000, 800000.0, 640000.0, 9440000.0, 3000000, '2023-06-11 00:00:00', '2023-06-11 00:00:00');
INSERT INTO payments (id, booking_id, user_id, amount, currency, status, method, transaction_id, created_at, processed_at) VALUES ('359dc3fe-7e58-421f-b8d0-30fa051a5da7', '41e99c44-69a2-4831-8fa9-0e7eec100d55', 'D4E5F6G7-H8I9-0123-DEFG-456789012345', 9440000.0, 'VND', 'SUCCEEDED', 'VNPAY', '12d36f71-1843-4703-8c30-9ac62e36c7e8', '2023-06-11 00:00:00', '2023-06-11 00:00:00');
INSERT INTO reviews (id, vehicle_id, booking_id, reviewer_id, owner_id, rating, cleanliness, accuracy, communication, value_rating, comment, created_at, updated_at) VALUES ('aaccce1f-2c12-4c21-8e06-d411fe3ccc3b', 'V1A2B3C4-D5E6-7890-VHCL-111111111111', '41e99c44-69a2-4831-8fa9-0e7eec100d55', 'D4E5F6G7-H8I9-0123-DEFG-456789012345', 'E5F6G7H8-I9J0-1234-EFGH-567890123456', 4, 4, 4, 4, 4, N'Trải nghiệm tuyệt vời!', '2023-06-29 00:00:00', '2023-06-29 00:00:00');
INSERT INTO bookings (id, vehicle_id, renter_id, owner_id, status, start_date, end_date, total_days, base_price, price_per_day, service_fee, taxes, total, deposit, created_at, updated_at) VALUES ('be88eae5-7763-4b94-8b57-b7ed108e7d75', 'V1A2B3C4-D5E6-7890-VHCL-111111111111', 'B2C3D4E5-F6G7-8901-BCDE-234567890123', 'E5F6G7H8-I9J0-1234-EFGH-567890123456', 'COMPLETED', '2023-02-01', '2023-02-11', 10, 8000000, 800000, 800000.0, 640000.0, 9440000.0, 3000000, '2023-01-21 00:00:00', '2023-01-21 00:00:00');
INSERT INTO payments (id, booking_id, user_id, amount, currency, status, method, transaction_id, created_at, processed_at) VALUES ('ee0e9605-11e1-4eae-b075-3f8f10e4a7ca', 'be88eae5-7763-4b94-8b57-b7ed108e7d75', 'B2C3D4E5-F6G7-8901-BCDE-234567890123', 9440000.0, 'VND', 'SUCCEEDED', 'VNPAY', 'f2c3a266-a2cf-4e7e-9610-633547025f85', '2023-01-21 00:00:00', '2023-01-21 00:00:00');
INSERT INTO reviews (id, vehicle_id, booking_id, reviewer_id, owner_id, rating, cleanliness, accuracy, communication, value_rating, comment, created_at, updated_at) VALUES ('5395dedc-ee38-4992-b2c9-7ab19978cf03', 'V1A2B3C4-D5E6-7890-VHCL-111111111111', 'be88eae5-7763-4b94-8b57-b7ed108e7d75', 'B2C3D4E5-F6G7-8901-BCDE-234567890123', 'E5F6G7H8-I9J0-1234-EFGH-567890123456', 3, 3, 3, 3, 3, N'Trải nghiệm tuyệt vời!', '2023-02-11 00:00:00', '2023-02-11 00:00:00');
INSERT INTO bookings (id, vehicle_id, renter_id, owner_id, status, start_date, end_date, total_days, base_price, price_per_day, service_fee, taxes, total, deposit, created_at, updated_at) VALUES ('d4fdd30e-b23a-4e48-a733-7fbf4daa9ea2', 'V1A2B3C4-D5E6-7890-VHCL-111111111111', 'C3D4E5F6-G7H8-9012-CDEF-345678901234', 'E5F6G7H8-I9J0-1234-EFGH-567890123456', 'COMPLETED', '2024-02-06', '2024-02-15', 9, 7200000, 800000, 720000.0, 576000.0, 8496000.0, 3000000, '2024-01-25 00:00:00', '2024-01-25 00:00:00');
INSERT INTO payments (id, booking_id, user_id, amount, currency, status, method, transaction_id, created_at, processed_at) VALUES ('2082a793-d23b-4148-abb7-67a0c7279bd3', 'd4fdd30e-b23a-4e48-a733-7fbf4daa9ea2', 'C3D4E5F6-G7H8-9012-CDEF-345678901234', 8496000.0, 'VND', 'SUCCEEDED', 'VNPAY', '6970ce7e-b848-453d-9187-e6f43aefda5f', '2024-01-25 00:00:00', '2024-01-25 00:00:00');
INSERT INTO reviews (id, vehicle_id, booking_id, reviewer_id, owner_id, rating, cleanliness, accuracy, communication, value_rating, comment, created_at, updated_at) VALUES ('0f7e91a8-acd3-46ff-82e7-bab12095e41e', 'V1A2B3C4-D5E6-7890-VHCL-111111111111', 'd4fdd30e-b23a-4e48-a733-7fbf4daa9ea2', 'C3D4E5F6-G7H8-9012-CDEF-345678901234', 'E5F6G7H8-I9J0-1234-EFGH-567890123456', 4, 4, 4, 4, 4, N'Trải nghiệm tuyệt vời!', '2024-02-15 00:00:00', '2024-02-15 00:00:00');
INSERT INTO bookings (id, vehicle_id, renter_id, owner_id, status, start_date, end_date, total_days, base_price, price_per_day, service_fee, taxes, total, deposit, created_at, updated_at) VALUES ('e3c463d1-dad8-4b65-bead-e7e7957fe654', 'V1A2B3C4-D5E6-7890-VHCL-111111111111', 'B2C3D4E5-F6G7-8901-BCDE-234567890123', 'E5F6G7H8-I9J0-1234-EFGH-567890123456', 'CANCELLED', '2024-03-12', '2024-03-18', 6, 4800000, 800000, 480000.0, 384000.0, 5664000.0, 3000000, '2024-02-29 00:00:00', '2024-02-29 00:00:00');
INSERT INTO payments (id, booking_id, user_id, amount, currency, status, method, transaction_id, created_at, processed_at) VALUES ('d2f24000-4b71-40f6-8e42-e99ffe799ff5', 'e3c463d1-dad8-4b65-bead-e7e7957fe654', 'B2C3D4E5-F6G7-8901-BCDE-234567890123', 5664000.0, 'VND', 'REFUNDED', 'VNPAY', 'e78249e4-0a0f-4ea1-a57a-4574d1880484', '2024-02-29 00:00:00', '2024-02-29 00:00:00');
INSERT INTO bookings (id, vehicle_id, renter_id, owner_id, status, start_date, end_date, total_days, base_price, price_per_day, service_fee, taxes, total, deposit, created_at, updated_at) VALUES ('fce6ecee-1d0b-43ee-83eb-5f8a029f7148', 'V1A2B3C4-D5E6-7890-VHCL-111111111111', 'B2C3D4E5-F6G7-8901-BCDE-234567890123', 'E5F6G7H8-I9J0-1234-EFGH-567890123456', 'COMPLETED', '2024-04-15', '2024-04-22', 7, 5600000, 800000, 560000.0, 448000.0, 6608000.0, 3000000, '2024-04-08 00:00:00', '2024-04-08 00:00:00');
INSERT INTO payments (id, booking_id, user_id, amount, currency, status, method, transaction_id, created_at, processed_at) VALUES ('33c3b137-f48a-4937-a63f-f60b3ea417eb', 'fce6ecee-1d0b-43ee-83eb-5f8a029f7148', 'B2C3D4E5-F6G7-8901-BCDE-234567890123', 6608000.0, 'VND', 'SUCCEEDED', 'VNPAY', 'e84c3ee1-1056-41ef-8767-2bfed0b149c1', '2024-04-08 00:00:00', '2024-04-08 00:00:00');
INSERT INTO reviews (id, vehicle_id, booking_id, reviewer_id, owner_id, rating, cleanliness, accuracy, communication, value_rating, comment, created_at, updated_at) VALUES ('a8cc8332-d820-48c3-99bc-da91c0d3159b', 'V1A2B3C4-D5E6-7890-VHCL-111111111111', 'fce6ecee-1d0b-43ee-83eb-5f8a029f7148', 'B2C3D4E5-F6G7-8901-BCDE-234567890123', 'E5F6G7H8-I9J0-1234-EFGH-567890123456', 4, 4, 4, 4, 4, N'Trải nghiệm tuyệt vời!', '2024-04-22 00:00:00', '2024-04-22 00:00:00');
INSERT INTO bookings (id, vehicle_id, renter_id, owner_id, status, start_date, end_date, total_days, base_price, price_per_day, service_fee, taxes, total, deposit, created_at, updated_at) VALUES ('dfc11cc0-9ecc-4c57-9400-3acca5e1fdd7', 'V1A2B3C4-D5E6-7890-VHCL-111111111111', 'B2C3D4E5-F6G7-8901-BCDE-234567890123', 'E5F6G7H8-I9J0-1234-EFGH-567890123456', 'COMPLETED', '2023-01-11', '2023-01-14', 3, 2400000, 800000, 240000.0, 192000.0, 2832000.0, 3000000, '2022-12-31 00:00:00', '2022-12-31 00:00:00');
INSERT INTO payments (id, booking_id, user_id, amount, currency, status, method, transaction_id, created_at, processed_at) VALUES ('26edd87a-1d50-4e13-9e3a-409bef7e9ef2', 'dfc11cc0-9ecc-4c57-9400-3acca5e1fdd7', 'B2C3D4E5-F6G7-8901-BCDE-234567890123', 2832000.0, 'VND', 'SUCCEEDED', 'VNPAY', 'eba0a7dd-caf7-4b00-9d92-c529557869a5', '2022-12-31 00:00:00', '2022-12-31 00:00:00');
INSERT INTO reviews (id, vehicle_id, booking_id, reviewer_id, owner_id, rating, cleanliness, accuracy, communication, value_rating, comment, created_at, updated_at) VALUES ('4d368a13-306e-4ebe-ae00-3487f57ad7bc', 'V1A2B3C4-D5E6-7890-VHCL-111111111111', 'dfc11cc0-9ecc-4c57-9400-3acca5e1fdd7', 'B2C3D4E5-F6G7-8901-BCDE-234567890123', 'E5F6G7H8-I9J0-1234-EFGH-567890123456', 4, 4, 4, 4, 4, N'Trải nghiệm tuyệt vời!', '2023-01-14 00:00:00', '2023-01-14 00:00:00');
INSERT INTO bookings (id, vehicle_id, renter_id, owner_id, status, start_date, end_date, total_days, base_price, price_per_day, service_fee, taxes, total, deposit, created_at, updated_at) VALUES ('d8b4fc33-36f7-4a56-a8f1-8bf6356e7368', 'V1A2B3C4-D5E6-7890-VHCL-111111111111', 'C3D4E5F6-G7H8-9012-CDEF-345678901234', 'E5F6G7H8-I9J0-1234-EFGH-567890123456', 'COMPLETED', '2023-06-13', '2023-06-20', 7, 5600000, 800000, 560000.0, 448000.0, 6608000.0, 3000000, '2023-06-06 00:00:00', '2023-06-06 00:00:00');
INSERT INTO payments (id, booking_id, user_id, amount, currency, status, method, transaction_id, created_at, processed_at) VALUES ('1a57c231-3efd-46fe-a408-bd7f8cf148fe', 'd8b4fc33-36f7-4a56-a8f1-8bf6356e7368', 'C3D4E5F6-G7H8-9012-CDEF-345678901234', 6608000.0, 'VND', 'SUCCEEDED', 'VNPAY', '4999dbd8-4dca-40bf-9568-0ccd5d05d33c', '2023-06-06 00:00:00', '2023-06-06 00:00:00');
INSERT INTO reviews (id, vehicle_id, booking_id, reviewer_id, owner_id, rating, cleanliness, accuracy, communication, value_rating, comment, created_at, updated_at) VALUES ('d5696bad-64c6-415d-80ad-3f6209b9136c', 'V1A2B3C4-D5E6-7890-VHCL-111111111111', 'd8b4fc33-36f7-4a56-a8f1-8bf6356e7368', 'C3D4E5F6-G7H8-9012-CDEF-345678901234', 'E5F6G7H8-I9J0-1234-EFGH-567890123456', 4, 4, 4, 4, 4, N'Trải nghiệm tuyệt vời!', '2023-06-20 00:00:00', '2023-06-20 00:00:00');
INSERT INTO bookings (id, vehicle_id, renter_id, owner_id, status, start_date, end_date, total_days, base_price, price_per_day, service_fee, taxes, total, deposit, created_at, updated_at) VALUES ('6e55fef4-6469-46ec-a3a5-80605b5f1b90', 'V1A2B3C4-D5E6-7890-VHCL-111111111111', 'C3D4E5F6-G7H8-9012-CDEF-345678901234', 'E5F6G7H8-I9J0-1234-EFGH-567890123456', 'COMPLETED', '2024-01-21', '2024-01-25', 4, 3200000, 800000, 320000.0, 256000.0, 3776000.0, 3000000, '2024-01-12 00:00:00', '2024-01-12 00:00:00');
INSERT INTO payments (id, booking_id, user_id, amount, currency, status, method, transaction_id, created_at, processed_at) VALUES ('de8f9611-92d2-4fa1-9b3c-7bd70680368d', '6e55fef4-6469-46ec-a3a5-80605b5f1b90', 'C3D4E5F6-G7H8-9012-CDEF-345678901234', 3776000.0, 'VND', 'SUCCEEDED', 'VNPAY', '3fe8d06b-e63e-4f2b-a428-a14c82476eb2', '2024-01-12 00:00:00', '2024-01-12 00:00:00');
INSERT INTO reviews (id, vehicle_id, booking_id, reviewer_id, owner_id, rating, cleanliness, accuracy, communication, value_rating, comment, created_at, updated_at) VALUES ('02f6a666-4969-483b-bede-fbcd42d01012', 'V1A2B3C4-D5E6-7890-VHCL-111111111111', '6e55fef4-6469-46ec-a3a5-80605b5f1b90', 'C3D4E5F6-G7H8-9012-CDEF-345678901234', 'E5F6G7H8-I9J0-1234-EFGH-567890123456', 4, 4, 4, 4, 4, N'Trải nghiệm tuyệt vời!', '2024-01-25 00:00:00', '2024-01-25 00:00:00');
INSERT INTO bookings (id, vehicle_id, renter_id, owner_id, status, start_date, end_date, total_days, base_price, price_per_day, service_fee, taxes, total, deposit, created_at, updated_at) VALUES ('c9043c65-755f-42fb-8eaf-22efaf8bd733', 'V1A2B3C4-D5E6-7890-VHCL-111111111111', 'B2C3D4E5-F6G7-8901-BCDE-234567890123', 'E5F6G7H8-I9J0-1234-EFGH-567890123456', 'CANCELLED', '2023-06-26', '2023-07-06', 10, 8000000, 800000, 800000.0, 640000.0, 9440000.0, 3000000, '2023-06-23 00:00:00', '2023-06-23 00:00:00');
INSERT INTO payments (id, booking_id, user_id, amount, currency, status, method, transaction_id, created_at, processed_at) VALUES ('f3ca7d40-c55c-4fd1-a4ff-76f53b514eb3', 'c9043c65-755f-42fb-8eaf-22efaf8bd733', 'B2C3D4E5-F6G7-8901-BCDE-234567890123', 9440000.0, 'VND', 'REFUNDED', 'VNPAY', '21b536f5-0e7a-453c-9835-4952244e54b1', '2023-06-23 00:00:00', '2023-06-23 00:00:00');
INSERT INTO bookings (id, vehicle_id, renter_id, owner_id, status, start_date, end_date, total_days, base_price, price_per_day, service_fee, taxes, total, deposit, created_at, updated_at) VALUES ('5919c7ac-77a6-4a75-ad51-8f8e5c995838', 'V1A2B3C4-D5E6-7890-VHCL-111111111111', 'C3D4E5F6-G7H8-9012-CDEF-345678901234', 'E5F6G7H8-I9J0-1234-EFGH-567890123456', 'CANCELLED', '2023-06-10', '2023-06-13', 3, 2400000, 800000, 240000.0, 192000.0, 2832000.0, 3000000, '2023-06-01 00:00:00', '2023-06-01 00:00:00');
INSERT INTO payments (id, booking_id, user_id, amount, currency, status, method, transaction_id, created_at, processed_at) VALUES ('7c6a2020-4483-4d83-8acc-4f9e16b356b9', '5919c7ac-77a6-4a75-ad51-8f8e5c995838', 'C3D4E5F6-G7H8-9012-CDEF-345678901234', 2832000.0, 'VND', 'REFUNDED', 'VNPAY', '278f6f8a-f0af-44c4-b546-977ba3ef2c76', '2023-06-01 00:00:00', '2023-06-01 00:00:00');
INSERT INTO bookings (id, vehicle_id, renter_id, owner_id, status, start_date, end_date, total_days, base_price, price_per_day, service_fee, taxes, total, deposit, created_at, updated_at) VALUES ('c2c6cbe4-6f02-4298-a597-7a9819d1f6a2', 'V1A2B3C4-D5E6-7890-VHCL-111111111111', 'C3D4E5F6-G7H8-9012-CDEF-345678901234', 'E5F6G7H8-I9J0-1234-EFGH-567890123456', 'COMPLETED', '2023-07-30', '2023-08-01', 2, 1600000, 800000, 160000.0, 128000.0, 1888000.0, 3000000, '2023-07-26 00:00:00', '2023-07-26 00:00:00');
INSERT INTO payments (id, booking_id, user_id, amount, currency, status, method, transaction_id, created_at, processed_at) VALUES ('4b1f2bec-a087-45cf-ba7e-985dab6b1af8', 'c2c6cbe4-6f02-4298-a597-7a9819d1f6a2', 'C3D4E5F6-G7H8-9012-CDEF-345678901234', 1888000.0, 'VND', 'SUCCEEDED', 'VNPAY', 'cb6c55ce-b22c-43ac-8cb4-cec2a663ce45', '2023-07-26 00:00:00', '2023-07-26 00:00:00');
INSERT INTO reviews (id, vehicle_id, booking_id, reviewer_id, owner_id, rating, cleanliness, accuracy, communication, value_rating, comment, created_at, updated_at) VALUES ('6f4c4b84-4607-4cd9-8946-cb2f5332bf5c', 'V1A2B3C4-D5E6-7890-VHCL-111111111111', 'c2c6cbe4-6f02-4298-a597-7a9819d1f6a2', 'C3D4E5F6-G7H8-9012-CDEF-345678901234', 'E5F6G7H8-I9J0-1234-EFGH-567890123456', 5, 5, 5, 5, 5, N'Trải nghiệm tuyệt vời!', '2023-08-01 00:00:00', '2023-08-01 00:00:00');
INSERT INTO bookings (id, vehicle_id, renter_id, owner_id, status, start_date, end_date, total_days, base_price, price_per_day, service_fee, taxes, total, deposit, created_at, updated_at) VALUES ('a4c0b1d8-8757-4be7-b996-fbf2b906070b', 'V1A2B3C4-D5E6-7890-VHCL-111111111111', 'D4E5F6G7-H8I9-0123-DEFG-456789012345', 'E5F6G7H8-I9J0-1234-EFGH-567890123456', 'COMPLETED', '2023-12-30', '2024-01-08', 9, 7200000, 800000, 720000.0, 576000.0, 8496000.0, 3000000, '2023-12-18 00:00:00', '2023-12-18 00:00:00');
INSERT INTO payments (id, booking_id, user_id, amount, currency, status, method, transaction_id, created_at, processed_at) VALUES ('300847a3-f624-4965-b091-921716f3346d', 'a4c0b1d8-8757-4be7-b996-fbf2b906070b', 'D4E5F6G7-H8I9-0123-DEFG-456789012345', 8496000.0, 'VND', 'SUCCEEDED', 'VNPAY', '859759a9-1f1c-42a5-85da-ad2b93ba3859', '2023-12-18 00:00:00', '2023-12-18 00:00:00');
INSERT INTO reviews (id, vehicle_id, booking_id, reviewer_id, owner_id, rating, cleanliness, accuracy, communication, value_rating, comment, created_at, updated_at) VALUES ('7976cd15-3670-497c-a0bd-738379f1f687', 'V1A2B3C4-D5E6-7890-VHCL-111111111111', 'a4c0b1d8-8757-4be7-b996-fbf2b906070b', 'D4E5F6G7-H8I9-0123-DEFG-456789012345', 'E5F6G7H8-I9J0-1234-EFGH-567890123456', 4, 4, 4, 4, 4, N'Trải nghiệm tuyệt vời!', '2024-01-08 00:00:00', '2024-01-08 00:00:00');
INSERT INTO bookings (id, vehicle_id, renter_id, owner_id, status, start_date, end_date, total_days, base_price, price_per_day, service_fee, taxes, total, deposit, created_at, updated_at) VALUES ('e9a421a6-b662-48a3-8a55-973c044ca97b', 'V1A2B3C4-D5E6-7890-VHCL-111111111111', 'D4E5F6G7-H8I9-0123-DEFG-456789012345', 'E5F6G7H8-I9J0-1234-EFGH-567890123456', 'COMPLETED', '2024-02-08', '2024-02-14', 6, 4800000, 800000, 480000.0, 384000.0, 5664000.0, 3000000, '2024-02-05 00:00:00', '2024-02-05 00:00:00');
INSERT INTO payments (id, booking_id, user_id, amount, currency, status, method, transaction_id, created_at, processed_at) VALUES ('5895a736-2088-4ef8-ab7b-fb6f01c8a146', 'e9a421a6-b662-48a3-8a55-973c044ca97b', 'D4E5F6G7-H8I9-0123-DEFG-456789012345', 5664000.0, 'VND', 'SUCCEEDED', 'VNPAY', '87434c26-270b-4e11-96cd-9849b12d751b', '2024-02-05 00:00:00', '2024-02-05 00:00:00');
INSERT INTO reviews (id, vehicle_id, booking_id, reviewer_id, owner_id, rating, cleanliness, accuracy, communication, value_rating, comment, created_at, updated_at) VALUES ('fc4df234-c2a3-4316-ac13-4a942165a1a8', 'V1A2B3C4-D5E6-7890-VHCL-111111111111', 'e9a421a6-b662-48a3-8a55-973c044ca97b', 'D4E5F6G7-H8I9-0123-DEFG-456789012345', 'E5F6G7H8-I9J0-1234-EFGH-567890123456', 5, 5, 5, 5, 5, N'Trải nghiệm tuyệt vời!', '2024-02-14 00:00:00', '2024-02-14 00:00:00');
INSERT INTO bookings (id, vehicle_id, renter_id, owner_id, status, start_date, end_date, total_days, base_price, price_per_day, service_fee, taxes, total, deposit, created_at, updated_at) VALUES ('d6c19400-cf03-4322-acf2-a5eba3dd0c1d', 'V1A2B3C4-D5E6-7890-VHCL-111111111111', 'D4E5F6G7-H8I9-0123-DEFG-456789012345', 'E5F6G7H8-I9J0-1234-EFGH-567890123456', 'COMPLETED', '2023-05-22', '2023-05-30', 8, 6400000, 800000, 640000.0, 512000.0, 7552000.0, 3000000, '2023-05-10 00:00:00', '2023-05-10 00:00:00');
INSERT INTO payments (id, booking_id, user_id, amount, currency, status, method, transaction_id, created_at, processed_at) VALUES ('97f14e86-e7a8-4c7d-9683-3834022fa93e', 'd6c19400-cf03-4322-acf2-a5eba3dd0c1d', 'D4E5F6G7-H8I9-0123-DEFG-456789012345', 7552000.0, 'VND', 'SUCCEEDED', 'VNPAY', '03e3898c-96d8-42d0-a133-e187739d7ada', '2023-05-10 00:00:00', '2023-05-10 00:00:00');
INSERT INTO reviews (id, vehicle_id, booking_id, reviewer_id, owner_id, rating, cleanliness, accuracy, communication, value_rating, comment, created_at, updated_at) VALUES ('9687bdda-61d8-4dcf-a2b7-669c033b9e0d', 'V1A2B3C4-D5E6-7890-VHCL-111111111111', 'd6c19400-cf03-4322-acf2-a5eba3dd0c1d', 'D4E5F6G7-H8I9-0123-DEFG-456789012345', 'E5F6G7H8-I9J0-1234-EFGH-567890123456', 5, 5, 5, 5, 5, N'Trải nghiệm tuyệt vời!', '2023-05-30 00:00:00', '2023-05-30 00:00:00');
INSERT INTO bookings (id, vehicle_id, renter_id, owner_id, status, start_date, end_date, total_days, base_price, price_per_day, service_fee, taxes, total, deposit, created_at, updated_at) VALUES ('93f2e90e-b1b4-45dd-859c-dc69c475e8b7', 'V1A2B3C4-D5E6-7890-VHCL-111111111111', 'D4E5F6G7-H8I9-0123-DEFG-456789012345', 'E5F6G7H8-I9J0-1234-EFGH-567890123456', 'CANCELLED', '2023-02-26', '2023-03-04', 6, 4800000, 800000, 480000.0, 384000.0, 5664000.0, 3000000, '2023-02-19 00:00:00', '2023-02-19 00:00:00');
INSERT INTO payments (id, booking_id, user_id, amount, currency, status, method, transaction_id, created_at, processed_at) VALUES ('2af4b163-da1d-4ecc-ae62-45d17ac7bb78', '93f2e90e-b1b4-45dd-859c-dc69c475e8b7', 'D4E5F6G7-H8I9-0123-DEFG-456789012345', 5664000.0, 'VND', 'REFUNDED', 'VNPAY', '537e165e-c033-4b08-bdce-6235a88f3605', '2023-02-19 00:00:00', '2023-02-19 00:00:00');
INSERT INTO bookings (id, vehicle_id, renter_id, owner_id, status, start_date, end_date, total_days, base_price, price_per_day, service_fee, taxes, total, deposit, created_at, updated_at) VALUES ('77b3f06c-34a1-46fd-981c-ee0928b20aa5', 'V1A2B3C4-D5E6-7890-VHCL-111111111111', 'D4E5F6G7-H8I9-0123-DEFG-456789012345', 'E5F6G7H8-I9J0-1234-EFGH-567890123456', 'COMPLETED', '2023-02-13', '2023-02-22', 9, 7200000, 800000, 720000.0, 576000.0, 8496000.0, 3000000, '2023-02-10 00:00:00', '2023-02-10 00:00:00');
INSERT INTO payments (id, booking_id, user_id, amount, currency, status, method, transaction_id, created_at, processed_at) VALUES ('7ef86051-74d0-4a7e-8075-4b7671ff2784', '77b3f06c-34a1-46fd-981c-ee0928b20aa5', 'D4E5F6G7-H8I9-0123-DEFG-456789012345', 8496000.0, 'VND', 'SUCCEEDED', 'VNPAY', '90e4b8d7-376b-4eec-a92d-647bfcff6d52', '2023-02-10 00:00:00', '2023-02-10 00:00:00');
INSERT INTO reviews (id, vehicle_id, booking_id, reviewer_id, owner_id, rating, cleanliness, accuracy, communication, value_rating, comment, created_at, updated_at) VALUES ('39344b19-bca7-4b36-8c9e-5485f71338d3', 'V1A2B3C4-D5E6-7890-VHCL-111111111111', '77b3f06c-34a1-46fd-981c-ee0928b20aa5', 'D4E5F6G7-H8I9-0123-DEFG-456789012345', 'E5F6G7H8-I9J0-1234-EFGH-567890123456', 3, 3, 3, 3, 3, N'Trải nghiệm tuyệt vời!', '2023-02-22 00:00:00', '2023-02-22 00:00:00');
INSERT INTO bookings (id, vehicle_id, renter_id, owner_id, status, start_date, end_date, total_days, base_price, price_per_day, service_fee, taxes, total, deposit, created_at, updated_at) VALUES ('c5cbc0e9-2d9b-475d-9ad8-96c6d97fb01d', 'V1A2B3C4-D5E6-7890-VHCL-111111111111', 'B2C3D4E5-F6G7-8901-BCDE-234567890123', 'E5F6G7H8-I9J0-1234-EFGH-567890123456', 'COMPLETED', '2023-10-31', '2023-11-02', 2, 1600000, 800000, 160000.0, 128000.0, 1888000.0, 3000000, '2023-10-24 00:00:00', '2023-10-24 00:00:00');
INSERT INTO payments (id, booking_id, user_id, amount, currency, status, method, transaction_id, created_at, processed_at) VALUES ('d01b2a81-a587-4aa7-be9d-af89fdde7934', 'c5cbc0e9-2d9b-475d-9ad8-96c6d97fb01d', 'B2C3D4E5-F6G7-8901-BCDE-234567890123', 1888000.0, 'VND', 'SUCCEEDED', 'VNPAY', '0dba5f28-932e-485f-9adc-bc4d62138752', '2023-10-24 00:00:00', '2023-10-24 00:00:00');
INSERT INTO reviews (id, vehicle_id, booking_id, reviewer_id, owner_id, rating, cleanliness, accuracy, communication, value_rating, comment, created_at, updated_at) VALUES ('78d3c704-376e-48ac-a418-de30bcd690de', 'V1A2B3C4-D5E6-7890-VHCL-111111111111', 'c5cbc0e9-2d9b-475d-9ad8-96c6d97fb01d', 'B2C3D4E5-F6G7-8901-BCDE-234567890123', 'E5F6G7H8-I9J0-1234-EFGH-567890123456', 3, 3, 3, 3, 3, N'Trải nghiệm tuyệt vời!', '2023-11-02 00:00:00', '2023-11-02 00:00:00');
INSERT INTO bookings (id, vehicle_id, renter_id, owner_id, status, start_date, end_date, total_days, base_price, price_per_day, service_fee, taxes, total, deposit, created_at, updated_at) VALUES ('6b3a7de3-c41d-49c0-9c3c-adf3326f768e', 'V1A2B3C4-D5E6-7890-VHCL-111111111111', 'C3D4E5F6-G7H8-9012-CDEF-345678901234', 'E5F6G7H8-I9J0-1234-EFGH-567890123456', 'COMPLETED', '2023-06-13', '2023-06-20', 7, 5600000, 800000, 560000.0, 448000.0, 6608000.0, 3000000, '2023-06-02 00:00:00', '2023-06-02 00:00:00');
INSERT INTO payments (id, booking_id, user_id, amount, currency, status, method, transaction_id, created_at, processed_at) VALUES ('835745e8-62ee-4e57-846f-0099d74786d5', '6b3a7de3-c41d-49c0-9c3c-adf3326f768e', 'C3D4E5F6-G7H8-9012-CDEF-345678901234', 6608000.0, 'VND', 'SUCCEEDED', 'VNPAY', '6891b928-0ae7-410d-9eb6-a9d073e94c2b', '2023-06-02 00:00:00', '2023-06-02 00:00:00');
INSERT INTO reviews (id, vehicle_id, booking_id, reviewer_id, owner_id, rating, cleanliness, accuracy, communication, value_rating, comment, created_at, updated_at) VALUES ('6cbb1faf-713f-4b57-83a6-b383c8a067ed', 'V1A2B3C4-D5E6-7890-VHCL-111111111111', '6b3a7de3-c41d-49c0-9c3c-adf3326f768e', 'C3D4E5F6-G7H8-9012-CDEF-345678901234', 'E5F6G7H8-I9J0-1234-EFGH-567890123456', 3, 3, 3, 3, 3, N'Trải nghiệm tuyệt vời!', '2023-06-20 00:00:00', '2023-06-20 00:00:00');
INSERT INTO bookings (id, vehicle_id, renter_id, owner_id, status, start_date, end_date, total_days, base_price, price_per_day, service_fee, taxes, total, deposit, created_at, updated_at) VALUES ('d16c6077-74bb-439b-9ad8-dee79a4265ed', 'V1A2B3C4-D5E6-7890-VHCL-111111111111', 'D4E5F6G7-H8I9-0123-DEFG-456789012345', 'E5F6G7H8-I9J0-1234-EFGH-567890123456', 'COMPLETED', '2024-04-04', '2024-04-09', 5, 4000000, 800000, 400000.0, 320000.0, 4720000.0, 3000000, '2024-03-23 00:00:00', '2024-03-23 00:00:00');
INSERT INTO payments (id, booking_id, user_id, amount, currency, status, method, transaction_id, created_at, processed_at) VALUES ('f678b8cd-e4ff-4664-918a-6f15383a5dbd', 'd16c6077-74bb-439b-9ad8-dee79a4265ed', 'D4E5F6G7-H8I9-0123-DEFG-456789012345', 4720000.0, 'VND', 'SUCCEEDED', 'VNPAY', 'f338be5a-ae8a-47c4-9bc6-ec086d326fa0', '2024-03-23 00:00:00', '2024-03-23 00:00:00');
INSERT INTO reviews (id, vehicle_id, booking_id, reviewer_id, owner_id, rating, cleanliness, accuracy, communication, value_rating, comment, created_at, updated_at) VALUES ('faff6502-92a6-4abc-871a-982c890d7f03', 'V1A2B3C4-D5E6-7890-VHCL-111111111111', 'd16c6077-74bb-439b-9ad8-dee79a4265ed', 'D4E5F6G7-H8I9-0123-DEFG-456789012345', 'E5F6G7H8-I9J0-1234-EFGH-567890123456', 5, 5, 5, 5, 5, N'Trải nghiệm tuyệt vời!', '2024-04-09 00:00:00', '2024-04-09 00:00:00');
INSERT INTO bookings (id, vehicle_id, renter_id, owner_id, status, start_date, end_date, total_days, base_price, price_per_day, service_fee, taxes, total, deposit, created_at, updated_at) VALUES ('a30bd185-79e4-47cd-b57e-10668ac3556d', 'V1A2B3C4-D5E6-7890-VHCL-111111111111', 'B2C3D4E5-F6G7-8901-BCDE-234567890123', 'E5F6G7H8-I9J0-1234-EFGH-567890123456', 'CANCELLED', '2024-05-17', '2024-05-23', 6, 4800000, 800000, 480000.0, 384000.0, 5664000.0, 3000000, '2024-05-12 00:00:00', '2024-05-12 00:00:00');
INSERT INTO payments (id, booking_id, user_id, amount, currency, status, method, transaction_id, created_at, processed_at) VALUES ('6e80df36-a078-447d-8c57-73c526319adb', 'a30bd185-79e4-47cd-b57e-10668ac3556d', 'B2C3D4E5-F6G7-8901-BCDE-234567890123', 5664000.0, 'VND', 'REFUNDED', 'VNPAY', '0b5b25a4-9000-40a6-a642-4f18a1b982fe', '2024-05-12 00:00:00', '2024-05-12 00:00:00');
INSERT INTO bookings (id, vehicle_id, renter_id, owner_id, status, start_date, end_date, total_days, base_price, price_per_day, service_fee, taxes, total, deposit, created_at, updated_at) VALUES ('6be8ac66-3a5b-4862-8ec6-c214d33770f8', 'V1A2B3C4-D5E6-7890-VHCL-111111111111', 'C3D4E5F6-G7H8-9012-CDEF-345678901234', 'E5F6G7H8-I9J0-1234-EFGH-567890123456', 'COMPLETED', '2024-02-11', '2024-02-13', 2, 1600000, 800000, 160000.0, 128000.0, 1888000.0, 3000000, '2024-02-01 00:00:00', '2024-02-01 00:00:00');
INSERT INTO payments (id, booking_id, user_id, amount, currency, status, method, transaction_id, created_at, processed_at) VALUES ('a75b1e02-b7d7-49f6-88a2-a00092542f84', '6be8ac66-3a5b-4862-8ec6-c214d33770f8', 'C3D4E5F6-G7H8-9012-CDEF-345678901234', 1888000.0, 'VND', 'SUCCEEDED', 'VNPAY', '23263939-2b1f-40e0-ba72-1f4559126ff5', '2024-02-01 00:00:00', '2024-02-01 00:00:00');
INSERT INTO reviews (id, vehicle_id, booking_id, reviewer_id, owner_id, rating, cleanliness, accuracy, communication, value_rating, comment, created_at, updated_at) VALUES ('588cf833-1825-4f16-8907-4d0df828ee60', 'V1A2B3C4-D5E6-7890-VHCL-111111111111', '6be8ac66-3a5b-4862-8ec6-c214d33770f8', 'C3D4E5F6-G7H8-9012-CDEF-345678901234', 'E5F6G7H8-I9J0-1234-EFGH-567890123456', 5, 5, 5, 5, 5, N'Trải nghiệm tuyệt vời!', '2024-02-13 00:00:00', '2024-02-13 00:00:00');
INSERT INTO bookings (id, vehicle_id, renter_id, owner_id, status, start_date, end_date, total_days, base_price, price_per_day, service_fee, taxes, total, deposit, created_at, updated_at) VALUES ('a2f5cf5c-3ccd-41e0-8884-bfdca978795d', 'V1A2B3C4-D5E6-7890-VHCL-111111111111', 'C3D4E5F6-G7H8-9012-CDEF-345678901234', 'E5F6G7H8-I9J0-1234-EFGH-567890123456', 'COMPLETED', '2023-05-12', '2023-05-16', 4, 3200000, 800000, 320000.0, 256000.0, 3776000.0, 3000000, '2023-04-30 00:00:00', '2023-04-30 00:00:00');
INSERT INTO payments (id, booking_id, user_id, amount, currency, status, method, transaction_id, created_at, processed_at) VALUES ('1712cde9-44ac-4d1a-bdc6-ca46e62e3746', 'a2f5cf5c-3ccd-41e0-8884-bfdca978795d', 'C3D4E5F6-G7H8-9012-CDEF-345678901234', 3776000.0, 'VND', 'SUCCEEDED', 'VNPAY', '3969dfc5-681b-4a32-aa96-91627218458f', '2023-04-30 00:00:00', '2023-04-30 00:00:00');
INSERT INTO reviews (id, vehicle_id, booking_id, reviewer_id, owner_id, rating, cleanliness, accuracy, communication, value_rating, comment, created_at, updated_at) VALUES ('b936bbc2-7ceb-4755-b430-1627bc99c426', 'V1A2B3C4-D5E6-7890-VHCL-111111111111', 'a2f5cf5c-3ccd-41e0-8884-bfdca978795d', 'C3D4E5F6-G7H8-9012-CDEF-345678901234', 'E5F6G7H8-I9J0-1234-EFGH-567890123456', 4, 4, 4, 4, 4, N'Trải nghiệm tuyệt vời!', '2023-05-16 00:00:00', '2023-05-16 00:00:00');
INSERT INTO bookings (id, vehicle_id, renter_id, owner_id, status, start_date, end_date, total_days, base_price, price_per_day, service_fee, taxes, total, deposit, created_at, updated_at) VALUES ('3b750ab6-71c5-4277-9f55-c1d03ccca6b5', 'V1A2B3C4-D5E6-7890-VHCL-111111111111', 'B2C3D4E5-F6G7-8901-BCDE-234567890123', 'E5F6G7H8-I9J0-1234-EFGH-567890123456', 'COMPLETED', '2024-01-05', '2024-01-12', 7, 5600000, 800000, 560000.0, 448000.0, 6608000.0, 3000000, '2023-12-30 00:00:00', '2023-12-30 00:00:00');
INSERT INTO payments (id, booking_id, user_id, amount, currency, status, method, transaction_id, created_at, processed_at) VALUES ('a335fd72-2c41-404f-9ce0-34eeea7dd1c8', '3b750ab6-71c5-4277-9f55-c1d03ccca6b5', 'B2C3D4E5-F6G7-8901-BCDE-234567890123', 6608000.0, 'VND', 'SUCCEEDED', 'VNPAY', '86bca4f4-01a3-4958-bc4a-8f66982444a7', '2023-12-30 00:00:00', '2023-12-30 00:00:00');
INSERT INTO reviews (id, vehicle_id, booking_id, reviewer_id, owner_id, rating, cleanliness, accuracy, communication, value_rating, comment, created_at, updated_at) VALUES ('79b7319b-effd-4177-a761-0ae1d5ec6663', 'V1A2B3C4-D5E6-7890-VHCL-111111111111', '3b750ab6-71c5-4277-9f55-c1d03ccca6b5', 'B2C3D4E5-F6G7-8901-BCDE-234567890123', 'E5F6G7H8-I9J0-1234-EFGH-567890123456', 3, 3, 3, 3, 3, N'Trải nghiệm tuyệt vời!', '2024-01-12 00:00:00', '2024-01-12 00:00:00');
INSERT INTO bookings (id, vehicle_id, renter_id, owner_id, status, start_date, end_date, total_days, base_price, price_per_day, service_fee, taxes, total, deposit, created_at, updated_at) VALUES ('f907505f-0e0d-4125-a75c-9f70f5f77619', 'V1A2B3C4-D5E6-7890-VHCL-111111111111', 'B2C3D4E5-F6G7-8901-BCDE-234567890123', 'E5F6G7H8-I9J0-1234-EFGH-567890123456', 'COMPLETED', '2024-05-25', '2024-05-30', 5, 4000000, 800000, 400000.0, 320000.0, 4720000.0, 3000000, '2024-05-12 00:00:00', '2024-05-12 00:00:00');
INSERT INTO payments (id, booking_id, user_id, amount, currency, status, method, transaction_id, created_at, processed_at) VALUES ('24135fa0-8d89-4ce2-b347-37a426309326', 'f907505f-0e0d-4125-a75c-9f70f5f77619', 'B2C3D4E5-F6G7-8901-BCDE-234567890123', 4720000.0, 'VND', 'SUCCEEDED', 'VNPAY', '2aa935fc-0cbc-4121-8fc0-21e8e47dd47c', '2024-05-12 00:00:00', '2024-05-12 00:00:00');
INSERT INTO reviews (id, vehicle_id, booking_id, reviewer_id, owner_id, rating, cleanliness, accuracy, communication, value_rating, comment, created_at, updated_at) VALUES ('a1de2e2d-41d4-4866-b497-6ab8b896d848', 'V1A2B3C4-D5E6-7890-VHCL-111111111111', 'f907505f-0e0d-4125-a75c-9f70f5f77619', 'B2C3D4E5-F6G7-8901-BCDE-234567890123', 'E5F6G7H8-I9J0-1234-EFGH-567890123456', 5, 5, 5, 5, 5, N'Trải nghiệm tuyệt vời!', '2024-05-30 00:00:00', '2024-05-30 00:00:00');
INSERT INTO bookings (id, vehicle_id, renter_id, owner_id, status, start_date, end_date, total_days, base_price, price_per_day, service_fee, taxes, total, deposit, created_at, updated_at) VALUES ('d41ef86f-9c58-4268-855f-cb0565055fc9', 'V1A2B3C4-D5E6-7890-VHCL-111111111111', 'C3D4E5F6-G7H8-9012-CDEF-345678901234', 'E5F6G7H8-I9J0-1234-EFGH-567890123456', 'COMPLETED', '2023-09-29', '2023-10-08', 9, 7200000, 800000, 720000.0, 576000.0, 8496000.0, 3000000, '2023-09-23 00:00:00', '2023-09-23 00:00:00');
INSERT INTO payments (id, booking_id, user_id, amount, currency, status, method, transaction_id, created_at, processed_at) VALUES ('6ded7b30-0e52-4444-a43f-41a98ffcdd07', 'd41ef86f-9c58-4268-855f-cb0565055fc9', 'C3D4E5F6-G7H8-9012-CDEF-345678901234', 8496000.0, 'VND', 'SUCCEEDED', 'VNPAY', '51350c45-061e-4c1e-bb68-c4e6e0e76980', '2023-09-23 00:00:00', '2023-09-23 00:00:00');
INSERT INTO reviews (id, vehicle_id, booking_id, reviewer_id, owner_id, rating, cleanliness, accuracy, communication, value_rating, comment, created_at, updated_at) VALUES ('d9300252-af80-4293-9bc4-dfe80477634b', 'V1A2B3C4-D5E6-7890-VHCL-111111111111', 'd41ef86f-9c58-4268-855f-cb0565055fc9', 'C3D4E5F6-G7H8-9012-CDEF-345678901234', 'E5F6G7H8-I9J0-1234-EFGH-567890123456', 5, 5, 5, 5, 5, N'Trải nghiệm tuyệt vời!', '2023-10-08 00:00:00', '2023-10-08 00:00:00');
INSERT INTO bookings (id, vehicle_id, renter_id, owner_id, status, start_date, end_date, total_days, base_price, price_per_day, service_fee, taxes, total, deposit, created_at, updated_at) VALUES ('62095d35-d383-4565-83bd-574cdde79a5e', 'V1A2B3C4-D5E6-7890-VHCL-111111111111', 'C3D4E5F6-G7H8-9012-CDEF-345678901234', 'E5F6G7H8-I9J0-1234-EFGH-567890123456', 'COMPLETED', '2024-02-14', '2024-02-24', 10, 8000000, 800000, 800000.0, 640000.0, 9440000.0, 3000000, '2024-02-13 00:00:00', '2024-02-13 00:00:00');
INSERT INTO payments (id, booking_id, user_id, amount, currency, status, method, transaction_id, created_at, processed_at) VALUES ('87681002-aa64-47bf-a80e-256a2f692548', '62095d35-d383-4565-83bd-574cdde79a5e', 'C3D4E5F6-G7H8-9012-CDEF-345678901234', 9440000.0, 'VND', 'SUCCEEDED', 'VNPAY', '4177de3d-7edc-42fd-9381-fd4690ba9f54', '2024-02-13 00:00:00', '2024-02-13 00:00:00');
INSERT INTO reviews (id, vehicle_id, booking_id, reviewer_id, owner_id, rating, cleanliness, accuracy, communication, value_rating, comment, created_at, updated_at) VALUES ('58e5ad66-f3bd-457c-899d-ebdbe9dab10d', 'V1A2B3C4-D5E6-7890-VHCL-111111111111', '62095d35-d383-4565-83bd-574cdde79a5e', 'C3D4E5F6-G7H8-9012-CDEF-345678901234', 'E5F6G7H8-I9J0-1234-EFGH-567890123456', 4, 4, 4, 4, 4, N'Trải nghiệm tuyệt vời!', '2024-02-24 00:00:00', '2024-02-24 00:00:00');
INSERT INTO bookings (id, vehicle_id, renter_id, owner_id, status, start_date, end_date, total_days, base_price, price_per_day, service_fee, taxes, total, deposit, created_at, updated_at) VALUES ('ee26e8ce-fc15-4742-b5a7-8b74ad57c5e8', 'V1A2B3C4-D5E6-7890-VHCL-111111111111', 'D4E5F6G7-H8I9-0123-DEFG-456789012345', 'E5F6G7H8-I9J0-1234-EFGH-567890123456', 'COMPLETED', '2023-01-25', '2023-02-03', 9, 7200000, 800000, 720000.0, 576000.0, 8496000.0, 3000000, '2023-01-18 00:00:00', '2023-01-18 00:00:00');
INSERT INTO payments (id, booking_id, user_id, amount, currency, status, method, transaction_id, created_at, processed_at) VALUES ('a9977b09-9473-44ca-89b0-0afe9a8d5e46', 'ee26e8ce-fc15-4742-b5a7-8b74ad57c5e8', 'D4E5F6G7-H8I9-0123-DEFG-456789012345', 8496000.0, 'VND', 'SUCCEEDED', 'VNPAY', '018809c5-bb64-4657-ac96-618657a82d26', '2023-01-18 00:00:00', '2023-01-18 00:00:00');
INSERT INTO reviews (id, vehicle_id, booking_id, reviewer_id, owner_id, rating, cleanliness, accuracy, communication, value_rating, comment, created_at, updated_at) VALUES ('c5c6de95-636a-44b7-9b8b-63357f44058c', 'V1A2B3C4-D5E6-7890-VHCL-111111111111', 'ee26e8ce-fc15-4742-b5a7-8b74ad57c5e8', 'D4E5F6G7-H8I9-0123-DEFG-456789012345', 'E5F6G7H8-I9J0-1234-EFGH-567890123456', 3, 3, 3, 3, 3, N'Trải nghiệm tuyệt vời!', '2023-02-03 00:00:00', '2023-02-03 00:00:00');
INSERT INTO bookings (id, vehicle_id, renter_id, owner_id, status, start_date, end_date, total_days, base_price, price_per_day, service_fee, taxes, total, deposit, created_at, updated_at) VALUES ('de1066ff-2fbd-4772-bc78-b70fc18f0675', 'V1A2B3C4-D5E6-7890-VHCL-111111111111', 'D4E5F6G7-H8I9-0123-DEFG-456789012345', 'E5F6G7H8-I9J0-1234-EFGH-567890123456', 'COMPLETED', '2024-04-22', '2024-04-24', 2, 1600000, 800000, 160000.0, 128000.0, 1888000.0, 3000000, '2024-04-13 00:00:00', '2024-04-13 00:00:00');
INSERT INTO payments (id, booking_id, user_id, amount, currency, status, method, transaction_id, created_at, processed_at) VALUES ('69695d88-a71d-48f8-9035-503491ad7ae9', 'de1066ff-2fbd-4772-bc78-b70fc18f0675', 'D4E5F6G7-H8I9-0123-DEFG-456789012345', 1888000.0, 'VND', 'SUCCEEDED', 'VNPAY', 'e50d3fed-1c59-483b-ad09-82c1f5987bdf', '2024-04-13 00:00:00', '2024-04-13 00:00:00');
INSERT INTO reviews (id, vehicle_id, booking_id, reviewer_id, owner_id, rating, cleanliness, accuracy, communication, value_rating, comment, created_at, updated_at) VALUES ('53b472e1-a241-4f16-bcb2-769f5ce5bb41', 'V1A2B3C4-D5E6-7890-VHCL-111111111111', 'de1066ff-2fbd-4772-bc78-b70fc18f0675', 'D4E5F6G7-H8I9-0123-DEFG-456789012345', 'E5F6G7H8-I9J0-1234-EFGH-567890123456', 5, 5, 5, 5, 5, N'Trải nghiệm tuyệt vời!', '2024-04-24 00:00:00', '2024-04-24 00:00:00');
INSERT INTO bookings (id, vehicle_id, renter_id, owner_id, status, start_date, end_date, total_days, base_price, price_per_day, service_fee, taxes, total, deposit, created_at, updated_at) VALUES ('e962572b-58dc-49a4-b32d-66120ec5bbf6', 'V1A2B3C4-D5E6-7890-VHCL-111111111111', 'B2C3D4E5-F6G7-8901-BCDE-234567890123', 'E5F6G7H8-I9J0-1234-EFGH-567890123456', 'COMPLETED', '2023-02-03', '2023-02-05', 2, 1600000, 800000, 160000.0, 128000.0, 1888000.0, 3000000, '2023-01-23 00:00:00', '2023-01-23 00:00:00');
INSERT INTO payments (id, booking_id, user_id, amount, currency, status, method, transaction_id, created_at, processed_at) VALUES ('aeaf5f7d-78bb-4e6a-b812-f1a911358163', 'e962572b-58dc-49a4-b32d-66120ec5bbf6', 'B2C3D4E5-F6G7-8901-BCDE-234567890123', 1888000.0, 'VND', 'SUCCEEDED', 'VNPAY', '3c9c9b4c-204f-4c2f-a531-fef600fa19a7', '2023-01-23 00:00:00', '2023-01-23 00:00:00');
INSERT INTO reviews (id, vehicle_id, booking_id, reviewer_id, owner_id, rating, cleanliness, accuracy, communication, value_rating, comment, created_at, updated_at) VALUES ('96b30d98-9529-4551-b946-81f3577e88d8', 'V1A2B3C4-D5E6-7890-VHCL-111111111111', 'e962572b-58dc-49a4-b32d-66120ec5bbf6', 'B2C3D4E5-F6G7-8901-BCDE-234567890123', 'E5F6G7H8-I9J0-1234-EFGH-567890123456', 4, 4, 4, 4, 4, N'Trải nghiệm tuyệt vời!', '2023-02-05 00:00:00', '2023-02-05 00:00:00');
INSERT INTO bookings (id, vehicle_id, renter_id, owner_id, status, start_date, end_date, total_days, base_price, price_per_day, service_fee, taxes, total, deposit, created_at, updated_at) VALUES ('9c2ff715-3b05-41d7-a706-6a1ae1505fd0', 'V1A2B3C4-D5E6-7890-VHCL-111111111111', 'B2C3D4E5-F6G7-8901-BCDE-234567890123', 'E5F6G7H8-I9J0-1234-EFGH-567890123456', 'COMPLETED', '2023-08-07', '2023-08-08', 1, 800000, 800000, 80000.0, 64000.0, 944000.0, 3000000, '2023-07-30 00:00:00', '2023-07-30 00:00:00');
INSERT INTO payments (id, booking_id, user_id, amount, currency, status, method, transaction_id, created_at, processed_at) VALUES ('a9d0f9af-536f-4fc4-a2f7-62f2891dd879', '9c2ff715-3b05-41d7-a706-6a1ae1505fd0', 'B2C3D4E5-F6G7-8901-BCDE-234567890123', 944000.0, 'VND', 'SUCCEEDED', 'VNPAY', '38538d98-7580-4be6-a4d6-aa3383472323', '2023-07-30 00:00:00', '2023-07-30 00:00:00');
INSERT INTO reviews (id, vehicle_id, booking_id, reviewer_id, owner_id, rating, cleanliness, accuracy, communication, value_rating, comment, created_at, updated_at) VALUES ('054176f3-0708-48b3-846b-1cc7a3913caa', 'V1A2B3C4-D5E6-7890-VHCL-111111111111', '9c2ff715-3b05-41d7-a706-6a1ae1505fd0', 'B2C3D4E5-F6G7-8901-BCDE-234567890123', 'E5F6G7H8-I9J0-1234-EFGH-567890123456', 5, 5, 5, 5, 5, N'Trải nghiệm tuyệt vời!', '2023-08-08 00:00:00', '2023-08-08 00:00:00');
INSERT INTO bookings (id, vehicle_id, renter_id, owner_id, status, start_date, end_date, total_days, base_price, price_per_day, service_fee, taxes, total, deposit, created_at, updated_at) VALUES ('a1df2104-dbb3-4d1b-b713-d668cc8658df', 'V1A2B3C4-D5E6-7890-VHCL-111111111111', 'B2C3D4E5-F6G7-8901-BCDE-234567890123', 'E5F6G7H8-I9J0-1234-EFGH-567890123456', 'CANCELLED', '2023-05-17', '2023-05-25', 8, 6400000, 800000, 640000.0, 512000.0, 7552000.0, 3000000, '2023-05-04 00:00:00', '2023-05-04 00:00:00');
INSERT INTO payments (id, booking_id, user_id, amount, currency, status, method, transaction_id, created_at, processed_at) VALUES ('6884fa8c-b918-4608-8fd1-45753f18958c', 'a1df2104-dbb3-4d1b-b713-d668cc8658df', 'B2C3D4E5-F6G7-8901-BCDE-234567890123', 7552000.0, 'VND', 'REFUNDED', 'VNPAY', '792e8097-8ab8-4bf5-b951-8381cf1c3d3b', '2023-05-04 00:00:00', '2023-05-04 00:00:00');
INSERT INTO bookings (id, vehicle_id, renter_id, owner_id, status, start_date, end_date, total_days, base_price, price_per_day, service_fee, taxes, total, deposit, created_at, updated_at) VALUES ('2cb223df-7469-4092-b53d-426681650388', 'V1A2B3C4-D5E6-7890-VHCL-111111111111', 'C3D4E5F6-G7H8-9012-CDEF-345678901234', 'E5F6G7H8-I9J0-1234-EFGH-567890123456', 'COMPLETED', '2023-08-04', '2023-08-05', 1, 800000, 800000, 80000.0, 64000.0, 944000.0, 3000000, '2023-08-02 00:00:00', '2023-08-02 00:00:00');
INSERT INTO payments (id, booking_id, user_id, amount, currency, status, method, transaction_id, created_at, processed_at) VALUES ('f828feb5-8613-4a4d-8bf0-4c45e23b9ea6', '2cb223df-7469-4092-b53d-426681650388', 'C3D4E5F6-G7H8-9012-CDEF-345678901234', 944000.0, 'VND', 'SUCCEEDED', 'VNPAY', '56c25998-fef7-4d12-96c0-64a3c2e54622', '2023-08-02 00:00:00', '2023-08-02 00:00:00');
INSERT INTO reviews (id, vehicle_id, booking_id, reviewer_id, owner_id, rating, cleanliness, accuracy, communication, value_rating, comment, created_at, updated_at) VALUES ('1d8ec3c7-8c10-413f-9174-de5b95c77730', 'V1A2B3C4-D5E6-7890-VHCL-111111111111', '2cb223df-7469-4092-b53d-426681650388', 'C3D4E5F6-G7H8-9012-CDEF-345678901234', 'E5F6G7H8-I9J0-1234-EFGH-567890123456', 3, 3, 3, 3, 3, N'Trải nghiệm tuyệt vời!', '2023-08-05 00:00:00', '2023-08-05 00:00:00');
INSERT INTO bookings (id, vehicle_id, renter_id, owner_id, status, start_date, end_date, total_days, base_price, price_per_day, service_fee, taxes, total, deposit, created_at, updated_at) VALUES ('20641de7-fb60-4ddd-a08f-9d573622c0cf', 'V1A2B3C4-D5E6-7890-VHCL-111111111111', 'C3D4E5F6-G7H8-9012-CDEF-345678901234', 'E5F6G7H8-I9J0-1234-EFGH-567890123456', 'CANCELLED', '2024-01-06', '2024-01-09', 3, 2400000, 800000, 240000.0, 192000.0, 2832000.0, 3000000, '2023-12-29 00:00:00', '2023-12-29 00:00:00');
INSERT INTO payments (id, booking_id, user_id, amount, currency, status, method, transaction_id, created_at, processed_at) VALUES ('60430008-5468-4e86-a997-c8895a69145f', '20641de7-fb60-4ddd-a08f-9d573622c0cf', 'C3D4E5F6-G7H8-9012-CDEF-345678901234', 2832000.0, 'VND', 'REFUNDED', 'VNPAY', '6e53d5a1-1260-4273-b135-2c09a364bb03', '2023-12-29 00:00:00', '2023-12-29 00:00:00');
INSERT INTO bookings (id, vehicle_id, renter_id, owner_id, status, start_date, end_date, total_days, base_price, price_per_day, service_fee, taxes, total, deposit, created_at, updated_at) VALUES ('162c826f-789b-441d-8f7e-1f461a0511bd', 'V1A2B3C4-D5E6-7890-VHCL-111111111111', 'B2C3D4E5-F6G7-8901-BCDE-234567890123', 'E5F6G7H8-I9J0-1234-EFGH-567890123456', 'CANCELLED', '2023-09-26', '2023-10-04', 8, 6400000, 800000, 640000.0, 512000.0, 7552000.0, 3000000, '2023-09-22 00:00:00', '2023-09-22 00:00:00');
INSERT INTO payments (id, booking_id, user_id, amount, currency, status, method, transaction_id, created_at, processed_at) VALUES ('59cbec05-a441-4700-b098-338327109752', '162c826f-789b-441d-8f7e-1f461a0511bd', 'B2C3D4E5-F6G7-8901-BCDE-234567890123', 7552000.0, 'VND', 'REFUNDED', 'VNPAY', '4cff0824-1c5f-4f65-97ea-1c614efa4e40', '2023-09-22 00:00:00', '2023-09-22 00:00:00');
INSERT INTO bookings (id, vehicle_id, renter_id, owner_id, status, start_date, end_date, total_days, base_price, price_per_day, service_fee, taxes, total, deposit, created_at, updated_at) VALUES ('89190742-a6d5-49a3-a9c4-eff0a333b8c0', 'V1A2B3C4-D5E6-7890-VHCL-111111111111', 'C3D4E5F6-G7H8-9012-CDEF-345678901234', 'E5F6G7H8-I9J0-1234-EFGH-567890123456', 'COMPLETED', '2024-05-06', '2024-05-07', 1, 800000, 800000, 80000.0, 64000.0, 944000.0, 3000000, '2024-05-05 00:00:00', '2024-05-05 00:00:00');
INSERT INTO payments (id, booking_id, user_id, amount, currency, status, method, transaction_id, created_at, processed_at) VALUES ('7be874a0-3a81-43f5-9399-baa28e5455d3', '89190742-a6d5-49a3-a9c4-eff0a333b8c0', 'C3D4E5F6-G7H8-9012-CDEF-345678901234', 944000.0, 'VND', 'SUCCEEDED', 'VNPAY', 'ab573df1-9326-4c45-84e3-3d68f2db7c29', '2024-05-05 00:00:00', '2024-05-05 00:00:00');
INSERT INTO reviews (id, vehicle_id, booking_id, reviewer_id, owner_id, rating, cleanliness, accuracy, communication, value_rating, comment, created_at, updated_at) VALUES ('5331cf4d-945c-4d78-a957-88a93a30a989', 'V1A2B3C4-D5E6-7890-VHCL-111111111111', '89190742-a6d5-49a3-a9c4-eff0a333b8c0', 'C3D4E5F6-G7H8-9012-CDEF-345678901234', 'E5F6G7H8-I9J0-1234-EFGH-567890123456', 3, 3, 3, 3, 3, N'Trải nghiệm tuyệt vời!', '2024-05-07 00:00:00', '2024-05-07 00:00:00');
INSERT INTO bookings (id, vehicle_id, renter_id, owner_id, status, start_date, end_date, total_days, base_price, price_per_day, service_fee, taxes, total, deposit, created_at, updated_at) VALUES ('abbe2021-84e9-473a-b2a4-30e29ceeaa26', 'V1A2B3C4-D5E6-7890-VHCL-111111111111', 'C3D4E5F6-G7H8-9012-CDEF-345678901234', 'E5F6G7H8-I9J0-1234-EFGH-567890123456', 'COMPLETED', '2024-05-22', '2024-05-24', 2, 1600000, 800000, 160000.0, 128000.0, 1888000.0, 3000000, '2024-05-17 00:00:00', '2024-05-17 00:00:00');
INSERT INTO payments (id, booking_id, user_id, amount, currency, status, method, transaction_id, created_at, processed_at) VALUES ('d6c72b42-4671-46a1-83b7-1463ed791546', 'abbe2021-84e9-473a-b2a4-30e29ceeaa26', 'C3D4E5F6-G7H8-9012-CDEF-345678901234', 1888000.0, 'VND', 'SUCCEEDED', 'VNPAY', '7810ee91-5402-49de-bbec-a357129df04c', '2024-05-17 00:00:00', '2024-05-17 00:00:00');
INSERT INTO reviews (id, vehicle_id, booking_id, reviewer_id, owner_id, rating, cleanliness, accuracy, communication, value_rating, comment, created_at, updated_at) VALUES ('67ce31c7-9d1a-49ac-a616-a47f839780a6', 'V1A2B3C4-D5E6-7890-VHCL-111111111111', 'abbe2021-84e9-473a-b2a4-30e29ceeaa26', 'C3D4E5F6-G7H8-9012-CDEF-345678901234', 'E5F6G7H8-I9J0-1234-EFGH-567890123456', 3, 3, 3, 3, 3, N'Trải nghiệm tuyệt vời!', '2024-05-24 00:00:00', '2024-05-24 00:00:00');
INSERT INTO bookings (id, vehicle_id, renter_id, owner_id, status, start_date, end_date, total_days, base_price, price_per_day, service_fee, taxes, total, deposit, created_at, updated_at) VALUES ('127b32dc-5890-4d86-a3aa-65626ae8862d', 'V1A2B3C4-D5E6-7890-VHCL-111111111111', 'C3D4E5F6-G7H8-9012-CDEF-345678901234', 'E5F6G7H8-I9J0-1234-EFGH-567890123456', 'COMPLETED', '2023-09-10', '2023-09-11', 1, 800000, 800000, 80000.0, 64000.0, 944000.0, 3000000, '2023-09-08 00:00:00', '2023-09-08 00:00:00');
INSERT INTO payments (id, booking_id, user_id, amount, currency, status, method, transaction_id, created_at, processed_at) VALUES ('d7bed221-8747-405c-b356-f73aab61d3cb', '127b32dc-5890-4d86-a3aa-65626ae8862d', 'C3D4E5F6-G7H8-9012-CDEF-345678901234', 944000.0, 'VND', 'SUCCEEDED', 'VNPAY', 'ebd4a2f4-f99f-4ba1-9997-d7c2a1fdb943', '2023-09-08 00:00:00', '2023-09-08 00:00:00');
INSERT INTO reviews (id, vehicle_id, booking_id, reviewer_id, owner_id, rating, cleanliness, accuracy, communication, value_rating, comment, created_at, updated_at) VALUES ('400b6675-fb1c-4208-ace0-819e15d3626b', 'V1A2B3C4-D5E6-7890-VHCL-111111111111', '127b32dc-5890-4d86-a3aa-65626ae8862d', 'C3D4E5F6-G7H8-9012-CDEF-345678901234', 'E5F6G7H8-I9J0-1234-EFGH-567890123456', 5, 5, 5, 5, 5, N'Trải nghiệm tuyệt vời!', '2023-09-11 00:00:00', '2023-09-11 00:00:00');
INSERT INTO bookings (id, vehicle_id, renter_id, owner_id, status, start_date, end_date, total_days, base_price, price_per_day, service_fee, taxes, total, deposit, created_at, updated_at) VALUES ('1e859214-089d-42f7-80b2-6eb2375a85c7', 'V1A2B3C4-D5E6-7890-VHCL-111111111111', 'C3D4E5F6-G7H8-9012-CDEF-345678901234', 'E5F6G7H8-I9J0-1234-EFGH-567890123456', 'COMPLETED', '2023-04-24', '2023-04-30', 6, 4800000, 800000, 480000.0, 384000.0, 5664000.0, 3000000, '2023-04-13 00:00:00', '2023-04-13 00:00:00');
INSERT INTO payments (id, booking_id, user_id, amount, currency, status, method, transaction_id, created_at, processed_at) VALUES ('e7de6009-a008-4f82-b477-ea4a4c994db2', '1e859214-089d-42f7-80b2-6eb2375a85c7', 'C3D4E5F6-G7H8-9012-CDEF-345678901234', 5664000.0, 'VND', 'SUCCEEDED', 'VNPAY', '723fdaa4-3f54-4807-a320-5d4b0fe412a0', '2023-04-13 00:00:00', '2023-04-13 00:00:00');
INSERT INTO reviews (id, vehicle_id, booking_id, reviewer_id, owner_id, rating, cleanliness, accuracy, communication, value_rating, comment, created_at, updated_at) VALUES ('0e464a3f-757b-4cc7-a70c-ca81890bb158', 'V1A2B3C4-D5E6-7890-VHCL-111111111111', '1e859214-089d-42f7-80b2-6eb2375a85c7', 'C3D4E5F6-G7H8-9012-CDEF-345678901234', 'E5F6G7H8-I9J0-1234-EFGH-567890123456', 4, 4, 4, 4, 4, N'Trải nghiệm tuyệt vời!', '2023-04-30 00:00:00', '2023-04-30 00:00:00');
INSERT INTO bookings (id, vehicle_id, renter_id, owner_id, status, start_date, end_date, total_days, base_price, price_per_day, service_fee, taxes, total, deposit, created_at, updated_at) VALUES ('dba5b49d-7b1e-441a-aff2-fb6dd0675665', 'V1A2B3C4-D5E6-7890-VHCL-111111111111', 'C3D4E5F6-G7H8-9012-CDEF-345678901234', 'E5F6G7H8-I9J0-1234-EFGH-567890123456', 'COMPLETED', '2024-01-15', '2024-01-16', 1, 800000, 800000, 80000.0, 64000.0, 944000.0, 3000000, '2024-01-05 00:00:00', '2024-01-05 00:00:00');
INSERT INTO payments (id, booking_id, user_id, amount, currency, status, method, transaction_id, created_at, processed_at) VALUES ('ffa7b52e-336c-4255-bc0f-4cb56db45d36', 'dba5b49d-7b1e-441a-aff2-fb6dd0675665', 'C3D4E5F6-G7H8-9012-CDEF-345678901234', 944000.0, 'VND', 'SUCCEEDED', 'VNPAY', '5cb01e8d-6615-4f74-9433-3752f8c2ed4e', '2024-01-05 00:00:00', '2024-01-05 00:00:00');
INSERT INTO reviews (id, vehicle_id, booking_id, reviewer_id, owner_id, rating, cleanliness, accuracy, communication, value_rating, comment, created_at, updated_at) VALUES ('df0f5f89-0758-4b3f-8138-bb4040fdaf0c', 'V1A2B3C4-D5E6-7890-VHCL-111111111111', 'dba5b49d-7b1e-441a-aff2-fb6dd0675665', 'C3D4E5F6-G7H8-9012-CDEF-345678901234', 'E5F6G7H8-I9J0-1234-EFGH-567890123456', 4, 4, 4, 4, 4, N'Trải nghiệm tuyệt vời!', '2024-01-16 00:00:00', '2024-01-16 00:00:00');
INSERT INTO bookings (id, vehicle_id, renter_id, owner_id, status, start_date, end_date, total_days, base_price, price_per_day, service_fee, taxes, total, deposit, created_at, updated_at) VALUES ('096e755f-7cb0-4295-9ab1-16808b0d8939', 'V1A2B3C4-D5E6-7890-VHCL-111111111111', 'B2C3D4E5-F6G7-8901-BCDE-234567890123', 'E5F6G7H8-I9J0-1234-EFGH-567890123456', 'COMPLETED', '2024-03-28', '2024-04-02', 5, 4000000, 800000, 400000.0, 320000.0, 4720000.0, 3000000, '2024-03-14 00:00:00', '2024-03-14 00:00:00');
INSERT INTO payments (id, booking_id, user_id, amount, currency, status, method, transaction_id, created_at, processed_at) VALUES ('94b86d26-d425-4ac2-998f-c50de755008f', '096e755f-7cb0-4295-9ab1-16808b0d8939', 'B2C3D4E5-F6G7-8901-BCDE-234567890123', 4720000.0, 'VND', 'SUCCEEDED', 'VNPAY', '55aa0dfe-8312-497d-bd94-03d7e6133be4', '2024-03-14 00:00:00', '2024-03-14 00:00:00');
INSERT INTO reviews (id, vehicle_id, booking_id, reviewer_id, owner_id, rating, cleanliness, accuracy, communication, value_rating, comment, created_at, updated_at) VALUES ('0c25a278-f0a9-4848-bd6d-30f394a27d8b', 'V1A2B3C4-D5E6-7890-VHCL-111111111111', '096e755f-7cb0-4295-9ab1-16808b0d8939', 'B2C3D4E5-F6G7-8901-BCDE-234567890123', 'E5F6G7H8-I9J0-1234-EFGH-567890123456', 4, 4, 4, 4, 4, N'Trải nghiệm tuyệt vời!', '2024-04-02 00:00:00', '2024-04-02 00:00:00');
INSERT INTO bookings (id, vehicle_id, renter_id, owner_id, status, start_date, end_date, total_days, base_price, price_per_day, service_fee, taxes, total, deposit, created_at, updated_at) VALUES ('3436cff2-fa88-4ced-99ab-f798ca800cd7', 'V1A2B3C4-D5E6-7890-VHCL-111111111111', 'B2C3D4E5-F6G7-8901-BCDE-234567890123', 'E5F6G7H8-I9J0-1234-EFGH-567890123456', 'COMPLETED', '2023-01-30', '2023-02-02', 3, 2400000, 800000, 240000.0, 192000.0, 2832000.0, 3000000, '2023-01-22 00:00:00', '2023-01-22 00:00:00');
INSERT INTO payments (id, booking_id, user_id, amount, currency, status, method, transaction_id, created_at, processed_at) VALUES ('d167d3f6-f29d-4ec7-a8e9-e6501891cdb6', '3436cff2-fa88-4ced-99ab-f798ca800cd7', 'B2C3D4E5-F6G7-8901-BCDE-234567890123', 2832000.0, 'VND', 'SUCCEEDED', 'VNPAY', '9d445207-5da5-44f5-ac13-c63ae04d6c8a', '2023-01-22 00:00:00', '2023-01-22 00:00:00');
INSERT INTO reviews (id, vehicle_id, booking_id, reviewer_id, owner_id, rating, cleanliness, accuracy, communication, value_rating, comment, created_at, updated_at) VALUES ('02d247a5-b0a3-4fc8-9c9b-c5fb178d1e4a', 'V1A2B3C4-D5E6-7890-VHCL-111111111111', '3436cff2-fa88-4ced-99ab-f798ca800cd7', 'B2C3D4E5-F6G7-8901-BCDE-234567890123', 'E5F6G7H8-I9J0-1234-EFGH-567890123456', 3, 3, 3, 3, 3, N'Trải nghiệm tuyệt vời!', '2023-02-02 00:00:00', '2023-02-02 00:00:00');
INSERT INTO bookings (id, vehicle_id, renter_id, owner_id, status, start_date, end_date, total_days, base_price, price_per_day, service_fee, taxes, total, deposit, created_at, updated_at) VALUES ('2afca50c-2e1f-44f4-a023-5e663f3071e9', 'V1A2B3C4-D5E6-7890-VHCL-111111111111', 'D4E5F6G7-H8I9-0123-DEFG-456789012345', 'E5F6G7H8-I9J0-1234-EFGH-567890123456', 'COMPLETED', '2023-02-06', '2023-02-07', 1, 800000, 800000, 80000.0, 64000.0, 944000.0, 3000000, '2023-02-05 00:00:00', '2023-02-05 00:00:00');
INSERT INTO payments (id, booking_id, user_id, amount, currency, status, method, transaction_id, created_at, processed_at) VALUES ('f87e64f7-531f-47a8-816f-ebb316140f59', '2afca50c-2e1f-44f4-a023-5e663f3071e9', 'D4E5F6G7-H8I9-0123-DEFG-456789012345', 944000.0, 'VND', 'SUCCEEDED', 'VNPAY', '420c413a-4945-447c-a6d7-362401bcf752', '2023-02-05 00:00:00', '2023-02-05 00:00:00');
INSERT INTO reviews (id, vehicle_id, booking_id, reviewer_id, owner_id, rating, cleanliness, accuracy, communication, value_rating, comment, created_at, updated_at) VALUES ('16594650-4eb5-4ee9-b514-0ba890e41222', 'V1A2B3C4-D5E6-7890-VHCL-111111111111', '2afca50c-2e1f-44f4-a023-5e663f3071e9', 'D4E5F6G7-H8I9-0123-DEFG-456789012345', 'E5F6G7H8-I9J0-1234-EFGH-567890123456', 3, 3, 3, 3, 3, N'Trải nghiệm tuyệt vời!', '2023-02-07 00:00:00', '2023-02-07 00:00:00');
INSERT INTO bookings (id, vehicle_id, renter_id, owner_id, status, start_date, end_date, total_days, base_price, price_per_day, service_fee, taxes, total, deposit, created_at, updated_at) VALUES ('f689acf7-d5ba-48ca-9f6a-deb618623831', 'V1A2B3C4-D5E6-7890-VHCL-111111111111', 'D4E5F6G7-H8I9-0123-DEFG-456789012345', 'E5F6G7H8-I9J0-1234-EFGH-567890123456', 'COMPLETED', '2023-01-02', '2023-01-04', 2, 1600000, 800000, 160000.0, 128000.0, 1888000.0, 3000000, '2022-12-29 00:00:00', '2022-12-29 00:00:00');
INSERT INTO payments (id, booking_id, user_id, amount, currency, status, method, transaction_id, created_at, processed_at) VALUES ('98cc9621-0b7d-4ccf-9f5a-c5e7e3f8d66a', 'f689acf7-d5ba-48ca-9f6a-deb618623831', 'D4E5F6G7-H8I9-0123-DEFG-456789012345', 1888000.0, 'VND', 'SUCCEEDED', 'VNPAY', 'd8fea5ee-8a60-458a-b547-6a0295649ee9', '2022-12-29 00:00:00', '2022-12-29 00:00:00');
INSERT INTO reviews (id, vehicle_id, booking_id, reviewer_id, owner_id, rating, cleanliness, accuracy, communication, value_rating, comment, created_at, updated_at) VALUES ('5ecc8628-e221-45fc-9c08-ead35deae5d2', 'V1A2B3C4-D5E6-7890-VHCL-111111111111', 'f689acf7-d5ba-48ca-9f6a-deb618623831', 'D4E5F6G7-H8I9-0123-DEFG-456789012345', 'E5F6G7H8-I9J0-1234-EFGH-567890123456', 5, 5, 5, 5, 5, N'Trải nghiệm tuyệt vời!', '2023-01-04 00:00:00', '2023-01-04 00:00:00');
INSERT INTO bookings (id, vehicle_id, renter_id, owner_id, status, start_date, end_date, total_days, base_price, price_per_day, service_fee, taxes, total, deposit, created_at, updated_at) VALUES ('9e5507d4-a0f5-4613-bd07-3f3e3075d1bc', 'V1A2B3C4-D5E6-7890-VHCL-111111111111', 'C3D4E5F6-G7H8-9012-CDEF-345678901234', 'E5F6G7H8-I9J0-1234-EFGH-567890123456', 'COMPLETED', '2023-04-04', '2023-04-09', 5, 4000000, 800000, 400000.0, 320000.0, 4720000.0, 3000000, '2023-03-21 00:00:00', '2023-03-21 00:00:00');
INSERT INTO payments (id, booking_id, user_id, amount, currency, status, method, transaction_id, created_at, processed_at) VALUES ('d3243421-11cc-4901-b563-ac2d14bb564b', '9e5507d4-a0f5-4613-bd07-3f3e3075d1bc', 'C3D4E5F6-G7H8-9012-CDEF-345678901234', 4720000.0, 'VND', 'SUCCEEDED', 'VNPAY', 'e054aa10-abcb-4fff-ae38-0c218f01000f', '2023-03-21 00:00:00', '2023-03-21 00:00:00');
INSERT INTO reviews (id, vehicle_id, booking_id, reviewer_id, owner_id, rating, cleanliness, accuracy, communication, value_rating, comment, created_at, updated_at) VALUES ('9e80eccc-5609-4716-940c-efc0d766e739', 'V1A2B3C4-D5E6-7890-VHCL-111111111111', '9e5507d4-a0f5-4613-bd07-3f3e3075d1bc', 'C3D4E5F6-G7H8-9012-CDEF-345678901234', 'E5F6G7H8-I9J0-1234-EFGH-567890123456', 4, 4, 4, 4, 4, N'Trải nghiệm tuyệt vời!', '2023-04-09 00:00:00', '2023-04-09 00:00:00');
INSERT INTO bookings (id, vehicle_id, renter_id, owner_id, status, start_date, end_date, total_days, base_price, price_per_day, service_fee, taxes, total, deposit, created_at, updated_at) VALUES ('8f212656-a5ce-49fa-a7a9-a2a0e9d4f970', 'V1A2B3C4-D5E6-7890-VHCL-111111111111', 'B2C3D4E5-F6G7-8901-BCDE-234567890123', 'E5F6G7H8-I9J0-1234-EFGH-567890123456', 'COMPLETED', '2024-05-01', '2024-05-09', 8, 6400000, 800000, 640000.0, 512000.0, 7552000.0, 3000000, '2024-04-29 00:00:00', '2024-04-29 00:00:00');
INSERT INTO payments (id, booking_id, user_id, amount, currency, status, method, transaction_id, created_at, processed_at) VALUES ('57c68346-71fa-43f2-9aa6-b5f55edd32cb', '8f212656-a5ce-49fa-a7a9-a2a0e9d4f970', 'B2C3D4E5-F6G7-8901-BCDE-234567890123', 7552000.0, 'VND', 'SUCCEEDED', 'VNPAY', '82fa3104-6c88-40ab-bd5b-6388ce69e391', '2024-04-29 00:00:00', '2024-04-29 00:00:00');
INSERT INTO reviews (id, vehicle_id, booking_id, reviewer_id, owner_id, rating, cleanliness, accuracy, communication, value_rating, comment, created_at, updated_at) VALUES ('6afb23f3-9e51-4b80-b885-ca55c029a9c1', 'V1A2B3C4-D5E6-7890-VHCL-111111111111', '8f212656-a5ce-49fa-a7a9-a2a0e9d4f970', 'B2C3D4E5-F6G7-8901-BCDE-234567890123', 'E5F6G7H8-I9J0-1234-EFGH-567890123456', 5, 5, 5, 5, 5, N'Trải nghiệm tuyệt vời!', '2024-05-09 00:00:00', '2024-05-09 00:00:00');
INSERT INTO bookings (id, vehicle_id, renter_id, owner_id, status, start_date, end_date, total_days, base_price, price_per_day, service_fee, taxes, total, deposit, created_at, updated_at) VALUES ('21aa007b-7e60-44ff-a1e6-4a59f4bbac20', 'V1A2B3C4-D5E6-7890-VHCL-111111111111', 'D4E5F6G7-H8I9-0123-DEFG-456789012345', 'E5F6G7H8-I9J0-1234-EFGH-567890123456', 'COMPLETED', '2023-03-09', '2023-03-13', 4, 3200000, 800000, 320000.0, 256000.0, 3776000.0, 3000000, '2023-03-01 00:00:00', '2023-03-01 00:00:00');
INSERT INTO payments (id, booking_id, user_id, amount, currency, status, method, transaction_id, created_at, processed_at) VALUES ('e5ec9d64-9c58-4956-901e-9a18dfccc935', '21aa007b-7e60-44ff-a1e6-4a59f4bbac20', 'D4E5F6G7-H8I9-0123-DEFG-456789012345', 3776000.0, 'VND', 'SUCCEEDED', 'VNPAY', '25db30b9-f1d0-4864-b412-c27e7f3084b0', '2023-03-01 00:00:00', '2023-03-01 00:00:00');
INSERT INTO reviews (id, vehicle_id, booking_id, reviewer_id, owner_id, rating, cleanliness, accuracy, communication, value_rating, comment, created_at, updated_at) VALUES ('1e96e0dc-6909-40eb-bf41-2d2c4222a248', 'V1A2B3C4-D5E6-7890-VHCL-111111111111', '21aa007b-7e60-44ff-a1e6-4a59f4bbac20', 'D4E5F6G7-H8I9-0123-DEFG-456789012345', 'E5F6G7H8-I9J0-1234-EFGH-567890123456', 3, 3, 3, 3, 3, N'Trải nghiệm tuyệt vời!', '2023-03-13 00:00:00', '2023-03-13 00:00:00');
INSERT INTO bookings (id, vehicle_id, renter_id, owner_id, status, start_date, end_date, total_days, base_price, price_per_day, service_fee, taxes, total, deposit, created_at, updated_at) VALUES ('9be3aee7-d258-4d6e-aaea-3ffc9bc633ca', 'V1A2B3C4-D5E6-7890-VHCL-111111111111', 'B2C3D4E5-F6G7-8901-BCDE-234567890123', 'E5F6G7H8-I9J0-1234-EFGH-567890123456', 'COMPLETED', '2023-01-03', '2023-01-13', 10, 8000000, 800000, 800000.0, 640000.0, 9440000.0, 3000000, '2022-12-29 00:00:00', '2022-12-29 00:00:00');
INSERT INTO payments (id, booking_id, user_id, amount, currency, status, method, transaction_id, created_at, processed_at) VALUES ('8b0bdb6d-b5ad-465f-89c1-003ebb4090f1', '9be3aee7-d258-4d6e-aaea-3ffc9bc633ca', 'B2C3D4E5-F6G7-8901-BCDE-234567890123', 9440000.0, 'VND', 'SUCCEEDED', 'VNPAY', '6ad06630-06cc-4a9f-87c0-f63e6ac841e7', '2022-12-29 00:00:00', '2022-12-29 00:00:00');
INSERT INTO reviews (id, vehicle_id, booking_id, reviewer_id, owner_id, rating, cleanliness, accuracy, communication, value_rating, comment, created_at, updated_at) VALUES ('d46d0e3f-1252-439c-9282-dc1fc6e35572', 'V1A2B3C4-D5E6-7890-VHCL-111111111111', '9be3aee7-d258-4d6e-aaea-3ffc9bc633ca', 'B2C3D4E5-F6G7-8901-BCDE-234567890123', 'E5F6G7H8-I9J0-1234-EFGH-567890123456', 5, 5, 5, 5, 5, N'Trải nghiệm tuyệt vời!', '2023-01-13 00:00:00', '2023-01-13 00:00:00');
INSERT INTO bookings (id, vehicle_id, renter_id, owner_id, status, start_date, end_date, total_days, base_price, price_per_day, service_fee, taxes, total, deposit, created_at, updated_at) VALUES ('0b83063c-9939-4b35-a3dc-95cfce82520d', 'V1A2B3C4-D5E6-7890-VHCL-111111111111', 'C3D4E5F6-G7H8-9012-CDEF-345678901234', 'E5F6G7H8-I9J0-1234-EFGH-567890123456', 'COMPLETED', '2024-05-09', '2024-05-19', 10, 8000000, 800000, 800000.0, 640000.0, 9440000.0, 3000000, '2024-04-30 00:00:00', '2024-04-30 00:00:00');
INSERT INTO payments (id, booking_id, user_id, amount, currency, status, method, transaction_id, created_at, processed_at) VALUES ('1e588ab6-5c8c-4ca3-902f-3ca451358367', '0b83063c-9939-4b35-a3dc-95cfce82520d', 'C3D4E5F6-G7H8-9012-CDEF-345678901234', 9440000.0, 'VND', 'SUCCEEDED', 'VNPAY', '0e06f43e-cf23-4730-baf0-98c04b38ca2d', '2024-04-30 00:00:00', '2024-04-30 00:00:00');
INSERT INTO reviews (id, vehicle_id, booking_id, reviewer_id, owner_id, rating, cleanliness, accuracy, communication, value_rating, comment, created_at, updated_at) VALUES ('5e22fb87-a3f6-4bb8-8b76-15e4caf506e9', 'V1A2B3C4-D5E6-7890-VHCL-111111111111', '0b83063c-9939-4b35-a3dc-95cfce82520d', 'C3D4E5F6-G7H8-9012-CDEF-345678901234', 'E5F6G7H8-I9J0-1234-EFGH-567890123456', 3, 3, 3, 3, 3, N'Trải nghiệm tuyệt vời!', '2024-05-19 00:00:00', '2024-05-19 00:00:00');
INSERT INTO bookings (id, vehicle_id, renter_id, owner_id, status, start_date, end_date, total_days, base_price, price_per_day, service_fee, taxes, total, deposit, created_at, updated_at) VALUES ('55d7d45c-0578-41f2-975b-4144eab246a5', 'V1A2B3C4-D5E6-7890-VHCL-111111111111', 'D4E5F6G7-H8I9-0123-DEFG-456789012345', 'E5F6G7H8-I9J0-1234-EFGH-567890123456', 'COMPLETED', '2024-01-05', '2024-01-11', 6, 4800000, 800000, 480000.0, 384000.0, 5664000.0, 3000000, '2023-12-25 00:00:00', '2023-12-25 00:00:00');
INSERT INTO payments (id, booking_id, user_id, amount, currency, status, method, transaction_id, created_at, processed_at) VALUES ('e6859634-c0a9-4f21-a77f-2c77a897bd17', '55d7d45c-0578-41f2-975b-4144eab246a5', 'D4E5F6G7-H8I9-0123-DEFG-456789012345', 5664000.0, 'VND', 'SUCCEEDED', 'VNPAY', 'b08cbf6c-9edd-4896-b8cc-d1d77d1bb62b', '2023-12-25 00:00:00', '2023-12-25 00:00:00');
INSERT INTO reviews (id, vehicle_id, booking_id, reviewer_id, owner_id, rating, cleanliness, accuracy, communication, value_rating, comment, created_at, updated_at) VALUES ('0de08245-1877-4a01-8dc1-375654864948', 'V1A2B3C4-D5E6-7890-VHCL-111111111111', '55d7d45c-0578-41f2-975b-4144eab246a5', 'D4E5F6G7-H8I9-0123-DEFG-456789012345', 'E5F6G7H8-I9J0-1234-EFGH-567890123456', 4, 4, 4, 4, 4, N'Trải nghiệm tuyệt vời!', '2024-01-11 00:00:00', '2024-01-11 00:00:00');
INSERT INTO bookings (id, vehicle_id, renter_id, owner_id, status, start_date, end_date, total_days, base_price, price_per_day, service_fee, taxes, total, deposit, created_at, updated_at) VALUES ('a69f13b3-93c1-439d-9d6a-5a40923405c4', 'V1A2B3C4-D5E6-7890-VHCL-111111111111', 'D4E5F6G7-H8I9-0123-DEFG-456789012345', 'E5F6G7H8-I9J0-1234-EFGH-567890123456', 'CANCELLED', '2023-07-18', '2023-07-25', 7, 5600000, 800000, 560000.0, 448000.0, 6608000.0, 3000000, '2023-07-09 00:00:00', '2023-07-09 00:00:00');
INSERT INTO payments (id, booking_id, user_id, amount, currency, status, method, transaction_id, created_at, processed_at) VALUES ('09b302a0-9449-451e-80c2-8de92fa83434', 'a69f13b3-93c1-439d-9d6a-5a40923405c4', 'D4E5F6G7-H8I9-0123-DEFG-456789012345', 6608000.0, 'VND', 'REFUNDED', 'VNPAY', '6d83353d-2d8a-4f07-b021-9c2cb2e6d0f7', '2023-07-09 00:00:00', '2023-07-09 00:00:00');
INSERT INTO bookings (id, vehicle_id, renter_id, owner_id, status, start_date, end_date, total_days, base_price, price_per_day, service_fee, taxes, total, deposit, created_at, updated_at) VALUES ('c4d25228-95db-49be-8d7f-33284d64483b', 'V1A2B3C4-D5E6-7890-VHCL-111111111111', 'D4E5F6G7-H8I9-0123-DEFG-456789012345', 'E5F6G7H8-I9J0-1234-EFGH-567890123456', 'COMPLETED', '2023-10-21', '2023-10-29', 8, 6400000, 800000, 640000.0, 512000.0, 7552000.0, 3000000, '2023-10-17 00:00:00', '2023-10-17 00:00:00');
INSERT INTO payments (id, booking_id, user_id, amount, currency, status, method, transaction_id, created_at, processed_at) VALUES ('6fab1e6e-4f18-423c-9022-cbc8e4e68147', 'c4d25228-95db-49be-8d7f-33284d64483b', 'D4E5F6G7-H8I9-0123-DEFG-456789012345', 7552000.0, 'VND', 'SUCCEEDED', 'VNPAY', 'b50c4235-be97-497e-896b-d9718818d1c4', '2023-10-17 00:00:00', '2023-10-17 00:00:00');
INSERT INTO reviews (id, vehicle_id, booking_id, reviewer_id, owner_id, rating, cleanliness, accuracy, communication, value_rating, comment, created_at, updated_at) VALUES ('3ccc5480-54c2-4d52-b8d4-698665e56b72', 'V1A2B3C4-D5E6-7890-VHCL-111111111111', 'c4d25228-95db-49be-8d7f-33284d64483b', 'D4E5F6G7-H8I9-0123-DEFG-456789012345', 'E5F6G7H8-I9J0-1234-EFGH-567890123456', 5, 5, 5, 5, 5, N'Trải nghiệm tuyệt vời!', '2023-10-29 00:00:00', '2023-10-29 00:00:00');
INSERT INTO bookings (id, vehicle_id, renter_id, owner_id, status, start_date, end_date, total_days, base_price, price_per_day, service_fee, taxes, total, deposit, created_at, updated_at) VALUES ('eb7d77a0-7381-4b97-9991-0efe36f7114a', 'V1A2B3C4-D5E6-7890-VHCL-111111111111', 'B2C3D4E5-F6G7-8901-BCDE-234567890123', 'E5F6G7H8-I9J0-1234-EFGH-567890123456', 'COMPLETED', '2023-12-23', '2023-12-27', 4, 3200000, 800000, 320000.0, 256000.0, 3776000.0, 3000000, '2023-12-11 00:00:00', '2023-12-11 00:00:00');
INSERT INTO payments (id, booking_id, user_id, amount, currency, status, method, transaction_id, created_at, processed_at) VALUES ('9c4ed8a4-5059-436c-a026-b9ebf952256a', 'eb7d77a0-7381-4b97-9991-0efe36f7114a', 'B2C3D4E5-F6G7-8901-BCDE-234567890123', 3776000.0, 'VND', 'SUCCEEDED', 'VNPAY', '9a34db99-8fda-485c-a2f0-42b47acbd2cb', '2023-12-11 00:00:00', '2023-12-11 00:00:00');
INSERT INTO reviews (id, vehicle_id, booking_id, reviewer_id, owner_id, rating, cleanliness, accuracy, communication, value_rating, comment, created_at, updated_at) VALUES ('dc77b5b9-d4ec-4db4-8ea8-0ce97ea0c3a4', 'V1A2B3C4-D5E6-7890-VHCL-111111111111', 'eb7d77a0-7381-4b97-9991-0efe36f7114a', 'B2C3D4E5-F6G7-8901-BCDE-234567890123', 'E5F6G7H8-I9J0-1234-EFGH-567890123456', 4, 4, 4, 4, 4, N'Trải nghiệm tuyệt vời!', '2023-12-27 00:00:00', '2023-12-27 00:00:00');
INSERT INTO bookings (id, vehicle_id, renter_id, owner_id, status, start_date, end_date, total_days, base_price, price_per_day, service_fee, taxes, total, deposit, created_at, updated_at) VALUES ('15cb98af-3163-4995-b338-5ce1c0126025', 'V1A2B3C4-D5E6-7890-VHCL-111111111111', 'C3D4E5F6-G7H8-9012-CDEF-345678901234', 'E5F6G7H8-I9J0-1234-EFGH-567890123456', 'COMPLETED', '2023-11-08', '2023-11-09', 1, 800000, 800000, 80000.0, 64000.0, 944000.0, 3000000, '2023-10-27 00:00:00', '2023-10-27 00:00:00');
INSERT INTO payments (id, booking_id, user_id, amount, currency, status, method, transaction_id, created_at, processed_at) VALUES ('c21b10a9-5405-4d1d-b021-5816937841c2', '15cb98af-3163-4995-b338-5ce1c0126025', 'C3D4E5F6-G7H8-9012-CDEF-345678901234', 944000.0, 'VND', 'SUCCEEDED', 'VNPAY', 'e01fcf24-e214-41ab-a174-d284d9e13948', '2023-10-27 00:00:00', '2023-10-27 00:00:00');
INSERT INTO reviews (id, vehicle_id, booking_id, reviewer_id, owner_id, rating, cleanliness, accuracy, communication, value_rating, comment, created_at, updated_at) VALUES ('fb55a877-871c-421f-ad90-37d52796f4eb', 'V1A2B3C4-D5E6-7890-VHCL-111111111111', '15cb98af-3163-4995-b338-5ce1c0126025', 'C3D4E5F6-G7H8-9012-CDEF-345678901234', 'E5F6G7H8-I9J0-1234-EFGH-567890123456', 4, 4, 4, 4, 4, N'Trải nghiệm tuyệt vời!', '2023-11-09 00:00:00', '2023-11-09 00:00:00');
INSERT INTO bookings (id, vehicle_id, renter_id, owner_id, status, start_date, end_date, total_days, base_price, price_per_day, service_fee, taxes, total, deposit, created_at, updated_at) VALUES ('dd739ac3-0935-4fa7-9f2d-3b048bf2979e', 'V1A2B3C4-D5E6-7890-VHCL-111111111111', 'B2C3D4E5-F6G7-8901-BCDE-234567890123', 'E5F6G7H8-I9J0-1234-EFGH-567890123456', 'CANCELLED', '2023-01-16', '2023-01-23', 7, 5600000, 800000, 560000.0, 448000.0, 6608000.0, 3000000, '2023-01-07 00:00:00', '2023-01-07 00:00:00');
INSERT INTO payments (id, booking_id, user_id, amount, currency, status, method, transaction_id, created_at, processed_at) VALUES ('9ccf4184-3490-4386-a853-a3d469b6cd83', 'dd739ac3-0935-4fa7-9f2d-3b048bf2979e', 'B2C3D4E5-F6G7-8901-BCDE-234567890123', 6608000.0, 'VND', 'REFUNDED', 'VNPAY', 'd41c06ce-6a1f-406c-bffe-8ba19485f2e6', '2023-01-07 00:00:00', '2023-01-07 00:00:00');
INSERT INTO bookings (id, vehicle_id, renter_id, owner_id, status, start_date, end_date, total_days, base_price, price_per_day, service_fee, taxes, total, deposit, created_at, updated_at) VALUES ('95842e5c-b65a-48f8-9800-34422163bfa0', 'V1A2B3C4-D5E6-7890-VHCL-111111111111', 'B2C3D4E5-F6G7-8901-BCDE-234567890123', 'E5F6G7H8-I9J0-1234-EFGH-567890123456', 'COMPLETED', '2023-07-15', '2023-07-23', 8, 6400000, 800000, 640000.0, 512000.0, 7552000.0, 3000000, '2023-07-08 00:00:00', '2023-07-08 00:00:00');
INSERT INTO payments (id, booking_id, user_id, amount, currency, status, method, transaction_id, created_at, processed_at) VALUES ('33249b16-278f-4430-9b2d-a3a64399a2c7', '95842e5c-b65a-48f8-9800-34422163bfa0', 'B2C3D4E5-F6G7-8901-BCDE-234567890123', 7552000.0, 'VND', 'SUCCEEDED', 'VNPAY', '0e957a67-45d8-4be7-9ce5-5573bcf194e9', '2023-07-08 00:00:00', '2023-07-08 00:00:00');
INSERT INTO reviews (id, vehicle_id, booking_id, reviewer_id, owner_id, rating, cleanliness, accuracy, communication, value_rating, comment, created_at, updated_at) VALUES ('b4829675-42cb-443b-8d6a-ea87d20292ec', 'V1A2B3C4-D5E6-7890-VHCL-111111111111', '95842e5c-b65a-48f8-9800-34422163bfa0', 'B2C3D4E5-F6G7-8901-BCDE-234567890123', 'E5F6G7H8-I9J0-1234-EFGH-567890123456', 5, 5, 5, 5, 5, N'Trải nghiệm tuyệt vời!', '2023-07-23 00:00:00', '2023-07-23 00:00:00');
INSERT INTO bookings (id, vehicle_id, renter_id, owner_id, status, start_date, end_date, total_days, base_price, price_per_day, service_fee, taxes, total, deposit, created_at, updated_at) VALUES ('c3789da4-7abb-4106-9711-ae2a9014c137', 'V1A2B3C4-D5E6-7890-VHCL-111111111111', 'C3D4E5F6-G7H8-9012-CDEF-345678901234', 'E5F6G7H8-I9J0-1234-EFGH-567890123456', 'COMPLETED', '2024-04-09', '2024-04-13', 4, 3200000, 800000, 320000.0, 256000.0, 3776000.0, 3000000, '2024-04-03 00:00:00', '2024-04-03 00:00:00');
INSERT INTO payments (id, booking_id, user_id, amount, currency, status, method, transaction_id, created_at, processed_at) VALUES ('bbae37b4-c229-469a-aa73-dd008cbea178', 'c3789da4-7abb-4106-9711-ae2a9014c137', 'C3D4E5F6-G7H8-9012-CDEF-345678901234', 3776000.0, 'VND', 'SUCCEEDED', 'VNPAY', '6a4e7248-a0e7-49b3-acac-42c1b1a352d8', '2024-04-03 00:00:00', '2024-04-03 00:00:00');
INSERT INTO reviews (id, vehicle_id, booking_id, reviewer_id, owner_id, rating, cleanliness, accuracy, communication, value_rating, comment, created_at, updated_at) VALUES ('54838ecd-7456-418c-8cbf-59d4ea9ce23c', 'V1A2B3C4-D5E6-7890-VHCL-111111111111', 'c3789da4-7abb-4106-9711-ae2a9014c137', 'C3D4E5F6-G7H8-9012-CDEF-345678901234', 'E5F6G7H8-I9J0-1234-EFGH-567890123456', 3, 3, 3, 3, 3, N'Trải nghiệm tuyệt vời!', '2024-04-13 00:00:00', '2024-04-13 00:00:00');
INSERT INTO bookings (id, vehicle_id, renter_id, owner_id, status, start_date, end_date, total_days, base_price, price_per_day, service_fee, taxes, total, deposit, created_at, updated_at) VALUES ('1a400815-adee-4536-aaf7-a195e8f71109', 'V1A2B3C4-D5E6-7890-VHCL-111111111111', 'B2C3D4E5-F6G7-8901-BCDE-234567890123', 'E5F6G7H8-I9J0-1234-EFGH-567890123456', 'CANCELLED', '2023-03-20', '2023-03-26', 6, 4800000, 800000, 480000.0, 384000.0, 5664000.0, 3000000, '2023-03-19 00:00:00', '2023-03-19 00:00:00');
INSERT INTO payments (id, booking_id, user_id, amount, currency, status, method, transaction_id, created_at, processed_at) VALUES ('64cf64cc-ce00-425f-9f4f-95a545ccd763', '1a400815-adee-4536-aaf7-a195e8f71109', 'B2C3D4E5-F6G7-8901-BCDE-234567890123', 5664000.0, 'VND', 'REFUNDED', 'VNPAY', '2736394b-4636-486e-9a19-cda4a0c3843f', '2023-03-19 00:00:00', '2023-03-19 00:00:00');
INSERT INTO bookings (id, vehicle_id, renter_id, owner_id, status, start_date, end_date, total_days, base_price, price_per_day, service_fee, taxes, total, deposit, created_at, updated_at) VALUES ('b4278b00-ae73-432d-b164-928689d40baa', 'V1A2B3C4-D5E6-7890-VHCL-111111111111', 'B2C3D4E5-F6G7-8901-BCDE-234567890123', 'E5F6G7H8-I9J0-1234-EFGH-567890123456', 'COMPLETED', '2023-08-25', '2023-09-02', 8, 6400000, 800000, 640000.0, 512000.0, 7552000.0, 3000000, '2023-08-15 00:00:00', '2023-08-15 00:00:00');
INSERT INTO payments (id, booking_id, user_id, amount, currency, status, method, transaction_id, created_at, processed_at) VALUES ('98a1aaff-ee9e-4cc2-9961-74cea423b1d8', 'b4278b00-ae73-432d-b164-928689d40baa', 'B2C3D4E5-F6G7-8901-BCDE-234567890123', 7552000.0, 'VND', 'SUCCEEDED', 'VNPAY', '87238821-4205-4e30-9492-ed7eaa6df4f6', '2023-08-15 00:00:00', '2023-08-15 00:00:00');
INSERT INTO reviews (id, vehicle_id, booking_id, reviewer_id, owner_id, rating, cleanliness, accuracy, communication, value_rating, comment, created_at, updated_at) VALUES ('8c8046fd-0b1f-441f-ad08-9ac35feb8e77', 'V1A2B3C4-D5E6-7890-VHCL-111111111111', 'b4278b00-ae73-432d-b164-928689d40baa', 'B2C3D4E5-F6G7-8901-BCDE-234567890123', 'E5F6G7H8-I9J0-1234-EFGH-567890123456', 5, 5, 5, 5, 5, N'Trải nghiệm tuyệt vời!', '2023-09-02 00:00:00', '2023-09-02 00:00:00');
INSERT INTO bookings (id, vehicle_id, renter_id, owner_id, status, start_date, end_date, total_days, base_price, price_per_day, service_fee, taxes, total, deposit, created_at, updated_at) VALUES ('a51a44ab-b5c0-4cfe-886c-09fc21e605f8', 'V1A2B3C4-D5E6-7890-VHCL-111111111111', 'D4E5F6G7-H8I9-0123-DEFG-456789012345', 'E5F6G7H8-I9J0-1234-EFGH-567890123456', 'COMPLETED', '2024-02-16', '2024-02-21', 5, 4000000, 800000, 400000.0, 320000.0, 4720000.0, 3000000, '2024-02-12 00:00:00', '2024-02-12 00:00:00');
INSERT INTO payments (id, booking_id, user_id, amount, currency, status, method, transaction_id, created_at, processed_at) VALUES ('58c36d39-2785-436e-9a33-137775f47305', 'a51a44ab-b5c0-4cfe-886c-09fc21e605f8', 'D4E5F6G7-H8I9-0123-DEFG-456789012345', 4720000.0, 'VND', 'SUCCEEDED', 'VNPAY', '7a2f1a67-488e-4cd3-9b6f-3c5def19d88d', '2024-02-12 00:00:00', '2024-02-12 00:00:00');
INSERT INTO reviews (id, vehicle_id, booking_id, reviewer_id, owner_id, rating, cleanliness, accuracy, communication, value_rating, comment, created_at, updated_at) VALUES ('42cdb884-e8f0-47ae-949f-39dc1700afd1', 'V1A2B3C4-D5E6-7890-VHCL-111111111111', 'a51a44ab-b5c0-4cfe-886c-09fc21e605f8', 'D4E5F6G7-H8I9-0123-DEFG-456789012345', 'E5F6G7H8-I9J0-1234-EFGH-567890123456', 5, 5, 5, 5, 5, N'Trải nghiệm tuyệt vời!', '2024-02-21 00:00:00', '2024-02-21 00:00:00');
INSERT INTO bookings (id, vehicle_id, renter_id, owner_id, status, start_date, end_date, total_days, base_price, price_per_day, service_fee, taxes, total, deposit, created_at, updated_at) VALUES ('cfe5e295-392b-411c-9741-9c23720a60e8', 'V1A2B3C4-D5E6-7890-VHCL-111111111111', 'B2C3D4E5-F6G7-8901-BCDE-234567890123', 'E5F6G7H8-I9J0-1234-EFGH-567890123456', 'COMPLETED', '2024-03-29', '2024-04-05', 7, 5600000, 800000, 560000.0, 448000.0, 6608000.0, 3000000, '2024-03-23 00:00:00', '2024-03-23 00:00:00');
INSERT INTO payments (id, booking_id, user_id, amount, currency, status, method, transaction_id, created_at, processed_at) VALUES ('18af1e48-57d2-471c-9b18-f7b3561a4442', 'cfe5e295-392b-411c-9741-9c23720a60e8', 'B2C3D4E5-F6G7-8901-BCDE-234567890123', 6608000.0, 'VND', 'SUCCEEDED', 'VNPAY', '148e5902-89b2-46e3-acf0-1dd7ab53770c', '2024-03-23 00:00:00', '2024-03-23 00:00:00');
INSERT INTO reviews (id, vehicle_id, booking_id, reviewer_id, owner_id, rating, cleanliness, accuracy, communication, value_rating, comment, created_at, updated_at) VALUES ('8b144439-ff8b-49d2-b2c4-122805d2a1b1', 'V1A2B3C4-D5E6-7890-VHCL-111111111111', 'cfe5e295-392b-411c-9741-9c23720a60e8', 'B2C3D4E5-F6G7-8901-BCDE-234567890123', 'E5F6G7H8-I9J0-1234-EFGH-567890123456', 3, 3, 3, 3, 3, N'Trải nghiệm tuyệt vời!', '2024-04-05 00:00:00', '2024-04-05 00:00:00');
INSERT INTO bookings (id, vehicle_id, renter_id, owner_id, status, start_date, end_date, total_days, base_price, price_per_day, service_fee, taxes, total, deposit, created_at, updated_at) VALUES ('f7b95254-721b-4afc-8129-573c97b469e5', 'V1A2B3C4-D5E6-7890-VHCL-111111111111', 'B2C3D4E5-F6G7-8901-BCDE-234567890123', 'E5F6G7H8-I9J0-1234-EFGH-567890123456', 'COMPLETED', '2024-01-22', '2024-01-24', 2, 1600000, 800000, 160000.0, 128000.0, 1888000.0, 3000000, '2024-01-13 00:00:00', '2024-01-13 00:00:00');
INSERT INTO payments (id, booking_id, user_id, amount, currency, status, method, transaction_id, created_at, processed_at) VALUES ('0fd55d02-acd7-459f-a47b-1591f4e6abe6', 'f7b95254-721b-4afc-8129-573c97b469e5', 'B2C3D4E5-F6G7-8901-BCDE-234567890123', 1888000.0, 'VND', 'SUCCEEDED', 'VNPAY', '77d910b7-b003-4132-acf8-88b5c7f97ba5', '2024-01-13 00:00:00', '2024-01-13 00:00:00');
INSERT INTO reviews (id, vehicle_id, booking_id, reviewer_id, owner_id, rating, cleanliness, accuracy, communication, value_rating, comment, created_at, updated_at) VALUES ('a0b96a18-ee2a-47ec-ac90-48cd90d3090c', 'V1A2B3C4-D5E6-7890-VHCL-111111111111', 'f7b95254-721b-4afc-8129-573c97b469e5', 'B2C3D4E5-F6G7-8901-BCDE-234567890123', 'E5F6G7H8-I9J0-1234-EFGH-567890123456', 5, 5, 5, 5, 5, N'Trải nghiệm tuyệt vời!', '2024-01-24 00:00:00', '2024-01-24 00:00:00');
INSERT INTO bookings (id, vehicle_id, renter_id, owner_id, status, start_date, end_date, total_days, base_price, price_per_day, service_fee, taxes, total, deposit, created_at, updated_at) VALUES ('5086addf-a796-44c4-bd74-40db1a0fac0f', 'V1A2B3C4-D5E6-7890-VHCL-111111111111', 'C3D4E5F6-G7H8-9012-CDEF-345678901234', 'E5F6G7H8-I9J0-1234-EFGH-567890123456', 'COMPLETED', '2023-02-10', '2023-02-17', 7, 5600000, 800000, 560000.0, 448000.0, 6608000.0, 3000000, '2023-02-03 00:00:00', '2023-02-03 00:00:00');
INSERT INTO payments (id, booking_id, user_id, amount, currency, status, method, transaction_id, created_at, processed_at) VALUES ('aeb46be5-d170-4c33-a0d8-e60476d49c19', '5086addf-a796-44c4-bd74-40db1a0fac0f', 'C3D4E5F6-G7H8-9012-CDEF-345678901234', 6608000.0, 'VND', 'SUCCEEDED', 'VNPAY', '17176c7b-c05a-4a79-8c8e-0b748bd45d0b', '2023-02-03 00:00:00', '2023-02-03 00:00:00');
INSERT INTO reviews (id, vehicle_id, booking_id, reviewer_id, owner_id, rating, cleanliness, accuracy, communication, value_rating, comment, created_at, updated_at) VALUES ('eb736ca3-4170-4f0c-b4cf-f4357f178e7e', 'V1A2B3C4-D5E6-7890-VHCL-111111111111', '5086addf-a796-44c4-bd74-40db1a0fac0f', 'C3D4E5F6-G7H8-9012-CDEF-345678901234', 'E5F6G7H8-I9J0-1234-EFGH-567890123456', 3, 3, 3, 3, 3, N'Trải nghiệm tuyệt vời!', '2023-02-17 00:00:00', '2023-02-17 00:00:00');
INSERT INTO bookings (id, vehicle_id, renter_id, owner_id, status, start_date, end_date, total_days, base_price, price_per_day, service_fee, taxes, total, deposit, created_at, updated_at) VALUES ('79bb45cb-8afd-408b-80a5-9771a5c7ecb9', 'V1A2B3C4-D5E6-7890-VHCL-111111111111', 'D4E5F6G7-H8I9-0123-DEFG-456789012345', 'E5F6G7H8-I9J0-1234-EFGH-567890123456', 'COMPLETED', '2024-02-14', '2024-02-20', 6, 4800000, 800000, 480000.0, 384000.0, 5664000.0, 3000000, '2024-02-02 00:00:00', '2024-02-02 00:00:00');
INSERT INTO payments (id, booking_id, user_id, amount, currency, status, method, transaction_id, created_at, processed_at) VALUES ('51abcc07-49bb-4a9d-be39-312da8309b75', '79bb45cb-8afd-408b-80a5-9771a5c7ecb9', 'D4E5F6G7-H8I9-0123-DEFG-456789012345', 5664000.0, 'VND', 'SUCCEEDED', 'VNPAY', 'd88d9545-97f6-40d8-820c-d0bc01eda1a6', '2024-02-02 00:00:00', '2024-02-02 00:00:00');
INSERT INTO reviews (id, vehicle_id, booking_id, reviewer_id, owner_id, rating, cleanliness, accuracy, communication, value_rating, comment, created_at, updated_at) VALUES ('c65d7153-a376-4972-a2b0-5f4558dee865', 'V1A2B3C4-D5E6-7890-VHCL-111111111111', '79bb45cb-8afd-408b-80a5-9771a5c7ecb9', 'D4E5F6G7-H8I9-0123-DEFG-456789012345', 'E5F6G7H8-I9J0-1234-EFGH-567890123456', 4, 4, 4, 4, 4, N'Trải nghiệm tuyệt vời!', '2024-02-20 00:00:00', '2024-02-20 00:00:00');
INSERT INTO bookings (id, vehicle_id, renter_id, owner_id, status, start_date, end_date, total_days, base_price, price_per_day, service_fee, taxes, total, deposit, created_at, updated_at) VALUES ('1a8ab2c5-689f-4051-8e37-efab4d2995a9', 'V1A2B3C4-D5E6-7890-VHCL-111111111111', 'C3D4E5F6-G7H8-9012-CDEF-345678901234', 'E5F6G7H8-I9J0-1234-EFGH-567890123456', 'COMPLETED', '2023-10-24', '2023-11-03', 10, 8000000, 800000, 800000.0, 640000.0, 9440000.0, 3000000, '2023-10-23 00:00:00', '2023-10-23 00:00:00');
INSERT INTO payments (id, booking_id, user_id, amount, currency, status, method, transaction_id, created_at, processed_at) VALUES ('bdb7802c-c842-4d18-b47f-fbf429b34bf5', '1a8ab2c5-689f-4051-8e37-efab4d2995a9', 'C3D4E5F6-G7H8-9012-CDEF-345678901234', 9440000.0, 'VND', 'SUCCEEDED', 'VNPAY', 'ef2fd1fa-3bf4-433f-aa8a-82e265fea9d2', '2023-10-23 00:00:00', '2023-10-23 00:00:00');
INSERT INTO reviews (id, vehicle_id, booking_id, reviewer_id, owner_id, rating, cleanliness, accuracy, communication, value_rating, comment, created_at, updated_at) VALUES ('011e860a-8e4e-4a17-a73a-28d731766274', 'V1A2B3C4-D5E6-7890-VHCL-111111111111', '1a8ab2c5-689f-4051-8e37-efab4d2995a9', 'C3D4E5F6-G7H8-9012-CDEF-345678901234', 'E5F6G7H8-I9J0-1234-EFGH-567890123456', 5, 5, 5, 5, 5, N'Trải nghiệm tuyệt vời!', '2023-11-03 00:00:00', '2023-11-03 00:00:00');
INSERT INTO bookings (id, vehicle_id, renter_id, owner_id, status, start_date, end_date, total_days, base_price, price_per_day, service_fee, taxes, total, deposit, created_at, updated_at) VALUES ('fa5e20a5-eadc-4c9f-8804-9d0c614aa461', 'V1A2B3C4-D5E6-7890-VHCL-111111111111', 'B2C3D4E5-F6G7-8901-BCDE-234567890123', 'E5F6G7H8-I9J0-1234-EFGH-567890123456', 'COMPLETED', '2024-01-27', '2024-01-29', 2, 1600000, 800000, 160000.0, 128000.0, 1888000.0, 3000000, '2024-01-13 00:00:00', '2024-01-13 00:00:00');
INSERT INTO payments (id, booking_id, user_id, amount, currency, status, method, transaction_id, created_at, processed_at) VALUES ('6be71710-5ea3-41ae-ad13-03d22438e97a', 'fa5e20a5-eadc-4c9f-8804-9d0c614aa461', 'B2C3D4E5-F6G7-8901-BCDE-234567890123', 1888000.0, 'VND', 'SUCCEEDED', 'VNPAY', '4cfacf79-1a45-4aa6-9918-1afc4175c6d7', '2024-01-13 00:00:00', '2024-01-13 00:00:00');
INSERT INTO reviews (id, vehicle_id, booking_id, reviewer_id, owner_id, rating, cleanliness, accuracy, communication, value_rating, comment, created_at, updated_at) VALUES ('c80f648b-73e1-44ca-b17c-9340f3140318', 'V1A2B3C4-D5E6-7890-VHCL-111111111111', 'fa5e20a5-eadc-4c9f-8804-9d0c614aa461', 'B2C3D4E5-F6G7-8901-BCDE-234567890123', 'E5F6G7H8-I9J0-1234-EFGH-567890123456', 5, 5, 5, 5, 5, N'Trải nghiệm tuyệt vời!', '2024-01-29 00:00:00', '2024-01-29 00:00:00');
INSERT INTO bookings (id, vehicle_id, renter_id, owner_id, status, start_date, end_date, total_days, base_price, price_per_day, service_fee, taxes, total, deposit, created_at, updated_at) VALUES ('92453d30-b515-4ef6-ba85-796c8503e980', 'V1A2B3C4-D5E6-7890-VHCL-111111111111', 'C3D4E5F6-G7H8-9012-CDEF-345678901234', 'E5F6G7H8-I9J0-1234-EFGH-567890123456', 'CANCELLED', '2023-11-11', '2023-11-20', 9, 7200000, 800000, 720000.0, 576000.0, 8496000.0, 3000000, '2023-11-04 00:00:00', '2023-11-04 00:00:00');
INSERT INTO payments (id, booking_id, user_id, amount, currency, status, method, transaction_id, created_at, processed_at) VALUES ('3a5ab0e5-6ee1-44e7-aeb5-865ed8be3807', '92453d30-b515-4ef6-ba85-796c8503e980', 'C3D4E5F6-G7H8-9012-CDEF-345678901234', 8496000.0, 'VND', 'REFUNDED', 'VNPAY', '3d695a8d-4674-473b-8027-1ad945497a8d', '2023-11-04 00:00:00', '2023-11-04 00:00:00');
INSERT INTO bookings (id, vehicle_id, renter_id, owner_id, status, start_date, end_date, total_days, base_price, price_per_day, service_fee, taxes, total, deposit, created_at, updated_at) VALUES ('f0ee68fb-a1c3-493f-a13a-a782223ad910', 'V1A2B3C4-D5E6-7890-VHCL-111111111111', 'C3D4E5F6-G7H8-9012-CDEF-345678901234', 'E5F6G7H8-I9J0-1234-EFGH-567890123456', 'COMPLETED', '2024-05-11', '2024-05-14', 3, 2400000, 800000, 240000.0, 192000.0, 2832000.0, 3000000, '2024-05-09 00:00:00', '2024-05-09 00:00:00');
INSERT INTO payments (id, booking_id, user_id, amount, currency, status, method, transaction_id, created_at, processed_at) VALUES ('edf1b980-13ba-4709-b91d-d50713754174', 'f0ee68fb-a1c3-493f-a13a-a782223ad910', 'C3D4E5F6-G7H8-9012-CDEF-345678901234', 2832000.0, 'VND', 'SUCCEEDED', 'VNPAY', '18b3ecde-c7d8-4b11-86ac-e744633d49f9', '2024-05-09 00:00:00', '2024-05-09 00:00:00');
INSERT INTO reviews (id, vehicle_id, booking_id, reviewer_id, owner_id, rating, cleanliness, accuracy, communication, value_rating, comment, created_at, updated_at) VALUES ('f998fb22-3751-4d4c-88c9-71d1def2a5e8', 'V1A2B3C4-D5E6-7890-VHCL-111111111111', 'f0ee68fb-a1c3-493f-a13a-a782223ad910', 'C3D4E5F6-G7H8-9012-CDEF-345678901234', 'E5F6G7H8-I9J0-1234-EFGH-567890123456', 3, 3, 3, 3, 3, N'Trải nghiệm tuyệt vời!', '2024-05-14 00:00:00', '2024-05-14 00:00:00');
INSERT INTO bookings (id, vehicle_id, renter_id, owner_id, status, start_date, end_date, total_days, base_price, price_per_day, service_fee, taxes, total, deposit, created_at, updated_at) VALUES ('3ec05c84-18e2-4572-bdfe-d70c95aab55f', 'V1A2B3C4-D5E6-7890-VHCL-111111111111', 'B2C3D4E5-F6G7-8901-BCDE-234567890123', 'E5F6G7H8-I9J0-1234-EFGH-567890123456', 'COMPLETED', '2024-04-25', '2024-04-30', 5, 4000000, 800000, 400000.0, 320000.0, 4720000.0, 3000000, '2024-04-13 00:00:00', '2024-04-13 00:00:00');
INSERT INTO payments (id, booking_id, user_id, amount, currency, status, method, transaction_id, created_at, processed_at) VALUES ('635cdc16-7bf9-4bc7-a900-08d6cf18236e', '3ec05c84-18e2-4572-bdfe-d70c95aab55f', 'B2C3D4E5-F6G7-8901-BCDE-234567890123', 4720000.0, 'VND', 'SUCCEEDED', 'VNPAY', '20629caf-bc82-4481-b1a9-c92552332fce', '2024-04-13 00:00:00', '2024-04-13 00:00:00');
INSERT INTO reviews (id, vehicle_id, booking_id, reviewer_id, owner_id, rating, cleanliness, accuracy, communication, value_rating, comment, created_at, updated_at) VALUES ('9fed2714-0c96-483f-be73-0b8432fb4aff', 'V1A2B3C4-D5E6-7890-VHCL-111111111111', '3ec05c84-18e2-4572-bdfe-d70c95aab55f', 'B2C3D4E5-F6G7-8901-BCDE-234567890123', 'E5F6G7H8-I9J0-1234-EFGH-567890123456', 3, 3, 3, 3, 3, N'Trải nghiệm tuyệt vời!', '2024-04-30 00:00:00', '2024-04-30 00:00:00');
INSERT INTO bookings (id, vehicle_id, renter_id, owner_id, status, start_date, end_date, total_days, base_price, price_per_day, service_fee, taxes, total, deposit, created_at, updated_at) VALUES ('15030c6f-2918-4edf-a949-171b6b1f0fcb', 'V1A2B3C4-D5E6-7890-VHCL-111111111111', 'B2C3D4E5-F6G7-8901-BCDE-234567890123', 'E5F6G7H8-I9J0-1234-EFGH-567890123456', 'COMPLETED', '2023-11-29', '2023-12-02', 3, 2400000, 800000, 240000.0, 192000.0, 2832000.0, 3000000, '2023-11-25 00:00:00', '2023-11-25 00:00:00');
INSERT INTO payments (id, booking_id, user_id, amount, currency, status, method, transaction_id, created_at, processed_at) VALUES ('1e952c5c-9da7-471a-b3de-4d774df50d73', '15030c6f-2918-4edf-a949-171b6b1f0fcb', 'B2C3D4E5-F6G7-8901-BCDE-234567890123', 2832000.0, 'VND', 'SUCCEEDED', 'VNPAY', 'a739a27a-0677-4d63-91ec-366500078ecd', '2023-11-25 00:00:00', '2023-11-25 00:00:00');
INSERT INTO reviews (id, vehicle_id, booking_id, reviewer_id, owner_id, rating, cleanliness, accuracy, communication, value_rating, comment, created_at, updated_at) VALUES ('58cab685-91d6-45d2-bb9e-460301b95d09', 'V1A2B3C4-D5E6-7890-VHCL-111111111111', '15030c6f-2918-4edf-a949-171b6b1f0fcb', 'B2C3D4E5-F6G7-8901-BCDE-234567890123', 'E5F6G7H8-I9J0-1234-EFGH-567890123456', 3, 3, 3, 3, 3, N'Trải nghiệm tuyệt vời!', '2023-12-02 00:00:00', '2023-12-02 00:00:00');
INSERT INTO bookings (id, vehicle_id, renter_id, owner_id, status, start_date, end_date, total_days, base_price, price_per_day, service_fee, taxes, total, deposit, created_at, updated_at) VALUES ('0fe52d90-80c7-4d17-8716-56702dd19e2e', 'V1A2B3C4-D5E6-7890-VHCL-111111111111', 'D4E5F6G7-H8I9-0123-DEFG-456789012345', 'E5F6G7H8-I9J0-1234-EFGH-567890123456', 'CANCELLED', '2023-03-02', '2023-03-04', 2, 1600000, 800000, 160000.0, 128000.0, 1888000.0, 3000000, '2023-02-20 00:00:00', '2023-02-20 00:00:00');
INSERT INTO payments (id, booking_id, user_id, amount, currency, status, method, transaction_id, created_at, processed_at) VALUES ('649094d3-1b5a-42fa-a302-ee764f5b4e44', '0fe52d90-80c7-4d17-8716-56702dd19e2e', 'D4E5F6G7-H8I9-0123-DEFG-456789012345', 1888000.0, 'VND', 'REFUNDED', 'VNPAY', 'e3bce869-50eb-4e55-b9a6-0d70fc811fbc', '2023-02-20 00:00:00', '2023-02-20 00:00:00');
INSERT INTO bookings (id, vehicle_id, renter_id, owner_id, status, start_date, end_date, total_days, base_price, price_per_day, service_fee, taxes, total, deposit, created_at, updated_at) VALUES ('3a3d708e-af33-4ffe-96f4-68bdf115514a', 'V1A2B3C4-D5E6-7890-VHCL-111111111111', 'B2C3D4E5-F6G7-8901-BCDE-234567890123', 'E5F6G7H8-I9J0-1234-EFGH-567890123456', 'CANCELLED', '2024-02-13', '2024-02-17', 4, 3200000, 800000, 320000.0, 256000.0, 3776000.0, 3000000, '2024-02-06 00:00:00', '2024-02-06 00:00:00');
INSERT INTO payments (id, booking_id, user_id, amount, currency, status, method, transaction_id, created_at, processed_at) VALUES ('fd8a9eb0-d6e5-4176-b235-ea12df042338', '3a3d708e-af33-4ffe-96f4-68bdf115514a', 'B2C3D4E5-F6G7-8901-BCDE-234567890123', 3776000.0, 'VND', 'REFUNDED', 'VNPAY', 'bb115298-51d1-489f-b129-6d1525d44321', '2024-02-06 00:00:00', '2024-02-06 00:00:00');
INSERT INTO bookings (id, vehicle_id, renter_id, owner_id, status, start_date, end_date, total_days, base_price, price_per_day, service_fee, taxes, total, deposit, created_at, updated_at) VALUES ('5ec5e87c-9ebe-4f89-96fd-5cac05c45787', 'V1A2B3C4-D5E6-7890-VHCL-111111111111', 'B2C3D4E5-F6G7-8901-BCDE-234567890123', 'E5F6G7H8-I9J0-1234-EFGH-567890123456', 'CANCELLED', '2023-02-04', '2023-02-09', 5, 4000000, 800000, 400000.0, 320000.0, 4720000.0, 3000000, '2023-01-21 00:00:00', '2023-01-21 00:00:00');
INSERT INTO payments (id, booking_id, user_id, amount, currency, status, method, transaction_id, created_at, processed_at) VALUES ('1a6e9fe0-a6df-44b7-adef-80a274a7e4db', '5ec5e87c-9ebe-4f89-96fd-5cac05c45787', 'B2C3D4E5-F6G7-8901-BCDE-234567890123', 4720000.0, 'VND', 'REFUNDED', 'VNPAY', '08c44308-32bd-46b5-836a-9fafbf10f0da', '2023-01-21 00:00:00', '2023-01-21 00:00:00');
INSERT INTO bookings (id, vehicle_id, renter_id, owner_id, status, start_date, end_date, total_days, base_price, price_per_day, service_fee, taxes, total, deposit, created_at, updated_at) VALUES ('e7ec1439-a2af-4347-bae3-1fde2f24939f', 'V1A2B3C4-D5E6-7890-VHCL-111111111111', 'B2C3D4E5-F6G7-8901-BCDE-234567890123', 'E5F6G7H8-I9J0-1234-EFGH-567890123456', 'COMPLETED', '2023-07-07', '2023-07-08', 1, 800000, 800000, 80000.0, 64000.0, 944000.0, 3000000, '2023-06-29 00:00:00', '2023-06-29 00:00:00');
INSERT INTO payments (id, booking_id, user_id, amount, currency, status, method, transaction_id, created_at, processed_at) VALUES ('b855d742-1959-4046-83e0-44833c1e4a2a', 'e7ec1439-a2af-4347-bae3-1fde2f24939f', 'B2C3D4E5-F6G7-8901-BCDE-234567890123', 944000.0, 'VND', 'SUCCEEDED', 'VNPAY', '99a74c6c-58bf-4490-8a31-14d8a6449764', '2023-06-29 00:00:00', '2023-06-29 00:00:00');
INSERT INTO reviews (id, vehicle_id, booking_id, reviewer_id, owner_id, rating, cleanliness, accuracy, communication, value_rating, comment, created_at, updated_at) VALUES ('529460f3-4e36-425e-a5d3-2667ea325ccc', 'V1A2B3C4-D5E6-7890-VHCL-111111111111', 'e7ec1439-a2af-4347-bae3-1fde2f24939f', 'B2C3D4E5-F6G7-8901-BCDE-234567890123', 'E5F6G7H8-I9J0-1234-EFGH-567890123456', 3, 3, 3, 3, 3, N'Trải nghiệm tuyệt vời!', '2023-07-08 00:00:00', '2023-07-08 00:00:00');
INSERT INTO bookings (id, vehicle_id, renter_id, owner_id, status, start_date, end_date, total_days, base_price, price_per_day, service_fee, taxes, total, deposit, created_at, updated_at) VALUES ('0fc54cac-0a1b-4cbe-853e-a9bae8ca03f8', 'V1A2B3C4-D5E6-7890-VHCL-111111111111', 'B2C3D4E5-F6G7-8901-BCDE-234567890123', 'E5F6G7H8-I9J0-1234-EFGH-567890123456', 'COMPLETED', '2023-08-09', '2023-08-15', 6, 4800000, 800000, 480000.0, 384000.0, 5664000.0, 3000000, '2023-07-29 00:00:00', '2023-07-29 00:00:00');
INSERT INTO payments (id, booking_id, user_id, amount, currency, status, method, transaction_id, created_at, processed_at) VALUES ('4ebded02-8a2d-43a4-9b15-6eb75bc2daa5', '0fc54cac-0a1b-4cbe-853e-a9bae8ca03f8', 'B2C3D4E5-F6G7-8901-BCDE-234567890123', 5664000.0, 'VND', 'SUCCEEDED', 'VNPAY', 'b4d5faa3-a763-4bd7-9ed4-dc3cc6fbf99e', '2023-07-29 00:00:00', '2023-07-29 00:00:00');
INSERT INTO reviews (id, vehicle_id, booking_id, reviewer_id, owner_id, rating, cleanliness, accuracy, communication, value_rating, comment, created_at, updated_at) VALUES ('2d32c5b6-29bd-4a94-8a0e-dd8b5454f8d5', 'V1A2B3C4-D5E6-7890-VHCL-111111111111', '0fc54cac-0a1b-4cbe-853e-a9bae8ca03f8', 'B2C3D4E5-F6G7-8901-BCDE-234567890123', 'E5F6G7H8-I9J0-1234-EFGH-567890123456', 3, 3, 3, 3, 3, N'Trải nghiệm tuyệt vời!', '2023-08-15 00:00:00', '2023-08-15 00:00:00');
INSERT INTO bookings (id, vehicle_id, renter_id, owner_id, status, start_date, end_date, total_days, base_price, price_per_day, service_fee, taxes, total, deposit, created_at, updated_at) VALUES ('4d7cd4b0-aa0d-4372-81e5-b89d8c3ef4b0', 'V1A2B3C4-D5E6-7890-VHCL-111111111111', 'B2C3D4E5-F6G7-8901-BCDE-234567890123', 'E5F6G7H8-I9J0-1234-EFGH-567890123456', 'COMPLETED', '2023-05-07', '2023-05-15', 8, 6400000, 800000, 640000.0, 512000.0, 7552000.0, 3000000, '2023-04-30 00:00:00', '2023-04-30 00:00:00');
INSERT INTO payments (id, booking_id, user_id, amount, currency, status, method, transaction_id, created_at, processed_at) VALUES ('43b26f2e-bc42-4c2d-bf7f-6d1df1942a4e', '4d7cd4b0-aa0d-4372-81e5-b89d8c3ef4b0', 'B2C3D4E5-F6G7-8901-BCDE-234567890123', 7552000.0, 'VND', 'SUCCEEDED', 'VNPAY', '80310d99-eb21-45cc-9d1f-ccd7070d961c', '2023-04-30 00:00:00', '2023-04-30 00:00:00');
INSERT INTO reviews (id, vehicle_id, booking_id, reviewer_id, owner_id, rating, cleanliness, accuracy, communication, value_rating, comment, created_at, updated_at) VALUES ('a9f79b34-95be-42d2-9180-b37df478e0f7', 'V1A2B3C4-D5E6-7890-VHCL-111111111111', '4d7cd4b0-aa0d-4372-81e5-b89d8c3ef4b0', 'B2C3D4E5-F6G7-8901-BCDE-234567890123', 'E5F6G7H8-I9J0-1234-EFGH-567890123456', 4, 4, 4, 4, 4, N'Trải nghiệm tuyệt vời!', '2023-05-15 00:00:00', '2023-05-15 00:00:00');
INSERT INTO bookings (id, vehicle_id, renter_id, owner_id, status, start_date, end_date, total_days, base_price, price_per_day, service_fee, taxes, total, deposit, created_at, updated_at) VALUES ('f8ab7729-d1c1-41b7-a892-e35409facaff', 'V1A2B3C4-D5E6-7890-VHCL-111111111111', 'B2C3D4E5-F6G7-8901-BCDE-234567890123', 'E5F6G7H8-I9J0-1234-EFGH-567890123456', 'COMPLETED', '2024-04-15', '2024-04-20', 5, 4000000, 800000, 400000.0, 320000.0, 4720000.0, 3000000, '2024-04-02 00:00:00', '2024-04-02 00:00:00');
INSERT INTO payments (id, booking_id, user_id, amount, currency, status, method, transaction_id, created_at, processed_at) VALUES ('960af4c6-f008-4c72-a8fc-b143af9c30ff', 'f8ab7729-d1c1-41b7-a892-e35409facaff', 'B2C3D4E5-F6G7-8901-BCDE-234567890123', 4720000.0, 'VND', 'SUCCEEDED', 'VNPAY', '12171092-9769-45d5-aba5-ef2ce98f0294', '2024-04-02 00:00:00', '2024-04-02 00:00:00');
INSERT INTO reviews (id, vehicle_id, booking_id, reviewer_id, owner_id, rating, cleanliness, accuracy, communication, value_rating, comment, created_at, updated_at) VALUES ('f4bea88e-cae3-423c-a42a-6b415c8d0dde', 'V1A2B3C4-D5E6-7890-VHCL-111111111111', 'f8ab7729-d1c1-41b7-a892-e35409facaff', 'B2C3D4E5-F6G7-8901-BCDE-234567890123', 'E5F6G7H8-I9J0-1234-EFGH-567890123456', 4, 4, 4, 4, 4, N'Trải nghiệm tuyệt vời!', '2024-04-20 00:00:00', '2024-04-20 00:00:00');
INSERT INTO bookings (id, vehicle_id, renter_id, owner_id, status, start_date, end_date, total_days, base_price, price_per_day, service_fee, taxes, total, deposit, created_at, updated_at) VALUES ('72a9ce3f-eccc-43d5-b30e-0235e6f6fab9', 'V1A2B3C4-D5E6-7890-VHCL-111111111111', 'D4E5F6G7-H8I9-0123-DEFG-456789012345', 'E5F6G7H8-I9J0-1234-EFGH-567890123456', 'COMPLETED', '2023-08-19', '2023-08-23', 4, 3200000, 800000, 320000.0, 256000.0, 3776000.0, 3000000, '2023-08-15 00:00:00', '2023-08-15 00:00:00');
INSERT INTO payments (id, booking_id, user_id, amount, currency, status, method, transaction_id, created_at, processed_at) VALUES ('490a7b69-372f-4134-bd1e-d9b5c4c1e434', '72a9ce3f-eccc-43d5-b30e-0235e6f6fab9', 'D4E5F6G7-H8I9-0123-DEFG-456789012345', 3776000.0, 'VND', 'SUCCEEDED', 'VNPAY', '27fe8c26-39e4-4d73-bb55-792634837bdb', '2023-08-15 00:00:00', '2023-08-15 00:00:00');
INSERT INTO reviews (id, vehicle_id, booking_id, reviewer_id, owner_id, rating, cleanliness, accuracy, communication, value_rating, comment, created_at, updated_at) VALUES ('80f74125-ca00-4863-b25c-ef15eb56a0e4', 'V1A2B3C4-D5E6-7890-VHCL-111111111111', '72a9ce3f-eccc-43d5-b30e-0235e6f6fab9', 'D4E5F6G7-H8I9-0123-DEFG-456789012345', 'E5F6G7H8-I9J0-1234-EFGH-567890123456', 5, 5, 5, 5, 5, N'Trải nghiệm tuyệt vời!', '2023-08-23 00:00:00', '2023-08-23 00:00:00');
INSERT INTO bookings (id, vehicle_id, renter_id, owner_id, status, start_date, end_date, total_days, base_price, price_per_day, service_fee, taxes, total, deposit, created_at, updated_at) VALUES ('6be3d585-4faa-4b17-b724-f84ffa6ccbd8', 'V1A2B3C4-D5E6-7890-VHCL-111111111111', 'B2C3D4E5-F6G7-8901-BCDE-234567890123', 'E5F6G7H8-I9J0-1234-EFGH-567890123456', 'COMPLETED', '2023-11-20', '2023-11-22', 2, 1600000, 800000, 160000.0, 128000.0, 1888000.0, 3000000, '2023-11-08 00:00:00', '2023-11-08 00:00:00');
INSERT INTO payments (id, booking_id, user_id, amount, currency, status, method, transaction_id, created_at, processed_at) VALUES ('d051cdb6-3302-4b6b-a3d9-5c15ccb81006', '6be3d585-4faa-4b17-b724-f84ffa6ccbd8', 'B2C3D4E5-F6G7-8901-BCDE-234567890123', 1888000.0, 'VND', 'SUCCEEDED', 'VNPAY', '50fc6f5c-984b-4b62-9787-a3c62c4b59ec', '2023-11-08 00:00:00', '2023-11-08 00:00:00');
INSERT INTO reviews (id, vehicle_id, booking_id, reviewer_id, owner_id, rating, cleanliness, accuracy, communication, value_rating, comment, created_at, updated_at) VALUES ('8cb82758-b6dc-47a9-aaaf-2ec597662cf5', 'V1A2B3C4-D5E6-7890-VHCL-111111111111', '6be3d585-4faa-4b17-b724-f84ffa6ccbd8', 'B2C3D4E5-F6G7-8901-BCDE-234567890123', 'E5F6G7H8-I9J0-1234-EFGH-567890123456', 4, 4, 4, 4, 4, N'Trải nghiệm tuyệt vời!', '2023-11-22 00:00:00', '2023-11-22 00:00:00');
INSERT INTO bookings (id, vehicle_id, renter_id, owner_id, status, start_date, end_date, total_days, base_price, price_per_day, service_fee, taxes, total, deposit, created_at, updated_at) VALUES ('053402f3-8b65-419e-b131-c59b8cb26dfd', 'V1A2B3C4-D5E6-7890-VHCL-111111111111', 'C3D4E5F6-G7H8-9012-CDEF-345678901234', 'E5F6G7H8-I9J0-1234-EFGH-567890123456', 'CANCELLED', '2024-01-04', '2024-01-09', 5, 4000000, 800000, 400000.0, 320000.0, 4720000.0, 3000000, '2023-12-30 00:00:00', '2023-12-30 00:00:00');
INSERT INTO payments (id, booking_id, user_id, amount, currency, status, method, transaction_id, created_at, processed_at) VALUES ('cc11b84c-d96f-4e1a-b627-be73e31e2977', '053402f3-8b65-419e-b131-c59b8cb26dfd', 'C3D4E5F6-G7H8-9012-CDEF-345678901234', 4720000.0, 'VND', 'REFUNDED', 'VNPAY', '35352e81-a04f-46c7-a9b3-33dbc31617c7', '2023-12-30 00:00:00', '2023-12-30 00:00:00');
INSERT INTO bookings (id, vehicle_id, renter_id, owner_id, status, start_date, end_date, total_days, base_price, price_per_day, service_fee, taxes, total, deposit, created_at, updated_at) VALUES ('6e55020b-be92-4f84-a5d5-bdfe4ed6bf53', 'V1A2B3C4-D5E6-7890-VHCL-111111111111', 'B2C3D4E5-F6G7-8901-BCDE-234567890123', 'E5F6G7H8-I9J0-1234-EFGH-567890123456', 'COMPLETED', '2023-02-22', '2023-02-27', 5, 4000000, 800000, 400000.0, 320000.0, 4720000.0, 3000000, '2023-02-21 00:00:00', '2023-02-21 00:00:00');
INSERT INTO payments (id, booking_id, user_id, amount, currency, status, method, transaction_id, created_at, processed_at) VALUES ('32ec751e-dcbc-491a-a3ca-27eae4db5a74', '6e55020b-be92-4f84-a5d5-bdfe4ed6bf53', 'B2C3D4E5-F6G7-8901-BCDE-234567890123', 4720000.0, 'VND', 'SUCCEEDED', 'VNPAY', 'f4c5391b-f422-4b6d-a8cd-f79b533f6343', '2023-02-21 00:00:00', '2023-02-21 00:00:00');
INSERT INTO reviews (id, vehicle_id, booking_id, reviewer_id, owner_id, rating, cleanliness, accuracy, communication, value_rating, comment, created_at, updated_at) VALUES ('4887c2a7-2dca-4149-b175-1d04e5838548', 'V1A2B3C4-D5E6-7890-VHCL-111111111111', '6e55020b-be92-4f84-a5d5-bdfe4ed6bf53', 'B2C3D4E5-F6G7-8901-BCDE-234567890123', 'E5F6G7H8-I9J0-1234-EFGH-567890123456', 5, 5, 5, 5, 5, N'Trải nghiệm tuyệt vời!', '2023-02-27 00:00:00', '2023-02-27 00:00:00');
INSERT INTO bookings (id, vehicle_id, renter_id, owner_id, status, start_date, end_date, total_days, base_price, price_per_day, service_fee, taxes, total, deposit, created_at, updated_at) VALUES ('a81f83b9-2aa4-48b3-99d2-48f22076d3e5', 'V1A2B3C4-D5E6-7890-VHCL-111111111111', 'B2C3D4E5-F6G7-8901-BCDE-234567890123', 'E5F6G7H8-I9J0-1234-EFGH-567890123456', 'COMPLETED', '2023-06-17', '2023-06-25', 8, 6400000, 800000, 640000.0, 512000.0, 7552000.0, 3000000, '2023-06-13 00:00:00', '2023-06-13 00:00:00');
INSERT INTO payments (id, booking_id, user_id, amount, currency, status, method, transaction_id, created_at, processed_at) VALUES ('34bed059-b7c4-46f3-aacc-34eadb64ac16', 'a81f83b9-2aa4-48b3-99d2-48f22076d3e5', 'B2C3D4E5-F6G7-8901-BCDE-234567890123', 7552000.0, 'VND', 'SUCCEEDED', 'VNPAY', 'ca069e1d-5a7d-4b9c-92ff-af7ae97690a8', '2023-06-13 00:00:00', '2023-06-13 00:00:00');
INSERT INTO reviews (id, vehicle_id, booking_id, reviewer_id, owner_id, rating, cleanliness, accuracy, communication, value_rating, comment, created_at, updated_at) VALUES ('d399de5a-42bc-4d08-97e0-28a9ca7e7181', 'V1A2B3C4-D5E6-7890-VHCL-111111111111', 'a81f83b9-2aa4-48b3-99d2-48f22076d3e5', 'B2C3D4E5-F6G7-8901-BCDE-234567890123', 'E5F6G7H8-I9J0-1234-EFGH-567890123456', 3, 3, 3, 3, 3, N'Trải nghiệm tuyệt vời!', '2023-06-25 00:00:00', '2023-06-25 00:00:00');
INSERT INTO bookings (id, vehicle_id, renter_id, owner_id, status, start_date, end_date, total_days, base_price, price_per_day, service_fee, taxes, total, deposit, created_at, updated_at) VALUES ('2aa5ccfe-0312-40ab-843d-10c0eea5fe6b', 'V1A2B3C4-D5E6-7890-VHCL-111111111111', 'C3D4E5F6-G7H8-9012-CDEF-345678901234', 'E5F6G7H8-I9J0-1234-EFGH-567890123456', 'CANCELLED', '2023-02-01', '2023-02-09', 8, 6400000, 800000, 640000.0, 512000.0, 7552000.0, 3000000, '2023-01-30 00:00:00', '2023-01-30 00:00:00');
INSERT INTO payments (id, booking_id, user_id, amount, currency, status, method, transaction_id, created_at, processed_at) VALUES ('7ce1a263-2fb2-4fbb-8b4d-d5dedc6249d8', '2aa5ccfe-0312-40ab-843d-10c0eea5fe6b', 'C3D4E5F6-G7H8-9012-CDEF-345678901234', 7552000.0, 'VND', 'REFUNDED', 'VNPAY', 'b7b90024-14b5-4fb0-9242-ad976476c0c0', '2023-01-30 00:00:00', '2023-01-30 00:00:00');
INSERT INTO bookings (id, vehicle_id, renter_id, owner_id, status, start_date, end_date, total_days, base_price, price_per_day, service_fee, taxes, total, deposit, created_at, updated_at) VALUES ('9e3d54cb-6eae-4c7d-a7e3-5a5b75930baa', 'V1A2B3C4-D5E6-7890-VHCL-111111111111', 'B2C3D4E5-F6G7-8901-BCDE-234567890123', 'E5F6G7H8-I9J0-1234-EFGH-567890123456', 'COMPLETED', '2024-01-30', '2024-02-04', 5, 4000000, 800000, 400000.0, 320000.0, 4720000.0, 3000000, '2024-01-16 00:00:00', '2024-01-16 00:00:00');
INSERT INTO payments (id, booking_id, user_id, amount, currency, status, method, transaction_id, created_at, processed_at) VALUES ('7829e751-4a93-460d-aed0-4e114949f1af', '9e3d54cb-6eae-4c7d-a7e3-5a5b75930baa', 'B2C3D4E5-F6G7-8901-BCDE-234567890123', 4720000.0, 'VND', 'SUCCEEDED', 'VNPAY', '494c09ef-0577-4d2b-9f3c-00ea3e2fea96', '2024-01-16 00:00:00', '2024-01-16 00:00:00');
INSERT INTO reviews (id, vehicle_id, booking_id, reviewer_id, owner_id, rating, cleanliness, accuracy, communication, value_rating, comment, created_at, updated_at) VALUES ('cf2ab189-f1ed-4238-882d-5d8d28ad7650', 'V1A2B3C4-D5E6-7890-VHCL-111111111111', '9e3d54cb-6eae-4c7d-a7e3-5a5b75930baa', 'B2C3D4E5-F6G7-8901-BCDE-234567890123', 'E5F6G7H8-I9J0-1234-EFGH-567890123456', 5, 5, 5, 5, 5, N'Trải nghiệm tuyệt vời!', '2024-02-04 00:00:00', '2024-02-04 00:00:00');
INSERT INTO bookings (id, vehicle_id, renter_id, owner_id, status, start_date, end_date, total_days, base_price, price_per_day, service_fee, taxes, total, deposit, created_at, updated_at) VALUES ('50ca2605-6414-43f1-9d96-b583a93f5baf', 'V1A2B3C4-D5E6-7890-VHCL-111111111111', 'D4E5F6G7-H8I9-0123-DEFG-456789012345', 'E5F6G7H8-I9J0-1234-EFGH-567890123456', 'CANCELLED', '2023-04-11', '2023-04-19', 8, 6400000, 800000, 640000.0, 512000.0, 7552000.0, 3000000, '2023-03-29 00:00:00', '2023-03-29 00:00:00');
INSERT INTO payments (id, booking_id, user_id, amount, currency, status, method, transaction_id, created_at, processed_at) VALUES ('efd852f6-730f-44e6-be3e-e5114394fa92', '50ca2605-6414-43f1-9d96-b583a93f5baf', 'D4E5F6G7-H8I9-0123-DEFG-456789012345', 7552000.0, 'VND', 'REFUNDED', 'VNPAY', '8d16bd0d-72a6-4ef5-a1b5-0124f679cd55', '2023-03-29 00:00:00', '2023-03-29 00:00:00');
INSERT INTO bookings (id, vehicle_id, renter_id, owner_id, status, start_date, end_date, total_days, base_price, price_per_day, service_fee, taxes, total, deposit, created_at, updated_at) VALUES ('5f063a52-fcf0-43e5-8930-a26b29a04e78', 'V1A2B3C4-D5E6-7890-VHCL-111111111111', 'D4E5F6G7-H8I9-0123-DEFG-456789012345', 'E5F6G7H8-I9J0-1234-EFGH-567890123456', 'COMPLETED', '2023-10-01', '2023-10-09', 8, 6400000, 800000, 640000.0, 512000.0, 7552000.0, 3000000, '2023-09-27 00:00:00', '2023-09-27 00:00:00');
INSERT INTO payments (id, booking_id, user_id, amount, currency, status, method, transaction_id, created_at, processed_at) VALUES ('bb6e3804-b036-4168-ba02-672d0223d50e', '5f063a52-fcf0-43e5-8930-a26b29a04e78', 'D4E5F6G7-H8I9-0123-DEFG-456789012345', 7552000.0, 'VND', 'SUCCEEDED', 'VNPAY', 'cb2052d4-67d7-41d4-a12d-72f00fe44d18', '2023-09-27 00:00:00', '2023-09-27 00:00:00');
INSERT INTO reviews (id, vehicle_id, booking_id, reviewer_id, owner_id, rating, cleanliness, accuracy, communication, value_rating, comment, created_at, updated_at) VALUES ('1db7d6fd-f313-4129-b936-f4a85a314067', 'V1A2B3C4-D5E6-7890-VHCL-111111111111', '5f063a52-fcf0-43e5-8930-a26b29a04e78', 'D4E5F6G7-H8I9-0123-DEFG-456789012345', 'E5F6G7H8-I9J0-1234-EFGH-567890123456', 3, 3, 3, 3, 3, N'Trải nghiệm tuyệt vời!', '2023-10-09 00:00:00', '2023-10-09 00:00:00');
INSERT INTO bookings (id, vehicle_id, renter_id, owner_id, status, start_date, end_date, total_days, base_price, price_per_day, service_fee, taxes, total, deposit, created_at, updated_at) VALUES ('69afcbb0-06da-4866-b2f4-71d6a6cc9bca', 'V1A2B3C4-D5E6-7890-VHCL-111111111111', 'C3D4E5F6-G7H8-9012-CDEF-345678901234', 'E5F6G7H8-I9J0-1234-EFGH-567890123456', 'COMPLETED', '2023-05-22', '2023-05-28', 6, 4800000, 800000, 480000.0, 384000.0, 5664000.0, 3000000, '2023-05-16 00:00:00', '2023-05-16 00:00:00');
INSERT INTO payments (id, booking_id, user_id, amount, currency, status, method, transaction_id, created_at, processed_at) VALUES ('55c72d00-c1ce-4981-8c22-0d7545751904', '69afcbb0-06da-4866-b2f4-71d6a6cc9bca', 'C3D4E5F6-G7H8-9012-CDEF-345678901234', 5664000.0, 'VND', 'SUCCEEDED', 'VNPAY', '3d9855d9-e344-4da2-a497-ed2b0cb820a3', '2023-05-16 00:00:00', '2023-05-16 00:00:00');
INSERT INTO reviews (id, vehicle_id, booking_id, reviewer_id, owner_id, rating, cleanliness, accuracy, communication, value_rating, comment, created_at, updated_at) VALUES ('5f5c8b00-b1ce-4b92-8c98-4352180a345f', 'V1A2B3C4-D5E6-7890-VHCL-111111111111', '69afcbb0-06da-4866-b2f4-71d6a6cc9bca', 'C3D4E5F6-G7H8-9012-CDEF-345678901234', 'E5F6G7H8-I9J0-1234-EFGH-567890123456', 5, 5, 5, 5, 5, N'Trải nghiệm tuyệt vời!', '2023-05-28 00:00:00', '2023-05-28 00:00:00');
INSERT INTO bookings (id, vehicle_id, renter_id, owner_id, status, start_date, end_date, total_days, base_price, price_per_day, service_fee, taxes, total, deposit, created_at, updated_at) VALUES ('7d2f3f2c-fbf5-49fc-bf2c-6fa66d33838c', 'V1A2B3C4-D5E6-7890-VHCL-111111111111', 'B2C3D4E5-F6G7-8901-BCDE-234567890123', 'E5F6G7H8-I9J0-1234-EFGH-567890123456', 'COMPLETED', '2024-04-23', '2024-05-02', 9, 7200000, 800000, 720000.0, 576000.0, 8496000.0, 3000000, '2024-04-16 00:00:00', '2024-04-16 00:00:00');
INSERT INTO payments (id, booking_id, user_id, amount, currency, status, method, transaction_id, created_at, processed_at) VALUES ('34e0e411-7ef4-4980-8a67-aa7369ed836e', '7d2f3f2c-fbf5-49fc-bf2c-6fa66d33838c', 'B2C3D4E5-F6G7-8901-BCDE-234567890123', 8496000.0, 'VND', 'SUCCEEDED', 'VNPAY', 'dec5c723-4494-4766-8347-f18eb6babb05', '2024-04-16 00:00:00', '2024-04-16 00:00:00');
INSERT INTO reviews (id, vehicle_id, booking_id, reviewer_id, owner_id, rating, cleanliness, accuracy, communication, value_rating, comment, created_at, updated_at) VALUES ('1d87ca93-ae78-4213-b6f3-d4d416db3412', 'V1A2B3C4-D5E6-7890-VHCL-111111111111', '7d2f3f2c-fbf5-49fc-bf2c-6fa66d33838c', 'B2C3D4E5-F6G7-8901-BCDE-234567890123', 'E5F6G7H8-I9J0-1234-EFGH-567890123456', 5, 5, 5, 5, 5, N'Trải nghiệm tuyệt vời!', '2024-05-02 00:00:00', '2024-05-02 00:00:00');
INSERT INTO bookings (id, vehicle_id, renter_id, owner_id, status, start_date, end_date, total_days, base_price, price_per_day, service_fee, taxes, total, deposit, created_at, updated_at) VALUES ('8db73391-10a7-4881-a098-b3d455eef146', 'V1A2B3C4-D5E6-7890-VHCL-111111111111', 'B2C3D4E5-F6G7-8901-BCDE-234567890123', 'E5F6G7H8-I9J0-1234-EFGH-567890123456', 'COMPLETED', '2024-05-14', '2024-05-21', 7, 5600000, 800000, 560000.0, 448000.0, 6608000.0, 3000000, '2024-05-12 00:00:00', '2024-05-12 00:00:00');
INSERT INTO payments (id, booking_id, user_id, amount, currency, status, method, transaction_id, created_at, processed_at) VALUES ('69273298-321d-49fa-b356-0dd0c2d33b43', '8db73391-10a7-4881-a098-b3d455eef146', 'B2C3D4E5-F6G7-8901-BCDE-234567890123', 6608000.0, 'VND', 'SUCCEEDED', 'VNPAY', '0077e9e0-0ae1-4469-b317-80c776e95b45', '2024-05-12 00:00:00', '2024-05-12 00:00:00');
INSERT INTO reviews (id, vehicle_id, booking_id, reviewer_id, owner_id, rating, cleanliness, accuracy, communication, value_rating, comment, created_at, updated_at) VALUES ('3e0dbd95-2b05-410a-bfdb-07a6c6ba2ddf', 'V1A2B3C4-D5E6-7890-VHCL-111111111111', '8db73391-10a7-4881-a098-b3d455eef146', 'B2C3D4E5-F6G7-8901-BCDE-234567890123', 'E5F6G7H8-I9J0-1234-EFGH-567890123456', 5, 5, 5, 5, 5, N'Trải nghiệm tuyệt vời!', '2024-05-21 00:00:00', '2024-05-21 00:00:00');
INSERT INTO bookings (id, vehicle_id, renter_id, owner_id, status, start_date, end_date, total_days, base_price, price_per_day, service_fee, taxes, total, deposit, created_at, updated_at) VALUES ('f41eeaac-fcf2-4d7f-9aaa-6f49197ce708', 'V1A2B3C4-D5E6-7890-VHCL-111111111111', 'D4E5F6G7-H8I9-0123-DEFG-456789012345', 'E5F6G7H8-I9J0-1234-EFGH-567890123456', 'COMPLETED', '2024-03-17', '2024-03-19', 2, 1600000, 800000, 160000.0, 128000.0, 1888000.0, 3000000, '2024-03-12 00:00:00', '2024-03-12 00:00:00');
INSERT INTO payments (id, booking_id, user_id, amount, currency, status, method, transaction_id, created_at, processed_at) VALUES ('0325466f-91f7-491a-b143-105323d71876', 'f41eeaac-fcf2-4d7f-9aaa-6f49197ce708', 'D4E5F6G7-H8I9-0123-DEFG-456789012345', 1888000.0, 'VND', 'SUCCEEDED', 'VNPAY', '8c287c25-0a34-4652-bb50-2e3c5293f637', '2024-03-12 00:00:00', '2024-03-12 00:00:00');
INSERT INTO reviews (id, vehicle_id, booking_id, reviewer_id, owner_id, rating, cleanliness, accuracy, communication, value_rating, comment, created_at, updated_at) VALUES ('d967aa6e-04d9-48e0-9a8d-515ac41773f2', 'V1A2B3C4-D5E6-7890-VHCL-111111111111', 'f41eeaac-fcf2-4d7f-9aaa-6f49197ce708', 'D4E5F6G7-H8I9-0123-DEFG-456789012345', 'E5F6G7H8-I9J0-1234-EFGH-567890123456', 4, 4, 4, 4, 4, N'Trải nghiệm tuyệt vời!', '2024-03-19 00:00:00', '2024-03-19 00:00:00');
INSERT INTO bookings (id, vehicle_id, renter_id, owner_id, status, start_date, end_date, total_days, base_price, price_per_day, service_fee, taxes, total, deposit, created_at, updated_at) VALUES ('3cc0a20a-6641-4c72-83f5-0a8c78c3a709', 'V1A2B3C4-D5E6-7890-VHCL-111111111111', 'B2C3D4E5-F6G7-8901-BCDE-234567890123', 'E5F6G7H8-I9J0-1234-EFGH-567890123456', 'COMPLETED', '2024-03-09', '2024-03-16', 7, 5600000, 800000, 560000.0, 448000.0, 6608000.0, 3000000, '2024-03-04 00:00:00', '2024-03-04 00:00:00');
INSERT INTO payments (id, booking_id, user_id, amount, currency, status, method, transaction_id, created_at, processed_at) VALUES ('e4934209-fdea-4d42-94f2-930b66ccbe0e', '3cc0a20a-6641-4c72-83f5-0a8c78c3a709', 'B2C3D4E5-F6G7-8901-BCDE-234567890123', 6608000.0, 'VND', 'SUCCEEDED', 'VNPAY', '9d2b6f4d-a0c6-402c-b12b-7313a46179b0', '2024-03-04 00:00:00', '2024-03-04 00:00:00');
INSERT INTO reviews (id, vehicle_id, booking_id, reviewer_id, owner_id, rating, cleanliness, accuracy, communication, value_rating, comment, created_at, updated_at) VALUES ('33954f02-d2e2-42ac-9a56-bec2a2e2e759', 'V1A2B3C4-D5E6-7890-VHCL-111111111111', '3cc0a20a-6641-4c72-83f5-0a8c78c3a709', 'B2C3D4E5-F6G7-8901-BCDE-234567890123', 'E5F6G7H8-I9J0-1234-EFGH-567890123456', 3, 3, 3, 3, 3, N'Trải nghiệm tuyệt vời!', '2024-03-16 00:00:00', '2024-03-16 00:00:00');
INSERT INTO bookings (id, vehicle_id, renter_id, owner_id, status, start_date, end_date, total_days, base_price, price_per_day, service_fee, taxes, total, deposit, created_at, updated_at) VALUES ('2c38bf84-cf14-4787-8467-41b1f4a579fb', 'V1A2B3C4-D5E6-7890-VHCL-111111111111', 'B2C3D4E5-F6G7-8901-BCDE-234567890123', 'E5F6G7H8-I9J0-1234-EFGH-567890123456', 'CANCELLED', '2024-04-27', '2024-05-01', 4, 3200000, 800000, 320000.0, 256000.0, 3776000.0, 3000000, '2024-04-26 00:00:00', '2024-04-26 00:00:00');
INSERT INTO payments (id, booking_id, user_id, amount, currency, status, method, transaction_id, created_at, processed_at) VALUES ('49bb9ff5-8e14-4ccb-b5b8-22af0dca6a2e', '2c38bf84-cf14-4787-8467-41b1f4a579fb', 'B2C3D4E5-F6G7-8901-BCDE-234567890123', 3776000.0, 'VND', 'REFUNDED', 'VNPAY', '49dc8a8e-64e3-4b7a-893e-c1a87d775f09', '2024-04-26 00:00:00', '2024-04-26 00:00:00');
INSERT INTO bookings (id, vehicle_id, renter_id, owner_id, status, start_date, end_date, total_days, base_price, price_per_day, service_fee, taxes, total, deposit, created_at, updated_at) VALUES ('e510b714-81aa-47ae-a847-4a273535fa6d', 'V1A2B3C4-D5E6-7890-VHCL-111111111111', 'C3D4E5F6-G7H8-9012-CDEF-345678901234', 'E5F6G7H8-I9J0-1234-EFGH-567890123456', 'CANCELLED', '2024-05-01', '2024-05-02', 1, 800000, 800000, 80000.0, 64000.0, 944000.0, 3000000, '2024-04-28 00:00:00', '2024-04-28 00:00:00');
INSERT INTO payments (id, booking_id, user_id, amount, currency, status, method, transaction_id, created_at, processed_at) VALUES ('1d52b01f-7ef5-4af0-931b-f3e9fd2653b2', 'e510b714-81aa-47ae-a847-4a273535fa6d', 'C3D4E5F6-G7H8-9012-CDEF-345678901234', 944000.0, 'VND', 'REFUNDED', 'VNPAY', '18094bc3-d5e4-40cd-b1fd-a2e6b49cb23c', '2024-04-28 00:00:00', '2024-04-28 00:00:00');
INSERT INTO bookings (id, vehicle_id, renter_id, owner_id, status, start_date, end_date, total_days, base_price, price_per_day, service_fee, taxes, total, deposit, created_at, updated_at) VALUES ('cb1bd2a5-6304-491a-98c2-2426346028ab', 'V1A2B3C4-D5E6-7890-VHCL-111111111111', 'D4E5F6G7-H8I9-0123-DEFG-456789012345', 'E5F6G7H8-I9J0-1234-EFGH-567890123456', 'CANCELLED', '2023-12-11', '2023-12-14', 3, 2400000, 800000, 240000.0, 192000.0, 2832000.0, 3000000, '2023-12-02 00:00:00', '2023-12-02 00:00:00');
INSERT INTO payments (id, booking_id, user_id, amount, currency, status, method, transaction_id, created_at, processed_at) VALUES ('b5b7d016-fe6b-469f-be1c-1a9e6e7e60ac', 'cb1bd2a5-6304-491a-98c2-2426346028ab', 'D4E5F6G7-H8I9-0123-DEFG-456789012345', 2832000.0, 'VND', 'REFUNDED', 'VNPAY', 'd3a9c011-242b-480b-a2d2-421009bf468d', '2023-12-02 00:00:00', '2023-12-02 00:00:00');
INSERT INTO bookings (id, vehicle_id, renter_id, owner_id, status, start_date, end_date, total_days, base_price, price_per_day, service_fee, taxes, total, deposit, created_at, updated_at) VALUES ('5ad67ce9-461d-4833-8d1d-d2906702343f', 'V1A2B3C4-D5E6-7890-VHCL-111111111111', 'B2C3D4E5-F6G7-8901-BCDE-234567890123', 'E5F6G7H8-I9J0-1234-EFGH-567890123456', 'COMPLETED', '2024-04-18', '2024-04-23', 5, 4000000, 800000, 400000.0, 320000.0, 4720000.0, 3000000, '2024-04-14 00:00:00', '2024-04-14 00:00:00');
INSERT INTO payments (id, booking_id, user_id, amount, currency, status, method, transaction_id, created_at, processed_at) VALUES ('71d07d21-8587-4ce8-b7a0-112370381b00', '5ad67ce9-461d-4833-8d1d-d2906702343f', 'B2C3D4E5-F6G7-8901-BCDE-234567890123', 4720000.0, 'VND', 'SUCCEEDED', 'VNPAY', '303e68e3-c9aa-46ae-bb15-f9f173899b5e', '2024-04-14 00:00:00', '2024-04-14 00:00:00');
INSERT INTO reviews (id, vehicle_id, booking_id, reviewer_id, owner_id, rating, cleanliness, accuracy, communication, value_rating, comment, created_at, updated_at) VALUES ('bc48eae5-d330-481a-aec3-2cf59c3be929', 'V1A2B3C4-D5E6-7890-VHCL-111111111111', '5ad67ce9-461d-4833-8d1d-d2906702343f', 'B2C3D4E5-F6G7-8901-BCDE-234567890123', 'E5F6G7H8-I9J0-1234-EFGH-567890123456', 3, 3, 3, 3, 3, N'Trải nghiệm tuyệt vời!', '2024-04-23 00:00:00', '2024-04-23 00:00:00');
INSERT INTO bookings (id, vehicle_id, renter_id, owner_id, status, start_date, end_date, total_days, base_price, price_per_day, service_fee, taxes, total, deposit, created_at, updated_at) VALUES ('2f0a6415-514b-4686-8505-1a9355b4ab48', 'V1A2B3C4-D5E6-7890-VHCL-111111111111', 'D4E5F6G7-H8I9-0123-DEFG-456789012345', 'E5F6G7H8-I9J0-1234-EFGH-567890123456', 'COMPLETED', '2023-03-06', '2023-03-12', 6, 4800000, 800000, 480000.0, 384000.0, 5664000.0, 3000000, '2023-03-03 00:00:00', '2023-03-03 00:00:00');
INSERT INTO payments (id, booking_id, user_id, amount, currency, status, method, transaction_id, created_at, processed_at) VALUES ('1db36bc9-487a-47ea-8b27-bef8926bbe27', '2f0a6415-514b-4686-8505-1a9355b4ab48', 'D4E5F6G7-H8I9-0123-DEFG-456789012345', 5664000.0, 'VND', 'SUCCEEDED', 'VNPAY', '435a1bbe-f6f6-4782-a769-fd8093404c82', '2023-03-03 00:00:00', '2023-03-03 00:00:00');
INSERT INTO reviews (id, vehicle_id, booking_id, reviewer_id, owner_id, rating, cleanliness, accuracy, communication, value_rating, comment, created_at, updated_at) VALUES ('42eccb64-557d-4ecc-8b03-987368311f0e', 'V1A2B3C4-D5E6-7890-VHCL-111111111111', '2f0a6415-514b-4686-8505-1a9355b4ab48', 'D4E5F6G7-H8I9-0123-DEFG-456789012345', 'E5F6G7H8-I9J0-1234-EFGH-567890123456', 5, 5, 5, 5, 5, N'Trải nghiệm tuyệt vời!', '2023-03-12 00:00:00', '2023-03-12 00:00:00');
INSERT INTO bookings (id, vehicle_id, renter_id, owner_id, status, start_date, end_date, total_days, base_price, price_per_day, service_fee, taxes, total, deposit, created_at, updated_at) VALUES ('b552e743-e60b-4562-ba2f-4c5f23a64bba', 'V1A2B3C4-D5E6-7890-VHCL-111111111111', 'B2C3D4E5-F6G7-8901-BCDE-234567890123', 'E5F6G7H8-I9J0-1234-EFGH-567890123456', 'COMPLETED', '2023-11-28', '2023-12-02', 4, 3200000, 800000, 320000.0, 256000.0, 3776000.0, 3000000, '2023-11-22 00:00:00', '2023-11-22 00:00:00');
INSERT INTO payments (id, booking_id, user_id, amount, currency, status, method, transaction_id, created_at, processed_at) VALUES ('deca0170-1536-4f4d-9029-deeb4a7825bd', 'b552e743-e60b-4562-ba2f-4c5f23a64bba', 'B2C3D4E5-F6G7-8901-BCDE-234567890123', 3776000.0, 'VND', 'SUCCEEDED', 'VNPAY', 'f545b0ba-bb7e-4afd-9ce1-787ecc63b542', '2023-11-22 00:00:00', '2023-11-22 00:00:00');
INSERT INTO reviews (id, vehicle_id, booking_id, reviewer_id, owner_id, rating, cleanliness, accuracy, communication, value_rating, comment, created_at, updated_at) VALUES ('f0cf1688-cfb9-40ae-929d-ca271053499e', 'V1A2B3C4-D5E6-7890-VHCL-111111111111', 'b552e743-e60b-4562-ba2f-4c5f23a64bba', 'B2C3D4E5-F6G7-8901-BCDE-234567890123', 'E5F6G7H8-I9J0-1234-EFGH-567890123456', 5, 5, 5, 5, 5, N'Trải nghiệm tuyệt vời!', '2023-12-02 00:00:00', '2023-12-02 00:00:00');
INSERT INTO bookings (id, vehicle_id, renter_id, owner_id, status, start_date, end_date, total_days, base_price, price_per_day, service_fee, taxes, total, deposit, created_at, updated_at) VALUES ('8a29778c-6ec7-4cac-885b-d68a8e6c5bb6', 'V1A2B3C4-D5E6-7890-VHCL-111111111111', 'D4E5F6G7-H8I9-0123-DEFG-456789012345', 'E5F6G7H8-I9J0-1234-EFGH-567890123456', 'COMPLETED', '2023-06-03', '2023-06-08', 5, 4000000, 800000, 400000.0, 320000.0, 4720000.0, 3000000, '2023-05-28 00:00:00', '2023-05-28 00:00:00');
INSERT INTO payments (id, booking_id, user_id, amount, currency, status, method, transaction_id, created_at, processed_at) VALUES ('369edb6b-3090-4212-a6d9-8d55f4ff5220', '8a29778c-6ec7-4cac-885b-d68a8e6c5bb6', 'D4E5F6G7-H8I9-0123-DEFG-456789012345', 4720000.0, 'VND', 'SUCCEEDED', 'VNPAY', 'c0aa844f-5ffc-41b9-b5ff-f7aaf54babbe', '2023-05-28 00:00:00', '2023-05-28 00:00:00');
INSERT INTO reviews (id, vehicle_id, booking_id, reviewer_id, owner_id, rating, cleanliness, accuracy, communication, value_rating, comment, created_at, updated_at) VALUES ('84144b45-27fa-4297-b124-00fcd864228b', 'V1A2B3C4-D5E6-7890-VHCL-111111111111', '8a29778c-6ec7-4cac-885b-d68a8e6c5bb6', 'D4E5F6G7-H8I9-0123-DEFG-456789012345', 'E5F6G7H8-I9J0-1234-EFGH-567890123456', 3, 3, 3, 3, 3, N'Trải nghiệm tuyệt vời!', '2023-06-08 00:00:00', '2023-06-08 00:00:00');
INSERT INTO bookings (id, vehicle_id, renter_id, owner_id, status, start_date, end_date, total_days, base_price, price_per_day, service_fee, taxes, total, deposit, created_at, updated_at) VALUES ('9f86dc00-80eb-4d4f-b8de-e664eed2629c', 'V1A2B3C4-D5E6-7890-VHCL-111111111111', 'D4E5F6G7-H8I9-0123-DEFG-456789012345', 'E5F6G7H8-I9J0-1234-EFGH-567890123456', 'COMPLETED', '2023-07-11', '2023-07-15', 4, 3200000, 800000, 320000.0, 256000.0, 3776000.0, 3000000, '2023-07-06 00:00:00', '2023-07-06 00:00:00');
INSERT INTO payments (id, booking_id, user_id, amount, currency, status, method, transaction_id, created_at, processed_at) VALUES ('1fab8aea-d2bd-426b-a98e-c689370f0d13', '9f86dc00-80eb-4d4f-b8de-e664eed2629c', 'D4E5F6G7-H8I9-0123-DEFG-456789012345', 3776000.0, 'VND', 'SUCCEEDED', 'VNPAY', 'bce077a1-2149-4e25-af94-41152783c606', '2023-07-06 00:00:00', '2023-07-06 00:00:00');
INSERT INTO reviews (id, vehicle_id, booking_id, reviewer_id, owner_id, rating, cleanliness, accuracy, communication, value_rating, comment, created_at, updated_at) VALUES ('c19936d1-ebf4-4644-bdf1-722fe10b0bd8', 'V1A2B3C4-D5E6-7890-VHCL-111111111111', '9f86dc00-80eb-4d4f-b8de-e664eed2629c', 'D4E5F6G7-H8I9-0123-DEFG-456789012345', 'E5F6G7H8-I9J0-1234-EFGH-567890123456', 5, 5, 5, 5, 5, N'Trải nghiệm tuyệt vời!', '2023-07-15 00:00:00', '2023-07-15 00:00:00');
INSERT INTO bookings (id, vehicle_id, renter_id, owner_id, status, start_date, end_date, total_days, base_price, price_per_day, service_fee, taxes, total, deposit, created_at, updated_at) VALUES ('e0f9221e-4552-4ece-96aa-e0601740e5b5', 'V1A2B3C4-D5E6-7890-VHCL-111111111111', 'C3D4E5F6-G7H8-9012-CDEF-345678901234', 'E5F6G7H8-I9J0-1234-EFGH-567890123456', 'COMPLETED', '2023-04-29', '2023-04-30', 1, 800000, 800000, 80000.0, 64000.0, 944000.0, 3000000, '2023-04-16 00:00:00', '2023-04-16 00:00:00');
INSERT INTO payments (id, booking_id, user_id, amount, currency, status, method, transaction_id, created_at, processed_at) VALUES ('f95f0416-dca3-4e98-a58d-c645600cb61a', 'e0f9221e-4552-4ece-96aa-e0601740e5b5', 'C3D4E5F6-G7H8-9012-CDEF-345678901234', 944000.0, 'VND', 'SUCCEEDED', 'VNPAY', 'cbfd2c3a-d1cf-48af-b0b7-46666ca4fe18', '2023-04-16 00:00:00', '2023-04-16 00:00:00');
INSERT INTO reviews (id, vehicle_id, booking_id, reviewer_id, owner_id, rating, cleanliness, accuracy, communication, value_rating, comment, created_at, updated_at) VALUES ('846595ff-3b93-44c5-8da1-70163dc30e7a', 'V1A2B3C4-D5E6-7890-VHCL-111111111111', 'e0f9221e-4552-4ece-96aa-e0601740e5b5', 'C3D4E5F6-G7H8-9012-CDEF-345678901234', 'E5F6G7H8-I9J0-1234-EFGH-567890123456', 5, 5, 5, 5, 5, N'Trải nghiệm tuyệt vời!', '2023-04-30 00:00:00', '2023-04-30 00:00:00');
INSERT INTO bookings (id, vehicle_id, renter_id, owner_id, status, start_date, end_date, total_days, base_price, price_per_day, service_fee, taxes, total, deposit, created_at, updated_at) VALUES ('39f34c47-3304-4ee2-9e4a-bb4a1607fd42', 'V1A2B3C4-D5E6-7890-VHCL-111111111111', 'C3D4E5F6-G7H8-9012-CDEF-345678901234', 'E5F6G7H8-I9J0-1234-EFGH-567890123456', 'CANCELLED', '2024-02-27', '2024-03-02', 4, 3200000, 800000, 320000.0, 256000.0, 3776000.0, 3000000, '2024-02-17 00:00:00', '2024-02-17 00:00:00');
INSERT INTO payments (id, booking_id, user_id, amount, currency, status, method, transaction_id, created_at, processed_at) VALUES ('0ff2d7e0-e5f9-4aa4-a72a-0aee25767a15', '39f34c47-3304-4ee2-9e4a-bb4a1607fd42', 'C3D4E5F6-G7H8-9012-CDEF-345678901234', 3776000.0, 'VND', 'REFUNDED', 'VNPAY', 'a37cb163-bb06-47ea-bfb9-f9544a65a083', '2024-02-17 00:00:00', '2024-02-17 00:00:00');
INSERT INTO bookings (id, vehicle_id, renter_id, owner_id, status, start_date, end_date, total_days, base_price, price_per_day, service_fee, taxes, total, deposit, created_at, updated_at) VALUES ('63df5806-bb46-4bfe-9b63-dd34413a1fde', 'V1A2B3C4-D5E6-7890-VHCL-111111111111', 'B2C3D4E5-F6G7-8901-BCDE-234567890123', 'E5F6G7H8-I9J0-1234-EFGH-567890123456', 'CANCELLED', '2023-12-31', '2024-01-09', 9, 7200000, 800000, 720000.0, 576000.0, 8496000.0, 3000000, '2023-12-25 00:00:00', '2023-12-25 00:00:00');
INSERT INTO payments (id, booking_id, user_id, amount, currency, status, method, transaction_id, created_at, processed_at) VALUES ('b23d739d-fa80-48c9-abf1-8ef62d5cb9d5', '63df5806-bb46-4bfe-9b63-dd34413a1fde', 'B2C3D4E5-F6G7-8901-BCDE-234567890123', 8496000.0, 'VND', 'REFUNDED', 'VNPAY', '26a81f3f-50cb-46a3-87f7-f967fb2e7ccb', '2023-12-25 00:00:00', '2023-12-25 00:00:00');
INSERT INTO bookings (id, vehicle_id, renter_id, owner_id, status, start_date, end_date, total_days, base_price, price_per_day, service_fee, taxes, total, deposit, created_at, updated_at) VALUES ('4c0f9967-1d51-43d3-8b2f-400cf099f11f', 'V1A2B3C4-D5E6-7890-VHCL-111111111111', 'C3D4E5F6-G7H8-9012-CDEF-345678901234', 'E5F6G7H8-I9J0-1234-EFGH-567890123456', 'COMPLETED', '2024-01-02', '2024-01-04', 2, 1600000, 800000, 160000.0, 128000.0, 1888000.0, 3000000, '2023-12-31 00:00:00', '2023-12-31 00:00:00');
INSERT INTO payments (id, booking_id, user_id, amount, currency, status, method, transaction_id, created_at, processed_at) VALUES ('0c4c0a83-bdb6-4ac1-9be6-4a000539b809', '4c0f9967-1d51-43d3-8b2f-400cf099f11f', 'C3D4E5F6-G7H8-9012-CDEF-345678901234', 1888000.0, 'VND', 'SUCCEEDED', 'VNPAY', '3a73eb36-a478-4e2c-892c-d5d6cd53b92e', '2023-12-31 00:00:00', '2023-12-31 00:00:00');
INSERT INTO reviews (id, vehicle_id, booking_id, reviewer_id, owner_id, rating, cleanliness, accuracy, communication, value_rating, comment, created_at, updated_at) VALUES ('86641b91-8530-412b-9c1e-d296debd8f9f', 'V1A2B3C4-D5E6-7890-VHCL-111111111111', '4c0f9967-1d51-43d3-8b2f-400cf099f11f', 'C3D4E5F6-G7H8-9012-CDEF-345678901234', 'E5F6G7H8-I9J0-1234-EFGH-567890123456', 4, 4, 4, 4, 4, N'Trải nghiệm tuyệt vời!', '2024-01-04 00:00:00', '2024-01-04 00:00:00');
INSERT INTO bookings (id, vehicle_id, renter_id, owner_id, status, start_date, end_date, total_days, base_price, price_per_day, service_fee, taxes, total, deposit, created_at, updated_at) VALUES ('afd21268-d20d-45d3-8f30-e6fc62e53b06', 'V1A2B3C4-D5E6-7890-VHCL-111111111111', 'C3D4E5F6-G7H8-9012-CDEF-345678901234', 'E5F6G7H8-I9J0-1234-EFGH-567890123456', 'COMPLETED', '2023-10-06', '2023-10-16', 10, 8000000, 800000, 800000.0, 640000.0, 9440000.0, 3000000, '2023-10-01 00:00:00', '2023-10-01 00:00:00');
INSERT INTO payments (id, booking_id, user_id, amount, currency, status, method, transaction_id, created_at, processed_at) VALUES ('5db81c32-0193-4e4d-a119-4a25d0f360b6', 'afd21268-d20d-45d3-8f30-e6fc62e53b06', 'C3D4E5F6-G7H8-9012-CDEF-345678901234', 9440000.0, 'VND', 'SUCCEEDED', 'VNPAY', 'c4dcffec-da67-4b68-b551-acceeb09a4a3', '2023-10-01 00:00:00', '2023-10-01 00:00:00');
INSERT INTO reviews (id, vehicle_id, booking_id, reviewer_id, owner_id, rating, cleanliness, accuracy, communication, value_rating, comment, created_at, updated_at) VALUES ('187d3bdf-680d-4434-9ba9-65e80aaf207e', 'V1A2B3C4-D5E6-7890-VHCL-111111111111', 'afd21268-d20d-45d3-8f30-e6fc62e53b06', 'C3D4E5F6-G7H8-9012-CDEF-345678901234', 'E5F6G7H8-I9J0-1234-EFGH-567890123456', 4, 4, 4, 4, 4, N'Trải nghiệm tuyệt vời!', '2023-10-16 00:00:00', '2023-10-16 00:00:00');
INSERT INTO bookings (id, vehicle_id, renter_id, owner_id, status, start_date, end_date, total_days, base_price, price_per_day, service_fee, taxes, total, deposit, created_at, updated_at) VALUES ('bfeb658d-c13a-4787-80b5-929f0a87a134', 'V1A2B3C4-D5E6-7890-VHCL-111111111111', 'D4E5F6G7-H8I9-0123-DEFG-456789012345', 'E5F6G7H8-I9J0-1234-EFGH-567890123456', 'COMPLETED', '2024-05-25', '2024-06-01', 7, 5600000, 800000, 560000.0, 448000.0, 6608000.0, 3000000, '2024-05-18 00:00:00', '2024-05-18 00:00:00');
INSERT INTO payments (id, booking_id, user_id, amount, currency, status, method, transaction_id, created_at, processed_at) VALUES ('1b8ab65b-6132-4556-9fbc-23de0de94222', 'bfeb658d-c13a-4787-80b5-929f0a87a134', 'D4E5F6G7-H8I9-0123-DEFG-456789012345', 6608000.0, 'VND', 'SUCCEEDED', 'VNPAY', '0681400d-ec42-46ec-b990-edc28b882a87', '2024-05-18 00:00:00', '2024-05-18 00:00:00');
INSERT INTO reviews (id, vehicle_id, booking_id, reviewer_id, owner_id, rating, cleanliness, accuracy, communication, value_rating, comment, created_at, updated_at) VALUES ('b017e119-5e95-44fc-94f4-c719e7e72c44', 'V1A2B3C4-D5E6-7890-VHCL-111111111111', 'bfeb658d-c13a-4787-80b5-929f0a87a134', 'D4E5F6G7-H8I9-0123-DEFG-456789012345', 'E5F6G7H8-I9J0-1234-EFGH-567890123456', 5, 5, 5, 5, 5, N'Trải nghiệm tuyệt vời!', '2024-06-01 00:00:00', '2024-06-01 00:00:00');
INSERT INTO bookings (id, vehicle_id, renter_id, owner_id, status, start_date, end_date, total_days, base_price, price_per_day, service_fee, taxes, total, deposit, created_at, updated_at) VALUES ('84a2b60d-cda7-4552-b4b3-a11038dc197f', 'V1A2B3C4-D5E6-7890-VHCL-111111111111', 'B2C3D4E5-F6G7-8901-BCDE-234567890123', 'E5F6G7H8-I9J0-1234-EFGH-567890123456', 'COMPLETED', '2023-05-24', '2023-05-30', 6, 4800000, 800000, 480000.0, 384000.0, 5664000.0, 3000000, '2023-05-22 00:00:00', '2023-05-22 00:00:00');
INSERT INTO payments (id, booking_id, user_id, amount, currency, status, method, transaction_id, created_at, processed_at) VALUES ('12552de0-ea5b-4abe-9c48-1b58abf7753d', '84a2b60d-cda7-4552-b4b3-a11038dc197f', 'B2C3D4E5-F6G7-8901-BCDE-234567890123', 5664000.0, 'VND', 'SUCCEEDED', 'VNPAY', 'b9d5225a-e182-4958-93bb-61fdae3b55bb', '2023-05-22 00:00:00', '2023-05-22 00:00:00');
INSERT INTO reviews (id, vehicle_id, booking_id, reviewer_id, owner_id, rating, cleanliness, accuracy, communication, value_rating, comment, created_at, updated_at) VALUES ('501d3c03-f579-4e35-bada-92243fb9e7bf', 'V1A2B3C4-D5E6-7890-VHCL-111111111111', '84a2b60d-cda7-4552-b4b3-a11038dc197f', 'B2C3D4E5-F6G7-8901-BCDE-234567890123', 'E5F6G7H8-I9J0-1234-EFGH-567890123456', 3, 3, 3, 3, 3, N'Trải nghiệm tuyệt vời!', '2023-05-30 00:00:00', '2023-05-30 00:00:00');
INSERT INTO bookings (id, vehicle_id, renter_id, owner_id, status, start_date, end_date, total_days, base_price, price_per_day, service_fee, taxes, total, deposit, created_at, updated_at) VALUES ('96ac59c2-d0c1-4b8b-876a-a68412c11cc6', 'V1A2B3C4-D5E6-7890-VHCL-111111111111', 'B2C3D4E5-F6G7-8901-BCDE-234567890123', 'E5F6G7H8-I9J0-1234-EFGH-567890123456', 'COMPLETED', '2023-03-25', '2023-03-30', 5, 4000000, 800000, 400000.0, 320000.0, 4720000.0, 3000000, '2023-03-15 00:00:00', '2023-03-15 00:00:00');
INSERT INTO payments (id, booking_id, user_id, amount, currency, status, method, transaction_id, created_at, processed_at) VALUES ('2221ce87-d518-4084-8f49-543658cb154b', '96ac59c2-d0c1-4b8b-876a-a68412c11cc6', 'B2C3D4E5-F6G7-8901-BCDE-234567890123', 4720000.0, 'VND', 'SUCCEEDED', 'VNPAY', 'dc261731-45f4-459f-b31a-e4cedca14afe', '2023-03-15 00:00:00', '2023-03-15 00:00:00');
INSERT INTO reviews (id, vehicle_id, booking_id, reviewer_id, owner_id, rating, cleanliness, accuracy, communication, value_rating, comment, created_at, updated_at) VALUES ('9ef43717-cee0-4653-afd9-5d441af9d9de', 'V1A2B3C4-D5E6-7890-VHCL-111111111111', '96ac59c2-d0c1-4b8b-876a-a68412c11cc6', 'B2C3D4E5-F6G7-8901-BCDE-234567890123', 'E5F6G7H8-I9J0-1234-EFGH-567890123456', 4, 4, 4, 4, 4, N'Trải nghiệm tuyệt vời!', '2023-03-30 00:00:00', '2023-03-30 00:00:00');
INSERT INTO bookings (id, vehicle_id, renter_id, owner_id, status, start_date, end_date, total_days, base_price, price_per_day, service_fee, taxes, total, deposit, created_at, updated_at) VALUES ('ccb97b1b-f7fe-455a-86ac-34f73a9f7c0c', 'V1A2B3C4-D5E6-7890-VHCL-111111111111', 'B2C3D4E5-F6G7-8901-BCDE-234567890123', 'E5F6G7H8-I9J0-1234-EFGH-567890123456', 'COMPLETED', '2023-07-23', '2023-07-26', 3, 2400000, 800000, 240000.0, 192000.0, 2832000.0, 3000000, '2023-07-14 00:00:00', '2023-07-14 00:00:00');
INSERT INTO payments (id, booking_id, user_id, amount, currency, status, method, transaction_id, created_at, processed_at) VALUES ('d43bca38-5831-44b6-9d5f-8835806f6ede', 'ccb97b1b-f7fe-455a-86ac-34f73a9f7c0c', 'B2C3D4E5-F6G7-8901-BCDE-234567890123', 2832000.0, 'VND', 'SUCCEEDED', 'VNPAY', '4f1e45d3-2b46-46d1-9713-aa4be6fd2163', '2023-07-14 00:00:00', '2023-07-14 00:00:00');
INSERT INTO reviews (id, vehicle_id, booking_id, reviewer_id, owner_id, rating, cleanliness, accuracy, communication, value_rating, comment, created_at, updated_at) VALUES ('b47108d1-8884-4bc9-bcf9-83d09f648559', 'V1A2B3C4-D5E6-7890-VHCL-111111111111', 'ccb97b1b-f7fe-455a-86ac-34f73a9f7c0c', 'B2C3D4E5-F6G7-8901-BCDE-234567890123', 'E5F6G7H8-I9J0-1234-EFGH-567890123456', 3, 3, 3, 3, 3, N'Trải nghiệm tuyệt vời!', '2023-07-26 00:00:00', '2023-07-26 00:00:00');
INSERT INTO bookings (id, vehicle_id, renter_id, owner_id, status, start_date, end_date, total_days, base_price, price_per_day, service_fee, taxes, total, deposit, created_at, updated_at) VALUES ('636714b7-720c-44c9-a04d-af77284416ce', 'V1A2B3C4-D5E6-7890-VHCL-111111111111', 'B2C3D4E5-F6G7-8901-BCDE-234567890123', 'E5F6G7H8-I9J0-1234-EFGH-567890123456', 'COMPLETED', '2023-11-15', '2023-11-20', 5, 4000000, 800000, 400000.0, 320000.0, 4720000.0, 3000000, '2023-11-13 00:00:00', '2023-11-13 00:00:00');
INSERT INTO payments (id, booking_id, user_id, amount, currency, status, method, transaction_id, created_at, processed_at) VALUES ('c65f6bf3-0525-4cce-91d1-b8f354d8528f', '636714b7-720c-44c9-a04d-af77284416ce', 'B2C3D4E5-F6G7-8901-BCDE-234567890123', 4720000.0, 'VND', 'SUCCEEDED', 'VNPAY', '2b021c74-8d74-4394-aea6-0986640cc1cb', '2023-11-13 00:00:00', '2023-11-13 00:00:00');
INSERT INTO reviews (id, vehicle_id, booking_id, reviewer_id, owner_id, rating, cleanliness, accuracy, communication, value_rating, comment, created_at, updated_at) VALUES ('e81e1d31-a48b-4ec1-8c7a-da7e2376638e', 'V1A2B3C4-D5E6-7890-VHCL-111111111111', '636714b7-720c-44c9-a04d-af77284416ce', 'B2C3D4E5-F6G7-8901-BCDE-234567890123', 'E5F6G7H8-I9J0-1234-EFGH-567890123456', 4, 4, 4, 4, 4, N'Trải nghiệm tuyệt vời!', '2023-11-20 00:00:00', '2023-11-20 00:00:00');
INSERT INTO bookings (id, vehicle_id, renter_id, owner_id, status, start_date, end_date, total_days, base_price, price_per_day, service_fee, taxes, total, deposit, created_at, updated_at) VALUES ('aa7148be-f893-4156-b8c3-9554e4399601', 'V1A2B3C4-D5E6-7890-VHCL-111111111111', 'B2C3D4E5-F6G7-8901-BCDE-234567890123', 'E5F6G7H8-I9J0-1234-EFGH-567890123456', 'COMPLETED', '2023-04-13', '2023-04-21', 8, 6400000, 800000, 640000.0, 512000.0, 7552000.0, 3000000, '2023-04-02 00:00:00', '2023-04-02 00:00:00');
INSERT INTO payments (id, booking_id, user_id, amount, currency, status, method, transaction_id, created_at, processed_at) VALUES ('f94994aa-fc33-4975-bc34-f3fe3655c473', 'aa7148be-f893-4156-b8c3-9554e4399601', 'B2C3D4E5-F6G7-8901-BCDE-234567890123', 7552000.0, 'VND', 'SUCCEEDED', 'VNPAY', '6ca01e50-3430-49c6-9650-4796bded2d1a', '2023-04-02 00:00:00', '2023-04-02 00:00:00');
INSERT INTO reviews (id, vehicle_id, booking_id, reviewer_id, owner_id, rating, cleanliness, accuracy, communication, value_rating, comment, created_at, updated_at) VALUES ('fff01175-1f3a-4b9a-9565-fa2b667fa7e2', 'V1A2B3C4-D5E6-7890-VHCL-111111111111', 'aa7148be-f893-4156-b8c3-9554e4399601', 'B2C3D4E5-F6G7-8901-BCDE-234567890123', 'E5F6G7H8-I9J0-1234-EFGH-567890123456', 4, 4, 4, 4, 4, N'Trải nghiệm tuyệt vời!', '2023-04-21 00:00:00', '2023-04-21 00:00:00');
INSERT INTO bookings (id, vehicle_id, renter_id, owner_id, status, start_date, end_date, total_days, base_price, price_per_day, service_fee, taxes, total, deposit, created_at, updated_at) VALUES ('37df19b5-cdaa-4020-86b1-ad5768b8f587', 'V1A2B3C4-D5E6-7890-VHCL-111111111111', 'C3D4E5F6-G7H8-9012-CDEF-345678901234', 'E5F6G7H8-I9J0-1234-EFGH-567890123456', 'COMPLETED', '2024-03-23', '2024-03-30', 7, 5600000, 800000, 560000.0, 448000.0, 6608000.0, 3000000, '2024-03-18 00:00:00', '2024-03-18 00:00:00');
INSERT INTO payments (id, booking_id, user_id, amount, currency, status, method, transaction_id, created_at, processed_at) VALUES ('8c3d797a-1883-43a5-8129-908b0685faf4', '37df19b5-cdaa-4020-86b1-ad5768b8f587', 'C3D4E5F6-G7H8-9012-CDEF-345678901234', 6608000.0, 'VND', 'SUCCEEDED', 'VNPAY', '969ef070-209d-4fe4-9dbf-f6924d904a46', '2024-03-18 00:00:00', '2024-03-18 00:00:00');
INSERT INTO reviews (id, vehicle_id, booking_id, reviewer_id, owner_id, rating, cleanliness, accuracy, communication, value_rating, comment, created_at, updated_at) VALUES ('8a91681a-a1fd-4d96-9bfb-a1c18ae00716', 'V1A2B3C4-D5E6-7890-VHCL-111111111111', '37df19b5-cdaa-4020-86b1-ad5768b8f587', 'C3D4E5F6-G7H8-9012-CDEF-345678901234', 'E5F6G7H8-I9J0-1234-EFGH-567890123456', 3, 3, 3, 3, 3, N'Trải nghiệm tuyệt vời!', '2024-03-30 00:00:00', '2024-03-30 00:00:00');
INSERT INTO bookings (id, vehicle_id, renter_id, owner_id, status, start_date, end_date, total_days, base_price, price_per_day, service_fee, taxes, total, deposit, created_at, updated_at) VALUES ('0768532d-ff7c-4e55-88cd-1ab377067ac0', 'V1A2B3C4-D5E6-7890-VHCL-111111111111', 'D4E5F6G7-H8I9-0123-DEFG-456789012345', 'E5F6G7H8-I9J0-1234-EFGH-567890123456', 'COMPLETED', '2024-04-19', '2024-04-26', 7, 5600000, 800000, 560000.0, 448000.0, 6608000.0, 3000000, '2024-04-11 00:00:00', '2024-04-11 00:00:00');
INSERT INTO payments (id, booking_id, user_id, amount, currency, status, method, transaction_id, created_at, processed_at) VALUES ('fa2c3762-3fac-4db8-8acc-5f32df8538a5', '0768532d-ff7c-4e55-88cd-1ab377067ac0', 'D4E5F6G7-H8I9-0123-DEFG-456789012345', 6608000.0, 'VND', 'SUCCEEDED', 'VNPAY', 'c037f4ae-7e67-496f-beb8-9f35e2a4b01d', '2024-04-11 00:00:00', '2024-04-11 00:00:00');
INSERT INTO reviews (id, vehicle_id, booking_id, reviewer_id, owner_id, rating, cleanliness, accuracy, communication, value_rating, comment, created_at, updated_at) VALUES ('e820ac42-8efd-4d4c-9fe4-094fa129dfd0', 'V1A2B3C4-D5E6-7890-VHCL-111111111111', '0768532d-ff7c-4e55-88cd-1ab377067ac0', 'D4E5F6G7-H8I9-0123-DEFG-456789012345', 'E5F6G7H8-I9J0-1234-EFGH-567890123456', 4, 4, 4, 4, 4, N'Trải nghiệm tuyệt vời!', '2024-04-26 00:00:00', '2024-04-26 00:00:00');
INSERT INTO bookings (id, vehicle_id, renter_id, owner_id, status, start_date, end_date, total_days, base_price, price_per_day, service_fee, taxes, total, deposit, created_at, updated_at) VALUES ('b4e0ac7f-4144-48cd-84fb-b09b5c3f97e0', 'V1A2B3C4-D5E6-7890-VHCL-111111111111', 'D4E5F6G7-H8I9-0123-DEFG-456789012345', 'E5F6G7H8-I9J0-1234-EFGH-567890123456', 'COMPLETED', '2023-09-22', '2023-09-27', 5, 4000000, 800000, 400000.0, 320000.0, 4720000.0, 3000000, '2023-09-19 00:00:00', '2023-09-19 00:00:00');
INSERT INTO payments (id, booking_id, user_id, amount, currency, status, method, transaction_id, created_at, processed_at) VALUES ('8b5de400-6c3b-440a-95c7-be2bcfe317f8', 'b4e0ac7f-4144-48cd-84fb-b09b5c3f97e0', 'D4E5F6G7-H8I9-0123-DEFG-456789012345', 4720000.0, 'VND', 'SUCCEEDED', 'VNPAY', '67f3128b-f7f1-4df7-88fa-ea9e81686691', '2023-09-19 00:00:00', '2023-09-19 00:00:00');
INSERT INTO reviews (id, vehicle_id, booking_id, reviewer_id, owner_id, rating, cleanliness, accuracy, communication, value_rating, comment, created_at, updated_at) VALUES ('61052102-d393-4dda-865f-b05f2a1df209', 'V1A2B3C4-D5E6-7890-VHCL-111111111111', 'b4e0ac7f-4144-48cd-84fb-b09b5c3f97e0', 'D4E5F6G7-H8I9-0123-DEFG-456789012345', 'E5F6G7H8-I9J0-1234-EFGH-567890123456', 3, 3, 3, 3, 3, N'Trải nghiệm tuyệt vời!', '2023-09-27 00:00:00', '2023-09-27 00:00:00');
INSERT INTO bookings (id, vehicle_id, renter_id, owner_id, status, start_date, end_date, total_days, base_price, price_per_day, service_fee, taxes, total, deposit, created_at, updated_at) VALUES ('239da00a-3f69-4621-9b87-dfd6218eb7f4', 'V1A2B3C4-D5E6-7890-VHCL-111111111111', 'D4E5F6G7-H8I9-0123-DEFG-456789012345', 'E5F6G7H8-I9J0-1234-EFGH-567890123456', 'COMPLETED', '2023-01-22', '2023-01-31', 9, 7200000, 800000, 720000.0, 576000.0, 8496000.0, 3000000, '2023-01-10 00:00:00', '2023-01-10 00:00:00');
INSERT INTO payments (id, booking_id, user_id, amount, currency, status, method, transaction_id, created_at, processed_at) VALUES ('d537645f-839f-405d-9ecd-a335736f6ceb', '239da00a-3f69-4621-9b87-dfd6218eb7f4', 'D4E5F6G7-H8I9-0123-DEFG-456789012345', 8496000.0, 'VND', 'SUCCEEDED', 'VNPAY', '4475c07e-0149-480e-8435-5f6bcdf9913a', '2023-01-10 00:00:00', '2023-01-10 00:00:00');
INSERT INTO reviews (id, vehicle_id, booking_id, reviewer_id, owner_id, rating, cleanliness, accuracy, communication, value_rating, comment, created_at, updated_at) VALUES ('a22cb1bc-1f06-4b55-b4b3-aa8ede28af3a', 'V1A2B3C4-D5E6-7890-VHCL-111111111111', '239da00a-3f69-4621-9b87-dfd6218eb7f4', 'D4E5F6G7-H8I9-0123-DEFG-456789012345', 'E5F6G7H8-I9J0-1234-EFGH-567890123456', 5, 5, 5, 5, 5, N'Trải nghiệm tuyệt vời!', '2023-01-31 00:00:00', '2023-01-31 00:00:00');
INSERT INTO bookings (id, vehicle_id, renter_id, owner_id, status, start_date, end_date, total_days, base_price, price_per_day, service_fee, taxes, total, deposit, created_at, updated_at) VALUES ('e7f545e8-a91e-4bea-b49d-6171c2cb6688', 'V1A2B3C4-D5E6-7890-VHCL-111111111111', 'C3D4E5F6-G7H8-9012-CDEF-345678901234', 'E5F6G7H8-I9J0-1234-EFGH-567890123456', 'COMPLETED', '2023-01-12', '2023-01-15', 3, 2400000, 800000, 240000.0, 192000.0, 2832000.0, 3000000, '2023-01-11 00:00:00', '2023-01-11 00:00:00');
INSERT INTO payments (id, booking_id, user_id, amount, currency, status, method, transaction_id, created_at, processed_at) VALUES ('8e0f52f6-4a40-4ed3-89e7-62ac35a07df4', 'e7f545e8-a91e-4bea-b49d-6171c2cb6688', 'C3D4E5F6-G7H8-9012-CDEF-345678901234', 2832000.0, 'VND', 'SUCCEEDED', 'VNPAY', '2f5a01b5-5182-43b9-aa84-44e8f912f23f', '2023-01-11 00:00:00', '2023-01-11 00:00:00');
INSERT INTO reviews (id, vehicle_id, booking_id, reviewer_id, owner_id, rating, cleanliness, accuracy, communication, value_rating, comment, created_at, updated_at) VALUES ('48efce2f-ada1-4b76-86f7-32ba0046be98', 'V1A2B3C4-D5E6-7890-VHCL-111111111111', 'e7f545e8-a91e-4bea-b49d-6171c2cb6688', 'C3D4E5F6-G7H8-9012-CDEF-345678901234', 'E5F6G7H8-I9J0-1234-EFGH-567890123456', 3, 3, 3, 3, 3, N'Trải nghiệm tuyệt vời!', '2023-01-15 00:00:00', '2023-01-15 00:00:00');
INSERT INTO bookings (id, vehicle_id, renter_id, owner_id, status, start_date, end_date, total_days, base_price, price_per_day, service_fee, taxes, total, deposit, created_at, updated_at) VALUES ('89ec0991-7bc7-4c1c-81db-cfaae3d29d74', 'V1A2B3C4-D5E6-7890-VHCL-111111111111', 'C3D4E5F6-G7H8-9012-CDEF-345678901234', 'E5F6G7H8-I9J0-1234-EFGH-567890123456', 'COMPLETED', '2023-07-13', '2023-07-19', 6, 4800000, 800000, 480000.0, 384000.0, 5664000.0, 3000000, '2023-07-07 00:00:00', '2023-07-07 00:00:00');
INSERT INTO payments (id, booking_id, user_id, amount, currency, status, method, transaction_id, created_at, processed_at) VALUES ('b50f5976-303e-47d2-85db-c5cf84d4c522', '89ec0991-7bc7-4c1c-81db-cfaae3d29d74', 'C3D4E5F6-G7H8-9012-CDEF-345678901234', 5664000.0, 'VND', 'SUCCEEDED', 'VNPAY', '471ef428-f42f-493d-aa69-74d267b5e943', '2023-07-07 00:00:00', '2023-07-07 00:00:00');
INSERT INTO reviews (id, vehicle_id, booking_id, reviewer_id, owner_id, rating, cleanliness, accuracy, communication, value_rating, comment, created_at, updated_at) VALUES ('b19445b3-8d73-4824-8727-eefc0d8cff7e', 'V1A2B3C4-D5E6-7890-VHCL-111111111111', '89ec0991-7bc7-4c1c-81db-cfaae3d29d74', 'C3D4E5F6-G7H8-9012-CDEF-345678901234', 'E5F6G7H8-I9J0-1234-EFGH-567890123456', 5, 5, 5, 5, 5, N'Trải nghiệm tuyệt vời!', '2023-07-19 00:00:00', '2023-07-19 00:00:00');
INSERT INTO bookings (id, vehicle_id, renter_id, owner_id, status, start_date, end_date, total_days, base_price, price_per_day, service_fee, taxes, total, deposit, created_at, updated_at) VALUES ('1c68d356-056f-4c88-9325-d95240f589c8', 'V1A2B3C4-D5E6-7890-VHCL-111111111111', 'B2C3D4E5-F6G7-8901-BCDE-234567890123', 'E5F6G7H8-I9J0-1234-EFGH-567890123456', 'COMPLETED', '2023-08-08', '2023-08-14', 6, 4800000, 800000, 480000.0, 384000.0, 5664000.0, 3000000, '2023-08-03 00:00:00', '2023-08-03 00:00:00');
INSERT INTO payments (id, booking_id, user_id, amount, currency, status, method, transaction_id, created_at, processed_at) VALUES ('bcd97e71-c2ee-42ab-ae5f-52741a190697', '1c68d356-056f-4c88-9325-d95240f589c8', 'B2C3D4E5-F6G7-8901-BCDE-234567890123', 5664000.0, 'VND', 'SUCCEEDED', 'VNPAY', 'aef6d6d9-cfd1-4f07-9042-a8e7a71f1f9a', '2023-08-03 00:00:00', '2023-08-03 00:00:00');
INSERT INTO reviews (id, vehicle_id, booking_id, reviewer_id, owner_id, rating, cleanliness, accuracy, communication, value_rating, comment, created_at, updated_at) VALUES ('742b5940-4aa5-4d09-bbe6-dbae22203afd', 'V1A2B3C4-D5E6-7890-VHCL-111111111111', '1c68d356-056f-4c88-9325-d95240f589c8', 'B2C3D4E5-F6G7-8901-BCDE-234567890123', 'E5F6G7H8-I9J0-1234-EFGH-567890123456', 4, 4, 4, 4, 4, N'Trải nghiệm tuyệt vời!', '2023-08-14 00:00:00', '2023-08-14 00:00:00');
INSERT INTO bookings (id, vehicle_id, renter_id, owner_id, status, start_date, end_date, total_days, base_price, price_per_day, service_fee, taxes, total, deposit, created_at, updated_at) VALUES ('829cbea2-eb09-47df-844f-5e594ab283cc', 'V1A2B3C4-D5E6-7890-VHCL-111111111111', 'C3D4E5F6-G7H8-9012-CDEF-345678901234', 'E5F6G7H8-I9J0-1234-EFGH-567890123456', 'COMPLETED', '2023-08-16', '2023-08-17', 1, 800000, 800000, 80000.0, 64000.0, 944000.0, 3000000, '2023-08-15 00:00:00', '2023-08-15 00:00:00');
INSERT INTO payments (id, booking_id, user_id, amount, currency, status, method, transaction_id, created_at, processed_at) VALUES ('a93db74e-7644-4c73-9f80-fd67f59d2443', '829cbea2-eb09-47df-844f-5e594ab283cc', 'C3D4E5F6-G7H8-9012-CDEF-345678901234', 944000.0, 'VND', 'SUCCEEDED', 'VNPAY', '03088e0c-ed99-43e0-bcfc-1cab4825457d', '2023-08-15 00:00:00', '2023-08-15 00:00:00');
INSERT INTO reviews (id, vehicle_id, booking_id, reviewer_id, owner_id, rating, cleanliness, accuracy, communication, value_rating, comment, created_at, updated_at) VALUES ('9adb31a2-3fc2-4581-aa32-acc1959811a5', 'V1A2B3C4-D5E6-7890-VHCL-111111111111', '829cbea2-eb09-47df-844f-5e594ab283cc', 'C3D4E5F6-G7H8-9012-CDEF-345678901234', 'E5F6G7H8-I9J0-1234-EFGH-567890123456', 3, 3, 3, 3, 3, N'Trải nghiệm tuyệt vời!', '2023-08-17 00:00:00', '2023-08-17 00:00:00');
INSERT INTO bookings (id, vehicle_id, renter_id, owner_id, status, start_date, end_date, total_days, base_price, price_per_day, service_fee, taxes, total, deposit, created_at, updated_at) VALUES ('3c2b3190-2353-4635-b036-de5a31968fb3', 'V1A2B3C4-D5E6-7890-VHCL-111111111111', 'B2C3D4E5-F6G7-8901-BCDE-234567890123', 'E5F6G7H8-I9J0-1234-EFGH-567890123456', 'COMPLETED', '2024-01-16', '2024-01-23', 7, 5600000, 800000, 560000.0, 448000.0, 6608000.0, 3000000, '2024-01-09 00:00:00', '2024-01-09 00:00:00');
INSERT INTO payments (id, booking_id, user_id, amount, currency, status, method, transaction_id, created_at, processed_at) VALUES ('4053958e-bbae-4661-b35b-6c44d59e2e07', '3c2b3190-2353-4635-b036-de5a31968fb3', 'B2C3D4E5-F6G7-8901-BCDE-234567890123', 6608000.0, 'VND', 'SUCCEEDED', 'VNPAY', '27996f61-fd8f-49f6-bc21-f423d0927efa', '2024-01-09 00:00:00', '2024-01-09 00:00:00');
INSERT INTO reviews (id, vehicle_id, booking_id, reviewer_id, owner_id, rating, cleanliness, accuracy, communication, value_rating, comment, created_at, updated_at) VALUES ('59060b43-466f-42dd-8147-33a3f5881006', 'V1A2B3C4-D5E6-7890-VHCL-111111111111', '3c2b3190-2353-4635-b036-de5a31968fb3', 'B2C3D4E5-F6G7-8901-BCDE-234567890123', 'E5F6G7H8-I9J0-1234-EFGH-567890123456', 5, 5, 5, 5, 5, N'Trải nghiệm tuyệt vời!', '2024-01-23 00:00:00', '2024-01-23 00:00:00');
INSERT INTO bookings (id, vehicle_id, renter_id, owner_id, status, start_date, end_date, total_days, base_price, price_per_day, service_fee, taxes, total, deposit, created_at, updated_at) VALUES ('649ac0aa-2b88-4a95-b6c5-940be214b76e', 'V1A2B3C4-D5E6-7890-VHCL-111111111111', 'C3D4E5F6-G7H8-9012-CDEF-345678901234', 'E5F6G7H8-I9J0-1234-EFGH-567890123456', 'COMPLETED', '2024-01-11', '2024-01-13', 2, 1600000, 800000, 160000.0, 128000.0, 1888000.0, 3000000, '2023-12-31 00:00:00', '2023-12-31 00:00:00');
INSERT INTO payments (id, booking_id, user_id, amount, currency, status, method, transaction_id, created_at, processed_at) VALUES ('ee8b8df4-501f-4f99-b428-1328152bd762', '649ac0aa-2b88-4a95-b6c5-940be214b76e', 'C3D4E5F6-G7H8-9012-CDEF-345678901234', 1888000.0, 'VND', 'SUCCEEDED', 'VNPAY', '0a2f7db3-d8be-4e7d-abe1-8d05323c45c0', '2023-12-31 00:00:00', '2023-12-31 00:00:00');
INSERT INTO reviews (id, vehicle_id, booking_id, reviewer_id, owner_id, rating, cleanliness, accuracy, communication, value_rating, comment, created_at, updated_at) VALUES ('4738c68a-2520-4380-ad27-3f260dd11c25', 'V1A2B3C4-D5E6-7890-VHCL-111111111111', '649ac0aa-2b88-4a95-b6c5-940be214b76e', 'C3D4E5F6-G7H8-9012-CDEF-345678901234', 'E5F6G7H8-I9J0-1234-EFGH-567890123456', 4, 4, 4, 4, 4, N'Trải nghiệm tuyệt vời!', '2024-01-13 00:00:00', '2024-01-13 00:00:00');
INSERT INTO bookings (id, vehicle_id, renter_id, owner_id, status, start_date, end_date, total_days, base_price, price_per_day, service_fee, taxes, total, deposit, created_at, updated_at) VALUES ('09add137-7a60-4aa3-8483-81dc18652eda', 'V1A2B3C4-D5E6-7890-VHCL-111111111111', 'B2C3D4E5-F6G7-8901-BCDE-234567890123', 'E5F6G7H8-I9J0-1234-EFGH-567890123456', 'COMPLETED', '2023-07-08', '2023-07-15', 7, 5600000, 800000, 560000.0, 448000.0, 6608000.0, 3000000, '2023-06-26 00:00:00', '2023-06-26 00:00:00');
INSERT INTO payments (id, booking_id, user_id, amount, currency, status, method, transaction_id, created_at, processed_at) VALUES ('f69e538d-c655-4629-a584-9072f5aee556', '09add137-7a60-4aa3-8483-81dc18652eda', 'B2C3D4E5-F6G7-8901-BCDE-234567890123', 6608000.0, 'VND', 'SUCCEEDED', 'VNPAY', '964d84c8-a83a-4b35-8a63-5e6e90bfaf64', '2023-06-26 00:00:00', '2023-06-26 00:00:00');
INSERT INTO reviews (id, vehicle_id, booking_id, reviewer_id, owner_id, rating, cleanliness, accuracy, communication, value_rating, comment, created_at, updated_at) VALUES ('175cb3d0-87d9-4129-baf1-4f91e38e7345', 'V1A2B3C4-D5E6-7890-VHCL-111111111111', '09add137-7a60-4aa3-8483-81dc18652eda', 'B2C3D4E5-F6G7-8901-BCDE-234567890123', 'E5F6G7H8-I9J0-1234-EFGH-567890123456', 3, 3, 3, 3, 3, N'Trải nghiệm tuyệt vời!', '2023-07-15 00:00:00', '2023-07-15 00:00:00');
INSERT INTO bookings (id, vehicle_id, renter_id, owner_id, status, start_date, end_date, total_days, base_price, price_per_day, service_fee, taxes, total, deposit, created_at, updated_at) VALUES ('650e0d72-ae1e-475b-a24c-d77a6739631a', 'V1A2B3C4-D5E6-7890-VHCL-111111111111', 'B2C3D4E5-F6G7-8901-BCDE-234567890123', 'E5F6G7H8-I9J0-1234-EFGH-567890123456', 'COMPLETED', '2023-03-11', '2023-03-20', 9, 7200000, 800000, 720000.0, 576000.0, 8496000.0, 3000000, '2023-02-26 00:00:00', '2023-02-26 00:00:00');
INSERT INTO payments (id, booking_id, user_id, amount, currency, status, method, transaction_id, created_at, processed_at) VALUES ('4fdf89bc-2b81-49d8-9869-55d3f1f16c23', '650e0d72-ae1e-475b-a24c-d77a6739631a', 'B2C3D4E5-F6G7-8901-BCDE-234567890123', 8496000.0, 'VND', 'SUCCEEDED', 'VNPAY', '318020ed-9fe4-4402-9b3b-6eefd8ce3ddf', '2023-02-26 00:00:00', '2023-02-26 00:00:00');
INSERT INTO reviews (id, vehicle_id, booking_id, reviewer_id, owner_id, rating, cleanliness, accuracy, communication, value_rating, comment, created_at, updated_at) VALUES ('9f99a2ff-7450-4129-a26d-4659ca43c8eb', 'V1A2B3C4-D5E6-7890-VHCL-111111111111', '650e0d72-ae1e-475b-a24c-d77a6739631a', 'B2C3D4E5-F6G7-8901-BCDE-234567890123', 'E5F6G7H8-I9J0-1234-EFGH-567890123456', 4, 4, 4, 4, 4, N'Trải nghiệm tuyệt vời!', '2023-03-20 00:00:00', '2023-03-20 00:00:00');
INSERT INTO bookings (id, vehicle_id, renter_id, owner_id, status, start_date, end_date, total_days, base_price, price_per_day, service_fee, taxes, total, deposit, created_at, updated_at) VALUES ('025b13d4-f564-44b0-a509-63eee9774ff7', 'V1A2B3C4-D5E6-7890-VHCL-111111111111', 'D4E5F6G7-H8I9-0123-DEFG-456789012345', 'E5F6G7H8-I9J0-1234-EFGH-567890123456', 'COMPLETED', '2023-01-29', '2023-02-04', 6, 4800000, 800000, 480000.0, 384000.0, 5664000.0, 3000000, '2023-01-25 00:00:00', '2023-01-25 00:00:00');
INSERT INTO payments (id, booking_id, user_id, amount, currency, status, method, transaction_id, created_at, processed_at) VALUES ('acc3610a-6c4c-46ea-9d22-e6db72e76dd4', '025b13d4-f564-44b0-a509-63eee9774ff7', 'D4E5F6G7-H8I9-0123-DEFG-456789012345', 5664000.0, 'VND', 'SUCCEEDED', 'VNPAY', '8d247768-5e2e-49c1-aa07-bd2608948e6a', '2023-01-25 00:00:00', '2023-01-25 00:00:00');
INSERT INTO reviews (id, vehicle_id, booking_id, reviewer_id, owner_id, rating, cleanliness, accuracy, communication, value_rating, comment, created_at, updated_at) VALUES ('41968a59-db76-4dfb-b1a7-744f95f46f87', 'V1A2B3C4-D5E6-7890-VHCL-111111111111', '025b13d4-f564-44b0-a509-63eee9774ff7', 'D4E5F6G7-H8I9-0123-DEFG-456789012345', 'E5F6G7H8-I9J0-1234-EFGH-567890123456', 5, 5, 5, 5, 5, N'Trải nghiệm tuyệt vời!', '2023-02-04 00:00:00', '2023-02-04 00:00:00');
INSERT INTO bookings (id, vehicle_id, renter_id, owner_id, status, start_date, end_date, total_days, base_price, price_per_day, service_fee, taxes, total, deposit, created_at, updated_at) VALUES ('51f72d94-c3d4-4912-850c-6d30e81580c3', 'V1A2B3C4-D5E6-7890-VHCL-111111111111', 'B2C3D4E5-F6G7-8901-BCDE-234567890123', 'E5F6G7H8-I9J0-1234-EFGH-567890123456', 'COMPLETED', '2023-01-05', '2023-01-12', 7, 5600000, 800000, 560000.0, 448000.0, 6608000.0, 3000000, '2022-12-27 00:00:00', '2022-12-27 00:00:00');
INSERT INTO payments (id, booking_id, user_id, amount, currency, status, method, transaction_id, created_at, processed_at) VALUES ('fa3c02c9-88ce-46fd-82c6-c68405a012f5', '51f72d94-c3d4-4912-850c-6d30e81580c3', 'B2C3D4E5-F6G7-8901-BCDE-234567890123', 6608000.0, 'VND', 'SUCCEEDED', 'VNPAY', '9ca33ddc-ef30-444e-ba45-ca1b05de673e', '2022-12-27 00:00:00', '2022-12-27 00:00:00');
INSERT INTO reviews (id, vehicle_id, booking_id, reviewer_id, owner_id, rating, cleanliness, accuracy, communication, value_rating, comment, created_at, updated_at) VALUES ('8f9f5282-aee1-43af-9aa0-e89816048fed', 'V1A2B3C4-D5E6-7890-VHCL-111111111111', '51f72d94-c3d4-4912-850c-6d30e81580c3', 'B2C3D4E5-F6G7-8901-BCDE-234567890123', 'E5F6G7H8-I9J0-1234-EFGH-567890123456', 4, 4, 4, 4, 4, N'Trải nghiệm tuyệt vời!', '2023-01-12 00:00:00', '2023-01-12 00:00:00');
INSERT INTO bookings (id, vehicle_id, renter_id, owner_id, status, start_date, end_date, total_days, base_price, price_per_day, service_fee, taxes, total, deposit, created_at, updated_at) VALUES ('47498933-7858-4eca-b683-d31ed18184d8', 'V1A2B3C4-D5E6-7890-VHCL-111111111111', 'B2C3D4E5-F6G7-8901-BCDE-234567890123', 'E5F6G7H8-I9J0-1234-EFGH-567890123456', 'COMPLETED', '2024-03-29', '2024-03-30', 1, 800000, 800000, 80000.0, 64000.0, 944000.0, 3000000, '2024-03-24 00:00:00', '2024-03-24 00:00:00');
INSERT INTO payments (id, booking_id, user_id, amount, currency, status, method, transaction_id, created_at, processed_at) VALUES ('049c44a6-4f63-40bc-b921-f0c6ed0833e6', '47498933-7858-4eca-b683-d31ed18184d8', 'B2C3D4E5-F6G7-8901-BCDE-234567890123', 944000.0, 'VND', 'SUCCEEDED', 'VNPAY', 'bd32386d-5726-47c7-ba08-d3b5431a1018', '2024-03-24 00:00:00', '2024-03-24 00:00:00');
INSERT INTO reviews (id, vehicle_id, booking_id, reviewer_id, owner_id, rating, cleanliness, accuracy, communication, value_rating, comment, created_at, updated_at) VALUES ('cccbfd03-e08d-4a69-8f88-934f529e6959', 'V1A2B3C4-D5E6-7890-VHCL-111111111111', '47498933-7858-4eca-b683-d31ed18184d8', 'B2C3D4E5-F6G7-8901-BCDE-234567890123', 'E5F6G7H8-I9J0-1234-EFGH-567890123456', 3, 3, 3, 3, 3, N'Trải nghiệm tuyệt vời!', '2024-03-30 00:00:00', '2024-03-30 00:00:00');
INSERT INTO bookings (id, vehicle_id, renter_id, owner_id, status, start_date, end_date, total_days, base_price, price_per_day, service_fee, taxes, total, deposit, created_at, updated_at) VALUES ('6cb5f1f4-8f5f-4f87-b216-abdb80211690', 'V1A2B3C4-D5E6-7890-VHCL-111111111111', 'C3D4E5F6-G7H8-9012-CDEF-345678901234', 'E5F6G7H8-I9J0-1234-EFGH-567890123456', 'COMPLETED', '2024-02-19', '2024-02-25', 6, 4800000, 800000, 480000.0, 384000.0, 5664000.0, 3000000, '2024-02-05 00:00:00', '2024-02-05 00:00:00');
INSERT INTO payments (id, booking_id, user_id, amount, currency, status, method, transaction_id, created_at, processed_at) VALUES ('8cbe8d1f-528a-4a60-aeeb-437c98a571a4', '6cb5f1f4-8f5f-4f87-b216-abdb80211690', 'C3D4E5F6-G7H8-9012-CDEF-345678901234', 5664000.0, 'VND', 'SUCCEEDED', 'VNPAY', '2c6677d0-093b-4bab-9c72-04d8663463d1', '2024-02-05 00:00:00', '2024-02-05 00:00:00');
INSERT INTO reviews (id, vehicle_id, booking_id, reviewer_id, owner_id, rating, cleanliness, accuracy, communication, value_rating, comment, created_at, updated_at) VALUES ('902fb810-b897-4e6a-825d-0e8969c9818d', 'V1A2B3C4-D5E6-7890-VHCL-111111111111', '6cb5f1f4-8f5f-4f87-b216-abdb80211690', 'C3D4E5F6-G7H8-9012-CDEF-345678901234', 'E5F6G7H8-I9J0-1234-EFGH-567890123456', 4, 4, 4, 4, 4, N'Trải nghiệm tuyệt vời!', '2024-02-25 00:00:00', '2024-02-25 00:00:00');
INSERT INTO bookings (id, vehicle_id, renter_id, owner_id, status, start_date, end_date, total_days, base_price, price_per_day, service_fee, taxes, total, deposit, created_at, updated_at) VALUES ('66dbcea7-dd53-4f9c-b032-92bd9aa6a473', 'V1A2B3C4-D5E6-7890-VHCL-111111111111', 'D4E5F6G7-H8I9-0123-DEFG-456789012345', 'E5F6G7H8-I9J0-1234-EFGH-567890123456', 'CANCELLED', '2024-01-30', '2024-02-05', 6, 4800000, 800000, 480000.0, 384000.0, 5664000.0, 3000000, '2024-01-25 00:00:00', '2024-01-25 00:00:00');
INSERT INTO payments (id, booking_id, user_id, amount, currency, status, method, transaction_id, created_at, processed_at) VALUES ('86b11dae-981f-4c1d-aed4-d7e1f76defa9', '66dbcea7-dd53-4f9c-b032-92bd9aa6a473', 'D4E5F6G7-H8I9-0123-DEFG-456789012345', 5664000.0, 'VND', 'REFUNDED', 'VNPAY', 'fa49953e-bd56-48d3-9064-bfd029f289aa', '2024-01-25 00:00:00', '2024-01-25 00:00:00');
INSERT INTO bookings (id, vehicle_id, renter_id, owner_id, status, start_date, end_date, total_days, base_price, price_per_day, service_fee, taxes, total, deposit, created_at, updated_at) VALUES ('b8f85d8f-ccea-40a5-bbf3-eb8c98187eb0', 'V1A2B3C4-D5E6-7890-VHCL-111111111111', 'C3D4E5F6-G7H8-9012-CDEF-345678901234', 'E5F6G7H8-I9J0-1234-EFGH-567890123456', 'COMPLETED', '2023-07-06', '2023-07-08', 2, 1600000, 800000, 160000.0, 128000.0, 1888000.0, 3000000, '2023-06-28 00:00:00', '2023-06-28 00:00:00');
INSERT INTO payments (id, booking_id, user_id, amount, currency, status, method, transaction_id, created_at, processed_at) VALUES ('55e2a2c4-fd2b-4a48-b272-cf0e2e5d833e', 'b8f85d8f-ccea-40a5-bbf3-eb8c98187eb0', 'C3D4E5F6-G7H8-9012-CDEF-345678901234', 1888000.0, 'VND', 'SUCCEEDED', 'VNPAY', 'c4254155-64d1-4660-ba4f-fb9a4738f348', '2023-06-28 00:00:00', '2023-06-28 00:00:00');
INSERT INTO reviews (id, vehicle_id, booking_id, reviewer_id, owner_id, rating, cleanliness, accuracy, communication, value_rating, comment, created_at, updated_at) VALUES ('5e3a24ad-aaca-4dc6-9c11-a35453f378bc', 'V1A2B3C4-D5E6-7890-VHCL-111111111111', 'b8f85d8f-ccea-40a5-bbf3-eb8c98187eb0', 'C3D4E5F6-G7H8-9012-CDEF-345678901234', 'E5F6G7H8-I9J0-1234-EFGH-567890123456', 5, 5, 5, 5, 5, N'Trải nghiệm tuyệt vời!', '2023-07-08 00:00:00', '2023-07-08 00:00:00');
INSERT INTO bookings (id, vehicle_id, renter_id, owner_id, status, start_date, end_date, total_days, base_price, price_per_day, service_fee, taxes, total, deposit, created_at, updated_at) VALUES ('556c0222-a5c0-4e1e-a0ac-59ac7c37af7a', 'V1A2B3C4-D5E6-7890-VHCL-111111111111', 'B2C3D4E5-F6G7-8901-BCDE-234567890123', 'E5F6G7H8-I9J0-1234-EFGH-567890123456', 'COMPLETED', '2024-04-23', '2024-05-01', 8, 6400000, 800000, 640000.0, 512000.0, 7552000.0, 3000000, '2024-04-11 00:00:00', '2024-04-11 00:00:00');
INSERT INTO payments (id, booking_id, user_id, amount, currency, status, method, transaction_id, created_at, processed_at) VALUES ('c4ad1f7a-d82f-4772-8b7f-062ceae2ef56', '556c0222-a5c0-4e1e-a0ac-59ac7c37af7a', 'B2C3D4E5-F6G7-8901-BCDE-234567890123', 7552000.0, 'VND', 'SUCCEEDED', 'VNPAY', '4a75bc91-4723-447b-8a82-a2538042bfba', '2024-04-11 00:00:00', '2024-04-11 00:00:00');
INSERT INTO reviews (id, vehicle_id, booking_id, reviewer_id, owner_id, rating, cleanliness, accuracy, communication, value_rating, comment, created_at, updated_at) VALUES ('3c3218e9-5a24-44d1-90be-ede991bafa45', 'V1A2B3C4-D5E6-7890-VHCL-111111111111', '556c0222-a5c0-4e1e-a0ac-59ac7c37af7a', 'B2C3D4E5-F6G7-8901-BCDE-234567890123', 'E5F6G7H8-I9J0-1234-EFGH-567890123456', 4, 4, 4, 4, 4, N'Trải nghiệm tuyệt vời!', '2024-05-01 00:00:00', '2024-05-01 00:00:00');
INSERT INTO bookings (id, vehicle_id, renter_id, owner_id, status, start_date, end_date, total_days, base_price, price_per_day, service_fee, taxes, total, deposit, created_at, updated_at) VALUES ('252502de-dddd-4105-b49b-1eba8a528c79', 'V1A2B3C4-D5E6-7890-VHCL-111111111111', 'C3D4E5F6-G7H8-9012-CDEF-345678901234', 'E5F6G7H8-I9J0-1234-EFGH-567890123456', 'CANCELLED', '2024-02-07', '2024-02-08', 1, 800000, 800000, 80000.0, 64000.0, 944000.0, 3000000, '2024-02-01 00:00:00', '2024-02-01 00:00:00');
INSERT INTO payments (id, booking_id, user_id, amount, currency, status, method, transaction_id, created_at, processed_at) VALUES ('a1c14056-37dc-4bf5-8e6f-93846b3d23e3', '252502de-dddd-4105-b49b-1eba8a528c79', 'C3D4E5F6-G7H8-9012-CDEF-345678901234', 944000.0, 'VND', 'REFUNDED', 'VNPAY', 'f6a8d29f-c5c1-4e38-a8a1-7d384062b9b3', '2024-02-01 00:00:00', '2024-02-01 00:00:00');
INSERT INTO bookings (id, vehicle_id, renter_id, owner_id, status, start_date, end_date, total_days, base_price, price_per_day, service_fee, taxes, total, deposit, created_at, updated_at) VALUES ('60de9759-cd63-41fb-9284-ebf107ea5dbc', 'V1A2B3C4-D5E6-7890-VHCL-111111111111', 'D4E5F6G7-H8I9-0123-DEFG-456789012345', 'E5F6G7H8-I9J0-1234-EFGH-567890123456', 'COMPLETED', '2023-04-22', '2023-05-02', 10, 8000000, 800000, 800000.0, 640000.0, 9440000.0, 3000000, '2023-04-17 00:00:00', '2023-04-17 00:00:00');
INSERT INTO payments (id, booking_id, user_id, amount, currency, status, method, transaction_id, created_at, processed_at) VALUES ('e7c98ad0-0e8d-47c7-b48c-23fc5a1fd71e', '60de9759-cd63-41fb-9284-ebf107ea5dbc', 'D4E5F6G7-H8I9-0123-DEFG-456789012345', 9440000.0, 'VND', 'SUCCEEDED', 'VNPAY', '464db31e-bc91-43f5-a596-b3db11d753fb', '2023-04-17 00:00:00', '2023-04-17 00:00:00');
INSERT INTO reviews (id, vehicle_id, booking_id, reviewer_id, owner_id, rating, cleanliness, accuracy, communication, value_rating, comment, created_at, updated_at) VALUES ('5e9add4b-9546-4af1-8081-68ce0f349f0a', 'V1A2B3C4-D5E6-7890-VHCL-111111111111', '60de9759-cd63-41fb-9284-ebf107ea5dbc', 'D4E5F6G7-H8I9-0123-DEFG-456789012345', 'E5F6G7H8-I9J0-1234-EFGH-567890123456', 3, 3, 3, 3, 3, N'Trải nghiệm tuyệt vời!', '2023-05-02 00:00:00', '2023-05-02 00:00:00');
INSERT INTO bookings (id, vehicle_id, renter_id, owner_id, status, start_date, end_date, total_days, base_price, price_per_day, service_fee, taxes, total, deposit, created_at, updated_at) VALUES ('1340c1c5-f8ce-4b87-9a72-a3638397d4e7', 'V1A2B3C4-D5E6-7890-VHCL-111111111111', 'B2C3D4E5-F6G7-8901-BCDE-234567890123', 'E5F6G7H8-I9J0-1234-EFGH-567890123456', 'CANCELLED', '2023-07-05', '2023-07-15', 10, 8000000, 800000, 800000.0, 640000.0, 9440000.0, 3000000, '2023-07-03 00:00:00', '2023-07-03 00:00:00');
INSERT INTO payments (id, booking_id, user_id, amount, currency, status, method, transaction_id, created_at, processed_at) VALUES ('0e9f8320-05b3-462f-960b-5a7057e72f89', '1340c1c5-f8ce-4b87-9a72-a3638397d4e7', 'B2C3D4E5-F6G7-8901-BCDE-234567890123', 9440000.0, 'VND', 'REFUNDED', 'VNPAY', 'd711a1d6-4f0f-41ea-b58a-9d2fcb9069d6', '2023-07-03 00:00:00', '2023-07-03 00:00:00');
INSERT INTO bookings (id, vehicle_id, renter_id, owner_id, status, start_date, end_date, total_days, base_price, price_per_day, service_fee, taxes, total, deposit, created_at, updated_at) VALUES ('93914248-432c-4ebc-9de1-99a58e4f6ea1', 'V1A2B3C4-D5E6-7890-VHCL-111111111111', 'B2C3D4E5-F6G7-8901-BCDE-234567890123', 'E5F6G7H8-I9J0-1234-EFGH-567890123456', 'COMPLETED', '2024-01-14', '2024-01-23', 9, 7200000, 800000, 720000.0, 576000.0, 8496000.0, 3000000, '2024-01-13 00:00:00', '2024-01-13 00:00:00');
INSERT INTO payments (id, booking_id, user_id, amount, currency, status, method, transaction_id, created_at, processed_at) VALUES ('197ca909-a6bf-4630-9e70-9535c411945c', '93914248-432c-4ebc-9de1-99a58e4f6ea1', 'B2C3D4E5-F6G7-8901-BCDE-234567890123', 8496000.0, 'VND', 'SUCCEEDED', 'VNPAY', '80ab4cab-4618-47ed-98ee-d3f41e201d5a', '2024-01-13 00:00:00', '2024-01-13 00:00:00');
INSERT INTO reviews (id, vehicle_id, booking_id, reviewer_id, owner_id, rating, cleanliness, accuracy, communication, value_rating, comment, created_at, updated_at) VALUES ('27d8b02f-5bcb-41bd-aefd-31000993acdb', 'V1A2B3C4-D5E6-7890-VHCL-111111111111', '93914248-432c-4ebc-9de1-99a58e4f6ea1', 'B2C3D4E5-F6G7-8901-BCDE-234567890123', 'E5F6G7H8-I9J0-1234-EFGH-567890123456', 4, 4, 4, 4, 4, N'Trải nghiệm tuyệt vời!', '2024-01-23 00:00:00', '2024-01-23 00:00:00');
INSERT INTO bookings (id, vehicle_id, renter_id, owner_id, status, start_date, end_date, total_days, base_price, price_per_day, service_fee, taxes, total, deposit, created_at, updated_at) VALUES ('21fbe359-07e8-4b3e-a84e-fe6ded32899c', 'V1A2B3C4-D5E6-7890-VHCL-111111111111', 'B2C3D4E5-F6G7-8901-BCDE-234567890123', 'E5F6G7H8-I9J0-1234-EFGH-567890123456', 'CANCELLED', '2024-04-30', '2024-05-07', 7, 5600000, 800000, 560000.0, 448000.0, 6608000.0, 3000000, '2024-04-18 00:00:00', '2024-04-18 00:00:00');
INSERT INTO payments (id, booking_id, user_id, amount, currency, status, method, transaction_id, created_at, processed_at) VALUES ('ac995449-b4cf-4de8-a907-00ee5c3b8835', '21fbe359-07e8-4b3e-a84e-fe6ded32899c', 'B2C3D4E5-F6G7-8901-BCDE-234567890123', 6608000.0, 'VND', 'REFUNDED', 'VNPAY', '0ca7b3f1-e4d5-4c36-9c08-e2ed2fb6ccfe', '2024-04-18 00:00:00', '2024-04-18 00:00:00');
INSERT INTO bookings (id, vehicle_id, renter_id, owner_id, status, start_date, end_date, total_days, base_price, price_per_day, service_fee, taxes, total, deposit, created_at, updated_at) VALUES ('d9550593-5e48-412d-9f0c-d381204a85dc', 'V1A2B3C4-D5E6-7890-VHCL-111111111111', 'D4E5F6G7-H8I9-0123-DEFG-456789012345', 'E5F6G7H8-I9J0-1234-EFGH-567890123456', 'COMPLETED', '2023-07-03', '2023-07-04', 1, 800000, 800000, 80000.0, 64000.0, 944000.0, 3000000, '2023-06-22 00:00:00', '2023-06-22 00:00:00');
INSERT INTO payments (id, booking_id, user_id, amount, currency, status, method, transaction_id, created_at, processed_at) VALUES ('703b9001-f00d-4d23-aca7-f6a9c83b4dcb', 'd9550593-5e48-412d-9f0c-d381204a85dc', 'D4E5F6G7-H8I9-0123-DEFG-456789012345', 944000.0, 'VND', 'SUCCEEDED', 'VNPAY', '6c3aa950-c3d7-474d-81e1-121beb05c305', '2023-06-22 00:00:00', '2023-06-22 00:00:00');
INSERT INTO reviews (id, vehicle_id, booking_id, reviewer_id, owner_id, rating, cleanliness, accuracy, communication, value_rating, comment, created_at, updated_at) VALUES ('1bec06e0-26db-4c41-a86f-58beeddebb07', 'V1A2B3C4-D5E6-7890-VHCL-111111111111', 'd9550593-5e48-412d-9f0c-d381204a85dc', 'D4E5F6G7-H8I9-0123-DEFG-456789012345', 'E5F6G7H8-I9J0-1234-EFGH-567890123456', 3, 3, 3, 3, 3, N'Trải nghiệm tuyệt vời!', '2023-07-04 00:00:00', '2023-07-04 00:00:00');
INSERT INTO bookings (id, vehicle_id, renter_id, owner_id, status, start_date, end_date, total_days, base_price, price_per_day, service_fee, taxes, total, deposit, created_at, updated_at) VALUES ('9c970db8-538b-4817-8a71-155d3c998f47', 'V1A2B3C4-D5E6-7890-VHCL-111111111111', 'D4E5F6G7-H8I9-0123-DEFG-456789012345', 'E5F6G7H8-I9J0-1234-EFGH-567890123456', 'COMPLETED', '2023-10-22', '2023-10-29', 7, 5600000, 800000, 560000.0, 448000.0, 6608000.0, 3000000, '2023-10-15 00:00:00', '2023-10-15 00:00:00');
INSERT INTO payments (id, booking_id, user_id, amount, currency, status, method, transaction_id, created_at, processed_at) VALUES ('c9a3cc76-fcf6-4c9c-be39-19e014dd3975', '9c970db8-538b-4817-8a71-155d3c998f47', 'D4E5F6G7-H8I9-0123-DEFG-456789012345', 6608000.0, 'VND', 'SUCCEEDED', 'VNPAY', 'f3078b1a-69bf-4a8a-88c0-03fd675c3462', '2023-10-15 00:00:00', '2023-10-15 00:00:00');
INSERT INTO reviews (id, vehicle_id, booking_id, reviewer_id, owner_id, rating, cleanliness, accuracy, communication, value_rating, comment, created_at, updated_at) VALUES ('b904cbc9-53a7-4d06-8a2e-c28e1ebf8f82', 'V1A2B3C4-D5E6-7890-VHCL-111111111111', '9c970db8-538b-4817-8a71-155d3c998f47', 'D4E5F6G7-H8I9-0123-DEFG-456789012345', 'E5F6G7H8-I9J0-1234-EFGH-567890123456', 3, 3, 3, 3, 3, N'Trải nghiệm tuyệt vời!', '2023-10-29 00:00:00', '2023-10-29 00:00:00');
INSERT INTO bookings (id, vehicle_id, renter_id, owner_id, status, start_date, end_date, total_days, base_price, price_per_day, service_fee, taxes, total, deposit, created_at, updated_at) VALUES ('482c993d-ff28-418c-aabc-cb014cdde88d', 'V1A2B3C4-D5E6-7890-VHCL-111111111111', 'C3D4E5F6-G7H8-9012-CDEF-345678901234', 'E5F6G7H8-I9J0-1234-EFGH-567890123456', 'COMPLETED', '2024-02-12', '2024-02-17', 5, 4000000, 800000, 400000.0, 320000.0, 4720000.0, 3000000, '2024-02-08 00:00:00', '2024-02-08 00:00:00');
INSERT INTO payments (id, booking_id, user_id, amount, currency, status, method, transaction_id, created_at, processed_at) VALUES ('c1e999eb-1de0-41a4-9c2c-a9f1c9691885', '482c993d-ff28-418c-aabc-cb014cdde88d', 'C3D4E5F6-G7H8-9012-CDEF-345678901234', 4720000.0, 'VND', 'SUCCEEDED', 'VNPAY', '458fc488-89c2-4581-a50f-adb8db7da506', '2024-02-08 00:00:00', '2024-02-08 00:00:00');
INSERT INTO reviews (id, vehicle_id, booking_id, reviewer_id, owner_id, rating, cleanliness, accuracy, communication, value_rating, comment, created_at, updated_at) VALUES ('c0d7dc4b-28b2-43fa-b325-0dd28ca7ff70', 'V1A2B3C4-D5E6-7890-VHCL-111111111111', '482c993d-ff28-418c-aabc-cb014cdde88d', 'C3D4E5F6-G7H8-9012-CDEF-345678901234', 'E5F6G7H8-I9J0-1234-EFGH-567890123456', 5, 5, 5, 5, 5, N'Trải nghiệm tuyệt vời!', '2024-02-17 00:00:00', '2024-02-17 00:00:00');
INSERT INTO bookings (id, vehicle_id, renter_id, owner_id, status, start_date, end_date, total_days, base_price, price_per_day, service_fee, taxes, total, deposit, created_at, updated_at) VALUES ('0857add2-a2bb-4339-bc5c-8ff847073252', 'V1A2B3C4-D5E6-7890-VHCL-111111111111', 'B2C3D4E5-F6G7-8901-BCDE-234567890123', 'E5F6G7H8-I9J0-1234-EFGH-567890123456', 'COMPLETED', '2023-06-04', '2023-06-07', 3, 2400000, 800000, 240000.0, 192000.0, 2832000.0, 3000000, '2023-05-21 00:00:00', '2023-05-21 00:00:00');
INSERT INTO payments (id, booking_id, user_id, amount, currency, status, method, transaction_id, created_at, processed_at) VALUES ('f06d1bfa-7642-4446-9826-59367a550b5b', '0857add2-a2bb-4339-bc5c-8ff847073252', 'B2C3D4E5-F6G7-8901-BCDE-234567890123', 2832000.0, 'VND', 'SUCCEEDED', 'VNPAY', 'e23bcae5-a8f3-4d5e-8779-7360714e9e9b', '2023-05-21 00:00:00', '2023-05-21 00:00:00');
INSERT INTO reviews (id, vehicle_id, booking_id, reviewer_id, owner_id, rating, cleanliness, accuracy, communication, value_rating, comment, created_at, updated_at) VALUES ('fb064781-eb5b-41f8-b43e-b84546207238', 'V1A2B3C4-D5E6-7890-VHCL-111111111111', '0857add2-a2bb-4339-bc5c-8ff847073252', 'B2C3D4E5-F6G7-8901-BCDE-234567890123', 'E5F6G7H8-I9J0-1234-EFGH-567890123456', 5, 5, 5, 5, 5, N'Trải nghiệm tuyệt vời!', '2023-06-07 00:00:00', '2023-06-07 00:00:00');
INSERT INTO bookings (id, vehicle_id, renter_id, owner_id, status, start_date, end_date, total_days, base_price, price_per_day, service_fee, taxes, total, deposit, created_at, updated_at) VALUES ('5ca9f279-9f28-45a8-9b06-b91e37c0fba0', 'V1A2B3C4-D5E6-7890-VHCL-111111111111', 'C3D4E5F6-G7H8-9012-CDEF-345678901234', 'E5F6G7H8-I9J0-1234-EFGH-567890123456', 'COMPLETED', '2024-02-12', '2024-02-16', 4, 3200000, 800000, 320000.0, 256000.0, 3776000.0, 3000000, '2024-02-11 00:00:00', '2024-02-11 00:00:00');
INSERT INTO payments (id, booking_id, user_id, amount, currency, status, method, transaction_id, created_at, processed_at) VALUES ('93c97080-1fb2-4cf6-8fc1-061b7cf3319b', '5ca9f279-9f28-45a8-9b06-b91e37c0fba0', 'C3D4E5F6-G7H8-9012-CDEF-345678901234', 3776000.0, 'VND', 'SUCCEEDED', 'VNPAY', '8511b6e1-353d-4eb8-8f11-03af3bf9d4a2', '2024-02-11 00:00:00', '2024-02-11 00:00:00');
INSERT INTO reviews (id, vehicle_id, booking_id, reviewer_id, owner_id, rating, cleanliness, accuracy, communication, value_rating, comment, created_at, updated_at) VALUES ('e23481fc-8f29-4eb9-b05b-0e751f062fb8', 'V1A2B3C4-D5E6-7890-VHCL-111111111111', '5ca9f279-9f28-45a8-9b06-b91e37c0fba0', 'C3D4E5F6-G7H8-9012-CDEF-345678901234', 'E5F6G7H8-I9J0-1234-EFGH-567890123456', 5, 5, 5, 5, 5, N'Trải nghiệm tuyệt vời!', '2024-02-16 00:00:00', '2024-02-16 00:00:00');
INSERT INTO bookings (id, vehicle_id, renter_id, owner_id, status, start_date, end_date, total_days, base_price, price_per_day, service_fee, taxes, total, deposit, created_at, updated_at) VALUES ('50e908a8-a2b2-4134-8e6f-5ddd60a50271', 'V1A2B3C4-D5E6-7890-VHCL-111111111111', 'D4E5F6G7-H8I9-0123-DEFG-456789012345', 'E5F6G7H8-I9J0-1234-EFGH-567890123456', 'COMPLETED', '2023-02-05', '2023-02-12', 7, 5600000, 800000, 560000.0, 448000.0, 6608000.0, 3000000, '2023-01-26 00:00:00', '2023-01-26 00:00:00');
INSERT INTO payments (id, booking_id, user_id, amount, currency, status, method, transaction_id, created_at, processed_at) VALUES ('b6f78288-9b1a-45e3-ac5e-55273ebe38bc', '50e908a8-a2b2-4134-8e6f-5ddd60a50271', 'D4E5F6G7-H8I9-0123-DEFG-456789012345', 6608000.0, 'VND', 'SUCCEEDED', 'VNPAY', 'c46298a0-807f-4874-8d7f-530929b3d8a4', '2023-01-26 00:00:00', '2023-01-26 00:00:00');
INSERT INTO reviews (id, vehicle_id, booking_id, reviewer_id, owner_id, rating, cleanliness, accuracy, communication, value_rating, comment, created_at, updated_at) VALUES ('935569fb-5dcc-4ae9-98b5-f6fb4f12ac70', 'V1A2B3C4-D5E6-7890-VHCL-111111111111', '50e908a8-a2b2-4134-8e6f-5ddd60a50271', 'D4E5F6G7-H8I9-0123-DEFG-456789012345', 'E5F6G7H8-I9J0-1234-EFGH-567890123456', 4, 4, 4, 4, 4, N'Trải nghiệm tuyệt vời!', '2023-02-12 00:00:00', '2023-02-12 00:00:00');
INSERT INTO bookings (id, vehicle_id, renter_id, owner_id, status, start_date, end_date, total_days, base_price, price_per_day, service_fee, taxes, total, deposit, created_at, updated_at) VALUES ('b657f777-4ff7-4956-98e6-e05fbbd0c24b', 'V1A2B3C4-D5E6-7890-VHCL-111111111111', 'B2C3D4E5-F6G7-8901-BCDE-234567890123', 'E5F6G7H8-I9J0-1234-EFGH-567890123456', 'COMPLETED', '2023-06-03', '2023-06-09', 6, 4800000, 800000, 480000.0, 384000.0, 5664000.0, 3000000, '2023-05-26 00:00:00', '2023-05-26 00:00:00');
INSERT INTO payments (id, booking_id, user_id, amount, currency, status, method, transaction_id, created_at, processed_at) VALUES ('83c2d5d7-5a98-4538-b8f5-1df5e0b9e42f', 'b657f777-4ff7-4956-98e6-e05fbbd0c24b', 'B2C3D4E5-F6G7-8901-BCDE-234567890123', 5664000.0, 'VND', 'SUCCEEDED', 'VNPAY', 'f6b18b3b-10c9-4b2c-875b-fc43dc997faa', '2023-05-26 00:00:00', '2023-05-26 00:00:00');
INSERT INTO reviews (id, vehicle_id, booking_id, reviewer_id, owner_id, rating, cleanliness, accuracy, communication, value_rating, comment, created_at, updated_at) VALUES ('87abb4d8-7a06-4a73-a9de-bbdf41aea478', 'V1A2B3C4-D5E6-7890-VHCL-111111111111', 'b657f777-4ff7-4956-98e6-e05fbbd0c24b', 'B2C3D4E5-F6G7-8901-BCDE-234567890123', 'E5F6G7H8-I9J0-1234-EFGH-567890123456', 3, 3, 3, 3, 3, N'Trải nghiệm tuyệt vời!', '2023-06-09 00:00:00', '2023-06-09 00:00:00');
INSERT INTO bookings (id, vehicle_id, renter_id, owner_id, status, start_date, end_date, total_days, base_price, price_per_day, service_fee, taxes, total, deposit, created_at, updated_at) VALUES ('188227f7-0932-4e5d-b62a-0b65466953a4', 'V1A2B3C4-D5E6-7890-VHCL-111111111111', 'D4E5F6G7-H8I9-0123-DEFG-456789012345', 'E5F6G7H8-I9J0-1234-EFGH-567890123456', 'COMPLETED', '2024-04-10', '2024-04-17', 7, 5600000, 800000, 560000.0, 448000.0, 6608000.0, 3000000, '2024-04-05 00:00:00', '2024-04-05 00:00:00');
INSERT INTO payments (id, booking_id, user_id, amount, currency, status, method, transaction_id, created_at, processed_at) VALUES ('2d1f83e7-d612-4b55-8035-929077b7b0f4', '188227f7-0932-4e5d-b62a-0b65466953a4', 'D4E5F6G7-H8I9-0123-DEFG-456789012345', 6608000.0, 'VND', 'SUCCEEDED', 'VNPAY', '7bf8d913-416a-4eeb-baea-7c3cfa80030b', '2024-04-05 00:00:00', '2024-04-05 00:00:00');
INSERT INTO reviews (id, vehicle_id, booking_id, reviewer_id, owner_id, rating, cleanliness, accuracy, communication, value_rating, comment, created_at, updated_at) VALUES ('cb95c2f7-93f0-4570-b5ab-028341f7b348', 'V1A2B3C4-D5E6-7890-VHCL-111111111111', '188227f7-0932-4e5d-b62a-0b65466953a4', 'D4E5F6G7-H8I9-0123-DEFG-456789012345', 'E5F6G7H8-I9J0-1234-EFGH-567890123456', 5, 5, 5, 5, 5, N'Trải nghiệm tuyệt vời!', '2024-04-17 00:00:00', '2024-04-17 00:00:00');
INSERT INTO bookings (id, vehicle_id, renter_id, owner_id, status, start_date, end_date, total_days, base_price, price_per_day, service_fee, taxes, total, deposit, created_at, updated_at) VALUES ('d164c869-aca3-4d5e-8c92-a2f9b1cb0ed4', 'V1A2B3C4-D5E6-7890-VHCL-111111111111', 'D4E5F6G7-H8I9-0123-DEFG-456789012345', 'E5F6G7H8-I9J0-1234-EFGH-567890123456', 'COMPLETED', '2024-02-13', '2024-02-22', 9, 7200000, 800000, 720000.0, 576000.0, 8496000.0, 3000000, '2024-02-04 00:00:00', '2024-02-04 00:00:00');
INSERT INTO payments (id, booking_id, user_id, amount, currency, status, method, transaction_id, created_at, processed_at) VALUES ('bb2e3a38-ee88-46f8-88a4-17ac7a54561e', 'd164c869-aca3-4d5e-8c92-a2f9b1cb0ed4', 'D4E5F6G7-H8I9-0123-DEFG-456789012345', 8496000.0, 'VND', 'SUCCEEDED', 'VNPAY', '48497344-79e3-4d3a-8c6f-de250bb22b6f', '2024-02-04 00:00:00', '2024-02-04 00:00:00');
INSERT INTO reviews (id, vehicle_id, booking_id, reviewer_id, owner_id, rating, cleanliness, accuracy, communication, value_rating, comment, created_at, updated_at) VALUES ('9ebb5112-ba67-4c50-86ed-c60bb5429772', 'V1A2B3C4-D5E6-7890-VHCL-111111111111', 'd164c869-aca3-4d5e-8c92-a2f9b1cb0ed4', 'D4E5F6G7-H8I9-0123-DEFG-456789012345', 'E5F6G7H8-I9J0-1234-EFGH-567890123456', 4, 4, 4, 4, 4, N'Trải nghiệm tuyệt vời!', '2024-02-22 00:00:00', '2024-02-22 00:00:00');
INSERT INTO bookings (id, vehicle_id, renter_id, owner_id, status, start_date, end_date, total_days, base_price, price_per_day, service_fee, taxes, total, deposit, created_at, updated_at) VALUES ('3c661974-1895-4696-a0ce-c3a047705d02', 'V1A2B3C4-D5E6-7890-VHCL-111111111111', 'C3D4E5F6-G7H8-9012-CDEF-345678901234', 'E5F6G7H8-I9J0-1234-EFGH-567890123456', 'COMPLETED', '2023-07-03', '2023-07-05', 2, 1600000, 800000, 160000.0, 128000.0, 1888000.0, 3000000, '2023-06-21 00:00:00', '2023-06-21 00:00:00');
INSERT INTO payments (id, booking_id, user_id, amount, currency, status, method, transaction_id, created_at, processed_at) VALUES ('3f89190d-0e3a-46e5-8e41-7c3994050292', '3c661974-1895-4696-a0ce-c3a047705d02', 'C3D4E5F6-G7H8-9012-CDEF-345678901234', 1888000.0, 'VND', 'SUCCEEDED', 'VNPAY', '8d2bde4e-cdb7-48fd-a9e7-dd4c714a4f9a', '2023-06-21 00:00:00', '2023-06-21 00:00:00');
INSERT INTO reviews (id, vehicle_id, booking_id, reviewer_id, owner_id, rating, cleanliness, accuracy, communication, value_rating, comment, created_at, updated_at) VALUES ('990409c9-7f98-49d6-ab26-51bb37cc551c', 'V1A2B3C4-D5E6-7890-VHCL-111111111111', '3c661974-1895-4696-a0ce-c3a047705d02', 'C3D4E5F6-G7H8-9012-CDEF-345678901234', 'E5F6G7H8-I9J0-1234-EFGH-567890123456', 5, 5, 5, 5, 5, N'Trải nghiệm tuyệt vời!', '2023-07-05 00:00:00', '2023-07-05 00:00:00');
INSERT INTO bookings (id, vehicle_id, renter_id, owner_id, status, start_date, end_date, total_days, base_price, price_per_day, service_fee, taxes, total, deposit, created_at, updated_at) VALUES ('ac300a1a-1f08-4fe2-b1ff-8f39cbce7bc6', 'V1A2B3C4-D5E6-7890-VHCL-111111111111', 'D4E5F6G7-H8I9-0123-DEFG-456789012345', 'E5F6G7H8-I9J0-1234-EFGH-567890123456', 'COMPLETED', '2023-01-29', '2023-02-02', 4, 3200000, 800000, 320000.0, 256000.0, 3776000.0, 3000000, '2023-01-28 00:00:00', '2023-01-28 00:00:00');
INSERT INTO payments (id, booking_id, user_id, amount, currency, status, method, transaction_id, created_at, processed_at) VALUES ('fafb5bfa-7424-4188-80b8-e69608fae5a1', 'ac300a1a-1f08-4fe2-b1ff-8f39cbce7bc6', 'D4E5F6G7-H8I9-0123-DEFG-456789012345', 3776000.0, 'VND', 'SUCCEEDED', 'VNPAY', '3402939e-adda-4876-b2ab-1a2ec1aa65d0', '2023-01-28 00:00:00', '2023-01-28 00:00:00');
INSERT INTO reviews (id, vehicle_id, booking_id, reviewer_id, owner_id, rating, cleanliness, accuracy, communication, value_rating, comment, created_at, updated_at) VALUES ('db4d7123-8456-48a8-ba35-78b1885018c5', 'V1A2B3C4-D5E6-7890-VHCL-111111111111', 'ac300a1a-1f08-4fe2-b1ff-8f39cbce7bc6', 'D4E5F6G7-H8I9-0123-DEFG-456789012345', 'E5F6G7H8-I9J0-1234-EFGH-567890123456', 5, 5, 5, 5, 5, N'Trải nghiệm tuyệt vời!', '2023-02-02 00:00:00', '2023-02-02 00:00:00');
INSERT INTO bookings (id, vehicle_id, renter_id, owner_id, status, start_date, end_date, total_days, base_price, price_per_day, service_fee, taxes, total, deposit, created_at, updated_at) VALUES ('3fcb20cb-acad-4944-a153-2c9397eab8ee', 'V1A2B3C4-D5E6-7890-VHCL-111111111111', 'B2C3D4E5-F6G7-8901-BCDE-234567890123', 'E5F6G7H8-I9J0-1234-EFGH-567890123456', 'COMPLETED', '2023-01-23', '2023-01-28', 5, 4000000, 800000, 400000.0, 320000.0, 4720000.0, 3000000, '2023-01-11 00:00:00', '2023-01-11 00:00:00');
INSERT INTO payments (id, booking_id, user_id, amount, currency, status, method, transaction_id, created_at, processed_at) VALUES ('2f5ebfce-8cc7-4c97-be4d-2d22a2900918', '3fcb20cb-acad-4944-a153-2c9397eab8ee', 'B2C3D4E5-F6G7-8901-BCDE-234567890123', 4720000.0, 'VND', 'SUCCEEDED', 'VNPAY', '45c30354-67c2-4e2a-9e63-07c3aa8f2612', '2023-01-11 00:00:00', '2023-01-11 00:00:00');
INSERT INTO reviews (id, vehicle_id, booking_id, reviewer_id, owner_id, rating, cleanliness, accuracy, communication, value_rating, comment, created_at, updated_at) VALUES ('2bf05022-b4cb-4075-9b22-7dbeded573d5', 'V1A2B3C4-D5E6-7890-VHCL-111111111111', '3fcb20cb-acad-4944-a153-2c9397eab8ee', 'B2C3D4E5-F6G7-8901-BCDE-234567890123', 'E5F6G7H8-I9J0-1234-EFGH-567890123456', 3, 3, 3, 3, 3, N'Trải nghiệm tuyệt vời!', '2023-01-28 00:00:00', '2023-01-28 00:00:00');
INSERT INTO bookings (id, vehicle_id, renter_id, owner_id, status, start_date, end_date, total_days, base_price, price_per_day, service_fee, taxes, total, deposit, created_at, updated_at) VALUES ('7a8fc2b7-1acd-400b-8608-d63304e0ed04', 'V1A2B3C4-D5E6-7890-VHCL-111111111111', 'B2C3D4E5-F6G7-8901-BCDE-234567890123', 'E5F6G7H8-I9J0-1234-EFGH-567890123456', 'COMPLETED', '2023-12-30', '2024-01-07', 8, 6400000, 800000, 640000.0, 512000.0, 7552000.0, 3000000, '2023-12-28 00:00:00', '2023-12-28 00:00:00');
INSERT INTO payments (id, booking_id, user_id, amount, currency, status, method, transaction_id, created_at, processed_at) VALUES ('6e9bb4dc-5340-434b-b1f3-ac08239fa10a', '7a8fc2b7-1acd-400b-8608-d63304e0ed04', 'B2C3D4E5-F6G7-8901-BCDE-234567890123', 7552000.0, 'VND', 'SUCCEEDED', 'VNPAY', 'b4d6e006-75ba-4099-b005-d1e96ffc484a', '2023-12-28 00:00:00', '2023-12-28 00:00:00');
INSERT INTO reviews (id, vehicle_id, booking_id, reviewer_id, owner_id, rating, cleanliness, accuracy, communication, value_rating, comment, created_at, updated_at) VALUES ('c89c3785-4228-48d5-8cf2-20a44bdb3e28', 'V1A2B3C4-D5E6-7890-VHCL-111111111111', '7a8fc2b7-1acd-400b-8608-d63304e0ed04', 'B2C3D4E5-F6G7-8901-BCDE-234567890123', 'E5F6G7H8-I9J0-1234-EFGH-567890123456', 4, 4, 4, 4, 4, N'Trải nghiệm tuyệt vời!', '2024-01-07 00:00:00', '2024-01-07 00:00:00');
INSERT INTO bookings (id, vehicle_id, renter_id, owner_id, status, start_date, end_date, total_days, base_price, price_per_day, service_fee, taxes, total, deposit, created_at, updated_at) VALUES ('4960a782-fd19-40f0-bce4-68f97c4b8376', 'V1A2B3C4-D5E6-7890-VHCL-111111111111', 'B2C3D4E5-F6G7-8901-BCDE-234567890123', 'E5F6G7H8-I9J0-1234-EFGH-567890123456', 'COMPLETED', '2024-05-30', '2024-06-02', 3, 2400000, 800000, 240000.0, 192000.0, 2832000.0, 3000000, '2024-05-25 00:00:00', '2024-05-25 00:00:00');
INSERT INTO payments (id, booking_id, user_id, amount, currency, status, method, transaction_id, created_at, processed_at) VALUES ('77c1ed25-1c21-4cb2-a89d-9762f1b04337', '4960a782-fd19-40f0-bce4-68f97c4b8376', 'B2C3D4E5-F6G7-8901-BCDE-234567890123', 2832000.0, 'VND', 'SUCCEEDED', 'VNPAY', '8b9a7c6c-6f47-4f21-85d6-7572b81c735a', '2024-05-25 00:00:00', '2024-05-25 00:00:00');
INSERT INTO reviews (id, vehicle_id, booking_id, reviewer_id, owner_id, rating, cleanliness, accuracy, communication, value_rating, comment, created_at, updated_at) VALUES ('356191d1-d9eb-469f-af9a-1ed6bf04a7c5', 'V1A2B3C4-D5E6-7890-VHCL-111111111111', '4960a782-fd19-40f0-bce4-68f97c4b8376', 'B2C3D4E5-F6G7-8901-BCDE-234567890123', 'E5F6G7H8-I9J0-1234-EFGH-567890123456', 3, 3, 3, 3, 3, N'Trải nghiệm tuyệt vời!', '2024-06-02 00:00:00', '2024-06-02 00:00:00');
INSERT INTO bookings (id, vehicle_id, renter_id, owner_id, status, start_date, end_date, total_days, base_price, price_per_day, service_fee, taxes, total, deposit, created_at, updated_at) VALUES ('24a96ce9-2ce9-4b3c-975b-0163ad79af5d', 'V1A2B3C4-D5E6-7890-VHCL-111111111111', 'B2C3D4E5-F6G7-8901-BCDE-234567890123', 'E5F6G7H8-I9J0-1234-EFGH-567890123456', 'COMPLETED', '2023-04-26', '2023-05-05', 9, 7200000, 800000, 720000.0, 576000.0, 8496000.0, 3000000, '2023-04-15 00:00:00', '2023-04-15 00:00:00');
INSERT INTO payments (id, booking_id, user_id, amount, currency, status, method, transaction_id, created_at, processed_at) VALUES ('2cfae62c-f2d1-4d5d-a1bd-80b82b205113', '24a96ce9-2ce9-4b3c-975b-0163ad79af5d', 'B2C3D4E5-F6G7-8901-BCDE-234567890123', 8496000.0, 'VND', 'SUCCEEDED', 'VNPAY', 'ba849038-c037-4758-b8e9-dc6fff910d85', '2023-04-15 00:00:00', '2023-04-15 00:00:00');
INSERT INTO reviews (id, vehicle_id, booking_id, reviewer_id, owner_id, rating, cleanliness, accuracy, communication, value_rating, comment, created_at, updated_at) VALUES ('ccd77462-7d10-4ff6-8a08-090662f32eb7', 'V1A2B3C4-D5E6-7890-VHCL-111111111111', '24a96ce9-2ce9-4b3c-975b-0163ad79af5d', 'B2C3D4E5-F6G7-8901-BCDE-234567890123', 'E5F6G7H8-I9J0-1234-EFGH-567890123456', 4, 4, 4, 4, 4, N'Trải nghiệm tuyệt vời!', '2023-05-05 00:00:00', '2023-05-05 00:00:00');
INSERT INTO bookings (id, vehicle_id, renter_id, owner_id, status, start_date, end_date, total_days, base_price, price_per_day, service_fee, taxes, total, deposit, created_at, updated_at) VALUES ('4c056f59-45fc-4e13-a2d4-ebc5f2dede45', 'V1A2B3C4-D5E6-7890-VHCL-111111111111', 'D4E5F6G7-H8I9-0123-DEFG-456789012345', 'E5F6G7H8-I9J0-1234-EFGH-567890123456', 'COMPLETED', '2024-02-22', '2024-02-27', 5, 4000000, 800000, 400000.0, 320000.0, 4720000.0, 3000000, '2024-02-17 00:00:00', '2024-02-17 00:00:00');
INSERT INTO payments (id, booking_id, user_id, amount, currency, status, method, transaction_id, created_at, processed_at) VALUES ('b9ac51bb-e009-4bf6-a644-07ce58236a4c', '4c056f59-45fc-4e13-a2d4-ebc5f2dede45', 'D4E5F6G7-H8I9-0123-DEFG-456789012345', 4720000.0, 'VND', 'SUCCEEDED', 'VNPAY', '4c6b410b-8f61-4104-b132-7c468f10857e', '2024-02-17 00:00:00', '2024-02-17 00:00:00');
INSERT INTO reviews (id, vehicle_id, booking_id, reviewer_id, owner_id, rating, cleanliness, accuracy, communication, value_rating, comment, created_at, updated_at) VALUES ('36607e3f-c0c6-4037-879b-a4b7cce70129', 'V1A2B3C4-D5E6-7890-VHCL-111111111111', '4c056f59-45fc-4e13-a2d4-ebc5f2dede45', 'D4E5F6G7-H8I9-0123-DEFG-456789012345', 'E5F6G7H8-I9J0-1234-EFGH-567890123456', 4, 4, 4, 4, 4, N'Trải nghiệm tuyệt vời!', '2024-02-27 00:00:00', '2024-02-27 00:00:00');
INSERT INTO bookings (id, vehicle_id, renter_id, owner_id, status, start_date, end_date, total_days, base_price, price_per_day, service_fee, taxes, total, deposit, created_at, updated_at) VALUES ('3752c6b5-4604-4fde-b682-168cff6810d3', 'V1A2B3C4-D5E6-7890-VHCL-111111111111', 'B2C3D4E5-F6G7-8901-BCDE-234567890123', 'E5F6G7H8-I9J0-1234-EFGH-567890123456', 'COMPLETED', '2024-04-15', '2024-04-19', 4, 3200000, 800000, 320000.0, 256000.0, 3776000.0, 3000000, '2024-04-10 00:00:00', '2024-04-10 00:00:00');
INSERT INTO payments (id, booking_id, user_id, amount, currency, status, method, transaction_id, created_at, processed_at) VALUES ('d66e97b5-e1b9-480c-a573-ddc361786e82', '3752c6b5-4604-4fde-b682-168cff6810d3', 'B2C3D4E5-F6G7-8901-BCDE-234567890123', 3776000.0, 'VND', 'SUCCEEDED', 'VNPAY', 'efc24377-ba01-433e-9876-975149261f8c', '2024-04-10 00:00:00', '2024-04-10 00:00:00');
INSERT INTO reviews (id, vehicle_id, booking_id, reviewer_id, owner_id, rating, cleanliness, accuracy, communication, value_rating, comment, created_at, updated_at) VALUES ('eeb89497-fe68-4399-906b-14e52b7d7f6f', 'V1A2B3C4-D5E6-7890-VHCL-111111111111', '3752c6b5-4604-4fde-b682-168cff6810d3', 'B2C3D4E5-F6G7-8901-BCDE-234567890123', 'E5F6G7H8-I9J0-1234-EFGH-567890123456', 4, 4, 4, 4, 4, N'Trải nghiệm tuyệt vời!', '2024-04-19 00:00:00', '2024-04-19 00:00:00');
INSERT INTO bookings (id, vehicle_id, renter_id, owner_id, status, start_date, end_date, total_days, base_price, price_per_day, service_fee, taxes, total, deposit, created_at, updated_at) VALUES ('2683c736-63d9-4135-911d-0ced5e9f285f', 'V1A2B3C4-D5E6-7890-VHCL-111111111111', 'D4E5F6G7-H8I9-0123-DEFG-456789012345', 'E5F6G7H8-I9J0-1234-EFGH-567890123456', 'COMPLETED', '2023-09-26', '2023-09-30', 4, 3200000, 800000, 320000.0, 256000.0, 3776000.0, 3000000, '2023-09-24 00:00:00', '2023-09-24 00:00:00');
INSERT INTO payments (id, booking_id, user_id, amount, currency, status, method, transaction_id, created_at, processed_at) VALUES ('bca87363-b94e-4a6a-9740-38eba8a9afe4', '2683c736-63d9-4135-911d-0ced5e9f285f', 'D4E5F6G7-H8I9-0123-DEFG-456789012345', 3776000.0, 'VND', 'SUCCEEDED', 'VNPAY', '633376f1-bcb2-4d9c-877a-f7990034082a', '2023-09-24 00:00:00', '2023-09-24 00:00:00');
INSERT INTO reviews (id, vehicle_id, booking_id, reviewer_id, owner_id, rating, cleanliness, accuracy, communication, value_rating, comment, created_at, updated_at) VALUES ('f1eaccd8-f564-44a7-b620-0d6847c88523', 'V1A2B3C4-D5E6-7890-VHCL-111111111111', '2683c736-63d9-4135-911d-0ced5e9f285f', 'D4E5F6G7-H8I9-0123-DEFG-456789012345', 'E5F6G7H8-I9J0-1234-EFGH-567890123456', 4, 4, 4, 4, 4, N'Trải nghiệm tuyệt vời!', '2023-09-30 00:00:00', '2023-09-30 00:00:00');
INSERT INTO bookings (id, vehicle_id, renter_id, owner_id, status, start_date, end_date, total_days, base_price, price_per_day, service_fee, taxes, total, deposit, created_at, updated_at) VALUES ('c41d99f5-b223-4839-aa92-1efc420f704f', 'V1A2B3C4-D5E6-7890-VHCL-111111111111', 'B2C3D4E5-F6G7-8901-BCDE-234567890123', 'E5F6G7H8-I9J0-1234-EFGH-567890123456', 'COMPLETED', '2024-05-14', '2024-05-19', 5, 4000000, 800000, 400000.0, 320000.0, 4720000.0, 3000000, '2024-05-05 00:00:00', '2024-05-05 00:00:00');
INSERT INTO payments (id, booking_id, user_id, amount, currency, status, method, transaction_id, created_at, processed_at) VALUES ('a322bb95-e8a2-4267-bdaf-45094fe150b9', 'c41d99f5-b223-4839-aa92-1efc420f704f', 'B2C3D4E5-F6G7-8901-BCDE-234567890123', 4720000.0, 'VND', 'SUCCEEDED', 'VNPAY', '28842536-7022-47ba-afca-a56f784c9cc3', '2024-05-05 00:00:00', '2024-05-05 00:00:00');
INSERT INTO reviews (id, vehicle_id, booking_id, reviewer_id, owner_id, rating, cleanliness, accuracy, communication, value_rating, comment, created_at, updated_at) VALUES ('5957aba1-8a04-43a4-af50-c3f82a24bc7f', 'V1A2B3C4-D5E6-7890-VHCL-111111111111', 'c41d99f5-b223-4839-aa92-1efc420f704f', 'B2C3D4E5-F6G7-8901-BCDE-234567890123', 'E5F6G7H8-I9J0-1234-EFGH-567890123456', 4, 4, 4, 4, 4, N'Trải nghiệm tuyệt vời!', '2024-05-19 00:00:00', '2024-05-19 00:00:00');
INSERT INTO bookings (id, vehicle_id, renter_id, owner_id, status, start_date, end_date, total_days, base_price, price_per_day, service_fee, taxes, total, deposit, created_at, updated_at) VALUES ('946be86a-78a2-4084-89dc-f0ad31118197', 'V1A2B3C4-D5E6-7890-VHCL-111111111111', 'B2C3D4E5-F6G7-8901-BCDE-234567890123', 'E5F6G7H8-I9J0-1234-EFGH-567890123456', 'COMPLETED', '2023-01-19', '2023-01-21', 2, 1600000, 800000, 160000.0, 128000.0, 1888000.0, 3000000, '2023-01-18 00:00:00', '2023-01-18 00:00:00');
INSERT INTO payments (id, booking_id, user_id, amount, currency, status, method, transaction_id, created_at, processed_at) VALUES ('9fafc354-09db-46b6-a0d7-fdbf725a652b', '946be86a-78a2-4084-89dc-f0ad31118197', 'B2C3D4E5-F6G7-8901-BCDE-234567890123', 1888000.0, 'VND', 'SUCCEEDED', 'VNPAY', 'd25ae23d-d2f8-4547-a42f-66b8befdfcd3', '2023-01-18 00:00:00', '2023-01-18 00:00:00');
INSERT INTO reviews (id, vehicle_id, booking_id, reviewer_id, owner_id, rating, cleanliness, accuracy, communication, value_rating, comment, created_at, updated_at) VALUES ('f8c8dbee-e572-403c-9be7-e90ef50a7dd1', 'V1A2B3C4-D5E6-7890-VHCL-111111111111', '946be86a-78a2-4084-89dc-f0ad31118197', 'B2C3D4E5-F6G7-8901-BCDE-234567890123', 'E5F6G7H8-I9J0-1234-EFGH-567890123456', 5, 5, 5, 5, 5, N'Trải nghiệm tuyệt vời!', '2023-01-21 00:00:00', '2023-01-21 00:00:00');
INSERT INTO bookings (id, vehicle_id, renter_id, owner_id, status, start_date, end_date, total_days, base_price, price_per_day, service_fee, taxes, total, deposit, created_at, updated_at) VALUES ('62b0e6d6-cc22-4f4f-bb3e-0ee56f5c55e9', 'V1A2B3C4-D5E6-7890-VHCL-111111111111', 'C3D4E5F6-G7H8-9012-CDEF-345678901234', 'E5F6G7H8-I9J0-1234-EFGH-567890123456', 'COMPLETED', '2023-07-11', '2023-07-20', 9, 7200000, 800000, 720000.0, 576000.0, 8496000.0, 3000000, '2023-06-27 00:00:00', '2023-06-27 00:00:00');
INSERT INTO payments (id, booking_id, user_id, amount, currency, status, method, transaction_id, created_at, processed_at) VALUES ('8cf0778a-181a-44c1-8470-4588e8cf790a', '62b0e6d6-cc22-4f4f-bb3e-0ee56f5c55e9', 'C3D4E5F6-G7H8-9012-CDEF-345678901234', 8496000.0, 'VND', 'SUCCEEDED', 'VNPAY', '25d87692-bb06-4480-84b1-110d8a6092a4', '2023-06-27 00:00:00', '2023-06-27 00:00:00');
INSERT INTO reviews (id, vehicle_id, booking_id, reviewer_id, owner_id, rating, cleanliness, accuracy, communication, value_rating, comment, created_at, updated_at) VALUES ('cab1b4e6-d3ab-4cf0-8744-4cf7c3a126ee', 'V1A2B3C4-D5E6-7890-VHCL-111111111111', '62b0e6d6-cc22-4f4f-bb3e-0ee56f5c55e9', 'C3D4E5F6-G7H8-9012-CDEF-345678901234', 'E5F6G7H8-I9J0-1234-EFGH-567890123456', 3, 3, 3, 3, 3, N'Trải nghiệm tuyệt vời!', '2023-07-20 00:00:00', '2023-07-20 00:00:00');
INSERT INTO bookings (id, vehicle_id, renter_id, owner_id, status, start_date, end_date, total_days, base_price, price_per_day, service_fee, taxes, total, deposit, created_at, updated_at) VALUES ('16bc7f15-e85b-436b-97c9-b9c488c8defc', 'V1A2B3C4-D5E6-7890-VHCL-111111111111', 'C3D4E5F6-G7H8-9012-CDEF-345678901234', 'E5F6G7H8-I9J0-1234-EFGH-567890123456', 'COMPLETED', '2023-10-07', '2023-10-10', 3, 2400000, 800000, 240000.0, 192000.0, 2832000.0, 3000000, '2023-09-26 00:00:00', '2023-09-26 00:00:00');
INSERT INTO payments (id, booking_id, user_id, amount, currency, status, method, transaction_id, created_at, processed_at) VALUES ('d913b5bb-3f09-4ec4-931f-0d3049520f11', '16bc7f15-e85b-436b-97c9-b9c488c8defc', 'C3D4E5F6-G7H8-9012-CDEF-345678901234', 2832000.0, 'VND', 'SUCCEEDED', 'VNPAY', '1aea220e-62f0-4bb4-9e64-6d4c02360c64', '2023-09-26 00:00:00', '2023-09-26 00:00:00');
INSERT INTO reviews (id, vehicle_id, booking_id, reviewer_id, owner_id, rating, cleanliness, accuracy, communication, value_rating, comment, created_at, updated_at) VALUES ('af4ae576-7c5a-48c6-9796-c18c16b24d5c', 'V1A2B3C4-D5E6-7890-VHCL-111111111111', '16bc7f15-e85b-436b-97c9-b9c488c8defc', 'C3D4E5F6-G7H8-9012-CDEF-345678901234', 'E5F6G7H8-I9J0-1234-EFGH-567890123456', 4, 4, 4, 4, 4, N'Trải nghiệm tuyệt vời!', '2023-10-10 00:00:00', '2023-10-10 00:00:00');
INSERT INTO bookings (id, vehicle_id, renter_id, owner_id, status, start_date, end_date, total_days, base_price, price_per_day, service_fee, taxes, total, deposit, created_at, updated_at) VALUES ('41d794dc-1279-4ece-a846-3d4e1822d022', 'V1A2B3C4-D5E6-7890-VHCL-111111111111', 'D4E5F6G7-H8I9-0123-DEFG-456789012345', 'E5F6G7H8-I9J0-1234-EFGH-567890123456', 'COMPLETED', '2023-02-26', '2023-02-27', 1, 800000, 800000, 80000.0, 64000.0, 944000.0, 3000000, '2023-02-23 00:00:00', '2023-02-23 00:00:00');
INSERT INTO payments (id, booking_id, user_id, amount, currency, status, method, transaction_id, created_at, processed_at) VALUES ('484400da-5db7-4aa3-8107-9513aa04ecfa', '41d794dc-1279-4ece-a846-3d4e1822d022', 'D4E5F6G7-H8I9-0123-DEFG-456789012345', 944000.0, 'VND', 'SUCCEEDED', 'VNPAY', '9dc106b1-55b8-4080-9c14-8c71ea4e8306', '2023-02-23 00:00:00', '2023-02-23 00:00:00');
INSERT INTO reviews (id, vehicle_id, booking_id, reviewer_id, owner_id, rating, cleanliness, accuracy, communication, value_rating, comment, created_at, updated_at) VALUES ('077fbf19-0339-4ec4-af24-1e9bf1f49aac', 'V1A2B3C4-D5E6-7890-VHCL-111111111111', '41d794dc-1279-4ece-a846-3d4e1822d022', 'D4E5F6G7-H8I9-0123-DEFG-456789012345', 'E5F6G7H8-I9J0-1234-EFGH-567890123456', 3, 3, 3, 3, 3, N'Trải nghiệm tuyệt vời!', '2023-02-27 00:00:00', '2023-02-27 00:00:00');
INSERT INTO bookings (id, vehicle_id, renter_id, owner_id, status, start_date, end_date, total_days, base_price, price_per_day, service_fee, taxes, total, deposit, created_at, updated_at) VALUES ('b58c41bb-ccbf-4586-bdb8-8608f54b0cc2', 'V1A2B3C4-D5E6-7890-VHCL-111111111111', 'B2C3D4E5-F6G7-8901-BCDE-234567890123', 'E5F6G7H8-I9J0-1234-EFGH-567890123456', 'COMPLETED', '2023-07-08', '2023-07-18', 10, 8000000, 800000, 800000.0, 640000.0, 9440000.0, 3000000, '2023-07-04 00:00:00', '2023-07-04 00:00:00');
INSERT INTO payments (id, booking_id, user_id, amount, currency, status, method, transaction_id, created_at, processed_at) VALUES ('b0505442-6983-4056-b8c6-b10953b3470e', 'b58c41bb-ccbf-4586-bdb8-8608f54b0cc2', 'B2C3D4E5-F6G7-8901-BCDE-234567890123', 9440000.0, 'VND', 'SUCCEEDED', 'VNPAY', '74b8a708-6be7-4a0b-8eb6-30271c41c95f', '2023-07-04 00:00:00', '2023-07-04 00:00:00');
INSERT INTO reviews (id, vehicle_id, booking_id, reviewer_id, owner_id, rating, cleanliness, accuracy, communication, value_rating, comment, created_at, updated_at) VALUES ('ae4afcc0-0ecf-4374-a0c4-529b25d9e59e', 'V1A2B3C4-D5E6-7890-VHCL-111111111111', 'b58c41bb-ccbf-4586-bdb8-8608f54b0cc2', 'B2C3D4E5-F6G7-8901-BCDE-234567890123', 'E5F6G7H8-I9J0-1234-EFGH-567890123456', 3, 3, 3, 3, 3, N'Trải nghiệm tuyệt vời!', '2023-07-18 00:00:00', '2023-07-18 00:00:00');
INSERT INTO bookings (id, vehicle_id, renter_id, owner_id, status, start_date, end_date, total_days, base_price, price_per_day, service_fee, taxes, total, deposit, created_at, updated_at) VALUES ('f412b660-de15-44c1-a026-c78afc4e9ad8', 'V1A2B3C4-D5E6-7890-VHCL-111111111111', 'D4E5F6G7-H8I9-0123-DEFG-456789012345', 'E5F6G7H8-I9J0-1234-EFGH-567890123456', 'COMPLETED', '2023-07-06', '2023-07-10', 4, 3200000, 800000, 320000.0, 256000.0, 3776000.0, 3000000, '2023-07-04 00:00:00', '2023-07-04 00:00:00');
INSERT INTO payments (id, booking_id, user_id, amount, currency, status, method, transaction_id, created_at, processed_at) VALUES ('3575b8ff-1917-4c62-9911-9f0ab5cf4ad8', 'f412b660-de15-44c1-a026-c78afc4e9ad8', 'D4E5F6G7-H8I9-0123-DEFG-456789012345', 3776000.0, 'VND', 'SUCCEEDED', 'VNPAY', '1bb280cb-de70-4e8a-9fa1-79a0fd607d7e', '2023-07-04 00:00:00', '2023-07-04 00:00:00');
INSERT INTO reviews (id, vehicle_id, booking_id, reviewer_id, owner_id, rating, cleanliness, accuracy, communication, value_rating, comment, created_at, updated_at) VALUES ('ad224666-9a87-4b41-9a51-9dec6aa2b4b5', 'V1A2B3C4-D5E6-7890-VHCL-111111111111', 'f412b660-de15-44c1-a026-c78afc4e9ad8', 'D4E5F6G7-H8I9-0123-DEFG-456789012345', 'E5F6G7H8-I9J0-1234-EFGH-567890123456', 5, 5, 5, 5, 5, N'Trải nghiệm tuyệt vời!', '2023-07-10 00:00:00', '2023-07-10 00:00:00');
INSERT INTO bookings (id, vehicle_id, renter_id, owner_id, status, start_date, end_date, total_days, base_price, price_per_day, service_fee, taxes, total, deposit, created_at, updated_at) VALUES ('a63391da-ff5c-4d72-a1ab-9eee7ca929bc', 'V1A2B3C4-D5E6-7890-VHCL-111111111111', 'C3D4E5F6-G7H8-9012-CDEF-345678901234', 'E5F6G7H8-I9J0-1234-EFGH-567890123456', 'COMPLETED', '2023-10-17', '2023-10-23', 6, 4800000, 800000, 480000.0, 384000.0, 5664000.0, 3000000, '2023-10-16 00:00:00', '2023-10-16 00:00:00');
INSERT INTO payments (id, booking_id, user_id, amount, currency, status, method, transaction_id, created_at, processed_at) VALUES ('d14469fe-3a4c-430d-91f2-5a3698b236ba', 'a63391da-ff5c-4d72-a1ab-9eee7ca929bc', 'C3D4E5F6-G7H8-9012-CDEF-345678901234', 5664000.0, 'VND', 'SUCCEEDED', 'VNPAY', '94bc904c-f6ef-481a-85c9-a90793f3cba6', '2023-10-16 00:00:00', '2023-10-16 00:00:00');
INSERT INTO reviews (id, vehicle_id, booking_id, reviewer_id, owner_id, rating, cleanliness, accuracy, communication, value_rating, comment, created_at, updated_at) VALUES ('9d18bea1-c9c6-4538-8a04-9866a82c26fc', 'V1A2B3C4-D5E6-7890-VHCL-111111111111', 'a63391da-ff5c-4d72-a1ab-9eee7ca929bc', 'C3D4E5F6-G7H8-9012-CDEF-345678901234', 'E5F6G7H8-I9J0-1234-EFGH-567890123456', 5, 5, 5, 5, 5, N'Trải nghiệm tuyệt vời!', '2023-10-23 00:00:00', '2023-10-23 00:00:00');
INSERT INTO bookings (id, vehicle_id, renter_id, owner_id, status, start_date, end_date, total_days, base_price, price_per_day, service_fee, taxes, total, deposit, created_at, updated_at) VALUES ('97fd3f2d-0240-4a52-993a-2760927c46f9', 'V1A2B3C4-D5E6-7890-VHCL-111111111111', 'B2C3D4E5-F6G7-8901-BCDE-234567890123', 'E5F6G7H8-I9J0-1234-EFGH-567890123456', 'COMPLETED', '2023-04-06', '2023-04-11', 5, 4000000, 800000, 400000.0, 320000.0, 4720000.0, 3000000, '2023-04-02 00:00:00', '2023-04-02 00:00:00');
INSERT INTO payments (id, booking_id, user_id, amount, currency, status, method, transaction_id, created_at, processed_at) VALUES ('09532c64-741e-4976-84e4-821d3ef59322', '97fd3f2d-0240-4a52-993a-2760927c46f9', 'B2C3D4E5-F6G7-8901-BCDE-234567890123', 4720000.0, 'VND', 'SUCCEEDED', 'VNPAY', '7bb73db6-9a17-49a5-a245-a050efd807d9', '2023-04-02 00:00:00', '2023-04-02 00:00:00');
INSERT INTO reviews (id, vehicle_id, booking_id, reviewer_id, owner_id, rating, cleanliness, accuracy, communication, value_rating, comment, created_at, updated_at) VALUES ('8368cc96-87c4-4c2b-aad2-00f9ce397e80', 'V1A2B3C4-D5E6-7890-VHCL-111111111111', '97fd3f2d-0240-4a52-993a-2760927c46f9', 'B2C3D4E5-F6G7-8901-BCDE-234567890123', 'E5F6G7H8-I9J0-1234-EFGH-567890123456', 5, 5, 5, 5, 5, N'Trải nghiệm tuyệt vời!', '2023-04-11 00:00:00', '2023-04-11 00:00:00');
INSERT INTO bookings (id, vehicle_id, renter_id, owner_id, status, start_date, end_date, total_days, base_price, price_per_day, service_fee, taxes, total, deposit, created_at, updated_at) VALUES ('125131ee-8ee2-4494-b785-ed9b51e03a9c', 'V1A2B3C4-D5E6-7890-VHCL-111111111111', 'C3D4E5F6-G7H8-9012-CDEF-345678901234', 'E5F6G7H8-I9J0-1234-EFGH-567890123456', 'COMPLETED', '2023-02-24', '2023-03-05', 9, 7200000, 800000, 720000.0, 576000.0, 8496000.0, 3000000, '2023-02-22 00:00:00', '2023-02-22 00:00:00');
INSERT INTO payments (id, booking_id, user_id, amount, currency, status, method, transaction_id, created_at, processed_at) VALUES ('7a4270ca-20ea-46ff-84da-0a2df8c5af64', '125131ee-8ee2-4494-b785-ed9b51e03a9c', 'C3D4E5F6-G7H8-9012-CDEF-345678901234', 8496000.0, 'VND', 'SUCCEEDED', 'VNPAY', 'febe24d2-70ba-466b-acdf-87f326d0eec7', '2023-02-22 00:00:00', '2023-02-22 00:00:00');
INSERT INTO reviews (id, vehicle_id, booking_id, reviewer_id, owner_id, rating, cleanliness, accuracy, communication, value_rating, comment, created_at, updated_at) VALUES ('279f32a3-439c-46e8-a810-fcda47445f9e', 'V1A2B3C4-D5E6-7890-VHCL-111111111111', '125131ee-8ee2-4494-b785-ed9b51e03a9c', 'C3D4E5F6-G7H8-9012-CDEF-345678901234', 'E5F6G7H8-I9J0-1234-EFGH-567890123456', 4, 4, 4, 4, 4, N'Trải nghiệm tuyệt vời!', '2023-03-05 00:00:00', '2023-03-05 00:00:00');
INSERT INTO bookings (id, vehicle_id, renter_id, owner_id, status, start_date, end_date, total_days, base_price, price_per_day, service_fee, taxes, total, deposit, created_at, updated_at) VALUES ('0d2e525d-583c-46fa-8a29-75dd7f1bbfec', 'V1A2B3C4-D5E6-7890-VHCL-111111111111', 'B2C3D4E5-F6G7-8901-BCDE-234567890123', 'E5F6G7H8-I9J0-1234-EFGH-567890123456', 'COMPLETED', '2024-01-02', '2024-01-05', 3, 2400000, 800000, 240000.0, 192000.0, 2832000.0, 3000000, '2023-12-22 00:00:00', '2023-12-22 00:00:00');
INSERT INTO payments (id, booking_id, user_id, amount, currency, status, method, transaction_id, created_at, processed_at) VALUES ('738d5fa6-1edc-4ccd-a226-29763c3c2781', '0d2e525d-583c-46fa-8a29-75dd7f1bbfec', 'B2C3D4E5-F6G7-8901-BCDE-234567890123', 2832000.0, 'VND', 'SUCCEEDED', 'VNPAY', 'e3f438cd-2766-44ec-97d0-4a2f3799abbf', '2023-12-22 00:00:00', '2023-12-22 00:00:00');
INSERT INTO reviews (id, vehicle_id, booking_id, reviewer_id, owner_id, rating, cleanliness, accuracy, communication, value_rating, comment, created_at, updated_at) VALUES ('35dc87e1-0709-4db5-bde5-4ccbb55d329c', 'V1A2B3C4-D5E6-7890-VHCL-111111111111', '0d2e525d-583c-46fa-8a29-75dd7f1bbfec', 'B2C3D4E5-F6G7-8901-BCDE-234567890123', 'E5F6G7H8-I9J0-1234-EFGH-567890123456', 5, 5, 5, 5, 5, N'Trải nghiệm tuyệt vời!', '2024-01-05 00:00:00', '2024-01-05 00:00:00');
INSERT INTO bookings (id, vehicle_id, renter_id, owner_id, status, start_date, end_date, total_days, base_price, price_per_day, service_fee, taxes, total, deposit, created_at, updated_at) VALUES ('754e5f4e-5da1-447b-9e16-f04ba1fe7e16', 'V1A2B3C4-D5E6-7890-VHCL-111111111111', 'B2C3D4E5-F6G7-8901-BCDE-234567890123', 'E5F6G7H8-I9J0-1234-EFGH-567890123456', 'COMPLETED', '2023-10-27', '2023-11-03', 7, 5600000, 800000, 560000.0, 448000.0, 6608000.0, 3000000, '2023-10-16 00:00:00', '2023-10-16 00:00:00');
INSERT INTO payments (id, booking_id, user_id, amount, currency, status, method, transaction_id, created_at, processed_at) VALUES ('0de18faa-8456-40a3-99d8-d22209565f0b', '754e5f4e-5da1-447b-9e16-f04ba1fe7e16', 'B2C3D4E5-F6G7-8901-BCDE-234567890123', 6608000.0, 'VND', 'SUCCEEDED', 'VNPAY', 'ec469213-af75-49ee-af6c-efd5d5e209bc', '2023-10-16 00:00:00', '2023-10-16 00:00:00');
INSERT INTO reviews (id, vehicle_id, booking_id, reviewer_id, owner_id, rating, cleanliness, accuracy, communication, value_rating, comment, created_at, updated_at) VALUES ('f3a34242-8bb0-4f61-a962-6dd533790e2f', 'V1A2B3C4-D5E6-7890-VHCL-111111111111', '754e5f4e-5da1-447b-9e16-f04ba1fe7e16', 'B2C3D4E5-F6G7-8901-BCDE-234567890123', 'E5F6G7H8-I9J0-1234-EFGH-567890123456', 3, 3, 3, 3, 3, N'Trải nghiệm tuyệt vời!', '2023-11-03 00:00:00', '2023-11-03 00:00:00');
INSERT INTO bookings (id, vehicle_id, renter_id, owner_id, status, start_date, end_date, total_days, base_price, price_per_day, service_fee, taxes, total, deposit, created_at, updated_at) VALUES ('e7267778-d7c5-4456-a432-b7f81271a30f', 'V1A2B3C4-D5E6-7890-VHCL-111111111111', 'C3D4E5F6-G7H8-9012-CDEF-345678901234', 'E5F6G7H8-I9J0-1234-EFGH-567890123456', 'CANCELLED', '2023-03-04', '2023-03-14', 10, 8000000, 800000, 800000.0, 640000.0, 9440000.0, 3000000, '2023-02-18 00:00:00', '2023-02-18 00:00:00');
INSERT INTO payments (id, booking_id, user_id, amount, currency, status, method, transaction_id, created_at, processed_at) VALUES ('df55c5e1-3660-44b9-be96-01b237b6943a', 'e7267778-d7c5-4456-a432-b7f81271a30f', 'C3D4E5F6-G7H8-9012-CDEF-345678901234', 9440000.0, 'VND', 'REFUNDED', 'VNPAY', 'c6ff9bff-25bb-4fda-83d1-3326b025c4f7', '2023-02-18 00:00:00', '2023-02-18 00:00:00');
INSERT INTO bookings (id, vehicle_id, renter_id, owner_id, status, start_date, end_date, total_days, base_price, price_per_day, service_fee, taxes, total, deposit, created_at, updated_at) VALUES ('56e38877-f9b8-4b12-ad4d-6e563143e411', 'V1A2B3C4-D5E6-7890-VHCL-111111111111', 'D4E5F6G7-H8I9-0123-DEFG-456789012345', 'E5F6G7H8-I9J0-1234-EFGH-567890123456', 'COMPLETED', '2023-05-12', '2023-05-13', 1, 800000, 800000, 80000.0, 64000.0, 944000.0, 3000000, '2023-05-03 00:00:00', '2023-05-03 00:00:00');
INSERT INTO payments (id, booking_id, user_id, amount, currency, status, method, transaction_id, created_at, processed_at) VALUES ('4b991578-f2f6-4309-a9d7-f7202bd05992', '56e38877-f9b8-4b12-ad4d-6e563143e411', 'D4E5F6G7-H8I9-0123-DEFG-456789012345', 944000.0, 'VND', 'SUCCEEDED', 'VNPAY', '1be7a458-e37f-4f22-90a6-801940f505d2', '2023-05-03 00:00:00', '2023-05-03 00:00:00');
INSERT INTO reviews (id, vehicle_id, booking_id, reviewer_id, owner_id, rating, cleanliness, accuracy, communication, value_rating, comment, created_at, updated_at) VALUES ('995905c0-3dee-43e4-86c1-377f20708423', 'V1A2B3C4-D5E6-7890-VHCL-111111111111', '56e38877-f9b8-4b12-ad4d-6e563143e411', 'D4E5F6G7-H8I9-0123-DEFG-456789012345', 'E5F6G7H8-I9J0-1234-EFGH-567890123456', 4, 4, 4, 4, 4, N'Trải nghiệm tuyệt vời!', '2023-05-13 00:00:00', '2023-05-13 00:00:00');
INSERT INTO bookings (id, vehicle_id, renter_id, owner_id, status, start_date, end_date, total_days, base_price, price_per_day, service_fee, taxes, total, deposit, created_at, updated_at) VALUES ('a4f47e88-249b-44b1-aa50-8fb88eb33c6b', 'V1A2B3C4-D5E6-7890-VHCL-111111111111', 'B2C3D4E5-F6G7-8901-BCDE-234567890123', 'E5F6G7H8-I9J0-1234-EFGH-567890123456', 'COMPLETED', '2023-06-08', '2023-06-14', 6, 4800000, 800000, 480000.0, 384000.0, 5664000.0, 3000000, '2023-05-29 00:00:00', '2023-05-29 00:00:00');
INSERT INTO payments (id, booking_id, user_id, amount, currency, status, method, transaction_id, created_at, processed_at) VALUES ('23954952-936a-4851-82ff-3dff6e3944a0', 'a4f47e88-249b-44b1-aa50-8fb88eb33c6b', 'B2C3D4E5-F6G7-8901-BCDE-234567890123', 5664000.0, 'VND', 'SUCCEEDED', 'VNPAY', 'ffd09dd1-39bd-41fc-bef4-1c82ceb40ec0', '2023-05-29 00:00:00', '2023-05-29 00:00:00');
INSERT INTO reviews (id, vehicle_id, booking_id, reviewer_id, owner_id, rating, cleanliness, accuracy, communication, value_rating, comment, created_at, updated_at) VALUES ('a0866864-8839-4c09-b8f6-c486f1af1e67', 'V1A2B3C4-D5E6-7890-VHCL-111111111111', 'a4f47e88-249b-44b1-aa50-8fb88eb33c6b', 'B2C3D4E5-F6G7-8901-BCDE-234567890123', 'E5F6G7H8-I9J0-1234-EFGH-567890123456', 5, 5, 5, 5, 5, N'Trải nghiệm tuyệt vời!', '2023-06-14 00:00:00', '2023-06-14 00:00:00');
INSERT INTO bookings (id, vehicle_id, renter_id, owner_id, status, start_date, end_date, total_days, base_price, price_per_day, service_fee, taxes, total, deposit, created_at, updated_at) VALUES ('cb006178-cc64-40d3-ae8a-80a9e08cec8f', 'V1A2B3C4-D5E6-7890-VHCL-111111111111', 'B2C3D4E5-F6G7-8901-BCDE-234567890123', 'E5F6G7H8-I9J0-1234-EFGH-567890123456', 'COMPLETED', '2024-01-02', '2024-01-05', 3, 2400000, 800000, 240000.0, 192000.0, 2832000.0, 3000000, '2023-12-29 00:00:00', '2023-12-29 00:00:00');
INSERT INTO payments (id, booking_id, user_id, amount, currency, status, method, transaction_id, created_at, processed_at) VALUES ('c241f090-64c2-4b19-8a75-9df43601b111', 'cb006178-cc64-40d3-ae8a-80a9e08cec8f', 'B2C3D4E5-F6G7-8901-BCDE-234567890123', 2832000.0, 'VND', 'SUCCEEDED', 'VNPAY', '29203991-b573-4763-b46b-4f424ee42ae7', '2023-12-29 00:00:00', '2023-12-29 00:00:00');
INSERT INTO reviews (id, vehicle_id, booking_id, reviewer_id, owner_id, rating, cleanliness, accuracy, communication, value_rating, comment, created_at, updated_at) VALUES ('2f7ca0fa-ee63-4596-b22c-2803ad7e4af3', 'V1A2B3C4-D5E6-7890-VHCL-111111111111', 'cb006178-cc64-40d3-ae8a-80a9e08cec8f', 'B2C3D4E5-F6G7-8901-BCDE-234567890123', 'E5F6G7H8-I9J0-1234-EFGH-567890123456', 5, 5, 5, 5, 5, N'Trải nghiệm tuyệt vời!', '2024-01-05 00:00:00', '2024-01-05 00:00:00');
INSERT INTO bookings (id, vehicle_id, renter_id, owner_id, status, start_date, end_date, total_days, base_price, price_per_day, service_fee, taxes, total, deposit, created_at, updated_at) VALUES ('18b9d48e-d091-4a66-af32-8004b4ffeec4', 'V1A2B3C4-D5E6-7890-VHCL-111111111111', 'D4E5F6G7-H8I9-0123-DEFG-456789012345', 'E5F6G7H8-I9J0-1234-EFGH-567890123456', 'COMPLETED', '2023-07-08', '2023-07-12', 4, 3200000, 800000, 320000.0, 256000.0, 3776000.0, 3000000, '2023-07-01 00:00:00', '2023-07-01 00:00:00');
INSERT INTO payments (id, booking_id, user_id, amount, currency, status, method, transaction_id, created_at, processed_at) VALUES ('bf1fd9ef-017a-413d-8c5f-5663f3527422', '18b9d48e-d091-4a66-af32-8004b4ffeec4', 'D4E5F6G7-H8I9-0123-DEFG-456789012345', 3776000.0, 'VND', 'SUCCEEDED', 'VNPAY', '530a80df-4020-4b2a-b093-838a25b2396c', '2023-07-01 00:00:00', '2023-07-01 00:00:00');
INSERT INTO reviews (id, vehicle_id, booking_id, reviewer_id, owner_id, rating, cleanliness, accuracy, communication, value_rating, comment, created_at, updated_at) VALUES ('e2f3099b-fe08-43eb-8936-7dfc775124f2', 'V1A2B3C4-D5E6-7890-VHCL-111111111111', '18b9d48e-d091-4a66-af32-8004b4ffeec4', 'D4E5F6G7-H8I9-0123-DEFG-456789012345', 'E5F6G7H8-I9J0-1234-EFGH-567890123456', 5, 5, 5, 5, 5, N'Trải nghiệm tuyệt vời!', '2023-07-12 00:00:00', '2023-07-12 00:00:00');
INSERT INTO bookings (id, vehicle_id, renter_id, owner_id, status, start_date, end_date, total_days, base_price, price_per_day, service_fee, taxes, total, deposit, created_at, updated_at) VALUES ('c4fe9388-df5b-4a58-9a89-8e816216e10e', 'V1A2B3C4-D5E6-7890-VHCL-111111111111', 'D4E5F6G7-H8I9-0123-DEFG-456789012345', 'E5F6G7H8-I9J0-1234-EFGH-567890123456', 'COMPLETED', '2023-06-14', '2023-06-22', 8, 6400000, 800000, 640000.0, 512000.0, 7552000.0, 3000000, '2023-06-01 00:00:00', '2023-06-01 00:00:00');
INSERT INTO payments (id, booking_id, user_id, amount, currency, status, method, transaction_id, created_at, processed_at) VALUES ('9bbad645-0e32-4888-9455-319989f5b8d8', 'c4fe9388-df5b-4a58-9a89-8e816216e10e', 'D4E5F6G7-H8I9-0123-DEFG-456789012345', 7552000.0, 'VND', 'SUCCEEDED', 'VNPAY', '3e08780c-9acd-45ea-8174-701a0b3aa9dc', '2023-06-01 00:00:00', '2023-06-01 00:00:00');
INSERT INTO reviews (id, vehicle_id, booking_id, reviewer_id, owner_id, rating, cleanliness, accuracy, communication, value_rating, comment, created_at, updated_at) VALUES ('ba9612ef-5695-492d-a976-9f0ce2c317f5', 'V1A2B3C4-D5E6-7890-VHCL-111111111111', 'c4fe9388-df5b-4a58-9a89-8e816216e10e', 'D4E5F6G7-H8I9-0123-DEFG-456789012345', 'E5F6G7H8-I9J0-1234-EFGH-567890123456', 5, 5, 5, 5, 5, N'Trải nghiệm tuyệt vời!', '2023-06-22 00:00:00', '2023-06-22 00:00:00');
INSERT INTO bookings (id, vehicle_id, renter_id, owner_id, status, start_date, end_date, total_days, base_price, price_per_day, service_fee, taxes, total, deposit, created_at, updated_at) VALUES ('44c65eda-d2e8-4f30-bf07-a2f3ef23a36a', 'V1A2B3C4-D5E6-7890-VHCL-111111111111', 'C3D4E5F6-G7H8-9012-CDEF-345678901234', 'E5F6G7H8-I9J0-1234-EFGH-567890123456', 'COMPLETED', '2023-01-16', '2023-01-24', 8, 6400000, 800000, 640000.0, 512000.0, 7552000.0, 3000000, '2023-01-02 00:00:00', '2023-01-02 00:00:00');
INSERT INTO payments (id, booking_id, user_id, amount, currency, status, method, transaction_id, created_at, processed_at) VALUES ('7c0b323e-6a8c-472a-a99f-d75331a94cb3', '44c65eda-d2e8-4f30-bf07-a2f3ef23a36a', 'C3D4E5F6-G7H8-9012-CDEF-345678901234', 7552000.0, 'VND', 'SUCCEEDED', 'VNPAY', 'a4137e4b-0286-44e1-9397-a3feafcee7ac', '2023-01-02 00:00:00', '2023-01-02 00:00:00');
INSERT INTO reviews (id, vehicle_id, booking_id, reviewer_id, owner_id, rating, cleanliness, accuracy, communication, value_rating, comment, created_at, updated_at) VALUES ('0c0c18e1-ddd1-48e8-a9af-797946fb5c0a', 'V1A2B3C4-D5E6-7890-VHCL-111111111111', '44c65eda-d2e8-4f30-bf07-a2f3ef23a36a', 'C3D4E5F6-G7H8-9012-CDEF-345678901234', 'E5F6G7H8-I9J0-1234-EFGH-567890123456', 4, 4, 4, 4, 4, N'Trải nghiệm tuyệt vời!', '2023-01-24 00:00:00', '2023-01-24 00:00:00');
INSERT INTO bookings (id, vehicle_id, renter_id, owner_id, status, start_date, end_date, total_days, base_price, price_per_day, service_fee, taxes, total, deposit, created_at, updated_at) VALUES ('a91061b4-62f9-4536-9b5e-b38cd3745b6c', 'V1A2B3C4-D5E6-7890-VHCL-111111111111', 'B2C3D4E5-F6G7-8901-BCDE-234567890123', 'E5F6G7H8-I9J0-1234-EFGH-567890123456', 'COMPLETED', '2023-01-13', '2023-01-19', 6, 4800000, 800000, 480000.0, 384000.0, 5664000.0, 3000000, '2023-01-05 00:00:00', '2023-01-05 00:00:00');
INSERT INTO payments (id, booking_id, user_id, amount, currency, status, method, transaction_id, created_at, processed_at) VALUES ('6209464c-5c45-4cfc-aa47-f0388af6d68c', 'a91061b4-62f9-4536-9b5e-b38cd3745b6c', 'B2C3D4E5-F6G7-8901-BCDE-234567890123', 5664000.0, 'VND', 'SUCCEEDED', 'VNPAY', 'fc813199-1b55-47ed-941d-eb9b5330997b', '2023-01-05 00:00:00', '2023-01-05 00:00:00');
INSERT INTO reviews (id, vehicle_id, booking_id, reviewer_id, owner_id, rating, cleanliness, accuracy, communication, value_rating, comment, created_at, updated_at) VALUES ('cdbf29c4-1080-447f-be42-8ee87fa9817f', 'V1A2B3C4-D5E6-7890-VHCL-111111111111', 'a91061b4-62f9-4536-9b5e-b38cd3745b6c', 'B2C3D4E5-F6G7-8901-BCDE-234567890123', 'E5F6G7H8-I9J0-1234-EFGH-567890123456', 5, 5, 5, 5, 5, N'Trải nghiệm tuyệt vời!', '2023-01-19 00:00:00', '2023-01-19 00:00:00');
INSERT INTO bookings (id, vehicle_id, renter_id, owner_id, status, start_date, end_date, total_days, base_price, price_per_day, service_fee, taxes, total, deposit, created_at, updated_at) VALUES ('6de20a6c-05cc-4efb-b31d-b6813779cbec', 'V1A2B3C4-D5E6-7890-VHCL-111111111111', 'B2C3D4E5-F6G7-8901-BCDE-234567890123', 'E5F6G7H8-I9J0-1234-EFGH-567890123456', 'CANCELLED', '2023-01-21', '2023-01-28', 7, 5600000, 800000, 560000.0, 448000.0, 6608000.0, 3000000, '2023-01-07 00:00:00', '2023-01-07 00:00:00');
INSERT INTO payments (id, booking_id, user_id, amount, currency, status, method, transaction_id, created_at, processed_at) VALUES ('82500540-72b0-4dd7-a878-230ff37dea92', '6de20a6c-05cc-4efb-b31d-b6813779cbec', 'B2C3D4E5-F6G7-8901-BCDE-234567890123', 6608000.0, 'VND', 'REFUNDED', 'VNPAY', 'b364a629-a3bd-406b-94b8-6309463deca9', '2023-01-07 00:00:00', '2023-01-07 00:00:00');
INSERT INTO bookings (id, vehicle_id, renter_id, owner_id, status, start_date, end_date, total_days, base_price, price_per_day, service_fee, taxes, total, deposit, created_at, updated_at) VALUES ('a4b8fea1-6749-4e83-8ca4-50704eaea585', 'V1A2B3C4-D5E6-7890-VHCL-111111111111', 'C3D4E5F6-G7H8-9012-CDEF-345678901234', 'E5F6G7H8-I9J0-1234-EFGH-567890123456', 'COMPLETED', '2023-06-15', '2023-06-22', 7, 5600000, 800000, 560000.0, 448000.0, 6608000.0, 3000000, '2023-06-13 00:00:00', '2023-06-13 00:00:00');
INSERT INTO payments (id, booking_id, user_id, amount, currency, status, method, transaction_id, created_at, processed_at) VALUES ('e73d3edb-8fed-4c11-ad7f-bf6f382b8036', 'a4b8fea1-6749-4e83-8ca4-50704eaea585', 'C3D4E5F6-G7H8-9012-CDEF-345678901234', 6608000.0, 'VND', 'SUCCEEDED', 'VNPAY', '2603ab66-7b30-461c-8eae-d7966057d2d2', '2023-06-13 00:00:00', '2023-06-13 00:00:00');
INSERT INTO reviews (id, vehicle_id, booking_id, reviewer_id, owner_id, rating, cleanliness, accuracy, communication, value_rating, comment, created_at, updated_at) VALUES ('856076fc-a165-41bc-96dc-b590973da57c', 'V1A2B3C4-D5E6-7890-VHCL-111111111111', 'a4b8fea1-6749-4e83-8ca4-50704eaea585', 'C3D4E5F6-G7H8-9012-CDEF-345678901234', 'E5F6G7H8-I9J0-1234-EFGH-567890123456', 3, 3, 3, 3, 3, N'Trải nghiệm tuyệt vời!', '2023-06-22 00:00:00', '2023-06-22 00:00:00');
INSERT INTO bookings (id, vehicle_id, renter_id, owner_id, status, start_date, end_date, total_days, base_price, price_per_day, service_fee, taxes, total, deposit, created_at, updated_at) VALUES ('97ba91aa-2d30-48db-8dd5-c64e9c455667', 'V1A2B3C4-D5E6-7890-VHCL-111111111111', 'C3D4E5F6-G7H8-9012-CDEF-345678901234', 'E5F6G7H8-I9J0-1234-EFGH-567890123456', 'COMPLETED', '2023-10-21', '2023-10-23', 2, 1600000, 800000, 160000.0, 128000.0, 1888000.0, 3000000, '2023-10-17 00:00:00', '2023-10-17 00:00:00');
INSERT INTO payments (id, booking_id, user_id, amount, currency, status, method, transaction_id, created_at, processed_at) VALUES ('7e6e7f11-8d5e-4163-943a-710608c9461e', '97ba91aa-2d30-48db-8dd5-c64e9c455667', 'C3D4E5F6-G7H8-9012-CDEF-345678901234', 1888000.0, 'VND', 'SUCCEEDED', 'VNPAY', 'badda2f6-b5c5-43f5-8385-84103a36f2c7', '2023-10-17 00:00:00', '2023-10-17 00:00:00');
INSERT INTO reviews (id, vehicle_id, booking_id, reviewer_id, owner_id, rating, cleanliness, accuracy, communication, value_rating, comment, created_at, updated_at) VALUES ('0fa6162d-b079-401c-ae31-9c8f0a466fb3', 'V1A2B3C4-D5E6-7890-VHCL-111111111111', '97ba91aa-2d30-48db-8dd5-c64e9c455667', 'C3D4E5F6-G7H8-9012-CDEF-345678901234', 'E5F6G7H8-I9J0-1234-EFGH-567890123456', 4, 4, 4, 4, 4, N'Trải nghiệm tuyệt vời!', '2023-10-23 00:00:00', '2023-10-23 00:00:00');
INSERT INTO bookings (id, vehicle_id, renter_id, owner_id, status, start_date, end_date, total_days, base_price, price_per_day, service_fee, taxes, total, deposit, created_at, updated_at) VALUES ('f6381b7b-d1a0-46bc-91c2-22da2dff3014', 'V1A2B3C4-D5E6-7890-VHCL-111111111111', 'C3D4E5F6-G7H8-9012-CDEF-345678901234', 'E5F6G7H8-I9J0-1234-EFGH-567890123456', 'COMPLETED', '2023-08-16', '2023-08-22', 6, 4800000, 800000, 480000.0, 384000.0, 5664000.0, 3000000, '2023-08-08 00:00:00', '2023-08-08 00:00:00');
INSERT INTO payments (id, booking_id, user_id, amount, currency, status, method, transaction_id, created_at, processed_at) VALUES ('46776284-5820-46b6-85c4-6d2864648c1a', 'f6381b7b-d1a0-46bc-91c2-22da2dff3014', 'C3D4E5F6-G7H8-9012-CDEF-345678901234', 5664000.0, 'VND', 'SUCCEEDED', 'VNPAY', '00c6f929-3636-44f7-aaca-3ec69156ee9d', '2023-08-08 00:00:00', '2023-08-08 00:00:00');
INSERT INTO reviews (id, vehicle_id, booking_id, reviewer_id, owner_id, rating, cleanliness, accuracy, communication, value_rating, comment, created_at, updated_at) VALUES ('bfc37c18-bd62-4b51-ac6b-28298b1b5864', 'V1A2B3C4-D5E6-7890-VHCL-111111111111', 'f6381b7b-d1a0-46bc-91c2-22da2dff3014', 'C3D4E5F6-G7H8-9012-CDEF-345678901234', 'E5F6G7H8-I9J0-1234-EFGH-567890123456', 5, 5, 5, 5, 5, N'Trải nghiệm tuyệt vời!', '2023-08-22 00:00:00', '2023-08-22 00:00:00');
INSERT INTO bookings (id, vehicle_id, renter_id, owner_id, status, start_date, end_date, total_days, base_price, price_per_day, service_fee, taxes, total, deposit, created_at, updated_at) VALUES ('b446c1f6-9c39-4120-a8c3-8da688d949f7', 'V1A2B3C4-D5E6-7890-VHCL-111111111111', 'C3D4E5F6-G7H8-9012-CDEF-345678901234', 'E5F6G7H8-I9J0-1234-EFGH-567890123456', 'COMPLETED', '2024-01-22', '2024-01-30', 8, 6400000, 800000, 640000.0, 512000.0, 7552000.0, 3000000, '2024-01-08 00:00:00', '2024-01-08 00:00:00');
INSERT INTO payments (id, booking_id, user_id, amount, currency, status, method, transaction_id, created_at, processed_at) VALUES ('3487ff45-a276-4d03-96b6-994b9bed221e', 'b446c1f6-9c39-4120-a8c3-8da688d949f7', 'C3D4E5F6-G7H8-9012-CDEF-345678901234', 7552000.0, 'VND', 'SUCCEEDED', 'VNPAY', '84c3baae-d70c-489b-9339-e734090f120e', '2024-01-08 00:00:00', '2024-01-08 00:00:00');
INSERT INTO reviews (id, vehicle_id, booking_id, reviewer_id, owner_id, rating, cleanliness, accuracy, communication, value_rating, comment, created_at, updated_at) VALUES ('8b165c66-df34-4aae-b229-57a5a42ae34c', 'V1A2B3C4-D5E6-7890-VHCL-111111111111', 'b446c1f6-9c39-4120-a8c3-8da688d949f7', 'C3D4E5F6-G7H8-9012-CDEF-345678901234', 'E5F6G7H8-I9J0-1234-EFGH-567890123456', 3, 3, 3, 3, 3, N'Trải nghiệm tuyệt vời!', '2024-01-30 00:00:00', '2024-01-30 00:00:00');
INSERT INTO bookings (id, vehicle_id, renter_id, owner_id, status, start_date, end_date, total_days, base_price, price_per_day, service_fee, taxes, total, deposit, created_at, updated_at) VALUES ('f21e958b-f2ad-4a8e-8f06-a9394145cd45', 'V1A2B3C4-D5E6-7890-VHCL-111111111111', 'C3D4E5F6-G7H8-9012-CDEF-345678901234', 'E5F6G7H8-I9J0-1234-EFGH-567890123456', 'COMPLETED', '2023-02-25', '2023-02-27', 2, 1600000, 800000, 160000.0, 128000.0, 1888000.0, 3000000, '2023-02-21 00:00:00', '2023-02-21 00:00:00');
INSERT INTO payments (id, booking_id, user_id, amount, currency, status, method, transaction_id, created_at, processed_at) VALUES ('d5bc88eb-db75-49cf-8823-608e69f6b1fb', 'f21e958b-f2ad-4a8e-8f06-a9394145cd45', 'C3D4E5F6-G7H8-9012-CDEF-345678901234', 1888000.0, 'VND', 'SUCCEEDED', 'VNPAY', '728a5474-0604-44c0-8670-491de73cfb85', '2023-02-21 00:00:00', '2023-02-21 00:00:00');
INSERT INTO reviews (id, vehicle_id, booking_id, reviewer_id, owner_id, rating, cleanliness, accuracy, communication, value_rating, comment, created_at, updated_at) VALUES ('f0f6f4d9-1eb5-4904-b5b4-34c04ce77d52', 'V1A2B3C4-D5E6-7890-VHCL-111111111111', 'f21e958b-f2ad-4a8e-8f06-a9394145cd45', 'C3D4E5F6-G7H8-9012-CDEF-345678901234', 'E5F6G7H8-I9J0-1234-EFGH-567890123456', 3, 3, 3, 3, 3, N'Trải nghiệm tuyệt vời!', '2023-02-27 00:00:00', '2023-02-27 00:00:00');
INSERT INTO bookings (id, vehicle_id, renter_id, owner_id, status, start_date, end_date, total_days, base_price, price_per_day, service_fee, taxes, total, deposit, created_at, updated_at) VALUES ('d4906ac8-9324-4807-bacb-05ee894cd224', 'V1A2B3C4-D5E6-7890-VHCL-111111111111', 'C3D4E5F6-G7H8-9012-CDEF-345678901234', 'E5F6G7H8-I9J0-1234-EFGH-567890123456', 'COMPLETED', '2023-08-24', '2023-08-29', 5, 4000000, 800000, 400000.0, 320000.0, 4720000.0, 3000000, '2023-08-13 00:00:00', '2023-08-13 00:00:00');
INSERT INTO payments (id, booking_id, user_id, amount, currency, status, method, transaction_id, created_at, processed_at) VALUES ('679dc6db-882e-403c-8d6a-1d7400a39fdf', 'd4906ac8-9324-4807-bacb-05ee894cd224', 'C3D4E5F6-G7H8-9012-CDEF-345678901234', 4720000.0, 'VND', 'SUCCEEDED', 'VNPAY', '0c65067e-1043-4c95-b952-eea45036a171', '2023-08-13 00:00:00', '2023-08-13 00:00:00');
INSERT INTO reviews (id, vehicle_id, booking_id, reviewer_id, owner_id, rating, cleanliness, accuracy, communication, value_rating, comment, created_at, updated_at) VALUES ('e28df5e4-224f-46f5-9dd1-641fe9c2fe14', 'V1A2B3C4-D5E6-7890-VHCL-111111111111', 'd4906ac8-9324-4807-bacb-05ee894cd224', 'C3D4E5F6-G7H8-9012-CDEF-345678901234', 'E5F6G7H8-I9J0-1234-EFGH-567890123456', 5, 5, 5, 5, 5, N'Trải nghiệm tuyệt vời!', '2023-08-29 00:00:00', '2023-08-29 00:00:00');
INSERT INTO bookings (id, vehicle_id, renter_id, owner_id, status, start_date, end_date, total_days, base_price, price_per_day, service_fee, taxes, total, deposit, created_at, updated_at) VALUES ('24f1acd5-96f2-407e-ba06-227094f37bf7', 'V1A2B3C4-D5E6-7890-VHCL-111111111111', 'C3D4E5F6-G7H8-9012-CDEF-345678901234', 'E5F6G7H8-I9J0-1234-EFGH-567890123456', 'CANCELLED', '2024-03-11', '2024-03-17', 6, 4800000, 800000, 480000.0, 384000.0, 5664000.0, 3000000, '2024-03-08 00:00:00', '2024-03-08 00:00:00');
INSERT INTO payments (id, booking_id, user_id, amount, currency, status, method, transaction_id, created_at, processed_at) VALUES ('544bb2ea-91f6-4e24-81e8-24409d405f2f', '24f1acd5-96f2-407e-ba06-227094f37bf7', 'C3D4E5F6-G7H8-9012-CDEF-345678901234', 5664000.0, 'VND', 'REFUNDED', 'VNPAY', 'c085ced7-6236-4598-927e-533f6cacd63d', '2024-03-08 00:00:00', '2024-03-08 00:00:00');
INSERT INTO bookings (id, vehicle_id, renter_id, owner_id, status, start_date, end_date, total_days, base_price, price_per_day, service_fee, taxes, total, deposit, created_at, updated_at) VALUES ('1e141ff9-7281-4744-98a2-ec12a2ffba93', 'V1A2B3C4-D5E6-7890-VHCL-111111111111', 'B2C3D4E5-F6G7-8901-BCDE-234567890123', 'E5F6G7H8-I9J0-1234-EFGH-567890123456', 'COMPLETED', '2023-04-10', '2023-04-17', 7, 5600000, 800000, 560000.0, 448000.0, 6608000.0, 3000000, '2023-03-28 00:00:00', '2023-03-28 00:00:00');
INSERT INTO payments (id, booking_id, user_id, amount, currency, status, method, transaction_id, created_at, processed_at) VALUES ('27c9f2f1-7c9a-43ce-be3c-1c425b586633', '1e141ff9-7281-4744-98a2-ec12a2ffba93', 'B2C3D4E5-F6G7-8901-BCDE-234567890123', 6608000.0, 'VND', 'SUCCEEDED', 'VNPAY', 'c6d0a8f3-6dfb-4552-8a70-b183eaadb270', '2023-03-28 00:00:00', '2023-03-28 00:00:00');
INSERT INTO reviews (id, vehicle_id, booking_id, reviewer_id, owner_id, rating, cleanliness, accuracy, communication, value_rating, comment, created_at, updated_at) VALUES ('c82f467a-44a2-414e-b8e9-8151e30e162b', 'V1A2B3C4-D5E6-7890-VHCL-111111111111', '1e141ff9-7281-4744-98a2-ec12a2ffba93', 'B2C3D4E5-F6G7-8901-BCDE-234567890123', 'E5F6G7H8-I9J0-1234-EFGH-567890123456', 3, 3, 3, 3, 3, N'Trải nghiệm tuyệt vời!', '2023-04-17 00:00:00', '2023-04-17 00:00:00');
INSERT INTO bookings (id, vehicle_id, renter_id, owner_id, status, start_date, end_date, total_days, base_price, price_per_day, service_fee, taxes, total, deposit, created_at, updated_at) VALUES ('9b77e27b-e786-43e0-988a-37669d5f72ab', 'V1A2B3C4-D5E6-7890-VHCL-111111111111', 'D4E5F6G7-H8I9-0123-DEFG-456789012345', 'E5F6G7H8-I9J0-1234-EFGH-567890123456', 'COMPLETED', '2023-03-13', '2023-03-21', 8, 6400000, 800000, 640000.0, 512000.0, 7552000.0, 3000000, '2023-03-10 00:00:00', '2023-03-10 00:00:00');
INSERT INTO payments (id, booking_id, user_id, amount, currency, status, method, transaction_id, created_at, processed_at) VALUES ('aa217354-7b9b-4da7-ae1c-907fd8986226', '9b77e27b-e786-43e0-988a-37669d5f72ab', 'D4E5F6G7-H8I9-0123-DEFG-456789012345', 7552000.0, 'VND', 'SUCCEEDED', 'VNPAY', 'd707f0ac-75a7-41e5-8844-f211ee4ce6fd', '2023-03-10 00:00:00', '2023-03-10 00:00:00');
INSERT INTO reviews (id, vehicle_id, booking_id, reviewer_id, owner_id, rating, cleanliness, accuracy, communication, value_rating, comment, created_at, updated_at) VALUES ('05381bf2-1e1c-4230-8ad2-3799911b0f85', 'V1A2B3C4-D5E6-7890-VHCL-111111111111', '9b77e27b-e786-43e0-988a-37669d5f72ab', 'D4E5F6G7-H8I9-0123-DEFG-456789012345', 'E5F6G7H8-I9J0-1234-EFGH-567890123456', 5, 5, 5, 5, 5, N'Trải nghiệm tuyệt vời!', '2023-03-21 00:00:00', '2023-03-21 00:00:00');
INSERT INTO bookings (id, vehicle_id, renter_id, owner_id, status, start_date, end_date, total_days, base_price, price_per_day, service_fee, taxes, total, deposit, created_at, updated_at) VALUES ('83b84982-f384-4d68-8c1e-1ab2d3ccbe33', 'V1A2B3C4-D5E6-7890-VHCL-111111111111', 'B2C3D4E5-F6G7-8901-BCDE-234567890123', 'E5F6G7H8-I9J0-1234-EFGH-567890123456', 'COMPLETED', '2023-05-15', '2023-05-22', 7, 5600000, 800000, 560000.0, 448000.0, 6608000.0, 3000000, '2023-05-07 00:00:00', '2023-05-07 00:00:00');
INSERT INTO payments (id, booking_id, user_id, amount, currency, status, method, transaction_id, created_at, processed_at) VALUES ('e1f06a13-b5fa-4e22-b0f4-83860090b8d1', '83b84982-f384-4d68-8c1e-1ab2d3ccbe33', 'B2C3D4E5-F6G7-8901-BCDE-234567890123', 6608000.0, 'VND', 'SUCCEEDED', 'VNPAY', '9541381b-c40b-45e1-bde7-5604cf37b64e', '2023-05-07 00:00:00', '2023-05-07 00:00:00');
INSERT INTO reviews (id, vehicle_id, booking_id, reviewer_id, owner_id, rating, cleanliness, accuracy, communication, value_rating, comment, created_at, updated_at) VALUES ('84a4d96e-70d8-4c31-8e86-c8d1a3d6e90b', 'V1A2B3C4-D5E6-7890-VHCL-111111111111', '83b84982-f384-4d68-8c1e-1ab2d3ccbe33', 'B2C3D4E5-F6G7-8901-BCDE-234567890123', 'E5F6G7H8-I9J0-1234-EFGH-567890123456', 5, 5, 5, 5, 5, N'Trải nghiệm tuyệt vời!', '2023-05-22 00:00:00', '2023-05-22 00:00:00');
INSERT INTO bookings (id, vehicle_id, renter_id, owner_id, status, start_date, end_date, total_days, base_price, price_per_day, service_fee, taxes, total, deposit, created_at, updated_at) VALUES ('c9fd94e7-0515-4a23-9608-ddcb368bf143', 'V1A2B3C4-D5E6-7890-VHCL-111111111111', 'C3D4E5F6-G7H8-9012-CDEF-345678901234', 'E5F6G7H8-I9J0-1234-EFGH-567890123456', 'COMPLETED', '2023-04-07', '2023-04-09', 2, 1600000, 800000, 160000.0, 128000.0, 1888000.0, 3000000, '2023-04-06 00:00:00', '2023-04-06 00:00:00');
INSERT INTO payments (id, booking_id, user_id, amount, currency, status, method, transaction_id, created_at, processed_at) VALUES ('fa555322-a56f-4a9a-93db-f71743aa0379', 'c9fd94e7-0515-4a23-9608-ddcb368bf143', 'C3D4E5F6-G7H8-9012-CDEF-345678901234', 1888000.0, 'VND', 'SUCCEEDED', 'VNPAY', '27180037-c8e2-4ca8-936a-2799727e96f8', '2023-04-06 00:00:00', '2023-04-06 00:00:00');
INSERT INTO reviews (id, vehicle_id, booking_id, reviewer_id, owner_id, rating, cleanliness, accuracy, communication, value_rating, comment, created_at, updated_at) VALUES ('429fb6d4-36aa-4c81-88f5-5071c1e322a4', 'V1A2B3C4-D5E6-7890-VHCL-111111111111', 'c9fd94e7-0515-4a23-9608-ddcb368bf143', 'C3D4E5F6-G7H8-9012-CDEF-345678901234', 'E5F6G7H8-I9J0-1234-EFGH-567890123456', 5, 5, 5, 5, 5, N'Trải nghiệm tuyệt vời!', '2023-04-09 00:00:00', '2023-04-09 00:00:00');
INSERT INTO bookings (id, vehicle_id, renter_id, owner_id, status, start_date, end_date, total_days, base_price, price_per_day, service_fee, taxes, total, deposit, created_at, updated_at) VALUES ('8514025d-1065-40ce-9987-9c6320ae4aa6', 'V1A2B3C4-D5E6-7890-VHCL-111111111111', 'B2C3D4E5-F6G7-8901-BCDE-234567890123', 'E5F6G7H8-I9J0-1234-EFGH-567890123456', 'CANCELLED', '2023-12-17', '2023-12-25', 8, 6400000, 800000, 640000.0, 512000.0, 7552000.0, 3000000, '2023-12-07 00:00:00', '2023-12-07 00:00:00');
INSERT INTO payments (id, booking_id, user_id, amount, currency, status, method, transaction_id, created_at, processed_at) VALUES ('13e99e93-cc12-4260-be46-9da730727415', '8514025d-1065-40ce-9987-9c6320ae4aa6', 'B2C3D4E5-F6G7-8901-BCDE-234567890123', 7552000.0, 'VND', 'REFUNDED', 'VNPAY', '3cf5b34e-65ef-4381-bc5e-5adaa489d798', '2023-12-07 00:00:00', '2023-12-07 00:00:00');
INSERT INTO bookings (id, vehicle_id, renter_id, owner_id, status, start_date, end_date, total_days, base_price, price_per_day, service_fee, taxes, total, deposit, created_at, updated_at) VALUES ('d47d0ef8-98e2-4fde-960c-ea9bcfec4e17', 'V1A2B3C4-D5E6-7890-VHCL-111111111111', 'B2C3D4E5-F6G7-8901-BCDE-234567890123', 'E5F6G7H8-I9J0-1234-EFGH-567890123456', 'COMPLETED', '2023-10-28', '2023-11-01', 4, 3200000, 800000, 320000.0, 256000.0, 3776000.0, 3000000, '2023-10-20 00:00:00', '2023-10-20 00:00:00');
INSERT INTO payments (id, booking_id, user_id, amount, currency, status, method, transaction_id, created_at, processed_at) VALUES ('ca4927d2-ff1a-4d33-a9a4-f3bfdc107f1e', 'd47d0ef8-98e2-4fde-960c-ea9bcfec4e17', 'B2C3D4E5-F6G7-8901-BCDE-234567890123', 3776000.0, 'VND', 'SUCCEEDED', 'VNPAY', '606e8126-9c6e-4cf5-97b5-058e34f57d29', '2023-10-20 00:00:00', '2023-10-20 00:00:00');
INSERT INTO reviews (id, vehicle_id, booking_id, reviewer_id, owner_id, rating, cleanliness, accuracy, communication, value_rating, comment, created_at, updated_at) VALUES ('a2c3b861-be25-4a73-942e-51944508ce2c', 'V1A2B3C4-D5E6-7890-VHCL-111111111111', 'd47d0ef8-98e2-4fde-960c-ea9bcfec4e17', 'B2C3D4E5-F6G7-8901-BCDE-234567890123', 'E5F6G7H8-I9J0-1234-EFGH-567890123456', 3, 3, 3, 3, 3, N'Trải nghiệm tuyệt vời!', '2023-11-01 00:00:00', '2023-11-01 00:00:00');
INSERT INTO bookings (id, vehicle_id, renter_id, owner_id, status, start_date, end_date, total_days, base_price, price_per_day, service_fee, taxes, total, deposit, created_at, updated_at) VALUES ('a5abad56-503b-4bd9-a4f4-13758f8b3ed4', 'V1A2B3C4-D5E6-7890-VHCL-111111111111', 'D4E5F6G7-H8I9-0123-DEFG-456789012345', 'E5F6G7H8-I9J0-1234-EFGH-567890123456', 'CANCELLED', '2024-03-15', '2024-03-22', 7, 5600000, 800000, 560000.0, 448000.0, 6608000.0, 3000000, '2024-03-03 00:00:00', '2024-03-03 00:00:00');
INSERT INTO payments (id, booking_id, user_id, amount, currency, status, method, transaction_id, created_at, processed_at) VALUES ('3c5a0694-911e-4c9f-8820-e6ff7c4227b8', 'a5abad56-503b-4bd9-a4f4-13758f8b3ed4', 'D4E5F6G7-H8I9-0123-DEFG-456789012345', 6608000.0, 'VND', 'REFUNDED', 'VNPAY', '3c94e835-d8c6-4c17-b069-a05eb2b106f6', '2024-03-03 00:00:00', '2024-03-03 00:00:00');
INSERT INTO bookings (id, vehicle_id, renter_id, owner_id, status, start_date, end_date, total_days, base_price, price_per_day, service_fee, taxes, total, deposit, created_at, updated_at) VALUES ('e664da2a-266d-4cd9-b8bd-c38de8e3de9d', 'V1A2B3C4-D5E6-7890-VHCL-111111111111', 'C3D4E5F6-G7H8-9012-CDEF-345678901234', 'E5F6G7H8-I9J0-1234-EFGH-567890123456', 'COMPLETED', '2024-04-14', '2024-04-17', 3, 2400000, 800000, 240000.0, 192000.0, 2832000.0, 3000000, '2024-04-13 00:00:00', '2024-04-13 00:00:00');
INSERT INTO payments (id, booking_id, user_id, amount, currency, status, method, transaction_id, created_at, processed_at) VALUES ('861fefbc-6287-4385-bdb5-ec5bd0506383', 'e664da2a-266d-4cd9-b8bd-c38de8e3de9d', 'C3D4E5F6-G7H8-9012-CDEF-345678901234', 2832000.0, 'VND', 'SUCCEEDED', 'VNPAY', '53829c89-e47a-4f4f-b825-217ae926cc2f', '2024-04-13 00:00:00', '2024-04-13 00:00:00');
INSERT INTO reviews (id, vehicle_id, booking_id, reviewer_id, owner_id, rating, cleanliness, accuracy, communication, value_rating, comment, created_at, updated_at) VALUES ('dd032a26-c7cb-4ebe-92ac-a0b66d59303f', 'V1A2B3C4-D5E6-7890-VHCL-111111111111', 'e664da2a-266d-4cd9-b8bd-c38de8e3de9d', 'C3D4E5F6-G7H8-9012-CDEF-345678901234', 'E5F6G7H8-I9J0-1234-EFGH-567890123456', 5, 5, 5, 5, 5, N'Trải nghiệm tuyệt vời!', '2024-04-17 00:00:00', '2024-04-17 00:00:00');
INSERT INTO bookings (id, vehicle_id, renter_id, owner_id, status, start_date, end_date, total_days, base_price, price_per_day, service_fee, taxes, total, deposit, created_at, updated_at) VALUES ('76016b66-0fb1-4683-a86f-e36f2e029eb9', 'V1A2B3C4-D5E6-7890-VHCL-111111111111', 'D4E5F6G7-H8I9-0123-DEFG-456789012345', 'E5F6G7H8-I9J0-1234-EFGH-567890123456', 'COMPLETED', '2024-04-20', '2024-04-21', 1, 800000, 800000, 80000.0, 64000.0, 944000.0, 3000000, '2024-04-19 00:00:00', '2024-04-19 00:00:00');
INSERT INTO payments (id, booking_id, user_id, amount, currency, status, method, transaction_id, created_at, processed_at) VALUES ('a4bfb214-55c8-45e9-b0b4-54ea2651a0ac', '76016b66-0fb1-4683-a86f-e36f2e029eb9', 'D4E5F6G7-H8I9-0123-DEFG-456789012345', 944000.0, 'VND', 'SUCCEEDED', 'VNPAY', 'f5de0370-38bd-4de7-b30f-3b4cd81b7be9', '2024-04-19 00:00:00', '2024-04-19 00:00:00');
INSERT INTO reviews (id, vehicle_id, booking_id, reviewer_id, owner_id, rating, cleanliness, accuracy, communication, value_rating, comment, created_at, updated_at) VALUES ('35802701-ee4d-499b-9f04-2440e21b940c', 'V1A2B3C4-D5E6-7890-VHCL-111111111111', '76016b66-0fb1-4683-a86f-e36f2e029eb9', 'D4E5F6G7-H8I9-0123-DEFG-456789012345', 'E5F6G7H8-I9J0-1234-EFGH-567890123456', 3, 3, 3, 3, 3, N'Trải nghiệm tuyệt vời!', '2024-04-21 00:00:00', '2024-04-21 00:00:00');
INSERT INTO bookings (id, vehicle_id, renter_id, owner_id, status, start_date, end_date, total_days, base_price, price_per_day, service_fee, taxes, total, deposit, created_at, updated_at) VALUES ('e1ee7644-3406-44d6-8175-dc472414ab8d', 'V1A2B3C4-D5E6-7890-VHCL-111111111111', 'B2C3D4E5-F6G7-8901-BCDE-234567890123', 'E5F6G7H8-I9J0-1234-EFGH-567890123456', 'CANCELLED', '2024-03-25', '2024-04-03', 9, 7200000, 800000, 720000.0, 576000.0, 8496000.0, 3000000, '2024-03-11 00:00:00', '2024-03-11 00:00:00');
INSERT INTO payments (id, booking_id, user_id, amount, currency, status, method, transaction_id, created_at, processed_at) VALUES ('557e058a-533e-43dc-ada5-13c511def3aa', 'e1ee7644-3406-44d6-8175-dc472414ab8d', 'B2C3D4E5-F6G7-8901-BCDE-234567890123', 8496000.0, 'VND', 'REFUNDED', 'VNPAY', '3a1d01eb-e313-4dd7-aa08-9560d3eda5ae', '2024-03-11 00:00:00', '2024-03-11 00:00:00');
INSERT INTO bookings (id, vehicle_id, renter_id, owner_id, status, start_date, end_date, total_days, base_price, price_per_day, service_fee, taxes, total, deposit, created_at, updated_at) VALUES ('5837a260-50bd-4c1a-a8be-ad66ccda39ac', 'V1A2B3C4-D5E6-7890-VHCL-111111111111', 'C3D4E5F6-G7H8-9012-CDEF-345678901234', 'E5F6G7H8-I9J0-1234-EFGH-567890123456', 'COMPLETED', '2024-05-31', '2024-06-10', 10, 8000000, 800000, 800000.0, 640000.0, 9440000.0, 3000000, '2024-05-20 00:00:00', '2024-05-20 00:00:00');
INSERT INTO payments (id, booking_id, user_id, amount, currency, status, method, transaction_id, created_at, processed_at) VALUES ('312167ed-4dca-46d2-9622-ea4e343b199b', '5837a260-50bd-4c1a-a8be-ad66ccda39ac', 'C3D4E5F6-G7H8-9012-CDEF-345678901234', 9440000.0, 'VND', 'SUCCEEDED', 'VNPAY', '87b7f186-5b6a-437a-8299-292b728a7dfe', '2024-05-20 00:00:00', '2024-05-20 00:00:00');
INSERT INTO reviews (id, vehicle_id, booking_id, reviewer_id, owner_id, rating, cleanliness, accuracy, communication, value_rating, comment, created_at, updated_at) VALUES ('78d35a51-f07b-45a1-aacf-1e0c0a3d0968', 'V1A2B3C4-D5E6-7890-VHCL-111111111111', '5837a260-50bd-4c1a-a8be-ad66ccda39ac', 'C3D4E5F6-G7H8-9012-CDEF-345678901234', 'E5F6G7H8-I9J0-1234-EFGH-567890123456', 5, 5, 5, 5, 5, N'Trải nghiệm tuyệt vời!', '2024-06-10 00:00:00', '2024-06-10 00:00:00');
INSERT INTO bookings (id, vehicle_id, renter_id, owner_id, status, start_date, end_date, total_days, base_price, price_per_day, service_fee, taxes, total, deposit, created_at, updated_at) VALUES ('c0447ba0-e5f1-4589-8203-5046fefd1ec3', 'V1A2B3C4-D5E6-7890-VHCL-111111111111', 'B2C3D4E5-F6G7-8901-BCDE-234567890123', 'E5F6G7H8-I9J0-1234-EFGH-567890123456', 'COMPLETED', '2023-01-11', '2023-01-19', 8, 6400000, 800000, 640000.0, 512000.0, 7552000.0, 3000000, '2023-01-08 00:00:00', '2023-01-08 00:00:00');
INSERT INTO payments (id, booking_id, user_id, amount, currency, status, method, transaction_id, created_at, processed_at) VALUES ('dea6ff79-4057-4b8d-b81b-78d7806b8624', 'c0447ba0-e5f1-4589-8203-5046fefd1ec3', 'B2C3D4E5-F6G7-8901-BCDE-234567890123', 7552000.0, 'VND', 'SUCCEEDED', 'VNPAY', '8c0d717e-bdf8-493b-ba39-173c43335e4a', '2023-01-08 00:00:00', '2023-01-08 00:00:00');
INSERT INTO reviews (id, vehicle_id, booking_id, reviewer_id, owner_id, rating, cleanliness, accuracy, communication, value_rating, comment, created_at, updated_at) VALUES ('acd61a83-1261-4b59-b686-70f8edec52b3', 'V1A2B3C4-D5E6-7890-VHCL-111111111111', 'c0447ba0-e5f1-4589-8203-5046fefd1ec3', 'B2C3D4E5-F6G7-8901-BCDE-234567890123', 'E5F6G7H8-I9J0-1234-EFGH-567890123456', 4, 4, 4, 4, 4, N'Trải nghiệm tuyệt vời!', '2023-01-19 00:00:00', '2023-01-19 00:00:00');
INSERT INTO bookings (id, vehicle_id, renter_id, owner_id, status, start_date, end_date, total_days, base_price, price_per_day, service_fee, taxes, total, deposit, created_at, updated_at) VALUES ('bfef58e6-1153-4fc9-82cb-9338b8b8efd8', 'V1A2B3C4-D5E6-7890-VHCL-111111111111', 'C3D4E5F6-G7H8-9012-CDEF-345678901234', 'E5F6G7H8-I9J0-1234-EFGH-567890123456', 'CANCELLED', '2024-03-10', '2024-03-13', 3, 2400000, 800000, 240000.0, 192000.0, 2832000.0, 3000000, '2024-02-26 00:00:00', '2024-02-26 00:00:00');
INSERT INTO payments (id, booking_id, user_id, amount, currency, status, method, transaction_id, created_at, processed_at) VALUES ('52cdf6fc-0ac3-4a23-ac71-6d2a88d5527b', 'bfef58e6-1153-4fc9-82cb-9338b8b8efd8', 'C3D4E5F6-G7H8-9012-CDEF-345678901234', 2832000.0, 'VND', 'REFUNDED', 'VNPAY', '642cb64f-e697-4c46-abe3-ba4901d62a58', '2024-02-26 00:00:00', '2024-02-26 00:00:00');
INSERT INTO bookings (id, vehicle_id, renter_id, owner_id, status, start_date, end_date, total_days, base_price, price_per_day, service_fee, taxes, total, deposit, created_at, updated_at) VALUES ('17ccbf31-f92a-4ac8-be3f-b610038b6abc', 'V1A2B3C4-D5E6-7890-VHCL-111111111111', 'C3D4E5F6-G7H8-9012-CDEF-345678901234', 'E5F6G7H8-I9J0-1234-EFGH-567890123456', 'COMPLETED', '2023-09-03', '2023-09-07', 4, 3200000, 800000, 320000.0, 256000.0, 3776000.0, 3000000, '2023-08-25 00:00:00', '2023-08-25 00:00:00');
INSERT INTO payments (id, booking_id, user_id, amount, currency, status, method, transaction_id, created_at, processed_at) VALUES ('df013983-92d5-4fda-a4ae-e52c0399c50c', '17ccbf31-f92a-4ac8-be3f-b610038b6abc', 'C3D4E5F6-G7H8-9012-CDEF-345678901234', 3776000.0, 'VND', 'SUCCEEDED', 'VNPAY', '99f020a5-e1fa-49af-9ada-e7869eab4899', '2023-08-25 00:00:00', '2023-08-25 00:00:00');
INSERT INTO reviews (id, vehicle_id, booking_id, reviewer_id, owner_id, rating, cleanliness, accuracy, communication, value_rating, comment, created_at, updated_at) VALUES ('2f37e1e1-24fd-4d27-bee6-418a47fa8d4a', 'V1A2B3C4-D5E6-7890-VHCL-111111111111', '17ccbf31-f92a-4ac8-be3f-b610038b6abc', 'C3D4E5F6-G7H8-9012-CDEF-345678901234', 'E5F6G7H8-I9J0-1234-EFGH-567890123456', 5, 5, 5, 5, 5, N'Trải nghiệm tuyệt vời!', '2023-09-07 00:00:00', '2023-09-07 00:00:00');
INSERT INTO bookings (id, vehicle_id, renter_id, owner_id, status, start_date, end_date, total_days, base_price, price_per_day, service_fee, taxes, total, deposit, created_at, updated_at) VALUES ('d56ecff4-df78-4b85-958e-b32c51fd5cb0', 'V1A2B3C4-D5E6-7890-VHCL-111111111111', 'D4E5F6G7-H8I9-0123-DEFG-456789012345', 'E5F6G7H8-I9J0-1234-EFGH-567890123456', 'COMPLETED', '2023-11-01', '2023-11-10', 9, 7200000, 800000, 720000.0, 576000.0, 8496000.0, 3000000, '2023-10-19 00:00:00', '2023-10-19 00:00:00');
INSERT INTO payments (id, booking_id, user_id, amount, currency, status, method, transaction_id, created_at, processed_at) VALUES ('1287b430-717e-4881-b9e0-8028058113cf', 'd56ecff4-df78-4b85-958e-b32c51fd5cb0', 'D4E5F6G7-H8I9-0123-DEFG-456789012345', 8496000.0, 'VND', 'SUCCEEDED', 'VNPAY', 'e7ea5915-b354-4e2e-a80d-a64f759a8c2f', '2023-10-19 00:00:00', '2023-10-19 00:00:00');
INSERT INTO reviews (id, vehicle_id, booking_id, reviewer_id, owner_id, rating, cleanliness, accuracy, communication, value_rating, comment, created_at, updated_at) VALUES ('b64fc852-b1ce-49aa-acba-f1333fc73842', 'V1A2B3C4-D5E6-7890-VHCL-111111111111', 'd56ecff4-df78-4b85-958e-b32c51fd5cb0', 'D4E5F6G7-H8I9-0123-DEFG-456789012345', 'E5F6G7H8-I9J0-1234-EFGH-567890123456', 5, 5, 5, 5, 5, N'Trải nghiệm tuyệt vời!', '2023-11-10 00:00:00', '2023-11-10 00:00:00');
INSERT INTO bookings (id, vehicle_id, renter_id, owner_id, status, start_date, end_date, total_days, base_price, price_per_day, service_fee, taxes, total, deposit, created_at, updated_at) VALUES ('ac9bd8fb-80c6-4a00-894c-8cabeb3eb4a0', 'V1A2B3C4-D5E6-7890-VHCL-111111111111', 'D4E5F6G7-H8I9-0123-DEFG-456789012345', 'E5F6G7H8-I9J0-1234-EFGH-567890123456', 'COMPLETED', '2024-02-09', '2024-02-15', 6, 4800000, 800000, 480000.0, 384000.0, 5664000.0, 3000000, '2024-01-28 00:00:00', '2024-01-28 00:00:00');
INSERT INTO payments (id, booking_id, user_id, amount, currency, status, method, transaction_id, created_at, processed_at) VALUES ('47e3069b-2107-4325-bad4-e6aa80a79ef1', 'ac9bd8fb-80c6-4a00-894c-8cabeb3eb4a0', 'D4E5F6G7-H8I9-0123-DEFG-456789012345', 5664000.0, 'VND', 'SUCCEEDED', 'VNPAY', '896faaf5-e605-4019-8e67-311f605761f3', '2024-01-28 00:00:00', '2024-01-28 00:00:00');
INSERT INTO reviews (id, vehicle_id, booking_id, reviewer_id, owner_id, rating, cleanliness, accuracy, communication, value_rating, comment, created_at, updated_at) VALUES ('db59a9f7-36c3-4b31-b919-4ef6e63c0ae3', 'V1A2B3C4-D5E6-7890-VHCL-111111111111', 'ac9bd8fb-80c6-4a00-894c-8cabeb3eb4a0', 'D4E5F6G7-H8I9-0123-DEFG-456789012345', 'E5F6G7H8-I9J0-1234-EFGH-567890123456', 4, 4, 4, 4, 4, N'Trải nghiệm tuyệt vời!', '2024-02-15 00:00:00', '2024-02-15 00:00:00');
INSERT INTO bookings (id, vehicle_id, renter_id, owner_id, status, start_date, end_date, total_days, base_price, price_per_day, service_fee, taxes, total, deposit, created_at, updated_at) VALUES ('e2aee56f-7115-49c9-ab83-f885d0452595', 'V1A2B3C4-D5E6-7890-VHCL-111111111111', 'C3D4E5F6-G7H8-9012-CDEF-345678901234', 'E5F6G7H8-I9J0-1234-EFGH-567890123456', 'COMPLETED', '2023-03-16', '2023-03-22', 6, 4800000, 800000, 480000.0, 384000.0, 5664000.0, 3000000, '2023-03-09 00:00:00', '2023-03-09 00:00:00');
INSERT INTO payments (id, booking_id, user_id, amount, currency, status, method, transaction_id, created_at, processed_at) VALUES ('21b507bc-c385-4012-b818-cdfb65f37571', 'e2aee56f-7115-49c9-ab83-f885d0452595', 'C3D4E5F6-G7H8-9012-CDEF-345678901234', 5664000.0, 'VND', 'SUCCEEDED', 'VNPAY', '9b8e8e1e-abda-4744-aeb2-cfbd18cc6d0e', '2023-03-09 00:00:00', '2023-03-09 00:00:00');
INSERT INTO reviews (id, vehicle_id, booking_id, reviewer_id, owner_id, rating, cleanliness, accuracy, communication, value_rating, comment, created_at, updated_at) VALUES ('046143a5-5801-40b6-8db2-03bdd42bb8dc', 'V1A2B3C4-D5E6-7890-VHCL-111111111111', 'e2aee56f-7115-49c9-ab83-f885d0452595', 'C3D4E5F6-G7H8-9012-CDEF-345678901234', 'E5F6G7H8-I9J0-1234-EFGH-567890123456', 4, 4, 4, 4, 4, N'Trải nghiệm tuyệt vời!', '2023-03-22 00:00:00', '2023-03-22 00:00:00');
INSERT INTO bookings (id, vehicle_id, renter_id, owner_id, status, start_date, end_date, total_days, base_price, price_per_day, service_fee, taxes, total, deposit, created_at, updated_at) VALUES ('19c14f04-fc3b-434e-a11b-aa06ba5d5718', 'V1A2B3C4-D5E6-7890-VHCL-111111111111', 'D4E5F6G7-H8I9-0123-DEFG-456789012345', 'E5F6G7H8-I9J0-1234-EFGH-567890123456', 'COMPLETED', '2023-09-08', '2023-09-13', 5, 4000000, 800000, 400000.0, 320000.0, 4720000.0, 3000000, '2023-08-31 00:00:00', '2023-08-31 00:00:00');
INSERT INTO payments (id, booking_id, user_id, amount, currency, status, method, transaction_id, created_at, processed_at) VALUES ('f5496480-ece4-4925-83e0-1f9830ff6c69', '19c14f04-fc3b-434e-a11b-aa06ba5d5718', 'D4E5F6G7-H8I9-0123-DEFG-456789012345', 4720000.0, 'VND', 'SUCCEEDED', 'VNPAY', '89d76683-48da-4592-9903-b17bd4833b66', '2023-08-31 00:00:00', '2023-08-31 00:00:00');
INSERT INTO reviews (id, vehicle_id, booking_id, reviewer_id, owner_id, rating, cleanliness, accuracy, communication, value_rating, comment, created_at, updated_at) VALUES ('d79105fb-6331-435f-be15-8cacd9f103c4', 'V1A2B3C4-D5E6-7890-VHCL-111111111111', '19c14f04-fc3b-434e-a11b-aa06ba5d5718', 'D4E5F6G7-H8I9-0123-DEFG-456789012345', 'E5F6G7H8-I9J0-1234-EFGH-567890123456', 3, 3, 3, 3, 3, N'Trải nghiệm tuyệt vời!', '2023-09-13 00:00:00', '2023-09-13 00:00:00');
INSERT INTO bookings (id, vehicle_id, renter_id, owner_id, status, start_date, end_date, total_days, base_price, price_per_day, service_fee, taxes, total, deposit, created_at, updated_at) VALUES ('3482d8c6-83fd-4ce7-9b0b-6482927f8838', 'V1A2B3C4-D5E6-7890-VHCL-111111111111', 'C3D4E5F6-G7H8-9012-CDEF-345678901234', 'E5F6G7H8-I9J0-1234-EFGH-567890123456', 'CANCELLED', '2023-03-29', '2023-04-03', 5, 4000000, 800000, 400000.0, 320000.0, 4720000.0, 3000000, '2023-03-20 00:00:00', '2023-03-20 00:00:00');
INSERT INTO payments (id, booking_id, user_id, amount, currency, status, method, transaction_id, created_at, processed_at) VALUES ('e96480ae-00e6-4fbe-88b2-5ff27dead8e0', '3482d8c6-83fd-4ce7-9b0b-6482927f8838', 'C3D4E5F6-G7H8-9012-CDEF-345678901234', 4720000.0, 'VND', 'REFUNDED', 'VNPAY', 'e3055650-13de-4206-b74f-bcff2b52912f', '2023-03-20 00:00:00', '2023-03-20 00:00:00');
INSERT INTO bookings (id, vehicle_id, renter_id, owner_id, status, start_date, end_date, total_days, base_price, price_per_day, service_fee, taxes, total, deposit, created_at, updated_at) VALUES ('3452ed83-2772-41e4-b820-cda3903d75a1', 'V1A2B3C4-D5E6-7890-VHCL-111111111111', 'C3D4E5F6-G7H8-9012-CDEF-345678901234', 'E5F6G7H8-I9J0-1234-EFGH-567890123456', 'COMPLETED', '2023-05-31', '2023-06-03', 3, 2400000, 800000, 240000.0, 192000.0, 2832000.0, 3000000, '2023-05-24 00:00:00', '2023-05-24 00:00:00');
INSERT INTO payments (id, booking_id, user_id, amount, currency, status, method, transaction_id, created_at, processed_at) VALUES ('da4e7760-4b62-4c92-8faa-6f7814cab5a3', '3452ed83-2772-41e4-b820-cda3903d75a1', 'C3D4E5F6-G7H8-9012-CDEF-345678901234', 2832000.0, 'VND', 'SUCCEEDED', 'VNPAY', 'e0d2aede-1429-4f22-a4af-7b1f04af4488', '2023-05-24 00:00:00', '2023-05-24 00:00:00');
INSERT INTO reviews (id, vehicle_id, booking_id, reviewer_id, owner_id, rating, cleanliness, accuracy, communication, value_rating, comment, created_at, updated_at) VALUES ('c3999198-be93-4c25-8384-1c6bc3da92fa', 'V1A2B3C4-D5E6-7890-VHCL-111111111111', '3452ed83-2772-41e4-b820-cda3903d75a1', 'C3D4E5F6-G7H8-9012-CDEF-345678901234', 'E5F6G7H8-I9J0-1234-EFGH-567890123456', 5, 5, 5, 5, 5, N'Trải nghiệm tuyệt vời!', '2023-06-03 00:00:00', '2023-06-03 00:00:00');
INSERT INTO bookings (id, vehicle_id, renter_id, owner_id, status, start_date, end_date, total_days, base_price, price_per_day, service_fee, taxes, total, deposit, created_at, updated_at) VALUES ('e26334f0-e5de-461d-9579-9b51fa10f691', 'V1A2B3C4-D5E6-7890-VHCL-111111111111', 'C3D4E5F6-G7H8-9012-CDEF-345678901234', 'E5F6G7H8-I9J0-1234-EFGH-567890123456', 'CANCELLED', '2023-03-26', '2023-03-27', 1, 800000, 800000, 80000.0, 64000.0, 944000.0, 3000000, '2023-03-23 00:00:00', '2023-03-23 00:00:00');
INSERT INTO payments (id, booking_id, user_id, amount, currency, status, method, transaction_id, created_at, processed_at) VALUES ('7646bb34-4918-4c99-9940-487f555c7ef0', 'e26334f0-e5de-461d-9579-9b51fa10f691', 'C3D4E5F6-G7H8-9012-CDEF-345678901234', 944000.0, 'VND', 'REFUNDED', 'VNPAY', 'b597f16a-d6c6-4ca6-9a10-23dbe69b6db0', '2023-03-23 00:00:00', '2023-03-23 00:00:00');
INSERT INTO bookings (id, vehicle_id, renter_id, owner_id, status, start_date, end_date, total_days, base_price, price_per_day, service_fee, taxes, total, deposit, created_at, updated_at) VALUES ('4ba17a21-7637-4333-8873-13478fb6eef5', 'V1A2B3C4-D5E6-7890-VHCL-111111111111', 'D4E5F6G7-H8I9-0123-DEFG-456789012345', 'E5F6G7H8-I9J0-1234-EFGH-567890123456', 'CANCELLED', '2023-01-29', '2023-02-06', 8, 6400000, 800000, 640000.0, 512000.0, 7552000.0, 3000000, '2023-01-26 00:00:00', '2023-01-26 00:00:00');
INSERT INTO payments (id, booking_id, user_id, amount, currency, status, method, transaction_id, created_at, processed_at) VALUES ('356ae265-a2ef-4bf0-a9fd-addaed4a8edf', '4ba17a21-7637-4333-8873-13478fb6eef5', 'D4E5F6G7-H8I9-0123-DEFG-456789012345', 7552000.0, 'VND', 'REFUNDED', 'VNPAY', '49cbe379-a334-47e2-97bf-357856abbb8c', '2023-01-26 00:00:00', '2023-01-26 00:00:00');
INSERT INTO bookings (id, vehicle_id, renter_id, owner_id, status, start_date, end_date, total_days, base_price, price_per_day, service_fee, taxes, total, deposit, created_at, updated_at) VALUES ('b7248378-a651-412b-a398-664c2439d1a4', 'V1A2B3C4-D5E6-7890-VHCL-111111111111', 'C3D4E5F6-G7H8-9012-CDEF-345678901234', 'E5F6G7H8-I9J0-1234-EFGH-567890123456', 'COMPLETED', '2023-01-24', '2023-01-29', 5, 4000000, 800000, 400000.0, 320000.0, 4720000.0, 3000000, '2023-01-22 00:00:00', '2023-01-22 00:00:00');
INSERT INTO payments (id, booking_id, user_id, amount, currency, status, method, transaction_id, created_at, processed_at) VALUES ('f84b2e28-c302-4b7e-9728-5594ecaa1129', 'b7248378-a651-412b-a398-664c2439d1a4', 'C3D4E5F6-G7H8-9012-CDEF-345678901234', 4720000.0, 'VND', 'SUCCEEDED', 'VNPAY', '1369f3f4-08c0-40e2-9240-f105c5943d37', '2023-01-22 00:00:00', '2023-01-22 00:00:00');
INSERT INTO reviews (id, vehicle_id, booking_id, reviewer_id, owner_id, rating, cleanliness, accuracy, communication, value_rating, comment, created_at, updated_at) VALUES ('ecbeb1d9-e798-45fb-abe9-960963a33da7', 'V1A2B3C4-D5E6-7890-VHCL-111111111111', 'b7248378-a651-412b-a398-664c2439d1a4', 'C3D4E5F6-G7H8-9012-CDEF-345678901234', 'E5F6G7H8-I9J0-1234-EFGH-567890123456', 4, 4, 4, 4, 4, N'Trải nghiệm tuyệt vời!', '2023-01-29 00:00:00', '2023-01-29 00:00:00');
INSERT INTO bookings (id, vehicle_id, renter_id, owner_id, status, start_date, end_date, total_days, base_price, price_per_day, service_fee, taxes, total, deposit, created_at, updated_at) VALUES ('3a0d2fbc-c93c-4f3b-9939-0f5eecd30bdf', 'V1A2B3C4-D5E6-7890-VHCL-111111111111', 'B2C3D4E5-F6G7-8901-BCDE-234567890123', 'E5F6G7H8-I9J0-1234-EFGH-567890123456', 'CANCELLED', '2023-07-10', '2023-07-13', 3, 2400000, 800000, 240000.0, 192000.0, 2832000.0, 3000000, '2023-07-05 00:00:00', '2023-07-05 00:00:00');
INSERT INTO payments (id, booking_id, user_id, amount, currency, status, method, transaction_id, created_at, processed_at) VALUES ('5f58dcf3-65dc-4817-93b5-20cfa71329ac', '3a0d2fbc-c93c-4f3b-9939-0f5eecd30bdf', 'B2C3D4E5-F6G7-8901-BCDE-234567890123', 2832000.0, 'VND', 'REFUNDED', 'VNPAY', '233237ea-2bd7-486b-a1bd-9d0138f5ea82', '2023-07-05 00:00:00', '2023-07-05 00:00:00');
INSERT INTO bookings (id, vehicle_id, renter_id, owner_id, status, start_date, end_date, total_days, base_price, price_per_day, service_fee, taxes, total, deposit, created_at, updated_at) VALUES ('b5bd385b-2f3f-4451-ac71-ee904993214d', 'V1A2B3C4-D5E6-7890-VHCL-111111111111', 'B2C3D4E5-F6G7-8901-BCDE-234567890123', 'E5F6G7H8-I9J0-1234-EFGH-567890123456', 'COMPLETED', '2023-05-24', '2023-05-28', 4, 3200000, 800000, 320000.0, 256000.0, 3776000.0, 3000000, '2023-05-19 00:00:00', '2023-05-19 00:00:00');
INSERT INTO payments (id, booking_id, user_id, amount, currency, status, method, transaction_id, created_at, processed_at) VALUES ('f2d2e60c-d238-4b2a-aee0-3c5b63fd3115', 'b5bd385b-2f3f-4451-ac71-ee904993214d', 'B2C3D4E5-F6G7-8901-BCDE-234567890123', 3776000.0, 'VND', 'SUCCEEDED', 'VNPAY', '4ded3106-c317-4643-852d-68a7734ee0a3', '2023-05-19 00:00:00', '2023-05-19 00:00:00');
INSERT INTO reviews (id, vehicle_id, booking_id, reviewer_id, owner_id, rating, cleanliness, accuracy, communication, value_rating, comment, created_at, updated_at) VALUES ('b56aedcf-66ae-44e2-ba8d-181afc21b791', 'V1A2B3C4-D5E6-7890-VHCL-111111111111', 'b5bd385b-2f3f-4451-ac71-ee904993214d', 'B2C3D4E5-F6G7-8901-BCDE-234567890123', 'E5F6G7H8-I9J0-1234-EFGH-567890123456', 4, 4, 4, 4, 4, N'Trải nghiệm tuyệt vời!', '2023-05-28 00:00:00', '2023-05-28 00:00:00');
INSERT INTO bookings (id, vehicle_id, renter_id, owner_id, status, start_date, end_date, total_days, base_price, price_per_day, service_fee, taxes, total, deposit, created_at, updated_at) VALUES ('394cc217-11f2-463d-97b1-96a2c8156398', 'V1A2B3C4-D5E6-7890-VHCL-111111111111', 'B2C3D4E5-F6G7-8901-BCDE-234567890123', 'E5F6G7H8-I9J0-1234-EFGH-567890123456', 'CANCELLED', '2023-08-03', '2023-08-05', 2, 1600000, 800000, 160000.0, 128000.0, 1888000.0, 3000000, '2023-07-24 00:00:00', '2023-07-24 00:00:00');
INSERT INTO payments (id, booking_id, user_id, amount, currency, status, method, transaction_id, created_at, processed_at) VALUES ('9aa60a30-362c-4b24-8ac5-428d9af5085c', '394cc217-11f2-463d-97b1-96a2c8156398', 'B2C3D4E5-F6G7-8901-BCDE-234567890123', 1888000.0, 'VND', 'REFUNDED', 'VNPAY', '32ba3080-e93a-48d2-8b35-34172a40c0d8', '2023-07-24 00:00:00', '2023-07-24 00:00:00');
INSERT INTO bookings (id, vehicle_id, renter_id, owner_id, status, start_date, end_date, total_days, base_price, price_per_day, service_fee, taxes, total, deposit, created_at, updated_at) VALUES ('dc6dd47b-24ff-44e2-96f2-ef3facadfac9', 'V1A2B3C4-D5E6-7890-VHCL-111111111111', 'B2C3D4E5-F6G7-8901-BCDE-234567890123', 'E5F6G7H8-I9J0-1234-EFGH-567890123456', 'COMPLETED', '2024-02-27', '2024-03-01', 3, 2400000, 800000, 240000.0, 192000.0, 2832000.0, 3000000, '2024-02-26 00:00:00', '2024-02-26 00:00:00');
INSERT INTO payments (id, booking_id, user_id, amount, currency, status, method, transaction_id, created_at, processed_at) VALUES ('fde201b3-bf39-41ea-8117-cf116c27b5ea', 'dc6dd47b-24ff-44e2-96f2-ef3facadfac9', 'B2C3D4E5-F6G7-8901-BCDE-234567890123', 2832000.0, 'VND', 'SUCCEEDED', 'VNPAY', '9d68cf27-d30b-4f16-b605-70e06cb81452', '2024-02-26 00:00:00', '2024-02-26 00:00:00');
INSERT INTO reviews (id, vehicle_id, booking_id, reviewer_id, owner_id, rating, cleanliness, accuracy, communication, value_rating, comment, created_at, updated_at) VALUES ('860e6ca6-4a6d-4907-9fb8-13a74bab0d75', 'V1A2B3C4-D5E6-7890-VHCL-111111111111', 'dc6dd47b-24ff-44e2-96f2-ef3facadfac9', 'B2C3D4E5-F6G7-8901-BCDE-234567890123', 'E5F6G7H8-I9J0-1234-EFGH-567890123456', 5, 5, 5, 5, 5, N'Trải nghiệm tuyệt vời!', '2024-03-01 00:00:00', '2024-03-01 00:00:00');
INSERT INTO bookings (id, vehicle_id, renter_id, owner_id, status, start_date, end_date, total_days, base_price, price_per_day, service_fee, taxes, total, deposit, created_at, updated_at) VALUES ('3ac8726a-4bc7-4d6b-b926-607bb1d446cb', 'V1A2B3C4-D5E6-7890-VHCL-111111111111', 'C3D4E5F6-G7H8-9012-CDEF-345678901234', 'E5F6G7H8-I9J0-1234-EFGH-567890123456', 'COMPLETED', '2023-01-12', '2023-01-16', 4, 3200000, 800000, 320000.0, 256000.0, 3776000.0, 3000000, '2022-12-29 00:00:00', '2022-12-29 00:00:00');
INSERT INTO payments (id, booking_id, user_id, amount, currency, status, method, transaction_id, created_at, processed_at) VALUES ('18b2e368-a147-47ae-b8f9-96d687de01b1', '3ac8726a-4bc7-4d6b-b926-607bb1d446cb', 'C3D4E5F6-G7H8-9012-CDEF-345678901234', 3776000.0, 'VND', 'SUCCEEDED', 'VNPAY', 'a8f528c2-d83a-41e9-8d32-34aabd2e4a26', '2022-12-29 00:00:00', '2022-12-29 00:00:00');
INSERT INTO reviews (id, vehicle_id, booking_id, reviewer_id, owner_id, rating, cleanliness, accuracy, communication, value_rating, comment, created_at, updated_at) VALUES ('d6cbf4db-7f2b-4178-ada8-5c13e18b3e25', 'V1A2B3C4-D5E6-7890-VHCL-111111111111', '3ac8726a-4bc7-4d6b-b926-607bb1d446cb', 'C3D4E5F6-G7H8-9012-CDEF-345678901234', 'E5F6G7H8-I9J0-1234-EFGH-567890123456', 4, 4, 4, 4, 4, N'Trải nghiệm tuyệt vời!', '2023-01-16 00:00:00', '2023-01-16 00:00:00');
INSERT INTO bookings (id, vehicle_id, renter_id, owner_id, status, start_date, end_date, total_days, base_price, price_per_day, service_fee, taxes, total, deposit, created_at, updated_at) VALUES ('50062efc-c79d-447b-979d-94e36a9c417a', 'V1A2B3C4-D5E6-7890-VHCL-111111111111', 'B2C3D4E5-F6G7-8901-BCDE-234567890123', 'E5F6G7H8-I9J0-1234-EFGH-567890123456', 'COMPLETED', '2023-10-09', '2023-10-10', 1, 800000, 800000, 80000.0, 64000.0, 944000.0, 3000000, '2023-10-04 00:00:00', '2023-10-04 00:00:00');
INSERT INTO payments (id, booking_id, user_id, amount, currency, status, method, transaction_id, created_at, processed_at) VALUES ('77b88c50-d8fc-408a-b8a2-90aea225e4e0', '50062efc-c79d-447b-979d-94e36a9c417a', 'B2C3D4E5-F6G7-8901-BCDE-234567890123', 944000.0, 'VND', 'SUCCEEDED', 'VNPAY', '4f6133ab-e0c9-4a3d-a68f-a6ecfb524440', '2023-10-04 00:00:00', '2023-10-04 00:00:00');
INSERT INTO reviews (id, vehicle_id, booking_id, reviewer_id, owner_id, rating, cleanliness, accuracy, communication, value_rating, comment, created_at, updated_at) VALUES ('e96db8de-2b76-4fc8-8616-24c827c9ccf1', 'V1A2B3C4-D5E6-7890-VHCL-111111111111', '50062efc-c79d-447b-979d-94e36a9c417a', 'B2C3D4E5-F6G7-8901-BCDE-234567890123', 'E5F6G7H8-I9J0-1234-EFGH-567890123456', 4, 4, 4, 4, 4, N'Trải nghiệm tuyệt vời!', '2023-10-10 00:00:00', '2023-10-10 00:00:00');
INSERT INTO bookings (id, vehicle_id, renter_id, owner_id, status, start_date, end_date, total_days, base_price, price_per_day, service_fee, taxes, total, deposit, created_at, updated_at) VALUES ('a6e92769-d926-4e66-8348-0c522914fd88', 'V1A2B3C4-D5E6-7890-VHCL-111111111111', 'B2C3D4E5-F6G7-8901-BCDE-234567890123', 'E5F6G7H8-I9J0-1234-EFGH-567890123456', 'CANCELLED', '2023-06-26', '2023-06-30', 4, 3200000, 800000, 320000.0, 256000.0, 3776000.0, 3000000, '2023-06-14 00:00:00', '2023-06-14 00:00:00');
INSERT INTO payments (id, booking_id, user_id, amount, currency, status, method, transaction_id, created_at, processed_at) VALUES ('5213d777-029f-48fd-876d-9cb6d5f01265', 'a6e92769-d926-4e66-8348-0c522914fd88', 'B2C3D4E5-F6G7-8901-BCDE-234567890123', 3776000.0, 'VND', 'REFUNDED', 'VNPAY', '2ad95eb0-9529-4559-bdb6-84e54ab7dcd8', '2023-06-14 00:00:00', '2023-06-14 00:00:00');
INSERT INTO bookings (id, vehicle_id, renter_id, owner_id, status, start_date, end_date, total_days, base_price, price_per_day, service_fee, taxes, total, deposit, created_at, updated_at) VALUES ('141e1333-788b-4c70-9144-696eacdd2e8a', 'V1A2B3C4-D5E6-7890-VHCL-111111111111', 'D4E5F6G7-H8I9-0123-DEFG-456789012345', 'E5F6G7H8-I9J0-1234-EFGH-567890123456', 'COMPLETED', '2023-06-12', '2023-06-13', 1, 800000, 800000, 80000.0, 64000.0, 944000.0, 3000000, '2023-06-06 00:00:00', '2023-06-06 00:00:00');
INSERT INTO payments (id, booking_id, user_id, amount, currency, status, method, transaction_id, created_at, processed_at) VALUES ('62484f2d-cce4-4a7d-a4e4-e288dd6e4cbb', '141e1333-788b-4c70-9144-696eacdd2e8a', 'D4E5F6G7-H8I9-0123-DEFG-456789012345', 944000.0, 'VND', 'SUCCEEDED', 'VNPAY', '8e96bf0e-c3b5-4580-a82d-d7de0661511c', '2023-06-06 00:00:00', '2023-06-06 00:00:00');
INSERT INTO reviews (id, vehicle_id, booking_id, reviewer_id, owner_id, rating, cleanliness, accuracy, communication, value_rating, comment, created_at, updated_at) VALUES ('87976ea1-7c97-4ea2-bd05-566200c38bd8', 'V1A2B3C4-D5E6-7890-VHCL-111111111111', '141e1333-788b-4c70-9144-696eacdd2e8a', 'D4E5F6G7-H8I9-0123-DEFG-456789012345', 'E5F6G7H8-I9J0-1234-EFGH-567890123456', 5, 5, 5, 5, 5, N'Trải nghiệm tuyệt vời!', '2023-06-13 00:00:00', '2023-06-13 00:00:00');
INSERT INTO bookings (id, vehicle_id, renter_id, owner_id, status, start_date, end_date, total_days, base_price, price_per_day, service_fee, taxes, total, deposit, created_at, updated_at) VALUES ('c84604f0-33ba-4526-b6fb-d7bf2dbe6812', 'V1A2B3C4-D5E6-7890-VHCL-111111111111', 'C3D4E5F6-G7H8-9012-CDEF-345678901234', 'E5F6G7H8-I9J0-1234-EFGH-567890123456', 'CANCELLED', '2023-07-17', '2023-07-19', 2, 1600000, 800000, 160000.0, 128000.0, 1888000.0, 3000000, '2023-07-06 00:00:00', '2023-07-06 00:00:00');
INSERT INTO payments (id, booking_id, user_id, amount, currency, status, method, transaction_id, created_at, processed_at) VALUES ('62d9a852-61cc-44b4-b3a9-385a7e8829b3', 'c84604f0-33ba-4526-b6fb-d7bf2dbe6812', 'C3D4E5F6-G7H8-9012-CDEF-345678901234', 1888000.0, 'VND', 'REFUNDED', 'VNPAY', '733db8ee-ba4a-41bb-bad9-2f47d3a7c6fe', '2023-07-06 00:00:00', '2023-07-06 00:00:00');
INSERT INTO bookings (id, vehicle_id, renter_id, owner_id, status, start_date, end_date, total_days, base_price, price_per_day, service_fee, taxes, total, deposit, created_at, updated_at) VALUES ('74fe0b06-1cdf-43ea-b1cb-20c1e6b0dca0', 'V1A2B3C4-D5E6-7890-VHCL-111111111111', 'C3D4E5F6-G7H8-9012-CDEF-345678901234', 'E5F6G7H8-I9J0-1234-EFGH-567890123456', 'COMPLETED', '2023-12-14', '2023-12-23', 9, 7200000, 800000, 720000.0, 576000.0, 8496000.0, 3000000, '2023-12-07 00:00:00', '2023-12-07 00:00:00');
INSERT INTO payments (id, booking_id, user_id, amount, currency, status, method, transaction_id, created_at, processed_at) VALUES ('1417a8ef-7390-419f-ae3e-2ff99f2e966f', '74fe0b06-1cdf-43ea-b1cb-20c1e6b0dca0', 'C3D4E5F6-G7H8-9012-CDEF-345678901234', 8496000.0, 'VND', 'SUCCEEDED', 'VNPAY', 'e7732c30-6fd1-43a5-a983-248005a9ebf3', '2023-12-07 00:00:00', '2023-12-07 00:00:00');
INSERT INTO reviews (id, vehicle_id, booking_id, reviewer_id, owner_id, rating, cleanliness, accuracy, communication, value_rating, comment, created_at, updated_at) VALUES ('1b46bd84-b811-4199-9fcd-74fd5b0ede79', 'V1A2B3C4-D5E6-7890-VHCL-111111111111', '74fe0b06-1cdf-43ea-b1cb-20c1e6b0dca0', 'C3D4E5F6-G7H8-9012-CDEF-345678901234', 'E5F6G7H8-I9J0-1234-EFGH-567890123456', 5, 5, 5, 5, 5, N'Trải nghiệm tuyệt vời!', '2023-12-23 00:00:00', '2023-12-23 00:00:00');
INSERT INTO bookings (id, vehicle_id, renter_id, owner_id, status, start_date, end_date, total_days, base_price, price_per_day, service_fee, taxes, total, deposit, created_at, updated_at) VALUES ('810d5716-94b0-45fc-bc43-c2328b29abcf', 'V1A2B3C4-D5E6-7890-VHCL-111111111111', 'D4E5F6G7-H8I9-0123-DEFG-456789012345', 'E5F6G7H8-I9J0-1234-EFGH-567890123456', 'COMPLETED', '2024-01-24', '2024-01-25', 1, 800000, 800000, 80000.0, 64000.0, 944000.0, 3000000, '2024-01-18 00:00:00', '2024-01-18 00:00:00');
INSERT INTO payments (id, booking_id, user_id, amount, currency, status, method, transaction_id, created_at, processed_at) VALUES ('19c4af18-dedf-4ebd-8468-76f805c71cfc', '810d5716-94b0-45fc-bc43-c2328b29abcf', 'D4E5F6G7-H8I9-0123-DEFG-456789012345', 944000.0, 'VND', 'SUCCEEDED', 'VNPAY', '3a52ea78-6c0c-4804-bf2b-1b3a6059fa4c', '2024-01-18 00:00:00', '2024-01-18 00:00:00');
INSERT INTO reviews (id, vehicle_id, booking_id, reviewer_id, owner_id, rating, cleanliness, accuracy, communication, value_rating, comment, created_at, updated_at) VALUES ('20e7d085-fbf1-405a-bb1e-e61d702c4ad0', 'V1A2B3C4-D5E6-7890-VHCL-111111111111', '810d5716-94b0-45fc-bc43-c2328b29abcf', 'D4E5F6G7-H8I9-0123-DEFG-456789012345', 'E5F6G7H8-I9J0-1234-EFGH-567890123456', 4, 4, 4, 4, 4, N'Trải nghiệm tuyệt vời!', '2024-01-25 00:00:00', '2024-01-25 00:00:00');
INSERT INTO bookings (id, vehicle_id, renter_id, owner_id, status, start_date, end_date, total_days, base_price, price_per_day, service_fee, taxes, total, deposit, created_at, updated_at) VALUES ('de240f59-e7cc-4a74-80b0-e534bda7820b', 'V1A2B3C4-D5E6-7890-VHCL-111111111111', 'B2C3D4E5-F6G7-8901-BCDE-234567890123', 'E5F6G7H8-I9J0-1234-EFGH-567890123456', 'CANCELLED', '2023-12-10', '2023-12-13', 3, 2400000, 800000, 240000.0, 192000.0, 2832000.0, 3000000, '2023-12-05 00:00:00', '2023-12-05 00:00:00');
INSERT INTO payments (id, booking_id, user_id, amount, currency, status, method, transaction_id, created_at, processed_at) VALUES ('ce2b721d-d24e-4428-8fd3-7f7d727dcb2a', 'de240f59-e7cc-4a74-80b0-e534bda7820b', 'B2C3D4E5-F6G7-8901-BCDE-234567890123', 2832000.0, 'VND', 'REFUNDED', 'VNPAY', '3cf102ec-83bd-4f44-91d5-aec1b92ad47f', '2023-12-05 00:00:00', '2023-12-05 00:00:00');
INSERT INTO bookings (id, vehicle_id, renter_id, owner_id, status, start_date, end_date, total_days, base_price, price_per_day, service_fee, taxes, total, deposit, created_at, updated_at) VALUES ('949c4e6c-b8ca-430f-867a-58639f76a5b6', 'V1A2B3C4-D5E6-7890-VHCL-111111111111', 'C3D4E5F6-G7H8-9012-CDEF-345678901234', 'E5F6G7H8-I9J0-1234-EFGH-567890123456', 'COMPLETED', '2023-11-30', '2023-12-03', 3, 2400000, 800000, 240000.0, 192000.0, 2832000.0, 3000000, '2023-11-25 00:00:00', '2023-11-25 00:00:00');
INSERT INTO payments (id, booking_id, user_id, amount, currency, status, method, transaction_id, created_at, processed_at) VALUES ('00218e23-1129-42ec-88a6-83ea00106568', '949c4e6c-b8ca-430f-867a-58639f76a5b6', 'C3D4E5F6-G7H8-9012-CDEF-345678901234', 2832000.0, 'VND', 'SUCCEEDED', 'VNPAY', 'f02149ce-fce1-4dd4-944e-39bd644c9a96', '2023-11-25 00:00:00', '2023-11-25 00:00:00');
INSERT INTO reviews (id, vehicle_id, booking_id, reviewer_id, owner_id, rating, cleanliness, accuracy, communication, value_rating, comment, created_at, updated_at) VALUES ('e5b48be7-1a44-4bee-bdcd-b555d0579453', 'V1A2B3C4-D5E6-7890-VHCL-111111111111', '949c4e6c-b8ca-430f-867a-58639f76a5b6', 'C3D4E5F6-G7H8-9012-CDEF-345678901234', 'E5F6G7H8-I9J0-1234-EFGH-567890123456', 3, 3, 3, 3, 3, N'Trải nghiệm tuyệt vời!', '2023-12-03 00:00:00', '2023-12-03 00:00:00');
INSERT INTO bookings (id, vehicle_id, renter_id, owner_id, status, start_date, end_date, total_days, base_price, price_per_day, service_fee, taxes, total, deposit, created_at, updated_at) VALUES ('98309a43-6ba1-425a-9d09-120b1b68ef52', 'V1A2B3C4-D5E6-7890-VHCL-111111111111', 'D4E5F6G7-H8I9-0123-DEFG-456789012345', 'E5F6G7H8-I9J0-1234-EFGH-567890123456', 'COMPLETED', '2023-06-11', '2023-06-14', 3, 2400000, 800000, 240000.0, 192000.0, 2832000.0, 3000000, '2023-05-31 00:00:00', '2023-05-31 00:00:00');
INSERT INTO payments (id, booking_id, user_id, amount, currency, status, method, transaction_id, created_at, processed_at) VALUES ('e5ee8752-e836-4057-a9dd-f9d81e43ae50', '98309a43-6ba1-425a-9d09-120b1b68ef52', 'D4E5F6G7-H8I9-0123-DEFG-456789012345', 2832000.0, 'VND', 'SUCCEEDED', 'VNPAY', '5be0ac7f-0c20-47cb-a8eb-b9f466864b64', '2023-05-31 00:00:00', '2023-05-31 00:00:00');
INSERT INTO reviews (id, vehicle_id, booking_id, reviewer_id, owner_id, rating, cleanliness, accuracy, communication, value_rating, comment, created_at, updated_at) VALUES ('164be10f-fdea-453b-ae84-26279787054e', 'V1A2B3C4-D5E6-7890-VHCL-111111111111', '98309a43-6ba1-425a-9d09-120b1b68ef52', 'D4E5F6G7-H8I9-0123-DEFG-456789012345', 'E5F6G7H8-I9J0-1234-EFGH-567890123456', 5, 5, 5, 5, 5, N'Trải nghiệm tuyệt vời!', '2023-06-14 00:00:00', '2023-06-14 00:00:00');
INSERT INTO bookings (id, vehicle_id, renter_id, owner_id, status, start_date, end_date, total_days, base_price, price_per_day, service_fee, taxes, total, deposit, created_at, updated_at) VALUES ('79cf5bf2-3f64-45de-bc5b-6dafed68b2d9', 'V1A2B3C4-D5E6-7890-VHCL-111111111111', 'C3D4E5F6-G7H8-9012-CDEF-345678901234', 'E5F6G7H8-I9J0-1234-EFGH-567890123456', 'CANCELLED', '2023-02-25', '2023-03-06', 9, 7200000, 800000, 720000.0, 576000.0, 8496000.0, 3000000, '2023-02-14 00:00:00', '2023-02-14 00:00:00');
INSERT INTO payments (id, booking_id, user_id, amount, currency, status, method, transaction_id, created_at, processed_at) VALUES ('30c39c73-e061-409d-9a17-e12e8de461b4', '79cf5bf2-3f64-45de-bc5b-6dafed68b2d9', 'C3D4E5F6-G7H8-9012-CDEF-345678901234', 8496000.0, 'VND', 'REFUNDED', 'VNPAY', '8d3b05d0-fdcc-4e5c-96b1-74122f7deef4', '2023-02-14 00:00:00', '2023-02-14 00:00:00');
INSERT INTO bookings (id, vehicle_id, renter_id, owner_id, status, start_date, end_date, total_days, base_price, price_per_day, service_fee, taxes, total, deposit, created_at, updated_at) VALUES ('11fb6896-dbe6-4354-b4d6-7d7e3174be70', 'V1A2B3C4-D5E6-7890-VHCL-111111111111', 'D4E5F6G7-H8I9-0123-DEFG-456789012345', 'E5F6G7H8-I9J0-1234-EFGH-567890123456', 'COMPLETED', '2023-06-12', '2023-06-15', 3, 2400000, 800000, 240000.0, 192000.0, 2832000.0, 3000000, '2023-06-04 00:00:00', '2023-06-04 00:00:00');
INSERT INTO payments (id, booking_id, user_id, amount, currency, status, method, transaction_id, created_at, processed_at) VALUES ('4c0e44db-361c-4ad1-8618-67108bfa0583', '11fb6896-dbe6-4354-b4d6-7d7e3174be70', 'D4E5F6G7-H8I9-0123-DEFG-456789012345', 2832000.0, 'VND', 'SUCCEEDED', 'VNPAY', 'd15cf5c1-0656-4cda-9911-f2a6091cad00', '2023-06-04 00:00:00', '2023-06-04 00:00:00');
INSERT INTO reviews (id, vehicle_id, booking_id, reviewer_id, owner_id, rating, cleanliness, accuracy, communication, value_rating, comment, created_at, updated_at) VALUES ('4d00f016-0c24-4ad0-af6e-51137ffa8d02', 'V1A2B3C4-D5E6-7890-VHCL-111111111111', '11fb6896-dbe6-4354-b4d6-7d7e3174be70', 'D4E5F6G7-H8I9-0123-DEFG-456789012345', 'E5F6G7H8-I9J0-1234-EFGH-567890123456', 5, 5, 5, 5, 5, N'Trải nghiệm tuyệt vời!', '2023-06-15 00:00:00', '2023-06-15 00:00:00');
INSERT INTO bookings (id, vehicle_id, renter_id, owner_id, status, start_date, end_date, total_days, base_price, price_per_day, service_fee, taxes, total, deposit, created_at, updated_at) VALUES ('db394c7c-2751-43ac-972a-d930a6da0559', 'V1A2B3C4-D5E6-7890-VHCL-111111111111', 'B2C3D4E5-F6G7-8901-BCDE-234567890123', 'E5F6G7H8-I9J0-1234-EFGH-567890123456', 'COMPLETED', '2023-01-09', '2023-01-19', 10, 8000000, 800000, 800000.0, 640000.0, 9440000.0, 3000000, '2022-12-28 00:00:00', '2022-12-28 00:00:00');
INSERT INTO payments (id, booking_id, user_id, amount, currency, status, method, transaction_id, created_at, processed_at) VALUES ('a72b57fb-c2ed-49ef-88f3-c6cb1ad0908e', 'db394c7c-2751-43ac-972a-d930a6da0559', 'B2C3D4E5-F6G7-8901-BCDE-234567890123', 9440000.0, 'VND', 'SUCCEEDED', 'VNPAY', '96b0c216-bb60-4ac9-83b9-28b3144a3676', '2022-12-28 00:00:00', '2022-12-28 00:00:00');
INSERT INTO reviews (id, vehicle_id, booking_id, reviewer_id, owner_id, rating, cleanliness, accuracy, communication, value_rating, comment, created_at, updated_at) VALUES ('1fab6fcd-098a-4b53-b8ca-85bea156976b', 'V1A2B3C4-D5E6-7890-VHCL-111111111111', 'db394c7c-2751-43ac-972a-d930a6da0559', 'B2C3D4E5-F6G7-8901-BCDE-234567890123', 'E5F6G7H8-I9J0-1234-EFGH-567890123456', 5, 5, 5, 5, 5, N'Trải nghiệm tuyệt vời!', '2023-01-19 00:00:00', '2023-01-19 00:00:00');
INSERT INTO bookings (id, vehicle_id, renter_id, owner_id, status, start_date, end_date, total_days, base_price, price_per_day, service_fee, taxes, total, deposit, created_at, updated_at) VALUES ('a5391dad-9e64-47e4-bf08-c8eac168f60f', 'V1A2B3C4-D5E6-7890-VHCL-111111111111', 'D4E5F6G7-H8I9-0123-DEFG-456789012345', 'E5F6G7H8-I9J0-1234-EFGH-567890123456', 'COMPLETED', '2023-06-06', '2023-06-13', 7, 5600000, 800000, 560000.0, 448000.0, 6608000.0, 3000000, '2023-05-30 00:00:00', '2023-05-30 00:00:00');
INSERT INTO payments (id, booking_id, user_id, amount, currency, status, method, transaction_id, created_at, processed_at) VALUES ('5d50d2ac-ed72-4ef0-80c1-a0603e37e1ca', 'a5391dad-9e64-47e4-bf08-c8eac168f60f', 'D4E5F6G7-H8I9-0123-DEFG-456789012345', 6608000.0, 'VND', 'SUCCEEDED', 'VNPAY', '025203b7-8a86-4067-8775-d6888269302e', '2023-05-30 00:00:00', '2023-05-30 00:00:00');
INSERT INTO reviews (id, vehicle_id, booking_id, reviewer_id, owner_id, rating, cleanliness, accuracy, communication, value_rating, comment, created_at, updated_at) VALUES ('a79d4eda-7dcf-4213-a035-517555c8ce14', 'V1A2B3C4-D5E6-7890-VHCL-111111111111', 'a5391dad-9e64-47e4-bf08-c8eac168f60f', 'D4E5F6G7-H8I9-0123-DEFG-456789012345', 'E5F6G7H8-I9J0-1234-EFGH-567890123456', 5, 5, 5, 5, 5, N'Trải nghiệm tuyệt vời!', '2023-06-13 00:00:00', '2023-06-13 00:00:00');
INSERT INTO bookings (id, vehicle_id, renter_id, owner_id, status, start_date, end_date, total_days, base_price, price_per_day, service_fee, taxes, total, deposit, created_at, updated_at) VALUES ('306e2ef7-e3e7-4e21-911a-a7b9ea6e6045', 'V1A2B3C4-D5E6-7890-VHCL-111111111111', 'D4E5F6G7-H8I9-0123-DEFG-456789012345', 'E5F6G7H8-I9J0-1234-EFGH-567890123456', 'COMPLETED', '2024-02-10', '2024-02-11', 1, 800000, 800000, 80000.0, 64000.0, 944000.0, 3000000, '2024-02-07 00:00:00', '2024-02-07 00:00:00');
INSERT INTO payments (id, booking_id, user_id, amount, currency, status, method, transaction_id, created_at, processed_at) VALUES ('87a34b85-b598-4c8a-b89a-7dc5065bab2e', '306e2ef7-e3e7-4e21-911a-a7b9ea6e6045', 'D4E5F6G7-H8I9-0123-DEFG-456789012345', 944000.0, 'VND', 'SUCCEEDED', 'VNPAY', '842a77db-d11f-4eba-8df0-3f9dd3e2caaa', '2024-02-07 00:00:00', '2024-02-07 00:00:00');
INSERT INTO reviews (id, vehicle_id, booking_id, reviewer_id, owner_id, rating, cleanliness, accuracy, communication, value_rating, comment, created_at, updated_at) VALUES ('fb9fcd52-06ab-43f9-a252-ec9d6a756983', 'V1A2B3C4-D5E6-7890-VHCL-111111111111', '306e2ef7-e3e7-4e21-911a-a7b9ea6e6045', 'D4E5F6G7-H8I9-0123-DEFG-456789012345', 'E5F6G7H8-I9J0-1234-EFGH-567890123456', 5, 5, 5, 5, 5, N'Trải nghiệm tuyệt vời!', '2024-02-11 00:00:00', '2024-02-11 00:00:00');
INSERT INTO bookings (id, vehicle_id, renter_id, owner_id, status, start_date, end_date, total_days, base_price, price_per_day, service_fee, taxes, total, deposit, created_at, updated_at) VALUES ('4f4be3df-5d38-455f-809a-ed425154eec5', 'V1A2B3C4-D5E6-7890-VHCL-111111111111', 'C3D4E5F6-G7H8-9012-CDEF-345678901234', 'E5F6G7H8-I9J0-1234-EFGH-567890123456', 'COMPLETED', '2023-12-18', '2023-12-27', 9, 7200000, 800000, 720000.0, 576000.0, 8496000.0, 3000000, '2023-12-15 00:00:00', '2023-12-15 00:00:00');
INSERT INTO payments (id, booking_id, user_id, amount, currency, status, method, transaction_id, created_at, processed_at) VALUES ('d8c2d827-38e4-431e-a3d1-472116a217e4', '4f4be3df-5d38-455f-809a-ed425154eec5', 'C3D4E5F6-G7H8-9012-CDEF-345678901234', 8496000.0, 'VND', 'SUCCEEDED', 'VNPAY', '2d75da9e-ec19-4b6d-8410-d15b34e629a8', '2023-12-15 00:00:00', '2023-12-15 00:00:00');
INSERT INTO reviews (id, vehicle_id, booking_id, reviewer_id, owner_id, rating, cleanliness, accuracy, communication, value_rating, comment, created_at, updated_at) VALUES ('532aa03c-6a38-4d20-89ff-73f424f9529d', 'V1A2B3C4-D5E6-7890-VHCL-111111111111', '4f4be3df-5d38-455f-809a-ed425154eec5', 'C3D4E5F6-G7H8-9012-CDEF-345678901234', 'E5F6G7H8-I9J0-1234-EFGH-567890123456', 5, 5, 5, 5, 5, N'Trải nghiệm tuyệt vời!', '2023-12-27 00:00:00', '2023-12-27 00:00:00');
INSERT INTO bookings (id, vehicle_id, renter_id, owner_id, status, start_date, end_date, total_days, base_price, price_per_day, service_fee, taxes, total, deposit, created_at, updated_at) VALUES ('f86600e6-b275-462c-9bcc-85bbb5645ade', 'V1A2B3C4-D5E6-7890-VHCL-111111111111', 'D4E5F6G7-H8I9-0123-DEFG-456789012345', 'E5F6G7H8-I9J0-1234-EFGH-567890123456', 'COMPLETED', '2023-10-22', '2023-11-01', 10, 8000000, 800000, 800000.0, 640000.0, 9440000.0, 3000000, '2023-10-09 00:00:00', '2023-10-09 00:00:00');
INSERT INTO payments (id, booking_id, user_id, amount, currency, status, method, transaction_id, created_at, processed_at) VALUES ('ef299dd0-f433-44da-8eff-5e546d87a5b6', 'f86600e6-b275-462c-9bcc-85bbb5645ade', 'D4E5F6G7-H8I9-0123-DEFG-456789012345', 9440000.0, 'VND', 'SUCCEEDED', 'VNPAY', 'e4775c6e-389b-4ebf-a7f0-2787d38f8d75', '2023-10-09 00:00:00', '2023-10-09 00:00:00');
INSERT INTO reviews (id, vehicle_id, booking_id, reviewer_id, owner_id, rating, cleanliness, accuracy, communication, value_rating, comment, created_at, updated_at) VALUES ('d32502dd-3024-46b6-857a-8619053e9e98', 'V1A2B3C4-D5E6-7890-VHCL-111111111111', 'f86600e6-b275-462c-9bcc-85bbb5645ade', 'D4E5F6G7-H8I9-0123-DEFG-456789012345', 'E5F6G7H8-I9J0-1234-EFGH-567890123456', 5, 5, 5, 5, 5, N'Trải nghiệm tuyệt vời!', '2023-11-01 00:00:00', '2023-11-01 00:00:00');
INSERT INTO bookings (id, vehicle_id, renter_id, owner_id, status, start_date, end_date, total_days, base_price, price_per_day, service_fee, taxes, total, deposit, created_at, updated_at) VALUES ('5ac936a3-6437-4008-80de-f57cbfe49f3e', 'V1A2B3C4-D5E6-7890-VHCL-111111111111', 'B2C3D4E5-F6G7-8901-BCDE-234567890123', 'E5F6G7H8-I9J0-1234-EFGH-567890123456', 'COMPLETED', '2024-02-13', '2024-02-14', 1, 800000, 800000, 80000.0, 64000.0, 944000.0, 3000000, '2024-02-11 00:00:00', '2024-02-11 00:00:00');
INSERT INTO payments (id, booking_id, user_id, amount, currency, status, method, transaction_id, created_at, processed_at) VALUES ('383aa49e-44d0-4855-8633-ef10f999faeb', '5ac936a3-6437-4008-80de-f57cbfe49f3e', 'B2C3D4E5-F6G7-8901-BCDE-234567890123', 944000.0, 'VND', 'SUCCEEDED', 'VNPAY', 'd5c8927c-b030-4794-8a76-005c16fd4508', '2024-02-11 00:00:00', '2024-02-11 00:00:00');
INSERT INTO reviews (id, vehicle_id, booking_id, reviewer_id, owner_id, rating, cleanliness, accuracy, communication, value_rating, comment, created_at, updated_at) VALUES ('20ed5a6d-f64b-4b7c-a68f-73596940e01a', 'V1A2B3C4-D5E6-7890-VHCL-111111111111', '5ac936a3-6437-4008-80de-f57cbfe49f3e', 'B2C3D4E5-F6G7-8901-BCDE-234567890123', 'E5F6G7H8-I9J0-1234-EFGH-567890123456', 5, 5, 5, 5, 5, N'Trải nghiệm tuyệt vời!', '2024-02-14 00:00:00', '2024-02-14 00:00:00');
INSERT INTO bookings (id, vehicle_id, renter_id, owner_id, status, start_date, end_date, total_days, base_price, price_per_day, service_fee, taxes, total, deposit, created_at, updated_at) VALUES ('30f4019d-6691-415c-aa98-6bd150f94fb0', 'V1A2B3C4-D5E6-7890-VHCL-111111111111', 'D4E5F6G7-H8I9-0123-DEFG-456789012345', 'E5F6G7H8-I9J0-1234-EFGH-567890123456', 'COMPLETED', '2024-01-30', '2024-02-03', 4, 3200000, 800000, 320000.0, 256000.0, 3776000.0, 3000000, '2024-01-22 00:00:00', '2024-01-22 00:00:00');
INSERT INTO payments (id, booking_id, user_id, amount, currency, status, method, transaction_id, created_at, processed_at) VALUES ('e2965c2d-6f61-4656-8d5a-d0f80f4b85b1', '30f4019d-6691-415c-aa98-6bd150f94fb0', 'D4E5F6G7-H8I9-0123-DEFG-456789012345', 3776000.0, 'VND', 'SUCCEEDED', 'VNPAY', '9aea92dd-0a52-4a57-9ef2-b1db908f5d16', '2024-01-22 00:00:00', '2024-01-22 00:00:00');
INSERT INTO reviews (id, vehicle_id, booking_id, reviewer_id, owner_id, rating, cleanliness, accuracy, communication, value_rating, comment, created_at, updated_at) VALUES ('0c4726de-47bd-4c45-8eb7-b2f99dda225f', 'V1A2B3C4-D5E6-7890-VHCL-111111111111', '30f4019d-6691-415c-aa98-6bd150f94fb0', 'D4E5F6G7-H8I9-0123-DEFG-456789012345', 'E5F6G7H8-I9J0-1234-EFGH-567890123456', 3, 3, 3, 3, 3, N'Trải nghiệm tuyệt vời!', '2024-02-03 00:00:00', '2024-02-03 00:00:00');
INSERT INTO bookings (id, vehicle_id, renter_id, owner_id, status, start_date, end_date, total_days, base_price, price_per_day, service_fee, taxes, total, deposit, created_at, updated_at) VALUES ('7d78b39d-4199-4242-a6c7-69d09c49d644', 'V1A2B3C4-D5E6-7890-VHCL-111111111111', 'D4E5F6G7-H8I9-0123-DEFG-456789012345', 'E5F6G7H8-I9J0-1234-EFGH-567890123456', 'COMPLETED', '2023-12-13', '2023-12-15', 2, 1600000, 800000, 160000.0, 128000.0, 1888000.0, 3000000, '2023-12-09 00:00:00', '2023-12-09 00:00:00');
INSERT INTO payments (id, booking_id, user_id, amount, currency, status, method, transaction_id, created_at, processed_at) VALUES ('1072e8f0-abe7-453f-93f0-2ad427c91e75', '7d78b39d-4199-4242-a6c7-69d09c49d644', 'D4E5F6G7-H8I9-0123-DEFG-456789012345', 1888000.0, 'VND', 'SUCCEEDED', 'VNPAY', 'a6b716e4-38ef-4a19-8301-fb29dd0ff869', '2023-12-09 00:00:00', '2023-12-09 00:00:00');
INSERT INTO reviews (id, vehicle_id, booking_id, reviewer_id, owner_id, rating, cleanliness, accuracy, communication, value_rating, comment, created_at, updated_at) VALUES ('c7ef76c5-86f9-4811-b6e8-b62ad3e096a8', 'V1A2B3C4-D5E6-7890-VHCL-111111111111', '7d78b39d-4199-4242-a6c7-69d09c49d644', 'D4E5F6G7-H8I9-0123-DEFG-456789012345', 'E5F6G7H8-I9J0-1234-EFGH-567890123456', 3, 3, 3, 3, 3, N'Trải nghiệm tuyệt vời!', '2023-12-15 00:00:00', '2023-12-15 00:00:00');
INSERT INTO bookings (id, vehicle_id, renter_id, owner_id, status, start_date, end_date, total_days, base_price, price_per_day, service_fee, taxes, total, deposit, created_at, updated_at) VALUES ('d3c023cc-f1ab-4e51-aab9-2ad4e6a1e285', 'V1A2B3C4-D5E6-7890-VHCL-111111111111', 'C3D4E5F6-G7H8-9012-CDEF-345678901234', 'E5F6G7H8-I9J0-1234-EFGH-567890123456', 'CANCELLED', '2023-04-09', '2023-04-16', 7, 5600000, 800000, 560000.0, 448000.0, 6608000.0, 3000000, '2023-04-05 00:00:00', '2023-04-05 00:00:00');
INSERT INTO payments (id, booking_id, user_id, amount, currency, status, method, transaction_id, created_at, processed_at) VALUES ('b560a0d3-e760-49ee-a563-ffeeb1a2d45f', 'd3c023cc-f1ab-4e51-aab9-2ad4e6a1e285', 'C3D4E5F6-G7H8-9012-CDEF-345678901234', 6608000.0, 'VND', 'REFUNDED', 'VNPAY', '0833de65-a955-4d13-892b-eec51ff948f8', '2023-04-05 00:00:00', '2023-04-05 00:00:00');
INSERT INTO bookings (id, vehicle_id, renter_id, owner_id, status, start_date, end_date, total_days, base_price, price_per_day, service_fee, taxes, total, deposit, created_at, updated_at) VALUES ('af66cbd8-19c5-456d-9bc0-edf0510eb968', 'V1A2B3C4-D5E6-7890-VHCL-111111111111', 'D4E5F6G7-H8I9-0123-DEFG-456789012345', 'E5F6G7H8-I9J0-1234-EFGH-567890123456', 'CANCELLED', '2024-03-02', '2024-03-04', 2, 1600000, 800000, 160000.0, 128000.0, 1888000.0, 3000000, '2024-02-28 00:00:00', '2024-02-28 00:00:00');
INSERT INTO payments (id, booking_id, user_id, amount, currency, status, method, transaction_id, created_at, processed_at) VALUES ('292a558f-5b8d-4c0f-b7ca-3758625cbe35', 'af66cbd8-19c5-456d-9bc0-edf0510eb968', 'D4E5F6G7-H8I9-0123-DEFG-456789012345', 1888000.0, 'VND', 'REFUNDED', 'VNPAY', 'b75923d8-24d4-4e9c-aeda-38997d6c3990', '2024-02-28 00:00:00', '2024-02-28 00:00:00');
INSERT INTO bookings (id, vehicle_id, renter_id, owner_id, status, start_date, end_date, total_days, base_price, price_per_day, service_fee, taxes, total, deposit, created_at, updated_at) VALUES ('6ff77853-4448-44b8-b859-7df445d95acb', 'V1A2B3C4-D5E6-7890-VHCL-111111111111', 'C3D4E5F6-G7H8-9012-CDEF-345678901234', 'E5F6G7H8-I9J0-1234-EFGH-567890123456', 'COMPLETED', '2023-10-02', '2023-10-06', 4, 3200000, 800000, 320000.0, 256000.0, 3776000.0, 3000000, '2023-09-28 00:00:00', '2023-09-28 00:00:00');
INSERT INTO payments (id, booking_id, user_id, amount, currency, status, method, transaction_id, created_at, processed_at) VALUES ('6a846056-d9e1-4638-a9e5-1df35647967c', '6ff77853-4448-44b8-b859-7df445d95acb', 'C3D4E5F6-G7H8-9012-CDEF-345678901234', 3776000.0, 'VND', 'SUCCEEDED', 'VNPAY', 'f654937d-c6af-4233-8a4a-556cb927ac38', '2023-09-28 00:00:00', '2023-09-28 00:00:00');
INSERT INTO reviews (id, vehicle_id, booking_id, reviewer_id, owner_id, rating, cleanliness, accuracy, communication, value_rating, comment, created_at, updated_at) VALUES ('be6328a2-f1da-47fa-8e5d-4ad6d6f9c53c', 'V1A2B3C4-D5E6-7890-VHCL-111111111111', '6ff77853-4448-44b8-b859-7df445d95acb', 'C3D4E5F6-G7H8-9012-CDEF-345678901234', 'E5F6G7H8-I9J0-1234-EFGH-567890123456', 3, 3, 3, 3, 3, N'Trải nghiệm tuyệt vời!', '2023-10-06 00:00:00', '2023-10-06 00:00:00');
INSERT INTO bookings (id, vehicle_id, renter_id, owner_id, status, start_date, end_date, total_days, base_price, price_per_day, service_fee, taxes, total, deposit, created_at, updated_at) VALUES ('bbcbccb5-61b0-4ac5-a7ea-7b5a46ced511', 'V1A2B3C4-D5E6-7890-VHCL-111111111111', 'D4E5F6G7-H8I9-0123-DEFG-456789012345', 'E5F6G7H8-I9J0-1234-EFGH-567890123456', 'COMPLETED', '2023-05-01', '2023-05-03', 2, 1600000, 800000, 160000.0, 128000.0, 1888000.0, 3000000, '2023-04-19 00:00:00', '2023-04-19 00:00:00');
INSERT INTO payments (id, booking_id, user_id, amount, currency, status, method, transaction_id, created_at, processed_at) VALUES ('dc6e8118-730d-4281-b44c-5afb8c1b5843', 'bbcbccb5-61b0-4ac5-a7ea-7b5a46ced511', 'D4E5F6G7-H8I9-0123-DEFG-456789012345', 1888000.0, 'VND', 'SUCCEEDED', 'VNPAY', '7858baf0-de9b-4080-bca9-00391064217e', '2023-04-19 00:00:00', '2023-04-19 00:00:00');
INSERT INTO reviews (id, vehicle_id, booking_id, reviewer_id, owner_id, rating, cleanliness, accuracy, communication, value_rating, comment, created_at, updated_at) VALUES ('02ea32a4-2127-4260-875e-5274173607f2', 'V1A2B3C4-D5E6-7890-VHCL-111111111111', 'bbcbccb5-61b0-4ac5-a7ea-7b5a46ced511', 'D4E5F6G7-H8I9-0123-DEFG-456789012345', 'E5F6G7H8-I9J0-1234-EFGH-567890123456', 4, 4, 4, 4, 4, N'Trải nghiệm tuyệt vời!', '2023-05-03 00:00:00', '2023-05-03 00:00:00');
INSERT INTO bookings (id, vehicle_id, renter_id, owner_id, status, start_date, end_date, total_days, base_price, price_per_day, service_fee, taxes, total, deposit, created_at, updated_at) VALUES ('c2c67938-00ba-47e9-ba51-f412c71daeb0', 'V1A2B3C4-D5E6-7890-VHCL-111111111111', 'D4E5F6G7-H8I9-0123-DEFG-456789012345', 'E5F6G7H8-I9J0-1234-EFGH-567890123456', 'COMPLETED', '2023-07-18', '2023-07-21', 3, 2400000, 800000, 240000.0, 192000.0, 2832000.0, 3000000, '2023-07-09 00:00:00', '2023-07-09 00:00:00');
INSERT INTO payments (id, booking_id, user_id, amount, currency, status, method, transaction_id, created_at, processed_at) VALUES ('8d9471cc-5117-47b3-ad7f-d6ccf9b10cbc', 'c2c67938-00ba-47e9-ba51-f412c71daeb0', 'D4E5F6G7-H8I9-0123-DEFG-456789012345', 2832000.0, 'VND', 'SUCCEEDED', 'VNPAY', '2843cf64-f7fe-471a-9f7b-186dfaf3b5f2', '2023-07-09 00:00:00', '2023-07-09 00:00:00');
INSERT INTO reviews (id, vehicle_id, booking_id, reviewer_id, owner_id, rating, cleanliness, accuracy, communication, value_rating, comment, created_at, updated_at) VALUES ('9254867d-c3b6-40ac-a849-e81f9cdbbf63', 'V1A2B3C4-D5E6-7890-VHCL-111111111111', 'c2c67938-00ba-47e9-ba51-f412c71daeb0', 'D4E5F6G7-H8I9-0123-DEFG-456789012345', 'E5F6G7H8-I9J0-1234-EFGH-567890123456', 3, 3, 3, 3, 3, N'Trải nghiệm tuyệt vời!', '2023-07-21 00:00:00', '2023-07-21 00:00:00');
INSERT INTO bookings (id, vehicle_id, renter_id, owner_id, status, start_date, end_date, total_days, base_price, price_per_day, service_fee, taxes, total, deposit, created_at, updated_at) VALUES ('c0e3a519-bdb2-46e9-8562-8d87e5489309', 'V1A2B3C4-D5E6-7890-VHCL-111111111111', 'C3D4E5F6-G7H8-9012-CDEF-345678901234', 'E5F6G7H8-I9J0-1234-EFGH-567890123456', 'COMPLETED', '2023-03-20', '2023-03-21', 1, 800000, 800000, 80000.0, 64000.0, 944000.0, 3000000, '2023-03-18 00:00:00', '2023-03-18 00:00:00');
INSERT INTO payments (id, booking_id, user_id, amount, currency, status, method, transaction_id, created_at, processed_at) VALUES ('1e2f41cc-b299-45fb-af5f-2ca4880731fe', 'c0e3a519-bdb2-46e9-8562-8d87e5489309', 'C3D4E5F6-G7H8-9012-CDEF-345678901234', 944000.0, 'VND', 'SUCCEEDED', 'VNPAY', 'a694c708-2c34-475a-ac4e-65847485a767', '2023-03-18 00:00:00', '2023-03-18 00:00:00');
INSERT INTO reviews (id, vehicle_id, booking_id, reviewer_id, owner_id, rating, cleanliness, accuracy, communication, value_rating, comment, created_at, updated_at) VALUES ('182a8163-719a-45ca-85c6-3804b02987cc', 'V1A2B3C4-D5E6-7890-VHCL-111111111111', 'c0e3a519-bdb2-46e9-8562-8d87e5489309', 'C3D4E5F6-G7H8-9012-CDEF-345678901234', 'E5F6G7H8-I9J0-1234-EFGH-567890123456', 3, 3, 3, 3, 3, N'Trải nghiệm tuyệt vời!', '2023-03-21 00:00:00', '2023-03-21 00:00:00');
INSERT INTO bookings (id, vehicle_id, renter_id, owner_id, status, start_date, end_date, total_days, base_price, price_per_day, service_fee, taxes, total, deposit, created_at, updated_at) VALUES ('97dcb698-7d29-4492-a8a9-628df65728f0', 'V1A2B3C4-D5E6-7890-VHCL-111111111111', 'B2C3D4E5-F6G7-8901-BCDE-234567890123', 'E5F6G7H8-I9J0-1234-EFGH-567890123456', 'COMPLETED', '2024-01-17', '2024-01-19', 2, 1600000, 800000, 160000.0, 128000.0, 1888000.0, 3000000, '2024-01-14 00:00:00', '2024-01-14 00:00:00');
INSERT INTO payments (id, booking_id, user_id, amount, currency, status, method, transaction_id, created_at, processed_at) VALUES ('b29c08d7-b48a-4ae9-a02a-a334e2c872f9', '97dcb698-7d29-4492-a8a9-628df65728f0', 'B2C3D4E5-F6G7-8901-BCDE-234567890123', 1888000.0, 'VND', 'SUCCEEDED', 'VNPAY', '0f1fc1d4-f980-461f-a575-64fa4e153e7a', '2024-01-14 00:00:00', '2024-01-14 00:00:00');
INSERT INTO reviews (id, vehicle_id, booking_id, reviewer_id, owner_id, rating, cleanliness, accuracy, communication, value_rating, comment, created_at, updated_at) VALUES ('3ab0f0ce-ea4e-4d8f-9d66-abaa95195ab8', 'V1A2B3C4-D5E6-7890-VHCL-111111111111', '97dcb698-7d29-4492-a8a9-628df65728f0', 'B2C3D4E5-F6G7-8901-BCDE-234567890123', 'E5F6G7H8-I9J0-1234-EFGH-567890123456', 5, 5, 5, 5, 5, N'Trải nghiệm tuyệt vời!', '2024-01-19 00:00:00', '2024-01-19 00:00:00');
INSERT INTO bookings (id, vehicle_id, renter_id, owner_id, status, start_date, end_date, total_days, base_price, price_per_day, service_fee, taxes, total, deposit, created_at, updated_at) VALUES ('7f452a4a-d4a3-4c1a-abbf-2677b241d5f0', 'V1A2B3C4-D5E6-7890-VHCL-111111111111', 'D4E5F6G7-H8I9-0123-DEFG-456789012345', 'E5F6G7H8-I9J0-1234-EFGH-567890123456', 'COMPLETED', '2023-11-16', '2023-11-23', 7, 5600000, 800000, 560000.0, 448000.0, 6608000.0, 3000000, '2023-11-02 00:00:00', '2023-11-02 00:00:00');
INSERT INTO payments (id, booking_id, user_id, amount, currency, status, method, transaction_id, created_at, processed_at) VALUES ('f4f8f053-3b3c-4fea-824b-b7b8384acadb', '7f452a4a-d4a3-4c1a-abbf-2677b241d5f0', 'D4E5F6G7-H8I9-0123-DEFG-456789012345', 6608000.0, 'VND', 'SUCCEEDED', 'VNPAY', 'c7f40a28-125b-4b7c-8b25-cb08c7afe612', '2023-11-02 00:00:00', '2023-11-02 00:00:00');
INSERT INTO reviews (id, vehicle_id, booking_id, reviewer_id, owner_id, rating, cleanliness, accuracy, communication, value_rating, comment, created_at, updated_at) VALUES ('9443eafd-f6d6-4af0-b65f-4b45051cb334', 'V1A2B3C4-D5E6-7890-VHCL-111111111111', '7f452a4a-d4a3-4c1a-abbf-2677b241d5f0', 'D4E5F6G7-H8I9-0123-DEFG-456789012345', 'E5F6G7H8-I9J0-1234-EFGH-567890123456', 4, 4, 4, 4, 4, N'Trải nghiệm tuyệt vời!', '2023-11-23 00:00:00', '2023-11-23 00:00:00');
INSERT INTO bookings (id, vehicle_id, renter_id, owner_id, status, start_date, end_date, total_days, base_price, price_per_day, service_fee, taxes, total, deposit, created_at, updated_at) VALUES ('826d5611-741e-40e3-b2e9-426185179740', 'V1A2B3C4-D5E6-7890-VHCL-111111111111', 'D4E5F6G7-H8I9-0123-DEFG-456789012345', 'E5F6G7H8-I9J0-1234-EFGH-567890123456', 'COMPLETED', '2023-06-01', '2023-06-02', 1, 800000, 800000, 80000.0, 64000.0, 944000.0, 3000000, '2023-05-25 00:00:00', '2023-05-25 00:00:00');
INSERT INTO payments (id, booking_id, user_id, amount, currency, status, method, transaction_id, created_at, processed_at) VALUES ('88fd4573-168e-41f1-baa8-606f3127bb25', '826d5611-741e-40e3-b2e9-426185179740', 'D4E5F6G7-H8I9-0123-DEFG-456789012345', 944000.0, 'VND', 'SUCCEEDED', 'VNPAY', '45d6808a-c52d-43a4-b462-8bf659f8b674', '2023-05-25 00:00:00', '2023-05-25 00:00:00');
INSERT INTO reviews (id, vehicle_id, booking_id, reviewer_id, owner_id, rating, cleanliness, accuracy, communication, value_rating, comment, created_at, updated_at) VALUES ('9c39f8b2-07fc-41e5-99bd-0ae4f8936643', 'V1A2B3C4-D5E6-7890-VHCL-111111111111', '826d5611-741e-40e3-b2e9-426185179740', 'D4E5F6G7-H8I9-0123-DEFG-456789012345', 'E5F6G7H8-I9J0-1234-EFGH-567890123456', 3, 3, 3, 3, 3, N'Trải nghiệm tuyệt vời!', '2023-06-02 00:00:00', '2023-06-02 00:00:00');
INSERT INTO bookings (id, vehicle_id, renter_id, owner_id, status, start_date, end_date, total_days, base_price, price_per_day, service_fee, taxes, total, deposit, created_at, updated_at) VALUES ('bd094b44-6584-44f2-b238-c486999489ee', 'V1A2B3C4-D5E6-7890-VHCL-111111111111', 'D4E5F6G7-H8I9-0123-DEFG-456789012345', 'E5F6G7H8-I9J0-1234-EFGH-567890123456', 'CANCELLED', '2024-05-28', '2024-06-03', 6, 4800000, 800000, 480000.0, 384000.0, 5664000.0, 3000000, '2024-05-18 00:00:00', '2024-05-18 00:00:00');
INSERT INTO payments (id, booking_id, user_id, amount, currency, status, method, transaction_id, created_at, processed_at) VALUES ('dc8ed755-e51d-4703-842b-c87c153854a8', 'bd094b44-6584-44f2-b238-c486999489ee', 'D4E5F6G7-H8I9-0123-DEFG-456789012345', 5664000.0, 'VND', 'REFUNDED', 'VNPAY', '536cda55-d38d-479d-a861-9d479fd8986f', '2024-05-18 00:00:00', '2024-05-18 00:00:00');
INSERT INTO bookings (id, vehicle_id, renter_id, owner_id, status, start_date, end_date, total_days, base_price, price_per_day, service_fee, taxes, total, deposit, created_at, updated_at) VALUES ('533bc116-665b-45d8-af05-e90e78b0e97c', 'V1A2B3C4-D5E6-7890-VHCL-111111111111', 'B2C3D4E5-F6G7-8901-BCDE-234567890123', 'E5F6G7H8-I9J0-1234-EFGH-567890123456', 'COMPLETED', '2023-07-23', '2023-08-01', 9, 7200000, 800000, 720000.0, 576000.0, 8496000.0, 3000000, '2023-07-20 00:00:00', '2023-07-20 00:00:00');
INSERT INTO payments (id, booking_id, user_id, amount, currency, status, method, transaction_id, created_at, processed_at) VALUES ('2193e8e8-a5cb-4ac0-9d6d-3ebe8e5a10ab', '533bc116-665b-45d8-af05-e90e78b0e97c', 'B2C3D4E5-F6G7-8901-BCDE-234567890123', 8496000.0, 'VND', 'SUCCEEDED', 'VNPAY', '00d61630-0df4-4086-987a-55378df09259', '2023-07-20 00:00:00', '2023-07-20 00:00:00');
INSERT INTO reviews (id, vehicle_id, booking_id, reviewer_id, owner_id, rating, cleanliness, accuracy, communication, value_rating, comment, created_at, updated_at) VALUES ('05d1bb1d-bb20-400b-bdcc-c55dabd3c25a', 'V1A2B3C4-D5E6-7890-VHCL-111111111111', '533bc116-665b-45d8-af05-e90e78b0e97c', 'B2C3D4E5-F6G7-8901-BCDE-234567890123', 'E5F6G7H8-I9J0-1234-EFGH-567890123456', 5, 5, 5, 5, 5, N'Trải nghiệm tuyệt vời!', '2023-08-01 00:00:00', '2023-08-01 00:00:00');
INSERT INTO bookings (id, vehicle_id, renter_id, owner_id, status, start_date, end_date, total_days, base_price, price_per_day, service_fee, taxes, total, deposit, created_at, updated_at) VALUES ('822d308c-661d-4c7b-a286-8b36a57482db', 'V1A2B3C4-D5E6-7890-VHCL-111111111111', 'B2C3D4E5-F6G7-8901-BCDE-234567890123', 'E5F6G7H8-I9J0-1234-EFGH-567890123456', 'COMPLETED', '2023-11-16', '2023-11-25', 9, 7200000, 800000, 720000.0, 576000.0, 8496000.0, 3000000, '2023-11-06 00:00:00', '2023-11-06 00:00:00');
INSERT INTO payments (id, booking_id, user_id, amount, currency, status, method, transaction_id, created_at, processed_at) VALUES ('32829d50-79e1-4413-8e12-342b96e9e7f3', '822d308c-661d-4c7b-a286-8b36a57482db', 'B2C3D4E5-F6G7-8901-BCDE-234567890123', 8496000.0, 'VND', 'SUCCEEDED', 'VNPAY', '9b3480f7-3020-4698-8e76-886454318029', '2023-11-06 00:00:00', '2023-11-06 00:00:00');
INSERT INTO reviews (id, vehicle_id, booking_id, reviewer_id, owner_id, rating, cleanliness, accuracy, communication, value_rating, comment, created_at, updated_at) VALUES ('8e1ea6f9-90cd-4def-9dce-53734241f060', 'V1A2B3C4-D5E6-7890-VHCL-111111111111', '822d308c-661d-4c7b-a286-8b36a57482db', 'B2C3D4E5-F6G7-8901-BCDE-234567890123', 'E5F6G7H8-I9J0-1234-EFGH-567890123456', 5, 5, 5, 5, 5, N'Trải nghiệm tuyệt vời!', '2023-11-25 00:00:00', '2023-11-25 00:00:00');
INSERT INTO bookings (id, vehicle_id, renter_id, owner_id, status, start_date, end_date, total_days, base_price, price_per_day, service_fee, taxes, total, deposit, created_at, updated_at) VALUES ('bcc0b63c-3285-4c6b-ad75-f325bd6b8822', 'V1A2B3C4-D5E6-7890-VHCL-111111111111', 'B2C3D4E5-F6G7-8901-BCDE-234567890123', 'E5F6G7H8-I9J0-1234-EFGH-567890123456', 'COMPLETED', '2023-01-31', '2023-02-03', 3, 2400000, 800000, 240000.0, 192000.0, 2832000.0, 3000000, '2023-01-23 00:00:00', '2023-01-23 00:00:00');
INSERT INTO payments (id, booking_id, user_id, amount, currency, status, method, transaction_id, created_at, processed_at) VALUES ('5b65d4a2-9118-48db-aaea-c32caff7e320', 'bcc0b63c-3285-4c6b-ad75-f325bd6b8822', 'B2C3D4E5-F6G7-8901-BCDE-234567890123', 2832000.0, 'VND', 'SUCCEEDED', 'VNPAY', '3ec8f2de-9fc5-4cde-a1f1-bfc79f93a6a7', '2023-01-23 00:00:00', '2023-01-23 00:00:00');
INSERT INTO reviews (id, vehicle_id, booking_id, reviewer_id, owner_id, rating, cleanliness, accuracy, communication, value_rating, comment, created_at, updated_at) VALUES ('978fdd5c-0c57-4996-ba03-3f5982d9c171', 'V1A2B3C4-D5E6-7890-VHCL-111111111111', 'bcc0b63c-3285-4c6b-ad75-f325bd6b8822', 'B2C3D4E5-F6G7-8901-BCDE-234567890123', 'E5F6G7H8-I9J0-1234-EFGH-567890123456', 3, 3, 3, 3, 3, N'Trải nghiệm tuyệt vời!', '2023-02-03 00:00:00', '2023-02-03 00:00:00');
INSERT INTO bookings (id, vehicle_id, renter_id, owner_id, status, start_date, end_date, total_days, base_price, price_per_day, service_fee, taxes, total, deposit, created_at, updated_at) VALUES ('fb4e8c92-81e4-44bb-8a2e-a6e05318983a', 'V1A2B3C4-D5E6-7890-VHCL-111111111111', 'D4E5F6G7-H8I9-0123-DEFG-456789012345', 'E5F6G7H8-I9J0-1234-EFGH-567890123456', 'COMPLETED', '2023-02-15', '2023-02-18', 3, 2400000, 800000, 240000.0, 192000.0, 2832000.0, 3000000, '2023-02-13 00:00:00', '2023-02-13 00:00:00');
INSERT INTO payments (id, booking_id, user_id, amount, currency, status, method, transaction_id, created_at, processed_at) VALUES ('ad0c7b4f-520d-4bb5-b636-0058279d160a', 'fb4e8c92-81e4-44bb-8a2e-a6e05318983a', 'D4E5F6G7-H8I9-0123-DEFG-456789012345', 2832000.0, 'VND', 'SUCCEEDED', 'VNPAY', '10ea4b69-13ce-4693-a8b6-5b2beb444f80', '2023-02-13 00:00:00', '2023-02-13 00:00:00');
INSERT INTO reviews (id, vehicle_id, booking_id, reviewer_id, owner_id, rating, cleanliness, accuracy, communication, value_rating, comment, created_at, updated_at) VALUES ('f6b3fae3-0fd4-4009-90be-27b97486e010', 'V1A2B3C4-D5E6-7890-VHCL-111111111111', 'fb4e8c92-81e4-44bb-8a2e-a6e05318983a', 'D4E5F6G7-H8I9-0123-DEFG-456789012345', 'E5F6G7H8-I9J0-1234-EFGH-567890123456', 4, 4, 4, 4, 4, N'Trải nghiệm tuyệt vời!', '2023-02-18 00:00:00', '2023-02-18 00:00:00');
INSERT INTO bookings (id, vehicle_id, renter_id, owner_id, status, start_date, end_date, total_days, base_price, price_per_day, service_fee, taxes, total, deposit, created_at, updated_at) VALUES ('2be175a2-90b2-4138-a915-b70e2b2f5a36', 'V1A2B3C4-D5E6-7890-VHCL-111111111111', 'D4E5F6G7-H8I9-0123-DEFG-456789012345', 'E5F6G7H8-I9J0-1234-EFGH-567890123456', 'COMPLETED', '2023-11-27', '2023-12-05', 8, 6400000, 800000, 640000.0, 512000.0, 7552000.0, 3000000, '2023-11-19 00:00:00', '2023-11-19 00:00:00');
INSERT INTO payments (id, booking_id, user_id, amount, currency, status, method, transaction_id, created_at, processed_at) VALUES ('18b2232c-ad8d-4a81-8cfe-49103700bb71', '2be175a2-90b2-4138-a915-b70e2b2f5a36', 'D4E5F6G7-H8I9-0123-DEFG-456789012345', 7552000.0, 'VND', 'SUCCEEDED', 'VNPAY', '7b20f3c7-bba3-4235-b789-a7e16a80f87a', '2023-11-19 00:00:00', '2023-11-19 00:00:00');
INSERT INTO reviews (id, vehicle_id, booking_id, reviewer_id, owner_id, rating, cleanliness, accuracy, communication, value_rating, comment, created_at, updated_at) VALUES ('3d695758-7ca1-48e2-b416-7c8bf012688e', 'V1A2B3C4-D5E6-7890-VHCL-111111111111', '2be175a2-90b2-4138-a915-b70e2b2f5a36', 'D4E5F6G7-H8I9-0123-DEFG-456789012345', 'E5F6G7H8-I9J0-1234-EFGH-567890123456', 5, 5, 5, 5, 5, N'Trải nghiệm tuyệt vời!', '2023-12-05 00:00:00', '2023-12-05 00:00:00');
INSERT INTO bookings (id, vehicle_id, renter_id, owner_id, status, start_date, end_date, total_days, base_price, price_per_day, service_fee, taxes, total, deposit, created_at, updated_at) VALUES ('92399f69-a113-43d4-bb21-4ba7d3cdbdfe', 'V1A2B3C4-D5E6-7890-VHCL-111111111111', 'B2C3D4E5-F6G7-8901-BCDE-234567890123', 'E5F6G7H8-I9J0-1234-EFGH-567890123456', 'COMPLETED', '2023-11-01', '2023-11-03', 2, 1600000, 800000, 160000.0, 128000.0, 1888000.0, 3000000, '2023-10-21 00:00:00', '2023-10-21 00:00:00');
INSERT INTO payments (id, booking_id, user_id, amount, currency, status, method, transaction_id, created_at, processed_at) VALUES ('cc3fd046-d41a-4c34-9668-0bb91263ff7c', '92399f69-a113-43d4-bb21-4ba7d3cdbdfe', 'B2C3D4E5-F6G7-8901-BCDE-234567890123', 1888000.0, 'VND', 'SUCCEEDED', 'VNPAY', '6ab751f8-aeb2-4751-8ef8-13f9d4e7eb25', '2023-10-21 00:00:00', '2023-10-21 00:00:00');
INSERT INTO reviews (id, vehicle_id, booking_id, reviewer_id, owner_id, rating, cleanliness, accuracy, communication, value_rating, comment, created_at, updated_at) VALUES ('24c39c51-cafc-48ba-a1b0-a68f5fa3cbac', 'V1A2B3C4-D5E6-7890-VHCL-111111111111', '92399f69-a113-43d4-bb21-4ba7d3cdbdfe', 'B2C3D4E5-F6G7-8901-BCDE-234567890123', 'E5F6G7H8-I9J0-1234-EFGH-567890123456', 3, 3, 3, 3, 3, N'Trải nghiệm tuyệt vời!', '2023-11-03 00:00:00', '2023-11-03 00:00:00');
INSERT INTO bookings (id, vehicle_id, renter_id, owner_id, status, start_date, end_date, total_days, base_price, price_per_day, service_fee, taxes, total, deposit, created_at, updated_at) VALUES ('f732d0b2-be55-45f1-9a51-c51662af64a2', 'V1A2B3C4-D5E6-7890-VHCL-111111111111', 'C3D4E5F6-G7H8-9012-CDEF-345678901234', 'E5F6G7H8-I9J0-1234-EFGH-567890123456', 'COMPLETED', '2023-11-12', '2023-11-14', 2, 1600000, 800000, 160000.0, 128000.0, 1888000.0, 3000000, '2023-11-09 00:00:00', '2023-11-09 00:00:00');
INSERT INTO payments (id, booking_id, user_id, amount, currency, status, method, transaction_id, created_at, processed_at) VALUES ('ca0e352f-36f1-46ad-be96-a3b5fdd8329f', 'f732d0b2-be55-45f1-9a51-c51662af64a2', 'C3D4E5F6-G7H8-9012-CDEF-345678901234', 1888000.0, 'VND', 'SUCCEEDED', 'VNPAY', '10784ea2-7999-4295-8659-dc9823043d87', '2023-11-09 00:00:00', '2023-11-09 00:00:00');
INSERT INTO reviews (id, vehicle_id, booking_id, reviewer_id, owner_id, rating, cleanliness, accuracy, communication, value_rating, comment, created_at, updated_at) VALUES ('5ba70b16-c878-4784-a250-f5e1c80bbc70', 'V1A2B3C4-D5E6-7890-VHCL-111111111111', 'f732d0b2-be55-45f1-9a51-c51662af64a2', 'C3D4E5F6-G7H8-9012-CDEF-345678901234', 'E5F6G7H8-I9J0-1234-EFGH-567890123456', 5, 5, 5, 5, 5, N'Trải nghiệm tuyệt vời!', '2023-11-14 00:00:00', '2023-11-14 00:00:00');
INSERT INTO bookings (id, vehicle_id, renter_id, owner_id, status, start_date, end_date, total_days, base_price, price_per_day, service_fee, taxes, total, deposit, created_at, updated_at) VALUES ('c18042d5-741e-44be-9639-1eda955191f2', 'V1A2B3C4-D5E6-7890-VHCL-111111111111', 'D4E5F6G7-H8I9-0123-DEFG-456789012345', 'E5F6G7H8-I9J0-1234-EFGH-567890123456', 'COMPLETED', '2023-02-23', '2023-03-05', 10, 8000000, 800000, 800000.0, 640000.0, 9440000.0, 3000000, '2023-02-14 00:00:00', '2023-02-14 00:00:00');
INSERT INTO payments (id, booking_id, user_id, amount, currency, status, method, transaction_id, created_at, processed_at) VALUES ('0cb5c680-6680-4bf6-b8d3-e7afac2f954c', 'c18042d5-741e-44be-9639-1eda955191f2', 'D4E5F6G7-H8I9-0123-DEFG-456789012345', 9440000.0, 'VND', 'SUCCEEDED', 'VNPAY', 'e91ddb6b-e6fc-4240-876f-694974592774', '2023-02-14 00:00:00', '2023-02-14 00:00:00');
INSERT INTO reviews (id, vehicle_id, booking_id, reviewer_id, owner_id, rating, cleanliness, accuracy, communication, value_rating, comment, created_at, updated_at) VALUES ('a91b4563-1304-4435-ac1b-ff3f6dea70bc', 'V1A2B3C4-D5E6-7890-VHCL-111111111111', 'c18042d5-741e-44be-9639-1eda955191f2', 'D4E5F6G7-H8I9-0123-DEFG-456789012345', 'E5F6G7H8-I9J0-1234-EFGH-567890123456', 5, 5, 5, 5, 5, N'Trải nghiệm tuyệt vời!', '2023-03-05 00:00:00', '2023-03-05 00:00:00');
INSERT INTO bookings (id, vehicle_id, renter_id, owner_id, status, start_date, end_date, total_days, base_price, price_per_day, service_fee, taxes, total, deposit, created_at, updated_at) VALUES ('6c52b443-a89f-4ede-9f36-d2ca4846fd3a', 'V1A2B3C4-D5E6-7890-VHCL-111111111111', 'B2C3D4E5-F6G7-8901-BCDE-234567890123', 'E5F6G7H8-I9J0-1234-EFGH-567890123456', 'CANCELLED', '2024-01-29', '2024-02-06', 8, 6400000, 800000, 640000.0, 512000.0, 7552000.0, 3000000, '2024-01-21 00:00:00', '2024-01-21 00:00:00');
INSERT INTO payments (id, booking_id, user_id, amount, currency, status, method, transaction_id, created_at, processed_at) VALUES ('236795c0-2f5d-4941-8079-0210549d29b3', '6c52b443-a89f-4ede-9f36-d2ca4846fd3a', 'B2C3D4E5-F6G7-8901-BCDE-234567890123', 7552000.0, 'VND', 'REFUNDED', 'VNPAY', 'dc77baf0-decd-4d3f-95b7-2253ee92fb6d', '2024-01-21 00:00:00', '2024-01-21 00:00:00');
INSERT INTO bookings (id, vehicle_id, renter_id, owner_id, status, start_date, end_date, total_days, base_price, price_per_day, service_fee, taxes, total, deposit, created_at, updated_at) VALUES ('b3b6428a-48fd-49cf-8b8e-9cd0bcfde570', 'V1A2B3C4-D5E6-7890-VHCL-111111111111', 'C3D4E5F6-G7H8-9012-CDEF-345678901234', 'E5F6G7H8-I9J0-1234-EFGH-567890123456', 'COMPLETED', '2024-05-20', '2024-05-28', 8, 6400000, 800000, 640000.0, 512000.0, 7552000.0, 3000000, '2024-05-07 00:00:00', '2024-05-07 00:00:00');
INSERT INTO payments (id, booking_id, user_id, amount, currency, status, method, transaction_id, created_at, processed_at) VALUES ('c6a76791-1fb7-4020-87c0-4568cf2b2c76', 'b3b6428a-48fd-49cf-8b8e-9cd0bcfde570', 'C3D4E5F6-G7H8-9012-CDEF-345678901234', 7552000.0, 'VND', 'SUCCEEDED', 'VNPAY', '970c2d35-c9fd-423a-afa7-4115f9427d09', '2024-05-07 00:00:00', '2024-05-07 00:00:00');
INSERT INTO reviews (id, vehicle_id, booking_id, reviewer_id, owner_id, rating, cleanliness, accuracy, communication, value_rating, comment, created_at, updated_at) VALUES ('69ebdc3b-c869-4828-8234-9ba09293a4a9', 'V1A2B3C4-D5E6-7890-VHCL-111111111111', 'b3b6428a-48fd-49cf-8b8e-9cd0bcfde570', 'C3D4E5F6-G7H8-9012-CDEF-345678901234', 'E5F6G7H8-I9J0-1234-EFGH-567890123456', 4, 4, 4, 4, 4, N'Trải nghiệm tuyệt vời!', '2024-05-28 00:00:00', '2024-05-28 00:00:00');
INSERT INTO bookings (id, vehicle_id, renter_id, owner_id, status, start_date, end_date, total_days, base_price, price_per_day, service_fee, taxes, total, deposit, created_at, updated_at) VALUES ('117d3f1e-ff6d-407e-997d-906e32b4b21c', 'V1A2B3C4-D5E6-7890-VHCL-111111111111', 'D4E5F6G7-H8I9-0123-DEFG-456789012345', 'E5F6G7H8-I9J0-1234-EFGH-567890123456', 'COMPLETED', '2024-05-25', '2024-05-28', 3, 2400000, 800000, 240000.0, 192000.0, 2832000.0, 3000000, '2024-05-18 00:00:00', '2024-05-18 00:00:00');
INSERT INTO payments (id, booking_id, user_id, amount, currency, status, method, transaction_id, created_at, processed_at) VALUES ('0a9eef14-9444-4c3b-9e36-b689926c5bab', '117d3f1e-ff6d-407e-997d-906e32b4b21c', 'D4E5F6G7-H8I9-0123-DEFG-456789012345', 2832000.0, 'VND', 'SUCCEEDED', 'VNPAY', '04fac89b-bb57-4d85-9d9f-eb180b5f07b5', '2024-05-18 00:00:00', '2024-05-18 00:00:00');
INSERT INTO reviews (id, vehicle_id, booking_id, reviewer_id, owner_id, rating, cleanliness, accuracy, communication, value_rating, comment, created_at, updated_at) VALUES ('ada221da-96d8-43c6-bd06-844b27c5721f', 'V1A2B3C4-D5E6-7890-VHCL-111111111111', '117d3f1e-ff6d-407e-997d-906e32b4b21c', 'D4E5F6G7-H8I9-0123-DEFG-456789012345', 'E5F6G7H8-I9J0-1234-EFGH-567890123456', 4, 4, 4, 4, 4, N'Trải nghiệm tuyệt vời!', '2024-05-28 00:00:00', '2024-05-28 00:00:00');
INSERT INTO bookings (id, vehicle_id, renter_id, owner_id, status, start_date, end_date, total_days, base_price, price_per_day, service_fee, taxes, total, deposit, created_at, updated_at) VALUES ('3d4a73b9-281f-461f-b7ac-451b03380d1b', 'V1A2B3C4-D5E6-7890-VHCL-111111111111', 'D4E5F6G7-H8I9-0123-DEFG-456789012345', 'E5F6G7H8-I9J0-1234-EFGH-567890123456', 'CANCELLED', '2023-05-01', '2023-05-08', 7, 5600000, 800000, 560000.0, 448000.0, 6608000.0, 3000000, '2023-04-19 00:00:00', '2023-04-19 00:00:00');
INSERT INTO payments (id, booking_id, user_id, amount, currency, status, method, transaction_id, created_at, processed_at) VALUES ('e909703c-e37a-4ad5-b81c-f0b8e053cae4', '3d4a73b9-281f-461f-b7ac-451b03380d1b', 'D4E5F6G7-H8I9-0123-DEFG-456789012345', 6608000.0, 'VND', 'REFUNDED', 'VNPAY', 'ef052ef5-3e1a-4a1b-8c17-8afdb6587052', '2023-04-19 00:00:00', '2023-04-19 00:00:00');
INSERT INTO bookings (id, vehicle_id, renter_id, owner_id, status, start_date, end_date, total_days, base_price, price_per_day, service_fee, taxes, total, deposit, created_at, updated_at) VALUES ('a5ac4bcb-0146-42b1-bcde-bc13b28abcac', 'V1A2B3C4-D5E6-7890-VHCL-111111111111', 'B2C3D4E5-F6G7-8901-BCDE-234567890123', 'E5F6G7H8-I9J0-1234-EFGH-567890123456', 'COMPLETED', '2023-04-15', '2023-04-24', 9, 7200000, 800000, 720000.0, 576000.0, 8496000.0, 3000000, '2023-04-03 00:00:00', '2023-04-03 00:00:00');
INSERT INTO payments (id, booking_id, user_id, amount, currency, status, method, transaction_id, created_at, processed_at) VALUES ('306ff102-d445-42b1-ae3d-c73b87560a93', 'a5ac4bcb-0146-42b1-bcde-bc13b28abcac', 'B2C3D4E5-F6G7-8901-BCDE-234567890123', 8496000.0, 'VND', 'SUCCEEDED', 'VNPAY', '7c990b33-2ad8-486b-bcc5-9afe4c7e9dbf', '2023-04-03 00:00:00', '2023-04-03 00:00:00');
INSERT INTO reviews (id, vehicle_id, booking_id, reviewer_id, owner_id, rating, cleanliness, accuracy, communication, value_rating, comment, created_at, updated_at) VALUES ('be8d3962-4902-4952-8231-b777d8b6b75a', 'V1A2B3C4-D5E6-7890-VHCL-111111111111', 'a5ac4bcb-0146-42b1-bcde-bc13b28abcac', 'B2C3D4E5-F6G7-8901-BCDE-234567890123', 'E5F6G7H8-I9J0-1234-EFGH-567890123456', 4, 4, 4, 4, 4, N'Trải nghiệm tuyệt vời!', '2023-04-24 00:00:00', '2023-04-24 00:00:00');
INSERT INTO bookings (id, vehicle_id, renter_id, owner_id, status, start_date, end_date, total_days, base_price, price_per_day, service_fee, taxes, total, deposit, created_at, updated_at) VALUES ('5752370d-e1d3-4458-a4a5-7f02b6effd11', 'V1A2B3C4-D5E6-7890-VHCL-111111111111', 'D4E5F6G7-H8I9-0123-DEFG-456789012345', 'E5F6G7H8-I9J0-1234-EFGH-567890123456', 'COMPLETED', '2024-04-12', '2024-04-21', 9, 7200000, 800000, 720000.0, 576000.0, 8496000.0, 3000000, '2024-04-05 00:00:00', '2024-04-05 00:00:00');
INSERT INTO payments (id, booking_id, user_id, amount, currency, status, method, transaction_id, created_at, processed_at) VALUES ('908ad9de-5faa-4e74-a1f8-f6dae2e23b56', '5752370d-e1d3-4458-a4a5-7f02b6effd11', 'D4E5F6G7-H8I9-0123-DEFG-456789012345', 8496000.0, 'VND', 'SUCCEEDED', 'VNPAY', '9c3092d0-ce4e-4095-a4ab-93698961222e', '2024-04-05 00:00:00', '2024-04-05 00:00:00');
INSERT INTO reviews (id, vehicle_id, booking_id, reviewer_id, owner_id, rating, cleanliness, accuracy, communication, value_rating, comment, created_at, updated_at) VALUES ('f7fc234a-11fb-44be-aceb-0163c35f875e', 'V1A2B3C4-D5E6-7890-VHCL-111111111111', '5752370d-e1d3-4458-a4a5-7f02b6effd11', 'D4E5F6G7-H8I9-0123-DEFG-456789012345', 'E5F6G7H8-I9J0-1234-EFGH-567890123456', 4, 4, 4, 4, 4, N'Trải nghiệm tuyệt vời!', '2024-04-21 00:00:00', '2024-04-21 00:00:00');
INSERT INTO bookings (id, vehicle_id, renter_id, owner_id, status, start_date, end_date, total_days, base_price, price_per_day, service_fee, taxes, total, deposit, created_at, updated_at) VALUES ('c18f0829-b0fd-4dd4-a108-86b718b18be3', 'V1A2B3C4-D5E6-7890-VHCL-111111111111', 'B2C3D4E5-F6G7-8901-BCDE-234567890123', 'E5F6G7H8-I9J0-1234-EFGH-567890123456', 'CANCELLED', '2024-04-20', '2024-04-25', 5, 4000000, 800000, 400000.0, 320000.0, 4720000.0, 3000000, '2024-04-19 00:00:00', '2024-04-19 00:00:00');
INSERT INTO payments (id, booking_id, user_id, amount, currency, status, method, transaction_id, created_at, processed_at) VALUES ('9b514c1f-864e-4569-a329-a8abf74917c7', 'c18f0829-b0fd-4dd4-a108-86b718b18be3', 'B2C3D4E5-F6G7-8901-BCDE-234567890123', 4720000.0, 'VND', 'REFUNDED', 'VNPAY', '0a7b65c3-f641-41e2-b0f1-57da8aef37c6', '2024-04-19 00:00:00', '2024-04-19 00:00:00');
INSERT INTO bookings (id, vehicle_id, renter_id, owner_id, status, start_date, end_date, total_days, base_price, price_per_day, service_fee, taxes, total, deposit, created_at, updated_at) VALUES ('b140cc15-caab-46e2-a799-0941a190e441', 'V1A2B3C4-D5E6-7890-VHCL-111111111111', 'C3D4E5F6-G7H8-9012-CDEF-345678901234', 'E5F6G7H8-I9J0-1234-EFGH-567890123456', 'COMPLETED', '2023-08-13', '2023-08-22', 9, 7200000, 800000, 720000.0, 576000.0, 8496000.0, 3000000, '2023-08-06 00:00:00', '2023-08-06 00:00:00');
INSERT INTO payments (id, booking_id, user_id, amount, currency, status, method, transaction_id, created_at, processed_at) VALUES ('22086dba-59fd-48a4-b0be-59af0ad8ad01', 'b140cc15-caab-46e2-a799-0941a190e441', 'C3D4E5F6-G7H8-9012-CDEF-345678901234', 8496000.0, 'VND', 'SUCCEEDED', 'VNPAY', '83c43946-62c8-41dd-96ae-84f5c5a13de3', '2023-08-06 00:00:00', '2023-08-06 00:00:00');
INSERT INTO reviews (id, vehicle_id, booking_id, reviewer_id, owner_id, rating, cleanliness, accuracy, communication, value_rating, comment, created_at, updated_at) VALUES ('114b097e-0176-4d1b-ab64-36f44e278ac7', 'V1A2B3C4-D5E6-7890-VHCL-111111111111', 'b140cc15-caab-46e2-a799-0941a190e441', 'C3D4E5F6-G7H8-9012-CDEF-345678901234', 'E5F6G7H8-I9J0-1234-EFGH-567890123456', 5, 5, 5, 5, 5, N'Trải nghiệm tuyệt vời!', '2023-08-22 00:00:00', '2023-08-22 00:00:00');
INSERT INTO bookings (id, vehicle_id, renter_id, owner_id, status, start_date, end_date, total_days, base_price, price_per_day, service_fee, taxes, total, deposit, created_at, updated_at) VALUES ('0fb96904-4967-4a94-ab96-0ff7f062529f', 'V1A2B3C4-D5E6-7890-VHCL-111111111111', 'C3D4E5F6-G7H8-9012-CDEF-345678901234', 'E5F6G7H8-I9J0-1234-EFGH-567890123456', 'COMPLETED', '2023-10-18', '2023-10-20', 2, 1600000, 800000, 160000.0, 128000.0, 1888000.0, 3000000, '2023-10-12 00:00:00', '2023-10-12 00:00:00');
INSERT INTO payments (id, booking_id, user_id, amount, currency, status, method, transaction_id, created_at, processed_at) VALUES ('a5cf5178-7ee0-4017-b269-0b1f14d4312c', '0fb96904-4967-4a94-ab96-0ff7f062529f', 'C3D4E5F6-G7H8-9012-CDEF-345678901234', 1888000.0, 'VND', 'SUCCEEDED', 'VNPAY', 'f7c32dbb-e12c-48c0-8281-18487fafc216', '2023-10-12 00:00:00', '2023-10-12 00:00:00');
INSERT INTO reviews (id, vehicle_id, booking_id, reviewer_id, owner_id, rating, cleanliness, accuracy, communication, value_rating, comment, created_at, updated_at) VALUES ('0ac6662d-3de5-478e-a992-d2fd78961d06', 'V1A2B3C4-D5E6-7890-VHCL-111111111111', '0fb96904-4967-4a94-ab96-0ff7f062529f', 'C3D4E5F6-G7H8-9012-CDEF-345678901234', 'E5F6G7H8-I9J0-1234-EFGH-567890123456', 3, 3, 3, 3, 3, N'Trải nghiệm tuyệt vời!', '2023-10-20 00:00:00', '2023-10-20 00:00:00');
INSERT INTO bookings (id, vehicle_id, renter_id, owner_id, status, start_date, end_date, total_days, base_price, price_per_day, service_fee, taxes, total, deposit, created_at, updated_at) VALUES ('e7cb1c09-f8b0-46f0-86c9-2b7ea6a284a8', 'V1A2B3C4-D5E6-7890-VHCL-111111111111', 'D4E5F6G7-H8I9-0123-DEFG-456789012345', 'E5F6G7H8-I9J0-1234-EFGH-567890123456', 'COMPLETED', '2023-10-25', '2023-11-02', 8, 6400000, 800000, 640000.0, 512000.0, 7552000.0, 3000000, '2023-10-12 00:00:00', '2023-10-12 00:00:00');
INSERT INTO payments (id, booking_id, user_id, amount, currency, status, method, transaction_id, created_at, processed_at) VALUES ('f0fc0284-aff1-4bef-bbea-7492e5346c74', 'e7cb1c09-f8b0-46f0-86c9-2b7ea6a284a8', 'D4E5F6G7-H8I9-0123-DEFG-456789012345', 7552000.0, 'VND', 'SUCCEEDED', 'VNPAY', 'b67bfe69-dec9-4474-a332-e3d6855a5088', '2023-10-12 00:00:00', '2023-10-12 00:00:00');
INSERT INTO reviews (id, vehicle_id, booking_id, reviewer_id, owner_id, rating, cleanliness, accuracy, communication, value_rating, comment, created_at, updated_at) VALUES ('62dafc4b-e9e6-40ee-842e-b79267660255', 'V1A2B3C4-D5E6-7890-VHCL-111111111111', 'e7cb1c09-f8b0-46f0-86c9-2b7ea6a284a8', 'D4E5F6G7-H8I9-0123-DEFG-456789012345', 'E5F6G7H8-I9J0-1234-EFGH-567890123456', 4, 4, 4, 4, 4, N'Trải nghiệm tuyệt vời!', '2023-11-02 00:00:00', '2023-11-02 00:00:00');
INSERT INTO bookings (id, vehicle_id, renter_id, owner_id, status, start_date, end_date, total_days, base_price, price_per_day, service_fee, taxes, total, deposit, created_at, updated_at) VALUES ('62b4c320-dbb8-426c-a54b-ee27a1ac569a', 'V1A2B3C4-D5E6-7890-VHCL-111111111111', 'C3D4E5F6-G7H8-9012-CDEF-345678901234', 'E5F6G7H8-I9J0-1234-EFGH-567890123456', 'COMPLETED', '2023-04-06', '2023-04-09', 3, 2400000, 800000, 240000.0, 192000.0, 2832000.0, 3000000, '2023-03-31 00:00:00', '2023-03-31 00:00:00');
INSERT INTO payments (id, booking_id, user_id, amount, currency, status, method, transaction_id, created_at, processed_at) VALUES ('a3d147ab-bdc3-4e09-bfd9-b308938d4f4b', '62b4c320-dbb8-426c-a54b-ee27a1ac569a', 'C3D4E5F6-G7H8-9012-CDEF-345678901234', 2832000.0, 'VND', 'SUCCEEDED', 'VNPAY', '6e7dc3ff-f589-4e46-b02d-e171d708bb13', '2023-03-31 00:00:00', '2023-03-31 00:00:00');
INSERT INTO reviews (id, vehicle_id, booking_id, reviewer_id, owner_id, rating, cleanliness, accuracy, communication, value_rating, comment, created_at, updated_at) VALUES ('99b44afd-2ae6-442a-8f0d-d8ea87aebc09', 'V1A2B3C4-D5E6-7890-VHCL-111111111111', '62b4c320-dbb8-426c-a54b-ee27a1ac569a', 'C3D4E5F6-G7H8-9012-CDEF-345678901234', 'E5F6G7H8-I9J0-1234-EFGH-567890123456', 4, 4, 4, 4, 4, N'Trải nghiệm tuyệt vời!', '2023-04-09 00:00:00', '2023-04-09 00:00:00');
INSERT INTO bookings (id, vehicle_id, renter_id, owner_id, status, start_date, end_date, total_days, base_price, price_per_day, service_fee, taxes, total, deposit, created_at, updated_at) VALUES ('1902f5d7-d918-4751-8d1d-fc748b53c92d', 'V1A2B3C4-D5E6-7890-VHCL-111111111111', 'C3D4E5F6-G7H8-9012-CDEF-345678901234', 'E5F6G7H8-I9J0-1234-EFGH-567890123456', 'COMPLETED', '2023-07-18', '2023-07-25', 7, 5600000, 800000, 560000.0, 448000.0, 6608000.0, 3000000, '2023-07-11 00:00:00', '2023-07-11 00:00:00');
INSERT INTO payments (id, booking_id, user_id, amount, currency, status, method, transaction_id, created_at, processed_at) VALUES ('748af119-2d00-4df3-82d6-da70eee0bccb', '1902f5d7-d918-4751-8d1d-fc748b53c92d', 'C3D4E5F6-G7H8-9012-CDEF-345678901234', 6608000.0, 'VND', 'SUCCEEDED', 'VNPAY', '0383487b-81c1-46d9-b2dd-1e1238235f90', '2023-07-11 00:00:00', '2023-07-11 00:00:00');
INSERT INTO reviews (id, vehicle_id, booking_id, reviewer_id, owner_id, rating, cleanliness, accuracy, communication, value_rating, comment, created_at, updated_at) VALUES ('fb1710b0-d0b0-4f16-9a2b-be32d9d96436', 'V1A2B3C4-D5E6-7890-VHCL-111111111111', '1902f5d7-d918-4751-8d1d-fc748b53c92d', 'C3D4E5F6-G7H8-9012-CDEF-345678901234', 'E5F6G7H8-I9J0-1234-EFGH-567890123456', 5, 5, 5, 5, 5, N'Trải nghiệm tuyệt vời!', '2023-07-25 00:00:00', '2023-07-25 00:00:00');
INSERT INTO bookings (id, vehicle_id, renter_id, owner_id, status, start_date, end_date, total_days, base_price, price_per_day, service_fee, taxes, total, deposit, created_at, updated_at) VALUES ('ced6d1fb-8c7a-4ba3-9785-152d804555d6', 'V1A2B3C4-D5E6-7890-VHCL-111111111111', 'D4E5F6G7-H8I9-0123-DEFG-456789012345', 'E5F6G7H8-I9J0-1234-EFGH-567890123456', 'COMPLETED', '2024-04-16', '2024-04-19', 3, 2400000, 800000, 240000.0, 192000.0, 2832000.0, 3000000, '2024-04-15 00:00:00', '2024-04-15 00:00:00');
INSERT INTO payments (id, booking_id, user_id, amount, currency, status, method, transaction_id, created_at, processed_at) VALUES ('5910a484-5278-4c41-8d7c-a27747b918e3', 'ced6d1fb-8c7a-4ba3-9785-152d804555d6', 'D4E5F6G7-H8I9-0123-DEFG-456789012345', 2832000.0, 'VND', 'SUCCEEDED', 'VNPAY', 'a3bfe85c-dc12-498f-aefa-917c54caa96f', '2024-04-15 00:00:00', '2024-04-15 00:00:00');
INSERT INTO reviews (id, vehicle_id, booking_id, reviewer_id, owner_id, rating, cleanliness, accuracy, communication, value_rating, comment, created_at, updated_at) VALUES ('04fab7c1-5327-4fac-965d-8b3d8832d7cb', 'V1A2B3C4-D5E6-7890-VHCL-111111111111', 'ced6d1fb-8c7a-4ba3-9785-152d804555d6', 'D4E5F6G7-H8I9-0123-DEFG-456789012345', 'E5F6G7H8-I9J0-1234-EFGH-567890123456', 5, 5, 5, 5, 5, N'Trải nghiệm tuyệt vời!', '2024-04-19 00:00:00', '2024-04-19 00:00:00');
INSERT INTO bookings (id, vehicle_id, renter_id, owner_id, status, start_date, end_date, total_days, base_price, price_per_day, service_fee, taxes, total, deposit, created_at, updated_at) VALUES ('289f1619-dd20-4873-acbc-1143cd72d301', 'V1A2B3C4-D5E6-7890-VHCL-111111111111', 'D4E5F6G7-H8I9-0123-DEFG-456789012345', 'E5F6G7H8-I9J0-1234-EFGH-567890123456', 'COMPLETED', '2023-11-24', '2023-12-04', 10, 8000000, 800000, 800000.0, 640000.0, 9440000.0, 3000000, '2023-11-19 00:00:00', '2023-11-19 00:00:00');
INSERT INTO payments (id, booking_id, user_id, amount, currency, status, method, transaction_id, created_at, processed_at) VALUES ('7b87284a-b6d6-4a5d-8339-61dfc0cf2eda', '289f1619-dd20-4873-acbc-1143cd72d301', 'D4E5F6G7-H8I9-0123-DEFG-456789012345', 9440000.0, 'VND', 'SUCCEEDED', 'VNPAY', 'f3947dfe-9c17-478a-b83e-96e83b7fe986', '2023-11-19 00:00:00', '2023-11-19 00:00:00');
INSERT INTO reviews (id, vehicle_id, booking_id, reviewer_id, owner_id, rating, cleanliness, accuracy, communication, value_rating, comment, created_at, updated_at) VALUES ('cb49df9c-251a-41b5-9fe7-36938a43d503', 'V1A2B3C4-D5E6-7890-VHCL-111111111111', '289f1619-dd20-4873-acbc-1143cd72d301', 'D4E5F6G7-H8I9-0123-DEFG-456789012345', 'E5F6G7H8-I9J0-1234-EFGH-567890123456', 5, 5, 5, 5, 5, N'Trải nghiệm tuyệt vời!', '2023-12-04 00:00:00', '2023-12-04 00:00:00');
INSERT INTO bookings (id, vehicle_id, renter_id, owner_id, status, start_date, end_date, total_days, base_price, price_per_day, service_fee, taxes, total, deposit, created_at, updated_at) VALUES ('47bdf38f-433d-4403-95d8-dc61eb76527a', 'V1A2B3C4-D5E6-7890-VHCL-111111111111', 'C3D4E5F6-G7H8-9012-CDEF-345678901234', 'E5F6G7H8-I9J0-1234-EFGH-567890123456', 'CANCELLED', '2024-02-16', '2024-02-17', 1, 800000, 800000, 80000.0, 64000.0, 944000.0, 3000000, '2024-02-08 00:00:00', '2024-02-08 00:00:00');
INSERT INTO payments (id, booking_id, user_id, amount, currency, status, method, transaction_id, created_at, processed_at) VALUES ('b9253f0a-16e4-48bf-9b93-5cb0f1b15b90', '47bdf38f-433d-4403-95d8-dc61eb76527a', 'C3D4E5F6-G7H8-9012-CDEF-345678901234', 944000.0, 'VND', 'REFUNDED', 'VNPAY', 'fe8e9a3e-0f42-4fce-90c1-fde76f834614', '2024-02-08 00:00:00', '2024-02-08 00:00:00');
INSERT INTO bookings (id, vehicle_id, renter_id, owner_id, status, start_date, end_date, total_days, base_price, price_per_day, service_fee, taxes, total, deposit, created_at, updated_at) VALUES ('8616f05d-0fad-43b2-963c-8a4d4aebb30c', 'V1A2B3C4-D5E6-7890-VHCL-111111111111', 'D4E5F6G7-H8I9-0123-DEFG-456789012345', 'E5F6G7H8-I9J0-1234-EFGH-567890123456', 'CANCELLED', '2023-06-22', '2023-06-30', 8, 6400000, 800000, 640000.0, 512000.0, 7552000.0, 3000000, '2023-06-12 00:00:00', '2023-06-12 00:00:00');
INSERT INTO payments (id, booking_id, user_id, amount, currency, status, method, transaction_id, created_at, processed_at) VALUES ('80f75b36-e6c8-4734-af4e-412294f04ab9', '8616f05d-0fad-43b2-963c-8a4d4aebb30c', 'D4E5F6G7-H8I9-0123-DEFG-456789012345', 7552000.0, 'VND', 'REFUNDED', 'VNPAY', 'c3b474a0-b44d-4522-8e92-9dff64ae09c0', '2023-06-12 00:00:00', '2023-06-12 00:00:00');
INSERT INTO bookings (id, vehicle_id, renter_id, owner_id, status, start_date, end_date, total_days, base_price, price_per_day, service_fee, taxes, total, deposit, created_at, updated_at) VALUES ('cf3f7a02-b943-42cd-bfe8-22eec02953ec', 'V1A2B3C4-D5E6-7890-VHCL-111111111111', 'C3D4E5F6-G7H8-9012-CDEF-345678901234', 'E5F6G7H8-I9J0-1234-EFGH-567890123456', 'COMPLETED', '2023-05-04', '2023-05-05', 1, 800000, 800000, 80000.0, 64000.0, 944000.0, 3000000, '2023-04-27 00:00:00', '2023-04-27 00:00:00');
INSERT INTO payments (id, booking_id, user_id, amount, currency, status, method, transaction_id, created_at, processed_at) VALUES ('d2457c59-147b-4a02-900c-75a9d2044cb9', 'cf3f7a02-b943-42cd-bfe8-22eec02953ec', 'C3D4E5F6-G7H8-9012-CDEF-345678901234', 944000.0, 'VND', 'SUCCEEDED', 'VNPAY', 'ae1ef784-23dc-488f-afb7-e436e9f0fd35', '2023-04-27 00:00:00', '2023-04-27 00:00:00');
INSERT INTO reviews (id, vehicle_id, booking_id, reviewer_id, owner_id, rating, cleanliness, accuracy, communication, value_rating, comment, created_at, updated_at) VALUES ('6c246fe4-52d1-419b-a943-defa06ea9f7c', 'V1A2B3C4-D5E6-7890-VHCL-111111111111', 'cf3f7a02-b943-42cd-bfe8-22eec02953ec', 'C3D4E5F6-G7H8-9012-CDEF-345678901234', 'E5F6G7H8-I9J0-1234-EFGH-567890123456', 5, 5, 5, 5, 5, N'Trải nghiệm tuyệt vời!', '2023-05-05 00:00:00', '2023-05-05 00:00:00');
INSERT INTO bookings (id, vehicle_id, renter_id, owner_id, status, start_date, end_date, total_days, base_price, price_per_day, service_fee, taxes, total, deposit, created_at, updated_at) VALUES ('74a984ec-be05-49a1-a40e-5665832309a9', 'V1A2B3C4-D5E6-7890-VHCL-111111111111', 'B2C3D4E5-F6G7-8901-BCDE-234567890123', 'E5F6G7H8-I9J0-1234-EFGH-567890123456', 'COMPLETED', '2023-04-19', '2023-04-29', 10, 8000000, 800000, 800000.0, 640000.0, 9440000.0, 3000000, '2023-04-07 00:00:00', '2023-04-07 00:00:00');
INSERT INTO payments (id, booking_id, user_id, amount, currency, status, method, transaction_id, created_at, processed_at) VALUES ('ce07f645-4dbc-4948-b5d5-db5116421e0b', '74a984ec-be05-49a1-a40e-5665832309a9', 'B2C3D4E5-F6G7-8901-BCDE-234567890123', 9440000.0, 'VND', 'SUCCEEDED', 'VNPAY', '67a6db64-6906-4959-a56e-cebb7ea0403b', '2023-04-07 00:00:00', '2023-04-07 00:00:00');
INSERT INTO reviews (id, vehicle_id, booking_id, reviewer_id, owner_id, rating, cleanliness, accuracy, communication, value_rating, comment, created_at, updated_at) VALUES ('c39b6f30-7882-4d9c-98ce-b797203fc445', 'V1A2B3C4-D5E6-7890-VHCL-111111111111', '74a984ec-be05-49a1-a40e-5665832309a9', 'B2C3D4E5-F6G7-8901-BCDE-234567890123', 'E5F6G7H8-I9J0-1234-EFGH-567890123456', 4, 4, 4, 4, 4, N'Trải nghiệm tuyệt vời!', '2023-04-29 00:00:00', '2023-04-29 00:00:00');
INSERT INTO bookings (id, vehicle_id, renter_id, owner_id, status, start_date, end_date, total_days, base_price, price_per_day, service_fee, taxes, total, deposit, created_at, updated_at) VALUES ('f7bcd249-6f57-4db8-bb56-241979fefc87', 'V1A2B3C4-D5E6-7890-VHCL-111111111111', 'D4E5F6G7-H8I9-0123-DEFG-456789012345', 'E5F6G7H8-I9J0-1234-EFGH-567890123456', 'COMPLETED', '2023-05-19', '2023-05-24', 5, 4000000, 800000, 400000.0, 320000.0, 4720000.0, 3000000, '2023-05-05 00:00:00', '2023-05-05 00:00:00');
INSERT INTO payments (id, booking_id, user_id, amount, currency, status, method, transaction_id, created_at, processed_at) VALUES ('59f070c9-84cc-46be-ac3a-ee931024fc83', 'f7bcd249-6f57-4db8-bb56-241979fefc87', 'D4E5F6G7-H8I9-0123-DEFG-456789012345', 4720000.0, 'VND', 'SUCCEEDED', 'VNPAY', '71ccb4ae-8505-4383-8705-20473d36b440', '2023-05-05 00:00:00', '2023-05-05 00:00:00');
INSERT INTO reviews (id, vehicle_id, booking_id, reviewer_id, owner_id, rating, cleanliness, accuracy, communication, value_rating, comment, created_at, updated_at) VALUES ('334049ed-74bb-42c5-ba45-1cc65a6af0b3', 'V1A2B3C4-D5E6-7890-VHCL-111111111111', 'f7bcd249-6f57-4db8-bb56-241979fefc87', 'D4E5F6G7-H8I9-0123-DEFG-456789012345', 'E5F6G7H8-I9J0-1234-EFGH-567890123456', 4, 4, 4, 4, 4, N'Trải nghiệm tuyệt vời!', '2023-05-24 00:00:00', '2023-05-24 00:00:00');
INSERT INTO bookings (id, vehicle_id, renter_id, owner_id, status, start_date, end_date, total_days, base_price, price_per_day, service_fee, taxes, total, deposit, created_at, updated_at) VALUES ('a2979cc1-dabf-4bda-b54d-12ac10fbdb03', 'V1A2B3C4-D5E6-7890-VHCL-111111111111', 'D4E5F6G7-H8I9-0123-DEFG-456789012345', 'E5F6G7H8-I9J0-1234-EFGH-567890123456', 'COMPLETED', '2024-05-21', '2024-05-31', 10, 8000000, 800000, 800000.0, 640000.0, 9440000.0, 3000000, '2024-05-17 00:00:00', '2024-05-17 00:00:00');
INSERT INTO payments (id, booking_id, user_id, amount, currency, status, method, transaction_id, created_at, processed_at) VALUES ('c74445f8-f6bb-417e-8f79-a60fdf6cb764', 'a2979cc1-dabf-4bda-b54d-12ac10fbdb03', 'D4E5F6G7-H8I9-0123-DEFG-456789012345', 9440000.0, 'VND', 'SUCCEEDED', 'VNPAY', '1bdb439f-543e-48df-b2bc-ca7cd489648c', '2024-05-17 00:00:00', '2024-05-17 00:00:00');
INSERT INTO reviews (id, vehicle_id, booking_id, reviewer_id, owner_id, rating, cleanliness, accuracy, communication, value_rating, comment, created_at, updated_at) VALUES ('700ca006-2870-4a47-a08c-6ad514809090', 'V1A2B3C4-D5E6-7890-VHCL-111111111111', 'a2979cc1-dabf-4bda-b54d-12ac10fbdb03', 'D4E5F6G7-H8I9-0123-DEFG-456789012345', 'E5F6G7H8-I9J0-1234-EFGH-567890123456', 4, 4, 4, 4, 4, N'Trải nghiệm tuyệt vời!', '2024-05-31 00:00:00', '2024-05-31 00:00:00');
INSERT INTO bookings (id, vehicle_id, renter_id, owner_id, status, start_date, end_date, total_days, base_price, price_per_day, service_fee, taxes, total, deposit, created_at, updated_at) VALUES ('d4530311-490b-4da4-affe-15fe2ba6bb5e', 'V1A2B3C4-D5E6-7890-VHCL-111111111111', 'D4E5F6G7-H8I9-0123-DEFG-456789012345', 'E5F6G7H8-I9J0-1234-EFGH-567890123456', 'COMPLETED', '2023-02-03', '2023-02-04', 1, 800000, 800000, 80000.0, 64000.0, 944000.0, 3000000, '2023-01-30 00:00:00', '2023-01-30 00:00:00');
INSERT INTO payments (id, booking_id, user_id, amount, currency, status, method, transaction_id, created_at, processed_at) VALUES ('7db1096a-c7a5-4ce7-a1c5-3e5c1b4c1eae', 'd4530311-490b-4da4-affe-15fe2ba6bb5e', 'D4E5F6G7-H8I9-0123-DEFG-456789012345', 944000.0, 'VND', 'SUCCEEDED', 'VNPAY', '89df55fa-3e14-4521-bfb8-63f691cf60d1', '2023-01-30 00:00:00', '2023-01-30 00:00:00');
INSERT INTO reviews (id, vehicle_id, booking_id, reviewer_id, owner_id, rating, cleanliness, accuracy, communication, value_rating, comment, created_at, updated_at) VALUES ('d35e2ff3-2e02-420a-9477-91f77f1ee202', 'V1A2B3C4-D5E6-7890-VHCL-111111111111', 'd4530311-490b-4da4-affe-15fe2ba6bb5e', 'D4E5F6G7-H8I9-0123-DEFG-456789012345', 'E5F6G7H8-I9J0-1234-EFGH-567890123456', 5, 5, 5, 5, 5, N'Trải nghiệm tuyệt vời!', '2023-02-04 00:00:00', '2023-02-04 00:00:00');
INSERT INTO bookings (id, vehicle_id, renter_id, owner_id, status, start_date, end_date, total_days, base_price, price_per_day, service_fee, taxes, total, deposit, created_at, updated_at) VALUES ('a9e13749-ad95-4ade-afa5-512f8c923814', 'V1A2B3C4-D5E6-7890-VHCL-111111111111', 'B2C3D4E5-F6G7-8901-BCDE-234567890123', 'E5F6G7H8-I9J0-1234-EFGH-567890123456', 'COMPLETED', '2023-01-04', '2023-01-08', 4, 3200000, 800000, 320000.0, 256000.0, 3776000.0, 3000000, '2022-12-22 00:00:00', '2022-12-22 00:00:00');
INSERT INTO payments (id, booking_id, user_id, amount, currency, status, method, transaction_id, created_at, processed_at) VALUES ('fec7e314-abda-4a27-b57d-7f0ad6bd8d70', 'a9e13749-ad95-4ade-afa5-512f8c923814', 'B2C3D4E5-F6G7-8901-BCDE-234567890123', 3776000.0, 'VND', 'SUCCEEDED', 'VNPAY', '63356473-c918-4390-94b5-1983d911a760', '2022-12-22 00:00:00', '2022-12-22 00:00:00');
INSERT INTO reviews (id, vehicle_id, booking_id, reviewer_id, owner_id, rating, cleanliness, accuracy, communication, value_rating, comment, created_at, updated_at) VALUES ('bdbc8cbd-68e2-469c-a4d2-0d0e2007f7b7', 'V1A2B3C4-D5E6-7890-VHCL-111111111111', 'a9e13749-ad95-4ade-afa5-512f8c923814', 'B2C3D4E5-F6G7-8901-BCDE-234567890123', 'E5F6G7H8-I9J0-1234-EFGH-567890123456', 5, 5, 5, 5, 5, N'Trải nghiệm tuyệt vời!', '2023-01-08 00:00:00', '2023-01-08 00:00:00');
INSERT INTO bookings (id, vehicle_id, renter_id, owner_id, status, start_date, end_date, total_days, base_price, price_per_day, service_fee, taxes, total, deposit, created_at, updated_at) VALUES ('c0459b1f-9639-4c50-8777-7550a7e74469', 'V1A2B3C4-D5E6-7890-VHCL-111111111111', 'C3D4E5F6-G7H8-9012-CDEF-345678901234', 'E5F6G7H8-I9J0-1234-EFGH-567890123456', 'COMPLETED', '2024-03-08', '2024-03-12', 4, 3200000, 800000, 320000.0, 256000.0, 3776000.0, 3000000, '2024-02-27 00:00:00', '2024-02-27 00:00:00');
INSERT INTO payments (id, booking_id, user_id, amount, currency, status, method, transaction_id, created_at, processed_at) VALUES ('228d4938-5b9c-4f27-a7c5-c733e58f6d24', 'c0459b1f-9639-4c50-8777-7550a7e74469', 'C3D4E5F6-G7H8-9012-CDEF-345678901234', 3776000.0, 'VND', 'SUCCEEDED', 'VNPAY', 'c0a9e010-90ee-474f-9837-d014aaccf431', '2024-02-27 00:00:00', '2024-02-27 00:00:00');
INSERT INTO reviews (id, vehicle_id, booking_id, reviewer_id, owner_id, rating, cleanliness, accuracy, communication, value_rating, comment, created_at, updated_at) VALUES ('67a3a0d1-202d-481a-8e6e-6688e178fbfb', 'V1A2B3C4-D5E6-7890-VHCL-111111111111', 'c0459b1f-9639-4c50-8777-7550a7e74469', 'C3D4E5F6-G7H8-9012-CDEF-345678901234', 'E5F6G7H8-I9J0-1234-EFGH-567890123456', 3, 3, 3, 3, 3, N'Trải nghiệm tuyệt vời!', '2024-03-12 00:00:00', '2024-03-12 00:00:00');
INSERT INTO bookings (id, vehicle_id, renter_id, owner_id, status, start_date, end_date, total_days, base_price, price_per_day, service_fee, taxes, total, deposit, created_at, updated_at) VALUES ('3cbf17f4-ecd1-4f32-9624-fff318cf1a9f', 'V1A2B3C4-D5E6-7890-VHCL-111111111111', 'B2C3D4E5-F6G7-8901-BCDE-234567890123', 'E5F6G7H8-I9J0-1234-EFGH-567890123456', 'CANCELLED', '2024-05-29', '2024-05-31', 2, 1600000, 800000, 160000.0, 128000.0, 1888000.0, 3000000, '2024-05-15 00:00:00', '2024-05-15 00:00:00');
INSERT INTO payments (id, booking_id, user_id, amount, currency, status, method, transaction_id, created_at, processed_at) VALUES ('aed27153-7b7f-4cb1-a0f4-4c67b9200445', '3cbf17f4-ecd1-4f32-9624-fff318cf1a9f', 'B2C3D4E5-F6G7-8901-BCDE-234567890123', 1888000.0, 'VND', 'REFUNDED', 'VNPAY', 'aebb5f3e-37d6-4201-84f8-9e42bed57a43', '2024-05-15 00:00:00', '2024-05-15 00:00:00');
INSERT INTO bookings (id, vehicle_id, renter_id, owner_id, status, start_date, end_date, total_days, base_price, price_per_day, service_fee, taxes, total, deposit, created_at, updated_at) VALUES ('456ca2b1-0889-42a1-a7ed-57691fc30dbe', 'V1A2B3C4-D5E6-7890-VHCL-111111111111', 'C3D4E5F6-G7H8-9012-CDEF-345678901234', 'E5F6G7H8-I9J0-1234-EFGH-567890123456', 'COMPLETED', '2023-10-22', '2023-10-27', 5, 4000000, 800000, 400000.0, 320000.0, 4720000.0, 3000000, '2023-10-21 00:00:00', '2023-10-21 00:00:00');
INSERT INTO payments (id, booking_id, user_id, amount, currency, status, method, transaction_id, created_at, processed_at) VALUES ('1a1c8b4f-deb2-48bd-b9f7-d87d7592a9b7', '456ca2b1-0889-42a1-a7ed-57691fc30dbe', 'C3D4E5F6-G7H8-9012-CDEF-345678901234', 4720000.0, 'VND', 'SUCCEEDED', 'VNPAY', '4ecce2d5-7f7c-4939-8009-1532859b0287', '2023-10-21 00:00:00', '2023-10-21 00:00:00');
INSERT INTO reviews (id, vehicle_id, booking_id, reviewer_id, owner_id, rating, cleanliness, accuracy, communication, value_rating, comment, created_at, updated_at) VALUES ('cc52275c-0e8a-47c4-8d94-74539036f25b', 'V1A2B3C4-D5E6-7890-VHCL-111111111111', '456ca2b1-0889-42a1-a7ed-57691fc30dbe', 'C3D4E5F6-G7H8-9012-CDEF-345678901234', 'E5F6G7H8-I9J0-1234-EFGH-567890123456', 3, 3, 3, 3, 3, N'Trải nghiệm tuyệt vời!', '2023-10-27 00:00:00', '2023-10-27 00:00:00');
INSERT INTO bookings (id, vehicle_id, renter_id, owner_id, status, start_date, end_date, total_days, base_price, price_per_day, service_fee, taxes, total, deposit, created_at, updated_at) VALUES ('6afa9e80-d24b-4aeb-b825-1989bf75ea81', 'V1A2B3C4-D5E6-7890-VHCL-111111111111', 'D4E5F6G7-H8I9-0123-DEFG-456789012345', 'E5F6G7H8-I9J0-1234-EFGH-567890123456', 'COMPLETED', '2023-10-12', '2023-10-21', 9, 7200000, 800000, 720000.0, 576000.0, 8496000.0, 3000000, '2023-10-03 00:00:00', '2023-10-03 00:00:00');
INSERT INTO payments (id, booking_id, user_id, amount, currency, status, method, transaction_id, created_at, processed_at) VALUES ('c5c17a80-e9ca-441a-9156-a43e62a86126', '6afa9e80-d24b-4aeb-b825-1989bf75ea81', 'D4E5F6G7-H8I9-0123-DEFG-456789012345', 8496000.0, 'VND', 'SUCCEEDED', 'VNPAY', 'd2ae6685-962d-41d2-ac0b-103c5a58205b', '2023-10-03 00:00:00', '2023-10-03 00:00:00');
INSERT INTO reviews (id, vehicle_id, booking_id, reviewer_id, owner_id, rating, cleanliness, accuracy, communication, value_rating, comment, created_at, updated_at) VALUES ('4f4767a7-2573-4046-9906-8d39c5cfdd54', 'V1A2B3C4-D5E6-7890-VHCL-111111111111', '6afa9e80-d24b-4aeb-b825-1989bf75ea81', 'D4E5F6G7-H8I9-0123-DEFG-456789012345', 'E5F6G7H8-I9J0-1234-EFGH-567890123456', 4, 4, 4, 4, 4, N'Trải nghiệm tuyệt vời!', '2023-10-21 00:00:00', '2023-10-21 00:00:00');
INSERT INTO bookings (id, vehicle_id, renter_id, owner_id, status, start_date, end_date, total_days, base_price, price_per_day, service_fee, taxes, total, deposit, created_at, updated_at) VALUES ('c2afdb8d-12ac-496e-8f54-16d156513d2d', 'V1A2B3C4-D5E6-7890-VHCL-111111111111', 'B2C3D4E5-F6G7-8901-BCDE-234567890123', 'E5F6G7H8-I9J0-1234-EFGH-567890123456', 'COMPLETED', '2024-01-12', '2024-01-21', 9, 7200000, 800000, 720000.0, 576000.0, 8496000.0, 3000000, '2024-01-04 00:00:00', '2024-01-04 00:00:00');
INSERT INTO payments (id, booking_id, user_id, amount, currency, status, method, transaction_id, created_at, processed_at) VALUES ('e94aeab1-2626-41d5-b294-6f0b58432d32', 'c2afdb8d-12ac-496e-8f54-16d156513d2d', 'B2C3D4E5-F6G7-8901-BCDE-234567890123', 8496000.0, 'VND', 'SUCCEEDED', 'VNPAY', '99b52fc9-999d-4d56-8fb3-2a70136b136a', '2024-01-04 00:00:00', '2024-01-04 00:00:00');
INSERT INTO reviews (id, vehicle_id, booking_id, reviewer_id, owner_id, rating, cleanliness, accuracy, communication, value_rating, comment, created_at, updated_at) VALUES ('eea20d94-536c-47ed-8612-6113fd684829', 'V1A2B3C4-D5E6-7890-VHCL-111111111111', 'c2afdb8d-12ac-496e-8f54-16d156513d2d', 'B2C3D4E5-F6G7-8901-BCDE-234567890123', 'E5F6G7H8-I9J0-1234-EFGH-567890123456', 5, 5, 5, 5, 5, N'Trải nghiệm tuyệt vời!', '2024-01-21 00:00:00', '2024-01-21 00:00:00');
INSERT INTO bookings (id, vehicle_id, renter_id, owner_id, status, start_date, end_date, total_days, base_price, price_per_day, service_fee, taxes, total, deposit, created_at, updated_at) VALUES ('6096b03a-e0bd-4d9c-abef-329d5fd0c140', 'V1A2B3C4-D5E6-7890-VHCL-111111111111', 'C3D4E5F6-G7H8-9012-CDEF-345678901234', 'E5F6G7H8-I9J0-1234-EFGH-567890123456', 'COMPLETED', '2023-03-28', '2023-04-03', 6, 4800000, 800000, 480000.0, 384000.0, 5664000.0, 3000000, '2023-03-20 00:00:00', '2023-03-20 00:00:00');
INSERT INTO payments (id, booking_id, user_id, amount, currency, status, method, transaction_id, created_at, processed_at) VALUES ('16bab9a1-07cd-4e9b-88c7-94de77d90902', '6096b03a-e0bd-4d9c-abef-329d5fd0c140', 'C3D4E5F6-G7H8-9012-CDEF-345678901234', 5664000.0, 'VND', 'SUCCEEDED', 'VNPAY', '304604fb-eb37-42f0-a72d-70bc91bf13b2', '2023-03-20 00:00:00', '2023-03-20 00:00:00');
INSERT INTO reviews (id, vehicle_id, booking_id, reviewer_id, owner_id, rating, cleanliness, accuracy, communication, value_rating, comment, created_at, updated_at) VALUES ('a61f7a44-f0a1-459b-816e-e09faf977054', 'V1A2B3C4-D5E6-7890-VHCL-111111111111', '6096b03a-e0bd-4d9c-abef-329d5fd0c140', 'C3D4E5F6-G7H8-9012-CDEF-345678901234', 'E5F6G7H8-I9J0-1234-EFGH-567890123456', 5, 5, 5, 5, 5, N'Trải nghiệm tuyệt vời!', '2023-04-03 00:00:00', '2023-04-03 00:00:00');
INSERT INTO bookings (id, vehicle_id, renter_id, owner_id, status, start_date, end_date, total_days, base_price, price_per_day, service_fee, taxes, total, deposit, created_at, updated_at) VALUES ('bbfc34b0-224a-4fbe-89a7-9f8cdfffcf0c', 'V1A2B3C4-D5E6-7890-VHCL-111111111111', 'B2C3D4E5-F6G7-8901-BCDE-234567890123', 'E5F6G7H8-I9J0-1234-EFGH-567890123456', 'COMPLETED', '2023-10-27', '2023-11-05', 9, 7200000, 800000, 720000.0, 576000.0, 8496000.0, 3000000, '2023-10-21 00:00:00', '2023-10-21 00:00:00');
INSERT INTO payments (id, booking_id, user_id, amount, currency, status, method, transaction_id, created_at, processed_at) VALUES ('b8002939-47df-4024-a695-b346f9a3c7bd', 'bbfc34b0-224a-4fbe-89a7-9f8cdfffcf0c', 'B2C3D4E5-F6G7-8901-BCDE-234567890123', 8496000.0, 'VND', 'SUCCEEDED', 'VNPAY', '403c2eab-02d4-4635-9942-9b81c5616726', '2023-10-21 00:00:00', '2023-10-21 00:00:00');
INSERT INTO reviews (id, vehicle_id, booking_id, reviewer_id, owner_id, rating, cleanliness, accuracy, communication, value_rating, comment, created_at, updated_at) VALUES ('50baa065-8ccc-4c81-b4bb-12d7772cfba7', 'V1A2B3C4-D5E6-7890-VHCL-111111111111', 'bbfc34b0-224a-4fbe-89a7-9f8cdfffcf0c', 'B2C3D4E5-F6G7-8901-BCDE-234567890123', 'E5F6G7H8-I9J0-1234-EFGH-567890123456', 5, 5, 5, 5, 5, N'Trải nghiệm tuyệt vời!', '2023-11-05 00:00:00', '2023-11-05 00:00:00');
INSERT INTO bookings (id, vehicle_id, renter_id, owner_id, status, start_date, end_date, total_days, base_price, price_per_day, service_fee, taxes, total, deposit, created_at, updated_at) VALUES ('227d733b-7a8e-4c82-a145-ddb2ff278ba5', 'V1A2B3C4-D5E6-7890-VHCL-111111111111', 'C3D4E5F6-G7H8-9012-CDEF-345678901234', 'E5F6G7H8-I9J0-1234-EFGH-567890123456', 'COMPLETED', '2024-01-18', '2024-01-26', 8, 6400000, 800000, 640000.0, 512000.0, 7552000.0, 3000000, '2024-01-04 00:00:00', '2024-01-04 00:00:00');
INSERT INTO payments (id, booking_id, user_id, amount, currency, status, method, transaction_id, created_at, processed_at) VALUES ('62c7ca67-e2f0-4347-bf73-61377483eb1d', '227d733b-7a8e-4c82-a145-ddb2ff278ba5', 'C3D4E5F6-G7H8-9012-CDEF-345678901234', 7552000.0, 'VND', 'SUCCEEDED', 'VNPAY', '71078ca3-a027-42d2-8c8a-b5757e2e190c', '2024-01-04 00:00:00', '2024-01-04 00:00:00');
INSERT INTO reviews (id, vehicle_id, booking_id, reviewer_id, owner_id, rating, cleanliness, accuracy, communication, value_rating, comment, created_at, updated_at) VALUES ('fe7e4807-30d5-4040-9914-c4dea7b130c0', 'V1A2B3C4-D5E6-7890-VHCL-111111111111', '227d733b-7a8e-4c82-a145-ddb2ff278ba5', 'C3D4E5F6-G7H8-9012-CDEF-345678901234', 'E5F6G7H8-I9J0-1234-EFGH-567890123456', 4, 4, 4, 4, 4, N'Trải nghiệm tuyệt vời!', '2024-01-26 00:00:00', '2024-01-26 00:00:00');
INSERT INTO bookings (id, vehicle_id, renter_id, owner_id, status, start_date, end_date, total_days, base_price, price_per_day, service_fee, taxes, total, deposit, created_at, updated_at) VALUES ('e7a498cf-315e-44df-96d3-396c665afa72', 'V1A2B3C4-D5E6-7890-VHCL-111111111111', 'D4E5F6G7-H8I9-0123-DEFG-456789012345', 'E5F6G7H8-I9J0-1234-EFGH-567890123456', 'COMPLETED', '2023-12-14', '2023-12-24', 10, 8000000, 800000, 800000.0, 640000.0, 9440000.0, 3000000, '2023-12-02 00:00:00', '2023-12-02 00:00:00');
INSERT INTO payments (id, booking_id, user_id, amount, currency, status, method, transaction_id, created_at, processed_at) VALUES ('26971bda-1f6c-491c-9517-15e2182540f2', 'e7a498cf-315e-44df-96d3-396c665afa72', 'D4E5F6G7-H8I9-0123-DEFG-456789012345', 9440000.0, 'VND', 'SUCCEEDED', 'VNPAY', '2f61651d-e1e2-4661-ad58-ebee8e55c392', '2023-12-02 00:00:00', '2023-12-02 00:00:00');
INSERT INTO reviews (id, vehicle_id, booking_id, reviewer_id, owner_id, rating, cleanliness, accuracy, communication, value_rating, comment, created_at, updated_at) VALUES ('2864d1b6-6e8f-48ef-bdc3-3f0fbcc86901', 'V1A2B3C4-D5E6-7890-VHCL-111111111111', 'e7a498cf-315e-44df-96d3-396c665afa72', 'D4E5F6G7-H8I9-0123-DEFG-456789012345', 'E5F6G7H8-I9J0-1234-EFGH-567890123456', 3, 3, 3, 3, 3, N'Trải nghiệm tuyệt vời!', '2023-12-24 00:00:00', '2023-12-24 00:00:00');
INSERT INTO bookings (id, vehicle_id, renter_id, owner_id, status, start_date, end_date, total_days, base_price, price_per_day, service_fee, taxes, total, deposit, created_at, updated_at) VALUES ('8af668c6-d3c1-4def-8b05-d15190d1cc43', 'V1A2B3C4-D5E6-7890-VHCL-111111111111', 'B2C3D4E5-F6G7-8901-BCDE-234567890123', 'E5F6G7H8-I9J0-1234-EFGH-567890123456', 'COMPLETED', '2023-08-02', '2023-08-12', 10, 8000000, 800000, 800000.0, 640000.0, 9440000.0, 3000000, '2023-07-19 00:00:00', '2023-07-19 00:00:00');
INSERT INTO payments (id, booking_id, user_id, amount, currency, status, method, transaction_id, created_at, processed_at) VALUES ('f21e428a-abd8-40ae-8383-69e60eebf37f', '8af668c6-d3c1-4def-8b05-d15190d1cc43', 'B2C3D4E5-F6G7-8901-BCDE-234567890123', 9440000.0, 'VND', 'SUCCEEDED', 'VNPAY', '1646b1c5-e504-4b73-8a21-078c879f733b', '2023-07-19 00:00:00', '2023-07-19 00:00:00');
INSERT INTO reviews (id, vehicle_id, booking_id, reviewer_id, owner_id, rating, cleanliness, accuracy, communication, value_rating, comment, created_at, updated_at) VALUES ('bfb88980-4bdf-4e1f-b654-490a39f9ab27', 'V1A2B3C4-D5E6-7890-VHCL-111111111111', '8af668c6-d3c1-4def-8b05-d15190d1cc43', 'B2C3D4E5-F6G7-8901-BCDE-234567890123', 'E5F6G7H8-I9J0-1234-EFGH-567890123456', 4, 4, 4, 4, 4, N'Trải nghiệm tuyệt vời!', '2023-08-12 00:00:00', '2023-08-12 00:00:00');
INSERT INTO bookings (id, vehicle_id, renter_id, owner_id, status, start_date, end_date, total_days, base_price, price_per_day, service_fee, taxes, total, deposit, created_at, updated_at) VALUES ('4143e083-8b0b-42ef-8d04-e8c67cb719c0', 'V1A2B3C4-D5E6-7890-VHCL-111111111111', 'B2C3D4E5-F6G7-8901-BCDE-234567890123', 'E5F6G7H8-I9J0-1234-EFGH-567890123456', 'COMPLETED', '2024-04-26', '2024-04-28', 2, 1600000, 800000, 160000.0, 128000.0, 1888000.0, 3000000, '2024-04-23 00:00:00', '2024-04-23 00:00:00');
INSERT INTO payments (id, booking_id, user_id, amount, currency, status, method, transaction_id, created_at, processed_at) VALUES ('3bf47a18-360d-4eec-846a-f927a2396410', '4143e083-8b0b-42ef-8d04-e8c67cb719c0', 'B2C3D4E5-F6G7-8901-BCDE-234567890123', 1888000.0, 'VND', 'SUCCEEDED', 'VNPAY', '05d08da4-401a-44db-a4ed-430789401cb9', '2024-04-23 00:00:00', '2024-04-23 00:00:00');
INSERT INTO reviews (id, vehicle_id, booking_id, reviewer_id, owner_id, rating, cleanliness, accuracy, communication, value_rating, comment, created_at, updated_at) VALUES ('f658a73f-5b2a-4b60-a795-0f2f9668d50d', 'V1A2B3C4-D5E6-7890-VHCL-111111111111', '4143e083-8b0b-42ef-8d04-e8c67cb719c0', 'B2C3D4E5-F6G7-8901-BCDE-234567890123', 'E5F6G7H8-I9J0-1234-EFGH-567890123456', 4, 4, 4, 4, 4, N'Trải nghiệm tuyệt vời!', '2024-04-28 00:00:00', '2024-04-28 00:00:00');
INSERT INTO bookings (id, vehicle_id, renter_id, owner_id, status, start_date, end_date, total_days, base_price, price_per_day, service_fee, taxes, total, deposit, created_at, updated_at) VALUES ('e6516fd9-da49-49ae-8b30-af847344c2df', 'V1A2B3C4-D5E6-7890-VHCL-111111111111', 'B2C3D4E5-F6G7-8901-BCDE-234567890123', 'E5F6G7H8-I9J0-1234-EFGH-567890123456', 'COMPLETED', '2023-07-06', '2023-07-11', 5, 4000000, 800000, 400000.0, 320000.0, 4720000.0, 3000000, '2023-06-22 00:00:00', '2023-06-22 00:00:00');
INSERT INTO payments (id, booking_id, user_id, amount, currency, status, method, transaction_id, created_at, processed_at) VALUES ('729c6450-f2e2-441e-a9e0-c9cd606bb665', 'e6516fd9-da49-49ae-8b30-af847344c2df', 'B2C3D4E5-F6G7-8901-BCDE-234567890123', 4720000.0, 'VND', 'SUCCEEDED', 'VNPAY', '8196a412-e7d2-42e6-99f3-94da790d9d65', '2023-06-22 00:00:00', '2023-06-22 00:00:00');
INSERT INTO reviews (id, vehicle_id, booking_id, reviewer_id, owner_id, rating, cleanliness, accuracy, communication, value_rating, comment, created_at, updated_at) VALUES ('d7560ae4-2e0f-4e40-afb3-b44583377bcc', 'V1A2B3C4-D5E6-7890-VHCL-111111111111', 'e6516fd9-da49-49ae-8b30-af847344c2df', 'B2C3D4E5-F6G7-8901-BCDE-234567890123', 'E5F6G7H8-I9J0-1234-EFGH-567890123456', 3, 3, 3, 3, 3, N'Trải nghiệm tuyệt vời!', '2023-07-11 00:00:00', '2023-07-11 00:00:00');
INSERT INTO bookings (id, vehicle_id, renter_id, owner_id, status, start_date, end_date, total_days, base_price, price_per_day, service_fee, taxes, total, deposit, created_at, updated_at) VALUES ('5dad9ac1-4080-4f87-84ba-afc549489da1', 'V1A2B3C4-D5E6-7890-VHCL-111111111111', 'D4E5F6G7-H8I9-0123-DEFG-456789012345', 'E5F6G7H8-I9J0-1234-EFGH-567890123456', 'COMPLETED', '2024-05-30', '2024-06-01', 2, 1600000, 800000, 160000.0, 128000.0, 1888000.0, 3000000, '2024-05-16 00:00:00', '2024-05-16 00:00:00');
INSERT INTO payments (id, booking_id, user_id, amount, currency, status, method, transaction_id, created_at, processed_at) VALUES ('f305eeac-3c3e-455e-8c72-10b2aae4967c', '5dad9ac1-4080-4f87-84ba-afc549489da1', 'D4E5F6G7-H8I9-0123-DEFG-456789012345', 1888000.0, 'VND', 'SUCCEEDED', 'VNPAY', '23931ea1-e738-434c-b831-8e00054a5c91', '2024-05-16 00:00:00', '2024-05-16 00:00:00');
INSERT INTO reviews (id, vehicle_id, booking_id, reviewer_id, owner_id, rating, cleanliness, accuracy, communication, value_rating, comment, created_at, updated_at) VALUES ('63e1d824-ada0-4b09-bf42-8be1389ffd84', 'V1A2B3C4-D5E6-7890-VHCL-111111111111', '5dad9ac1-4080-4f87-84ba-afc549489da1', 'D4E5F6G7-H8I9-0123-DEFG-456789012345', 'E5F6G7H8-I9J0-1234-EFGH-567890123456', 5, 5, 5, 5, 5, N'Trải nghiệm tuyệt vời!', '2024-06-01 00:00:00', '2024-06-01 00:00:00');
INSERT INTO bookings (id, vehicle_id, renter_id, owner_id, status, start_date, end_date, total_days, base_price, price_per_day, service_fee, taxes, total, deposit, created_at, updated_at) VALUES ('cb6c5731-fe4a-4637-98da-3abe9aa171eb', 'V1A2B3C4-D5E6-7890-VHCL-111111111111', 'C3D4E5F6-G7H8-9012-CDEF-345678901234', 'E5F6G7H8-I9J0-1234-EFGH-567890123456', 'CANCELLED', '2023-05-14', '2023-05-16', 2, 1600000, 800000, 160000.0, 128000.0, 1888000.0, 3000000, '2023-05-06 00:00:00', '2023-05-06 00:00:00');
INSERT INTO payments (id, booking_id, user_id, amount, currency, status, method, transaction_id, created_at, processed_at) VALUES ('b47f54b0-06e4-43dc-b5ce-8401e048e78b', 'cb6c5731-fe4a-4637-98da-3abe9aa171eb', 'C3D4E5F6-G7H8-9012-CDEF-345678901234', 1888000.0, 'VND', 'REFUNDED', 'VNPAY', 'b501a47e-df20-45dd-b7b7-944ce59e9ee4', '2023-05-06 00:00:00', '2023-05-06 00:00:00');
INSERT INTO bookings (id, vehicle_id, renter_id, owner_id, status, start_date, end_date, total_days, base_price, price_per_day, service_fee, taxes, total, deposit, created_at, updated_at) VALUES ('a688f734-e01c-4cf0-9ae0-34f69f27dbd1', 'V1A2B3C4-D5E6-7890-VHCL-111111111111', 'C3D4E5F6-G7H8-9012-CDEF-345678901234', 'E5F6G7H8-I9J0-1234-EFGH-567890123456', 'COMPLETED', '2023-04-01', '2023-04-11', 10, 8000000, 800000, 800000.0, 640000.0, 9440000.0, 3000000, '2023-03-22 00:00:00', '2023-03-22 00:00:00');
INSERT INTO payments (id, booking_id, user_id, amount, currency, status, method, transaction_id, created_at, processed_at) VALUES ('ead485b0-f6d7-45a1-ab80-ae67e2ad1744', 'a688f734-e01c-4cf0-9ae0-34f69f27dbd1', 'C3D4E5F6-G7H8-9012-CDEF-345678901234', 9440000.0, 'VND', 'SUCCEEDED', 'VNPAY', '2a1ce677-748b-409b-8e56-bbb4033a663c', '2023-03-22 00:00:00', '2023-03-22 00:00:00');
INSERT INTO reviews (id, vehicle_id, booking_id, reviewer_id, owner_id, rating, cleanliness, accuracy, communication, value_rating, comment, created_at, updated_at) VALUES ('2cd5b206-62fd-4d16-b03c-6963f3082c63', 'V1A2B3C4-D5E6-7890-VHCL-111111111111', 'a688f734-e01c-4cf0-9ae0-34f69f27dbd1', 'C3D4E5F6-G7H8-9012-CDEF-345678901234', 'E5F6G7H8-I9J0-1234-EFGH-567890123456', 5, 5, 5, 5, 5, N'Trải nghiệm tuyệt vời!', '2023-04-11 00:00:00', '2023-04-11 00:00:00');
INSERT INTO bookings (id, vehicle_id, renter_id, owner_id, status, start_date, end_date, total_days, base_price, price_per_day, service_fee, taxes, total, deposit, created_at, updated_at) VALUES ('be8dde85-598d-487e-a107-dee6f6a211b2', 'V1A2B3C4-D5E6-7890-VHCL-111111111111', 'C3D4E5F6-G7H8-9012-CDEF-345678901234', 'E5F6G7H8-I9J0-1234-EFGH-567890123456', 'COMPLETED', '2023-07-02', '2023-07-03', 1, 800000, 800000, 80000.0, 64000.0, 944000.0, 3000000, '2023-06-23 00:00:00', '2023-06-23 00:00:00');
INSERT INTO payments (id, booking_id, user_id, amount, currency, status, method, transaction_id, created_at, processed_at) VALUES ('d70b78bc-a096-4199-83d5-92133d69852d', 'be8dde85-598d-487e-a107-dee6f6a211b2', 'C3D4E5F6-G7H8-9012-CDEF-345678901234', 944000.0, 'VND', 'SUCCEEDED', 'VNPAY', 'b6b08b47-151e-4ed2-95ad-5d27c325f7d6', '2023-06-23 00:00:00', '2023-06-23 00:00:00');
INSERT INTO reviews (id, vehicle_id, booking_id, reviewer_id, owner_id, rating, cleanliness, accuracy, communication, value_rating, comment, created_at, updated_at) VALUES ('72bb756e-2b21-4ca2-96d3-9701b5826604', 'V1A2B3C4-D5E6-7890-VHCL-111111111111', 'be8dde85-598d-487e-a107-dee6f6a211b2', 'C3D4E5F6-G7H8-9012-CDEF-345678901234', 'E5F6G7H8-I9J0-1234-EFGH-567890123456', 3, 3, 3, 3, 3, N'Trải nghiệm tuyệt vời!', '2023-07-03 00:00:00', '2023-07-03 00:00:00');
INSERT INTO bookings (id, vehicle_id, renter_id, owner_id, status, start_date, end_date, total_days, base_price, price_per_day, service_fee, taxes, total, deposit, created_at, updated_at) VALUES ('283b6c91-67e9-46cc-9d05-acba84fb0762', 'V1A2B3C4-D5E6-7890-VHCL-111111111111', 'C3D4E5F6-G7H8-9012-CDEF-345678901234', 'E5F6G7H8-I9J0-1234-EFGH-567890123456', 'COMPLETED', '2023-10-15', '2023-10-22', 7, 5600000, 800000, 560000.0, 448000.0, 6608000.0, 3000000, '2023-10-02 00:00:00', '2023-10-02 00:00:00');
INSERT INTO payments (id, booking_id, user_id, amount, currency, status, method, transaction_id, created_at, processed_at) VALUES ('470776b8-3f8f-492b-9a32-56e292bef755', '283b6c91-67e9-46cc-9d05-acba84fb0762', 'C3D4E5F6-G7H8-9012-CDEF-345678901234', 6608000.0, 'VND', 'SUCCEEDED', 'VNPAY', 'f8bcee45-7d1e-4563-bf22-a5e92dd6bf4b', '2023-10-02 00:00:00', '2023-10-02 00:00:00');
INSERT INTO reviews (id, vehicle_id, booking_id, reviewer_id, owner_id, rating, cleanliness, accuracy, communication, value_rating, comment, created_at, updated_at) VALUES ('20eb0671-9f3d-4e08-acd5-acb6df113154', 'V1A2B3C4-D5E6-7890-VHCL-111111111111', '283b6c91-67e9-46cc-9d05-acba84fb0762', 'C3D4E5F6-G7H8-9012-CDEF-345678901234', 'E5F6G7H8-I9J0-1234-EFGH-567890123456', 4, 4, 4, 4, 4, N'Trải nghiệm tuyệt vời!', '2023-10-22 00:00:00', '2023-10-22 00:00:00');
INSERT INTO bookings (id, vehicle_id, renter_id, owner_id, status, start_date, end_date, total_days, base_price, price_per_day, service_fee, taxes, total, deposit, created_at, updated_at) VALUES ('031acc9e-9cb9-4b68-8fd0-f42bedb9bfeb', 'V1A2B3C4-D5E6-7890-VHCL-111111111111', 'C3D4E5F6-G7H8-9012-CDEF-345678901234', 'E5F6G7H8-I9J0-1234-EFGH-567890123456', 'COMPLETED', '2024-02-07', '2024-02-12', 5, 4000000, 800000, 400000.0, 320000.0, 4720000.0, 3000000, '2024-02-04 00:00:00', '2024-02-04 00:00:00');
INSERT INTO payments (id, booking_id, user_id, amount, currency, status, method, transaction_id, created_at, processed_at) VALUES ('7313e674-079a-4bbd-ae47-0504f0fcb800', '031acc9e-9cb9-4b68-8fd0-f42bedb9bfeb', 'C3D4E5F6-G7H8-9012-CDEF-345678901234', 4720000.0, 'VND', 'SUCCEEDED', 'VNPAY', 'c766080d-c771-4e52-b49d-80ce771c72fd', '2024-02-04 00:00:00', '2024-02-04 00:00:00');
INSERT INTO reviews (id, vehicle_id, booking_id, reviewer_id, owner_id, rating, cleanliness, accuracy, communication, value_rating, comment, created_at, updated_at) VALUES ('09dfdf84-ec3f-4370-b35b-b5e9b9adb04d', 'V1A2B3C4-D5E6-7890-VHCL-111111111111', '031acc9e-9cb9-4b68-8fd0-f42bedb9bfeb', 'C3D4E5F6-G7H8-9012-CDEF-345678901234', 'E5F6G7H8-I9J0-1234-EFGH-567890123456', 5, 5, 5, 5, 5, N'Trải nghiệm tuyệt vời!', '2024-02-12 00:00:00', '2024-02-12 00:00:00');
INSERT INTO bookings (id, vehicle_id, renter_id, owner_id, status, start_date, end_date, total_days, base_price, price_per_day, service_fee, taxes, total, deposit, created_at, updated_at) VALUES ('9805248e-6c42-4954-9a2e-82a273e452d5', 'V1A2B3C4-D5E6-7890-VHCL-111111111111', 'D4E5F6G7-H8I9-0123-DEFG-456789012345', 'E5F6G7H8-I9J0-1234-EFGH-567890123456', 'COMPLETED', '2023-07-09', '2023-07-11', 2, 1600000, 800000, 160000.0, 128000.0, 1888000.0, 3000000, '2023-07-02 00:00:00', '2023-07-02 00:00:00');
INSERT INTO payments (id, booking_id, user_id, amount, currency, status, method, transaction_id, created_at, processed_at) VALUES ('b4462130-7936-4570-8024-96d2da64ee29', '9805248e-6c42-4954-9a2e-82a273e452d5', 'D4E5F6G7-H8I9-0123-DEFG-456789012345', 1888000.0, 'VND', 'SUCCEEDED', 'VNPAY', 'b635f60a-a5de-4dfb-8cae-f11557f5c04c', '2023-07-02 00:00:00', '2023-07-02 00:00:00');
INSERT INTO reviews (id, vehicle_id, booking_id, reviewer_id, owner_id, rating, cleanliness, accuracy, communication, value_rating, comment, created_at, updated_at) VALUES ('fe10d179-ed61-4110-ad39-48a7dee76843', 'V1A2B3C4-D5E6-7890-VHCL-111111111111', '9805248e-6c42-4954-9a2e-82a273e452d5', 'D4E5F6G7-H8I9-0123-DEFG-456789012345', 'E5F6G7H8-I9J0-1234-EFGH-567890123456', 4, 4, 4, 4, 4, N'Trải nghiệm tuyệt vời!', '2023-07-11 00:00:00', '2023-07-11 00:00:00');
INSERT INTO bookings (id, vehicle_id, renter_id, owner_id, status, start_date, end_date, total_days, base_price, price_per_day, service_fee, taxes, total, deposit, created_at, updated_at) VALUES ('db5bb7f3-67d4-4428-ba4f-680925ff25af', 'V1A2B3C4-D5E6-7890-VHCL-111111111111', 'C3D4E5F6-G7H8-9012-CDEF-345678901234', 'E5F6G7H8-I9J0-1234-EFGH-567890123456', 'COMPLETED', '2023-06-25', '2023-07-05', 10, 8000000, 800000, 800000.0, 640000.0, 9440000.0, 3000000, '2023-06-19 00:00:00', '2023-06-19 00:00:00');
INSERT INTO payments (id, booking_id, user_id, amount, currency, status, method, transaction_id, created_at, processed_at) VALUES ('641a7ccb-8063-4faf-b7b3-7914dda95bc8', 'db5bb7f3-67d4-4428-ba4f-680925ff25af', 'C3D4E5F6-G7H8-9012-CDEF-345678901234', 9440000.0, 'VND', 'SUCCEEDED', 'VNPAY', '9b14f98e-fddc-4952-bf90-c3b29517c0d0', '2023-06-19 00:00:00', '2023-06-19 00:00:00');
INSERT INTO reviews (id, vehicle_id, booking_id, reviewer_id, owner_id, rating, cleanliness, accuracy, communication, value_rating, comment, created_at, updated_at) VALUES ('5e0e59f2-6642-43ae-82df-365664917f0a', 'V1A2B3C4-D5E6-7890-VHCL-111111111111', 'db5bb7f3-67d4-4428-ba4f-680925ff25af', 'C3D4E5F6-G7H8-9012-CDEF-345678901234', 'E5F6G7H8-I9J0-1234-EFGH-567890123456', 4, 4, 4, 4, 4, N'Trải nghiệm tuyệt vời!', '2023-07-05 00:00:00', '2023-07-05 00:00:00');
INSERT INTO bookings (id, vehicle_id, renter_id, owner_id, status, start_date, end_date, total_days, base_price, price_per_day, service_fee, taxes, total, deposit, created_at, updated_at) VALUES ('f11c91f1-f984-4749-a553-157e545bcd66', 'V1A2B3C4-D5E6-7890-VHCL-111111111111', 'C3D4E5F6-G7H8-9012-CDEF-345678901234', 'E5F6G7H8-I9J0-1234-EFGH-567890123456', 'COMPLETED', '2024-02-13', '2024-02-22', 9, 7200000, 800000, 720000.0, 576000.0, 8496000.0, 3000000, '2024-02-04 00:00:00', '2024-02-04 00:00:00');
INSERT INTO payments (id, booking_id, user_id, amount, currency, status, method, transaction_id, created_at, processed_at) VALUES ('276abdb6-06c7-4d48-9814-bab604a802ca', 'f11c91f1-f984-4749-a553-157e545bcd66', 'C3D4E5F6-G7H8-9012-CDEF-345678901234', 8496000.0, 'VND', 'SUCCEEDED', 'VNPAY', 'd898cf10-b584-4047-9659-060817e846fc', '2024-02-04 00:00:00', '2024-02-04 00:00:00');
INSERT INTO reviews (id, vehicle_id, booking_id, reviewer_id, owner_id, rating, cleanliness, accuracy, communication, value_rating, comment, created_at, updated_at) VALUES ('b152ded1-ad3e-4121-b209-369bc2db464b', 'V1A2B3C4-D5E6-7890-VHCL-111111111111', 'f11c91f1-f984-4749-a553-157e545bcd66', 'C3D4E5F6-G7H8-9012-CDEF-345678901234', 'E5F6G7H8-I9J0-1234-EFGH-567890123456', 3, 3, 3, 3, 3, N'Trải nghiệm tuyệt vời!', '2024-02-22 00:00:00', '2024-02-22 00:00:00');
INSERT INTO bookings (id, vehicle_id, renter_id, owner_id, status, start_date, end_date, total_days, base_price, price_per_day, service_fee, taxes, total, deposit, created_at, updated_at) VALUES ('39fe5f9f-f3f0-4dae-a971-cb12cf0d002b', 'V1A2B3C4-D5E6-7890-VHCL-111111111111', 'B2C3D4E5-F6G7-8901-BCDE-234567890123', 'E5F6G7H8-I9J0-1234-EFGH-567890123456', 'CANCELLED', '2023-05-28', '2023-05-30', 2, 1600000, 800000, 160000.0, 128000.0, 1888000.0, 3000000, '2023-05-22 00:00:00', '2023-05-22 00:00:00');
INSERT INTO payments (id, booking_id, user_id, amount, currency, status, method, transaction_id, created_at, processed_at) VALUES ('98a5631f-bbf2-4ab8-b487-1a767cfec27d', '39fe5f9f-f3f0-4dae-a971-cb12cf0d002b', 'B2C3D4E5-F6G7-8901-BCDE-234567890123', 1888000.0, 'VND', 'REFUNDED', 'VNPAY', 'e2acc90b-a204-4f99-830d-bc619053f013', '2023-05-22 00:00:00', '2023-05-22 00:00:00');
INSERT INTO bookings (id, vehicle_id, renter_id, owner_id, status, start_date, end_date, total_days, base_price, price_per_day, service_fee, taxes, total, deposit, created_at, updated_at) VALUES ('99d83310-3f47-445d-a0c7-9a19de778164', 'V1A2B3C4-D5E6-7890-VHCL-111111111111', 'C3D4E5F6-G7H8-9012-CDEF-345678901234', 'E5F6G7H8-I9J0-1234-EFGH-567890123456', 'COMPLETED', '2023-06-12', '2023-06-18', 6, 4800000, 800000, 480000.0, 384000.0, 5664000.0, 3000000, '2023-06-05 00:00:00', '2023-06-05 00:00:00');
INSERT INTO payments (id, booking_id, user_id, amount, currency, status, method, transaction_id, created_at, processed_at) VALUES ('0474b825-79d1-4df3-9ef7-cde821275025', '99d83310-3f47-445d-a0c7-9a19de778164', 'C3D4E5F6-G7H8-9012-CDEF-345678901234', 5664000.0, 'VND', 'SUCCEEDED', 'VNPAY', 'a3ecc56c-39e2-4f4a-a4fb-1219b3bc7f7d', '2023-06-05 00:00:00', '2023-06-05 00:00:00');
INSERT INTO reviews (id, vehicle_id, booking_id, reviewer_id, owner_id, rating, cleanliness, accuracy, communication, value_rating, comment, created_at, updated_at) VALUES ('69d60f01-029b-4f8f-8032-e801a463731a', 'V1A2B3C4-D5E6-7890-VHCL-111111111111', '99d83310-3f47-445d-a0c7-9a19de778164', 'C3D4E5F6-G7H8-9012-CDEF-345678901234', 'E5F6G7H8-I9J0-1234-EFGH-567890123456', 4, 4, 4, 4, 4, N'Trải nghiệm tuyệt vời!', '2023-06-18 00:00:00', '2023-06-18 00:00:00');
INSERT INTO bookings (id, vehicle_id, renter_id, owner_id, status, start_date, end_date, total_days, base_price, price_per_day, service_fee, taxes, total, deposit, created_at, updated_at) VALUES ('aae8c48d-20a4-4b99-a59a-e2d93852c74b', 'V1A2B3C4-D5E6-7890-VHCL-111111111111', 'B2C3D4E5-F6G7-8901-BCDE-234567890123', 'E5F6G7H8-I9J0-1234-EFGH-567890123456', 'COMPLETED', '2023-01-22', '2023-02-01', 10, 8000000, 800000, 800000.0, 640000.0, 9440000.0, 3000000, '2023-01-14 00:00:00', '2023-01-14 00:00:00');
INSERT INTO payments (id, booking_id, user_id, amount, currency, status, method, transaction_id, created_at, processed_at) VALUES ('470527ee-28ef-4b7f-be06-6320a8693ff2', 'aae8c48d-20a4-4b99-a59a-e2d93852c74b', 'B2C3D4E5-F6G7-8901-BCDE-234567890123', 9440000.0, 'VND', 'SUCCEEDED', 'VNPAY', '76ed0ff9-eaca-47e3-b766-e914208551ff', '2023-01-14 00:00:00', '2023-01-14 00:00:00');
INSERT INTO reviews (id, vehicle_id, booking_id, reviewer_id, owner_id, rating, cleanliness, accuracy, communication, value_rating, comment, created_at, updated_at) VALUES ('23a4fc48-db32-4152-9992-38c243aa6b92', 'V1A2B3C4-D5E6-7890-VHCL-111111111111', 'aae8c48d-20a4-4b99-a59a-e2d93852c74b', 'B2C3D4E5-F6G7-8901-BCDE-234567890123', 'E5F6G7H8-I9J0-1234-EFGH-567890123456', 4, 4, 4, 4, 4, N'Trải nghiệm tuyệt vời!', '2023-02-01 00:00:00', '2023-02-01 00:00:00');
INSERT INTO bookings (id, vehicle_id, renter_id, owner_id, status, start_date, end_date, total_days, base_price, price_per_day, service_fee, taxes, total, deposit, created_at, updated_at) VALUES ('8127a65e-6de0-4a99-afaa-8480eb8e58ce', 'V1A2B3C4-D5E6-7890-VHCL-111111111111', 'B2C3D4E5-F6G7-8901-BCDE-234567890123', 'E5F6G7H8-I9J0-1234-EFGH-567890123456', 'CANCELLED', '2023-05-31', '2023-06-10', 10, 8000000, 800000, 800000.0, 640000.0, 9440000.0, 3000000, '2023-05-27 00:00:00', '2023-05-27 00:00:00');
INSERT INTO payments (id, booking_id, user_id, amount, currency, status, method, transaction_id, created_at, processed_at) VALUES ('b606fae7-5b2c-45a6-bd7a-2a2eb72a19d3', '8127a65e-6de0-4a99-afaa-8480eb8e58ce', 'B2C3D4E5-F6G7-8901-BCDE-234567890123', 9440000.0, 'VND', 'REFUNDED', 'VNPAY', '9c336e18-80bd-4830-a9fb-1ac7143abd8d', '2023-05-27 00:00:00', '2023-05-27 00:00:00');
INSERT INTO bookings (id, vehicle_id, renter_id, owner_id, status, start_date, end_date, total_days, base_price, price_per_day, service_fee, taxes, total, deposit, created_at, updated_at) VALUES ('3fbbc058-af19-473d-b03b-e99ef946059a', 'V1A2B3C4-D5E6-7890-VHCL-111111111111', 'D4E5F6G7-H8I9-0123-DEFG-456789012345', 'E5F6G7H8-I9J0-1234-EFGH-567890123456', 'COMPLETED', '2023-07-04', '2023-07-11', 7, 5600000, 800000, 560000.0, 448000.0, 6608000.0, 3000000, '2023-07-01 00:00:00', '2023-07-01 00:00:00');
INSERT INTO payments (id, booking_id, user_id, amount, currency, status, method, transaction_id, created_at, processed_at) VALUES ('313db592-30e1-46dc-aaa4-473ccb19fb6c', '3fbbc058-af19-473d-b03b-e99ef946059a', 'D4E5F6G7-H8I9-0123-DEFG-456789012345', 6608000.0, 'VND', 'SUCCEEDED', 'VNPAY', '23a35206-99da-488a-84ed-0613214270ab', '2023-07-01 00:00:00', '2023-07-01 00:00:00');
INSERT INTO reviews (id, vehicle_id, booking_id, reviewer_id, owner_id, rating, cleanliness, accuracy, communication, value_rating, comment, created_at, updated_at) VALUES ('9498df62-ad5c-4bc5-9132-092606c8309c', 'V1A2B3C4-D5E6-7890-VHCL-111111111111', '3fbbc058-af19-473d-b03b-e99ef946059a', 'D4E5F6G7-H8I9-0123-DEFG-456789012345', 'E5F6G7H8-I9J0-1234-EFGH-567890123456', 3, 3, 3, 3, 3, N'Trải nghiệm tuyệt vời!', '2023-07-11 00:00:00', '2023-07-11 00:00:00');
INSERT INTO bookings (id, vehicle_id, renter_id, owner_id, status, start_date, end_date, total_days, base_price, price_per_day, service_fee, taxes, total, deposit, created_at, updated_at) VALUES ('58addec4-cb6e-4e21-9da2-98e1d3c00827', 'V1A2B3C4-D5E6-7890-VHCL-111111111111', 'D4E5F6G7-H8I9-0123-DEFG-456789012345', 'E5F6G7H8-I9J0-1234-EFGH-567890123456', 'COMPLETED', '2024-02-20', '2024-02-21', 1, 800000, 800000, 80000.0, 64000.0, 944000.0, 3000000, '2024-02-07 00:00:00', '2024-02-07 00:00:00');
INSERT INTO payments (id, booking_id, user_id, amount, currency, status, method, transaction_id, created_at, processed_at) VALUES ('6895399c-2be7-4698-9323-4e05c8866db2', '58addec4-cb6e-4e21-9da2-98e1d3c00827', 'D4E5F6G7-H8I9-0123-DEFG-456789012345', 944000.0, 'VND', 'SUCCEEDED', 'VNPAY', '6a46207a-a6b8-4c05-9bdb-9ced8f2771d4', '2024-02-07 00:00:00', '2024-02-07 00:00:00');
INSERT INTO reviews (id, vehicle_id, booking_id, reviewer_id, owner_id, rating, cleanliness, accuracy, communication, value_rating, comment, created_at, updated_at) VALUES ('b8838116-dcc7-4e98-bc5e-cce0427bacc8', 'V1A2B3C4-D5E6-7890-VHCL-111111111111', '58addec4-cb6e-4e21-9da2-98e1d3c00827', 'D4E5F6G7-H8I9-0123-DEFG-456789012345', 'E5F6G7H8-I9J0-1234-EFGH-567890123456', 3, 3, 3, 3, 3, N'Trải nghiệm tuyệt vời!', '2024-02-21 00:00:00', '2024-02-21 00:00:00');
INSERT INTO bookings (id, vehicle_id, renter_id, owner_id, status, start_date, end_date, total_days, base_price, price_per_day, service_fee, taxes, total, deposit, created_at, updated_at) VALUES ('e84fd511-40f0-4b79-9768-9a46e97f1c77', 'V1A2B3C4-D5E6-7890-VHCL-111111111111', 'D4E5F6G7-H8I9-0123-DEFG-456789012345', 'E5F6G7H8-I9J0-1234-EFGH-567890123456', 'COMPLETED', '2024-04-16', '2024-04-19', 3, 2400000, 800000, 240000.0, 192000.0, 2832000.0, 3000000, '2024-04-12 00:00:00', '2024-04-12 00:00:00');
INSERT INTO payments (id, booking_id, user_id, amount, currency, status, method, transaction_id, created_at, processed_at) VALUES ('d0193e12-15af-45d4-be2e-f6c7d066460d', 'e84fd511-40f0-4b79-9768-9a46e97f1c77', 'D4E5F6G7-H8I9-0123-DEFG-456789012345', 2832000.0, 'VND', 'SUCCEEDED', 'VNPAY', 'bcd88a5c-e55a-4a66-8dd3-5fc8cf5bf060', '2024-04-12 00:00:00', '2024-04-12 00:00:00');
INSERT INTO reviews (id, vehicle_id, booking_id, reviewer_id, owner_id, rating, cleanliness, accuracy, communication, value_rating, comment, created_at, updated_at) VALUES ('c5ffd610-1460-48aa-a22d-0a21728ee787', 'V1A2B3C4-D5E6-7890-VHCL-111111111111', 'e84fd511-40f0-4b79-9768-9a46e97f1c77', 'D4E5F6G7-H8I9-0123-DEFG-456789012345', 'E5F6G7H8-I9J0-1234-EFGH-567890123456', 5, 5, 5, 5, 5, N'Trải nghiệm tuyệt vời!', '2024-04-19 00:00:00', '2024-04-19 00:00:00');
INSERT INTO bookings (id, vehicle_id, renter_id, owner_id, status, start_date, end_date, total_days, base_price, price_per_day, service_fee, taxes, total, deposit, created_at, updated_at) VALUES ('448eba68-9a83-4ba5-9da2-691895de123b', 'V1A2B3C4-D5E6-7890-VHCL-111111111111', 'C3D4E5F6-G7H8-9012-CDEF-345678901234', 'E5F6G7H8-I9J0-1234-EFGH-567890123456', 'COMPLETED', '2024-02-10', '2024-02-17', 7, 5600000, 800000, 560000.0, 448000.0, 6608000.0, 3000000, '2024-01-29 00:00:00', '2024-01-29 00:00:00');
INSERT INTO payments (id, booking_id, user_id, amount, currency, status, method, transaction_id, created_at, processed_at) VALUES ('e2f4f69d-7091-4b8f-a8fa-e792a8f67628', '448eba68-9a83-4ba5-9da2-691895de123b', 'C3D4E5F6-G7H8-9012-CDEF-345678901234', 6608000.0, 'VND', 'SUCCEEDED', 'VNPAY', 'fceb5985-316e-4619-aca8-efa5527df076', '2024-01-29 00:00:00', '2024-01-29 00:00:00');
INSERT INTO reviews (id, vehicle_id, booking_id, reviewer_id, owner_id, rating, cleanliness, accuracy, communication, value_rating, comment, created_at, updated_at) VALUES ('3080f10d-516e-4f16-9dd3-e79c502c5e49', 'V1A2B3C4-D5E6-7890-VHCL-111111111111', '448eba68-9a83-4ba5-9da2-691895de123b', 'C3D4E5F6-G7H8-9012-CDEF-345678901234', 'E5F6G7H8-I9J0-1234-EFGH-567890123456', 4, 4, 4, 4, 4, N'Trải nghiệm tuyệt vời!', '2024-02-17 00:00:00', '2024-02-17 00:00:00');
INSERT INTO bookings (id, vehicle_id, renter_id, owner_id, status, start_date, end_date, total_days, base_price, price_per_day, service_fee, taxes, total, deposit, created_at, updated_at) VALUES ('6c50c5ee-0caf-402f-b0fc-2503a10cef86', 'V1A2B3C4-D5E6-7890-VHCL-111111111111', 'C3D4E5F6-G7H8-9012-CDEF-345678901234', 'E5F6G7H8-I9J0-1234-EFGH-567890123456', 'COMPLETED', '2023-01-29', '2023-02-06', 8, 6400000, 800000, 640000.0, 512000.0, 7552000.0, 3000000, '2023-01-19 00:00:00', '2023-01-19 00:00:00');
INSERT INTO payments (id, booking_id, user_id, amount, currency, status, method, transaction_id, created_at, processed_at) VALUES ('aa9f3693-28fb-4e65-9784-761894b5b31a', '6c50c5ee-0caf-402f-b0fc-2503a10cef86', 'C3D4E5F6-G7H8-9012-CDEF-345678901234', 7552000.0, 'VND', 'SUCCEEDED', 'VNPAY', '34058558-9152-4a9f-a43b-7940ee306077', '2023-01-19 00:00:00', '2023-01-19 00:00:00');
INSERT INTO reviews (id, vehicle_id, booking_id, reviewer_id, owner_id, rating, cleanliness, accuracy, communication, value_rating, comment, created_at, updated_at) VALUES ('b2d05932-8122-46d5-95ae-82a9562cba60', 'V1A2B3C4-D5E6-7890-VHCL-111111111111', '6c50c5ee-0caf-402f-b0fc-2503a10cef86', 'C3D4E5F6-G7H8-9012-CDEF-345678901234', 'E5F6G7H8-I9J0-1234-EFGH-567890123456', 4, 4, 4, 4, 4, N'Trải nghiệm tuyệt vời!', '2023-02-06 00:00:00', '2023-02-06 00:00:00');
INSERT INTO bookings (id, vehicle_id, renter_id, owner_id, status, start_date, end_date, total_days, base_price, price_per_day, service_fee, taxes, total, deposit, created_at, updated_at) VALUES ('fd328dbc-c0bf-4c4e-b1f9-7faae071baf1', 'V1A2B3C4-D5E6-7890-VHCL-111111111111', 'D4E5F6G7-H8I9-0123-DEFG-456789012345', 'E5F6G7H8-I9J0-1234-EFGH-567890123456', 'COMPLETED', '2024-05-01', '2024-05-02', 1, 800000, 800000, 80000.0, 64000.0, 944000.0, 3000000, '2024-04-29 00:00:00', '2024-04-29 00:00:00');
INSERT INTO payments (id, booking_id, user_id, amount, currency, status, method, transaction_id, created_at, processed_at) VALUES ('60f43fca-d117-446a-9472-259c6393827d', 'fd328dbc-c0bf-4c4e-b1f9-7faae071baf1', 'D4E5F6G7-H8I9-0123-DEFG-456789012345', 944000.0, 'VND', 'SUCCEEDED', 'VNPAY', '5bd3a959-8f18-46d5-a7e8-5f45ccd6c73f', '2024-04-29 00:00:00', '2024-04-29 00:00:00');
INSERT INTO reviews (id, vehicle_id, booking_id, reviewer_id, owner_id, rating, cleanliness, accuracy, communication, value_rating, comment, created_at, updated_at) VALUES ('0008cb92-0769-4c24-a4b7-c357e1b2a671', 'V1A2B3C4-D5E6-7890-VHCL-111111111111', 'fd328dbc-c0bf-4c4e-b1f9-7faae071baf1', 'D4E5F6G7-H8I9-0123-DEFG-456789012345', 'E5F6G7H8-I9J0-1234-EFGH-567890123456', 3, 3, 3, 3, 3, N'Trải nghiệm tuyệt vời!', '2024-05-02 00:00:00', '2024-05-02 00:00:00');
INSERT INTO bookings (id, vehicle_id, renter_id, owner_id, status, start_date, end_date, total_days, base_price, price_per_day, service_fee, taxes, total, deposit, created_at, updated_at) VALUES ('d8257900-6544-4c98-a9b6-cd794775237d', 'V1A2B3C4-D5E6-7890-VHCL-111111111111', 'C3D4E5F6-G7H8-9012-CDEF-345678901234', 'E5F6G7H8-I9J0-1234-EFGH-567890123456', 'COMPLETED', '2023-02-18', '2023-02-28', 10, 8000000, 800000, 800000.0, 640000.0, 9440000.0, 3000000, '2023-02-07 00:00:00', '2023-02-07 00:00:00');
INSERT INTO payments (id, booking_id, user_id, amount, currency, status, method, transaction_id, created_at, processed_at) VALUES ('c415eb3f-f7d3-4c40-9d7f-54ff8ca87e61', 'd8257900-6544-4c98-a9b6-cd794775237d', 'C3D4E5F6-G7H8-9012-CDEF-345678901234', 9440000.0, 'VND', 'SUCCEEDED', 'VNPAY', 'a8b940ec-c616-42ff-a554-775e2fcc45ff', '2023-02-07 00:00:00', '2023-02-07 00:00:00');
INSERT INTO reviews (id, vehicle_id, booking_id, reviewer_id, owner_id, rating, cleanliness, accuracy, communication, value_rating, comment, created_at, updated_at) VALUES ('5942c33a-17a4-49c3-8e87-70d8af78b60f', 'V1A2B3C4-D5E6-7890-VHCL-111111111111', 'd8257900-6544-4c98-a9b6-cd794775237d', 'C3D4E5F6-G7H8-9012-CDEF-345678901234', 'E5F6G7H8-I9J0-1234-EFGH-567890123456', 5, 5, 5, 5, 5, N'Trải nghiệm tuyệt vời!', '2023-02-28 00:00:00', '2023-02-28 00:00:00');
INSERT INTO bookings (id, vehicle_id, renter_id, owner_id, status, start_date, end_date, total_days, base_price, price_per_day, service_fee, taxes, total, deposit, created_at, updated_at) VALUES ('e5666c11-f861-49b6-a943-934b732fd79f', 'V1A2B3C4-D5E6-7890-VHCL-111111111111', 'B2C3D4E5-F6G7-8901-BCDE-234567890123', 'E5F6G7H8-I9J0-1234-EFGH-567890123456', 'COMPLETED', '2023-03-16', '2023-03-25', 9, 7200000, 800000, 720000.0, 576000.0, 8496000.0, 3000000, '2023-03-07 00:00:00', '2023-03-07 00:00:00');
INSERT INTO payments (id, booking_id, user_id, amount, currency, status, method, transaction_id, created_at, processed_at) VALUES ('111a32bd-d7a5-4937-b781-8c49476fd044', 'e5666c11-f861-49b6-a943-934b732fd79f', 'B2C3D4E5-F6G7-8901-BCDE-234567890123', 8496000.0, 'VND', 'SUCCEEDED', 'VNPAY', 'a76b0b36-a9a4-4730-9369-74801f81a2d3', '2023-03-07 00:00:00', '2023-03-07 00:00:00');
INSERT INTO reviews (id, vehicle_id, booking_id, reviewer_id, owner_id, rating, cleanliness, accuracy, communication, value_rating, comment, created_at, updated_at) VALUES ('79b7af9f-7890-4e1f-a404-6376da40ce49', 'V1A2B3C4-D5E6-7890-VHCL-111111111111', 'e5666c11-f861-49b6-a943-934b732fd79f', 'B2C3D4E5-F6G7-8901-BCDE-234567890123', 'E5F6G7H8-I9J0-1234-EFGH-567890123456', 4, 4, 4, 4, 4, N'Trải nghiệm tuyệt vời!', '2023-03-25 00:00:00', '2023-03-25 00:00:00');
INSERT INTO bookings (id, vehicle_id, renter_id, owner_id, status, start_date, end_date, total_days, base_price, price_per_day, service_fee, taxes, total, deposit, created_at, updated_at) VALUES ('60849110-01f3-482a-ae51-486e28af0c13', 'V1A2B3C4-D5E6-7890-VHCL-111111111111', 'C3D4E5F6-G7H8-9012-CDEF-345678901234', 'E5F6G7H8-I9J0-1234-EFGH-567890123456', 'COMPLETED', '2024-02-18', '2024-02-21', 3, 2400000, 800000, 240000.0, 192000.0, 2832000.0, 3000000, '2024-02-08 00:00:00', '2024-02-08 00:00:00');
INSERT INTO payments (id, booking_id, user_id, amount, currency, status, method, transaction_id, created_at, processed_at) VALUES ('cf8daa12-ae09-4e57-8bf0-da5b068d3f68', '60849110-01f3-482a-ae51-486e28af0c13', 'C3D4E5F6-G7H8-9012-CDEF-345678901234', 2832000.0, 'VND', 'SUCCEEDED', 'VNPAY', 'b05480eb-c4a9-49a8-ac37-4faa660a88ea', '2024-02-08 00:00:00', '2024-02-08 00:00:00');
INSERT INTO reviews (id, vehicle_id, booking_id, reviewer_id, owner_id, rating, cleanliness, accuracy, communication, value_rating, comment, created_at, updated_at) VALUES ('ddf6aa96-ccec-472b-9487-6b5e444a9eb0', 'V1A2B3C4-D5E6-7890-VHCL-111111111111', '60849110-01f3-482a-ae51-486e28af0c13', 'C3D4E5F6-G7H8-9012-CDEF-345678901234', 'E5F6G7H8-I9J0-1234-EFGH-567890123456', 3, 3, 3, 3, 3, N'Trải nghiệm tuyệt vời!', '2024-02-21 00:00:00', '2024-02-21 00:00:00');
INSERT INTO bookings (id, vehicle_id, renter_id, owner_id, status, start_date, end_date, total_days, base_price, price_per_day, service_fee, taxes, total, deposit, created_at, updated_at) VALUES ('c404ec97-6993-4722-a5e9-367dd273a93d', 'V1A2B3C4-D5E6-7890-VHCL-111111111111', 'B2C3D4E5-F6G7-8901-BCDE-234567890123', 'E5F6G7H8-I9J0-1234-EFGH-567890123456', 'COMPLETED', '2023-03-24', '2023-04-02', 9, 7200000, 800000, 720000.0, 576000.0, 8496000.0, 3000000, '2023-03-14 00:00:00', '2023-03-14 00:00:00');
INSERT INTO payments (id, booking_id, user_id, amount, currency, status, method, transaction_id, created_at, processed_at) VALUES ('a39623c1-5506-40d5-b500-668795a96edc', 'c404ec97-6993-4722-a5e9-367dd273a93d', 'B2C3D4E5-F6G7-8901-BCDE-234567890123', 8496000.0, 'VND', 'SUCCEEDED', 'VNPAY', '75d09381-1fb1-4090-8402-b95e55a51a89', '2023-03-14 00:00:00', '2023-03-14 00:00:00');
INSERT INTO reviews (id, vehicle_id, booking_id, reviewer_id, owner_id, rating, cleanliness, accuracy, communication, value_rating, comment, created_at, updated_at) VALUES ('9a2328f7-6bd9-4efb-bd83-29c6ec6f2cc5', 'V1A2B3C4-D5E6-7890-VHCL-111111111111', 'c404ec97-6993-4722-a5e9-367dd273a93d', 'B2C3D4E5-F6G7-8901-BCDE-234567890123', 'E5F6G7H8-I9J0-1234-EFGH-567890123456', 4, 4, 4, 4, 4, N'Trải nghiệm tuyệt vời!', '2023-04-02 00:00:00', '2023-04-02 00:00:00');
INSERT INTO bookings (id, vehicle_id, renter_id, owner_id, status, start_date, end_date, total_days, base_price, price_per_day, service_fee, taxes, total, deposit, created_at, updated_at) VALUES ('ff2cf3f9-bc11-4d9d-a269-542b46ab7fc8', 'V1A2B3C4-D5E6-7890-VHCL-111111111111', 'B2C3D4E5-F6G7-8901-BCDE-234567890123', 'E5F6G7H8-I9J0-1234-EFGH-567890123456', 'COMPLETED', '2023-11-28', '2023-11-29', 1, 800000, 800000, 80000.0, 64000.0, 944000.0, 3000000, '2023-11-26 00:00:00', '2023-11-26 00:00:00');
INSERT INTO payments (id, booking_id, user_id, amount, currency, status, method, transaction_id, created_at, processed_at) VALUES ('78e47ca0-b6bd-45e6-9d39-55a0a8eed97c', 'ff2cf3f9-bc11-4d9d-a269-542b46ab7fc8', 'B2C3D4E5-F6G7-8901-BCDE-234567890123', 944000.0, 'VND', 'SUCCEEDED', 'VNPAY', 'e340345b-bdd5-47a4-a47c-3f2869cdc323', '2023-11-26 00:00:00', '2023-11-26 00:00:00');
INSERT INTO reviews (id, vehicle_id, booking_id, reviewer_id, owner_id, rating, cleanliness, accuracy, communication, value_rating, comment, created_at, updated_at) VALUES ('4aee291d-a806-4c37-a3b3-c58abf99d85e', 'V1A2B3C4-D5E6-7890-VHCL-111111111111', 'ff2cf3f9-bc11-4d9d-a269-542b46ab7fc8', 'B2C3D4E5-F6G7-8901-BCDE-234567890123', 'E5F6G7H8-I9J0-1234-EFGH-567890123456', 3, 3, 3, 3, 3, N'Trải nghiệm tuyệt vời!', '2023-11-29 00:00:00', '2023-11-29 00:00:00');
INSERT INTO bookings (id, vehicle_id, renter_id, owner_id, status, start_date, end_date, total_days, base_price, price_per_day, service_fee, taxes, total, deposit, created_at, updated_at) VALUES ('505036ee-ee4e-4046-bd8b-65004eb10def', 'V1A2B3C4-D5E6-7890-VHCL-111111111111', 'C3D4E5F6-G7H8-9012-CDEF-345678901234', 'E5F6G7H8-I9J0-1234-EFGH-567890123456', 'COMPLETED', '2024-03-28', '2024-04-03', 6, 4800000, 800000, 480000.0, 384000.0, 5664000.0, 3000000, '2024-03-24 00:00:00', '2024-03-24 00:00:00');
INSERT INTO payments (id, booking_id, user_id, amount, currency, status, method, transaction_id, created_at, processed_at) VALUES ('9ec2c63b-499c-4fd5-b0d5-edcc432d9cfd', '505036ee-ee4e-4046-bd8b-65004eb10def', 'C3D4E5F6-G7H8-9012-CDEF-345678901234', 5664000.0, 'VND', 'SUCCEEDED', 'VNPAY', 'c1f06ea6-c521-4d64-9c71-db62d68e48eb', '2024-03-24 00:00:00', '2024-03-24 00:00:00');
INSERT INTO reviews (id, vehicle_id, booking_id, reviewer_id, owner_id, rating, cleanliness, accuracy, communication, value_rating, comment, created_at, updated_at) VALUES ('b96259cc-6067-4994-934c-1a1f3a551747', 'V1A2B3C4-D5E6-7890-VHCL-111111111111', '505036ee-ee4e-4046-bd8b-65004eb10def', 'C3D4E5F6-G7H8-9012-CDEF-345678901234', 'E5F6G7H8-I9J0-1234-EFGH-567890123456', 4, 4, 4, 4, 4, N'Trải nghiệm tuyệt vời!', '2024-04-03 00:00:00', '2024-04-03 00:00:00');
INSERT INTO bookings (id, vehicle_id, renter_id, owner_id, status, start_date, end_date, total_days, base_price, price_per_day, service_fee, taxes, total, deposit, created_at, updated_at) VALUES ('674dddc4-dfa1-4f1d-9501-00e5f18aae27', 'V1A2B3C4-D5E6-7890-VHCL-111111111111', 'D4E5F6G7-H8I9-0123-DEFG-456789012345', 'E5F6G7H8-I9J0-1234-EFGH-567890123456', 'COMPLETED', '2023-07-29', '2023-08-04', 6, 4800000, 800000, 480000.0, 384000.0, 5664000.0, 3000000, '2023-07-21 00:00:00', '2023-07-21 00:00:00');
INSERT INTO payments (id, booking_id, user_id, amount, currency, status, method, transaction_id, created_at, processed_at) VALUES ('db422979-b801-4b4c-b2db-ab88436abe48', '674dddc4-dfa1-4f1d-9501-00e5f18aae27', 'D4E5F6G7-H8I9-0123-DEFG-456789012345', 5664000.0, 'VND', 'SUCCEEDED', 'VNPAY', '886e84c1-b5b6-4a98-97fe-221618694580', '2023-07-21 00:00:00', '2023-07-21 00:00:00');
INSERT INTO reviews (id, vehicle_id, booking_id, reviewer_id, owner_id, rating, cleanliness, accuracy, communication, value_rating, comment, created_at, updated_at) VALUES ('b739a0b3-0a9c-423e-be88-d996ebecebf6', 'V1A2B3C4-D5E6-7890-VHCL-111111111111', '674dddc4-dfa1-4f1d-9501-00e5f18aae27', 'D4E5F6G7-H8I9-0123-DEFG-456789012345', 'E5F6G7H8-I9J0-1234-EFGH-567890123456', 3, 3, 3, 3, 3, N'Trải nghiệm tuyệt vời!', '2023-08-04 00:00:00', '2023-08-04 00:00:00');
INSERT INTO bookings (id, vehicle_id, renter_id, owner_id, status, start_date, end_date, total_days, base_price, price_per_day, service_fee, taxes, total, deposit, created_at, updated_at) VALUES ('8493c40e-5f34-455d-81fd-c895a3d6e847', 'V1A2B3C4-D5E6-7890-VHCL-111111111111', 'C3D4E5F6-G7H8-9012-CDEF-345678901234', 'E5F6G7H8-I9J0-1234-EFGH-567890123456', 'COMPLETED', '2023-11-16', '2023-11-21', 5, 4000000, 800000, 400000.0, 320000.0, 4720000.0, 3000000, '2023-11-14 00:00:00', '2023-11-14 00:00:00');
INSERT INTO payments (id, booking_id, user_id, amount, currency, status, method, transaction_id, created_at, processed_at) VALUES ('d85007a4-06a6-499a-9993-c2b8af9272ff', '8493c40e-5f34-455d-81fd-c895a3d6e847', 'C3D4E5F6-G7H8-9012-CDEF-345678901234', 4720000.0, 'VND', 'SUCCEEDED', 'VNPAY', '70206fb6-d72c-41f6-9cbd-53f5026eadda', '2023-11-14 00:00:00', '2023-11-14 00:00:00');
INSERT INTO reviews (id, vehicle_id, booking_id, reviewer_id, owner_id, rating, cleanliness, accuracy, communication, value_rating, comment, created_at, updated_at) VALUES ('5cd4d687-e283-4a8c-8b11-52081bd9fcce', 'V1A2B3C4-D5E6-7890-VHCL-111111111111', '8493c40e-5f34-455d-81fd-c895a3d6e847', 'C3D4E5F6-G7H8-9012-CDEF-345678901234', 'E5F6G7H8-I9J0-1234-EFGH-567890123456', 3, 3, 3, 3, 3, N'Trải nghiệm tuyệt vời!', '2023-11-21 00:00:00', '2023-11-21 00:00:00');
INSERT INTO bookings (id, vehicle_id, renter_id, owner_id, status, start_date, end_date, total_days, base_price, price_per_day, service_fee, taxes, total, deposit, created_at, updated_at) VALUES ('0dec2f72-185c-4e55-a07e-f66d12a2cc76', 'V1A2B3C4-D5E6-7890-VHCL-111111111111', 'D4E5F6G7-H8I9-0123-DEFG-456789012345', 'E5F6G7H8-I9J0-1234-EFGH-567890123456', 'COMPLETED', '2023-05-19', '2023-05-28', 9, 7200000, 800000, 720000.0, 576000.0, 8496000.0, 3000000, '2023-05-12 00:00:00', '2023-05-12 00:00:00');
INSERT INTO payments (id, booking_id, user_id, amount, currency, status, method, transaction_id, created_at, processed_at) VALUES ('27295f80-4a03-4e40-a493-358fd2e87d2b', '0dec2f72-185c-4e55-a07e-f66d12a2cc76', 'D4E5F6G7-H8I9-0123-DEFG-456789012345', 8496000.0, 'VND', 'SUCCEEDED', 'VNPAY', 'e764ed52-6f74-4e11-aeab-e550d24d6734', '2023-05-12 00:00:00', '2023-05-12 00:00:00');
INSERT INTO reviews (id, vehicle_id, booking_id, reviewer_id, owner_id, rating, cleanliness, accuracy, communication, value_rating, comment, created_at, updated_at) VALUES ('9dceedb2-6e5d-4a63-86fa-187114b0ca42', 'V1A2B3C4-D5E6-7890-VHCL-111111111111', '0dec2f72-185c-4e55-a07e-f66d12a2cc76', 'D4E5F6G7-H8I9-0123-DEFG-456789012345', 'E5F6G7H8-I9J0-1234-EFGH-567890123456', 4, 4, 4, 4, 4, N'Trải nghiệm tuyệt vời!', '2023-05-28 00:00:00', '2023-05-28 00:00:00');
INSERT INTO bookings (id, vehicle_id, renter_id, owner_id, status, start_date, end_date, total_days, base_price, price_per_day, service_fee, taxes, total, deposit, created_at, updated_at) VALUES ('8ac73d47-2608-4d0d-b1eb-620d55f25f15', 'V1A2B3C4-D5E6-7890-VHCL-111111111111', 'D4E5F6G7-H8I9-0123-DEFG-456789012345', 'E5F6G7H8-I9J0-1234-EFGH-567890123456', 'COMPLETED', '2024-01-17', '2024-01-23', 6, 4800000, 800000, 480000.0, 384000.0, 5664000.0, 3000000, '2024-01-12 00:00:00', '2024-01-12 00:00:00');
INSERT INTO payments (id, booking_id, user_id, amount, currency, status, method, transaction_id, created_at, processed_at) VALUES ('09ed4745-c669-435c-8ec4-6dd5f2f918b3', '8ac73d47-2608-4d0d-b1eb-620d55f25f15', 'D4E5F6G7-H8I9-0123-DEFG-456789012345', 5664000.0, 'VND', 'SUCCEEDED', 'VNPAY', '898f0345-749b-42bc-a935-f09b09bee77b', '2024-01-12 00:00:00', '2024-01-12 00:00:00');
INSERT INTO reviews (id, vehicle_id, booking_id, reviewer_id, owner_id, rating, cleanliness, accuracy, communication, value_rating, comment, created_at, updated_at) VALUES ('88f80ff1-6794-4184-bf9c-b652c4305424', 'V1A2B3C4-D5E6-7890-VHCL-111111111111', '8ac73d47-2608-4d0d-b1eb-620d55f25f15', 'D4E5F6G7-H8I9-0123-DEFG-456789012345', 'E5F6G7H8-I9J0-1234-EFGH-567890123456', 3, 3, 3, 3, 3, N'Trải nghiệm tuyệt vời!', '2024-01-23 00:00:00', '2024-01-23 00:00:00');
INSERT INTO bookings (id, vehicle_id, renter_id, owner_id, status, start_date, end_date, total_days, base_price, price_per_day, service_fee, taxes, total, deposit, created_at, updated_at) VALUES ('d67100e8-6a96-43fb-a6a1-a6a8c7ae7cd1', 'V1A2B3C4-D5E6-7890-VHCL-111111111111', 'C3D4E5F6-G7H8-9012-CDEF-345678901234', 'E5F6G7H8-I9J0-1234-EFGH-567890123456', 'COMPLETED', '2023-11-09', '2023-11-12', 3, 2400000, 800000, 240000.0, 192000.0, 2832000.0, 3000000, '2023-11-02 00:00:00', '2023-11-02 00:00:00');
INSERT INTO payments (id, booking_id, user_id, amount, currency, status, method, transaction_id, created_at, processed_at) VALUES ('cc7329cb-e9f5-4dee-b3ed-b444e4bffd2d', 'd67100e8-6a96-43fb-a6a1-a6a8c7ae7cd1', 'C3D4E5F6-G7H8-9012-CDEF-345678901234', 2832000.0, 'VND', 'SUCCEEDED', 'VNPAY', '0859bad1-7720-4a6c-9b60-6681ce7cb6a8', '2023-11-02 00:00:00', '2023-11-02 00:00:00');
INSERT INTO reviews (id, vehicle_id, booking_id, reviewer_id, owner_id, rating, cleanliness, accuracy, communication, value_rating, comment, created_at, updated_at) VALUES ('7f35d863-450c-47e3-b920-010c3fd18b2c', 'V1A2B3C4-D5E6-7890-VHCL-111111111111', 'd67100e8-6a96-43fb-a6a1-a6a8c7ae7cd1', 'C3D4E5F6-G7H8-9012-CDEF-345678901234', 'E5F6G7H8-I9J0-1234-EFGH-567890123456', 5, 5, 5, 5, 5, N'Trải nghiệm tuyệt vời!', '2023-11-12 00:00:00', '2023-11-12 00:00:00');
INSERT INTO bookings (id, vehicle_id, renter_id, owner_id, status, start_date, end_date, total_days, base_price, price_per_day, service_fee, taxes, total, deposit, created_at, updated_at) VALUES ('17ec1178-08d8-447c-99cc-7e271f37dfc0', 'V1A2B3C4-D5E6-7890-VHCL-111111111111', 'B2C3D4E5-F6G7-8901-BCDE-234567890123', 'E5F6G7H8-I9J0-1234-EFGH-567890123456', 'CANCELLED', '2023-06-27', '2023-07-01', 4, 3200000, 800000, 320000.0, 256000.0, 3776000.0, 3000000, '2023-06-23 00:00:00', '2023-06-23 00:00:00');
INSERT INTO payments (id, booking_id, user_id, amount, currency, status, method, transaction_id, created_at, processed_at) VALUES ('1544d6b7-acc8-43cf-8edd-d1e734fbcf14', '17ec1178-08d8-447c-99cc-7e271f37dfc0', 'B2C3D4E5-F6G7-8901-BCDE-234567890123', 3776000.0, 'VND', 'REFUNDED', 'VNPAY', 'bddb3465-3fb3-40ec-8f5f-6e32f3491784', '2023-06-23 00:00:00', '2023-06-23 00:00:00');
INSERT INTO bookings (id, vehicle_id, renter_id, owner_id, status, start_date, end_date, total_days, base_price, price_per_day, service_fee, taxes, total, deposit, created_at, updated_at) VALUES ('f4184b63-990b-479d-8b1d-91c94efe3f53', 'V1A2B3C4-D5E6-7890-VHCL-111111111111', 'D4E5F6G7-H8I9-0123-DEFG-456789012345', 'E5F6G7H8-I9J0-1234-EFGH-567890123456', 'COMPLETED', '2024-01-30', '2024-02-05', 6, 4800000, 800000, 480000.0, 384000.0, 5664000.0, 3000000, '2024-01-24 00:00:00', '2024-01-24 00:00:00');
INSERT INTO payments (id, booking_id, user_id, amount, currency, status, method, transaction_id, created_at, processed_at) VALUES ('a0c73e6f-74a3-4651-afe5-d27feaa936a7', 'f4184b63-990b-479d-8b1d-91c94efe3f53', 'D4E5F6G7-H8I9-0123-DEFG-456789012345', 5664000.0, 'VND', 'SUCCEEDED', 'VNPAY', '5706c9e0-1aa0-4177-bc48-d901ebdd4dc4', '2024-01-24 00:00:00', '2024-01-24 00:00:00');
INSERT INTO reviews (id, vehicle_id, booking_id, reviewer_id, owner_id, rating, cleanliness, accuracy, communication, value_rating, comment, created_at, updated_at) VALUES ('918fd2b8-e191-4322-9f77-25ec4ed01711', 'V1A2B3C4-D5E6-7890-VHCL-111111111111', 'f4184b63-990b-479d-8b1d-91c94efe3f53', 'D4E5F6G7-H8I9-0123-DEFG-456789012345', 'E5F6G7H8-I9J0-1234-EFGH-567890123456', 3, 3, 3, 3, 3, N'Trải nghiệm tuyệt vời!', '2024-02-05 00:00:00', '2024-02-05 00:00:00');
INSERT INTO bookings (id, vehicle_id, renter_id, owner_id, status, start_date, end_date, total_days, base_price, price_per_day, service_fee, taxes, total, deposit, created_at, updated_at) VALUES ('29559cf2-a471-4a9c-be4b-fd0f1eb21595', 'V1A2B3C4-D5E6-7890-VHCL-111111111111', 'B2C3D4E5-F6G7-8901-BCDE-234567890123', 'E5F6G7H8-I9J0-1234-EFGH-567890123456', 'COMPLETED', '2024-01-01', '2024-01-08', 7, 5600000, 800000, 560000.0, 448000.0, 6608000.0, 3000000, '2023-12-26 00:00:00', '2023-12-26 00:00:00');
INSERT INTO payments (id, booking_id, user_id, amount, currency, status, method, transaction_id, created_at, processed_at) VALUES ('8cdc9356-f749-412a-a9fe-e23f96d99349', '29559cf2-a471-4a9c-be4b-fd0f1eb21595', 'B2C3D4E5-F6G7-8901-BCDE-234567890123', 6608000.0, 'VND', 'SUCCEEDED', 'VNPAY', 'ede32c24-e9c3-4ff5-9451-766bd0a9b4e6', '2023-12-26 00:00:00', '2023-12-26 00:00:00');
INSERT INTO reviews (id, vehicle_id, booking_id, reviewer_id, owner_id, rating, cleanliness, accuracy, communication, value_rating, comment, created_at, updated_at) VALUES ('9e31aab6-d8e3-4362-b81e-894b49df88c9', 'V1A2B3C4-D5E6-7890-VHCL-111111111111', '29559cf2-a471-4a9c-be4b-fd0f1eb21595', 'B2C3D4E5-F6G7-8901-BCDE-234567890123', 'E5F6G7H8-I9J0-1234-EFGH-567890123456', 3, 3, 3, 3, 3, N'Trải nghiệm tuyệt vời!', '2024-01-08 00:00:00', '2024-01-08 00:00:00');
INSERT INTO bookings (id, vehicle_id, renter_id, owner_id, status, start_date, end_date, total_days, base_price, price_per_day, service_fee, taxes, total, deposit, created_at, updated_at) VALUES ('ec4d16c3-816c-4e6d-b918-288c0daa0370', 'V1A2B3C4-D5E6-7890-VHCL-111111111111', 'D4E5F6G7-H8I9-0123-DEFG-456789012345', 'E5F6G7H8-I9J0-1234-EFGH-567890123456', 'COMPLETED', '2023-05-08', '2023-05-16', 8, 6400000, 800000, 640000.0, 512000.0, 7552000.0, 3000000, '2023-05-06 00:00:00', '2023-05-06 00:00:00');
INSERT INTO payments (id, booking_id, user_id, amount, currency, status, method, transaction_id, created_at, processed_at) VALUES ('16d20998-8cbe-4dbe-9e7f-15216dc0e6b3', 'ec4d16c3-816c-4e6d-b918-288c0daa0370', 'D4E5F6G7-H8I9-0123-DEFG-456789012345', 7552000.0, 'VND', 'SUCCEEDED', 'VNPAY', '845b7002-65c0-489f-8a0a-75e078eaac48', '2023-05-06 00:00:00', '2023-05-06 00:00:00');
INSERT INTO reviews (id, vehicle_id, booking_id, reviewer_id, owner_id, rating, cleanliness, accuracy, communication, value_rating, comment, created_at, updated_at) VALUES ('6975acc3-a10e-4ac3-a47b-be0e3daaa484', 'V1A2B3C4-D5E6-7890-VHCL-111111111111', 'ec4d16c3-816c-4e6d-b918-288c0daa0370', 'D4E5F6G7-H8I9-0123-DEFG-456789012345', 'E5F6G7H8-I9J0-1234-EFGH-567890123456', 4, 4, 4, 4, 4, N'Trải nghiệm tuyệt vời!', '2023-05-16 00:00:00', '2023-05-16 00:00:00');
INSERT INTO bookings (id, vehicle_id, renter_id, owner_id, status, start_date, end_date, total_days, base_price, price_per_day, service_fee, taxes, total, deposit, created_at, updated_at) VALUES ('b06087f3-897c-449f-af08-228dd417ff19', 'V1A2B3C4-D5E6-7890-VHCL-111111111111', 'B2C3D4E5-F6G7-8901-BCDE-234567890123', 'E5F6G7H8-I9J0-1234-EFGH-567890123456', 'CANCELLED', '2023-02-03', '2023-02-04', 1, 800000, 800000, 80000.0, 64000.0, 944000.0, 3000000, '2023-01-26 00:00:00', '2023-01-26 00:00:00');
INSERT INTO payments (id, booking_id, user_id, amount, currency, status, method, transaction_id, created_at, processed_at) VALUES ('a940cea4-80bb-4a22-b31d-7cb173b9a1fa', 'b06087f3-897c-449f-af08-228dd417ff19', 'B2C3D4E5-F6G7-8901-BCDE-234567890123', 944000.0, 'VND', 'REFUNDED', 'VNPAY', '8895bb84-b037-4eec-b70c-5f729a01c2c5', '2023-01-26 00:00:00', '2023-01-26 00:00:00');
INSERT INTO bookings (id, vehicle_id, renter_id, owner_id, status, start_date, end_date, total_days, base_price, price_per_day, service_fee, taxes, total, deposit, created_at, updated_at) VALUES ('fca83064-e621-4cb4-bd0f-231c13dd89aa', 'V1A2B3C4-D5E6-7890-VHCL-111111111111', 'B2C3D4E5-F6G7-8901-BCDE-234567890123', 'E5F6G7H8-I9J0-1234-EFGH-567890123456', 'COMPLETED', '2024-01-14', '2024-01-18', 4, 3200000, 800000, 320000.0, 256000.0, 3776000.0, 3000000, '2024-01-12 00:00:00', '2024-01-12 00:00:00');
INSERT INTO payments (id, booking_id, user_id, amount, currency, status, method, transaction_id, created_at, processed_at) VALUES ('e104327b-ed19-43a8-ade1-e5b70425c99d', 'fca83064-e621-4cb4-bd0f-231c13dd89aa', 'B2C3D4E5-F6G7-8901-BCDE-234567890123', 3776000.0, 'VND', 'SUCCEEDED', 'VNPAY', 'a9ba87da-3ba9-4b99-88a1-79e7e057a0d7', '2024-01-12 00:00:00', '2024-01-12 00:00:00');
INSERT INTO reviews (id, vehicle_id, booking_id, reviewer_id, owner_id, rating, cleanliness, accuracy, communication, value_rating, comment, created_at, updated_at) VALUES ('efeda499-700d-4fb0-93df-380376024e23', 'V1A2B3C4-D5E6-7890-VHCL-111111111111', 'fca83064-e621-4cb4-bd0f-231c13dd89aa', 'B2C3D4E5-F6G7-8901-BCDE-234567890123', 'E5F6G7H8-I9J0-1234-EFGH-567890123456', 3, 3, 3, 3, 3, N'Trải nghiệm tuyệt vời!', '2024-01-18 00:00:00', '2024-01-18 00:00:00');
INSERT INTO bookings (id, vehicle_id, renter_id, owner_id, status, start_date, end_date, total_days, base_price, price_per_day, service_fee, taxes, total, deposit, created_at, updated_at) VALUES ('6bebd2eb-0d3b-440c-9e68-c8c4235574aa', 'V1A2B3C4-D5E6-7890-VHCL-111111111111', 'B2C3D4E5-F6G7-8901-BCDE-234567890123', 'E5F6G7H8-I9J0-1234-EFGH-567890123456', 'COMPLETED', '2023-06-08', '2023-06-14', 6, 4800000, 800000, 480000.0, 384000.0, 5664000.0, 3000000, '2023-06-01 00:00:00', '2023-06-01 00:00:00');
INSERT INTO payments (id, booking_id, user_id, amount, currency, status, method, transaction_id, created_at, processed_at) VALUES ('8e674c7c-83b4-472a-8742-fb98e417be47', '6bebd2eb-0d3b-440c-9e68-c8c4235574aa', 'B2C3D4E5-F6G7-8901-BCDE-234567890123', 5664000.0, 'VND', 'SUCCEEDED', 'VNPAY', 'dae0df83-b9e8-4d0a-b320-62e567b81a78', '2023-06-01 00:00:00', '2023-06-01 00:00:00');
INSERT INTO reviews (id, vehicle_id, booking_id, reviewer_id, owner_id, rating, cleanliness, accuracy, communication, value_rating, comment, created_at, updated_at) VALUES ('c611294f-b662-4ca6-aed0-8b1ff1dc0d87', 'V1A2B3C4-D5E6-7890-VHCL-111111111111', '6bebd2eb-0d3b-440c-9e68-c8c4235574aa', 'B2C3D4E5-F6G7-8901-BCDE-234567890123', 'E5F6G7H8-I9J0-1234-EFGH-567890123456', 4, 4, 4, 4, 4, N'Trải nghiệm tuyệt vời!', '2023-06-14 00:00:00', '2023-06-14 00:00:00');
INSERT INTO bookings (id, vehicle_id, renter_id, owner_id, status, start_date, end_date, total_days, base_price, price_per_day, service_fee, taxes, total, deposit, created_at, updated_at) VALUES ('009f932f-220e-4324-b12f-66bcdfc97be1', 'V1A2B3C4-D5E6-7890-VHCL-111111111111', 'B2C3D4E5-F6G7-8901-BCDE-234567890123', 'E5F6G7H8-I9J0-1234-EFGH-567890123456', 'COMPLETED', '2023-09-27', '2023-10-02', 5, 4000000, 800000, 400000.0, 320000.0, 4720000.0, 3000000, '2023-09-20 00:00:00', '2023-09-20 00:00:00');
INSERT INTO payments (id, booking_id, user_id, amount, currency, status, method, transaction_id, created_at, processed_at) VALUES ('09ed4bfc-3aa0-44d7-8835-e28e88de78e8', '009f932f-220e-4324-b12f-66bcdfc97be1', 'B2C3D4E5-F6G7-8901-BCDE-234567890123', 4720000.0, 'VND', 'SUCCEEDED', 'VNPAY', '336c8e0e-9cee-443c-b968-2554ba62f1be', '2023-09-20 00:00:00', '2023-09-20 00:00:00');
INSERT INTO reviews (id, vehicle_id, booking_id, reviewer_id, owner_id, rating, cleanliness, accuracy, communication, value_rating, comment, created_at, updated_at) VALUES ('adbee281-5e82-4bb4-996f-ffcab4141296', 'V1A2B3C4-D5E6-7890-VHCL-111111111111', '009f932f-220e-4324-b12f-66bcdfc97be1', 'B2C3D4E5-F6G7-8901-BCDE-234567890123', 'E5F6G7H8-I9J0-1234-EFGH-567890123456', 4, 4, 4, 4, 4, N'Trải nghiệm tuyệt vời!', '2023-10-02 00:00:00', '2023-10-02 00:00:00');
INSERT INTO bookings (id, vehicle_id, renter_id, owner_id, status, start_date, end_date, total_days, base_price, price_per_day, service_fee, taxes, total, deposit, created_at, updated_at) VALUES ('2862b9e3-7f04-4d56-98dd-d7fe1bf08e94', 'V1A2B3C4-D5E6-7890-VHCL-111111111111', 'B2C3D4E5-F6G7-8901-BCDE-234567890123', 'E5F6G7H8-I9J0-1234-EFGH-567890123456', 'CANCELLED', '2023-03-27', '2023-03-30', 3, 2400000, 800000, 240000.0, 192000.0, 2832000.0, 3000000, '2023-03-13 00:00:00', '2023-03-13 00:00:00');
INSERT INTO payments (id, booking_id, user_id, amount, currency, status, method, transaction_id, created_at, processed_at) VALUES ('27764fe2-9332-469e-a1f1-d722b7f930fd', '2862b9e3-7f04-4d56-98dd-d7fe1bf08e94', 'B2C3D4E5-F6G7-8901-BCDE-234567890123', 2832000.0, 'VND', 'REFUNDED', 'VNPAY', '6beffc1b-7d79-4929-8536-3e1760c54a13', '2023-03-13 00:00:00', '2023-03-13 00:00:00');
INSERT INTO bookings (id, vehicle_id, renter_id, owner_id, status, start_date, end_date, total_days, base_price, price_per_day, service_fee, taxes, total, deposit, created_at, updated_at) VALUES ('60d76a0a-29bc-4e90-9280-900ec6329c0e', 'V1A2B3C4-D5E6-7890-VHCL-111111111111', 'D4E5F6G7-H8I9-0123-DEFG-456789012345', 'E5F6G7H8-I9J0-1234-EFGH-567890123456', 'COMPLETED', '2023-05-24', '2023-06-03', 10, 8000000, 800000, 800000.0, 640000.0, 9440000.0, 3000000, '2023-05-11 00:00:00', '2023-05-11 00:00:00');
INSERT INTO payments (id, booking_id, user_id, amount, currency, status, method, transaction_id, created_at, processed_at) VALUES ('5e3ffe86-d6de-4a66-91f6-14307c39d682', '60d76a0a-29bc-4e90-9280-900ec6329c0e', 'D4E5F6G7-H8I9-0123-DEFG-456789012345', 9440000.0, 'VND', 'SUCCEEDED', 'VNPAY', 'c7694273-a9db-404e-a821-871e19e09840', '2023-05-11 00:00:00', '2023-05-11 00:00:00');
INSERT INTO reviews (id, vehicle_id, booking_id, reviewer_id, owner_id, rating, cleanliness, accuracy, communication, value_rating, comment, created_at, updated_at) VALUES ('666c2e04-9b1d-4b15-be51-8451f54b3d58', 'V1A2B3C4-D5E6-7890-VHCL-111111111111', '60d76a0a-29bc-4e90-9280-900ec6329c0e', 'D4E5F6G7-H8I9-0123-DEFG-456789012345', 'E5F6G7H8-I9J0-1234-EFGH-567890123456', 3, 3, 3, 3, 3, N'Trải nghiệm tuyệt vời!', '2023-06-03 00:00:00', '2023-06-03 00:00:00');
INSERT INTO bookings (id, vehicle_id, renter_id, owner_id, status, start_date, end_date, total_days, base_price, price_per_day, service_fee, taxes, total, deposit, created_at, updated_at) VALUES ('eadda296-c510-4c44-8fe6-6b0e0c49cce1', 'V1A2B3C4-D5E6-7890-VHCL-111111111111', 'B2C3D4E5-F6G7-8901-BCDE-234567890123', 'E5F6G7H8-I9J0-1234-EFGH-567890123456', 'COMPLETED', '2023-06-03', '2023-06-06', 3, 2400000, 800000, 240000.0, 192000.0, 2832000.0, 3000000, '2023-05-22 00:00:00', '2023-05-22 00:00:00');
INSERT INTO payments (id, booking_id, user_id, amount, currency, status, method, transaction_id, created_at, processed_at) VALUES ('0e4e86ee-925b-4da5-aaa4-fe9d4c1086cd', 'eadda296-c510-4c44-8fe6-6b0e0c49cce1', 'B2C3D4E5-F6G7-8901-BCDE-234567890123', 2832000.0, 'VND', 'SUCCEEDED', 'VNPAY', '78413adc-b231-4e84-8df0-f0c9da41fd53', '2023-05-22 00:00:00', '2023-05-22 00:00:00');
INSERT INTO reviews (id, vehicle_id, booking_id, reviewer_id, owner_id, rating, cleanliness, accuracy, communication, value_rating, comment, created_at, updated_at) VALUES ('4abdb7a6-ed48-4e64-a61b-43dc3b2c42ee', 'V1A2B3C4-D5E6-7890-VHCL-111111111111', 'eadda296-c510-4c44-8fe6-6b0e0c49cce1', 'B2C3D4E5-F6G7-8901-BCDE-234567890123', 'E5F6G7H8-I9J0-1234-EFGH-567890123456', 5, 5, 5, 5, 5, N'Trải nghiệm tuyệt vời!', '2023-06-06 00:00:00', '2023-06-06 00:00:00');
INSERT INTO bookings (id, vehicle_id, renter_id, owner_id, status, start_date, end_date, total_days, base_price, price_per_day, service_fee, taxes, total, deposit, created_at, updated_at) VALUES ('b6c37194-d5f0-44b8-87b1-9fa3a545a8b7', 'V1A2B3C4-D5E6-7890-VHCL-111111111111', 'D4E5F6G7-H8I9-0123-DEFG-456789012345', 'E5F6G7H8-I9J0-1234-EFGH-567890123456', 'COMPLETED', '2023-10-26', '2023-10-30', 4, 3200000, 800000, 320000.0, 256000.0, 3776000.0, 3000000, '2023-10-19 00:00:00', '2023-10-19 00:00:00');
INSERT INTO payments (id, booking_id, user_id, amount, currency, status, method, transaction_id, created_at, processed_at) VALUES ('9ac39508-4dd0-4f47-b122-0e2a9c0c7cd4', 'b6c37194-d5f0-44b8-87b1-9fa3a545a8b7', 'D4E5F6G7-H8I9-0123-DEFG-456789012345', 3776000.0, 'VND', 'SUCCEEDED', 'VNPAY', 'de7f393c-190c-4500-b176-a0bca63eff40', '2023-10-19 00:00:00', '2023-10-19 00:00:00');
INSERT INTO reviews (id, vehicle_id, booking_id, reviewer_id, owner_id, rating, cleanliness, accuracy, communication, value_rating, comment, created_at, updated_at) VALUES ('79c7818b-9187-48bf-9da2-b7cf2727f324', 'V1A2B3C4-D5E6-7890-VHCL-111111111111', 'b6c37194-d5f0-44b8-87b1-9fa3a545a8b7', 'D4E5F6G7-H8I9-0123-DEFG-456789012345', 'E5F6G7H8-I9J0-1234-EFGH-567890123456', 4, 4, 4, 4, 4, N'Trải nghiệm tuyệt vời!', '2023-10-30 00:00:00', '2023-10-30 00:00:00');
INSERT INTO bookings (id, vehicle_id, renter_id, owner_id, status, start_date, end_date, total_days, base_price, price_per_day, service_fee, taxes, total, deposit, created_at, updated_at) VALUES ('d6128196-9ad6-407c-a294-5ebeb15e45da', 'V1A2B3C4-D5E6-7890-VHCL-111111111111', 'C3D4E5F6-G7H8-9012-CDEF-345678901234', 'E5F6G7H8-I9J0-1234-EFGH-567890123456', 'COMPLETED', '2023-04-27', '2023-04-29', 2, 1600000, 800000, 160000.0, 128000.0, 1888000.0, 3000000, '2023-04-13 00:00:00', '2023-04-13 00:00:00');
INSERT INTO payments (id, booking_id, user_id, amount, currency, status, method, transaction_id, created_at, processed_at) VALUES ('dfa53c8d-c55e-43fe-b2da-25d6815fc9e0', 'd6128196-9ad6-407c-a294-5ebeb15e45da', 'C3D4E5F6-G7H8-9012-CDEF-345678901234', 1888000.0, 'VND', 'SUCCEEDED', 'VNPAY', '386f829e-6714-4871-80d2-91c0b69853de', '2023-04-13 00:00:00', '2023-04-13 00:00:00');
INSERT INTO reviews (id, vehicle_id, booking_id, reviewer_id, owner_id, rating, cleanliness, accuracy, communication, value_rating, comment, created_at, updated_at) VALUES ('12bc0ae3-d5f4-48b5-bfb4-c13e545f81a0', 'V1A2B3C4-D5E6-7890-VHCL-111111111111', 'd6128196-9ad6-407c-a294-5ebeb15e45da', 'C3D4E5F6-G7H8-9012-CDEF-345678901234', 'E5F6G7H8-I9J0-1234-EFGH-567890123456', 4, 4, 4, 4, 4, N'Trải nghiệm tuyệt vời!', '2023-04-29 00:00:00', '2023-04-29 00:00:00');
INSERT INTO bookings (id, vehicle_id, renter_id, owner_id, status, start_date, end_date, total_days, base_price, price_per_day, service_fee, taxes, total, deposit, created_at, updated_at) VALUES ('afb1e822-38e5-438a-943c-4eb86b4cd0bb', 'V1A2B3C4-D5E6-7890-VHCL-111111111111', 'B2C3D4E5-F6G7-8901-BCDE-234567890123', 'E5F6G7H8-I9J0-1234-EFGH-567890123456', 'COMPLETED', '2023-08-07', '2023-08-14', 7, 5600000, 800000, 560000.0, 448000.0, 6608000.0, 3000000, '2023-07-25 00:00:00', '2023-07-25 00:00:00');
INSERT INTO payments (id, booking_id, user_id, amount, currency, status, method, transaction_id, created_at, processed_at) VALUES ('80b755a6-f207-4e01-951c-aa66836e1f18', 'afb1e822-38e5-438a-943c-4eb86b4cd0bb', 'B2C3D4E5-F6G7-8901-BCDE-234567890123', 6608000.0, 'VND', 'SUCCEEDED', 'VNPAY', '7ddf0324-0cfd-4e4f-8f02-3d2c0c0807ea', '2023-07-25 00:00:00', '2023-07-25 00:00:00');
INSERT INTO reviews (id, vehicle_id, booking_id, reviewer_id, owner_id, rating, cleanliness, accuracy, communication, value_rating, comment, created_at, updated_at) VALUES ('14de5232-d663-43e0-97d3-ebe699e196f5', 'V1A2B3C4-D5E6-7890-VHCL-111111111111', 'afb1e822-38e5-438a-943c-4eb86b4cd0bb', 'B2C3D4E5-F6G7-8901-BCDE-234567890123', 'E5F6G7H8-I9J0-1234-EFGH-567890123456', 3, 3, 3, 3, 3, N'Trải nghiệm tuyệt vời!', '2023-08-14 00:00:00', '2023-08-14 00:00:00');
INSERT INTO bookings (id, vehicle_id, renter_id, owner_id, status, start_date, end_date, total_days, base_price, price_per_day, service_fee, taxes, total, deposit, created_at, updated_at) VALUES ('35933eb6-c6cf-49e4-88d1-45141aa3a38f', 'V1A2B3C4-D5E6-7890-VHCL-111111111111', 'B2C3D4E5-F6G7-8901-BCDE-234567890123', 'E5F6G7H8-I9J0-1234-EFGH-567890123456', 'COMPLETED', '2023-08-31', '2023-09-05', 5, 4000000, 800000, 400000.0, 320000.0, 4720000.0, 3000000, '2023-08-27 00:00:00', '2023-08-27 00:00:00');
INSERT INTO payments (id, booking_id, user_id, amount, currency, status, method, transaction_id, created_at, processed_at) VALUES ('21df6a92-6987-487b-8f38-d451d843cc67', '35933eb6-c6cf-49e4-88d1-45141aa3a38f', 'B2C3D4E5-F6G7-8901-BCDE-234567890123', 4720000.0, 'VND', 'SUCCEEDED', 'VNPAY', '91e703c8-d170-4a70-823c-7c95380643e3', '2023-08-27 00:00:00', '2023-08-27 00:00:00');
INSERT INTO reviews (id, vehicle_id, booking_id, reviewer_id, owner_id, rating, cleanliness, accuracy, communication, value_rating, comment, created_at, updated_at) VALUES ('676a0e36-07dc-4a1a-82a5-e635662bce95', 'V1A2B3C4-D5E6-7890-VHCL-111111111111', '35933eb6-c6cf-49e4-88d1-45141aa3a38f', 'B2C3D4E5-F6G7-8901-BCDE-234567890123', 'E5F6G7H8-I9J0-1234-EFGH-567890123456', 4, 4, 4, 4, 4, N'Trải nghiệm tuyệt vời!', '2023-09-05 00:00:00', '2023-09-05 00:00:00');
INSERT INTO bookings (id, vehicle_id, renter_id, owner_id, status, start_date, end_date, total_days, base_price, price_per_day, service_fee, taxes, total, deposit, created_at, updated_at) VALUES ('7810f9ff-2e11-4cf3-ae88-7b16836bb1cb', 'V1A2B3C4-D5E6-7890-VHCL-111111111111', 'C3D4E5F6-G7H8-9012-CDEF-345678901234', 'E5F6G7H8-I9J0-1234-EFGH-567890123456', 'COMPLETED', '2023-03-10', '2023-03-13', 3, 2400000, 800000, 240000.0, 192000.0, 2832000.0, 3000000, '2023-03-02 00:00:00', '2023-03-02 00:00:00');
INSERT INTO payments (id, booking_id, user_id, amount, currency, status, method, transaction_id, created_at, processed_at) VALUES ('ea25cdc6-928b-4223-943f-229231e53440', '7810f9ff-2e11-4cf3-ae88-7b16836bb1cb', 'C3D4E5F6-G7H8-9012-CDEF-345678901234', 2832000.0, 'VND', 'SUCCEEDED', 'VNPAY', 'e35768b2-d9eb-497c-bc56-6b2268ee98ab', '2023-03-02 00:00:00', '2023-03-02 00:00:00');
INSERT INTO reviews (id, vehicle_id, booking_id, reviewer_id, owner_id, rating, cleanliness, accuracy, communication, value_rating, comment, created_at, updated_at) VALUES ('3ef4ada4-cfbd-411d-96bc-ebf42c5f0f45', 'V1A2B3C4-D5E6-7890-VHCL-111111111111', '7810f9ff-2e11-4cf3-ae88-7b16836bb1cb', 'C3D4E5F6-G7H8-9012-CDEF-345678901234', 'E5F6G7H8-I9J0-1234-EFGH-567890123456', 5, 5, 5, 5, 5, N'Trải nghiệm tuyệt vời!', '2023-03-13 00:00:00', '2023-03-13 00:00:00');
INSERT INTO bookings (id, vehicle_id, renter_id, owner_id, status, start_date, end_date, total_days, base_price, price_per_day, service_fee, taxes, total, deposit, created_at, updated_at) VALUES ('e52027f3-df49-4bb8-a337-4ffe9dd9a7c2', 'V1A2B3C4-D5E6-7890-VHCL-111111111111', 'B2C3D4E5-F6G7-8901-BCDE-234567890123', 'E5F6G7H8-I9J0-1234-EFGH-567890123456', 'COMPLETED', '2024-05-21', '2024-05-31', 10, 8000000, 800000, 800000.0, 640000.0, 9440000.0, 3000000, '2024-05-08 00:00:00', '2024-05-08 00:00:00');
INSERT INTO payments (id, booking_id, user_id, amount, currency, status, method, transaction_id, created_at, processed_at) VALUES ('24a555e0-19d3-47e2-b684-cc3411acd161', 'e52027f3-df49-4bb8-a337-4ffe9dd9a7c2', 'B2C3D4E5-F6G7-8901-BCDE-234567890123', 9440000.0, 'VND', 'SUCCEEDED', 'VNPAY', '05d6554c-db63-471f-8b7c-8085b562e1d2', '2024-05-08 00:00:00', '2024-05-08 00:00:00');
INSERT INTO reviews (id, vehicle_id, booking_id, reviewer_id, owner_id, rating, cleanliness, accuracy, communication, value_rating, comment, created_at, updated_at) VALUES ('d327f985-9239-46f5-8ee1-812a35847b11', 'V1A2B3C4-D5E6-7890-VHCL-111111111111', 'e52027f3-df49-4bb8-a337-4ffe9dd9a7c2', 'B2C3D4E5-F6G7-8901-BCDE-234567890123', 'E5F6G7H8-I9J0-1234-EFGH-567890123456', 3, 3, 3, 3, 3, N'Trải nghiệm tuyệt vời!', '2024-05-31 00:00:00', '2024-05-31 00:00:00');
INSERT INTO bookings (id, vehicle_id, renter_id, owner_id, status, start_date, end_date, total_days, base_price, price_per_day, service_fee, taxes, total, deposit, created_at, updated_at) VALUES ('a00ca503-22c2-477e-98df-f84a40e5cc6e', 'V1A2B3C4-D5E6-7890-VHCL-111111111111', 'D4E5F6G7-H8I9-0123-DEFG-456789012345', 'E5F6G7H8-I9J0-1234-EFGH-567890123456', 'COMPLETED', '2024-01-22', '2024-01-30', 8, 6400000, 800000, 640000.0, 512000.0, 7552000.0, 3000000, '2024-01-18 00:00:00', '2024-01-18 00:00:00');
INSERT INTO payments (id, booking_id, user_id, amount, currency, status, method, transaction_id, created_at, processed_at) VALUES ('f74873c7-40c9-4823-a026-b68b97104dbf', 'a00ca503-22c2-477e-98df-f84a40e5cc6e', 'D4E5F6G7-H8I9-0123-DEFG-456789012345', 7552000.0, 'VND', 'SUCCEEDED', 'VNPAY', 'caea3830-3559-41f6-bcf5-37559ef1aa7d', '2024-01-18 00:00:00', '2024-01-18 00:00:00');
INSERT INTO reviews (id, vehicle_id, booking_id, reviewer_id, owner_id, rating, cleanliness, accuracy, communication, value_rating, comment, created_at, updated_at) VALUES ('81ce9f2c-0675-42dc-807d-11102b0a23ad', 'V1A2B3C4-D5E6-7890-VHCL-111111111111', 'a00ca503-22c2-477e-98df-f84a40e5cc6e', 'D4E5F6G7-H8I9-0123-DEFG-456789012345', 'E5F6G7H8-I9J0-1234-EFGH-567890123456', 4, 4, 4, 4, 4, N'Trải nghiệm tuyệt vời!', '2024-01-30 00:00:00', '2024-01-30 00:00:00');
INSERT INTO bookings (id, vehicle_id, renter_id, owner_id, status, start_date, end_date, total_days, base_price, price_per_day, service_fee, taxes, total, deposit, created_at, updated_at) VALUES ('93e3e297-7d81-4154-82aa-4965b88d98f7', 'V1A2B3C4-D5E6-7890-VHCL-111111111111', 'B2C3D4E5-F6G7-8901-BCDE-234567890123', 'E5F6G7H8-I9J0-1234-EFGH-567890123456', 'COMPLETED', '2024-01-21', '2024-01-23', 2, 1600000, 800000, 160000.0, 128000.0, 1888000.0, 3000000, '2024-01-18 00:00:00', '2024-01-18 00:00:00');
INSERT INTO payments (id, booking_id, user_id, amount, currency, status, method, transaction_id, created_at, processed_at) VALUES ('ac8b45dd-b7d9-4757-8841-4a61f82a0523', '93e3e297-7d81-4154-82aa-4965b88d98f7', 'B2C3D4E5-F6G7-8901-BCDE-234567890123', 1888000.0, 'VND', 'SUCCEEDED', 'VNPAY', '70779e06-632b-42a2-a303-3903c62f43fd', '2024-01-18 00:00:00', '2024-01-18 00:00:00');
INSERT INTO reviews (id, vehicle_id, booking_id, reviewer_id, owner_id, rating, cleanliness, accuracy, communication, value_rating, comment, created_at, updated_at) VALUES ('fcc978af-649a-4137-809e-15e02eff728b', 'V1A2B3C4-D5E6-7890-VHCL-111111111111', '93e3e297-7d81-4154-82aa-4965b88d98f7', 'B2C3D4E5-F6G7-8901-BCDE-234567890123', 'E5F6G7H8-I9J0-1234-EFGH-567890123456', 5, 5, 5, 5, 5, N'Trải nghiệm tuyệt vời!', '2024-01-23 00:00:00', '2024-01-23 00:00:00');
INSERT INTO bookings (id, vehicle_id, renter_id, owner_id, status, start_date, end_date, total_days, base_price, price_per_day, service_fee, taxes, total, deposit, created_at, updated_at) VALUES ('7f3f50a7-14d5-4065-abb4-31fefcfaa353', 'V1A2B3C4-D5E6-7890-VHCL-111111111111', 'C3D4E5F6-G7H8-9012-CDEF-345678901234', 'E5F6G7H8-I9J0-1234-EFGH-567890123456', 'COMPLETED', '2023-06-16', '2023-06-20', 4, 3200000, 800000, 320000.0, 256000.0, 3776000.0, 3000000, '2023-06-04 00:00:00', '2023-06-04 00:00:00');
INSERT INTO payments (id, booking_id, user_id, amount, currency, status, method, transaction_id, created_at, processed_at) VALUES ('a2d1c959-825b-4ff1-94cb-eab59c370b86', '7f3f50a7-14d5-4065-abb4-31fefcfaa353', 'C3D4E5F6-G7H8-9012-CDEF-345678901234', 3776000.0, 'VND', 'SUCCEEDED', 'VNPAY', 'b8229e1a-4ad4-40fd-9e41-580d1c4bd4d6', '2023-06-04 00:00:00', '2023-06-04 00:00:00');
INSERT INTO reviews (id, vehicle_id, booking_id, reviewer_id, owner_id, rating, cleanliness, accuracy, communication, value_rating, comment, created_at, updated_at) VALUES ('4cac01b5-3806-4659-b49c-9f9bc5ae60a0', 'V1A2B3C4-D5E6-7890-VHCL-111111111111', '7f3f50a7-14d5-4065-abb4-31fefcfaa353', 'C3D4E5F6-G7H8-9012-CDEF-345678901234', 'E5F6G7H8-I9J0-1234-EFGH-567890123456', 4, 4, 4, 4, 4, N'Trải nghiệm tuyệt vời!', '2023-06-20 00:00:00', '2023-06-20 00:00:00');
INSERT INTO bookings (id, vehicle_id, renter_id, owner_id, status, start_date, end_date, total_days, base_price, price_per_day, service_fee, taxes, total, deposit, created_at, updated_at) VALUES ('4912b12b-9846-42f5-9276-04ee2899c016', 'V1A2B3C4-D5E6-7890-VHCL-111111111111', 'D4E5F6G7-H8I9-0123-DEFG-456789012345', 'E5F6G7H8-I9J0-1234-EFGH-567890123456', 'COMPLETED', '2023-10-22', '2023-10-29', 7, 5600000, 800000, 560000.0, 448000.0, 6608000.0, 3000000, '2023-10-13 00:00:00', '2023-10-13 00:00:00');
INSERT INTO payments (id, booking_id, user_id, amount, currency, status, method, transaction_id, created_at, processed_at) VALUES ('bd1a43ef-c4d5-45fd-bd9b-a84614edf180', '4912b12b-9846-42f5-9276-04ee2899c016', 'D4E5F6G7-H8I9-0123-DEFG-456789012345', 6608000.0, 'VND', 'SUCCEEDED', 'VNPAY', 'e2e5d646-557b-4f58-a6ab-0937057d6646', '2023-10-13 00:00:00', '2023-10-13 00:00:00');
INSERT INTO reviews (id, vehicle_id, booking_id, reviewer_id, owner_id, rating, cleanliness, accuracy, communication, value_rating, comment, created_at, updated_at) VALUES ('732988d9-4a73-4850-8535-b953d1b577d7', 'V1A2B3C4-D5E6-7890-VHCL-111111111111', '4912b12b-9846-42f5-9276-04ee2899c016', 'D4E5F6G7-H8I9-0123-DEFG-456789012345', 'E5F6G7H8-I9J0-1234-EFGH-567890123456', 5, 5, 5, 5, 5, N'Trải nghiệm tuyệt vời!', '2023-10-29 00:00:00', '2023-10-29 00:00:00');
INSERT INTO bookings (id, vehicle_id, renter_id, owner_id, status, start_date, end_date, total_days, base_price, price_per_day, service_fee, taxes, total, deposit, created_at, updated_at) VALUES ('d973069c-85a6-4ae9-bab2-f4dd2d720bf1', 'V1A2B3C4-D5E6-7890-VHCL-111111111111', 'C3D4E5F6-G7H8-9012-CDEF-345678901234', 'E5F6G7H8-I9J0-1234-EFGH-567890123456', 'COMPLETED', '2024-04-30', '2024-05-04', 4, 3200000, 800000, 320000.0, 256000.0, 3776000.0, 3000000, '2024-04-18 00:00:00', '2024-04-18 00:00:00');
INSERT INTO payments (id, booking_id, user_id, amount, currency, status, method, transaction_id, created_at, processed_at) VALUES ('420d649a-bc97-4937-9a60-b864e8003c91', 'd973069c-85a6-4ae9-bab2-f4dd2d720bf1', 'C3D4E5F6-G7H8-9012-CDEF-345678901234', 3776000.0, 'VND', 'SUCCEEDED', 'VNPAY', '646e5dc0-920c-481a-b271-e17d39975b65', '2024-04-18 00:00:00', '2024-04-18 00:00:00');
INSERT INTO reviews (id, vehicle_id, booking_id, reviewer_id, owner_id, rating, cleanliness, accuracy, communication, value_rating, comment, created_at, updated_at) VALUES ('805bd19c-7d39-44d4-8b57-a10719d7289d', 'V1A2B3C4-D5E6-7890-VHCL-111111111111', 'd973069c-85a6-4ae9-bab2-f4dd2d720bf1', 'C3D4E5F6-G7H8-9012-CDEF-345678901234', 'E5F6G7H8-I9J0-1234-EFGH-567890123456', 4, 4, 4, 4, 4, N'Trải nghiệm tuyệt vời!', '2024-05-04 00:00:00', '2024-05-04 00:00:00');
INSERT INTO bookings (id, vehicle_id, renter_id, owner_id, status, start_date, end_date, total_days, base_price, price_per_day, service_fee, taxes, total, deposit, created_at, updated_at) VALUES ('cffbdc41-4052-4182-9a85-90d8d3fc4b36', 'V1A2B3C4-D5E6-7890-VHCL-111111111111', 'B2C3D4E5-F6G7-8901-BCDE-234567890123', 'E5F6G7H8-I9J0-1234-EFGH-567890123456', 'COMPLETED', '2023-03-02', '2023-03-11', 9, 7200000, 800000, 720000.0, 576000.0, 8496000.0, 3000000, '2023-02-26 00:00:00', '2023-02-26 00:00:00');
INSERT INTO payments (id, booking_id, user_id, amount, currency, status, method, transaction_id, created_at, processed_at) VALUES ('2ec25523-1dc8-42c4-b0dd-aec9c587194c', 'cffbdc41-4052-4182-9a85-90d8d3fc4b36', 'B2C3D4E5-F6G7-8901-BCDE-234567890123', 8496000.0, 'VND', 'SUCCEEDED', 'VNPAY', 'f32bbf83-8d1e-48cb-b8a8-48ecaa9b710a', '2023-02-26 00:00:00', '2023-02-26 00:00:00');
INSERT INTO reviews (id, vehicle_id, booking_id, reviewer_id, owner_id, rating, cleanliness, accuracy, communication, value_rating, comment, created_at, updated_at) VALUES ('dbd84ce0-1356-4af4-b06f-adcb0763f712', 'V1A2B3C4-D5E6-7890-VHCL-111111111111', 'cffbdc41-4052-4182-9a85-90d8d3fc4b36', 'B2C3D4E5-F6G7-8901-BCDE-234567890123', 'E5F6G7H8-I9J0-1234-EFGH-567890123456', 5, 5, 5, 5, 5, N'Trải nghiệm tuyệt vời!', '2023-03-11 00:00:00', '2023-03-11 00:00:00');
INSERT INTO bookings (id, vehicle_id, renter_id, owner_id, status, start_date, end_date, total_days, base_price, price_per_day, service_fee, taxes, total, deposit, created_at, updated_at) VALUES ('0bd9746f-5177-4d39-b3cc-71cb348f270c', 'V1A2B3C4-D5E6-7890-VHCL-111111111111', 'B2C3D4E5-F6G7-8901-BCDE-234567890123', 'E5F6G7H8-I9J0-1234-EFGH-567890123456', 'COMPLETED', '2024-04-19', '2024-04-26', 7, 5600000, 800000, 560000.0, 448000.0, 6608000.0, 3000000, '2024-04-10 00:00:00', '2024-04-10 00:00:00');
INSERT INTO payments (id, booking_id, user_id, amount, currency, status, method, transaction_id, created_at, processed_at) VALUES ('2632911f-6c07-4edf-a2f3-157db5417c92', '0bd9746f-5177-4d39-b3cc-71cb348f270c', 'B2C3D4E5-F6G7-8901-BCDE-234567890123', 6608000.0, 'VND', 'SUCCEEDED', 'VNPAY', '627d46b3-8d65-4f9c-a49b-62c3a5f30c37', '2024-04-10 00:00:00', '2024-04-10 00:00:00');
INSERT INTO reviews (id, vehicle_id, booking_id, reviewer_id, owner_id, rating, cleanliness, accuracy, communication, value_rating, comment, created_at, updated_at) VALUES ('db57800e-9871-4d0e-a870-0b538fdf5ccc', 'V1A2B3C4-D5E6-7890-VHCL-111111111111', '0bd9746f-5177-4d39-b3cc-71cb348f270c', 'B2C3D4E5-F6G7-8901-BCDE-234567890123', 'E5F6G7H8-I9J0-1234-EFGH-567890123456', 5, 5, 5, 5, 5, N'Trải nghiệm tuyệt vời!', '2024-04-26 00:00:00', '2024-04-26 00:00:00');
INSERT INTO bookings (id, vehicle_id, renter_id, owner_id, status, start_date, end_date, total_days, base_price, price_per_day, service_fee, taxes, total, deposit, created_at, updated_at) VALUES ('82a29ad0-7e22-4153-bcb8-2d6fb2821e81', 'V1A2B3C4-D5E6-7890-VHCL-111111111111', 'C3D4E5F6-G7H8-9012-CDEF-345678901234', 'E5F6G7H8-I9J0-1234-EFGH-567890123456', 'COMPLETED', '2024-04-07', '2024-04-09', 2, 1600000, 800000, 160000.0, 128000.0, 1888000.0, 3000000, '2024-04-04 00:00:00', '2024-04-04 00:00:00');
INSERT INTO payments (id, booking_id, user_id, amount, currency, status, method, transaction_id, created_at, processed_at) VALUES ('6a7adb9d-b011-4d57-8e6c-12fc0bd6397a', '82a29ad0-7e22-4153-bcb8-2d6fb2821e81', 'C3D4E5F6-G7H8-9012-CDEF-345678901234', 1888000.0, 'VND', 'SUCCEEDED', 'VNPAY', '1987fde4-9a22-4170-bb94-8ab96a1957ee', '2024-04-04 00:00:00', '2024-04-04 00:00:00');
INSERT INTO reviews (id, vehicle_id, booking_id, reviewer_id, owner_id, rating, cleanliness, accuracy, communication, value_rating, comment, created_at, updated_at) VALUES ('7328594c-31a9-4105-a77e-c07f381effd1', 'V1A2B3C4-D5E6-7890-VHCL-111111111111', '82a29ad0-7e22-4153-bcb8-2d6fb2821e81', 'C3D4E5F6-G7H8-9012-CDEF-345678901234', 'E5F6G7H8-I9J0-1234-EFGH-567890123456', 4, 4, 4, 4, 4, N'Trải nghiệm tuyệt vời!', '2024-04-09 00:00:00', '2024-04-09 00:00:00');
INSERT INTO bookings (id, vehicle_id, renter_id, owner_id, status, start_date, end_date, total_days, base_price, price_per_day, service_fee, taxes, total, deposit, created_at, updated_at) VALUES ('11a6c6ec-e0a5-4205-b138-c07a185695a5', 'V1A2B3C4-D5E6-7890-VHCL-111111111111', 'B2C3D4E5-F6G7-8901-BCDE-234567890123', 'E5F6G7H8-I9J0-1234-EFGH-567890123456', 'CANCELLED', '2024-03-26', '2024-04-01', 6, 4800000, 800000, 480000.0, 384000.0, 5664000.0, 3000000, '2024-03-23 00:00:00', '2024-03-23 00:00:00');
INSERT INTO payments (id, booking_id, user_id, amount, currency, status, method, transaction_id, created_at, processed_at) VALUES ('2c9a804a-0275-4488-8a3c-6c6e865492b4', '11a6c6ec-e0a5-4205-b138-c07a185695a5', 'B2C3D4E5-F6G7-8901-BCDE-234567890123', 5664000.0, 'VND', 'REFUNDED', 'VNPAY', '8a476471-e30d-4cac-8c49-d79e84787ac7', '2024-03-23 00:00:00', '2024-03-23 00:00:00');
INSERT INTO bookings (id, vehicle_id, renter_id, owner_id, status, start_date, end_date, total_days, base_price, price_per_day, service_fee, taxes, total, deposit, created_at, updated_at) VALUES ('355e3e05-8ccd-493a-9e45-85d69bc080d2', 'V1A2B3C4-D5E6-7890-VHCL-111111111111', 'C3D4E5F6-G7H8-9012-CDEF-345678901234', 'E5F6G7H8-I9J0-1234-EFGH-567890123456', 'COMPLETED', '2023-04-06', '2023-04-11', 5, 4000000, 800000, 400000.0, 320000.0, 4720000.0, 3000000, '2023-03-27 00:00:00', '2023-03-27 00:00:00');
INSERT INTO payments (id, booking_id, user_id, amount, currency, status, method, transaction_id, created_at, processed_at) VALUES ('82192de2-eb8a-4dba-897b-f591ca22b16d', '355e3e05-8ccd-493a-9e45-85d69bc080d2', 'C3D4E5F6-G7H8-9012-CDEF-345678901234', 4720000.0, 'VND', 'SUCCEEDED', 'VNPAY', '9d3e7770-4045-4f4b-86b6-832085adf1ae', '2023-03-27 00:00:00', '2023-03-27 00:00:00');
INSERT INTO reviews (id, vehicle_id, booking_id, reviewer_id, owner_id, rating, cleanliness, accuracy, communication, value_rating, comment, created_at, updated_at) VALUES ('3a440ed4-d14c-4316-b819-4c09e89b4b17', 'V1A2B3C4-D5E6-7890-VHCL-111111111111', '355e3e05-8ccd-493a-9e45-85d69bc080d2', 'C3D4E5F6-G7H8-9012-CDEF-345678901234', 'E5F6G7H8-I9J0-1234-EFGH-567890123456', 3, 3, 3, 3, 3, N'Trải nghiệm tuyệt vời!', '2023-04-11 00:00:00', '2023-04-11 00:00:00');
INSERT INTO bookings (id, vehicle_id, renter_id, owner_id, status, start_date, end_date, total_days, base_price, price_per_day, service_fee, taxes, total, deposit, created_at, updated_at) VALUES ('2fdb2441-3887-4cc7-8d88-d54279c99233', 'V1A2B3C4-D5E6-7890-VHCL-111111111111', 'C3D4E5F6-G7H8-9012-CDEF-345678901234', 'E5F6G7H8-I9J0-1234-EFGH-567890123456', 'CANCELLED', '2023-12-21', '2023-12-28', 7, 5600000, 800000, 560000.0, 448000.0, 6608000.0, 3000000, '2023-12-15 00:00:00', '2023-12-15 00:00:00');
INSERT INTO payments (id, booking_id, user_id, amount, currency, status, method, transaction_id, created_at, processed_at) VALUES ('0c564e30-fbe3-4a0b-9293-e6da81e1503e', '2fdb2441-3887-4cc7-8d88-d54279c99233', 'C3D4E5F6-G7H8-9012-CDEF-345678901234', 6608000.0, 'VND', 'REFUNDED', 'VNPAY', '3e73943e-1fd9-4ebe-8240-26c23ecb2168', '2023-12-15 00:00:00', '2023-12-15 00:00:00');
INSERT INTO bookings (id, vehicle_id, renter_id, owner_id, status, start_date, end_date, total_days, base_price, price_per_day, service_fee, taxes, total, deposit, created_at, updated_at) VALUES ('e9b7246d-11a7-4c11-bac4-f1c314fe5c1a', 'V1A2B3C4-D5E6-7890-VHCL-111111111111', 'B2C3D4E5-F6G7-8901-BCDE-234567890123', 'E5F6G7H8-I9J0-1234-EFGH-567890123456', 'COMPLETED', '2023-10-19', '2023-10-22', 3, 2400000, 800000, 240000.0, 192000.0, 2832000.0, 3000000, '2023-10-08 00:00:00', '2023-10-08 00:00:00');
INSERT INTO payments (id, booking_id, user_id, amount, currency, status, method, transaction_id, created_at, processed_at) VALUES ('8512eda1-abc2-4f0e-bbfe-24bf4f5f3da3', 'e9b7246d-11a7-4c11-bac4-f1c314fe5c1a', 'B2C3D4E5-F6G7-8901-BCDE-234567890123', 2832000.0, 'VND', 'SUCCEEDED', 'VNPAY', 'c2c20012-b700-4a90-85df-fe061db8a1f9', '2023-10-08 00:00:00', '2023-10-08 00:00:00');
INSERT INTO reviews (id, vehicle_id, booking_id, reviewer_id, owner_id, rating, cleanliness, accuracy, communication, value_rating, comment, created_at, updated_at) VALUES ('78d190b9-e5be-480f-92c8-a7f5ade457bb', 'V1A2B3C4-D5E6-7890-VHCL-111111111111', 'e9b7246d-11a7-4c11-bac4-f1c314fe5c1a', 'B2C3D4E5-F6G7-8901-BCDE-234567890123', 'E5F6G7H8-I9J0-1234-EFGH-567890123456', 4, 4, 4, 4, 4, N'Trải nghiệm tuyệt vời!', '2023-10-22 00:00:00', '2023-10-22 00:00:00');
INSERT INTO bookings (id, vehicle_id, renter_id, owner_id, status, start_date, end_date, total_days, base_price, price_per_day, service_fee, taxes, total, deposit, created_at, updated_at) VALUES ('d3884643-a408-42a6-b80b-fa20519dda20', 'V1A2B3C4-D5E6-7890-VHCL-111111111111', 'B2C3D4E5-F6G7-8901-BCDE-234567890123', 'E5F6G7H8-I9J0-1234-EFGH-567890123456', 'COMPLETED', '2023-08-18', '2023-08-25', 7, 5600000, 800000, 560000.0, 448000.0, 6608000.0, 3000000, '2023-08-17 00:00:00', '2023-08-17 00:00:00');
INSERT INTO payments (id, booking_id, user_id, amount, currency, status, method, transaction_id, created_at, processed_at) VALUES ('31c076bb-80ed-415b-8d29-2631d0234375', 'd3884643-a408-42a6-b80b-fa20519dda20', 'B2C3D4E5-F6G7-8901-BCDE-234567890123', 6608000.0, 'VND', 'SUCCEEDED', 'VNPAY', '20eec073-82d6-4d5a-b6fc-8fffa0c0dac5', '2023-08-17 00:00:00', '2023-08-17 00:00:00');
INSERT INTO reviews (id, vehicle_id, booking_id, reviewer_id, owner_id, rating, cleanliness, accuracy, communication, value_rating, comment, created_at, updated_at) VALUES ('4dbfcd6b-f1e4-4d63-ba7e-fa3c294e56f9', 'V1A2B3C4-D5E6-7890-VHCL-111111111111', 'd3884643-a408-42a6-b80b-fa20519dda20', 'B2C3D4E5-F6G7-8901-BCDE-234567890123', 'E5F6G7H8-I9J0-1234-EFGH-567890123456', 4, 4, 4, 4, 4, N'Trải nghiệm tuyệt vời!', '2023-08-25 00:00:00', '2023-08-25 00:00:00');
INSERT INTO bookings (id, vehicle_id, renter_id, owner_id, status, start_date, end_date, total_days, base_price, price_per_day, service_fee, taxes, total, deposit, created_at, updated_at) VALUES ('28f05d12-c978-431e-8c99-bf3df6a76ed5', 'V1A2B3C4-D5E6-7890-VHCL-111111111111', 'D4E5F6G7-H8I9-0123-DEFG-456789012345', 'E5F6G7H8-I9J0-1234-EFGH-567890123456', 'COMPLETED', '2024-01-12', '2024-01-15', 3, 2400000, 800000, 240000.0, 192000.0, 2832000.0, 3000000, '2024-01-05 00:00:00', '2024-01-05 00:00:00');
INSERT INTO payments (id, booking_id, user_id, amount, currency, status, method, transaction_id, created_at, processed_at) VALUES ('25dbc96a-8005-4c2d-b45c-a3a67a02296d', '28f05d12-c978-431e-8c99-bf3df6a76ed5', 'D4E5F6G7-H8I9-0123-DEFG-456789012345', 2832000.0, 'VND', 'SUCCEEDED', 'VNPAY', '2fd0b8a8-c7c9-4a52-aa01-daa141beb47e', '2024-01-05 00:00:00', '2024-01-05 00:00:00');
INSERT INTO reviews (id, vehicle_id, booking_id, reviewer_id, owner_id, rating, cleanliness, accuracy, communication, value_rating, comment, created_at, updated_at) VALUES ('372a9511-4673-4947-a088-70f524ec09d3', 'V1A2B3C4-D5E6-7890-VHCL-111111111111', '28f05d12-c978-431e-8c99-bf3df6a76ed5', 'D4E5F6G7-H8I9-0123-DEFG-456789012345', 'E5F6G7H8-I9J0-1234-EFGH-567890123456', 4, 4, 4, 4, 4, N'Trải nghiệm tuyệt vời!', '2024-01-15 00:00:00', '2024-01-15 00:00:00');
INSERT INTO bookings (id, vehicle_id, renter_id, owner_id, status, start_date, end_date, total_days, base_price, price_per_day, service_fee, taxes, total, deposit, created_at, updated_at) VALUES ('a915cb74-f7ea-44a5-a836-0356d1a3640a', 'V1A2B3C4-D5E6-7890-VHCL-111111111111', 'D4E5F6G7-H8I9-0123-DEFG-456789012345', 'E5F6G7H8-I9J0-1234-EFGH-567890123456', 'COMPLETED', '2023-03-01', '2023-03-04', 3, 2400000, 800000, 240000.0, 192000.0, 2832000.0, 3000000, '2023-02-16 00:00:00', '2023-02-16 00:00:00');
INSERT INTO payments (id, booking_id, user_id, amount, currency, status, method, transaction_id, created_at, processed_at) VALUES ('ba27ff2b-9db5-4c76-8ee3-a7372e7660bb', 'a915cb74-f7ea-44a5-a836-0356d1a3640a', 'D4E5F6G7-H8I9-0123-DEFG-456789012345', 2832000.0, 'VND', 'SUCCEEDED', 'VNPAY', '765b45fc-e688-456b-9fa5-aa93c01b70c9', '2023-02-16 00:00:00', '2023-02-16 00:00:00');
INSERT INTO reviews (id, vehicle_id, booking_id, reviewer_id, owner_id, rating, cleanliness, accuracy, communication, value_rating, comment, created_at, updated_at) VALUES ('b2e2401d-d569-4c7d-bfdc-9fd06c5bb209', 'V1A2B3C4-D5E6-7890-VHCL-111111111111', 'a915cb74-f7ea-44a5-a836-0356d1a3640a', 'D4E5F6G7-H8I9-0123-DEFG-456789012345', 'E5F6G7H8-I9J0-1234-EFGH-567890123456', 5, 5, 5, 5, 5, N'Trải nghiệm tuyệt vời!', '2023-03-04 00:00:00', '2023-03-04 00:00:00');
INSERT INTO bookings (id, vehicle_id, renter_id, owner_id, status, start_date, end_date, total_days, base_price, price_per_day, service_fee, taxes, total, deposit, created_at, updated_at) VALUES ('74eb93aa-0c76-46d8-920c-a9ffbaf82a47', 'V1A2B3C4-D5E6-7890-VHCL-111111111111', 'C3D4E5F6-G7H8-9012-CDEF-345678901234', 'E5F6G7H8-I9J0-1234-EFGH-567890123456', 'COMPLETED', '2024-03-14', '2024-03-20', 6, 4800000, 800000, 480000.0, 384000.0, 5664000.0, 3000000, '2024-03-10 00:00:00', '2024-03-10 00:00:00');
INSERT INTO payments (id, booking_id, user_id, amount, currency, status, method, transaction_id, created_at, processed_at) VALUES ('328e1643-da70-4de2-a223-f90e0233be68', '74eb93aa-0c76-46d8-920c-a9ffbaf82a47', 'C3D4E5F6-G7H8-9012-CDEF-345678901234', 5664000.0, 'VND', 'SUCCEEDED', 'VNPAY', '78a6127a-b1a5-4ea6-9f9a-956ef7fd5e6b', '2024-03-10 00:00:00', '2024-03-10 00:00:00');
INSERT INTO reviews (id, vehicle_id, booking_id, reviewer_id, owner_id, rating, cleanliness, accuracy, communication, value_rating, comment, created_at, updated_at) VALUES ('4f05779b-b18b-41f8-a915-9868dbb90479', 'V1A2B3C4-D5E6-7890-VHCL-111111111111', '74eb93aa-0c76-46d8-920c-a9ffbaf82a47', 'C3D4E5F6-G7H8-9012-CDEF-345678901234', 'E5F6G7H8-I9J0-1234-EFGH-567890123456', 4, 4, 4, 4, 4, N'Trải nghiệm tuyệt vời!', '2024-03-20 00:00:00', '2024-03-20 00:00:00');
INSERT INTO bookings (id, vehicle_id, renter_id, owner_id, status, start_date, end_date, total_days, base_price, price_per_day, service_fee, taxes, total, deposit, created_at, updated_at) VALUES ('e9bd61e9-24a8-4890-971b-09d94393e92b', 'V1A2B3C4-D5E6-7890-VHCL-111111111111', 'B2C3D4E5-F6G7-8901-BCDE-234567890123', 'E5F6G7H8-I9J0-1234-EFGH-567890123456', 'COMPLETED', '2023-11-06', '2023-11-12', 6, 4800000, 800000, 480000.0, 384000.0, 5664000.0, 3000000, '2023-11-05 00:00:00', '2023-11-05 00:00:00');
INSERT INTO payments (id, booking_id, user_id, amount, currency, status, method, transaction_id, created_at, processed_at) VALUES ('3ebb29bc-8e52-40bf-968e-e34b2bbed79c', 'e9bd61e9-24a8-4890-971b-09d94393e92b', 'B2C3D4E5-F6G7-8901-BCDE-234567890123', 5664000.0, 'VND', 'SUCCEEDED', 'VNPAY', 'd8726e90-324d-4d0e-8a28-017b105e531a', '2023-11-05 00:00:00', '2023-11-05 00:00:00');
INSERT INTO reviews (id, vehicle_id, booking_id, reviewer_id, owner_id, rating, cleanliness, accuracy, communication, value_rating, comment, created_at, updated_at) VALUES ('35f6a7f0-2808-4e59-9d7c-8c4d4f7dafce', 'V1A2B3C4-D5E6-7890-VHCL-111111111111', 'e9bd61e9-24a8-4890-971b-09d94393e92b', 'B2C3D4E5-F6G7-8901-BCDE-234567890123', 'E5F6G7H8-I9J0-1234-EFGH-567890123456', 5, 5, 5, 5, 5, N'Trải nghiệm tuyệt vời!', '2023-11-12 00:00:00', '2023-11-12 00:00:00');
INSERT INTO bookings (id, vehicle_id, renter_id, owner_id, status, start_date, end_date, total_days, base_price, price_per_day, service_fee, taxes, total, deposit, created_at, updated_at) VALUES ('67d9b59c-3cb8-4a63-86fe-d6cbbd9a9d72', 'V1A2B3C4-D5E6-7890-VHCL-111111111111', 'D4E5F6G7-H8I9-0123-DEFG-456789012345', 'E5F6G7H8-I9J0-1234-EFGH-567890123456', 'COMPLETED', '2023-08-27', '2023-08-31', 4, 3200000, 800000, 320000.0, 256000.0, 3776000.0, 3000000, '2023-08-25 00:00:00', '2023-08-25 00:00:00');
INSERT INTO payments (id, booking_id, user_id, amount, currency, status, method, transaction_id, created_at, processed_at) VALUES ('158ff7d3-9015-4351-9a65-7dc1751f7516', '67d9b59c-3cb8-4a63-86fe-d6cbbd9a9d72', 'D4E5F6G7-H8I9-0123-DEFG-456789012345', 3776000.0, 'VND', 'SUCCEEDED', 'VNPAY', 'aee3dbc8-ca32-49d4-93de-e04abe091b1d', '2023-08-25 00:00:00', '2023-08-25 00:00:00');
INSERT INTO reviews (id, vehicle_id, booking_id, reviewer_id, owner_id, rating, cleanliness, accuracy, communication, value_rating, comment, created_at, updated_at) VALUES ('7fe7462a-6123-4d8b-b179-8a39ff14211b', 'V1A2B3C4-D5E6-7890-VHCL-111111111111', '67d9b59c-3cb8-4a63-86fe-d6cbbd9a9d72', 'D4E5F6G7-H8I9-0123-DEFG-456789012345', 'E5F6G7H8-I9J0-1234-EFGH-567890123456', 5, 5, 5, 5, 5, N'Trải nghiệm tuyệt vời!', '2023-08-31 00:00:00', '2023-08-31 00:00:00');
INSERT INTO bookings (id, vehicle_id, renter_id, owner_id, status, start_date, end_date, total_days, base_price, price_per_day, service_fee, taxes, total, deposit, created_at, updated_at) VALUES ('6ceab26c-123a-4e00-80a3-f15a7400d476', 'V1A2B3C4-D5E6-7890-VHCL-111111111111', 'B2C3D4E5-F6G7-8901-BCDE-234567890123', 'E5F6G7H8-I9J0-1234-EFGH-567890123456', 'CANCELLED', '2024-03-27', '2024-04-03', 7, 5600000, 800000, 560000.0, 448000.0, 6608000.0, 3000000, '2024-03-18 00:00:00', '2024-03-18 00:00:00');
INSERT INTO payments (id, booking_id, user_id, amount, currency, status, method, transaction_id, created_at, processed_at) VALUES ('76f3a365-fc63-4300-a0ab-6b1fb0ec3280', '6ceab26c-123a-4e00-80a3-f15a7400d476', 'B2C3D4E5-F6G7-8901-BCDE-234567890123', 6608000.0, 'VND', 'REFUNDED', 'VNPAY', '2f0b6783-1baf-4624-8e0a-bfdeeb97fc63', '2024-03-18 00:00:00', '2024-03-18 00:00:00');
INSERT INTO bookings (id, vehicle_id, renter_id, owner_id, status, start_date, end_date, total_days, base_price, price_per_day, service_fee, taxes, total, deposit, created_at, updated_at) VALUES ('002516ce-a748-4166-86ea-f86dfea70415', 'V1A2B3C4-D5E6-7890-VHCL-111111111111', 'B2C3D4E5-F6G7-8901-BCDE-234567890123', 'E5F6G7H8-I9J0-1234-EFGH-567890123456', 'CANCELLED', '2024-01-30', '2024-02-01', 2, 1600000, 800000, 160000.0, 128000.0, 1888000.0, 3000000, '2024-01-21 00:00:00', '2024-01-21 00:00:00');
INSERT INTO payments (id, booking_id, user_id, amount, currency, status, method, transaction_id, created_at, processed_at) VALUES ('d6b7ff06-efdb-46d7-b7b2-24cae0ca7b9b', '002516ce-a748-4166-86ea-f86dfea70415', 'B2C3D4E5-F6G7-8901-BCDE-234567890123', 1888000.0, 'VND', 'REFUNDED', 'VNPAY', '7a8bd5f9-68e2-4174-a1df-320da7e50527', '2024-01-21 00:00:00', '2024-01-21 00:00:00');
INSERT INTO bookings (id, vehicle_id, renter_id, owner_id, status, start_date, end_date, total_days, base_price, price_per_day, service_fee, taxes, total, deposit, created_at, updated_at) VALUES ('b9e74530-77cd-409b-a023-6eb776eae506', 'V1A2B3C4-D5E6-7890-VHCL-111111111111', 'C3D4E5F6-G7H8-9012-CDEF-345678901234', 'E5F6G7H8-I9J0-1234-EFGH-567890123456', 'COMPLETED', '2023-12-29', '2024-01-02', 4, 3200000, 800000, 320000.0, 256000.0, 3776000.0, 3000000, '2023-12-15 00:00:00', '2023-12-15 00:00:00');
INSERT INTO payments (id, booking_id, user_id, amount, currency, status, method, transaction_id, created_at, processed_at) VALUES ('f7181598-6057-4d13-b279-b1be2a1e0078', 'b9e74530-77cd-409b-a023-6eb776eae506', 'C3D4E5F6-G7H8-9012-CDEF-345678901234', 3776000.0, 'VND', 'SUCCEEDED', 'VNPAY', '3cc8bb02-de45-4314-98b3-2eae19213eaa', '2023-12-15 00:00:00', '2023-12-15 00:00:00');
INSERT INTO reviews (id, vehicle_id, booking_id, reviewer_id, owner_id, rating, cleanliness, accuracy, communication, value_rating, comment, created_at, updated_at) VALUES ('26854301-319f-4dda-9ed8-1f26dc51ffed', 'V1A2B3C4-D5E6-7890-VHCL-111111111111', 'b9e74530-77cd-409b-a023-6eb776eae506', 'C3D4E5F6-G7H8-9012-CDEF-345678901234', 'E5F6G7H8-I9J0-1234-EFGH-567890123456', 3, 3, 3, 3, 3, N'Trải nghiệm tuyệt vời!', '2024-01-02 00:00:00', '2024-01-02 00:00:00');
INSERT INTO bookings (id, vehicle_id, renter_id, owner_id, status, start_date, end_date, total_days, base_price, price_per_day, service_fee, taxes, total, deposit, created_at, updated_at) VALUES ('d43cf4ee-b270-4466-83ec-abd5b7328d3c', 'V1A2B3C4-D5E6-7890-VHCL-111111111111', 'D4E5F6G7-H8I9-0123-DEFG-456789012345', 'E5F6G7H8-I9J0-1234-EFGH-567890123456', 'COMPLETED', '2023-11-03', '2023-11-05', 2, 1600000, 800000, 160000.0, 128000.0, 1888000.0, 3000000, '2023-10-23 00:00:00', '2023-10-23 00:00:00');
INSERT INTO payments (id, booking_id, user_id, amount, currency, status, method, transaction_id, created_at, processed_at) VALUES ('3ac3627a-2427-4b94-a73e-1c3cc814b671', 'd43cf4ee-b270-4466-83ec-abd5b7328d3c', 'D4E5F6G7-H8I9-0123-DEFG-456789012345', 1888000.0, 'VND', 'SUCCEEDED', 'VNPAY', '4254da99-f3e7-4281-bb3b-adea025c3860', '2023-10-23 00:00:00', '2023-10-23 00:00:00');
INSERT INTO reviews (id, vehicle_id, booking_id, reviewer_id, owner_id, rating, cleanliness, accuracy, communication, value_rating, comment, created_at, updated_at) VALUES ('b81c6ff1-a6ce-422c-84c8-1f79686a6ec2', 'V1A2B3C4-D5E6-7890-VHCL-111111111111', 'd43cf4ee-b270-4466-83ec-abd5b7328d3c', 'D4E5F6G7-H8I9-0123-DEFG-456789012345', 'E5F6G7H8-I9J0-1234-EFGH-567890123456', 3, 3, 3, 3, 3, N'Trải nghiệm tuyệt vời!', '2023-11-05 00:00:00', '2023-11-05 00:00:00');
INSERT INTO bookings (id, vehicle_id, renter_id, owner_id, status, start_date, end_date, total_days, base_price, price_per_day, service_fee, taxes, total, deposit, created_at, updated_at) VALUES ('6dffaf55-2f4b-4c2a-ad2e-4fffa0ddd0f4', 'V1A2B3C4-D5E6-7890-VHCL-111111111111', 'C3D4E5F6-G7H8-9012-CDEF-345678901234', 'E5F6G7H8-I9J0-1234-EFGH-567890123456', 'COMPLETED', '2024-03-14', '2024-03-18', 4, 3200000, 800000, 320000.0, 256000.0, 3776000.0, 3000000, '2024-03-09 00:00:00', '2024-03-09 00:00:00');
INSERT INTO payments (id, booking_id, user_id, amount, currency, status, method, transaction_id, created_at, processed_at) VALUES ('8811b548-f747-4f50-9e70-bf02f335df83', '6dffaf55-2f4b-4c2a-ad2e-4fffa0ddd0f4', 'C3D4E5F6-G7H8-9012-CDEF-345678901234', 3776000.0, 'VND', 'SUCCEEDED', 'VNPAY', '0204fd0d-d93d-4d3f-b244-46bb249b3831', '2024-03-09 00:00:00', '2024-03-09 00:00:00');
INSERT INTO reviews (id, vehicle_id, booking_id, reviewer_id, owner_id, rating, cleanliness, accuracy, communication, value_rating, comment, created_at, updated_at) VALUES ('946307eb-667a-4e9b-8a24-378266bc0c43', 'V1A2B3C4-D5E6-7890-VHCL-111111111111', '6dffaf55-2f4b-4c2a-ad2e-4fffa0ddd0f4', 'C3D4E5F6-G7H8-9012-CDEF-345678901234', 'E5F6G7H8-I9J0-1234-EFGH-567890123456', 4, 4, 4, 4, 4, N'Trải nghiệm tuyệt vời!', '2024-03-18 00:00:00', '2024-03-18 00:00:00');
INSERT INTO bookings (id, vehicle_id, renter_id, owner_id, status, start_date, end_date, total_days, base_price, price_per_day, service_fee, taxes, total, deposit, created_at, updated_at) VALUES ('a8cb357e-77da-43ac-83ff-7bfc85e5e587', 'V1A2B3C4-D5E6-7890-VHCL-111111111111', 'D4E5F6G7-H8I9-0123-DEFG-456789012345', 'E5F6G7H8-I9J0-1234-EFGH-567890123456', 'COMPLETED', '2024-03-20', '2024-03-22', 2, 1600000, 800000, 160000.0, 128000.0, 1888000.0, 3000000, '2024-03-17 00:00:00', '2024-03-17 00:00:00');
INSERT INTO payments (id, booking_id, user_id, amount, currency, status, method, transaction_id, created_at, processed_at) VALUES ('23895d3d-0173-41e4-b2b2-2cf6e415ef0a', 'a8cb357e-77da-43ac-83ff-7bfc85e5e587', 'D4E5F6G7-H8I9-0123-DEFG-456789012345', 1888000.0, 'VND', 'SUCCEEDED', 'VNPAY', '70373e9c-f864-402b-9f0d-03fb6ace9cfa', '2024-03-17 00:00:00', '2024-03-17 00:00:00');
INSERT INTO reviews (id, vehicle_id, booking_id, reviewer_id, owner_id, rating, cleanliness, accuracy, communication, value_rating, comment, created_at, updated_at) VALUES ('e991c1d2-3ff9-4178-b31b-211dff70d42b', 'V1A2B3C4-D5E6-7890-VHCL-111111111111', 'a8cb357e-77da-43ac-83ff-7bfc85e5e587', 'D4E5F6G7-H8I9-0123-DEFG-456789012345', 'E5F6G7H8-I9J0-1234-EFGH-567890123456', 4, 4, 4, 4, 4, N'Trải nghiệm tuyệt vời!', '2024-03-22 00:00:00', '2024-03-22 00:00:00');
INSERT INTO bookings (id, vehicle_id, renter_id, owner_id, status, start_date, end_date, total_days, base_price, price_per_day, service_fee, taxes, total, deposit, created_at, updated_at) VALUES ('fc851716-bdb1-4c71-9cf3-433e1183a5a4', 'V1A2B3C4-D5E6-7890-VHCL-111111111111', 'D4E5F6G7-H8I9-0123-DEFG-456789012345', 'E5F6G7H8-I9J0-1234-EFGH-567890123456', 'COMPLETED', '2023-08-26', '2023-08-27', 1, 800000, 800000, 80000.0, 64000.0, 944000.0, 3000000, '2023-08-20 00:00:00', '2023-08-20 00:00:00');
INSERT INTO payments (id, booking_id, user_id, amount, currency, status, method, transaction_id, created_at, processed_at) VALUES ('1a9be033-7dcb-460b-8f40-a95b0396d96c', 'fc851716-bdb1-4c71-9cf3-433e1183a5a4', 'D4E5F6G7-H8I9-0123-DEFG-456789012345', 944000.0, 'VND', 'SUCCEEDED', 'VNPAY', 'e50b2134-377f-4598-bf9c-625d6652d805', '2023-08-20 00:00:00', '2023-08-20 00:00:00');
INSERT INTO reviews (id, vehicle_id, booking_id, reviewer_id, owner_id, rating, cleanliness, accuracy, communication, value_rating, comment, created_at, updated_at) VALUES ('2b9cc850-7e4d-464b-9a15-e068181828fd', 'V1A2B3C4-D5E6-7890-VHCL-111111111111', 'fc851716-bdb1-4c71-9cf3-433e1183a5a4', 'D4E5F6G7-H8I9-0123-DEFG-456789012345', 'E5F6G7H8-I9J0-1234-EFGH-567890123456', 4, 4, 4, 4, 4, N'Trải nghiệm tuyệt vời!', '2023-08-27 00:00:00', '2023-08-27 00:00:00');
INSERT INTO bookings (id, vehicle_id, renter_id, owner_id, status, start_date, end_date, total_days, base_price, price_per_day, service_fee, taxes, total, deposit, created_at, updated_at) VALUES ('fa910bde-c094-48ce-8e31-369140ed53ee', 'V1A2B3C4-D5E6-7890-VHCL-111111111111', 'B2C3D4E5-F6G7-8901-BCDE-234567890123', 'E5F6G7H8-I9J0-1234-EFGH-567890123456', 'COMPLETED', '2023-03-27', '2023-04-03', 7, 5600000, 800000, 560000.0, 448000.0, 6608000.0, 3000000, '2023-03-24 00:00:00', '2023-03-24 00:00:00');
INSERT INTO payments (id, booking_id, user_id, amount, currency, status, method, transaction_id, created_at, processed_at) VALUES ('8114c847-259f-4a5c-a1ae-74fca9349316', 'fa910bde-c094-48ce-8e31-369140ed53ee', 'B2C3D4E5-F6G7-8901-BCDE-234567890123', 6608000.0, 'VND', 'SUCCEEDED', 'VNPAY', '2075e8e1-6a27-43e7-b53f-7d2e2b78c90d', '2023-03-24 00:00:00', '2023-03-24 00:00:00');
INSERT INTO reviews (id, vehicle_id, booking_id, reviewer_id, owner_id, rating, cleanliness, accuracy, communication, value_rating, comment, created_at, updated_at) VALUES ('a6d96025-a8af-4dc1-9a06-1ad1250edfc9', 'V1A2B3C4-D5E6-7890-VHCL-111111111111', 'fa910bde-c094-48ce-8e31-369140ed53ee', 'B2C3D4E5-F6G7-8901-BCDE-234567890123', 'E5F6G7H8-I9J0-1234-EFGH-567890123456', 4, 4, 4, 4, 4, N'Trải nghiệm tuyệt vời!', '2023-04-03 00:00:00', '2023-04-03 00:00:00');
INSERT INTO bookings (id, vehicle_id, renter_id, owner_id, status, start_date, end_date, total_days, base_price, price_per_day, service_fee, taxes, total, deposit, created_at, updated_at) VALUES ('008e5e34-3d89-4b25-aa65-5e65635a0c81', 'V1A2B3C4-D5E6-7890-VHCL-111111111111', 'B2C3D4E5-F6G7-8901-BCDE-234567890123', 'E5F6G7H8-I9J0-1234-EFGH-567890123456', 'COMPLETED', '2023-12-19', '2023-12-25', 6, 4800000, 800000, 480000.0, 384000.0, 5664000.0, 3000000, '2023-12-16 00:00:00', '2023-12-16 00:00:00');
INSERT INTO payments (id, booking_id, user_id, amount, currency, status, method, transaction_id, created_at, processed_at) VALUES ('6ab6906e-790f-47e3-a0e2-2abff5cf243d', '008e5e34-3d89-4b25-aa65-5e65635a0c81', 'B2C3D4E5-F6G7-8901-BCDE-234567890123', 5664000.0, 'VND', 'SUCCEEDED', 'VNPAY', '71641006-e96a-4925-becb-f20728b63058', '2023-12-16 00:00:00', '2023-12-16 00:00:00');
INSERT INTO reviews (id, vehicle_id, booking_id, reviewer_id, owner_id, rating, cleanliness, accuracy, communication, value_rating, comment, created_at, updated_at) VALUES ('439665f4-d25e-402f-b16f-6cb01930c8d0', 'V1A2B3C4-D5E6-7890-VHCL-111111111111', '008e5e34-3d89-4b25-aa65-5e65635a0c81', 'B2C3D4E5-F6G7-8901-BCDE-234567890123', 'E5F6G7H8-I9J0-1234-EFGH-567890123456', 4, 4, 4, 4, 4, N'Trải nghiệm tuyệt vời!', '2023-12-25 00:00:00', '2023-12-25 00:00:00');
INSERT INTO bookings (id, vehicle_id, renter_id, owner_id, status, start_date, end_date, total_days, base_price, price_per_day, service_fee, taxes, total, deposit, created_at, updated_at) VALUES ('89c92076-208d-4c2d-aa91-3b67984a793b', 'V1A2B3C4-D5E6-7890-VHCL-111111111111', 'C3D4E5F6-G7H8-9012-CDEF-345678901234', 'E5F6G7H8-I9J0-1234-EFGH-567890123456', 'COMPLETED', '2023-11-03', '2023-11-13', 10, 8000000, 800000, 800000.0, 640000.0, 9440000.0, 3000000, '2023-10-22 00:00:00', '2023-10-22 00:00:00');
INSERT INTO payments (id, booking_id, user_id, amount, currency, status, method, transaction_id, created_at, processed_at) VALUES ('905b8c2c-8755-4fd7-a08f-055e467c71d4', '89c92076-208d-4c2d-aa91-3b67984a793b', 'C3D4E5F6-G7H8-9012-CDEF-345678901234', 9440000.0, 'VND', 'SUCCEEDED', 'VNPAY', '0469ed32-81d5-4147-92d1-b3c446ba8181', '2023-10-22 00:00:00', '2023-10-22 00:00:00');
INSERT INTO reviews (id, vehicle_id, booking_id, reviewer_id, owner_id, rating, cleanliness, accuracy, communication, value_rating, comment, created_at, updated_at) VALUES ('a0c0d370-87ad-44a1-aa5b-ade8e504427e', 'V1A2B3C4-D5E6-7890-VHCL-111111111111', '89c92076-208d-4c2d-aa91-3b67984a793b', 'C3D4E5F6-G7H8-9012-CDEF-345678901234', 'E5F6G7H8-I9J0-1234-EFGH-567890123456', 3, 3, 3, 3, 3, N'Trải nghiệm tuyệt vời!', '2023-11-13 00:00:00', '2023-11-13 00:00:00');
INSERT INTO bookings (id, vehicle_id, renter_id, owner_id, status, start_date, end_date, total_days, base_price, price_per_day, service_fee, taxes, total, deposit, created_at, updated_at) VALUES ('92dc7b69-ee75-4a18-9da3-c48a3984fc59', 'V1A2B3C4-D5E6-7890-VHCL-111111111111', 'B2C3D4E5-F6G7-8901-BCDE-234567890123', 'E5F6G7H8-I9J0-1234-EFGH-567890123456', 'COMPLETED', '2023-01-29', '2023-01-30', 1, 800000, 800000, 80000.0, 64000.0, 944000.0, 3000000, '2023-01-19 00:00:00', '2023-01-19 00:00:00');
INSERT INTO payments (id, booking_id, user_id, amount, currency, status, method, transaction_id, created_at, processed_at) VALUES ('21b673de-7386-4f5a-900b-57876196fc50', '92dc7b69-ee75-4a18-9da3-c48a3984fc59', 'B2C3D4E5-F6G7-8901-BCDE-234567890123', 944000.0, 'VND', 'SUCCEEDED', 'VNPAY', 'a2cf2073-d1b7-4b2e-9078-964b1a69e12d', '2023-01-19 00:00:00', '2023-01-19 00:00:00');
INSERT INTO reviews (id, vehicle_id, booking_id, reviewer_id, owner_id, rating, cleanliness, accuracy, communication, value_rating, comment, created_at, updated_at) VALUES ('1ba42b87-1779-47a5-914a-5d0982a1243b', 'V1A2B3C4-D5E6-7890-VHCL-111111111111', '92dc7b69-ee75-4a18-9da3-c48a3984fc59', 'B2C3D4E5-F6G7-8901-BCDE-234567890123', 'E5F6G7H8-I9J0-1234-EFGH-567890123456', 3, 3, 3, 3, 3, N'Trải nghiệm tuyệt vời!', '2023-01-30 00:00:00', '2023-01-30 00:00:00');
INSERT INTO bookings (id, vehicle_id, renter_id, owner_id, status, start_date, end_date, total_days, base_price, price_per_day, service_fee, taxes, total, deposit, created_at, updated_at) VALUES ('0eb6008f-1ba9-41e5-9c6c-2cf384cd73cc', 'V1A2B3C4-D5E6-7890-VHCL-111111111111', 'C3D4E5F6-G7H8-9012-CDEF-345678901234', 'E5F6G7H8-I9J0-1234-EFGH-567890123456', 'COMPLETED', '2023-02-04', '2023-02-13', 9, 7200000, 800000, 720000.0, 576000.0, 8496000.0, 3000000, '2023-02-02 00:00:00', '2023-02-02 00:00:00');
INSERT INTO payments (id, booking_id, user_id, amount, currency, status, method, transaction_id, created_at, processed_at) VALUES ('3e3da6d5-130e-4bd1-808b-3881997627df', '0eb6008f-1ba9-41e5-9c6c-2cf384cd73cc', 'C3D4E5F6-G7H8-9012-CDEF-345678901234', 8496000.0, 'VND', 'SUCCEEDED', 'VNPAY', 'd06e1614-6ec9-4b48-a5ee-2607b9d748a8', '2023-02-02 00:00:00', '2023-02-02 00:00:00');
INSERT INTO reviews (id, vehicle_id, booking_id, reviewer_id, owner_id, rating, cleanliness, accuracy, communication, value_rating, comment, created_at, updated_at) VALUES ('4184efa2-5084-41b4-9f26-3b9a14d91dd8', 'V1A2B3C4-D5E6-7890-VHCL-111111111111', '0eb6008f-1ba9-41e5-9c6c-2cf384cd73cc', 'C3D4E5F6-G7H8-9012-CDEF-345678901234', 'E5F6G7H8-I9J0-1234-EFGH-567890123456', 4, 4, 4, 4, 4, N'Trải nghiệm tuyệt vời!', '2023-02-13 00:00:00', '2023-02-13 00:00:00');
INSERT INTO bookings (id, vehicle_id, renter_id, owner_id, status, start_date, end_date, total_days, base_price, price_per_day, service_fee, taxes, total, deposit, created_at, updated_at) VALUES ('d6532a6a-19af-4bfc-baac-494a4f60ab0e', 'V1A2B3C4-D5E6-7890-VHCL-111111111111', 'C3D4E5F6-G7H8-9012-CDEF-345678901234', 'E5F6G7H8-I9J0-1234-EFGH-567890123456', 'COMPLETED', '2023-09-16', '2023-09-19', 3, 2400000, 800000, 240000.0, 192000.0, 2832000.0, 3000000, '2023-09-11 00:00:00', '2023-09-11 00:00:00');
INSERT INTO payments (id, booking_id, user_id, amount, currency, status, method, transaction_id, created_at, processed_at) VALUES ('329fa46d-521c-45e0-8c5f-7c0636b1626a', 'd6532a6a-19af-4bfc-baac-494a4f60ab0e', 'C3D4E5F6-G7H8-9012-CDEF-345678901234', 2832000.0, 'VND', 'SUCCEEDED', 'VNPAY', '9fefba73-bdf5-476e-b950-186b7ded5fe1', '2023-09-11 00:00:00', '2023-09-11 00:00:00');
INSERT INTO reviews (id, vehicle_id, booking_id, reviewer_id, owner_id, rating, cleanliness, accuracy, communication, value_rating, comment, created_at, updated_at) VALUES ('e9df8a5c-a44d-4958-8e2b-e69d99961fe6', 'V1A2B3C4-D5E6-7890-VHCL-111111111111', 'd6532a6a-19af-4bfc-baac-494a4f60ab0e', 'C3D4E5F6-G7H8-9012-CDEF-345678901234', 'E5F6G7H8-I9J0-1234-EFGH-567890123456', 5, 5, 5, 5, 5, N'Trải nghiệm tuyệt vời!', '2023-09-19 00:00:00', '2023-09-19 00:00:00');
INSERT INTO bookings (id, vehicle_id, renter_id, owner_id, status, start_date, end_date, total_days, base_price, price_per_day, service_fee, taxes, total, deposit, created_at, updated_at) VALUES ('6d9621fd-f5e4-4025-bf8c-5e5510bea480', 'V1A2B3C4-D5E6-7890-VHCL-111111111111', 'B2C3D4E5-F6G7-8901-BCDE-234567890123', 'E5F6G7H8-I9J0-1234-EFGH-567890123456', 'COMPLETED', '2023-04-19', '2023-04-26', 7, 5600000, 800000, 560000.0, 448000.0, 6608000.0, 3000000, '2023-04-06 00:00:00', '2023-04-06 00:00:00');
INSERT INTO payments (id, booking_id, user_id, amount, currency, status, method, transaction_id, created_at, processed_at) VALUES ('cca8ee27-796d-4c48-9825-aac90adba529', '6d9621fd-f5e4-4025-bf8c-5e5510bea480', 'B2C3D4E5-F6G7-8901-BCDE-234567890123', 6608000.0, 'VND', 'SUCCEEDED', 'VNPAY', '2bdf2580-d19e-46f9-896e-01df01d341ec', '2023-04-06 00:00:00', '2023-04-06 00:00:00');
INSERT INTO reviews (id, vehicle_id, booking_id, reviewer_id, owner_id, rating, cleanliness, accuracy, communication, value_rating, comment, created_at, updated_at) VALUES ('37088998-5906-4ad2-98de-7f7bd0de9acd', 'V1A2B3C4-D5E6-7890-VHCL-111111111111', '6d9621fd-f5e4-4025-bf8c-5e5510bea480', 'B2C3D4E5-F6G7-8901-BCDE-234567890123', 'E5F6G7H8-I9J0-1234-EFGH-567890123456', 4, 4, 4, 4, 4, N'Trải nghiệm tuyệt vời!', '2023-04-26 00:00:00', '2023-04-26 00:00:00');
INSERT INTO bookings (id, vehicle_id, renter_id, owner_id, status, start_date, end_date, total_days, base_price, price_per_day, service_fee, taxes, total, deposit, created_at, updated_at) VALUES ('8eb5894c-a4d9-4871-a503-a2f4f1e9fc7f', 'V1A2B3C4-D5E6-7890-VHCL-111111111111', 'D4E5F6G7-H8I9-0123-DEFG-456789012345', 'E5F6G7H8-I9J0-1234-EFGH-567890123456', 'CANCELLED', '2024-03-17', '2024-03-22', 5, 4000000, 800000, 400000.0, 320000.0, 4720000.0, 3000000, '2024-03-12 00:00:00', '2024-03-12 00:00:00');
INSERT INTO payments (id, booking_id, user_id, amount, currency, status, method, transaction_id, created_at, processed_at) VALUES ('7a97b69e-ab59-4096-b99f-3a459d6faa83', '8eb5894c-a4d9-4871-a503-a2f4f1e9fc7f', 'D4E5F6G7-H8I9-0123-DEFG-456789012345', 4720000.0, 'VND', 'REFUNDED', 'VNPAY', '760f3b8a-9b9c-4543-949b-67700eef8154', '2024-03-12 00:00:00', '2024-03-12 00:00:00');
INSERT INTO bookings (id, vehicle_id, renter_id, owner_id, status, start_date, end_date, total_days, base_price, price_per_day, service_fee, taxes, total, deposit, created_at, updated_at) VALUES ('8e77d7de-dd5e-443f-aad1-43f50e315e29', 'V1A2B3C4-D5E6-7890-VHCL-111111111111', 'C3D4E5F6-G7H8-9012-CDEF-345678901234', 'E5F6G7H8-I9J0-1234-EFGH-567890123456', 'COMPLETED', '2023-04-01', '2023-04-04', 3, 2400000, 800000, 240000.0, 192000.0, 2832000.0, 3000000, '2023-03-26 00:00:00', '2023-03-26 00:00:00');
INSERT INTO payments (id, booking_id, user_id, amount, currency, status, method, transaction_id, created_at, processed_at) VALUES ('76d90f75-3573-469b-9580-939a5f6cb201', '8e77d7de-dd5e-443f-aad1-43f50e315e29', 'C3D4E5F6-G7H8-9012-CDEF-345678901234', 2832000.0, 'VND', 'SUCCEEDED', 'VNPAY', 'f3cbc36e-2c4b-4ad0-b51b-7ebe6ea9b36b', '2023-03-26 00:00:00', '2023-03-26 00:00:00');
INSERT INTO reviews (id, vehicle_id, booking_id, reviewer_id, owner_id, rating, cleanliness, accuracy, communication, value_rating, comment, created_at, updated_at) VALUES ('73ee94a0-0980-4937-b0bd-5b912f0c3355', 'V1A2B3C4-D5E6-7890-VHCL-111111111111', '8e77d7de-dd5e-443f-aad1-43f50e315e29', 'C3D4E5F6-G7H8-9012-CDEF-345678901234', 'E5F6G7H8-I9J0-1234-EFGH-567890123456', 4, 4, 4, 4, 4, N'Trải nghiệm tuyệt vời!', '2023-04-04 00:00:00', '2023-04-04 00:00:00');
INSERT INTO bookings (id, vehicle_id, renter_id, owner_id, status, start_date, end_date, total_days, base_price, price_per_day, service_fee, taxes, total, deposit, created_at, updated_at) VALUES ('5b8e3995-33af-4e67-8d79-f68a8ba09021', 'V1A2B3C4-D5E6-7890-VHCL-111111111111', 'B2C3D4E5-F6G7-8901-BCDE-234567890123', 'E5F6G7H8-I9J0-1234-EFGH-567890123456', 'COMPLETED', '2024-01-03', '2024-01-07', 4, 3200000, 800000, 320000.0, 256000.0, 3776000.0, 3000000, '2023-12-25 00:00:00', '2023-12-25 00:00:00');
INSERT INTO payments (id, booking_id, user_id, amount, currency, status, method, transaction_id, created_at, processed_at) VALUES ('0a335a42-0d31-4bac-b82e-3837a2504240', '5b8e3995-33af-4e67-8d79-f68a8ba09021', 'B2C3D4E5-F6G7-8901-BCDE-234567890123', 3776000.0, 'VND', 'SUCCEEDED', 'VNPAY', 'c74a7c92-9d46-4b88-9a10-8914bd50518e', '2023-12-25 00:00:00', '2023-12-25 00:00:00');
INSERT INTO reviews (id, vehicle_id, booking_id, reviewer_id, owner_id, rating, cleanliness, accuracy, communication, value_rating, comment, created_at, updated_at) VALUES ('286b9944-eeba-48b5-89f9-77451393f83f', 'V1A2B3C4-D5E6-7890-VHCL-111111111111', '5b8e3995-33af-4e67-8d79-f68a8ba09021', 'B2C3D4E5-F6G7-8901-BCDE-234567890123', 'E5F6G7H8-I9J0-1234-EFGH-567890123456', 5, 5, 5, 5, 5, N'Trải nghiệm tuyệt vời!', '2024-01-07 00:00:00', '2024-01-07 00:00:00');
INSERT INTO bookings (id, vehicle_id, renter_id, owner_id, status, start_date, end_date, total_days, base_price, price_per_day, service_fee, taxes, total, deposit, created_at, updated_at) VALUES ('51ec3747-852e-4c56-b0cc-3304976a34bb', 'V1A2B3C4-D5E6-7890-VHCL-111111111111', 'D4E5F6G7-H8I9-0123-DEFG-456789012345', 'E5F6G7H8-I9J0-1234-EFGH-567890123456', 'COMPLETED', '2023-12-22', '2023-12-31', 9, 7200000, 800000, 720000.0, 576000.0, 8496000.0, 3000000, '2023-12-08 00:00:00', '2023-12-08 00:00:00');
INSERT INTO payments (id, booking_id, user_id, amount, currency, status, method, transaction_id, created_at, processed_at) VALUES ('1ae3bab4-5f45-4860-a2b9-439153f55f06', '51ec3747-852e-4c56-b0cc-3304976a34bb', 'D4E5F6G7-H8I9-0123-DEFG-456789012345', 8496000.0, 'VND', 'SUCCEEDED', 'VNPAY', '7d7e234c-94c1-4f3c-847c-f4887900df72', '2023-12-08 00:00:00', '2023-12-08 00:00:00');
INSERT INTO reviews (id, vehicle_id, booking_id, reviewer_id, owner_id, rating, cleanliness, accuracy, communication, value_rating, comment, created_at, updated_at) VALUES ('a142f0c7-bf98-4728-be58-55eb77c1e960', 'V1A2B3C4-D5E6-7890-VHCL-111111111111', '51ec3747-852e-4c56-b0cc-3304976a34bb', 'D4E5F6G7-H8I9-0123-DEFG-456789012345', 'E5F6G7H8-I9J0-1234-EFGH-567890123456', 3, 3, 3, 3, 3, N'Trải nghiệm tuyệt vời!', '2023-12-31 00:00:00', '2023-12-31 00:00:00');
INSERT INTO bookings (id, vehicle_id, renter_id, owner_id, status, start_date, end_date, total_days, base_price, price_per_day, service_fee, taxes, total, deposit, created_at, updated_at) VALUES ('f4894774-5d82-4eb0-8100-a95ec05cf621', 'V1A2B3C4-D5E6-7890-VHCL-111111111111', 'B2C3D4E5-F6G7-8901-BCDE-234567890123', 'E5F6G7H8-I9J0-1234-EFGH-567890123456', 'COMPLETED', '2023-07-30', '2023-08-03', 4, 3200000, 800000, 320000.0, 256000.0, 3776000.0, 3000000, '2023-07-29 00:00:00', '2023-07-29 00:00:00');
INSERT INTO payments (id, booking_id, user_id, amount, currency, status, method, transaction_id, created_at, processed_at) VALUES ('3e04edb9-9f85-4ba6-b435-0662c4ea0876', 'f4894774-5d82-4eb0-8100-a95ec05cf621', 'B2C3D4E5-F6G7-8901-BCDE-234567890123', 3776000.0, 'VND', 'SUCCEEDED', 'VNPAY', 'dca445f5-87e8-4c59-b7a2-fb39a46ea2af', '2023-07-29 00:00:00', '2023-07-29 00:00:00');
INSERT INTO reviews (id, vehicle_id, booking_id, reviewer_id, owner_id, rating, cleanliness, accuracy, communication, value_rating, comment, created_at, updated_at) VALUES ('c6d8b9f4-65ca-43e1-803e-9fe5bcd89f16', 'V1A2B3C4-D5E6-7890-VHCL-111111111111', 'f4894774-5d82-4eb0-8100-a95ec05cf621', 'B2C3D4E5-F6G7-8901-BCDE-234567890123', 'E5F6G7H8-I9J0-1234-EFGH-567890123456', 4, 4, 4, 4, 4, N'Trải nghiệm tuyệt vời!', '2023-08-03 00:00:00', '2023-08-03 00:00:00');
INSERT INTO bookings (id, vehicle_id, renter_id, owner_id, status, start_date, end_date, total_days, base_price, price_per_day, service_fee, taxes, total, deposit, created_at, updated_at) VALUES ('58378556-08f7-4df4-b679-da52fb67ae3a', 'V1A2B3C4-D5E6-7890-VHCL-111111111111', 'B2C3D4E5-F6G7-8901-BCDE-234567890123', 'E5F6G7H8-I9J0-1234-EFGH-567890123456', 'COMPLETED', '2023-08-27', '2023-09-01', 5, 4000000, 800000, 400000.0, 320000.0, 4720000.0, 3000000, '2023-08-18 00:00:00', '2023-08-18 00:00:00');
INSERT INTO payments (id, booking_id, user_id, amount, currency, status, method, transaction_id, created_at, processed_at) VALUES ('52046366-6152-4799-860c-f347b479196f', '58378556-08f7-4df4-b679-da52fb67ae3a', 'B2C3D4E5-F6G7-8901-BCDE-234567890123', 4720000.0, 'VND', 'SUCCEEDED', 'VNPAY', 'bf60769a-2c74-44a1-9e61-a390dc850abf', '2023-08-18 00:00:00', '2023-08-18 00:00:00');
INSERT INTO reviews (id, vehicle_id, booking_id, reviewer_id, owner_id, rating, cleanliness, accuracy, communication, value_rating, comment, created_at, updated_at) VALUES ('a3caa964-0297-4628-8b4f-5c378f55aa96', 'V1A2B3C4-D5E6-7890-VHCL-111111111111', '58378556-08f7-4df4-b679-da52fb67ae3a', 'B2C3D4E5-F6G7-8901-BCDE-234567890123', 'E5F6G7H8-I9J0-1234-EFGH-567890123456', 4, 4, 4, 4, 4, N'Trải nghiệm tuyệt vời!', '2023-09-01 00:00:00', '2023-09-01 00:00:00');
INSERT INTO bookings (id, vehicle_id, renter_id, owner_id, status, start_date, end_date, total_days, base_price, price_per_day, service_fee, taxes, total, deposit, created_at, updated_at) VALUES ('3b114a61-7e49-452f-a1c7-8054421f5fa5', 'V1A2B3C4-D5E6-7890-VHCL-111111111111', 'B2C3D4E5-F6G7-8901-BCDE-234567890123', 'E5F6G7H8-I9J0-1234-EFGH-567890123456', 'CANCELLED', '2023-08-23', '2023-08-27', 4, 3200000, 800000, 320000.0, 256000.0, 3776000.0, 3000000, '2023-08-10 00:00:00', '2023-08-10 00:00:00');
INSERT INTO payments (id, booking_id, user_id, amount, currency, status, method, transaction_id, created_at, processed_at) VALUES ('7406c1ac-cb65-44f2-a009-31d02223cf7b', '3b114a61-7e49-452f-a1c7-8054421f5fa5', 'B2C3D4E5-F6G7-8901-BCDE-234567890123', 3776000.0, 'VND', 'REFUNDED', 'VNPAY', '374f17ab-9aa3-45d1-8a86-cef0fd5a59d6', '2023-08-10 00:00:00', '2023-08-10 00:00:00');
INSERT INTO bookings (id, vehicle_id, renter_id, owner_id, status, start_date, end_date, total_days, base_price, price_per_day, service_fee, taxes, total, deposit, created_at, updated_at) VALUES ('03d71139-c714-43de-910b-3bca5447a84d', 'V1A2B3C4-D5E6-7890-VHCL-111111111111', 'D4E5F6G7-H8I9-0123-DEFG-456789012345', 'E5F6G7H8-I9J0-1234-EFGH-567890123456', 'COMPLETED', '2023-07-01', '2023-07-04', 3, 2400000, 800000, 240000.0, 192000.0, 2832000.0, 3000000, '2023-06-20 00:00:00', '2023-06-20 00:00:00');
INSERT INTO payments (id, booking_id, user_id, amount, currency, status, method, transaction_id, created_at, processed_at) VALUES ('4812ad94-b0c8-42dc-9273-75b07d198511', '03d71139-c714-43de-910b-3bca5447a84d', 'D4E5F6G7-H8I9-0123-DEFG-456789012345', 2832000.0, 'VND', 'SUCCEEDED', 'VNPAY', '8a10377f-1575-41de-869c-a1b28eb0762b', '2023-06-20 00:00:00', '2023-06-20 00:00:00');
INSERT INTO reviews (id, vehicle_id, booking_id, reviewer_id, owner_id, rating, cleanliness, accuracy, communication, value_rating, comment, created_at, updated_at) VALUES ('3c914776-e001-453c-bbdc-dd08477d12c8', 'V1A2B3C4-D5E6-7890-VHCL-111111111111', '03d71139-c714-43de-910b-3bca5447a84d', 'D4E5F6G7-H8I9-0123-DEFG-456789012345', 'E5F6G7H8-I9J0-1234-EFGH-567890123456', 5, 5, 5, 5, 5, N'Trải nghiệm tuyệt vời!', '2023-07-04 00:00:00', '2023-07-04 00:00:00');
INSERT INTO bookings (id, vehicle_id, renter_id, owner_id, status, start_date, end_date, total_days, base_price, price_per_day, service_fee, taxes, total, deposit, created_at, updated_at) VALUES ('6a103c35-e9cd-49c9-9235-b50af5ac2b6c', 'V1A2B3C4-D5E6-7890-VHCL-111111111111', 'C3D4E5F6-G7H8-9012-CDEF-345678901234', 'E5F6G7H8-I9J0-1234-EFGH-567890123456', 'COMPLETED', '2023-02-04', '2023-02-10', 6, 4800000, 800000, 480000.0, 384000.0, 5664000.0, 3000000, '2023-01-31 00:00:00', '2023-01-31 00:00:00');
INSERT INTO payments (id, booking_id, user_id, amount, currency, status, method, transaction_id, created_at, processed_at) VALUES ('7a5a1a61-3992-41bf-8521-28f42900056f', '6a103c35-e9cd-49c9-9235-b50af5ac2b6c', 'C3D4E5F6-G7H8-9012-CDEF-345678901234', 5664000.0, 'VND', 'SUCCEEDED', 'VNPAY', 'd390abba-b8ff-4694-a409-2534b5f23dea', '2023-01-31 00:00:00', '2023-01-31 00:00:00');
INSERT INTO reviews (id, vehicle_id, booking_id, reviewer_id, owner_id, rating, cleanliness, accuracy, communication, value_rating, comment, created_at, updated_at) VALUES ('78ac8151-74a0-4cf0-a17f-899a23dcb289', 'V1A2B3C4-D5E6-7890-VHCL-111111111111', '6a103c35-e9cd-49c9-9235-b50af5ac2b6c', 'C3D4E5F6-G7H8-9012-CDEF-345678901234', 'E5F6G7H8-I9J0-1234-EFGH-567890123456', 3, 3, 3, 3, 3, N'Trải nghiệm tuyệt vời!', '2023-02-10 00:00:00', '2023-02-10 00:00:00');
INSERT INTO bookings (id, vehicle_id, renter_id, owner_id, status, start_date, end_date, total_days, base_price, price_per_day, service_fee, taxes, total, deposit, created_at, updated_at) VALUES ('c07732dd-2899-4345-88f7-eb4f575c53ad', 'V1A2B3C4-D5E6-7890-VHCL-111111111111', 'B2C3D4E5-F6G7-8901-BCDE-234567890123', 'E5F6G7H8-I9J0-1234-EFGH-567890123456', 'COMPLETED', '2024-05-21', '2024-05-26', 5, 4000000, 800000, 400000.0, 320000.0, 4720000.0, 3000000, '2024-05-11 00:00:00', '2024-05-11 00:00:00');
INSERT INTO payments (id, booking_id, user_id, amount, currency, status, method, transaction_id, created_at, processed_at) VALUES ('66d6983b-a37a-4f56-acad-0bdfdc01eba6', 'c07732dd-2899-4345-88f7-eb4f575c53ad', 'B2C3D4E5-F6G7-8901-BCDE-234567890123', 4720000.0, 'VND', 'SUCCEEDED', 'VNPAY', 'd276ee0b-17ef-4c5c-bf3d-f6eb7d1e90da', '2024-05-11 00:00:00', '2024-05-11 00:00:00');
INSERT INTO reviews (id, vehicle_id, booking_id, reviewer_id, owner_id, rating, cleanliness, accuracy, communication, value_rating, comment, created_at, updated_at) VALUES ('8f69ee29-6b55-4967-8b55-a8d301b530d7', 'V1A2B3C4-D5E6-7890-VHCL-111111111111', 'c07732dd-2899-4345-88f7-eb4f575c53ad', 'B2C3D4E5-F6G7-8901-BCDE-234567890123', 'E5F6G7H8-I9J0-1234-EFGH-567890123456', 3, 3, 3, 3, 3, N'Trải nghiệm tuyệt vời!', '2024-05-26 00:00:00', '2024-05-26 00:00:00');
INSERT INTO bookings (id, vehicle_id, renter_id, owner_id, status, start_date, end_date, total_days, base_price, price_per_day, service_fee, taxes, total, deposit, created_at, updated_at) VALUES ('933d4e83-739e-4ef6-b271-3d4e3e722f9b', 'V1A2B3C4-D5E6-7890-VHCL-111111111111', 'D4E5F6G7-H8I9-0123-DEFG-456789012345', 'E5F6G7H8-I9J0-1234-EFGH-567890123456', 'COMPLETED', '2023-04-05', '2023-04-08', 3, 2400000, 800000, 240000.0, 192000.0, 2832000.0, 3000000, '2023-03-30 00:00:00', '2023-03-30 00:00:00');
INSERT INTO payments (id, booking_id, user_id, amount, currency, status, method, transaction_id, created_at, processed_at) VALUES ('befb48c6-b177-4b3b-89c6-803bae03f81b', '933d4e83-739e-4ef6-b271-3d4e3e722f9b', 'D4E5F6G7-H8I9-0123-DEFG-456789012345', 2832000.0, 'VND', 'SUCCEEDED', 'VNPAY', '933d03f5-3b03-40fc-9692-8aafbdd5798e', '2023-03-30 00:00:00', '2023-03-30 00:00:00');
INSERT INTO reviews (id, vehicle_id, booking_id, reviewer_id, owner_id, rating, cleanliness, accuracy, communication, value_rating, comment, created_at, updated_at) VALUES ('79ace587-6f64-4b8c-b3b9-6eb27b31c99c', 'V1A2B3C4-D5E6-7890-VHCL-111111111111', '933d4e83-739e-4ef6-b271-3d4e3e722f9b', 'D4E5F6G7-H8I9-0123-DEFG-456789012345', 'E5F6G7H8-I9J0-1234-EFGH-567890123456', 5, 5, 5, 5, 5, N'Trải nghiệm tuyệt vời!', '2023-04-08 00:00:00', '2023-04-08 00:00:00');
INSERT INTO bookings (id, vehicle_id, renter_id, owner_id, status, start_date, end_date, total_days, base_price, price_per_day, service_fee, taxes, total, deposit, created_at, updated_at) VALUES ('c4bd8e4a-3acf-4fea-a7cb-2819568b1ae8', 'V1A2B3C4-D5E6-7890-VHCL-111111111111', 'B2C3D4E5-F6G7-8901-BCDE-234567890123', 'E5F6G7H8-I9J0-1234-EFGH-567890123456', 'COMPLETED', '2023-12-16', '2023-12-26', 10, 8000000, 800000, 800000.0, 640000.0, 9440000.0, 3000000, '2023-12-07 00:00:00', '2023-12-07 00:00:00');
INSERT INTO payments (id, booking_id, user_id, amount, currency, status, method, transaction_id, created_at, processed_at) VALUES ('b404130e-ee91-4f65-96d4-b1bd36d56ddd', 'c4bd8e4a-3acf-4fea-a7cb-2819568b1ae8', 'B2C3D4E5-F6G7-8901-BCDE-234567890123', 9440000.0, 'VND', 'SUCCEEDED', 'VNPAY', '3501307b-c419-4bae-9c27-fb2dfd9daaa4', '2023-12-07 00:00:00', '2023-12-07 00:00:00');
INSERT INTO reviews (id, vehicle_id, booking_id, reviewer_id, owner_id, rating, cleanliness, accuracy, communication, value_rating, comment, created_at, updated_at) VALUES ('a21e5f9c-74a3-45b2-bddb-3cd13e3a50f7', 'V1A2B3C4-D5E6-7890-VHCL-111111111111', 'c4bd8e4a-3acf-4fea-a7cb-2819568b1ae8', 'B2C3D4E5-F6G7-8901-BCDE-234567890123', 'E5F6G7H8-I9J0-1234-EFGH-567890123456', 4, 4, 4, 4, 4, N'Trải nghiệm tuyệt vời!', '2023-12-26 00:00:00', '2023-12-26 00:00:00');
INSERT INTO bookings (id, vehicle_id, renter_id, owner_id, status, start_date, end_date, total_days, base_price, price_per_day, service_fee, taxes, total, deposit, created_at, updated_at) VALUES ('0e1faea2-42ee-4baa-affa-d06274856665', 'V1A2B3C4-D5E6-7890-VHCL-111111111111', 'C3D4E5F6-G7H8-9012-CDEF-345678901234', 'E5F6G7H8-I9J0-1234-EFGH-567890123456', 'COMPLETED', '2024-04-09', '2024-04-17', 8, 6400000, 800000, 640000.0, 512000.0, 7552000.0, 3000000, '2024-03-26 00:00:00', '2024-03-26 00:00:00');
INSERT INTO payments (id, booking_id, user_id, amount, currency, status, method, transaction_id, created_at, processed_at) VALUES ('e1312479-e831-487a-86e5-99eef22471fb', '0e1faea2-42ee-4baa-affa-d06274856665', 'C3D4E5F6-G7H8-9012-CDEF-345678901234', 7552000.0, 'VND', 'SUCCEEDED', 'VNPAY', 'b90424ef-66b7-4c8b-bb85-872065837b47', '2024-03-26 00:00:00', '2024-03-26 00:00:00');
INSERT INTO reviews (id, vehicle_id, booking_id, reviewer_id, owner_id, rating, cleanliness, accuracy, communication, value_rating, comment, created_at, updated_at) VALUES ('e5554fa0-048d-4759-9bbe-b10bc16ce3cb', 'V1A2B3C4-D5E6-7890-VHCL-111111111111', '0e1faea2-42ee-4baa-affa-d06274856665', 'C3D4E5F6-G7H8-9012-CDEF-345678901234', 'E5F6G7H8-I9J0-1234-EFGH-567890123456', 3, 3, 3, 3, 3, N'Trải nghiệm tuyệt vời!', '2024-04-17 00:00:00', '2024-04-17 00:00:00');
INSERT INTO bookings (id, vehicle_id, renter_id, owner_id, status, start_date, end_date, total_days, base_price, price_per_day, service_fee, taxes, total, deposit, created_at, updated_at) VALUES ('50581f57-3655-4737-99e4-3c2b8cc0c9d8', 'V1A2B3C4-D5E6-7890-VHCL-111111111111', 'B2C3D4E5-F6G7-8901-BCDE-234567890123', 'E5F6G7H8-I9J0-1234-EFGH-567890123456', 'CANCELLED', '2024-02-20', '2024-02-28', 8, 6400000, 800000, 640000.0, 512000.0, 7552000.0, 3000000, '2024-02-18 00:00:00', '2024-02-18 00:00:00');
INSERT INTO payments (id, booking_id, user_id, amount, currency, status, method, transaction_id, created_at, processed_at) VALUES ('794895c8-3406-4d9d-917c-0552760101b3', '50581f57-3655-4737-99e4-3c2b8cc0c9d8', 'B2C3D4E5-F6G7-8901-BCDE-234567890123', 7552000.0, 'VND', 'REFUNDED', 'VNPAY', 'e4429c7d-acba-4aad-8445-0fbe6afc33c2', '2024-02-18 00:00:00', '2024-02-18 00:00:00');
INSERT INTO bookings (id, vehicle_id, renter_id, owner_id, status, start_date, end_date, total_days, base_price, price_per_day, service_fee, taxes, total, deposit, created_at, updated_at) VALUES ('3d068ae1-bb05-41c9-a7a5-bcc4a2a9f264', 'V1A2B3C4-D5E6-7890-VHCL-111111111111', 'C3D4E5F6-G7H8-9012-CDEF-345678901234', 'E5F6G7H8-I9J0-1234-EFGH-567890123456', 'COMPLETED', '2024-01-14', '2024-01-17', 3, 2400000, 800000, 240000.0, 192000.0, 2832000.0, 3000000, '2024-01-07 00:00:00', '2024-01-07 00:00:00');
INSERT INTO payments (id, booking_id, user_id, amount, currency, status, method, transaction_id, created_at, processed_at) VALUES ('3ca8cfa7-dbc1-4653-9420-b67d5e179f7c', '3d068ae1-bb05-41c9-a7a5-bcc4a2a9f264', 'C3D4E5F6-G7H8-9012-CDEF-345678901234', 2832000.0, 'VND', 'SUCCEEDED', 'VNPAY', '82789cb1-831f-40b5-b76a-438ceaeed5ba', '2024-01-07 00:00:00', '2024-01-07 00:00:00');
INSERT INTO reviews (id, vehicle_id, booking_id, reviewer_id, owner_id, rating, cleanliness, accuracy, communication, value_rating, comment, created_at, updated_at) VALUES ('f980fb3d-6077-49a0-a901-ce2369930dd7', 'V1A2B3C4-D5E6-7890-VHCL-111111111111', '3d068ae1-bb05-41c9-a7a5-bcc4a2a9f264', 'C3D4E5F6-G7H8-9012-CDEF-345678901234', 'E5F6G7H8-I9J0-1234-EFGH-567890123456', 4, 4, 4, 4, 4, N'Trải nghiệm tuyệt vời!', '2024-01-17 00:00:00', '2024-01-17 00:00:00');
INSERT INTO bookings (id, vehicle_id, renter_id, owner_id, status, start_date, end_date, total_days, base_price, price_per_day, service_fee, taxes, total, deposit, created_at, updated_at) VALUES ('51718c06-1159-42bf-a0df-d444e7a66868', 'V1A2B3C4-D5E6-7890-VHCL-111111111111', 'B2C3D4E5-F6G7-8901-BCDE-234567890123', 'E5F6G7H8-I9J0-1234-EFGH-567890123456', 'COMPLETED', '2024-05-02', '2024-05-09', 7, 5600000, 800000, 560000.0, 448000.0, 6608000.0, 3000000, '2024-04-26 00:00:00', '2024-04-26 00:00:00');
INSERT INTO payments (id, booking_id, user_id, amount, currency, status, method, transaction_id, created_at, processed_at) VALUES ('0c9c761a-7d20-46d3-9cc3-03677bd6d5ec', '51718c06-1159-42bf-a0df-d444e7a66868', 'B2C3D4E5-F6G7-8901-BCDE-234567890123', 6608000.0, 'VND', 'SUCCEEDED', 'VNPAY', 'd80475de-dd5a-4469-81ea-705ada2c9cbc', '2024-04-26 00:00:00', '2024-04-26 00:00:00');
INSERT INTO reviews (id, vehicle_id, booking_id, reviewer_id, owner_id, rating, cleanliness, accuracy, communication, value_rating, comment, created_at, updated_at) VALUES ('57710d0a-ffbf-4660-8cd2-c157023fcac6', 'V1A2B3C4-D5E6-7890-VHCL-111111111111', '51718c06-1159-42bf-a0df-d444e7a66868', 'B2C3D4E5-F6G7-8901-BCDE-234567890123', 'E5F6G7H8-I9J0-1234-EFGH-567890123456', 4, 4, 4, 4, 4, N'Trải nghiệm tuyệt vời!', '2024-05-09 00:00:00', '2024-05-09 00:00:00');
INSERT INTO bookings (id, vehicle_id, renter_id, owner_id, status, start_date, end_date, total_days, base_price, price_per_day, service_fee, taxes, total, deposit, created_at, updated_at) VALUES ('97e199d5-c034-4dfb-8b79-4c0bb126175a', 'V1A2B3C4-D5E6-7890-VHCL-111111111111', 'B2C3D4E5-F6G7-8901-BCDE-234567890123', 'E5F6G7H8-I9J0-1234-EFGH-567890123456', 'COMPLETED', '2023-01-19', '2023-01-22', 3, 2400000, 800000, 240000.0, 192000.0, 2832000.0, 3000000, '2023-01-17 00:00:00', '2023-01-17 00:00:00');
INSERT INTO payments (id, booking_id, user_id, amount, currency, status, method, transaction_id, created_at, processed_at) VALUES ('135d88d4-04df-4c8e-bcf1-414366ed4847', '97e199d5-c034-4dfb-8b79-4c0bb126175a', 'B2C3D4E5-F6G7-8901-BCDE-234567890123', 2832000.0, 'VND', 'SUCCEEDED', 'VNPAY', 'fea069c9-3c77-4d78-b3cc-5008ad5c61f4', '2023-01-17 00:00:00', '2023-01-17 00:00:00');
INSERT INTO reviews (id, vehicle_id, booking_id, reviewer_id, owner_id, rating, cleanliness, accuracy, communication, value_rating, comment, created_at, updated_at) VALUES ('0730a7e5-1307-44fd-84a3-7d07d009cdb9', 'V1A2B3C4-D5E6-7890-VHCL-111111111111', '97e199d5-c034-4dfb-8b79-4c0bb126175a', 'B2C3D4E5-F6G7-8901-BCDE-234567890123', 'E5F6G7H8-I9J0-1234-EFGH-567890123456', 5, 5, 5, 5, 5, N'Trải nghiệm tuyệt vời!', '2023-01-22 00:00:00', '2023-01-22 00:00:00');
INSERT INTO bookings (id, vehicle_id, renter_id, owner_id, status, start_date, end_date, total_days, base_price, price_per_day, service_fee, taxes, total, deposit, created_at, updated_at) VALUES ('563edb54-b12d-41c9-89de-f65d05de2e38', 'V1A2B3C4-D5E6-7890-VHCL-111111111111', 'D4E5F6G7-H8I9-0123-DEFG-456789012345', 'E5F6G7H8-I9J0-1234-EFGH-567890123456', 'COMPLETED', '2023-07-13', '2023-07-20', 7, 5600000, 800000, 560000.0, 448000.0, 6608000.0, 3000000, '2023-07-10 00:00:00', '2023-07-10 00:00:00');
INSERT INTO payments (id, booking_id, user_id, amount, currency, status, method, transaction_id, created_at, processed_at) VALUES ('96f5f0ec-c566-43e6-975e-8fd5533ddcef', '563edb54-b12d-41c9-89de-f65d05de2e38', 'D4E5F6G7-H8I9-0123-DEFG-456789012345', 6608000.0, 'VND', 'SUCCEEDED', 'VNPAY', '6563228a-e590-4b59-80f1-37d1197fc7c8', '2023-07-10 00:00:00', '2023-07-10 00:00:00');
INSERT INTO reviews (id, vehicle_id, booking_id, reviewer_id, owner_id, rating, cleanliness, accuracy, communication, value_rating, comment, created_at, updated_at) VALUES ('57c4f838-7dcd-428e-a9e3-c8cba552b999', 'V1A2B3C4-D5E6-7890-VHCL-111111111111', '563edb54-b12d-41c9-89de-f65d05de2e38', 'D4E5F6G7-H8I9-0123-DEFG-456789012345', 'E5F6G7H8-I9J0-1234-EFGH-567890123456', 3, 3, 3, 3, 3, N'Trải nghiệm tuyệt vời!', '2023-07-20 00:00:00', '2023-07-20 00:00:00');
INSERT INTO bookings (id, vehicle_id, renter_id, owner_id, status, start_date, end_date, total_days, base_price, price_per_day, service_fee, taxes, total, deposit, created_at, updated_at) VALUES ('0ed4d645-1326-42fd-9a31-ab212295374b', 'V1A2B3C4-D5E6-7890-VHCL-111111111111', 'C3D4E5F6-G7H8-9012-CDEF-345678901234', 'E5F6G7H8-I9J0-1234-EFGH-567890123456', 'COMPLETED', '2024-03-29', '2024-04-02', 4, 3200000, 800000, 320000.0, 256000.0, 3776000.0, 3000000, '2024-03-27 00:00:00', '2024-03-27 00:00:00');
INSERT INTO payments (id, booking_id, user_id, amount, currency, status, method, transaction_id, created_at, processed_at) VALUES ('6b24d829-7335-48fb-ad6d-9efd5654a86a', '0ed4d645-1326-42fd-9a31-ab212295374b', 'C3D4E5F6-G7H8-9012-CDEF-345678901234', 3776000.0, 'VND', 'SUCCEEDED', 'VNPAY', 'f1e6233d-499a-4f5a-85b2-8243a2dbc81f', '2024-03-27 00:00:00', '2024-03-27 00:00:00');
INSERT INTO reviews (id, vehicle_id, booking_id, reviewer_id, owner_id, rating, cleanliness, accuracy, communication, value_rating, comment, created_at, updated_at) VALUES ('3a6580d5-2844-4d5d-ba96-5b9b37a1f0de', 'V1A2B3C4-D5E6-7890-VHCL-111111111111', '0ed4d645-1326-42fd-9a31-ab212295374b', 'C3D4E5F6-G7H8-9012-CDEF-345678901234', 'E5F6G7H8-I9J0-1234-EFGH-567890123456', 5, 5, 5, 5, 5, N'Trải nghiệm tuyệt vời!', '2024-04-02 00:00:00', '2024-04-02 00:00:00');
INSERT INTO bookings (id, vehicle_id, renter_id, owner_id, status, start_date, end_date, total_days, base_price, price_per_day, service_fee, taxes, total, deposit, created_at, updated_at) VALUES ('8eb5931d-cf83-4727-b448-e69098abc3d2', 'V1A2B3C4-D5E6-7890-VHCL-111111111111', 'B2C3D4E5-F6G7-8901-BCDE-234567890123', 'E5F6G7H8-I9J0-1234-EFGH-567890123456', 'COMPLETED', '2023-02-24', '2023-03-05', 9, 7200000, 800000, 720000.0, 576000.0, 8496000.0, 3000000, '2023-02-13 00:00:00', '2023-02-13 00:00:00');
INSERT INTO payments (id, booking_id, user_id, amount, currency, status, method, transaction_id, created_at, processed_at) VALUES ('b4aaf4dc-bcff-4ff0-b1ef-5966667f0e95', '8eb5931d-cf83-4727-b448-e69098abc3d2', 'B2C3D4E5-F6G7-8901-BCDE-234567890123', 8496000.0, 'VND', 'SUCCEEDED', 'VNPAY', 'ec35edc3-9eff-4e00-a918-e83952c880e6', '2023-02-13 00:00:00', '2023-02-13 00:00:00');
INSERT INTO reviews (id, vehicle_id, booking_id, reviewer_id, owner_id, rating, cleanliness, accuracy, communication, value_rating, comment, created_at, updated_at) VALUES ('3daee865-559e-4526-9b59-a4e1cfaa39f2', 'V1A2B3C4-D5E6-7890-VHCL-111111111111', '8eb5931d-cf83-4727-b448-e69098abc3d2', 'B2C3D4E5-F6G7-8901-BCDE-234567890123', 'E5F6G7H8-I9J0-1234-EFGH-567890123456', 4, 4, 4, 4, 4, N'Trải nghiệm tuyệt vời!', '2023-03-05 00:00:00', '2023-03-05 00:00:00');
INSERT INTO bookings (id, vehicle_id, renter_id, owner_id, status, start_date, end_date, total_days, base_price, price_per_day, service_fee, taxes, total, deposit, created_at, updated_at) VALUES ('7d1bf2e0-f850-42df-a36d-ef32c4aae608', 'V1A2B3C4-D5E6-7890-VHCL-111111111111', 'B2C3D4E5-F6G7-8901-BCDE-234567890123', 'E5F6G7H8-I9J0-1234-EFGH-567890123456', 'CANCELLED', '2023-07-13', '2023-07-17', 4, 3200000, 800000, 320000.0, 256000.0, 3776000.0, 3000000, '2023-07-06 00:00:00', '2023-07-06 00:00:00');
INSERT INTO payments (id, booking_id, user_id, amount, currency, status, method, transaction_id, created_at, processed_at) VALUES ('4aa5629f-7f39-4f57-b275-ce0123fe219d', '7d1bf2e0-f850-42df-a36d-ef32c4aae608', 'B2C3D4E5-F6G7-8901-BCDE-234567890123', 3776000.0, 'VND', 'REFUNDED', 'VNPAY', '37cc777e-3656-4db2-b114-b134aa82417e', '2023-07-06 00:00:00', '2023-07-06 00:00:00');
INSERT INTO bookings (id, vehicle_id, renter_id, owner_id, status, start_date, end_date, total_days, base_price, price_per_day, service_fee, taxes, total, deposit, created_at, updated_at) VALUES ('e7c2f78c-03a3-45ee-baeb-29992010f6a5', 'V1A2B3C4-D5E6-7890-VHCL-111111111111', 'D4E5F6G7-H8I9-0123-DEFG-456789012345', 'E5F6G7H8-I9J0-1234-EFGH-567890123456', 'CANCELLED', '2023-08-18', '2023-08-27', 9, 7200000, 800000, 720000.0, 576000.0, 8496000.0, 3000000, '2023-08-04 00:00:00', '2023-08-04 00:00:00');
INSERT INTO payments (id, booking_id, user_id, amount, currency, status, method, transaction_id, created_at, processed_at) VALUES ('eccb6374-a1df-476a-b618-02acaf5fd144', 'e7c2f78c-03a3-45ee-baeb-29992010f6a5', 'D4E5F6G7-H8I9-0123-DEFG-456789012345', 8496000.0, 'VND', 'REFUNDED', 'VNPAY', 'c9a93e91-e985-49f9-a082-f4ea3f079073', '2023-08-04 00:00:00', '2023-08-04 00:00:00');
INSERT INTO bookings (id, vehicle_id, renter_id, owner_id, status, start_date, end_date, total_days, base_price, price_per_day, service_fee, taxes, total, deposit, created_at, updated_at) VALUES ('e78f06ec-d680-4f08-ac2e-9d166cf45c6d', 'V1A2B3C4-D5E6-7890-VHCL-111111111111', 'B2C3D4E5-F6G7-8901-BCDE-234567890123', 'E5F6G7H8-I9J0-1234-EFGH-567890123456', 'COMPLETED', '2023-01-19', '2023-01-22', 3, 2400000, 800000, 240000.0, 192000.0, 2832000.0, 3000000, '2023-01-05 00:00:00', '2023-01-05 00:00:00');
INSERT INTO payments (id, booking_id, user_id, amount, currency, status, method, transaction_id, created_at, processed_at) VALUES ('ee53ad37-b03c-472d-8075-8ec13bc64773', 'e78f06ec-d680-4f08-ac2e-9d166cf45c6d', 'B2C3D4E5-F6G7-8901-BCDE-234567890123', 2832000.0, 'VND', 'SUCCEEDED', 'VNPAY', '233ee973-55e6-4a2a-82f9-c237beab7fa5', '2023-01-05 00:00:00', '2023-01-05 00:00:00');
INSERT INTO reviews (id, vehicle_id, booking_id, reviewer_id, owner_id, rating, cleanliness, accuracy, communication, value_rating, comment, created_at, updated_at) VALUES ('c88914f7-8f7c-4f52-a5cd-2d7c11e21dc2', 'V1A2B3C4-D5E6-7890-VHCL-111111111111', 'e78f06ec-d680-4f08-ac2e-9d166cf45c6d', 'B2C3D4E5-F6G7-8901-BCDE-234567890123', 'E5F6G7H8-I9J0-1234-EFGH-567890123456', 5, 5, 5, 5, 5, N'Trải nghiệm tuyệt vời!', '2023-01-22 00:00:00', '2023-01-22 00:00:00');
INSERT INTO bookings (id, vehicle_id, renter_id, owner_id, status, start_date, end_date, total_days, base_price, price_per_day, service_fee, taxes, total, deposit, created_at, updated_at) VALUES ('ebf3f9fb-4926-4f47-b733-5c34f7e986d8', 'V1A2B3C4-D5E6-7890-VHCL-111111111111', 'D4E5F6G7-H8I9-0123-DEFG-456789012345', 'E5F6G7H8-I9J0-1234-EFGH-567890123456', 'CANCELLED', '2024-02-29', '2024-03-10', 10, 8000000, 800000, 800000.0, 640000.0, 9440000.0, 3000000, '2024-02-19 00:00:00', '2024-02-19 00:00:00');
INSERT INTO payments (id, booking_id, user_id, amount, currency, status, method, transaction_id, created_at, processed_at) VALUES ('a6002a5f-9f0f-45c4-b920-b82016e4084f', 'ebf3f9fb-4926-4f47-b733-5c34f7e986d8', 'D4E5F6G7-H8I9-0123-DEFG-456789012345', 9440000.0, 'VND', 'REFUNDED', 'VNPAY', '27f70e57-28b1-4123-ace0-a48630fc14e7', '2024-02-19 00:00:00', '2024-02-19 00:00:00');
INSERT INTO bookings (id, vehicle_id, renter_id, owner_id, status, start_date, end_date, total_days, base_price, price_per_day, service_fee, taxes, total, deposit, created_at, updated_at) VALUES ('a9d530a6-5f9a-4af5-b0d7-9dd6d533dfe8', 'V1A2B3C4-D5E6-7890-VHCL-111111111111', 'C3D4E5F6-G7H8-9012-CDEF-345678901234', 'E5F6G7H8-I9J0-1234-EFGH-567890123456', 'COMPLETED', '2023-04-06', '2023-04-16', 10, 8000000, 800000, 800000.0, 640000.0, 9440000.0, 3000000, '2023-03-25 00:00:00', '2023-03-25 00:00:00');
INSERT INTO payments (id, booking_id, user_id, amount, currency, status, method, transaction_id, created_at, processed_at) VALUES ('d7ea8f58-4951-47ac-a523-a1e4dafa26ce', 'a9d530a6-5f9a-4af5-b0d7-9dd6d533dfe8', 'C3D4E5F6-G7H8-9012-CDEF-345678901234', 9440000.0, 'VND', 'SUCCEEDED', 'VNPAY', '8b556c9b-1058-47f3-b722-f181a9c8ae2d', '2023-03-25 00:00:00', '2023-03-25 00:00:00');
INSERT INTO reviews (id, vehicle_id, booking_id, reviewer_id, owner_id, rating, cleanliness, accuracy, communication, value_rating, comment, created_at, updated_at) VALUES ('ba87f3a5-9ca0-4819-834d-74a910a72a78', 'V1A2B3C4-D5E6-7890-VHCL-111111111111', 'a9d530a6-5f9a-4af5-b0d7-9dd6d533dfe8', 'C3D4E5F6-G7H8-9012-CDEF-345678901234', 'E5F6G7H8-I9J0-1234-EFGH-567890123456', 5, 5, 5, 5, 5, N'Trải nghiệm tuyệt vời!', '2023-04-16 00:00:00', '2023-04-16 00:00:00');
INSERT INTO bookings (id, vehicle_id, renter_id, owner_id, status, start_date, end_date, total_days, base_price, price_per_day, service_fee, taxes, total, deposit, created_at, updated_at) VALUES ('d142bfc6-7c90-4990-a990-a3b897b52434', 'V1A2B3C4-D5E6-7890-VHCL-111111111111', 'D4E5F6G7-H8I9-0123-DEFG-456789012345', 'E5F6G7H8-I9J0-1234-EFGH-567890123456', 'CANCELLED', '2023-05-27', '2023-06-03', 7, 5600000, 800000, 560000.0, 448000.0, 6608000.0, 3000000, '2023-05-13 00:00:00', '2023-05-13 00:00:00');
INSERT INTO payments (id, booking_id, user_id, amount, currency, status, method, transaction_id, created_at, processed_at) VALUES ('a0653f95-4dc5-4071-8da1-3905ee9cc189', 'd142bfc6-7c90-4990-a990-a3b897b52434', 'D4E5F6G7-H8I9-0123-DEFG-456789012345', 6608000.0, 'VND', 'REFUNDED', 'VNPAY', '9076b636-ff06-4b5d-87a1-0386b65aea62', '2023-05-13 00:00:00', '2023-05-13 00:00:00');
INSERT INTO bookings (id, vehicle_id, renter_id, owner_id, status, start_date, end_date, total_days, base_price, price_per_day, service_fee, taxes, total, deposit, created_at, updated_at) VALUES ('dac0cbe7-429f-4961-ad38-bcbbc5a153d7', 'V1A2B3C4-D5E6-7890-VHCL-111111111111', 'D4E5F6G7-H8I9-0123-DEFG-456789012345', 'E5F6G7H8-I9J0-1234-EFGH-567890123456', 'COMPLETED', '2023-02-23', '2023-02-26', 3, 2400000, 800000, 240000.0, 192000.0, 2832000.0, 3000000, '2023-02-21 00:00:00', '2023-02-21 00:00:00');
INSERT INTO payments (id, booking_id, user_id, amount, currency, status, method, transaction_id, created_at, processed_at) VALUES ('e338ac31-092b-4b28-bba7-c6201e2833fc', 'dac0cbe7-429f-4961-ad38-bcbbc5a153d7', 'D4E5F6G7-H8I9-0123-DEFG-456789012345', 2832000.0, 'VND', 'SUCCEEDED', 'VNPAY', 'd9167ed6-99c4-4108-b8fa-db19c0b18ce8', '2023-02-21 00:00:00', '2023-02-21 00:00:00');
INSERT INTO reviews (id, vehicle_id, booking_id, reviewer_id, owner_id, rating, cleanliness, accuracy, communication, value_rating, comment, created_at, updated_at) VALUES ('068fec12-ea1a-4a37-93a4-9b1cd8816373', 'V1A2B3C4-D5E6-7890-VHCL-111111111111', 'dac0cbe7-429f-4961-ad38-bcbbc5a153d7', 'D4E5F6G7-H8I9-0123-DEFG-456789012345', 'E5F6G7H8-I9J0-1234-EFGH-567890123456', 3, 3, 3, 3, 3, N'Trải nghiệm tuyệt vời!', '2023-02-26 00:00:00', '2023-02-26 00:00:00');
INSERT INTO bookings (id, vehicle_id, renter_id, owner_id, status, start_date, end_date, total_days, base_price, price_per_day, service_fee, taxes, total, deposit, created_at, updated_at) VALUES ('56fd4784-a100-4d8f-aa0f-2e96cb2eaeda', 'V1A2B3C4-D5E6-7890-VHCL-111111111111', 'C3D4E5F6-G7H8-9012-CDEF-345678901234', 'E5F6G7H8-I9J0-1234-EFGH-567890123456', 'COMPLETED', '2024-02-24', '2024-03-04', 9, 7200000, 800000, 720000.0, 576000.0, 8496000.0, 3000000, '2024-02-15 00:00:00', '2024-02-15 00:00:00');
INSERT INTO payments (id, booking_id, user_id, amount, currency, status, method, transaction_id, created_at, processed_at) VALUES ('be1e7503-a638-4f15-bf29-0de1fc6352ce', '56fd4784-a100-4d8f-aa0f-2e96cb2eaeda', 'C3D4E5F6-G7H8-9012-CDEF-345678901234', 8496000.0, 'VND', 'SUCCEEDED', 'VNPAY', '42e593cc-a9d7-44ac-aacc-46dfcf96a93d', '2024-02-15 00:00:00', '2024-02-15 00:00:00');
INSERT INTO reviews (id, vehicle_id, booking_id, reviewer_id, owner_id, rating, cleanliness, accuracy, communication, value_rating, comment, created_at, updated_at) VALUES ('46d0b9d4-513f-4cd1-8942-228b051a2227', 'V1A2B3C4-D5E6-7890-VHCL-111111111111', '56fd4784-a100-4d8f-aa0f-2e96cb2eaeda', 'C3D4E5F6-G7H8-9012-CDEF-345678901234', 'E5F6G7H8-I9J0-1234-EFGH-567890123456', 3, 3, 3, 3, 3, N'Trải nghiệm tuyệt vời!', '2024-03-04 00:00:00', '2024-03-04 00:00:00');
INSERT INTO bookings (id, vehicle_id, renter_id, owner_id, status, start_date, end_date, total_days, base_price, price_per_day, service_fee, taxes, total, deposit, created_at, updated_at) VALUES ('c6884146-9f54-4f24-90b4-18507b275a25', 'V1A2B3C4-D5E6-7890-VHCL-111111111111', 'B2C3D4E5-F6G7-8901-BCDE-234567890123', 'E5F6G7H8-I9J0-1234-EFGH-567890123456', 'COMPLETED', '2023-10-15', '2023-10-25', 10, 8000000, 800000, 800000.0, 640000.0, 9440000.0, 3000000, '2023-10-12 00:00:00', '2023-10-12 00:00:00');
INSERT INTO payments (id, booking_id, user_id, amount, currency, status, method, transaction_id, created_at, processed_at) VALUES ('e24bb2ff-04c2-477a-9e9c-0873123dd76f', 'c6884146-9f54-4f24-90b4-18507b275a25', 'B2C3D4E5-F6G7-8901-BCDE-234567890123', 9440000.0, 'VND', 'SUCCEEDED', 'VNPAY', 'e610a08c-af59-4419-b68a-c3afc552c196', '2023-10-12 00:00:00', '2023-10-12 00:00:00');
INSERT INTO reviews (id, vehicle_id, booking_id, reviewer_id, owner_id, rating, cleanliness, accuracy, communication, value_rating, comment, created_at, updated_at) VALUES ('ca21a59e-43ce-4c54-9889-485a330e2707', 'V1A2B3C4-D5E6-7890-VHCL-111111111111', 'c6884146-9f54-4f24-90b4-18507b275a25', 'B2C3D4E5-F6G7-8901-BCDE-234567890123', 'E5F6G7H8-I9J0-1234-EFGH-567890123456', 4, 4, 4, 4, 4, N'Trải nghiệm tuyệt vời!', '2023-10-25 00:00:00', '2023-10-25 00:00:00');
INSERT INTO bookings (id, vehicle_id, renter_id, owner_id, status, start_date, end_date, total_days, base_price, price_per_day, service_fee, taxes, total, deposit, created_at, updated_at) VALUES ('7001c764-e59a-4bff-b8a6-a234f296b022', 'V1A2B3C4-D5E6-7890-VHCL-111111111111', 'C3D4E5F6-G7H8-9012-CDEF-345678901234', 'E5F6G7H8-I9J0-1234-EFGH-567890123456', 'COMPLETED', '2024-01-14', '2024-01-24', 10, 8000000, 800000, 800000.0, 640000.0, 9440000.0, 3000000, '2024-01-11 00:00:00', '2024-01-11 00:00:00');
INSERT INTO payments (id, booking_id, user_id, amount, currency, status, method, transaction_id, created_at, processed_at) VALUES ('31f208ac-65cb-4177-bd63-e90c1724f938', '7001c764-e59a-4bff-b8a6-a234f296b022', 'C3D4E5F6-G7H8-9012-CDEF-345678901234', 9440000.0, 'VND', 'SUCCEEDED', 'VNPAY', '76384dfa-7e73-4c8c-ad57-0b9c9ab7fe92', '2024-01-11 00:00:00', '2024-01-11 00:00:00');
INSERT INTO reviews (id, vehicle_id, booking_id, reviewer_id, owner_id, rating, cleanliness, accuracy, communication, value_rating, comment, created_at, updated_at) VALUES ('71aa9b84-2b7d-4a22-b5c4-532406a9444e', 'V1A2B3C4-D5E6-7890-VHCL-111111111111', '7001c764-e59a-4bff-b8a6-a234f296b022', 'C3D4E5F6-G7H8-9012-CDEF-345678901234', 'E5F6G7H8-I9J0-1234-EFGH-567890123456', 4, 4, 4, 4, 4, N'Trải nghiệm tuyệt vời!', '2024-01-24 00:00:00', '2024-01-24 00:00:00');
INSERT INTO bookings (id, vehicle_id, renter_id, owner_id, status, start_date, end_date, total_days, base_price, price_per_day, service_fee, taxes, total, deposit, created_at, updated_at) VALUES ('0b04d7bb-5d35-4068-943f-7fd30834bef7', 'V1A2B3C4-D5E6-7890-VHCL-111111111111', 'C3D4E5F6-G7H8-9012-CDEF-345678901234', 'E5F6G7H8-I9J0-1234-EFGH-567890123456', 'COMPLETED', '2024-05-15', '2024-05-16', 1, 800000, 800000, 80000.0, 64000.0, 944000.0, 3000000, '2024-05-04 00:00:00', '2024-05-04 00:00:00');
INSERT INTO payments (id, booking_id, user_id, amount, currency, status, method, transaction_id, created_at, processed_at) VALUES ('78b5260e-5258-425c-8211-d0a28781c5ce', '0b04d7bb-5d35-4068-943f-7fd30834bef7', 'C3D4E5F6-G7H8-9012-CDEF-345678901234', 944000.0, 'VND', 'SUCCEEDED', 'VNPAY', '2f0e9442-89e6-4f88-89ef-c97324aec9ed', '2024-05-04 00:00:00', '2024-05-04 00:00:00');
INSERT INTO reviews (id, vehicle_id, booking_id, reviewer_id, owner_id, rating, cleanliness, accuracy, communication, value_rating, comment, created_at, updated_at) VALUES ('9c1a091b-b4a7-4cb0-bd8e-bb49d0585901', 'V1A2B3C4-D5E6-7890-VHCL-111111111111', '0b04d7bb-5d35-4068-943f-7fd30834bef7', 'C3D4E5F6-G7H8-9012-CDEF-345678901234', 'E5F6G7H8-I9J0-1234-EFGH-567890123456', 4, 4, 4, 4, 4, N'Trải nghiệm tuyệt vời!', '2024-05-16 00:00:00', '2024-05-16 00:00:00');
INSERT INTO bookings (id, vehicle_id, renter_id, owner_id, status, start_date, end_date, total_days, base_price, price_per_day, service_fee, taxes, total, deposit, created_at, updated_at) VALUES ('a40caff5-5ad2-42ca-adba-ef0a87751177', 'V1A2B3C4-D5E6-7890-VHCL-111111111111', 'D4E5F6G7-H8I9-0123-DEFG-456789012345', 'E5F6G7H8-I9J0-1234-EFGH-567890123456', 'COMPLETED', '2024-05-31', '2024-06-06', 6, 4800000, 800000, 480000.0, 384000.0, 5664000.0, 3000000, '2024-05-22 00:00:00', '2024-05-22 00:00:00');
INSERT INTO payments (id, booking_id, user_id, amount, currency, status, method, transaction_id, created_at, processed_at) VALUES ('90889aac-1b2e-47eb-9262-fe0073e4a35c', 'a40caff5-5ad2-42ca-adba-ef0a87751177', 'D4E5F6G7-H8I9-0123-DEFG-456789012345', 5664000.0, 'VND', 'SUCCEEDED', 'VNPAY', '5ea9561f-a5ce-4fb5-bdd7-7062118b3350', '2024-05-22 00:00:00', '2024-05-22 00:00:00');
INSERT INTO reviews (id, vehicle_id, booking_id, reviewer_id, owner_id, rating, cleanliness, accuracy, communication, value_rating, comment, created_at, updated_at) VALUES ('e071e83a-22e0-4936-aee3-2228825faba0', 'V1A2B3C4-D5E6-7890-VHCL-111111111111', 'a40caff5-5ad2-42ca-adba-ef0a87751177', 'D4E5F6G7-H8I9-0123-DEFG-456789012345', 'E5F6G7H8-I9J0-1234-EFGH-567890123456', 3, 3, 3, 3, 3, N'Trải nghiệm tuyệt vời!', '2024-06-06 00:00:00', '2024-06-06 00:00:00');
INSERT INTO bookings (id, vehicle_id, renter_id, owner_id, status, start_date, end_date, total_days, base_price, price_per_day, service_fee, taxes, total, deposit, created_at, updated_at) VALUES ('2fc65fb0-cd72-43e1-b3a6-8149d5856f55', 'V1A2B3C4-D5E6-7890-VHCL-111111111111', 'C3D4E5F6-G7H8-9012-CDEF-345678901234', 'E5F6G7H8-I9J0-1234-EFGH-567890123456', 'COMPLETED', '2024-05-23', '2024-05-26', 3, 2400000, 800000, 240000.0, 192000.0, 2832000.0, 3000000, '2024-05-17 00:00:00', '2024-05-17 00:00:00');
INSERT INTO payments (id, booking_id, user_id, amount, currency, status, method, transaction_id, created_at, processed_at) VALUES ('f1314d0a-01bc-4fa6-bb42-fef34b19e882', '2fc65fb0-cd72-43e1-b3a6-8149d5856f55', 'C3D4E5F6-G7H8-9012-CDEF-345678901234', 2832000.0, 'VND', 'SUCCEEDED', 'VNPAY', 'fc0c73b2-7b57-468b-88df-b9cb1465346a', '2024-05-17 00:00:00', '2024-05-17 00:00:00');
INSERT INTO reviews (id, vehicle_id, booking_id, reviewer_id, owner_id, rating, cleanliness, accuracy, communication, value_rating, comment, created_at, updated_at) VALUES ('367425e5-8950-4888-ae15-7f60f0340d81', 'V1A2B3C4-D5E6-7890-VHCL-111111111111', '2fc65fb0-cd72-43e1-b3a6-8149d5856f55', 'C3D4E5F6-G7H8-9012-CDEF-345678901234', 'E5F6G7H8-I9J0-1234-EFGH-567890123456', 4, 4, 4, 4, 4, N'Trải nghiệm tuyệt vời!', '2024-05-26 00:00:00', '2024-05-26 00:00:00');
INSERT INTO bookings (id, vehicle_id, renter_id, owner_id, status, start_date, end_date, total_days, base_price, price_per_day, service_fee, taxes, total, deposit, created_at, updated_at) VALUES ('a8523cb1-9b7c-4050-80e2-759506bf7d0c', 'V1A2B3C4-D5E6-7890-VHCL-111111111111', 'C3D4E5F6-G7H8-9012-CDEF-345678901234', 'E5F6G7H8-I9J0-1234-EFGH-567890123456', 'COMPLETED', '2023-02-24', '2023-02-25', 1, 800000, 800000, 80000.0, 64000.0, 944000.0, 3000000, '2023-02-21 00:00:00', '2023-02-21 00:00:00');
INSERT INTO payments (id, booking_id, user_id, amount, currency, status, method, transaction_id, created_at, processed_at) VALUES ('b11d4fca-0981-46e1-8b62-47d72219791d', 'a8523cb1-9b7c-4050-80e2-759506bf7d0c', 'C3D4E5F6-G7H8-9012-CDEF-345678901234', 944000.0, 'VND', 'SUCCEEDED', 'VNPAY', 'c817cbc1-a4b5-4c9d-91a7-25d43d3387c8', '2023-02-21 00:00:00', '2023-02-21 00:00:00');
INSERT INTO reviews (id, vehicle_id, booking_id, reviewer_id, owner_id, rating, cleanliness, accuracy, communication, value_rating, comment, created_at, updated_at) VALUES ('f044a1cc-0477-47d6-b064-5da9ed96a01e', 'V1A2B3C4-D5E6-7890-VHCL-111111111111', 'a8523cb1-9b7c-4050-80e2-759506bf7d0c', 'C3D4E5F6-G7H8-9012-CDEF-345678901234', 'E5F6G7H8-I9J0-1234-EFGH-567890123456', 5, 5, 5, 5, 5, N'Trải nghiệm tuyệt vời!', '2023-02-25 00:00:00', '2023-02-25 00:00:00');
INSERT INTO bookings (id, vehicle_id, renter_id, owner_id, status, start_date, end_date, total_days, base_price, price_per_day, service_fee, taxes, total, deposit, created_at, updated_at) VALUES ('f0211789-910b-4883-87da-af6ec836d2c2', 'V1A2B3C4-D5E6-7890-VHCL-111111111111', 'C3D4E5F6-G7H8-9012-CDEF-345678901234', 'E5F6G7H8-I9J0-1234-EFGH-567890123456', 'CANCELLED', '2024-03-31', '2024-04-06', 6, 4800000, 800000, 480000.0, 384000.0, 5664000.0, 3000000, '2024-03-24 00:00:00', '2024-03-24 00:00:00');
INSERT INTO payments (id, booking_id, user_id, amount, currency, status, method, transaction_id, created_at, processed_at) VALUES ('312b6843-536a-4548-b430-a1e9879e57d9', 'f0211789-910b-4883-87da-af6ec836d2c2', 'C3D4E5F6-G7H8-9012-CDEF-345678901234', 5664000.0, 'VND', 'REFUNDED', 'VNPAY', '3b0cc78e-2fb4-4e9b-8c81-7adde6b70ce9', '2024-03-24 00:00:00', '2024-03-24 00:00:00');
INSERT INTO bookings (id, vehicle_id, renter_id, owner_id, status, start_date, end_date, total_days, base_price, price_per_day, service_fee, taxes, total, deposit, created_at, updated_at) VALUES ('6ecac28e-bf59-4678-9eb0-16909b4a37fc', 'V1A2B3C4-D5E6-7890-VHCL-111111111111', 'C3D4E5F6-G7H8-9012-CDEF-345678901234', 'E5F6G7H8-I9J0-1234-EFGH-567890123456', 'COMPLETED', '2023-05-29', '2023-06-01', 3, 2400000, 800000, 240000.0, 192000.0, 2832000.0, 3000000, '2023-05-25 00:00:00', '2023-05-25 00:00:00');
INSERT INTO payments (id, booking_id, user_id, amount, currency, status, method, transaction_id, created_at, processed_at) VALUES ('deba1e73-6201-4ece-af73-e4b6551c73e1', '6ecac28e-bf59-4678-9eb0-16909b4a37fc', 'C3D4E5F6-G7H8-9012-CDEF-345678901234', 2832000.0, 'VND', 'SUCCEEDED', 'VNPAY', '7d836d03-2d39-4fa2-9f31-e49a014fc8de', '2023-05-25 00:00:00', '2023-05-25 00:00:00');
INSERT INTO reviews (id, vehicle_id, booking_id, reviewer_id, owner_id, rating, cleanliness, accuracy, communication, value_rating, comment, created_at, updated_at) VALUES ('ef13bc1e-3184-4d3b-a89e-0fd3673861e9', 'V1A2B3C4-D5E6-7890-VHCL-111111111111', '6ecac28e-bf59-4678-9eb0-16909b4a37fc', 'C3D4E5F6-G7H8-9012-CDEF-345678901234', 'E5F6G7H8-I9J0-1234-EFGH-567890123456', 5, 5, 5, 5, 5, N'Trải nghiệm tuyệt vời!', '2023-06-01 00:00:00', '2023-06-01 00:00:00');
INSERT INTO bookings (id, vehicle_id, renter_id, owner_id, status, start_date, end_date, total_days, base_price, price_per_day, service_fee, taxes, total, deposit, created_at, updated_at) VALUES ('eb048bc3-a320-4a3c-922c-963377676064', 'V1A2B3C4-D5E6-7890-VHCL-111111111111', 'C3D4E5F6-G7H8-9012-CDEF-345678901234', 'E5F6G7H8-I9J0-1234-EFGH-567890123456', 'COMPLETED', '2024-03-25', '2024-03-31', 6, 4800000, 800000, 480000.0, 384000.0, 5664000.0, 3000000, '2024-03-22 00:00:00', '2024-03-22 00:00:00');
INSERT INTO payments (id, booking_id, user_id, amount, currency, status, method, transaction_id, created_at, processed_at) VALUES ('dfda3461-80e9-4883-b7dd-1642863d3f4d', 'eb048bc3-a320-4a3c-922c-963377676064', 'C3D4E5F6-G7H8-9012-CDEF-345678901234', 5664000.0, 'VND', 'SUCCEEDED', 'VNPAY', 'db02001e-117a-4181-880c-591afc6e3d6f', '2024-03-22 00:00:00', '2024-03-22 00:00:00');
INSERT INTO reviews (id, vehicle_id, booking_id, reviewer_id, owner_id, rating, cleanliness, accuracy, communication, value_rating, comment, created_at, updated_at) VALUES ('19d6706e-7fb2-4a7d-9c0a-ccd6d247e705', 'V1A2B3C4-D5E6-7890-VHCL-111111111111', 'eb048bc3-a320-4a3c-922c-963377676064', 'C3D4E5F6-G7H8-9012-CDEF-345678901234', 'E5F6G7H8-I9J0-1234-EFGH-567890123456', 5, 5, 5, 5, 5, N'Trải nghiệm tuyệt vời!', '2024-03-31 00:00:00', '2024-03-31 00:00:00');
INSERT INTO bookings (id, vehicle_id, renter_id, owner_id, status, start_date, end_date, total_days, base_price, price_per_day, service_fee, taxes, total, deposit, created_at, updated_at) VALUES ('4f28968f-25d6-4556-88fa-1f5cbd46fc4f', 'V1A2B3C4-D5E6-7890-VHCL-111111111111', 'D4E5F6G7-H8I9-0123-DEFG-456789012345', 'E5F6G7H8-I9J0-1234-EFGH-567890123456', 'CANCELLED', '2023-04-16', '2023-04-23', 7, 5600000, 800000, 560000.0, 448000.0, 6608000.0, 3000000, '2023-04-12 00:00:00', '2023-04-12 00:00:00');
INSERT INTO payments (id, booking_id, user_id, amount, currency, status, method, transaction_id, created_at, processed_at) VALUES ('60ddeebf-7f74-4845-9900-54ba212e64df', '4f28968f-25d6-4556-88fa-1f5cbd46fc4f', 'D4E5F6G7-H8I9-0123-DEFG-456789012345', 6608000.0, 'VND', 'REFUNDED', 'VNPAY', 'e08a8ca1-299c-4b88-b28c-d9de641df26c', '2023-04-12 00:00:00', '2023-04-12 00:00:00');
INSERT INTO bookings (id, vehicle_id, renter_id, owner_id, status, start_date, end_date, total_days, base_price, price_per_day, service_fee, taxes, total, deposit, created_at, updated_at) VALUES ('ce4df46a-0c22-4d56-ba09-bc4381e148b3', 'V1A2B3C4-D5E6-7890-VHCL-111111111111', 'D4E5F6G7-H8I9-0123-DEFG-456789012345', 'E5F6G7H8-I9J0-1234-EFGH-567890123456', 'COMPLETED', '2023-01-10', '2023-01-15', 5, 4000000, 800000, 400000.0, 320000.0, 4720000.0, 3000000, '2023-01-04 00:00:00', '2023-01-04 00:00:00');
INSERT INTO payments (id, booking_id, user_id, amount, currency, status, method, transaction_id, created_at, processed_at) VALUES ('ec8e1494-cf77-467e-a166-9e8780832659', 'ce4df46a-0c22-4d56-ba09-bc4381e148b3', 'D4E5F6G7-H8I9-0123-DEFG-456789012345', 4720000.0, 'VND', 'SUCCEEDED', 'VNPAY', '02a5a949-4385-45dc-a86d-74c02185db75', '2023-01-04 00:00:00', '2023-01-04 00:00:00');
INSERT INTO reviews (id, vehicle_id, booking_id, reviewer_id, owner_id, rating, cleanliness, accuracy, communication, value_rating, comment, created_at, updated_at) VALUES ('33f92c72-a337-4ec2-9a7d-bf3cd26d1dfc', 'V1A2B3C4-D5E6-7890-VHCL-111111111111', 'ce4df46a-0c22-4d56-ba09-bc4381e148b3', 'D4E5F6G7-H8I9-0123-DEFG-456789012345', 'E5F6G7H8-I9J0-1234-EFGH-567890123456', 5, 5, 5, 5, 5, N'Trải nghiệm tuyệt vời!', '2023-01-15 00:00:00', '2023-01-15 00:00:00');
INSERT INTO bookings (id, vehicle_id, renter_id, owner_id, status, start_date, end_date, total_days, base_price, price_per_day, service_fee, taxes, total, deposit, created_at, updated_at) VALUES ('a386bf8d-7786-49a3-a3f4-84bc979de382', 'V1A2B3C4-D5E6-7890-VHCL-111111111111', 'D4E5F6G7-H8I9-0123-DEFG-456789012345', 'E5F6G7H8-I9J0-1234-EFGH-567890123456', 'COMPLETED', '2023-11-01', '2023-11-06', 5, 4000000, 800000, 400000.0, 320000.0, 4720000.0, 3000000, '2023-10-29 00:00:00', '2023-10-29 00:00:00');
INSERT INTO payments (id, booking_id, user_id, amount, currency, status, method, transaction_id, created_at, processed_at) VALUES ('60fe0153-75e4-42a8-a721-ed78951e4614', 'a386bf8d-7786-49a3-a3f4-84bc979de382', 'D4E5F6G7-H8I9-0123-DEFG-456789012345', 4720000.0, 'VND', 'SUCCEEDED', 'VNPAY', '101f9021-6634-41dc-b3d9-f86a3885819b', '2023-10-29 00:00:00', '2023-10-29 00:00:00');
INSERT INTO reviews (id, vehicle_id, booking_id, reviewer_id, owner_id, rating, cleanliness, accuracy, communication, value_rating, comment, created_at, updated_at) VALUES ('79748628-78dd-4b22-9596-36908ad55df7', 'V1A2B3C4-D5E6-7890-VHCL-111111111111', 'a386bf8d-7786-49a3-a3f4-84bc979de382', 'D4E5F6G7-H8I9-0123-DEFG-456789012345', 'E5F6G7H8-I9J0-1234-EFGH-567890123456', 5, 5, 5, 5, 5, N'Trải nghiệm tuyệt vời!', '2023-11-06 00:00:00', '2023-11-06 00:00:00');
INSERT INTO bookings (id, vehicle_id, renter_id, owner_id, status, start_date, end_date, total_days, base_price, price_per_day, service_fee, taxes, total, deposit, created_at, updated_at) VALUES ('ff504250-0010-43d9-bc6b-7ad6012c37b2', 'V1A2B3C4-D5E6-7890-VHCL-111111111111', 'C3D4E5F6-G7H8-9012-CDEF-345678901234', 'E5F6G7H8-I9J0-1234-EFGH-567890123456', 'COMPLETED', '2023-10-28', '2023-11-03', 6, 4800000, 800000, 480000.0, 384000.0, 5664000.0, 3000000, '2023-10-17 00:00:00', '2023-10-17 00:00:00');
INSERT INTO payments (id, booking_id, user_id, amount, currency, status, method, transaction_id, created_at, processed_at) VALUES ('40e4fd70-164d-41a0-ab74-cb875b87ddeb', 'ff504250-0010-43d9-bc6b-7ad6012c37b2', 'C3D4E5F6-G7H8-9012-CDEF-345678901234', 5664000.0, 'VND', 'SUCCEEDED', 'VNPAY', '7306435e-b23f-4b90-b066-a9583aa3a291', '2023-10-17 00:00:00', '2023-10-17 00:00:00');
INSERT INTO reviews (id, vehicle_id, booking_id, reviewer_id, owner_id, rating, cleanliness, accuracy, communication, value_rating, comment, created_at, updated_at) VALUES ('4398926e-3186-4c24-b453-be38c6e2a02d', 'V1A2B3C4-D5E6-7890-VHCL-111111111111', 'ff504250-0010-43d9-bc6b-7ad6012c37b2', 'C3D4E5F6-G7H8-9012-CDEF-345678901234', 'E5F6G7H8-I9J0-1234-EFGH-567890123456', 5, 5, 5, 5, 5, N'Trải nghiệm tuyệt vời!', '2023-11-03 00:00:00', '2023-11-03 00:00:00');
INSERT INTO bookings (id, vehicle_id, renter_id, owner_id, status, start_date, end_date, total_days, base_price, price_per_day, service_fee, taxes, total, deposit, created_at, updated_at) VALUES ('16c500e3-1ab2-4091-8661-526478cbb227', 'V1A2B3C4-D5E6-7890-VHCL-111111111111', 'D4E5F6G7-H8I9-0123-DEFG-456789012345', 'E5F6G7H8-I9J0-1234-EFGH-567890123456', 'COMPLETED', '2023-10-28', '2023-11-05', 8, 6400000, 800000, 640000.0, 512000.0, 7552000.0, 3000000, '2023-10-15 00:00:00', '2023-10-15 00:00:00');
INSERT INTO payments (id, booking_id, user_id, amount, currency, status, method, transaction_id, created_at, processed_at) VALUES ('27f57928-d5a0-4882-b80b-a67959e1a8f7', '16c500e3-1ab2-4091-8661-526478cbb227', 'D4E5F6G7-H8I9-0123-DEFG-456789012345', 7552000.0, 'VND', 'SUCCEEDED', 'VNPAY', '6ee533d3-16a3-4a7e-95a0-39c922ffaae7', '2023-10-15 00:00:00', '2023-10-15 00:00:00');
INSERT INTO reviews (id, vehicle_id, booking_id, reviewer_id, owner_id, rating, cleanliness, accuracy, communication, value_rating, comment, created_at, updated_at) VALUES ('ba8fca30-28d4-4e7a-83ff-6bbc5dc112a3', 'V1A2B3C4-D5E6-7890-VHCL-111111111111', '16c500e3-1ab2-4091-8661-526478cbb227', 'D4E5F6G7-H8I9-0123-DEFG-456789012345', 'E5F6G7H8-I9J0-1234-EFGH-567890123456', 4, 4, 4, 4, 4, N'Trải nghiệm tuyệt vời!', '2023-11-05 00:00:00', '2023-11-05 00:00:00');
INSERT INTO bookings (id, vehicle_id, renter_id, owner_id, status, start_date, end_date, total_days, base_price, price_per_day, service_fee, taxes, total, deposit, created_at, updated_at) VALUES ('d8066bcb-78e8-4b84-b1cd-14114b45ea22', 'V1A2B3C4-D5E6-7890-VHCL-111111111111', 'D4E5F6G7-H8I9-0123-DEFG-456789012345', 'E5F6G7H8-I9J0-1234-EFGH-567890123456', 'COMPLETED', '2023-04-02', '2023-04-09', 7, 5600000, 800000, 560000.0, 448000.0, 6608000.0, 3000000, '2023-03-20 00:00:00', '2023-03-20 00:00:00');
INSERT INTO payments (id, booking_id, user_id, amount, currency, status, method, transaction_id, created_at, processed_at) VALUES ('ef1254d1-242b-4933-be13-2969255e860c', 'd8066bcb-78e8-4b84-b1cd-14114b45ea22', 'D4E5F6G7-H8I9-0123-DEFG-456789012345', 6608000.0, 'VND', 'SUCCEEDED', 'VNPAY', 'bb2e8a3c-4414-4e9b-91ec-1f30128d0cc9', '2023-03-20 00:00:00', '2023-03-20 00:00:00');
INSERT INTO reviews (id, vehicle_id, booking_id, reviewer_id, owner_id, rating, cleanliness, accuracy, communication, value_rating, comment, created_at, updated_at) VALUES ('6ca3629b-a046-4e6d-9883-7632d3c979ca', 'V1A2B3C4-D5E6-7890-VHCL-111111111111', 'd8066bcb-78e8-4b84-b1cd-14114b45ea22', 'D4E5F6G7-H8I9-0123-DEFG-456789012345', 'E5F6G7H8-I9J0-1234-EFGH-567890123456', 4, 4, 4, 4, 4, N'Trải nghiệm tuyệt vời!', '2023-04-09 00:00:00', '2023-04-09 00:00:00');
INSERT INTO bookings (id, vehicle_id, renter_id, owner_id, status, start_date, end_date, total_days, base_price, price_per_day, service_fee, taxes, total, deposit, created_at, updated_at) VALUES ('989ff24d-9c99-4a0a-a1f5-5512536cc8ff', 'V1A2B3C4-D5E6-7890-VHCL-111111111111', 'B2C3D4E5-F6G7-8901-BCDE-234567890123', 'E5F6G7H8-I9J0-1234-EFGH-567890123456', 'COMPLETED', '2024-02-01', '2024-02-04', 3, 2400000, 800000, 240000.0, 192000.0, 2832000.0, 3000000, '2024-01-28 00:00:00', '2024-01-28 00:00:00');
INSERT INTO payments (id, booking_id, user_id, amount, currency, status, method, transaction_id, created_at, processed_at) VALUES ('2db4af9d-c921-435d-82f6-6ac859fd7993', '989ff24d-9c99-4a0a-a1f5-5512536cc8ff', 'B2C3D4E5-F6G7-8901-BCDE-234567890123', 2832000.0, 'VND', 'SUCCEEDED', 'VNPAY', '33006235-e2d2-4347-9d6b-f5b55598874a', '2024-01-28 00:00:00', '2024-01-28 00:00:00');
INSERT INTO reviews (id, vehicle_id, booking_id, reviewer_id, owner_id, rating, cleanliness, accuracy, communication, value_rating, comment, created_at, updated_at) VALUES ('104c1062-a103-4769-bcd6-7f74555afe26', 'V1A2B3C4-D5E6-7890-VHCL-111111111111', '989ff24d-9c99-4a0a-a1f5-5512536cc8ff', 'B2C3D4E5-F6G7-8901-BCDE-234567890123', 'E5F6G7H8-I9J0-1234-EFGH-567890123456', 5, 5, 5, 5, 5, N'Trải nghiệm tuyệt vời!', '2024-02-04 00:00:00', '2024-02-04 00:00:00');
INSERT INTO bookings (id, vehicle_id, renter_id, owner_id, status, start_date, end_date, total_days, base_price, price_per_day, service_fee, taxes, total, deposit, created_at, updated_at) VALUES ('91bf2cc7-ff79-4f5e-a5a7-f106e655322d', 'V1A2B3C4-D5E6-7890-VHCL-111111111111', 'B2C3D4E5-F6G7-8901-BCDE-234567890123', 'E5F6G7H8-I9J0-1234-EFGH-567890123456', 'COMPLETED', '2023-10-25', '2023-11-03', 9, 7200000, 800000, 720000.0, 576000.0, 8496000.0, 3000000, '2023-10-14 00:00:00', '2023-10-14 00:00:00');
INSERT INTO payments (id, booking_id, user_id, amount, currency, status, method, transaction_id, created_at, processed_at) VALUES ('0b84d18f-ff19-40e8-9392-8ecb7fea43f3', '91bf2cc7-ff79-4f5e-a5a7-f106e655322d', 'B2C3D4E5-F6G7-8901-BCDE-234567890123', 8496000.0, 'VND', 'SUCCEEDED', 'VNPAY', '5d8775f2-e1a5-4d0b-90d7-2f3c383945a2', '2023-10-14 00:00:00', '2023-10-14 00:00:00');
INSERT INTO reviews (id, vehicle_id, booking_id, reviewer_id, owner_id, rating, cleanliness, accuracy, communication, value_rating, comment, created_at, updated_at) VALUES ('30de2105-e4fd-40cf-9178-7d073d8028e8', 'V1A2B3C4-D5E6-7890-VHCL-111111111111', '91bf2cc7-ff79-4f5e-a5a7-f106e655322d', 'B2C3D4E5-F6G7-8901-BCDE-234567890123', 'E5F6G7H8-I9J0-1234-EFGH-567890123456', 4, 4, 4, 4, 4, N'Trải nghiệm tuyệt vời!', '2023-11-03 00:00:00', '2023-11-03 00:00:00');
INSERT INTO bookings (id, vehicle_id, renter_id, owner_id, status, start_date, end_date, total_days, base_price, price_per_day, service_fee, taxes, total, deposit, created_at, updated_at) VALUES ('6448740c-02d7-4d8a-a6eb-09a9ac618bb1', 'V1A2B3C4-D5E6-7890-VHCL-111111111111', 'D4E5F6G7-H8I9-0123-DEFG-456789012345', 'E5F6G7H8-I9J0-1234-EFGH-567890123456', 'COMPLETED', '2023-06-29', '2023-07-01', 2, 1600000, 800000, 160000.0, 128000.0, 1888000.0, 3000000, '2023-06-20 00:00:00', '2023-06-20 00:00:00');
INSERT INTO payments (id, booking_id, user_id, amount, currency, status, method, transaction_id, created_at, processed_at) VALUES ('e00a6ee2-39b2-4183-a027-c09b6f4381aa', '6448740c-02d7-4d8a-a6eb-09a9ac618bb1', 'D4E5F6G7-H8I9-0123-DEFG-456789012345', 1888000.0, 'VND', 'SUCCEEDED', 'VNPAY', '286114e9-043c-4454-af48-08f73be755a9', '2023-06-20 00:00:00', '2023-06-20 00:00:00');
INSERT INTO reviews (id, vehicle_id, booking_id, reviewer_id, owner_id, rating, cleanliness, accuracy, communication, value_rating, comment, created_at, updated_at) VALUES ('b05337b8-faca-4840-8f8b-ad18b0fabaa5', 'V1A2B3C4-D5E6-7890-VHCL-111111111111', '6448740c-02d7-4d8a-a6eb-09a9ac618bb1', 'D4E5F6G7-H8I9-0123-DEFG-456789012345', 'E5F6G7H8-I9J0-1234-EFGH-567890123456', 4, 4, 4, 4, 4, N'Trải nghiệm tuyệt vời!', '2023-07-01 00:00:00', '2023-07-01 00:00:00');
INSERT INTO bookings (id, vehicle_id, renter_id, owner_id, status, start_date, end_date, total_days, base_price, price_per_day, service_fee, taxes, total, deposit, created_at, updated_at) VALUES ('d0983bf4-49f6-4abd-b438-2e51bd703692', 'V1A2B3C4-D5E6-7890-VHCL-111111111111', 'C3D4E5F6-G7H8-9012-CDEF-345678901234', 'E5F6G7H8-I9J0-1234-EFGH-567890123456', 'COMPLETED', '2023-08-07', '2023-08-09', 2, 1600000, 800000, 160000.0, 128000.0, 1888000.0, 3000000, '2023-08-03 00:00:00', '2023-08-03 00:00:00');
INSERT INTO payments (id, booking_id, user_id, amount, currency, status, method, transaction_id, created_at, processed_at) VALUES ('114e5f3f-4c52-4b38-ac6a-31f88311e40c', 'd0983bf4-49f6-4abd-b438-2e51bd703692', 'C3D4E5F6-G7H8-9012-CDEF-345678901234', 1888000.0, 'VND', 'SUCCEEDED', 'VNPAY', '6d38479b-7b55-4db3-9c25-4cac2d2ba79f', '2023-08-03 00:00:00', '2023-08-03 00:00:00');
INSERT INTO reviews (id, vehicle_id, booking_id, reviewer_id, owner_id, rating, cleanliness, accuracy, communication, value_rating, comment, created_at, updated_at) VALUES ('3e8b1b2d-2843-40e9-b1ba-82743e72e3d9', 'V1A2B3C4-D5E6-7890-VHCL-111111111111', 'd0983bf4-49f6-4abd-b438-2e51bd703692', 'C3D4E5F6-G7H8-9012-CDEF-345678901234', 'E5F6G7H8-I9J0-1234-EFGH-567890123456', 4, 4, 4, 4, 4, N'Trải nghiệm tuyệt vời!', '2023-08-09 00:00:00', '2023-08-09 00:00:00');
INSERT INTO bookings (id, vehicle_id, renter_id, owner_id, status, start_date, end_date, total_days, base_price, price_per_day, service_fee, taxes, total, deposit, created_at, updated_at) VALUES ('5552e977-1ee5-465e-ac3a-f7a3419569ce', 'V1A2B3C4-D5E6-7890-VHCL-111111111111', 'B2C3D4E5-F6G7-8901-BCDE-234567890123', 'E5F6G7H8-I9J0-1234-EFGH-567890123456', 'CANCELLED', '2023-12-12', '2023-12-15', 3, 2400000, 800000, 240000.0, 192000.0, 2832000.0, 3000000, '2023-12-10 00:00:00', '2023-12-10 00:00:00');
INSERT INTO payments (id, booking_id, user_id, amount, currency, status, method, transaction_id, created_at, processed_at) VALUES ('c491e8b6-1e79-4d98-ae8d-959814651f6a', '5552e977-1ee5-465e-ac3a-f7a3419569ce', 'B2C3D4E5-F6G7-8901-BCDE-234567890123', 2832000.0, 'VND', 'REFUNDED', 'VNPAY', 'a850b880-41f6-477f-a6e0-b69d518ff2a0', '2023-12-10 00:00:00', '2023-12-10 00:00:00');
INSERT INTO bookings (id, vehicle_id, renter_id, owner_id, status, start_date, end_date, total_days, base_price, price_per_day, service_fee, taxes, total, deposit, created_at, updated_at) VALUES ('8f003e0f-cee0-48c6-8329-e92cc270c901', 'V1A2B3C4-D5E6-7890-VHCL-111111111111', 'D4E5F6G7-H8I9-0123-DEFG-456789012345', 'E5F6G7H8-I9J0-1234-EFGH-567890123456', 'CANCELLED', '2023-03-13', '2023-03-17', 4, 3200000, 800000, 320000.0, 256000.0, 3776000.0, 3000000, '2023-02-27 00:00:00', '2023-02-27 00:00:00');
INSERT INTO payments (id, booking_id, user_id, amount, currency, status, method, transaction_id, created_at, processed_at) VALUES ('389d48c6-70e6-49b3-9cc3-f7ff8016095c', '8f003e0f-cee0-48c6-8329-e92cc270c901', 'D4E5F6G7-H8I9-0123-DEFG-456789012345', 3776000.0, 'VND', 'REFUNDED', 'VNPAY', 'eda8d192-6bf1-4426-9b45-ffee2afdde0f', '2023-02-27 00:00:00', '2023-02-27 00:00:00');
INSERT INTO bookings (id, vehicle_id, renter_id, owner_id, status, start_date, end_date, total_days, base_price, price_per_day, service_fee, taxes, total, deposit, created_at, updated_at) VALUES ('a6223be7-6e61-46d4-a7b9-ee4b28768a66', 'V1A2B3C4-D5E6-7890-VHCL-111111111111', 'B2C3D4E5-F6G7-8901-BCDE-234567890123', 'E5F6G7H8-I9J0-1234-EFGH-567890123456', 'COMPLETED', '2023-03-06', '2023-03-12', 6, 4800000, 800000, 480000.0, 384000.0, 5664000.0, 3000000, '2023-02-25 00:00:00', '2023-02-25 00:00:00');
INSERT INTO payments (id, booking_id, user_id, amount, currency, status, method, transaction_id, created_at, processed_at) VALUES ('b2bf4114-6c50-4bf6-8536-deb662fc71e2', 'a6223be7-6e61-46d4-a7b9-ee4b28768a66', 'B2C3D4E5-F6G7-8901-BCDE-234567890123', 5664000.0, 'VND', 'SUCCEEDED', 'VNPAY', '803bc6be-eac5-426e-a83b-c431179cfa35', '2023-02-25 00:00:00', '2023-02-25 00:00:00');
INSERT INTO reviews (id, vehicle_id, booking_id, reviewer_id, owner_id, rating, cleanliness, accuracy, communication, value_rating, comment, created_at, updated_at) VALUES ('b85bc9c8-8bf0-4bac-9c32-066cbbfcede4', 'V1A2B3C4-D5E6-7890-VHCL-111111111111', 'a6223be7-6e61-46d4-a7b9-ee4b28768a66', 'B2C3D4E5-F6G7-8901-BCDE-234567890123', 'E5F6G7H8-I9J0-1234-EFGH-567890123456', 3, 3, 3, 3, 3, N'Trải nghiệm tuyệt vời!', '2023-03-12 00:00:00', '2023-03-12 00:00:00');
INSERT INTO bookings (id, vehicle_id, renter_id, owner_id, status, start_date, end_date, total_days, base_price, price_per_day, service_fee, taxes, total, deposit, created_at, updated_at) VALUES ('af49d2f1-ba77-42e4-a186-8f5a44cdf981', 'V1A2B3C4-D5E6-7890-VHCL-111111111111', 'C3D4E5F6-G7H8-9012-CDEF-345678901234', 'E5F6G7H8-I9J0-1234-EFGH-567890123456', 'COMPLETED', '2023-02-26', '2023-03-02', 4, 3200000, 800000, 320000.0, 256000.0, 3776000.0, 3000000, '2023-02-22 00:00:00', '2023-02-22 00:00:00');
INSERT INTO payments (id, booking_id, user_id, amount, currency, status, method, transaction_id, created_at, processed_at) VALUES ('942bf4fe-2a78-4afd-af06-a1bd5ea3835a', 'af49d2f1-ba77-42e4-a186-8f5a44cdf981', 'C3D4E5F6-G7H8-9012-CDEF-345678901234', 3776000.0, 'VND', 'SUCCEEDED', 'VNPAY', '004fa5a0-4146-4ad3-a2cf-2b6cbf61712e', '2023-02-22 00:00:00', '2023-02-22 00:00:00');
INSERT INTO reviews (id, vehicle_id, booking_id, reviewer_id, owner_id, rating, cleanliness, accuracy, communication, value_rating, comment, created_at, updated_at) VALUES ('908c395f-edcc-40a1-afb0-cc79f7280f61', 'V1A2B3C4-D5E6-7890-VHCL-111111111111', 'af49d2f1-ba77-42e4-a186-8f5a44cdf981', 'C3D4E5F6-G7H8-9012-CDEF-345678901234', 'E5F6G7H8-I9J0-1234-EFGH-567890123456', 5, 5, 5, 5, 5, N'Trải nghiệm tuyệt vời!', '2023-03-02 00:00:00', '2023-03-02 00:00:00');
INSERT INTO bookings (id, vehicle_id, renter_id, owner_id, status, start_date, end_date, total_days, base_price, price_per_day, service_fee, taxes, total, deposit, created_at, updated_at) VALUES ('57528e92-7b48-4798-8260-8e523938381e', 'V1A2B3C4-D5E6-7890-VHCL-111111111111', 'B2C3D4E5-F6G7-8901-BCDE-234567890123', 'E5F6G7H8-I9J0-1234-EFGH-567890123456', 'CANCELLED', '2023-01-11', '2023-01-16', 5, 4000000, 800000, 400000.0, 320000.0, 4720000.0, 3000000, '2023-01-04 00:00:00', '2023-01-04 00:00:00');
INSERT INTO payments (id, booking_id, user_id, amount, currency, status, method, transaction_id, created_at, processed_at) VALUES ('3a991ff6-e7d7-450c-a97c-b3b9513531ef', '57528e92-7b48-4798-8260-8e523938381e', 'B2C3D4E5-F6G7-8901-BCDE-234567890123', 4720000.0, 'VND', 'REFUNDED', 'VNPAY', '7fcdf518-8314-4d79-9bbf-363d93067365', '2023-01-04 00:00:00', '2023-01-04 00:00:00');
INSERT INTO bookings (id, vehicle_id, renter_id, owner_id, status, start_date, end_date, total_days, base_price, price_per_day, service_fee, taxes, total, deposit, created_at, updated_at) VALUES ('a9da1356-572f-4459-a66d-3fcb902f8407', 'V1A2B3C4-D5E6-7890-VHCL-111111111111', 'B2C3D4E5-F6G7-8901-BCDE-234567890123', 'E5F6G7H8-I9J0-1234-EFGH-567890123456', 'CANCELLED', '2023-04-04', '2023-04-07', 3, 2400000, 800000, 240000.0, 192000.0, 2832000.0, 3000000, '2023-04-03 00:00:00', '2023-04-03 00:00:00');
INSERT INTO payments (id, booking_id, user_id, amount, currency, status, method, transaction_id, created_at, processed_at) VALUES ('aac4f626-ba0d-4d4b-9ffd-5feeb9ee2f0a', 'a9da1356-572f-4459-a66d-3fcb902f8407', 'B2C3D4E5-F6G7-8901-BCDE-234567890123', 2832000.0, 'VND', 'REFUNDED', 'VNPAY', '2fb36130-29ad-41c7-a0bb-a9f024d861aa', '2023-04-03 00:00:00', '2023-04-03 00:00:00');
INSERT INTO bookings (id, vehicle_id, renter_id, owner_id, status, start_date, end_date, total_days, base_price, price_per_day, service_fee, taxes, total, deposit, created_at, updated_at) VALUES ('be16d1d9-025c-4408-b83c-5db7ded39567', 'V1A2B3C4-D5E6-7890-VHCL-111111111111', 'C3D4E5F6-G7H8-9012-CDEF-345678901234', 'E5F6G7H8-I9J0-1234-EFGH-567890123456', 'COMPLETED', '2024-04-23', '2024-04-25', 2, 1600000, 800000, 160000.0, 128000.0, 1888000.0, 3000000, '2024-04-19 00:00:00', '2024-04-19 00:00:00');
INSERT INTO payments (id, booking_id, user_id, amount, currency, status, method, transaction_id, created_at, processed_at) VALUES ('25dbe51b-1e2d-4ca9-8b0d-fe29bbf2970b', 'be16d1d9-025c-4408-b83c-5db7ded39567', 'C3D4E5F6-G7H8-9012-CDEF-345678901234', 1888000.0, 'VND', 'SUCCEEDED', 'VNPAY', 'f225ac67-0be1-47b7-90db-07130b7c163a', '2024-04-19 00:00:00', '2024-04-19 00:00:00');
INSERT INTO reviews (id, vehicle_id, booking_id, reviewer_id, owner_id, rating, cleanliness, accuracy, communication, value_rating, comment, created_at, updated_at) VALUES ('114b4037-c5df-410e-80f2-600312e71ef2', 'V1A2B3C4-D5E6-7890-VHCL-111111111111', 'be16d1d9-025c-4408-b83c-5db7ded39567', 'C3D4E5F6-G7H8-9012-CDEF-345678901234', 'E5F6G7H8-I9J0-1234-EFGH-567890123456', 4, 4, 4, 4, 4, N'Trải nghiệm tuyệt vời!', '2024-04-25 00:00:00', '2024-04-25 00:00:00');
INSERT INTO bookings (id, vehicle_id, renter_id, owner_id, status, start_date, end_date, total_days, base_price, price_per_day, service_fee, taxes, total, deposit, created_at, updated_at) VALUES ('d00eadca-3688-4907-b31d-51f9584adf83', 'V1A2B3C4-D5E6-7890-VHCL-111111111111', 'B2C3D4E5-F6G7-8901-BCDE-234567890123', 'E5F6G7H8-I9J0-1234-EFGH-567890123456', 'COMPLETED', '2023-04-18', '2023-04-20', 2, 1600000, 800000, 160000.0, 128000.0, 1888000.0, 3000000, '2023-04-09 00:00:00', '2023-04-09 00:00:00');
INSERT INTO payments (id, booking_id, user_id, amount, currency, status, method, transaction_id, created_at, processed_at) VALUES ('52198783-c254-4084-b56c-e86d10dff351', 'd00eadca-3688-4907-b31d-51f9584adf83', 'B2C3D4E5-F6G7-8901-BCDE-234567890123', 1888000.0, 'VND', 'SUCCEEDED', 'VNPAY', '2ed39139-4a27-472c-adfa-ca1202360a34', '2023-04-09 00:00:00', '2023-04-09 00:00:00');
INSERT INTO reviews (id, vehicle_id, booking_id, reviewer_id, owner_id, rating, cleanliness, accuracy, communication, value_rating, comment, created_at, updated_at) VALUES ('90065922-b4e9-40d3-99d1-065ebdae803f', 'V1A2B3C4-D5E6-7890-VHCL-111111111111', 'd00eadca-3688-4907-b31d-51f9584adf83', 'B2C3D4E5-F6G7-8901-BCDE-234567890123', 'E5F6G7H8-I9J0-1234-EFGH-567890123456', 4, 4, 4, 4, 4, N'Trải nghiệm tuyệt vời!', '2023-04-20 00:00:00', '2023-04-20 00:00:00');
INSERT INTO bookings (id, vehicle_id, renter_id, owner_id, status, start_date, end_date, total_days, base_price, price_per_day, service_fee, taxes, total, deposit, created_at, updated_at) VALUES ('1856f7dc-d7dc-4e28-9284-65b4176e2c80', 'V1A2B3C4-D5E6-7890-VHCL-111111111111', 'D4E5F6G7-H8I9-0123-DEFG-456789012345', 'E5F6G7H8-I9J0-1234-EFGH-567890123456', 'COMPLETED', '2023-01-18', '2023-01-28', 10, 8000000, 800000, 800000.0, 640000.0, 9440000.0, 3000000, '2023-01-14 00:00:00', '2023-01-14 00:00:00');
INSERT INTO payments (id, booking_id, user_id, amount, currency, status, method, transaction_id, created_at, processed_at) VALUES ('92922c55-65e2-4184-b4f0-f10289132310', '1856f7dc-d7dc-4e28-9284-65b4176e2c80', 'D4E5F6G7-H8I9-0123-DEFG-456789012345', 9440000.0, 'VND', 'SUCCEEDED', 'VNPAY', '7019ba45-4968-4e7d-907e-0db15689cbac', '2023-01-14 00:00:00', '2023-01-14 00:00:00');
INSERT INTO reviews (id, vehicle_id, booking_id, reviewer_id, owner_id, rating, cleanliness, accuracy, communication, value_rating, comment, created_at, updated_at) VALUES ('0642c99e-942c-44dc-b236-f2242eb19b96', 'V1A2B3C4-D5E6-7890-VHCL-111111111111', '1856f7dc-d7dc-4e28-9284-65b4176e2c80', 'D4E5F6G7-H8I9-0123-DEFG-456789012345', 'E5F6G7H8-I9J0-1234-EFGH-567890123456', 3, 3, 3, 3, 3, N'Trải nghiệm tuyệt vời!', '2023-01-28 00:00:00', '2023-01-28 00:00:00');
INSERT INTO bookings (id, vehicle_id, renter_id, owner_id, status, start_date, end_date, total_days, base_price, price_per_day, service_fee, taxes, total, deposit, created_at, updated_at) VALUES ('81f8bbbf-e3b9-407e-9243-98676a8dc272', 'V1A2B3C4-D5E6-7890-VHCL-111111111111', 'B2C3D4E5-F6G7-8901-BCDE-234567890123', 'E5F6G7H8-I9J0-1234-EFGH-567890123456', 'CANCELLED', '2024-04-10', '2024-04-18', 8, 6400000, 800000, 640000.0, 512000.0, 7552000.0, 3000000, '2024-04-07 00:00:00', '2024-04-07 00:00:00');
INSERT INTO payments (id, booking_id, user_id, amount, currency, status, method, transaction_id, created_at, processed_at) VALUES ('99731898-cee2-44f9-97ad-5ed36f017bdd', '81f8bbbf-e3b9-407e-9243-98676a8dc272', 'B2C3D4E5-F6G7-8901-BCDE-234567890123', 7552000.0, 'VND', 'REFUNDED', 'VNPAY', 'd4511ada-ac1d-4a64-bb92-157c2c88749c', '2024-04-07 00:00:00', '2024-04-07 00:00:00');
INSERT INTO bookings (id, vehicle_id, renter_id, owner_id, status, start_date, end_date, total_days, base_price, price_per_day, service_fee, taxes, total, deposit, created_at, updated_at) VALUES ('2515eb04-d553-439a-80a9-5a48af5e4732', 'V1A2B3C4-D5E6-7890-VHCL-111111111111', 'C3D4E5F6-G7H8-9012-CDEF-345678901234', 'E5F6G7H8-I9J0-1234-EFGH-567890123456', 'COMPLETED', '2023-05-21', '2023-05-25', 4, 3200000, 800000, 320000.0, 256000.0, 3776000.0, 3000000, '2023-05-17 00:00:00', '2023-05-17 00:00:00');
INSERT INTO payments (id, booking_id, user_id, amount, currency, status, method, transaction_id, created_at, processed_at) VALUES ('7d5c731f-04cb-46cf-b109-6ee8c70c3ff7', '2515eb04-d553-439a-80a9-5a48af5e4732', 'C3D4E5F6-G7H8-9012-CDEF-345678901234', 3776000.0, 'VND', 'SUCCEEDED', 'VNPAY', 'd0bbf68d-2093-4488-a2ea-3ec377ab3d81', '2023-05-17 00:00:00', '2023-05-17 00:00:00');
INSERT INTO reviews (id, vehicle_id, booking_id, reviewer_id, owner_id, rating, cleanliness, accuracy, communication, value_rating, comment, created_at, updated_at) VALUES ('7dee85e7-1a5f-46cb-aa87-d841c331aedd', 'V1A2B3C4-D5E6-7890-VHCL-111111111111', '2515eb04-d553-439a-80a9-5a48af5e4732', 'C3D4E5F6-G7H8-9012-CDEF-345678901234', 'E5F6G7H8-I9J0-1234-EFGH-567890123456', 5, 5, 5, 5, 5, N'Trải nghiệm tuyệt vời!', '2023-05-25 00:00:00', '2023-05-25 00:00:00');
INSERT INTO bookings (id, vehicle_id, renter_id, owner_id, status, start_date, end_date, total_days, base_price, price_per_day, service_fee, taxes, total, deposit, created_at, updated_at) VALUES ('47b788d5-ab9e-43d8-ac53-89a9ad45d752', 'V1A2B3C4-D5E6-7890-VHCL-111111111111', 'D4E5F6G7-H8I9-0123-DEFG-456789012345', 'E5F6G7H8-I9J0-1234-EFGH-567890123456', 'COMPLETED', '2023-02-27', '2023-02-28', 1, 800000, 800000, 80000.0, 64000.0, 944000.0, 3000000, '2023-02-17 00:00:00', '2023-02-17 00:00:00');
INSERT INTO payments (id, booking_id, user_id, amount, currency, status, method, transaction_id, created_at, processed_at) VALUES ('4cbe630c-0a97-40aa-9c29-742974129121', '47b788d5-ab9e-43d8-ac53-89a9ad45d752', 'D4E5F6G7-H8I9-0123-DEFG-456789012345', 944000.0, 'VND', 'SUCCEEDED', 'VNPAY', 'cefdbb99-8b04-4593-af1e-183810a1bbf6', '2023-02-17 00:00:00', '2023-02-17 00:00:00');
INSERT INTO reviews (id, vehicle_id, booking_id, reviewer_id, owner_id, rating, cleanliness, accuracy, communication, value_rating, comment, created_at, updated_at) VALUES ('19d82586-d10c-4116-a366-9a3be8523470', 'V1A2B3C4-D5E6-7890-VHCL-111111111111', '47b788d5-ab9e-43d8-ac53-89a9ad45d752', 'D4E5F6G7-H8I9-0123-DEFG-456789012345', 'E5F6G7H8-I9J0-1234-EFGH-567890123456', 3, 3, 3, 3, 3, N'Trải nghiệm tuyệt vời!', '2023-02-28 00:00:00', '2023-02-28 00:00:00');
INSERT INTO bookings (id, vehicle_id, renter_id, owner_id, status, start_date, end_date, total_days, base_price, price_per_day, service_fee, taxes, total, deposit, created_at, updated_at) VALUES ('56d3f4db-6037-4f03-a3b3-5248c16f0f2f', 'V1A2B3C4-D5E6-7890-VHCL-111111111111', 'C3D4E5F6-G7H8-9012-CDEF-345678901234', 'E5F6G7H8-I9J0-1234-EFGH-567890123456', 'COMPLETED', '2023-12-26', '2024-01-03', 8, 6400000, 800000, 640000.0, 512000.0, 7552000.0, 3000000, '2023-12-16 00:00:00', '2023-12-16 00:00:00');
INSERT INTO payments (id, booking_id, user_id, amount, currency, status, method, transaction_id, created_at, processed_at) VALUES ('4ae54e9b-1a05-4619-b947-095dc747644c', '56d3f4db-6037-4f03-a3b3-5248c16f0f2f', 'C3D4E5F6-G7H8-9012-CDEF-345678901234', 7552000.0, 'VND', 'SUCCEEDED', 'VNPAY', '265e0f65-fdaa-4f99-8227-3070935ab22e', '2023-12-16 00:00:00', '2023-12-16 00:00:00');
INSERT INTO reviews (id, vehicle_id, booking_id, reviewer_id, owner_id, rating, cleanliness, accuracy, communication, value_rating, comment, created_at, updated_at) VALUES ('a598be56-607b-49f6-8011-0e36d924eca7', 'V1A2B3C4-D5E6-7890-VHCL-111111111111', '56d3f4db-6037-4f03-a3b3-5248c16f0f2f', 'C3D4E5F6-G7H8-9012-CDEF-345678901234', 'E5F6G7H8-I9J0-1234-EFGH-567890123456', 5, 5, 5, 5, 5, N'Trải nghiệm tuyệt vời!', '2024-01-03 00:00:00', '2024-01-03 00:00:00');
INSERT INTO bookings (id, vehicle_id, renter_id, owner_id, status, start_date, end_date, total_days, base_price, price_per_day, service_fee, taxes, total, deposit, created_at, updated_at) VALUES ('2388a972-7488-434a-b047-d0598cd27e29', 'V1A2B3C4-D5E6-7890-VHCL-111111111111', 'B2C3D4E5-F6G7-8901-BCDE-234567890123', 'E5F6G7H8-I9J0-1234-EFGH-567890123456', 'CANCELLED', '2023-04-12', '2023-04-20', 8, 6400000, 800000, 640000.0, 512000.0, 7552000.0, 3000000, '2023-04-05 00:00:00', '2023-04-05 00:00:00');
INSERT INTO payments (id, booking_id, user_id, amount, currency, status, method, transaction_id, created_at, processed_at) VALUES ('7710e921-e9c9-4f95-87b8-20b308215d8b', '2388a972-7488-434a-b047-d0598cd27e29', 'B2C3D4E5-F6G7-8901-BCDE-234567890123', 7552000.0, 'VND', 'REFUNDED', 'VNPAY', 'b374b7bb-2ca5-45b1-8670-e04c4d9ec477', '2023-04-05 00:00:00', '2023-04-05 00:00:00');
INSERT INTO bookings (id, vehicle_id, renter_id, owner_id, status, start_date, end_date, total_days, base_price, price_per_day, service_fee, taxes, total, deposit, created_at, updated_at) VALUES ('70edb52f-6929-42e1-b76b-3cd978cac21b', 'V1A2B3C4-D5E6-7890-VHCL-111111111111', 'B2C3D4E5-F6G7-8901-BCDE-234567890123', 'E5F6G7H8-I9J0-1234-EFGH-567890123456', 'COMPLETED', '2023-05-24', '2023-06-01', 8, 6400000, 800000, 640000.0, 512000.0, 7552000.0, 3000000, '2023-05-13 00:00:00', '2023-05-13 00:00:00');
INSERT INTO payments (id, booking_id, user_id, amount, currency, status, method, transaction_id, created_at, processed_at) VALUES ('cbe8ac0e-655e-430f-ad5c-386a7445a344', '70edb52f-6929-42e1-b76b-3cd978cac21b', 'B2C3D4E5-F6G7-8901-BCDE-234567890123', 7552000.0, 'VND', 'SUCCEEDED', 'VNPAY', '910df1cf-4643-4ee0-a8a1-30f96e38ddcc', '2023-05-13 00:00:00', '2023-05-13 00:00:00');
INSERT INTO reviews (id, vehicle_id, booking_id, reviewer_id, owner_id, rating, cleanliness, accuracy, communication, value_rating, comment, created_at, updated_at) VALUES ('4b50dc81-111a-416b-874d-951945a76805', 'V1A2B3C4-D5E6-7890-VHCL-111111111111', '70edb52f-6929-42e1-b76b-3cd978cac21b', 'B2C3D4E5-F6G7-8901-BCDE-234567890123', 'E5F6G7H8-I9J0-1234-EFGH-567890123456', 3, 3, 3, 3, 3, N'Trải nghiệm tuyệt vời!', '2023-06-01 00:00:00', '2023-06-01 00:00:00');
INSERT INTO bookings (id, vehicle_id, renter_id, owner_id, status, start_date, end_date, total_days, base_price, price_per_day, service_fee, taxes, total, deposit, created_at, updated_at) VALUES ('bd561aee-3a5e-4b81-8a96-4f89654333b3', 'V1A2B3C4-D5E6-7890-VHCL-111111111111', 'D4E5F6G7-H8I9-0123-DEFG-456789012345', 'E5F6G7H8-I9J0-1234-EFGH-567890123456', 'COMPLETED', '2023-02-11', '2023-02-18', 7, 5600000, 800000, 560000.0, 448000.0, 6608000.0, 3000000, '2023-02-09 00:00:00', '2023-02-09 00:00:00');
INSERT INTO payments (id, booking_id, user_id, amount, currency, status, method, transaction_id, created_at, processed_at) VALUES ('43c40ed8-de5c-43ab-8bc0-a40a5be5e717', 'bd561aee-3a5e-4b81-8a96-4f89654333b3', 'D4E5F6G7-H8I9-0123-DEFG-456789012345', 6608000.0, 'VND', 'SUCCEEDED', 'VNPAY', 'ef8f5f3c-3310-47bf-92a1-c9810236dbff', '2023-02-09 00:00:00', '2023-02-09 00:00:00');
INSERT INTO reviews (id, vehicle_id, booking_id, reviewer_id, owner_id, rating, cleanliness, accuracy, communication, value_rating, comment, created_at, updated_at) VALUES ('fd913bc2-d5ab-4298-8c69-7eda708c30f9', 'V1A2B3C4-D5E6-7890-VHCL-111111111111', 'bd561aee-3a5e-4b81-8a96-4f89654333b3', 'D4E5F6G7-H8I9-0123-DEFG-456789012345', 'E5F6G7H8-I9J0-1234-EFGH-567890123456', 5, 5, 5, 5, 5, N'Trải nghiệm tuyệt vời!', '2023-02-18 00:00:00', '2023-02-18 00:00:00');
INSERT INTO bookings (id, vehicle_id, renter_id, owner_id, status, start_date, end_date, total_days, base_price, price_per_day, service_fee, taxes, total, deposit, created_at, updated_at) VALUES ('888db7bb-dc75-4630-bbad-ec135fbfad7a', 'V1A2B3C4-D5E6-7890-VHCL-111111111111', 'C3D4E5F6-G7H8-9012-CDEF-345678901234', 'E5F6G7H8-I9J0-1234-EFGH-567890123456', 'COMPLETED', '2023-01-29', '2023-02-03', 5, 4000000, 800000, 400000.0, 320000.0, 4720000.0, 3000000, '2023-01-20 00:00:00', '2023-01-20 00:00:00');
INSERT INTO payments (id, booking_id, user_id, amount, currency, status, method, transaction_id, created_at, processed_at) VALUES ('b7c6aeab-6e4b-47d4-8e3b-e5fdd3b1fb38', '888db7bb-dc75-4630-bbad-ec135fbfad7a', 'C3D4E5F6-G7H8-9012-CDEF-345678901234', 4720000.0, 'VND', 'SUCCEEDED', 'VNPAY', '5655ec0b-ea8d-484b-bd36-5de0c237c576', '2023-01-20 00:00:00', '2023-01-20 00:00:00');
INSERT INTO reviews (id, vehicle_id, booking_id, reviewer_id, owner_id, rating, cleanliness, accuracy, communication, value_rating, comment, created_at, updated_at) VALUES ('a2807cc6-b772-46a4-be21-941cc8be7c99', 'V1A2B3C4-D5E6-7890-VHCL-111111111111', '888db7bb-dc75-4630-bbad-ec135fbfad7a', 'C3D4E5F6-G7H8-9012-CDEF-345678901234', 'E5F6G7H8-I9J0-1234-EFGH-567890123456', 4, 4, 4, 4, 4, N'Trải nghiệm tuyệt vời!', '2023-02-03 00:00:00', '2023-02-03 00:00:00');
INSERT INTO bookings (id, vehicle_id, renter_id, owner_id, status, start_date, end_date, total_days, base_price, price_per_day, service_fee, taxes, total, deposit, created_at, updated_at) VALUES ('a408f701-9613-4c57-859a-5881d4e644d9', 'V1A2B3C4-D5E6-7890-VHCL-111111111111', 'C3D4E5F6-G7H8-9012-CDEF-345678901234', 'E5F6G7H8-I9J0-1234-EFGH-567890123456', 'COMPLETED', '2024-05-07', '2024-05-09', 2, 1600000, 800000, 160000.0, 128000.0, 1888000.0, 3000000, '2024-05-05 00:00:00', '2024-05-05 00:00:00');
INSERT INTO payments (id, booking_id, user_id, amount, currency, status, method, transaction_id, created_at, processed_at) VALUES ('480a8f7d-b6d5-4d77-a06d-10de80a9cdde', 'a408f701-9613-4c57-859a-5881d4e644d9', 'C3D4E5F6-G7H8-9012-CDEF-345678901234', 1888000.0, 'VND', 'SUCCEEDED', 'VNPAY', '56335ebd-7cb6-43c6-8670-468f8381c9b0', '2024-05-05 00:00:00', '2024-05-05 00:00:00');
INSERT INTO reviews (id, vehicle_id, booking_id, reviewer_id, owner_id, rating, cleanliness, accuracy, communication, value_rating, comment, created_at, updated_at) VALUES ('9129329c-759f-4be8-9511-48e339c999ed', 'V1A2B3C4-D5E6-7890-VHCL-111111111111', 'a408f701-9613-4c57-859a-5881d4e644d9', 'C3D4E5F6-G7H8-9012-CDEF-345678901234', 'E5F6G7H8-I9J0-1234-EFGH-567890123456', 5, 5, 5, 5, 5, N'Trải nghiệm tuyệt vời!', '2024-05-09 00:00:00', '2024-05-09 00:00:00');
INSERT INTO bookings (id, vehicle_id, renter_id, owner_id, status, start_date, end_date, total_days, base_price, price_per_day, service_fee, taxes, total, deposit, created_at, updated_at) VALUES ('28d65e71-bff7-48db-8112-60618dd8138f', 'V1A2B3C4-D5E6-7890-VHCL-111111111111', 'C3D4E5F6-G7H8-9012-CDEF-345678901234', 'E5F6G7H8-I9J0-1234-EFGH-567890123456', 'COMPLETED', '2024-05-20', '2024-05-26', 6, 4800000, 800000, 480000.0, 384000.0, 5664000.0, 3000000, '2024-05-10 00:00:00', '2024-05-10 00:00:00');
INSERT INTO payments (id, booking_id, user_id, amount, currency, status, method, transaction_id, created_at, processed_at) VALUES ('78ebe076-3817-4eae-acdd-89af834c2abc', '28d65e71-bff7-48db-8112-60618dd8138f', 'C3D4E5F6-G7H8-9012-CDEF-345678901234', 5664000.0, 'VND', 'SUCCEEDED', 'VNPAY', '79b11d3b-24c5-4724-965e-cb5f5b66436b', '2024-05-10 00:00:00', '2024-05-10 00:00:00');
INSERT INTO reviews (id, vehicle_id, booking_id, reviewer_id, owner_id, rating, cleanliness, accuracy, communication, value_rating, comment, created_at, updated_at) VALUES ('a0bfd842-a958-497a-affb-bfbb241e01ab', 'V1A2B3C4-D5E6-7890-VHCL-111111111111', '28d65e71-bff7-48db-8112-60618dd8138f', 'C3D4E5F6-G7H8-9012-CDEF-345678901234', 'E5F6G7H8-I9J0-1234-EFGH-567890123456', 3, 3, 3, 3, 3, N'Trải nghiệm tuyệt vời!', '2024-05-26 00:00:00', '2024-05-26 00:00:00');
INSERT INTO bookings (id, vehicle_id, renter_id, owner_id, status, start_date, end_date, total_days, base_price, price_per_day, service_fee, taxes, total, deposit, created_at, updated_at) VALUES ('964fd7a4-e822-4ace-8c7c-27ca4d0c3c26', 'V1A2B3C4-D5E6-7890-VHCL-111111111111', 'B2C3D4E5-F6G7-8901-BCDE-234567890123', 'E5F6G7H8-I9J0-1234-EFGH-567890123456', 'COMPLETED', '2023-12-26', '2024-01-03', 8, 6400000, 800000, 640000.0, 512000.0, 7552000.0, 3000000, '2023-12-21 00:00:00', '2023-12-21 00:00:00');
INSERT INTO payments (id, booking_id, user_id, amount, currency, status, method, transaction_id, created_at, processed_at) VALUES ('764db197-f1b1-46c1-8601-868ed90f8d2d', '964fd7a4-e822-4ace-8c7c-27ca4d0c3c26', 'B2C3D4E5-F6G7-8901-BCDE-234567890123', 7552000.0, 'VND', 'SUCCEEDED', 'VNPAY', 'b3b4370c-05d9-4ff2-b4a4-7d28f53e5bc7', '2023-12-21 00:00:00', '2023-12-21 00:00:00');
INSERT INTO reviews (id, vehicle_id, booking_id, reviewer_id, owner_id, rating, cleanliness, accuracy, communication, value_rating, comment, created_at, updated_at) VALUES ('d25383e3-0831-4981-9bf9-c4f8ae80a545', 'V1A2B3C4-D5E6-7890-VHCL-111111111111', '964fd7a4-e822-4ace-8c7c-27ca4d0c3c26', 'B2C3D4E5-F6G7-8901-BCDE-234567890123', 'E5F6G7H8-I9J0-1234-EFGH-567890123456', 4, 4, 4, 4, 4, N'Trải nghiệm tuyệt vời!', '2024-01-03 00:00:00', '2024-01-03 00:00:00');
INSERT INTO bookings (id, vehicle_id, renter_id, owner_id, status, start_date, end_date, total_days, base_price, price_per_day, service_fee, taxes, total, deposit, created_at, updated_at) VALUES ('daf2d73b-5798-4deb-b1fb-38476a3bb4f1', 'V1A2B3C4-D5E6-7890-VHCL-111111111111', 'C3D4E5F6-G7H8-9012-CDEF-345678901234', 'E5F6G7H8-I9J0-1234-EFGH-567890123456', 'COMPLETED', '2023-06-28', '2023-07-08', 10, 8000000, 800000, 800000.0, 640000.0, 9440000.0, 3000000, '2023-06-18 00:00:00', '2023-06-18 00:00:00');
INSERT INTO payments (id, booking_id, user_id, amount, currency, status, method, transaction_id, created_at, processed_at) VALUES ('b5d6d0ce-3f50-4e3f-a92c-3b5f48f99270', 'daf2d73b-5798-4deb-b1fb-38476a3bb4f1', 'C3D4E5F6-G7H8-9012-CDEF-345678901234', 9440000.0, 'VND', 'SUCCEEDED', 'VNPAY', 'd39b909e-59da-4900-b31f-c081ad770bcc', '2023-06-18 00:00:00', '2023-06-18 00:00:00');
INSERT INTO reviews (id, vehicle_id, booking_id, reviewer_id, owner_id, rating, cleanliness, accuracy, communication, value_rating, comment, created_at, updated_at) VALUES ('afbff32f-6101-43f1-b1fc-398d10d027aa', 'V1A2B3C4-D5E6-7890-VHCL-111111111111', 'daf2d73b-5798-4deb-b1fb-38476a3bb4f1', 'C3D4E5F6-G7H8-9012-CDEF-345678901234', 'E5F6G7H8-I9J0-1234-EFGH-567890123456', 5, 5, 5, 5, 5, N'Trải nghiệm tuyệt vời!', '2023-07-08 00:00:00', '2023-07-08 00:00:00');
INSERT INTO bookings (id, vehicle_id, renter_id, owner_id, status, start_date, end_date, total_days, base_price, price_per_day, service_fee, taxes, total, deposit, created_at, updated_at) VALUES ('4ba06b62-b57f-4569-934f-837542f933db', 'V1A2B3C4-D5E6-7890-VHCL-111111111111', 'D4E5F6G7-H8I9-0123-DEFG-456789012345', 'E5F6G7H8-I9J0-1234-EFGH-567890123456', 'COMPLETED', '2023-03-08', '2023-03-18', 10, 8000000, 800000, 800000.0, 640000.0, 9440000.0, 3000000, '2023-03-01 00:00:00', '2023-03-01 00:00:00');
INSERT INTO payments (id, booking_id, user_id, amount, currency, status, method, transaction_id, created_at, processed_at) VALUES ('3fad181c-3628-452e-930b-27af082708f8', '4ba06b62-b57f-4569-934f-837542f933db', 'D4E5F6G7-H8I9-0123-DEFG-456789012345', 9440000.0, 'VND', 'SUCCEEDED', 'VNPAY', '7450eead-6f55-4470-9162-3e582da80f76', '2023-03-01 00:00:00', '2023-03-01 00:00:00');
INSERT INTO reviews (id, vehicle_id, booking_id, reviewer_id, owner_id, rating, cleanliness, accuracy, communication, value_rating, comment, created_at, updated_at) VALUES ('564e3c0f-122e-48a9-bf18-66f6c12a8af9', 'V1A2B3C4-D5E6-7890-VHCL-111111111111', '4ba06b62-b57f-4569-934f-837542f933db', 'D4E5F6G7-H8I9-0123-DEFG-456789012345', 'E5F6G7H8-I9J0-1234-EFGH-567890123456', 3, 3, 3, 3, 3, N'Trải nghiệm tuyệt vời!', '2023-03-18 00:00:00', '2023-03-18 00:00:00');
INSERT INTO bookings (id, vehicle_id, renter_id, owner_id, status, start_date, end_date, total_days, base_price, price_per_day, service_fee, taxes, total, deposit, created_at, updated_at) VALUES ('2dac7c61-e208-40fe-912e-f454de93e724', 'V1A2B3C4-D5E6-7890-VHCL-111111111111', 'C3D4E5F6-G7H8-9012-CDEF-345678901234', 'E5F6G7H8-I9J0-1234-EFGH-567890123456', 'COMPLETED', '2023-08-03', '2023-08-09', 6, 4800000, 800000, 480000.0, 384000.0, 5664000.0, 3000000, '2023-07-29 00:00:00', '2023-07-29 00:00:00');
INSERT INTO payments (id, booking_id, user_id, amount, currency, status, method, transaction_id, created_at, processed_at) VALUES ('ee6ecb45-560c-42ae-9c49-fff6fb0d68b0', '2dac7c61-e208-40fe-912e-f454de93e724', 'C3D4E5F6-G7H8-9012-CDEF-345678901234', 5664000.0, 'VND', 'SUCCEEDED', 'VNPAY', '128406c1-c282-45d4-a8c3-a700365fe892', '2023-07-29 00:00:00', '2023-07-29 00:00:00');
INSERT INTO reviews (id, vehicle_id, booking_id, reviewer_id, owner_id, rating, cleanliness, accuracy, communication, value_rating, comment, created_at, updated_at) VALUES ('75454a93-2ace-46bc-9955-3b605d4c1dd5', 'V1A2B3C4-D5E6-7890-VHCL-111111111111', '2dac7c61-e208-40fe-912e-f454de93e724', 'C3D4E5F6-G7H8-9012-CDEF-345678901234', 'E5F6G7H8-I9J0-1234-EFGH-567890123456', 3, 3, 3, 3, 3, N'Trải nghiệm tuyệt vời!', '2023-08-09 00:00:00', '2023-08-09 00:00:00');
INSERT INTO bookings (id, vehicle_id, renter_id, owner_id, status, start_date, end_date, total_days, base_price, price_per_day, service_fee, taxes, total, deposit, created_at, updated_at) VALUES ('d31b8c8f-10f5-456b-8c3b-299f8ba62011', 'V1A2B3C4-D5E6-7890-VHCL-111111111111', 'D4E5F6G7-H8I9-0123-DEFG-456789012345', 'E5F6G7H8-I9J0-1234-EFGH-567890123456', 'CANCELLED', '2023-08-05', '2023-08-07', 2, 1600000, 800000, 160000.0, 128000.0, 1888000.0, 3000000, '2023-08-03 00:00:00', '2023-08-03 00:00:00');
INSERT INTO payments (id, booking_id, user_id, amount, currency, status, method, transaction_id, created_at, processed_at) VALUES ('f3a30d4d-2790-420f-a2f6-ce9a77ea2ac6', 'd31b8c8f-10f5-456b-8c3b-299f8ba62011', 'D4E5F6G7-H8I9-0123-DEFG-456789012345', 1888000.0, 'VND', 'REFUNDED', 'VNPAY', 'f2f7f6de-cf1a-4abf-9859-8890aedd0601', '2023-08-03 00:00:00', '2023-08-03 00:00:00');
INSERT INTO bookings (id, vehicle_id, renter_id, owner_id, status, start_date, end_date, total_days, base_price, price_per_day, service_fee, taxes, total, deposit, created_at, updated_at) VALUES ('7ee57188-8f50-4263-a333-2e309886b2db', 'V1A2B3C4-D5E6-7890-VHCL-111111111111', 'B2C3D4E5-F6G7-8901-BCDE-234567890123', 'E5F6G7H8-I9J0-1234-EFGH-567890123456', 'COMPLETED', '2024-03-15', '2024-03-21', 6, 4800000, 800000, 480000.0, 384000.0, 5664000.0, 3000000, '2024-03-12 00:00:00', '2024-03-12 00:00:00');
INSERT INTO payments (id, booking_id, user_id, amount, currency, status, method, transaction_id, created_at, processed_at) VALUES ('2fae60f3-6f02-4af2-86e3-05f8fdaf5590', '7ee57188-8f50-4263-a333-2e309886b2db', 'B2C3D4E5-F6G7-8901-BCDE-234567890123', 5664000.0, 'VND', 'SUCCEEDED', 'VNPAY', '722275c2-2963-4815-8b72-4e11146be637', '2024-03-12 00:00:00', '2024-03-12 00:00:00');
INSERT INTO reviews (id, vehicle_id, booking_id, reviewer_id, owner_id, rating, cleanliness, accuracy, communication, value_rating, comment, created_at, updated_at) VALUES ('ff53fe14-a0d5-4085-8aa9-8af9b4f7bacc', 'V1A2B3C4-D5E6-7890-VHCL-111111111111', '7ee57188-8f50-4263-a333-2e309886b2db', 'B2C3D4E5-F6G7-8901-BCDE-234567890123', 'E5F6G7H8-I9J0-1234-EFGH-567890123456', 4, 4, 4, 4, 4, N'Trải nghiệm tuyệt vời!', '2024-03-21 00:00:00', '2024-03-21 00:00:00');
INSERT INTO bookings (id, vehicle_id, renter_id, owner_id, status, start_date, end_date, total_days, base_price, price_per_day, service_fee, taxes, total, deposit, created_at, updated_at) VALUES ('c79ef5bb-bb1a-4d61-b241-5c1190b9ce50', 'V1A2B3C4-D5E6-7890-VHCL-111111111111', 'D4E5F6G7-H8I9-0123-DEFG-456789012345', 'E5F6G7H8-I9J0-1234-EFGH-567890123456', 'COMPLETED', '2023-01-11', '2023-01-12', 1, 800000, 800000, 80000.0, 64000.0, 944000.0, 3000000, '2023-01-09 00:00:00', '2023-01-09 00:00:00');
INSERT INTO payments (id, booking_id, user_id, amount, currency, status, method, transaction_id, created_at, processed_at) VALUES ('e878493c-cfb3-4612-87d2-0c3f763651e1', 'c79ef5bb-bb1a-4d61-b241-5c1190b9ce50', 'D4E5F6G7-H8I9-0123-DEFG-456789012345', 944000.0, 'VND', 'SUCCEEDED', 'VNPAY', '07053165-9863-425c-b849-42df6206cc0c', '2023-01-09 00:00:00', '2023-01-09 00:00:00');
INSERT INTO reviews (id, vehicle_id, booking_id, reviewer_id, owner_id, rating, cleanliness, accuracy, communication, value_rating, comment, created_at, updated_at) VALUES ('84ab7767-aea8-428d-937e-e0642a24d800', 'V1A2B3C4-D5E6-7890-VHCL-111111111111', 'c79ef5bb-bb1a-4d61-b241-5c1190b9ce50', 'D4E5F6G7-H8I9-0123-DEFG-456789012345', 'E5F6G7H8-I9J0-1234-EFGH-567890123456', 3, 3, 3, 3, 3, N'Trải nghiệm tuyệt vời!', '2023-01-12 00:00:00', '2023-01-12 00:00:00');
INSERT INTO bookings (id, vehicle_id, renter_id, owner_id, status, start_date, end_date, total_days, base_price, price_per_day, service_fee, taxes, total, deposit, created_at, updated_at) VALUES ('50cd254b-11bc-446e-a1e4-5e86a3459c24', 'V1A2B3C4-D5E6-7890-VHCL-111111111111', 'D4E5F6G7-H8I9-0123-DEFG-456789012345', 'E5F6G7H8-I9J0-1234-EFGH-567890123456', 'COMPLETED', '2024-02-15', '2024-02-17', 2, 1600000, 800000, 160000.0, 128000.0, 1888000.0, 3000000, '2024-02-14 00:00:00', '2024-02-14 00:00:00');
INSERT INTO payments (id, booking_id, user_id, amount, currency, status, method, transaction_id, created_at, processed_at) VALUES ('87876b7b-995c-4de0-bcb8-ab6f9456e335', '50cd254b-11bc-446e-a1e4-5e86a3459c24', 'D4E5F6G7-H8I9-0123-DEFG-456789012345', 1888000.0, 'VND', 'SUCCEEDED', 'VNPAY', '63ea4e08-e4a3-433d-8e8c-2fc63451930f', '2024-02-14 00:00:00', '2024-02-14 00:00:00');
INSERT INTO reviews (id, vehicle_id, booking_id, reviewer_id, owner_id, rating, cleanliness, accuracy, communication, value_rating, comment, created_at, updated_at) VALUES ('667ad17a-7de4-4a53-8611-a7b5aed50d48', 'V1A2B3C4-D5E6-7890-VHCL-111111111111', '50cd254b-11bc-446e-a1e4-5e86a3459c24', 'D4E5F6G7-H8I9-0123-DEFG-456789012345', 'E5F6G7H8-I9J0-1234-EFGH-567890123456', 3, 3, 3, 3, 3, N'Trải nghiệm tuyệt vời!', '2024-02-17 00:00:00', '2024-02-17 00:00:00');
INSERT INTO bookings (id, vehicle_id, renter_id, owner_id, status, start_date, end_date, total_days, base_price, price_per_day, service_fee, taxes, total, deposit, created_at, updated_at) VALUES ('3decd1be-b7b8-4271-bf97-6b1d46461f34', 'V1A2B3C4-D5E6-7890-VHCL-111111111111', 'C3D4E5F6-G7H8-9012-CDEF-345678901234', 'E5F6G7H8-I9J0-1234-EFGH-567890123456', 'COMPLETED', '2023-03-01', '2023-03-11', 10, 8000000, 800000, 800000.0, 640000.0, 9440000.0, 3000000, '2023-02-25 00:00:00', '2023-02-25 00:00:00');
INSERT INTO payments (id, booking_id, user_id, amount, currency, status, method, transaction_id, created_at, processed_at) VALUES ('bbcf7cbf-b607-4a61-a9d9-ffe62f6b9404', '3decd1be-b7b8-4271-bf97-6b1d46461f34', 'C3D4E5F6-G7H8-9012-CDEF-345678901234', 9440000.0, 'VND', 'SUCCEEDED', 'VNPAY', 'c3db2193-e68a-4b93-a2c8-744362e19072', '2023-02-25 00:00:00', '2023-02-25 00:00:00');
INSERT INTO reviews (id, vehicle_id, booking_id, reviewer_id, owner_id, rating, cleanliness, accuracy, communication, value_rating, comment, created_at, updated_at) VALUES ('cfd590cc-207d-4c9c-a132-301e51a83e80', 'V1A2B3C4-D5E6-7890-VHCL-111111111111', '3decd1be-b7b8-4271-bf97-6b1d46461f34', 'C3D4E5F6-G7H8-9012-CDEF-345678901234', 'E5F6G7H8-I9J0-1234-EFGH-567890123456', 3, 3, 3, 3, 3, N'Trải nghiệm tuyệt vời!', '2023-03-11 00:00:00', '2023-03-11 00:00:00');
INSERT INTO motorbike_analytics (id, date, revenue, bookings_count) VALUES ('bf172a0a-f72b-4c0e-bdfc-10e1b9f34a86', '2023-12-10', 2218400.0, 3);
INSERT INTO motorbike_analytics (id, date, revenue, bookings_count) VALUES ('783de50c-f94e-486b-9ddc-660524d74a36', '2023-04-27', 944000.0, 1);
INSERT INTO motorbike_analytics (id, date, revenue, bookings_count) VALUES ('2f88f1e2-27a9-4754-8b62-4402fb4c29ec', '2023-09-12', 5416200.0, 5);
INSERT INTO motorbike_analytics (id, date, revenue, bookings_count) VALUES ('d2322de4-e845-44fc-9f3b-bc0f8794d991', '2024-01-26', 2124000.0, 1);
INSERT INTO motorbike_analytics (id, date, revenue, bookings_count) VALUES ('5baa82db-f94f-453f-b5b1-9aae7b4f4f26', '2023-12-19', 1062000.0, 2);
INSERT INTO motorbike_analytics (id, date, revenue, bookings_count) VALUES ('9d7333fa-30b2-4c49-877d-a9310424e640', '2024-05-27', 6466400.0, 4);
INSERT INTO motorbike_analytics (id, date, revenue, bookings_count) VALUES ('a2974b85-b1d2-4b2e-bdd9-8f1bbab5d920', '2023-01-09', 4177200.0, 3);
INSERT INTO motorbike_analytics (id, date, revenue, bookings_count) VALUES ('3d5d0427-cea6-495e-a67f-d9a4fef88bf0', '2023-12-17', 1416000.0, 2);
INSERT INTO motorbike_analytics (id, date, revenue, bookings_count) VALUES ('35691d49-d80b-4e12-8c59-b1cf89f5ccb7', '2023-05-26', 472000.0, 1);
INSERT INTO motorbike_analytics (id, date, revenue, bookings_count) VALUES ('7f536274-d794-4f27-8fb5-2e962652cf90', '2023-01-16', 3422000.0, 2);
INSERT INTO motorbike_analytics (id, date, revenue, bookings_count) VALUES ('4ca21f0c-e4f8-4b64-9e98-c6f581f271c5', '2023-01-01', 2124000.0, 1);
INSERT INTO motorbike_analytics (id, date, revenue, bookings_count) VALUES ('c1767cca-9bab-4fbf-bfe5-e28b9e6e50bc', '2023-07-25', 283200.0, 1);
INSERT INTO motorbike_analytics (id, date, revenue, bookings_count) VALUES ('ca4a5552-4038-42a3-b93e-a40f9a6e8f65', '2024-05-05', 2360000.0, 1);
INSERT INTO motorbike_analytics (id, date, revenue, bookings_count) VALUES ('627bd297-dba7-45a3-aa44-2c4772673d24', '2024-05-09', 1416000.0, 1);
INSERT INTO motorbike_analytics (id, date, revenue, bookings_count) VALUES ('259180f5-2632-4cc0-8544-4649d913c2f2', '2023-04-07', 1404200.0, 3);
INSERT INTO motorbike_analytics (id, date, revenue, bookings_count) VALUES ('bfe17fdd-fa50-4918-b7be-97ba1fce79d0', '2023-09-17', 1416000.0, 1);
INSERT INTO motorbike_analytics (id, date, revenue, bookings_count) VALUES ('4e6e37df-3bb7-4be9-8782-63d0f9784ded', '2024-05-18', 2076800.0, 2);
INSERT INTO motorbike_analytics (id, date, revenue, bookings_count) VALUES ('1bfe3999-68f7-40e4-af0d-ce01ec53c132', '2024-01-25', 1746400.0, 2);
INSERT INTO motorbike_analytics (id, date, revenue, bookings_count) VALUES ('e29e0803-5170-41b3-92ca-856beb74e053', '2023-02-17', 566400.0, 1);
INSERT INTO motorbike_analytics (id, date, revenue, bookings_count) VALUES ('5044d8e5-571d-47c0-8f4d-a5296c4e3400', '2023-06-29', 141600.0, 1);
INSERT INTO motorbike_analytics (id, date, revenue, bookings_count) VALUES ('13d3052c-fa08-4fe1-bd92-e914652f77e5', '2023-04-09', 2017800.0, 2);
INSERT INTO motorbike_analytics (id, date, revenue, bookings_count) VALUES ('e8128452-58a8-4854-acec-74e9b8ab8537', '2023-05-20', 1840800.0, 2);
INSERT INTO motorbike_analytics (id, date, revenue, bookings_count) VALUES ('c33b4009-32e8-4373-82a4-b14114e6894c', '2024-05-13', 1416000.0, 1);
INSERT INTO motorbike_analytics (id, date, revenue, bookings_count) VALUES ('daa73ff1-51c1-49ce-bd49-8ab4457e9c9c', '2024-03-06', 1416000.0, 1);
INSERT INTO motorbike_analytics (id, date, revenue, bookings_count) VALUES ('d07b1a52-3130-429b-a6ca-7f897c7d5422', '2023-10-08', 2478000.0, 2);
INSERT INTO motorbike_analytics (id, date, revenue, bookings_count) VALUES ('e43b6527-371b-4f63-88d8-cda3e11fecfc', '2023-04-29', 1026600.0, 2);
INSERT INTO motorbike_analytics (id, date, revenue, bookings_count) VALUES ('d0f82ac4-3325-4ef5-a740-72546a92a8bd', '2023-07-30', 1416000.0, 2);
INSERT INTO motorbike_analytics (id, date, revenue, bookings_count) VALUES ('7c3cfeb5-8f72-4df9-b019-0ff8c4c6ab50', '2024-04-06', 3870400.0, 3);
INSERT INTO motorbike_analytics (id, date, revenue, bookings_count) VALUES ('597b5a3b-8d9c-48fd-a017-fb62d1ef514a', '2023-10-18', 4212600.0, 5);
INSERT INTO motorbike_analytics (id, date, revenue, bookings_count) VALUES ('ce3828c9-29e7-4e47-9441-fcf33cf9b26a', '2023-01-19', 708000.0, 1);
INSERT INTO motorbike_analytics (id, date, revenue, bookings_count) VALUES ('719ae1a8-f50a-4f8d-a1ce-5a9f808e1ccb', '2024-02-11', 1522200.0, 2);
INSERT INTO motorbike_analytics (id, date, revenue, bookings_count) VALUES ('cea998fa-352a-4bb8-b635-e1e82c2a5c4a', '2023-09-05', 2124000.0, 1);
INSERT INTO motorbike_analytics (id, date, revenue, bookings_count) VALUES ('8a115e84-b321-4ef4-b8c4-0bba72c61798', '2023-10-31', 141600.0, 1);
INSERT INTO motorbike_analytics (id, date, revenue, bookings_count) VALUES ('5daa58a8-7469-4226-ae86-cb22b4902da8', '2024-03-11', 3209600.0, 3);
INSERT INTO motorbike_analytics (id, date, revenue, bookings_count) VALUES ('20419b2d-7013-4b31-939c-8b27a908fc52', '2023-02-14', 2596000.0, 3);
INSERT INTO motorbike_analytics (id, date, revenue, bookings_count) VALUES ('a1b09e1b-c92c-4377-a83e-5601569b858f', '2024-03-30', 944000.0, 3);
INSERT INTO motorbike_analytics (id, date, revenue, bookings_count) VALUES ('9cbe067b-0e94-4434-aeeb-ef23171a1ce5', '2023-05-05', 1180000.0, 1);
INSERT INTO motorbike_analytics (id, date, revenue, bookings_count) VALUES ('6f0f3bc0-7ac6-4bcf-a884-e7cff08cd77e', '2024-03-01', 1593000.0, 1);
INSERT INTO motorbike_analytics (id, date, revenue, bookings_count) VALUES ('84e4506d-c58c-40f3-b367-9122dceb1385', '2023-03-08', 849600.0, 2);
INSERT INTO motorbike_analytics (id, date, revenue, bookings_count) VALUES ('1965facd-fcf9-41c7-b446-7b47d02e0ee3', '2024-05-08', 2124000.0, 2);
INSERT INTO motorbike_analytics (id, date, revenue, bookings_count) VALUES ('487b0ca5-2667-43d6-a14b-3c74e66c01d3', '2023-05-07', 1132800.0, 1);
INSERT INTO motorbike_analytics (id, date, revenue, bookings_count) VALUES ('0438473b-2ecd-4ab7-b883-3db2659cd0ce', '2024-03-18', 991200.0, 2);
INSERT INTO motorbike_analytics (id, date, revenue, bookings_count) VALUES ('db7e6258-d80b-4879-a78d-7626e49c18fc', '2023-09-08', 1888000.0, 2);
INSERT INTO motorbike_analytics (id, date, revenue, bookings_count) VALUES ('9f12c9e2-e2be-41df-967c-c70a7b23b893', '2023-10-05', 283200.0, 1);
INSERT INTO motorbike_analytics (id, date, revenue, bookings_count) VALUES ('a59ba8f6-4359-44a0-9adf-9d8ddc5e643b', '2024-01-07', 1581200.0, 3);
INSERT INTO motorbike_analytics (id, date, revenue, bookings_count) VALUES ('3091281f-8373-4a97-b05c-c37e3d2c6505', '2023-07-24', 2360000.0, 2);
INSERT INTO motorbike_analytics (id, date, revenue, bookings_count) VALUES ('33e9023e-ba02-48f6-a5f2-5489f1f47eda', '2024-04-30', 2360000.0, 2);
INSERT INTO motorbike_analytics (id, date, revenue, bookings_count) VALUES ('916424e1-8582-447a-bb61-3f962e11ee35', '2023-11-16', 2725800.0, 2);
INSERT INTO motorbike_analytics (id, date, revenue, bookings_count) VALUES ('74398eb1-1eac-4259-9d86-11e15c72479f', '2023-05-06', 2265600.0, 2);
INSERT INTO motorbike_analytics (id, date, revenue, bookings_count) VALUES ('09cd655b-1b27-4d40-a656-cb19875d24ab', '2024-02-04', 2360000.0, 2);
INSERT INTO motorbike_analytics (id, date, revenue, bookings_count) VALUES ('887c5514-42c0-48da-b6ee-cf47e3ae5146', '2024-04-19', 3115200.0, 3);
INSERT INTO motorbike_analytics (id, date, revenue, bookings_count) VALUES ('4a7a3098-1692-4372-b00f-8855437e2853', '2023-10-04', 708000.0, 1);
INSERT INTO motorbike_analytics (id, date, revenue, bookings_count) VALUES ('281ed7b9-eb92-4c45-b71c-d6a1c08a7f52', '2023-04-16', 2690400.0, 4);
INSERT INTO motorbike_analytics (id, date, revenue, bookings_count) VALUES ('6c80a4f5-f307-48e0-a25e-80fd60c2d266', '2023-10-14', 283200.0, 1);
INSERT INTO motorbike_analytics (id, date, revenue, bookings_count) VALUES ('1570212d-ae0f-489b-88ab-6c7e323728f5', '2023-03-22', 1180000.0, 1);
INSERT INTO motorbike_analytics (id, date, revenue, bookings_count) VALUES ('49d5afc6-3863-40d4-87a7-87889f5c27cf', '2023-08-23', 1416000.0, 1);
INSERT INTO motorbike_analytics (id, date, revenue, bookings_count) VALUES ('e2b935b6-d8a8-4cc0-8dcf-7a665478128b', '2023-08-10', 944000.0, 1);
INSERT INTO motorbike_analytics (id, date, revenue, bookings_count) VALUES ('1f9ed580-da3c-42d7-a679-44fd0becb46b', '2024-05-30', 4071000.0, 3);
INSERT INTO motorbike_analytics (id, date, revenue, bookings_count) VALUES ('844e2944-f3b3-4f58-ad2c-65960bd71b99', '2023-09-30', 2655000.0, 4);
INSERT INTO motorbike_analytics (id, date, revenue, bookings_count) VALUES ('a3833aec-1835-41a3-a952-a4675e9b5164', '2023-02-18', 1652000.0, 1);
INSERT INTO motorbike_analytics (id, date, revenue, bookings_count) VALUES ('9427602c-9f26-4dd1-80ab-ddf5aa877b5c', '2023-10-21', 743400.0, 2);
INSERT INTO motorbike_analytics (id, date, revenue, bookings_count) VALUES ('f01614e2-92b9-42a3-bd09-108a7b8fd558', '2023-08-21', 1062000.0, 1);
INSERT INTO motorbike_analytics (id, date, revenue, bookings_count) VALUES ('8aecd232-34f9-462b-aa06-ac252378abf8', '2023-04-20', 236000.0, 1);
INSERT INTO motorbike_analytics (id, date, revenue, bookings_count) VALUES ('d3f76b95-a2c6-4eec-9f69-30bcfdd805d0', '2024-03-12', 1239000.0, 1);
INSERT INTO motorbike_analytics (id, date, revenue, bookings_count) VALUES ('763a06b9-d921-432f-b22e-08312c404ec6', '2024-04-28', 1746400.0, 2);
INSERT INTO motorbike_analytics (id, date, revenue, bookings_count) VALUES ('e7a7bd67-f3cf-4c77-808b-1b192c2558b0', '2024-03-19', 1062000.0, 1);
INSERT INTO motorbike_analytics (id, date, revenue, bookings_count) VALUES ('c5506ee7-37f4-44f4-a891-6b60b7d8e5aa', '2023-02-08', 1770000.0, 1);
INSERT INTO motorbike_analytics (id, date, revenue, bookings_count) VALUES ('2b1048f9-d53c-4b6f-afe4-6b070f12f5e4', '2023-10-29', 1888000.0, 3);
INSERT INTO motorbike_analytics (id, date, revenue, bookings_count) VALUES ('9216128e-4fb6-4772-b4da-d53f4bec1988', '2023-04-24', 1239000.0, 1);
INSERT INTO motorbike_analytics (id, date, revenue, bookings_count) VALUES ('d44b7b6f-69b3-4991-a7cf-59e3f799959b', '2023-06-26', 1604800.0, 2);
INSERT INTO motorbike_analytics (id, date, revenue, bookings_count) VALUES ('899c30ab-bdfd-4c1a-91f7-c7a4475feb95', '2023-09-06', 1475000.0, 2);
INSERT INTO motorbike_analytics (id, date, revenue, bookings_count) VALUES ('96fe13c2-0d2b-4270-858e-44a2b01ff390', '2024-01-11', 1652000.0, 1);
INSERT INTO motorbike_analytics (id, date, revenue, bookings_count) VALUES ('f1eceace-229a-4153-a1d6-38bf37bb9b40', '2023-01-27', 2832000.0, 2);
INSERT INTO motorbike_analytics (id, date, revenue, bookings_count) VALUES ('e3566139-130c-487c-bd5d-60cebaae968e', '2023-02-16', 5357200.0, 4);
INSERT INTO motorbike_analytics (id, date, revenue, bookings_count) VALUES ('1a1f4e91-5f32-4717-a3b4-e0bf7c1751f0', '2023-01-18', 1416000.0, 1);
INSERT INTO motorbike_analytics (id, date, revenue, bookings_count) VALUES ('2be3649f-1b75-4714-98ae-8e74ea8e394e', '2024-05-20', 2926400.0, 2);
INSERT INTO motorbike_analytics (id, date, revenue, bookings_count) VALUES ('bed0297b-0cad-4700-bd00-b9967305b46b', '2023-07-23', 991200.0, 2);
INSERT INTO motorbike_analytics (id, date, revenue, bookings_count) VALUES ('5cc98e82-d65e-4850-b707-6d291ee9ef69', '2024-03-20', 1062000.0, 1);
INSERT INTO motorbike_analytics (id, date, revenue, bookings_count) VALUES ('021fa42d-d271-43fb-86ec-e65f3519d161', '2023-05-11', 177000.0, 1);
INSERT INTO motorbike_analytics (id, date, revenue, bookings_count) VALUES ('071a7efa-b052-4320-a5f4-66c93ba0d6bc', '2023-08-09', 708000.0, 1);
INSERT INTO motorbike_analytics (id, date, revenue, bookings_count) VALUES ('7a21a434-8d6b-492f-b900-93476f5d65d2', '2023-12-13', 1132800.0, 2);
INSERT INTO motorbike_analytics (id, date, revenue, bookings_count) VALUES ('e565ea99-11c5-4ffe-b86f-8c3bf7f7980b', '2023-03-17', 1557600.0, 2);
INSERT INTO motorbike_analytics (id, date, revenue, bookings_count) VALUES ('17210e93-5461-4bcc-befa-dd43ef39b265', '2023-06-23', 649000.0, 2);
INSERT INTO motorbike_analytics (id, date, revenue, bookings_count) VALUES ('d628eee3-9048-4479-9c95-99fa69f6ded9', '2024-03-13', 3422000.0, 2);
INSERT INTO motorbike_analytics (id, date, revenue, bookings_count) VALUES ('a370bf4a-a116-45f8-8007-bf8e5404e7b6', '2023-05-08', 1522200.0, 3);
INSERT INTO motorbike_analytics (id, date, revenue, bookings_count) VALUES ('0d2e5742-3b22-43e3-8685-963fb523ccd7', '2024-03-23', 1239000.0, 2);
INSERT INTO motorbike_analytics (id, date, revenue, bookings_count) VALUES ('232c2af8-2c73-4045-af8d-33e9e8526710', '2023-11-20', 283200.0, 1);
INSERT INTO motorbike_analytics (id, date, revenue, bookings_count) VALUES ('0eb8a9ac-e6d1-45e3-87ba-93e093f1a6e5', '2023-11-23', 1793600.0, 2);
INSERT INTO motorbike_analytics (id, date, revenue, bookings_count) VALUES ('7316ca47-13d2-4f32-b926-c71c18a036e4', '2023-09-19', 849600.0, 1);
INSERT INTO motorbike_analytics (id, date, revenue, bookings_count) VALUES ('e466e6cf-fd62-4069-967e-96aedd937e1f', '2023-04-11', 1652000.0, 1);
INSERT INTO motorbike_analytics (id, date, revenue, bookings_count) VALUES ('44112ace-aeae-4f5c-a702-be3e82000194', '2024-02-12', 885000.0, 1);
INSERT INTO motorbike_analytics (id, date, revenue, bookings_count) VALUES ('b81f7fa0-b5e5-41e7-89b4-31cd79725c62', '2023-03-20', 944000.0, 1);
INSERT INTO motorbike_analytics (id, date, revenue, bookings_count) VALUES ('93ddfe5b-f597-44ad-a448-6a251a52c151', '2023-02-15', 2124000.0, 2);
INSERT INTO motorbike_analytics (id, date, revenue, bookings_count) VALUES ('101edd5a-3ed1-4ce5-829d-e68ac1449353', '2024-01-12', 885000.0, 1);
INSERT INTO motorbike_analytics (id, date, revenue, bookings_count) VALUES ('66c61ea1-8bdd-4be8-825d-f4a8b895359e', '2023-01-25', 424800.0, 1);
INSERT INTO motorbike_analytics (id, date, revenue, bookings_count) VALUES ('f821efd9-3b4c-4fdc-887a-afb5dc0f6c4a', '2023-06-11', 1368800.0, 2);
INSERT INTO motorbike_analytics (id, date, revenue, bookings_count) VALUES ('c56a6237-3381-4e09-807e-b309921a18da', '2023-12-22', 531000.0, 1);
INSERT INTO motorbike_analytics (id, date, revenue, bookings_count) VALUES ('cec0c6ef-5491-4e4a-bf1d-b15848e6a4bb', '2023-01-26', 495600.0, 2);
INSERT INTO motorbike_analytics (id, date, revenue, bookings_count) VALUES ('6669296b-175c-44f2-b5ff-091feddd6a4f', '2023-11-02', 1982400.0, 2);
INSERT INTO motorbike_analytics (id, date, revenue, bookings_count) VALUES ('57e4aedb-d8c4-486a-852a-dac731fbbfc4', '2023-12-29', 2124000.0, 1);
INSERT INTO motorbike_analytics (id, date, revenue, bookings_count) VALUES ('d5c61355-7d84-4905-9da5-3cea25da7f82', '2023-11-08', 3197800.0, 3);
INSERT INTO motorbike_analytics (id, date, revenue, bookings_count) VALUES ('5a620aae-09b7-4fb0-8955-b0e3786402d6', '2023-06-28', 1593000.0, 2);
INSERT INTO motorbike_analytics (id, date, revenue, bookings_count) VALUES ('01149270-1a18-4bb8-8588-2410dfa0a9e0', '2024-01-08', 885000.0, 1);
INSERT INTO motorbike_analytics (id, date, revenue, bookings_count) VALUES ('91af0049-8811-4a3c-b6a7-b5480b5090c2', '2023-01-29', 1805400.0, 3);
INSERT INTO motorbike_analytics (id, date, revenue, bookings_count) VALUES ('85b75e13-2658-40be-9e9c-dee87d71e439', '2023-02-02', 1557600.0, 2);
INSERT INTO motorbike_analytics (id, date, revenue, bookings_count) VALUES ('1838f7a4-9ac9-456a-9e5e-aa56d78d369a', '2024-04-17', 2124000.0, 3);
INSERT INTO motorbike_analytics (id, date, revenue, bookings_count) VALUES ('a1ea5da2-00b2-411c-b720-2cf3f509ff3a', '2024-05-16', 1239000.0, 1);
INSERT INTO motorbike_analytics (id, date, revenue, bookings_count) VALUES ('e76e1b08-3baa-4a83-a060-02b255e0f0b1', '2023-02-19', 1888000.0, 1);
INSERT INTO motorbike_analytics (id, date, revenue, bookings_count) VALUES ('0c7c20da-e34c-49cd-9d1d-514e5a5ade77', '2023-03-18', 1132800.0, 2);
INSERT INTO motorbike_analytics (id, date, revenue, bookings_count) VALUES ('7e5d6e2f-30c4-4ee9-9fb7-dfd8f00fcba8', '2023-06-16', 177000.0, 1);
INSERT INTO motorbike_analytics (id, date, revenue, bookings_count) VALUES ('3701ddf5-b498-4a41-97f3-a4aad4f8bc4c', '2023-12-30', 1416000.0, 1);
INSERT INTO motorbike_analytics (id, date, revenue, bookings_count) VALUES ('97d4507b-c1cf-452c-8497-6c54426289d5', '2024-02-15', 1062000.0, 1);
INSERT INTO motorbike_analytics (id, date, revenue, bookings_count) VALUES ('e7bb993b-e88b-4ec1-8684-31b9b0f817dd', '2024-01-02', 177000.0, 1);
INSERT INTO motorbike_analytics (id, date, revenue, bookings_count) VALUES ('36429634-50c9-434a-a98d-ba46917bdafb', '2023-09-02', 991200.0, 1);
INSERT INTO motorbike_analytics (id, date, revenue, bookings_count) VALUES ('ec65f521-ef54-4533-8065-8a4d7c556c2d', '2024-04-25', 1888000.0, 1);
INSERT INTO motorbike_analytics (id, date, revenue, bookings_count) VALUES ('ca68640d-e684-488d-af46-ca8a268c563e', '2023-07-28', 2006000.0, 2);
INSERT INTO motorbike_analytics (id, date, revenue, bookings_count) VALUES ('fe2f58aa-cc1d-4ab4-8d8e-637839449753', '2023-03-06', 1593000.0, 2);
INSERT INTO motorbike_analytics (id, date, revenue, bookings_count) VALUES ('0a10d1a2-a520-4c83-9194-61d3d0f28c85', '2023-10-30', 2124000.0, 2);
INSERT INTO motorbike_analytics (id, date, revenue, bookings_count) VALUES ('97018f29-9102-417a-8c30-5de764b892ac', '2024-04-20', 1416000.0, 1);
INSERT INTO motorbike_analytics (id, date, revenue, bookings_count) VALUES ('11b5caca-1c21-49a8-b659-d2812f46b2aa', '2023-02-06', 1770000.0, 3);
INSERT INTO motorbike_analytics (id, date, revenue, bookings_count) VALUES ('c3aedfbe-ada4-4a07-99f5-6596b535db2a', '2023-12-11', 2124000.0, 1);
INSERT INTO motorbike_analytics (id, date, revenue, bookings_count) VALUES ('1ddbc114-f3d6-477b-8edb-fd3265138058', '2023-07-16', 1062000.0, 1);
INSERT INTO motorbike_analytics (id, date, revenue, bookings_count) VALUES ('c0483ff4-5dfd-4371-a562-78b143c2cae0', '2023-08-01', 177000.0, 1);
INSERT INTO motorbike_analytics (id, date, revenue, bookings_count) VALUES ('cce0f850-a7df-4b3f-9eda-d16c0c339163', '2023-04-17', 1062000.0, 2);
INSERT INTO motorbike_analytics (id, date, revenue, bookings_count) VALUES ('faec7c45-d2d2-4955-9f98-cb8afb788157', '2023-06-14', 708000.0, 1);
INSERT INTO motorbike_analytics (id, date, revenue, bookings_count) VALUES ('d52577a0-4f0f-4636-ab0a-3c406b43b8af', '2023-07-19', 849600.0, 1);
INSERT INTO motorbike_analytics (id, date, revenue, bookings_count) VALUES ('59dacfa4-4676-4a5b-9ab4-dde39b07d3d4', '2023-10-22', 1227200.0, 2);
INSERT INTO motorbike_analytics (id, date, revenue, bookings_count) VALUES ('12ee5e91-34ea-4cb8-92d2-bac68eace2a6', '2024-04-08', 3127000.0, 3);
INSERT INTO motorbike_analytics (id, date, revenue, bookings_count) VALUES ('6e458f8c-4ca5-47e0-a68b-f0998eb56568', '2023-07-12', 2242000.0, 2);
INSERT INTO motorbike_analytics (id, date, revenue, bookings_count) VALUES ('f1d27b6c-89bb-4111-bdf6-123077bbefed', '2023-06-10', 2513400.0, 2);
INSERT INTO motorbike_analytics (id, date, revenue, bookings_count) VALUES ('79ba16a0-7a9f-4a44-906b-4792359c01fd', '2024-01-13', 1416000.0, 1);
INSERT INTO motorbike_analytics (id, date, revenue, bookings_count) VALUES ('37bc0833-6793-4126-8422-a2758141abc6', '2023-11-13', 4625600.0, 4);
INSERT INTO motorbike_analytics (id, date, revenue, bookings_count) VALUES ('86b203ea-5a96-4d95-b728-536547682d3e', '2023-05-01', 2714000.0, 2);
INSERT INTO motorbike_analytics (id, date, revenue, bookings_count) VALUES ('c38e68df-1969-4bbf-9063-f6026b8e6d28', '2023-11-27', 1947000.0, 2);
INSERT INTO motorbike_analytics (id, date, revenue, bookings_count) VALUES ('5822d57e-49c5-4ba8-aba6-c176951b45cb', '2023-09-18', 1888000.0, 1);
INSERT INTO motorbike_analytics (id, date, revenue, bookings_count) VALUES ('a396c758-22ac-4d9e-a8d1-0192034cafd2', '2023-12-07', 566400.0, 2);
INSERT INTO motorbike_analytics (id, date, revenue, bookings_count) VALUES ('2baeef8d-66b7-47ea-ad55-74e1050e35e1', '2023-03-26', 1888000.0, 1);
INSERT INTO motorbike_analytics (id, date, revenue, bookings_count) VALUES ('da56edf7-e12b-4d50-a47b-d0992c3ed160', '2023-11-01', 885000.0, 1);
INSERT INTO motorbike_analytics (id, date, revenue, bookings_count) VALUES ('70de3399-f696-47e3-803d-e1be25d9bc48', '2023-12-21', 3764200.0, 4);
INSERT INTO motorbike_analytics (id, date, revenue, bookings_count) VALUES ('6a86bb9e-dfec-4d40-a46d-1611f70b3b34', '2023-09-07', 1475000.0, 2);
INSERT INTO motorbike_analytics (id, date, revenue, bookings_count) VALUES ('4eef066d-f4d5-4188-8721-fc5a592a4006', '2023-11-05', 1416000.0, 1);
INSERT INTO motorbike_analytics (id, date, revenue, bookings_count) VALUES ('4f0693b9-9074-47f4-8d2a-12092e61e31f', '2023-02-10', 2737600.0, 2);
INSERT INTO motorbike_analytics (id, date, revenue, bookings_count) VALUES ('f08f2a9e-1ffc-4f0c-97bc-869c2f432331', '2023-06-06', 1652000.0, 1);
INSERT INTO motorbike_analytics (id, date, revenue, bookings_count) VALUES ('dd55226a-7038-4534-904f-9e71fcf22422', '2023-06-30', 1239000.0, 1);
INSERT INTO motorbike_analytics (id, date, revenue, bookings_count) VALUES ('306fb100-da46-49bc-91dc-6d9eba8bed1b', '2023-04-12', 1132800.0, 1);
INSERT INTO motorbike_analytics (id, date, revenue, bookings_count) VALUES ('0f45400e-8d8a-40f1-b149-d902764d31bf', '2023-08-30', 1593000.0, 1);
INSERT INTO motorbike_analytics (id, date, revenue, bookings_count) VALUES ('fa79a21c-6050-4400-a036-bc969e64f720', '2023-04-30', 1416000.0, 1);
INSERT INTO motorbike_analytics (id, date, revenue, bookings_count) VALUES ('56e81841-e442-4f21-8d6c-31e0922cb4f4', '2024-02-05', 566400.0, 1);
INSERT INTO motorbike_analytics (id, date, revenue, bookings_count) VALUES ('121725bc-8140-49b0-b8eb-69c3209cdd04', '2023-11-18', 849600.0, 1);
INSERT INTO motorbike_analytics (id, date, revenue, bookings_count) VALUES ('5dde2f65-1880-424a-9f14-06bf6837194e', '2024-02-22', 472000.0, 1);
INSERT INTO motorbike_analytics (id, date, revenue, bookings_count) VALUES ('27fdd11e-f47a-4539-b3f1-94bbfb282ee3', '2023-05-02', 2360000.0, 2);
INSERT INTO motorbike_analytics (id, date, revenue, bookings_count) VALUES ('885ad215-7581-4e06-b9ad-79779bcf7d72', '2023-05-17', 4814400.0, 3);
INSERT INTO motorbike_analytics (id, date, revenue, bookings_count) VALUES ('e0ebb121-8c7b-45e4-bec7-06d28b2c366f', '2023-05-27', 141600.0, 1);
INSERT INTO motorbike_analytics (id, date, revenue, bookings_count) VALUES ('14e39cf1-f750-4e9e-b9f1-68f8e3915c87', '2023-06-18', 2124000.0, 2);
INSERT INTO motorbike_analytics (id, date, revenue, bookings_count) VALUES ('7dcbaeab-3854-4de9-8877-d8686fe80bb0', '2023-05-28', 1416000.0, 1);
INSERT INTO motorbike_analytics (id, date, revenue, bookings_count) VALUES ('492aef57-b20f-4f80-be2e-3ebf8034f228', '2023-12-25', 2360000.0, 1);
INSERT INTO motorbike_analytics (id, date, revenue, bookings_count) VALUES ('392ccab9-f4e6-48d6-a72a-08402e0fbc31', '2023-04-05', 531000.0, 1);
INSERT INTO motorbike_analytics (id, date, revenue, bookings_count) VALUES ('7b4004be-d20a-48bd-85df-4321658fbb06', '2023-05-25', 991200.0, 2);
INSERT INTO motorbike_analytics (id, date, revenue, bookings_count) VALUES ('4d9adba2-f0d3-4f12-873a-d7bfb1c4c669', '2024-01-23', 1416000.0, 1);
INSERT INTO motorbike_analytics (id, date, revenue, bookings_count) VALUES ('ce606398-3495-4555-93c7-588776279080', '2023-03-13', 1840800.0, 2);
INSERT INTO motorbike_analytics (id, date, revenue, bookings_count) VALUES ('92ab1c69-c1dd-46fe-b063-a8bcd0627191', '2024-01-29', 708000.0, 1);
INSERT INTO motorbike_analytics (id, date, revenue, bookings_count) VALUES ('9bc1d049-d72e-45d1-b87d-4f15f3951755', '2023-03-31', 2655000.0, 2);
INSERT INTO motorbike_analytics (id, date, revenue, bookings_count) VALUES ('f65f9bdd-2f2e-4b11-8806-13b95e1b4264', '2023-06-13', 2655000.0, 2);
INSERT INTO motorbike_analytics (id, date, revenue, bookings_count) VALUES ('928426ac-5566-47e9-b1f1-cca4a2aaaf4d', '2024-04-09', 236000.0, 1);
INSERT INTO motorbike_analytics (id, date, revenue, bookings_count) VALUES ('56a4aac3-f8e9-4392-bd63-11dccc9d5e16', '2023-09-16', 1593000.0, 1);
INSERT INTO motorbike_analytics (id, date, revenue, bookings_count) VALUES ('2aee6380-ac87-4859-99fa-968c789aa98d', '2024-02-24', 354000.0, 1);
INSERT INTO motorbike_analytics (id, date, revenue, bookings_count) VALUES ('eb73b35b-fadb-4f07-b7f8-2e29d871cb9c', '2023-01-13', 849600.0, 1);
INSERT INTO motorbike_analytics (id, date, revenue, bookings_count) VALUES ('a485e352-0602-49a6-a029-72f16651471b', '2023-01-28', 944000.0, 1);
INSERT INTO motorbike_analytics (id, date, revenue, bookings_count) VALUES ('314d9b35-8fd5-4bd3-bf33-1d2579c4b1a7', '2023-08-25', 1593000.0, 1);
INSERT INTO motorbike_analytics (id, date, revenue, bookings_count) VALUES ('50297389-169a-4bb9-99ff-d65eb9497251', '2023-10-24', 283200.0, 1);
INSERT INTO motorbike_analytics (id, date, revenue, bookings_count) VALUES ('f811bed5-70d9-4e5a-b3ba-f7f6d2853eef', '2024-02-25', 885000.0, 1);
INSERT INTO motorbike_analytics (id, date, revenue, bookings_count) VALUES ('32133680-3083-4141-af97-971eb4553217', '2023-11-21', 2360000.0, 1);
INSERT INTO motorbike_analytics (id, date, revenue, bookings_count) VALUES ('a50f6971-a58c-4ffb-a289-541ad7de4ae4', '2024-05-19', 885000.0, 1);
INSERT INTO motorbike_analytics (id, date, revenue, bookings_count) VALUES ('6ab607cf-8116-4049-b94d-7891392bde2b', '2023-03-12', 2832000.0, 2);
INSERT INTO motorbike_analytics (id, date, revenue, bookings_count) VALUES ('411662a8-a78d-42cb-9a78-1bb5381e7ec5', '2023-06-27', 1416000.0, 1);
INSERT INTO motorbike_analytics (id, date, revenue, bookings_count) VALUES ('29821204-8313-4284-a772-997cedd1c2d9', '2023-01-02', 2242000.0, 2);
INSERT INTO motorbike_analytics (id, date, revenue, bookings_count) VALUES ('64de9250-91ff-463b-b537-5f0a8014ca85', '2023-11-09', 708000.0, 2);
INSERT INTO motorbike_analytics (id, date, revenue, bookings_count) VALUES ('8a2a19ad-8c42-447d-b198-47e00c49d003', '2023-02-24', 1652000.0, 1);
INSERT INTO motorbike_analytics (id, date, revenue, bookings_count) VALUES ('55a22b63-0384-430e-9621-b59b2d392b10', '2024-05-02', 849600.0, 1);
INSERT INTO motorbike_analytics (id, date, revenue, bookings_count) VALUES ('4da4306c-d8cd-46d6-8476-faca487874d6', '2023-10-20', 1239000.0, 1);
INSERT INTO motorbike_analytics (id, date, revenue, bookings_count) VALUES ('ad79dbdf-7d03-4f12-a9bd-75a58d52118e', '2023-11-25', 1770000.0, 1);
INSERT INTO motorbike_analytics (id, date, revenue, bookings_count) VALUES ('b097db1c-bb7d-4b7f-b986-edc4f6d2723b', '2023-05-03', 1451400.0, 2);
INSERT INTO motorbike_analytics (id, date, revenue, bookings_count) VALUES ('547634b5-bc8e-4ea6-a41e-e53047a96242', '2024-01-28', 2124000.0, 1);
INSERT INTO motorbike_analytics (id, date, revenue, bookings_count) VALUES ('0a171a02-9268-40e3-acaa-2b820cb38b58', '2023-11-26', 1475000.0, 2);
INSERT INTO motorbike_analytics (id, date, revenue, bookings_count) VALUES ('621ff3c8-e759-44ed-8902-f4d6f914f4f1', '2023-08-11', 708000.0, 1);
INSERT INTO motorbike_analytics (id, date, revenue, bookings_count) VALUES ('6884c750-486f-439c-9399-251345f0f3a9', '2023-08-16', 424800.0, 1);
INSERT INTO motorbike_analytics (id, date, revenue, bookings_count) VALUES ('635c51e2-2065-49b5-aae7-bd34cf039ef7', '2023-01-07', 141600.0, 1);
INSERT INTO motorbike_analytics (id, date, revenue, bookings_count) VALUES ('8f32e065-bd01-4826-82b6-73f452f15b7c', '2023-01-21', 2360000.0, 1);
INSERT INTO motorbike_analytics (id, date, revenue, bookings_count) VALUES ('e3c45d1e-8efd-4a95-ba9a-e891505f4fcb', '2024-03-26', 708000.0, 1);
INSERT INTO motorbike_analytics (id, date, revenue, bookings_count) VALUES ('eaf7e249-11f7-49bf-be84-d1f9c84b7543', '2023-05-22', 1062000.0, 1);
INSERT INTO motorbike_analytics (id, date, revenue, bookings_count) VALUES ('85c94bd9-3f6b-4b51-9a6a-bf456f428e92', '2023-02-20', 1132800.0, 1);
INSERT INTO motorbike_analytics (id, date, revenue, bookings_count) VALUES ('96bc7b6c-888a-4870-ae48-90eb77636ec1', '2024-04-15', 472000.0, 1);
INSERT INTO motorbike_analytics (id, date, revenue, bookings_count) VALUES ('4eeb825e-f92f-47a4-9bd4-b0a4561ddfa1', '2023-05-30', 531000.0, 1);
INSERT INTO motorbike_analytics (id, date, revenue, bookings_count) VALUES ('6c5a8d93-3bff-43f1-bd9d-7b3637e4ce35', '2023-09-04', 708000.0, 1);
INSERT INTO motorbike_analytics (id, date, revenue, bookings_count) VALUES ('22100729-430b-49d4-8652-b8159ed7e104', '2023-02-05', 1239000.0, 1);
INSERT INTO motorbike_analytics (id, date, revenue, bookings_count) VALUES ('c607fd03-3d65-4b8a-812c-fc3f25728dce', '2024-03-31', 2832000.0, 2);
INSERT INTO motorbike_analytics (id, date, revenue, bookings_count) VALUES ('ea9f8c28-67c9-4208-bd76-fd8c908d7c04', '2023-06-24', 283200.0, 1);
INSERT INTO motorbike_analytics (id, date, revenue, bookings_count) VALUES ('c4378625-f079-4b3e-9a40-a6682ad004a4', '2023-05-14', 708000.0, 1);
INSERT INTO motorbike_analytics (id, date, revenue, bookings_count) VALUES ('bf2bf7e9-82d2-4bad-bd5b-bd4b1f620a57', '2023-11-11', 1132800.0, 2);
INSERT INTO motorbike_analytics (id, date, revenue, bookings_count) VALUES ('ce323aec-9f90-4e04-b591-5fc186f56091', '2023-04-06', 1416000.0, 1);
INSERT INTO motorbike_analytics (id, date, revenue, bookings_count) VALUES ('a80eb113-e367-4c7c-8aaa-fd4b89ed8bdb', '2023-03-21', 1888000.0, 1);
INSERT INTO motorbike_analytics (id, date, revenue, bookings_count) VALUES ('066c82d1-f3d9-4f3c-bed5-850e18d18abb', '2023-03-10', 1770000.0, 1);
INSERT INTO motorbike_analytics (id, date, revenue, bookings_count) VALUES ('d356aae8-02d9-4636-b1bf-6362ee0add99', '2024-03-04', 708000.0, 1);
INSERT INTO motorbike_analytics (id, date, revenue, bookings_count) VALUES ('b664402b-66b1-4e25-8422-f1c8bffa6cd7', '2024-04-29', 424800.0, 1);
INSERT INTO motorbike_analytics (id, date, revenue, bookings_count) VALUES ('405a3d23-33f4-4957-b382-93571b8cf482', '2024-05-11', 424800.0, 1);
INSERT INTO motorbike_analytics (id, date, revenue, bookings_count) VALUES ('e5f50593-f4c0-4d30-af6f-81e3fe8ad371', '2023-02-01', 991200.0, 1);
INSERT INTO motorbike_analytics (id, date, revenue, bookings_count) VALUES ('8288e9a0-1148-4beb-90ea-dd1b214c7bae', '2023-08-06', 1522200.0, 2);
INSERT INTO motorbike_analytics (id, date, revenue, bookings_count) VALUES ('bf055032-b735-409b-b79b-d862e48cd3c5', '2023-12-24', 472000.0, 1);
INSERT INTO motorbike_analytics (id, date, revenue, bookings_count) VALUES ('8bc82fe3-490a-4bdd-b0a6-bd0d63474e93', '2023-12-03', 1132800.0, 1);
INSERT INTO motorbike_analytics (id, date, revenue, bookings_count) VALUES ('aea49626-61a3-47fa-9209-7c9ac84ad032', '2024-02-03', 708000.0, 1);
INSERT INTO motorbike_analytics (id, date, revenue, bookings_count) VALUES ('de508155-4364-4125-82dc-909ab22a70f2', '2023-09-14', 1699200.0, 2);
INSERT INTO motorbike_analytics (id, date, revenue, bookings_count) VALUES ('701c0f7a-b8ea-47aa-9464-374c5ac64286', '2023-11-06', 177000.0, 1);
INSERT INTO motorbike_analytics (id, date, revenue, bookings_count) VALUES ('49cec6c8-91cc-4af4-aeda-05ef32f3357d', '2024-01-31', 1416000.0, 1);
INSERT INTO motorbike_analytics (id, date, revenue, bookings_count) VALUES ('5cd7e613-ea89-4682-b3ae-267d94e28da5', '2023-02-12', 1062000.0, 1);
INSERT INTO motorbike_analytics (id, date, revenue, bookings_count) VALUES ('d1ddc6c8-ea1c-4640-aa51-2f2fce71c0b6', '2023-01-12', 708000.0, 1);
INSERT INTO motorbike_analytics (id, date, revenue, bookings_count) VALUES ('1708792b-f3d9-4238-8c45-7e712549e217', '2024-05-22', 708000.0, 1);
INSERT INTO motorbike_analytics (id, date, revenue, bookings_count) VALUES ('4f94c828-fef6-42a2-ab64-1ab566ed3f7f', '2024-04-16', 354000.0, 1);
INSERT INTO motorbike_analytics (id, date, revenue, bookings_count) VALUES ('5e2b50bd-b789-40f7-80e5-32627dc2d07a', '2023-08-02', 1593000.0, 1);
INSERT INTO motorbike_analytics (id, date, revenue, bookings_count) VALUES ('aea4cb20-c03d-421c-9156-9aec916c5f84', '2024-02-08', 1593000.0, 1);
INSERT INTO motorbike_analytics (id, date, revenue, bookings_count) VALUES ('84cb9d25-0af4-480d-a36b-41fbda17b08f', '2023-07-01', 1770000.0, 1);
INSERT INTO motorbike_analytics (id, date, revenue, bookings_count) VALUES ('81d73132-dc67-47c8-ac29-b0960d0d0dc8', '2023-11-28', 885000.0, 1);
INSERT INTO motorbike_analytics (id, date, revenue, bookings_count) VALUES ('c232326d-a87a-4a8c-920e-0109247be9a8', '2023-10-26', 708000.0, 1);
INSERT INTO motorbike_analytics (id, date, revenue, bookings_count) VALUES ('da04b160-d425-491d-a958-cb78c62777bd', '2023-09-23', 1770000.0, 1);
INSERT INTO motorbike_analytics (id, date, revenue, bookings_count) VALUES ('33cbc2ec-6062-407d-9e05-01601a7793ab', '2024-04-10', 991200.0, 1);
INSERT INTO motorbike_analytics (id, date, revenue, bookings_count) VALUES ('c19f85e7-4de8-413d-923d-56409e858453', '2023-06-09', 1416000.0, 2);
INSERT INTO motorbike_analytics (id, date, revenue, bookings_count) VALUES ('3502cbb3-0cdb-46ce-9663-9c9b174d0650', '2023-11-19', 566400.0, 1);
INSERT INTO motorbike_analytics (id, date, revenue, bookings_count) VALUES ('ac498ae2-ec73-470d-8b83-e0fb8447ec2f', '2023-05-12', 1593000.0, 1);
INSERT INTO motorbike_analytics (id, date, revenue, bookings_count) VALUES ('79748cde-bdd7-473b-8927-60f7d0b30f8b', '2023-04-03', 2360000.0, 2);
INSERT INTO motorbike_analytics (id, date, revenue, bookings_count) VALUES ('285d7f3d-5628-4693-8f81-ccb4c67d5771', '2023-10-25', 1274400.0, 1);
INSERT INTO motorbike_analytics (id, date, revenue, bookings_count) VALUES ('a7e5e8c4-6e6f-4d5f-966f-ebc482e338cf', '2023-03-15', 708000.0, 1);
INSERT INTO motorbike_analytics (id, date, revenue, bookings_count) VALUES ('76929447-cf7e-4d55-bfc5-bed95e7183ae', '2023-03-29', 4248000.0, 2);
INSERT INTO motorbike_analytics (id, date, revenue, bookings_count) VALUES ('55932bdd-ef7d-4565-81f9-999cf7a1b942', '2024-02-07', 1132800.0, 2);
INSERT INTO motorbike_analytics (id, date, revenue, bookings_count) VALUES ('ee1faeef-918c-4794-b2fc-a17e0d6e8954', '2023-11-15', 2360000.0, 1);
INSERT INTO motorbike_analytics (id, date, revenue, bookings_count) VALUES ('8cc19bb3-df42-46ac-9e17-2ef8e4910be1', '2023-10-11', 991200.0, 2);
INSERT INTO motorbike_analytics (id, date, revenue, bookings_count) VALUES ('4fe22285-cbc8-4693-8a78-370c5ccd05d2', '2024-05-23', 1416000.0, 1);
INSERT INTO motorbike_analytics (id, date, revenue, bookings_count) VALUES ('3b89a1ba-a31e-41be-b1d2-9c9f301a7bf7', '2023-08-31', 472000.0, 1);
INSERT INTO motorbike_analytics (id, date, revenue, bookings_count) VALUES ('3e8a49e2-f313-4c82-b6c7-5f14d6c59869', '2023-01-06', 885000.0, 1);
INSERT INTO motorbike_analytics (id, date, revenue, bookings_count) VALUES ('9e10e6bb-3246-48f1-bfce-94a1f7cbcec0', '2023-04-15', 472000.0, 1);
INSERT INTO motorbike_analytics (id, date, revenue, bookings_count) VALUES ('a960afea-3a94-4a86-a962-0b3f9fc9fa4e', '2023-06-08', 283200.0, 1);
INSERT INTO motorbike_analytics (id, date, revenue, bookings_count) VALUES ('65bda0e8-86c9-412a-b3bb-dd6e8778bde0', '2023-03-07', 1026600.0, 2);
INSERT INTO motorbike_analytics (id, date, revenue, bookings_count) VALUES ('2a847f28-bb96-4f07-8049-88a0d3cd5fe7', '2024-02-06', 566400.0, 1);
INSERT INTO motorbike_analytics (id, date, revenue, bookings_count) VALUES ('e004b8e8-4629-4f50-95fd-462b84277e24', '2024-02-01', 708000.0, 1);
INSERT INTO motorbike_analytics (id, date, revenue, bookings_count) VALUES ('f1c9b3d9-1522-48b0-9f6d-feaa3f8cbb24', '2023-03-30', 1593000.0, 1);
INSERT INTO motorbike_analytics (id, date, revenue, bookings_count) VALUES ('099bc1ef-8e94-4a3c-bbe9-67f5139d26e0', '2023-07-10', 849600.0, 1);
INSERT INTO motorbike_analytics (id, date, revenue, bookings_count) VALUES ('2c710233-195d-4dc6-b19b-3b41f1137181', '2023-05-24', 424800.0, 1);
INSERT INTO motorbike_analytics (id, date, revenue, bookings_count) VALUES ('2638c8c7-8295-4cc5-a64d-fd6e3e1d91c0', '2024-04-26', 944000.0, 1);
INSERT INTO motorbike_analytics (id, date, revenue, bookings_count) VALUES ('262a5421-eb05-4d53-8d72-263e31506ecd', '2024-02-26', 141600.0, 1);
INSERT INTO motorbike_analytics (id, date, revenue, bookings_count) VALUES ('4914cd34-5777-4e88-885b-4fc65e81a1e3', '2023-08-04', 472000.0, 1);
INSERT INTO motorbike_analytics (id, date, revenue, bookings_count) VALUES ('c9168160-b0d5-4392-97f6-a08e5866ca51', '2024-01-17', 283200.0, 1);
INSERT INTO motorbike_analytics (id, date, revenue, bookings_count) VALUES ('148367ea-ab43-42cb-8b52-7a1fdf13058a', '2023-11-29', 354000.0, 1);
INSERT INTO motorbike_analytics (id, date, revenue, bookings_count) VALUES ('0f26bad9-dd25-46d8-a481-8b6d655bdaf2', '2023-12-01', 1416000.0, 1);
INSERT INTO motorbike_analytics (id, date, revenue, bookings_count) VALUES ('22dec493-0451-4632-b4a8-414b65dfe3ab', '2024-01-05', 1593000.0, 1);
INSERT INTO motorbike_analytics (id, date, revenue, bookings_count) VALUES ('c413a19d-28b2-430b-b940-129626634a2f', '2023-02-13', 1593000.0, 1);
INSERT INTO motorbike_analytics (id, date, revenue, bookings_count) VALUES ('50620918-4b9d-4ee6-98da-7fde9cdf64bb', '2023-06-01', 991200.0, 1);
INSERT INTO motorbike_analytics (id, date, revenue, bookings_count) VALUES ('2b821914-e9f6-4a06-a9cf-99b95c970e46', '2023-01-22', 1770000.0, 1);
INSERT INTO motorbike_analytics (id, date, revenue, bookings_count) VALUES ('49dc6cf8-1611-4bcc-92b8-4e7aaded7b6f', '2023-08-13', 1888000.0, 2);
INSERT INTO motorbike_analytics (id, date, revenue, bookings_count) VALUES ('eff4820a-8107-426a-85d4-923fb49cc22d', '2023-09-24', 849600.0, 1);
INSERT INTO motorbike_analytics (id, date, revenue, bookings_count) VALUES ('d111c3e0-7aaf-4d2e-835e-eeb0c4b00d9e', '2024-01-30', 1416000.0, 1);
INSERT INTO motorbike_analytics (id, date, revenue, bookings_count) VALUES ('e8f5d422-fcd3-458c-9f8e-a8de14a0b3db', '2023-04-18', 1274400.0, 1);
INSERT INTO motorbike_analytics (id, date, revenue, bookings_count) VALUES ('09aea4f9-b3ac-43c0-9802-62b4b3a6b7dd', '2023-07-29', 849600.0, 1);
INSERT INTO motorbike_analytics (id, date, revenue, bookings_count) VALUES ('cce9fe49-1d51-42d1-8ad6-be97d341811d', '2023-01-30', 1239000.0, 1);
INSERT INTO motorbike_analytics (id, date, revenue, bookings_count) VALUES ('b5d7aaec-27e3-433f-bdab-cf714957f68c', '2023-04-22', 1416000.0, 1);
INSERT INTO motorbike_analytics (id, date, revenue, bookings_count) VALUES ('ee1a7197-9650-4608-b549-ce3026671b82', '2024-02-17', 991200.0, 1);
INSERT INTO motorbike_analytics (id, date, revenue, bookings_count) VALUES ('d555fc6a-8ca2-43f9-9f6e-524f362f1cfa', '2023-07-13', 1888000.0, 1);
INSERT INTO motorbike_analytics (id, date, revenue, bookings_count) VALUES ('45c81a5c-6662-4c57-ab04-d7b8738293c4', '2023-09-11', 566400.0, 1);
INSERT INTO motorbike_analytics (id, date, revenue, bookings_count) VALUES ('7f6eff82-4e62-4101-971c-21d59b25c0bb', '2023-09-26', 566400.0, 1);
INSERT INTO motorbike_analytics (id, date, revenue, bookings_count) VALUES ('a212964a-8158-416d-bcf6-f50be907d462', '2023-10-13', 2360000.0, 1);
INSERT INTO motorbike_analytics (id, date, revenue, bookings_count) VALUES ('777399bf-8a55-449d-8ab7-54d030de225a', '2023-05-23', 1239000.0, 1);
INSERT INTO motorbike_analytics (id, date, revenue, bookings_count) VALUES ('d618f56d-4345-4c14-b6cb-0d3069eaaa3c', '2023-03-04', 991200.0, 1);
INSERT INTO motorbike_analytics (id, date, revenue, bookings_count) VALUES ('8536c9cb-4875-4a7a-a5e1-615f3336a990', '2023-08-03', 236000.0, 1);
INSERT INTO motorbike_analytics (id, date, revenue, bookings_count) VALUES ('36368f8f-c4a5-4e2a-a95b-1a4a8ef0eb30', '2023-04-01', 2124000.0, 1);
INSERT INTO motorbike_analytics (id, date, revenue, bookings_count) VALUES ('c84f94c1-3764-4b2a-af35-d54c692f8c99', '2023-04-10', 1062000.0, 1);
INSERT INTO motorbike_analytics (id, date, revenue, bookings_count) VALUES ('7eb1f2ff-f283-4a78-b5a0-026452143ed2', '2023-07-04', 1062000.0, 1);
INSERT INTO car_analytics (id, date, revenue, bookings_count) VALUES ('69e3635d-a71d-4891-a987-051817b102ec', '2023-04-27', 39766000.0, 2);
INSERT INTO car_analytics (id, date, revenue, bookings_count) VALUES ('9fdf0e96-790a-498b-b838-c5c9bc87a455', '2024-05-12', 3540000.0, 1);
INSERT INTO car_analytics (id, date, revenue, bookings_count) VALUES ('2fb5dcdb-de96-442a-8e44-8c27d518621d', '2023-01-06', 16520000.0, 2);
INSERT INTO car_analytics (id, date, revenue, bookings_count) VALUES ('0afbfe60-8e09-47a9-8f38-c7539de5d6a2', '2023-02-16', 8614000.0, 2);
INSERT INTO car_analytics (id, date, revenue, bookings_count) VALUES ('29f82181-9598-4496-a2c9-b2d1518720ce', '2023-04-10', 8850000.0, 1);
INSERT INTO car_analytics (id, date, revenue, bookings_count) VALUES ('f283aceb-4207-4604-be6f-4dd4ca10741c', '2023-05-12', 12980000.0, 2);
INSERT INTO car_analytics (id, date, revenue, bookings_count) VALUES ('3c15de42-5953-4daa-80ff-83c36cd7962b', '2023-05-03', 8850000.0, 1);
INSERT INTO car_analytics (id, date, revenue, bookings_count) VALUES ('49cab252-9d5a-4ec8-8b69-5abfe757d748', '2023-04-22', 23895000.0, 3);
INSERT INTO car_analytics (id, date, revenue, bookings_count) VALUES ('c8196ee4-8433-464b-a752-755af2b3cf51', '2023-03-18', 2950000.0, 1);
INSERT INTO car_analytics (id, date, revenue, bookings_count) VALUES ('9adb10a4-1b09-45d0-9d79-3440ed3b5f5c', '2023-06-26', 7434000.0, 2);
INSERT INTO car_analytics (id, date, revenue, bookings_count) VALUES ('5605b3ef-13e0-4d75-ad27-23e9fe85dee9', '2023-01-17', 1770000.0, 1);
INSERT INTO car_analytics (id, date, revenue, bookings_count) VALUES ('e43f397c-d4b9-423b-a6eb-354a460d27c9', '2024-01-12', 16520000.0, 2);
INSERT INTO car_analytics (id, date, revenue, bookings_count) VALUES ('e555df27-6096-480b-8580-7cc446aa5b4e', '2023-04-01', 58764000.0, 4);
INSERT INTO car_analytics (id, date, revenue, bookings_count) VALUES ('c1bce627-55b3-4f24-948d-42cb8595547b', '2023-08-21', 8850000.0, 1);
INSERT INTO car_analytics (id, date, revenue, bookings_count) VALUES ('fe19a0d0-3d31-4c89-8924-c0419eaf2d1a', '2023-03-14', 10620000.0, 1);
INSERT INTO car_analytics (id, date, revenue, bookings_count) VALUES ('2c44b7cc-84d9-4d0c-8e42-4ef5a274bfd4', '2024-04-20', 27612000.0, 2);
INSERT INTO car_analytics (id, date, revenue, bookings_count) VALUES ('25066ea2-f1bb-4e12-9769-f046595567b7', '2023-02-21', 5310000.0, 1);
INSERT INTO car_analytics (id, date, revenue, bookings_count) VALUES ('b2be8722-e63a-4efe-9b5c-7fc3e97550d3', '2023-12-13', 34692000.0, 4);
INSERT INTO car_analytics (id, date, revenue, bookings_count) VALUES ('7eedec08-574e-4be5-a9df-9df049a2485b', '2023-04-24', 17405000.0, 2);
INSERT INTO car_analytics (id, date, revenue, bookings_count) VALUES ('e67679f8-0660-44e2-9b7b-693532def2dd', '2023-10-05', 8024000.0, 2);
INSERT INTO car_analytics (id, date, revenue, bookings_count) VALUES ('e8b321f3-fe79-45b7-a34f-df54fa8517da', '2023-10-03', 11800000.0, 1);
INSERT INTO car_analytics (id, date, revenue, bookings_count) VALUES ('f5b15e39-4f20-4361-b63b-f522c119b0b3', '2024-03-30', 6608000.0, 1);
INSERT INTO car_analytics (id, date, revenue, bookings_count) VALUES ('209354a6-2193-419b-902a-5e41ed3d494a', '2023-02-22', 15045000.0, 2);
INSERT INTO car_analytics (id, date, revenue, bookings_count) VALUES ('b79d7cf6-d873-4fc2-9dc6-f61e91b18d0f', '2024-03-08', 21240000.0, 1);
INSERT INTO car_analytics (id, date, revenue, bookings_count) VALUES ('bc5192eb-e199-4df8-aa2b-454ca77025f4', '2023-04-08', 24780000.0, 2);
INSERT INTO car_analytics (id, date, revenue, bookings_count) VALUES ('cf285c33-2969-4c0f-8781-f286f30f48f2', '2023-05-08', 7965000.0, 1);
INSERT INTO car_analytics (id, date, revenue, bookings_count) VALUES ('5df5fd13-fbbf-48df-bf72-b2086a7a91f9', '2023-05-29', 8496000.0, 1);
INSERT INTO car_analytics (id, date, revenue, bookings_count) VALUES ('7498eb8e-4953-4300-8daa-d054fd687b4d', '2023-06-15', 7965000.0, 1);
INSERT INTO car_analytics (id, date, revenue, bookings_count) VALUES ('08843b69-a511-4326-aa01-42351283f925', '2024-04-30', 12744000.0, 2);
INSERT INTO car_analytics (id, date, revenue, bookings_count) VALUES ('f0fe228d-08d2-4b9e-8598-489eead2a984', '2023-05-30', 3363000.0, 1);
INSERT INTO car_analytics (id, date, revenue, bookings_count) VALUES ('b46f75aa-d0b1-40e1-bbf8-705621c86395', '2024-02-20', 20650000.0, 1);
INSERT INTO car_analytics (id, date, revenue, bookings_count) VALUES ('785f8e10-dbcd-4816-ba42-65d64b2ecdcb', '2024-03-11', 2655000.0, 1);
INSERT INTO car_analytics (id, date, revenue, bookings_count) VALUES ('04080d0e-6017-453c-9d95-d3ee97a7a6b2', '2023-06-09', 23600000.0, 1);
INSERT INTO car_analytics (id, date, revenue, bookings_count) VALUES ('a440ffad-7016-49a7-973c-19790b6231aa', '2023-10-07', 21712000.0, 2);
INSERT INTO car_analytics (id, date, revenue, bookings_count) VALUES ('4e000220-b65d-42a7-a2d7-eff37a90024c', '2024-04-02', 20650000.0, 1);
INSERT INTO car_analytics (id, date, revenue, bookings_count) VALUES ('05ab40bf-a9c0-48ac-8fe9-95a054b0a3ce', '2024-04-06', 1121000.0, 1);
INSERT INTO car_analytics (id, date, revenue, bookings_count) VALUES ('8c851ff7-d362-4507-adbb-738dd0a2c32c', '2023-02-26', 11859000.0, 2);
INSERT INTO car_analytics (id, date, revenue, bookings_count) VALUES ('29840519-1aed-4a77-a2da-8926ce612bda', '2023-04-14', 14514000.0, 2);
INSERT INTO car_analytics (id, date, revenue, bookings_count) VALUES ('f358b4e7-4662-44a1-bd6d-500fba415610', '2023-03-22', 3540000.0, 1);
INSERT INTO car_analytics (id, date, revenue, bookings_count) VALUES ('80ba9261-c735-474f-8192-0c5d335b69af', '2023-08-06', 13688000.0, 2);
INSERT INTO car_analytics (id, date, revenue, bookings_count) VALUES ('00d834a3-a793-48b1-ae2a-2482e85ec5ec', '2023-07-04', 16284000.0, 2);
INSERT INTO car_analytics (id, date, revenue, bookings_count) VALUES ('665dcce6-bf73-45c4-8e64-67c1e60d42c2', '2023-07-17', 21240000.0, 1);
INSERT INTO car_analytics (id, date, revenue, bookings_count) VALUES ('f9f889bc-234a-46ce-b4bf-37c9403b06f5', '2023-06-03', 27022000.0, 3);
INSERT INTO car_analytics (id, date, revenue, bookings_count) VALUES ('9a1bfafa-fe97-488c-893d-bae43534f589', '2023-09-05', 8496000.0, 1);
INSERT INTO car_analytics (id, date, revenue, bookings_count) VALUES ('b400d8ef-c4d5-412b-9774-b74f1c1cd661', '2024-03-28', 16992000.0, 1);
INSERT INTO car_analytics (id, date, revenue, bookings_count) VALUES ('2c62133e-0645-4450-842b-fb3da9270e45', '2024-04-24', 15340000.0, 2);
INSERT INTO car_analytics (id, date, revenue, bookings_count) VALUES ('ebe9adfc-d981-45ac-a18b-71c4e6758896', '2023-12-26', 18821000.0, 3);
INSERT INTO car_analytics (id, date, revenue, bookings_count) VALUES ('58945e92-12a5-4bcb-acd1-ce3e12651585', '2023-08-11', 11210000.0, 1);
INSERT INTO car_analytics (id, date, revenue, bookings_count) VALUES ('4ad6c971-e3b7-42d9-83b5-d233a60a9b0d', '2024-02-26', 1121000.0, 1);
INSERT INTO car_analytics (id, date, revenue, bookings_count) VALUES ('01277239-ad8f-4225-a8a6-c964941a417c', '2023-02-01', 7965000.0, 1);
INSERT INTO car_analytics (id, date, revenue, bookings_count) VALUES ('c0aa41a3-efa2-453a-afb8-d10f221997c6', '2023-08-03', 5900000.0, 1);
INSERT INTO car_analytics (id, date, revenue, bookings_count) VALUES ('344311d0-9bd7-4c95-bed7-b21b427bc495', '2023-02-25', 5664000.0, 1);
INSERT INTO car_analytics (id, date, revenue, bookings_count) VALUES ('b22a9559-e9af-43d9-a75e-f453268ea883', '2023-07-07', 16992000.0, 1);
INSERT INTO car_analytics (id, date, revenue, bookings_count) VALUES ('b0e0c27d-3864-4de9-aee4-845fb1a09539', '2023-02-09', 885000.0, 1);
INSERT INTO car_analytics (id, date, revenue, bookings_count) VALUES ('7c4ac557-1249-44ad-b64c-e89eca4015bd', '2024-03-03', 1888000.0, 1);
INSERT INTO car_analytics (id, date, revenue, bookings_count) VALUES ('e4a936f7-88b0-487e-b88e-772108be0272', '2023-12-28', 2950000.0, 1);
INSERT INTO car_analytics (id, date, revenue, bookings_count) VALUES ('fe827b63-0fde-4c8b-b7a3-ff13e9e9215b', '2024-04-18', 36875000.0, 3);
INSERT INTO car_analytics (id, date, revenue, bookings_count) VALUES ('23f7b2d3-9782-4d3e-a9f4-b383a81d85a6', '2023-02-06', 30680000.0, 2);
INSERT INTO car_analytics (id, date, revenue, bookings_count) VALUES ('7f81b923-32b5-487c-8211-bd1714e55bb2', '2024-01-03', 26963000.0, 2);
INSERT INTO car_analytics (id, date, revenue, bookings_count) VALUES ('4e091af9-aee5-43e5-b97e-99d7f03dc556', '2023-08-25', 5369000.0, 2);
INSERT INTO car_analytics (id, date, revenue, bookings_count) VALUES ('a36f57e1-ed0b-4c6e-aa18-041cdb8ac04f', '2023-02-08', 6195000.0, 1);
INSERT INTO car_analytics (id, date, revenue, bookings_count) VALUES ('39656d33-285f-46dc-b9f9-9c04080fbbef', '2023-01-12', 6726000.0, 1);
INSERT INTO car_analytics (id, date, revenue, bookings_count) VALUES ('fb983e70-d267-408d-a8ef-bf4c28ea4e58', '2024-02-22', 8496000.0, 1);
INSERT INTO car_analytics (id, date, revenue, bookings_count) VALUES ('36ed5868-34e5-4aed-adcb-84c2bf417a98', '2024-05-26', 16992000.0, 1);
INSERT INTO car_analytics (id, date, revenue, bookings_count) VALUES ('22c0b7d9-42e9-4cbe-b10f-4fbc4270563e', '2023-06-23', 29500000.0, 1);
INSERT INTO car_analytics (id, date, revenue, bookings_count) VALUES ('3b4526ab-b4d8-4968-88c2-bcc6389fd88a', '2023-05-24', 20650000.0, 2);
INSERT INTO car_analytics (id, date, revenue, bookings_count) VALUES ('1316e8e9-141c-4f33-8935-fb59f49e4a34', '2024-03-18', 5605000.0, 1);
INSERT INTO car_analytics (id, date, revenue, bookings_count) VALUES ('1bc42787-8fc2-4516-afe5-7dc5836dcdd8', '2023-08-01', 4720000.0, 1);
INSERT INTO car_analytics (id, date, revenue, bookings_count) VALUES ('3cdf2a00-a404-4143-83e4-20b8ac34e069', '2023-01-19', 30975000.0, 3);
INSERT INTO car_analytics (id, date, revenue, bookings_count) VALUES ('1e37ef7a-6a54-4ce1-b28a-9f997f77a3fd', '2024-03-25', 1121000.0, 1);
INSERT INTO car_analytics (id, date, revenue, bookings_count) VALUES ('dae14180-5e34-4a05-9584-e64a9fa62ffb', '2023-09-06', 1888000.0, 1);
INSERT INTO car_analytics (id, date, revenue, bookings_count) VALUES ('d8c7e827-89f5-4a0f-afe4-61c8fcb88137', '2023-04-02', 13688000.0, 2);
INSERT INTO car_analytics (id, date, revenue, bookings_count) VALUES ('979b23a0-8306-4e73-b875-d6346b67ca71', '2023-02-17', 14868000.0, 1);
INSERT INTO car_analytics (id, date, revenue, bookings_count) VALUES ('e6a61223-3c28-4ffb-8c2b-b31f811bed34', '2023-03-25', 12213000.0, 2);
INSERT INTO car_analytics (id, date, revenue, bookings_count) VALUES ('850dbb80-852c-4e2d-97d8-5da88c0e3058', '2024-02-06', 13039000.0, 2);
INSERT INTO car_analytics (id, date, revenue, bookings_count) VALUES ('f7819604-3a04-4c88-bc69-4656733ded91', '2024-02-29', 33276000.0, 3);
INSERT INTO car_analytics (id, date, revenue, bookings_count) VALUES ('05a7ec7e-74f4-4e8a-9126-c2d084c2d2de', '2023-10-16', 2832000.0, 1);
INSERT INTO car_analytics (id, date, revenue, bookings_count) VALUES ('5f23c080-c581-46a4-8f10-b5474c3ce956', '2024-02-15', 2655000.0, 1);
INSERT INTO car_analytics (id, date, revenue, bookings_count) VALUES ('be566922-fef4-4a83-83e4-031498c0c71c', '2023-01-28', 24131000.0, 5);
INSERT INTO car_analytics (id, date, revenue, bookings_count) VALUES ('449d98b7-cba8-4479-b27d-46fdc6fed10d', '2024-05-14', 10089000.0, 1);
INSERT INTO car_analytics (id, date, revenue, bookings_count) VALUES ('836ad857-87c9-4902-aa38-4a12e3cdd1ac', '2023-11-04', 2124000.0, 1);
INSERT INTO car_analytics (id, date, revenue, bookings_count) VALUES ('eb25c8cd-2ba6-48ae-a103-f77821dbb527', '2023-06-22', 14868000.0, 1);
INSERT INTO car_analytics (id, date, revenue, bookings_count) VALUES ('728a332e-81b5-409c-8a2f-23a01cbd9ada', '2024-01-07', 27612000.0, 2);
INSERT INTO car_analytics (id, date, revenue, bookings_count) VALUES ('3e3ec41d-1290-45ca-a77a-9f25490dbef5', '2024-01-01', 31270000.0, 2);
INSERT INTO car_analytics (id, date, revenue, bookings_count) VALUES ('b86a5d97-afbb-4cfb-8663-bdadc1f5d92e', '2023-07-13', 12744000.0, 1);
INSERT INTO car_analytics (id, date, revenue, bookings_count) VALUES ('b96ca39f-3cb6-447f-851e-d7d13cae6b8a', '2024-04-08', 9440000.0, 1);
INSERT INTO car_analytics (id, date, revenue, bookings_count) VALUES ('8e7f101b-47e4-4a90-8ce3-f714e866ee68', '2023-09-26', 14868000.0, 1);
INSERT INTO car_analytics (id, date, revenue, bookings_count) VALUES ('10729467-2a4b-4d94-8f5f-ea95a3efd5dc', '2023-10-20', 3776000.0, 1);
INSERT INTO car_analytics (id, date, revenue, bookings_count) VALUES ('796625d6-1dfc-4cdd-b187-e1358ca175b3', '2023-08-16', 14750000.0, 1);
INSERT INTO car_analytics (id, date, revenue, bookings_count) VALUES ('e7b5e79c-4016-4146-97ca-23fb4cd3e69a', '2023-02-23', 6726000.0, 1);
INSERT INTO car_analytics (id, date, revenue, bookings_count) VALUES ('1fa48abc-b3ad-48b0-9950-929a187e2b52', '2024-01-16', 28320000.0, 2);
INSERT INTO car_analytics (id, date, revenue, bookings_count) VALUES ('5addd029-a73c-41c9-995e-ed249d3851a7', '2023-11-20', 12508000.0, 2);
INSERT INTO car_analytics (id, date, revenue, bookings_count) VALUES ('50050bed-175c-4de8-8942-1e05f6040549', '2024-05-21', 2950000.0, 1);
INSERT INTO car_analytics (id, date, revenue, bookings_count) VALUES ('167a0844-a9d9-4d9b-8bd7-acae3656f3c1', '2023-05-05', 6490000.0, 2);
INSERT INTO car_analytics (id, date, revenue, bookings_count) VALUES ('31f7210f-d28e-41b7-a028-484b9475a427', '2024-01-20', 27612000.0, 3);
INSERT INTO car_analytics (id, date, revenue, bookings_count) VALUES ('86185b85-a187-4cae-92b7-c149886a1309', '2023-12-04', 32568000.0, 4);
INSERT INTO car_analytics (id, date, revenue, bookings_count) VALUES ('4778ae51-6378-4b77-9af7-92cb5f11c86a', '2023-05-21', 19116000.0, 1);
INSERT INTO car_analytics (id, date, revenue, bookings_count) VALUES ('1928fe5f-2657-4a67-aea9-2444006f127f', '2023-03-08', 19883000.0, 4);
INSERT INTO car_analytics (id, date, revenue, bookings_count) VALUES ('fb45de54-6f04-49fc-901e-cbacdb94fcfe', '2024-05-25', 2950000.0, 1);
INSERT INTO car_analytics (id, date, revenue, bookings_count) VALUES ('2b8e480f-1d50-4e52-b9d1-929830078dfe', '2023-09-19', 1770000.0, 1);
INSERT INTO car_analytics (id, date, revenue, bookings_count) VALUES ('e1693aad-8afb-4445-9634-f36d884cd7a3', '2024-03-14', 14750000.0, 1);
INSERT INTO car_analytics (id, date, revenue, bookings_count) VALUES ('371e81bf-8001-4991-88e6-1fdfd4cc3df9', '2023-05-09', 5900000.0, 1);
INSERT INTO car_analytics (id, date, revenue, bookings_count) VALUES ('3429757d-92a7-43b1-9b06-0e7a5ded7bd5', '2023-12-09', 2950000.0, 1);
INSERT INTO car_analytics (id, date, revenue, bookings_count) VALUES ('69b0e03e-0cb1-4145-9f6c-e379c6178646', '2023-06-13', 11977000.0, 2);
INSERT INTO car_analytics (id, date, revenue, bookings_count) VALUES ('37cfbbb0-4219-49ff-8471-8b58991e336d', '2024-04-28', 24721000.0, 3);
INSERT INTO car_analytics (id, date, revenue, bookings_count) VALUES ('62915deb-57fc-4ad7-ad25-b9167b1093af', '2023-08-17', 2832000.0, 1);
INSERT INTO car_analytics (id, date, revenue, bookings_count) VALUES ('7b5c9ffc-ffe9-4903-a18c-9e325ec36267', '2023-05-13', 9558000.0, 2);
INSERT INTO car_analytics (id, date, revenue, bookings_count) VALUES ('b4305258-50f2-4202-acc6-48ee25bb3206', '2024-04-19', 6608000.0, 1);
INSERT INTO car_analytics (id, date, revenue, bookings_count) VALUES ('31e05d6f-5edf-405a-a9d2-1490a78526d8', '2023-02-04', 15281000.0, 3);
INSERT INTO car_analytics (id, date, revenue, bookings_count) VALUES ('8c6c0278-9eb1-4966-be3b-63ffc5448684', '2023-07-23', 33984000.0, 2);
INSERT INTO car_analytics (id, date, revenue, bookings_count) VALUES ('6c04173b-bdb0-4a6e-9fca-60b830334527', '2023-06-08', 28438000.0, 4);
INSERT INTO car_analytics (id, date, revenue, bookings_count) VALUES ('a5dab1d8-6b33-4eda-be2c-49381f410944', '2024-02-04', 1121000.0, 1);
INSERT INTO car_analytics (id, date, revenue, bookings_count) VALUES ('e719a402-4403-4b16-8cb2-5839453cf3af', '2023-10-21', 10089000.0, 1);
INSERT INTO car_analytics (id, date, revenue, bookings_count) VALUES ('e340dd1c-f1e3-4463-8ed9-76e6563ef72e', '2023-01-03', 9971000.0, 2);
INSERT INTO car_analytics (id, date, revenue, bookings_count) VALUES ('218a8708-6e5f-4684-9e4b-0efb9224c762', '2023-03-20', 6608000.0, 1);
INSERT INTO car_analytics (id, date, revenue, bookings_count) VALUES ('8eb4b719-4607-45a5-a34b-3e81a6b958c8', '2023-03-03', 4720000.0, 1);
INSERT INTO car_analytics (id, date, revenue, bookings_count) VALUES ('9b5db15f-1d68-4e3b-94a2-e623b59f54e5', '2023-06-29', 29500000.0, 1);
INSERT INTO car_analytics (id, date, revenue, bookings_count) VALUES ('1b16f8ec-4c4b-4c58-90b2-2ae405c4579e', '2023-08-26', 8850000.0, 1);
INSERT INTO car_analytics (id, date, revenue, bookings_count) VALUES ('0dd9021f-da08-4d8a-a10d-3eb632fe4a19', '2024-01-18', 9971000.0, 2);
INSERT INTO car_analytics (id, date, revenue, bookings_count) VALUES ('706f4895-b112-42db-9cb4-4154f3aeab70', '2023-09-09', 12744000.0, 1);
INSERT INTO car_analytics (id, date, revenue, bookings_count) VALUES ('018355c1-e1ae-44a7-8912-33c64ea0c2fc', '2023-08-23', 31034000.0, 2);
INSERT INTO car_analytics (id, date, revenue, bookings_count) VALUES ('b8142717-88e0-4fa8-9e0f-e010e51a2202', '2023-12-19', 24072000.0, 2);
INSERT INTO car_analytics (id, date, revenue, bookings_count) VALUES ('ac93acc6-68ad-42b1-b7ae-46a52ff1ddce', '2024-05-13', 13570000.0, 2);
INSERT INTO car_analytics (id, date, revenue, bookings_count) VALUES ('90cde7d6-64c8-481e-a439-ab885ad77ad2', '2023-10-28', 16992000.0, 1);
INSERT INTO car_analytics (id, date, revenue, bookings_count) VALUES ('eb1f73c0-7bd8-487e-9d21-816d82f9f49d', '2023-08-18', 14868000.0, 1);
INSERT INTO car_analytics (id, date, revenue, bookings_count) VALUES ('d1911edd-f45e-4864-ad92-d74a33f9167e', '2024-02-02', 1888000.0, 1);
INSERT INTO car_analytics (id, date, revenue, bookings_count) VALUES ('37eb8f29-db1a-484e-be9d-62f0b6ffeee0', '2023-01-23', 15399000.0, 2);
INSERT INTO car_analytics (id, date, revenue, bookings_count) VALUES ('7430b3b0-b34a-4622-8012-c96bb940e0a0', '2024-05-18', 17346000.0, 2);
INSERT INTO car_analytics (id, date, revenue, bookings_count) VALUES ('3f7155a6-274c-4f26-b8c6-e5d6d6b115d2', '2023-04-03', 3776000.0, 1);
INSERT INTO car_analytics (id, date, revenue, bookings_count) VALUES ('aa322997-9e59-4078-9086-31f976770014', '2023-12-16', 11800000.0, 1);
INSERT INTO car_analytics (id, date, revenue, bookings_count) VALUES ('2955abee-a32e-48b6-98e4-4ee49ea1d915', '2023-03-16', 6195000.0, 1);
INSERT INTO car_analytics (id, date, revenue, bookings_count) VALUES ('0faedf9a-4ce0-4326-9b46-56a4e89455c1', '2023-04-06', 25960000.0, 3);
INSERT INTO car_analytics (id, date, revenue, bookings_count) VALUES ('8a511cdb-2eb6-4bef-94d4-28a618c60e97', '2023-09-24', 21594000.0, 2);
INSERT INTO car_analytics (id, date, revenue, bookings_count) VALUES ('7beb4e9b-2396-48c7-9046-ed766798736b', '2023-11-01', 8850000.0, 1);
INSERT INTO car_analytics (id, date, revenue, bookings_count) VALUES ('21f5c72a-8b49-4ad1-a24a-05fbe563c30e', '2023-11-24', 13688000.0, 3);
INSERT INTO car_analytics (id, date, revenue, bookings_count) VALUES ('62282aef-fbb0-41c2-88d2-8e9b35c10f4d', '2024-01-30', 5605000.0, 1);
INSERT INTO car_analytics (id, date, revenue, bookings_count) VALUES ('d48686c2-e36d-48e5-8e78-1f24b361cd87', '2023-03-31', 3363000.0, 1);
INSERT INTO car_analytics (id, date, revenue, bookings_count) VALUES ('b9657b3e-fe0a-49a5-b5e0-398234ff5997', '2023-11-23', 6903000.0, 2);
INSERT INTO car_analytics (id, date, revenue, bookings_count) VALUES ('ce337667-9dad-40a8-96a3-365a3e5664e5', '2024-01-02', 10089000.0, 1);
INSERT INTO car_analytics (id, date, revenue, bookings_count) VALUES ('5b68cbfa-153a-49b7-82b6-e7b36bd07459', '2023-10-26', 8496000.0, 1);
INSERT INTO car_analytics (id, date, revenue, bookings_count) VALUES ('754fabaa-c066-47d5-8f6a-3f99f49681a5', '2023-10-22', 21240000.0, 1);
INSERT INTO car_analytics (id, date, revenue, bookings_count) VALUES ('05abc17d-22d2-4776-913e-50bc537e4532', '2024-05-23', 8850000.0, 1);
INSERT INTO car_analytics (id, date, revenue, bookings_count) VALUES ('b8187497-426f-4ddf-9877-4218964e5a44', '2024-02-07', 7847000.0, 1);
INSERT INTO car_analytics (id, date, revenue, bookings_count) VALUES ('fe992432-1069-4052-af5d-177a48ad58a0', '2023-10-09', 9440000.0, 2);
INSERT INTO car_analytics (id, date, revenue, bookings_count) VALUES ('39a03443-b81e-46d7-b499-cff620670d95', '2024-04-17', 36639000.0, 2);
INSERT INTO car_analytics (id, date, revenue, bookings_count) VALUES ('9e6f4a85-b326-43c4-b877-9d4d2f56c358', '2023-03-17', 26550000.0, 1);
INSERT INTO car_analytics (id, date, revenue, bookings_count) VALUES ('932e5cd0-dc86-41e3-9f7f-7ffdaa9261d9', '2023-04-20', 21889000.0, 2);
INSERT INTO car_analytics (id, date, revenue, bookings_count) VALUES ('7e4f5465-700a-4cc9-ba8b-0d2d5aa2437e', '2023-11-06', 8496000.0, 2);
INSERT INTO car_analytics (id, date, revenue, bookings_count) VALUES ('2b61e0b7-81d4-4097-9d72-b5e6f46f8b51', '2023-08-04', 7080000.0, 1);
INSERT INTO car_analytics (id, date, revenue, bookings_count) VALUES ('315b573a-edf5-4e56-aa21-8668a91b3b43', '2024-02-18', 20650000.0, 1);
INSERT INTO car_analytics (id, date, revenue, bookings_count) VALUES ('d8f39a99-565b-4d78-b11a-aef5c5e33604', '2023-01-01', 29500000.0, 2);
INSERT INTO car_analytics (id, date, revenue, bookings_count) VALUES ('5edcc0ee-4417-4628-a243-993c527ba9fa', '2023-01-26', 17700000.0, 1);
INSERT INTO car_analytics (id, date, revenue, bookings_count) VALUES ('8d978e9b-3be4-4d5a-afd3-d500363d0b92', '2023-08-14', 2242000.0, 1);
INSERT INTO car_analytics (id, date, revenue, bookings_count) VALUES ('a2168fdd-0202-452f-b300-ef9761bb0437', '2024-03-31', 17346000.0, 2);
INSERT INTO car_analytics (id, date, revenue, bookings_count) VALUES ('1bce80bf-9197-442c-81e2-a5e9ef675627', '2023-11-17', 50268000.0, 3);
INSERT INTO car_analytics (id, date, revenue, bookings_count) VALUES ('d12c619f-37a2-404d-b81a-2151ee6b7091', '2023-04-29', 8968000.0, 1);
INSERT INTO car_analytics (id, date, revenue, bookings_count) VALUES ('93d071d6-3305-4125-a9cb-ed41b7fae258', '2023-05-01', 22420000.0, 4);
INSERT INTO car_analytics (id, date, revenue, bookings_count) VALUES ('8f88a152-ea15-481c-b713-67e96b5b62ab', '2023-01-08', 12744000.0, 1);
INSERT INTO car_analytics (id, date, revenue, bookings_count) VALUES ('14d7f4a1-2924-408a-864a-e846c27c1317', '2023-08-22', 38940000.0, 2);
INSERT INTO car_analytics (id, date, revenue, bookings_count) VALUES ('12ee5e02-d49b-4c70-94a0-0cb7b7ebe0f9', '2023-07-02', 21240000.0, 1);
INSERT INTO car_analytics (id, date, revenue, bookings_count) VALUES ('3157bf51-27e1-47b4-bd02-c7c022d32922', '2024-05-10', 1770000.0, 1);
INSERT INTO car_analytics (id, date, revenue, bookings_count) VALUES ('70345372-ed44-4f5d-ae4a-d53637aea4f3', '2024-03-13', 4425000.0, 1);
INSERT INTO car_analytics (id, date, revenue, bookings_count) VALUES ('7eca0bd0-fad1-4dea-8097-daa68f6bb3d8', '2023-11-09', 35164000.0, 2);
INSERT INTO car_analytics (id, date, revenue, bookings_count) VALUES ('2e4d283e-9012-4390-b350-4dfac6876815', '2023-04-18', 6608000.0, 1);
INSERT INTO car_analytics (id, date, revenue, bookings_count) VALUES ('c30e1234-d1cc-477b-88e7-ea60f931ac28', '2023-08-31', 14868000.0, 1);
INSERT INTO car_analytics (id, date, revenue, bookings_count) VALUES ('80289d88-2536-4f98-b23b-c1dda57e0a79', '2023-12-08', 7552000.0, 1);
INSERT INTO car_analytics (id, date, revenue, bookings_count) VALUES ('dfb7dd70-0b31-4a09-b81f-d33d36bdb724', '2023-01-20', 8968000.0, 1);
INSERT INTO car_analytics (id, date, revenue, bookings_count) VALUES ('68a4beae-f5bc-415d-80f8-97d426eae88c', '2024-05-20', 14868000.0, 1);
INSERT INTO car_analytics (id, date, revenue, bookings_count) VALUES ('959bba57-9d67-44b5-8344-f6a7956c556a', '2023-09-29', 8850000.0, 1);
INSERT INTO car_analytics (id, date, revenue, bookings_count) VALUES ('815cc10d-bda7-4c5d-a684-6167df9dcec8', '2023-08-20', 14750000.0, 1);
INSERT INTO car_analytics (id, date, revenue, bookings_count) VALUES ('42433532-b242-4a68-8a19-697d6718d072', '2023-04-17', 17405000.0, 2);
INSERT INTO car_analytics (id, date, revenue, bookings_count) VALUES ('26fed4b4-3ef4-438f-ad93-8624fa3a3316', '2023-01-04', 8850000.0, 1);
INSERT INTO car_analytics (id, date, revenue, bookings_count) VALUES ('74dcced5-4523-47d5-9c45-725095050bb1', '2024-01-22', 7080000.0, 2);
INSERT INTO car_analytics (id, date, revenue, bookings_count) VALUES ('a35d4264-6472-4c76-acb2-1f87d361c6ce', '2023-06-24', 6372000.0, 1);
INSERT INTO car_analytics (id, date, revenue, bookings_count) VALUES ('2d0d7dac-9f60-4be2-8672-92a2149e30d0', '2023-11-12', 8850000.0, 1);
INSERT INTO car_analytics (id, date, revenue, bookings_count) VALUES ('42bf8f38-840c-4234-acfa-713a4f0a330f', '2024-01-23', 885000.0, 1);
INSERT INTO car_analytics (id, date, revenue, bookings_count) VALUES ('37768d33-1271-4586-9fb1-82a317aaf0c2', '2024-05-01', 8083000.0, 2);
INSERT INTO car_analytics (id, date, revenue, bookings_count) VALUES ('ef1f9ee0-fed1-4943-8e64-f90169800629', '2023-10-11', 10620000.0, 1);
INSERT INTO car_analytics (id, date, revenue, bookings_count) VALUES ('fcf0c070-65d3-45ca-80cd-ddef2ef5bcaf', '2023-04-12', 2950000.0, 1);
INSERT INTO car_analytics (id, date, revenue, bookings_count) VALUES ('d27f7397-bc07-49f5-a99c-a06f7ae071b8', '2023-04-05', 5605000.0, 1);
INSERT INTO car_analytics (id, date, revenue, bookings_count) VALUES ('6974ef89-e9ec-4fb6-ad00-65c440470d5e', '2023-09-27', 19116000.0, 1);
INSERT INTO car_analytics (id, date, revenue, bookings_count) VALUES ('1c32686f-ab32-468d-be31-7e2c8865eaa4', '2024-05-16', 22479000.0, 4);
INSERT INTO car_analytics (id, date, revenue, bookings_count) VALUES ('2b67bb7a-ef28-4ae9-9bd1-4c68af3405fa', '2023-07-05', 7080000.0, 2);
INSERT INTO car_analytics (id, date, revenue, bookings_count) VALUES ('579e425b-5e28-42ce-8292-94971b5b0afe', '2023-10-01', 6608000.0, 2);
INSERT INTO car_analytics (id, date, revenue, bookings_count) VALUES ('46427501-c725-4366-889d-ce2e65854006', '2023-06-27', 3540000.0, 1);
INSERT INTO car_analytics (id, date, revenue, bookings_count) VALUES ('5987428c-527b-4162-981c-e89777c57c6e', '2024-03-22', 2242000.0, 1);
INSERT INTO car_analytics (id, date, revenue, bookings_count) VALUES ('e105e64c-aa51-4400-a86e-d5327a7f854f', '2023-06-25', 4248000.0, 1);
INSERT INTO car_analytics (id, date, revenue, bookings_count) VALUES ('e9793c6a-949d-4562-ba8e-900e6c414ea0', '2023-01-16', 20650000.0, 1);
INSERT INTO car_analytics (id, date, revenue, bookings_count) VALUES ('8b9b478d-03f0-4d2b-90f3-215aecf51c61', '2023-01-11', 23305000.0, 3);
INSERT INTO car_analytics (id, date, revenue, bookings_count) VALUES ('b8d9907b-9c3b-4f91-bb15-2c3921d02a6a', '2023-04-11', 944000.0, 1);
INSERT INTO car_analytics (id, date, revenue, bookings_count) VALUES ('fbbd4c17-abc9-4186-85a3-3a764e2088aa', '2024-05-28', 1770000.0, 1);
INSERT INTO car_analytics (id, date, revenue, bookings_count) VALUES ('0bb6e628-858f-4495-8b1f-5c8910f0081f', '2023-08-19', 14278000.0, 2);
INSERT INTO car_analytics (id, date, revenue, bookings_count) VALUES ('68b9ba24-50c8-440e-8e0f-198579220619', '2024-05-06', 19647000.0, 2);
INSERT INTO car_analytics (id, date, revenue, bookings_count) VALUES ('b361e886-0a39-4618-8ccb-1b09795126b2', '2023-09-02', 2655000.0, 1);
INSERT INTO car_analytics (id, date, revenue, bookings_count) VALUES ('77c1114f-c971-4a18-91b6-58a55ebadc88', '2023-05-19', 23600000.0, 1);
INSERT INTO car_analytics (id, date, revenue, bookings_count) VALUES ('b186c53e-2cef-4b9b-9eef-c565593d3d74', '2023-02-20', 28910000.0, 2);
INSERT INTO car_analytics (id, date, revenue, bookings_count) VALUES ('d1a2c5bb-00a2-46ed-910f-51992512607e', '2023-03-24', 885000.0, 1);
INSERT INTO car_analytics (id, date, revenue, bookings_count) VALUES ('4731ce64-72b7-4aef-b445-7b470bda4896', '2023-11-25', 2655000.0, 1);
INSERT INTO car_analytics (id, date, revenue, bookings_count) VALUES ('823ae59e-d92e-4995-ba19-5bbbff7eb7a3', '2023-11-07', 23305000.0, 2);
INSERT INTO car_analytics (id, date, revenue, bookings_count) VALUES ('08de1b73-b0b2-4332-9836-fe07450de59e', '2023-06-04', 8496000.0, 1);
INSERT INTO car_analytics (id, date, revenue, bookings_count) VALUES ('6a039bc9-c334-4744-8b2e-58843d5558c8', '2023-06-19', 1770000.0, 1);
INSERT INTO car_analytics (id, date, revenue, bookings_count) VALUES ('4699eb33-718e-4dc6-bdba-84af7854ac93', '2024-03-16', 3776000.0, 1);
INSERT INTO car_analytics (id, date, revenue, bookings_count) VALUES ('531bf496-ab8d-4a3b-8606-19c1007c2186', '2023-09-07', 2124000.0, 1);
INSERT INTO car_analytics (id, date, revenue, bookings_count) VALUES ('23371c9c-4729-4cc4-be8c-688a8e1bfdf1', '2023-10-10', 6726000.0, 1);
INSERT INTO car_analytics (id, date, revenue, bookings_count) VALUES ('64ddbd69-1505-4301-824e-3d9cd58bb646', '2023-04-15', 24780000.0, 2);
INSERT INTO car_analytics (id, date, revenue, bookings_count) VALUES ('6f67f66e-1685-42ab-b62b-680cc952d573', '2024-04-27', 19116000.0, 1);
INSERT INTO car_analytics (id, date, revenue, bookings_count) VALUES ('e2d7498b-cc52-4af8-948c-24047f87a68a', '2023-06-30', 3776000.0, 1);
INSERT INTO car_analytics (id, date, revenue, bookings_count) VALUES ('b3995672-b077-4809-93d7-42df99b0037e', '2024-05-19', 6195000.0, 1);
INSERT INTO car_analytics (id, date, revenue, bookings_count) VALUES ('c394c364-5e03-4f2c-bc53-6098c63a7bcd', '2023-12-05', 8496000.0, 1);
INSERT INTO car_analytics (id, date, revenue, bookings_count) VALUES ('7d79b5ee-3aad-4b78-b81f-cf60839087c0', '2023-10-27', 944000.0, 1);
INSERT INTO car_analytics (id, date, revenue, bookings_count) VALUES ('680d288f-096d-4599-9dfa-4d998b7876f4', '2023-12-23', 5900000.0, 1);
INSERT INTO car_analytics (id, date, revenue, bookings_count) VALUES ('95d983d0-3b7e-43aa-ad64-0b0d97f09fad', '2024-02-16', 5900000.0, 1);
INSERT INTO car_analytics (id, date, revenue, bookings_count) VALUES ('5eb1e801-1dab-4138-ab2c-d63d1970c38e', '2023-01-31', 7847000.0, 1);
INSERT INTO car_analytics (id, date, revenue, bookings_count) VALUES ('96165a32-10d2-4e78-a89c-ba17972c09a8', '2023-02-18', 17700000.0, 1);
INSERT INTO car_analytics (id, date, revenue, bookings_count) VALUES ('a915c77f-5a35-4395-8dcb-d7f2be67216d', '2024-05-08', 8850000.0, 1);
INSERT INTO car_analytics (id, date, revenue, bookings_count) VALUES ('0c27a32b-f22a-49ee-9a00-f9d49d8a2729', '2024-01-21', 2891000.0, 2);
INSERT INTO car_analytics (id, date, revenue, bookings_count) VALUES ('bf04b592-a577-4487-aa6c-ce1fcdb3345a', '2024-04-01', 1888000.0, 1);
INSERT INTO car_analytics (id, date, revenue, bookings_count) VALUES ('8207f366-bfe0-4b81-8459-435750b06098', '2024-02-12', 20945000.0, 2);
INSERT INTO car_analytics (id, date, revenue, bookings_count) VALUES ('b9eaa843-2067-4da3-aa77-f3f019ac5ae6', '2023-03-04', 24190000.0, 2);
INSERT INTO car_analytics (id, date, revenue, bookings_count) VALUES ('404d12b2-79ad-4d72-8149-7358e7de6076', '2024-03-15', 11800000.0, 1);
INSERT INTO car_analytics (id, date, revenue, bookings_count) VALUES ('e99b536c-5ce8-4349-8aa4-4a7dbb3d8278', '2024-05-30', 16992000.0, 1);
INSERT INTO car_analytics (id, date, revenue, bookings_count) VALUES ('a0c816e6-f03f-42e9-bf3d-c9140559acc8', '2023-01-14', 21240000.0, 1);
INSERT INTO car_analytics (id, date, revenue, bookings_count) VALUES ('68e46f67-af2c-4198-a70f-69f682543d92', '2024-01-29', 8850000.0, 1);
INSERT INTO car_analytics (id, date, revenue, bookings_count) VALUES ('b948fabb-ac0a-4728-8a72-f72f9f48024a', '2024-02-19', 8850000.0, 1);
INSERT INTO car_analytics (id, date, revenue, bookings_count) VALUES ('f576ea93-2430-47ce-8f60-22b7b7ee0c8e', '2023-10-04', 1121000.0, 1);
INSERT INTO car_analytics (id, date, revenue, bookings_count) VALUES ('279e9abf-7145-473b-abd6-4a2feef50141', '2024-05-04', 5782000.0, 2);
INSERT INTO car_analytics (id, date, revenue, bookings_count) VALUES ('e4f5adab-9574-4f3c-8b90-10ecca6da43f', '2023-07-09', 7080000.0, 1);
INSERT INTO car_analytics (id, date, revenue, bookings_count) VALUES ('88cfcdd3-15f6-497f-810a-fa721ef70188', '2023-01-27', 6372000.0, 1);
INSERT INTO car_analytics (id, date, revenue, bookings_count) VALUES ('8c46171e-7835-4023-8888-4042b149c1b6', '2023-03-15', 4484000.0, 1);
INSERT INTO car_analytics (id, date, revenue, bookings_count) VALUES ('476adc62-4162-4f63-b4d7-61c5b48e2287', '2023-11-13', 6608000.0, 1);
INSERT INTO car_analytics (id, date, revenue, bookings_count) VALUES ('cc5350cc-774b-4292-9c6f-01f137ab3e65', '2023-12-27', 27612000.0, 2);
INSERT INTO car_analytics (id, date, revenue, bookings_count) VALUES ('98a4d874-d501-45e7-b6ab-17205c70ff9a', '2023-02-24', 19116000.0, 1);
INSERT INTO car_analytics (id, date, revenue, bookings_count) VALUES ('73d31a97-ffae-40c4-8bf5-35656187a7d3', '2023-09-03', 6726000.0, 1);
INSERT INTO car_analytics (id, date, revenue, bookings_count) VALUES ('ea85394b-f9d1-438f-9b9e-59803a8faa85', '2023-07-16', 7080000.0, 1);
INSERT INTO car_analytics (id, date, revenue, bookings_count) VALUES ('89f9a6ec-1ea7-4644-92d6-9eeb7d2e4032', '2024-02-08', 14868000.0, 1);
INSERT INTO car_analytics (id, date, revenue, bookings_count) VALUES ('b9556ee1-09b6-4924-9816-f365170dc159', '2024-05-15', 24839000.0, 2);
INSERT INTO car_analytics (id, date, revenue, bookings_count) VALUES ('75e5fd97-3711-4ae4-881c-ffdf9e620468', '2023-05-10', 8850000.0, 1);
INSERT INTO car_analytics (id, date, revenue, bookings_count) VALUES ('70bcd6ab-a361-4a27-bd3a-40a6fc938b12', '2024-04-16', 10089000.0, 2);
INSERT INTO car_analytics (id, date, revenue, bookings_count) VALUES ('a521cab0-3226-4ab7-8af0-a038f03a4580', '2023-08-28', 17700000.0, 1);
INSERT INTO car_analytics (id, date, revenue, bookings_count) VALUES ('5acfcd38-2e4f-47b0-8bda-dbd23239ca8e', '2023-03-11', 18644000.0, 2);
INSERT INTO car_analytics (id, date, revenue, bookings_count) VALUES ('9e851dd1-6b30-45e1-bf96-9b2f1f8e1a3e', '2023-01-30', 20650000.0, 1);
INSERT INTO car_analytics (id, date, revenue, bookings_count) VALUES ('fa01a983-fabe-4aba-8c8e-1b1b263a1f0e', '2023-08-07', 885000.0, 1);
INSERT INTO car_analytics (id, date, revenue, bookings_count) VALUES ('98f7a7df-63ef-4f39-80f1-e51528be6794', '2023-07-10', 9440000.0, 1);
INSERT INTO car_analytics (id, date, revenue, bookings_count) VALUES ('c403f606-8938-4a9d-8c12-0cd36069cf70', '2024-03-12', 2124000.0, 1);
INSERT INTO car_analytics (id, date, revenue, bookings_count) VALUES ('895ee956-17a4-468e-9f14-1ccab0994ab2', '2024-04-13', 2124000.0, 1);
INSERT INTO car_analytics (id, date, revenue, bookings_count) VALUES ('0cff43cf-8674-41ce-8107-80fbe77601d7', '2023-05-18', 10620000.0, 1);
INSERT INTO car_analytics (id, date, revenue, bookings_count) VALUES ('c373c508-0c02-4a18-90e6-e35efd237c98', '2023-12-18', 16992000.0, 1);
INSERT INTO car_analytics (id, date, revenue, bookings_count) VALUES ('c8ca1049-00f4-47d1-a237-15682ddd012e', '2023-03-12', 2124000.0, 1);
INSERT INTO car_analytics (id, date, revenue, bookings_count) VALUES ('8e789bd4-8dcb-408f-a5ae-1cdc2623c2fc', '2023-04-30', 29500000.0, 1);
INSERT INTO car_analytics (id, date, revenue, bookings_count) VALUES ('594640f6-fa07-4418-a4e8-8180457f171c', '2024-01-27', 7552000.0, 1);
INSERT INTO car_analytics (id, date, revenue, bookings_count) VALUES ('ffce70fa-7bcc-4dce-a1f7-70dc3d7de962', '2024-04-05', 2950000.0, 1);
INSERT INTO car_analytics (id, date, revenue, bookings_count) VALUES ('bd1705c5-c7da-4220-80a9-ec6b22f77912', '2023-05-02', 6726000.0, 1);
INSERT INTO car_analytics (id, date, revenue, bookings_count) VALUES ('5bfc0fa7-93e8-43cc-ac18-ce3dbf3eef77', '2023-12-14', 19116000.0, 1);
INSERT INTO car_analytics (id, date, revenue, bookings_count) VALUES ('4055a2f6-67aa-4ab5-8281-f5c0631414bb', '2023-12-30', 5664000.0, 1);
INSERT INTO car_analytics (id, date, revenue, bookings_count) VALUES ('6161d408-a98a-4dd8-a5f2-e05553ff8e20', '2024-04-04', 4720000.0, 1);
INSERT INTO car_analytics (id, date, revenue, bookings_count) VALUES ('db561fe2-ed4a-4fcb-a199-87b40408f3d8', '2024-04-22', 7552000.0, 1);
INSERT INTO car_analytics (id, date, revenue, bookings_count) VALUES ('948e03ea-f33c-4055-b304-2bbcf9c7bc40', '2024-03-17', 944000.0, 1);
INSERT INTO car_analytics (id, date, revenue, bookings_count) VALUES ('d447b02f-fc24-4cfa-9baf-1ba1a4eef5c0', '2024-04-29', 2242000.0, 1);
INSERT INTO car_analytics (id, date, revenue, bookings_count) VALUES ('800610f4-92a7-42cf-8c1f-a60794c1b4b1', '2023-03-13', 8968000.0, 1);
INSERT INTO car_analytics (id, date, revenue, bookings_count) VALUES ('c5170591-df5d-4144-839c-1cb0f74a7d73', '2024-02-01', 5664000.0, 1);
INSERT INTO car_analytics (id, date, revenue, bookings_count) VALUES ('95c0549d-d456-418a-8ab6-398c73539e45', '2023-06-14', 14750000.0, 1);
INSERT INTO car_analytics (id, date, revenue, bookings_count) VALUES ('f216d4ac-57f4-4628-a80a-8c15517867ad', '2023-06-07', 16992000.0, 1);
INSERT INTO car_analytics (id, date, revenue, bookings_count) VALUES ('9375026a-607d-490a-bcb8-b79dec4bcd88', '2024-01-28', 1770000.0, 1);
INSERT INTO car_analytics (id, date, revenue, bookings_count) VALUES ('0f6103e2-f0d9-46bf-affd-8db953da953c', '2023-07-01', 23600000.0, 1);
INSERT INTO car_analytics (id, date, revenue, bookings_count) VALUES ('534b1b4e-fc78-4e59-bb7e-7ba3c981f5c3', '2023-02-11', 10089000.0, 1);
INSERT INTO car_analytics (id, date, revenue, bookings_count) VALUES ('3a4ea5f4-82b5-463d-9a9a-0b9e354e1b1a', '2024-03-09', 2124000.0, 1);
INSERT INTO car_analytics (id, date, revenue, bookings_count) VALUES ('9f0d145d-2dba-4055-8c3c-5480f5e35c92', '2023-11-19', 8496000.0, 1);
INSERT INTO car_analytics (id, date, revenue, bookings_count) VALUES ('f5166bce-8cb8-41ed-9b75-407412645f93', '2023-08-15', 11210000.0, 1);
INSERT INTO car_analytics (id, date, revenue, bookings_count) VALUES ('083d4430-a737-47e4-a0c3-6132348aedc2', '2024-04-26', 3776000.0, 1);
INSERT INTO car_analytics (id, date, revenue, bookings_count) VALUES ('9c82e577-72ff-4b13-85ad-9bf42d585369', '2023-10-08', 1770000.0, 1);
INSERT INTO car_analytics (id, date, revenue, bookings_count) VALUES ('ef5e6d2a-eecc-43ae-90c3-901577686e50', '2023-10-19', 16992000.0, 1);
INSERT INTO car_analytics (id, date, revenue, bookings_count) VALUES ('62d45d9e-1a91-4bed-afc0-293d26a7e22b', '2023-04-21', 4484000.0, 1);
INSERT INTO car_analytics (id, date, revenue, bookings_count) VALUES ('7fa2cb72-dac0-43c0-991f-271b6f580a4c', '2023-11-05', 6195000.0, 1);
INSERT INTO car_analytics (id, date, revenue, bookings_count) VALUES ('f496b2ba-045f-46fd-a233-3bcf140f3cb8', '2023-08-02', 2950000.0, 1);
INSERT INTO car_analytics (id, date, revenue, bookings_count) VALUES ('1df50ab5-f250-46e4-9a53-3c7a8a91684a', '2023-09-01', 1770000.0, 1);
INSERT INTO car_analytics (id, date, revenue, bookings_count) VALUES ('1b955741-ed96-426b-b648-ab5ae05b022d', '2024-02-09', 5900000.0, 1);
INSERT INTO car_analytics (id, date, revenue, bookings_count) VALUES ('36d708e2-1399-47b9-bdd8-6b1a115f03f6', '2023-11-03', 5310000.0, 1);
INSERT INTO car_analytics (id, date, revenue, bookings_count) VALUES ('64588263-8c45-4e8f-b85e-5f3ba1acb964', '2023-02-15', 3540000.0, 1);
INSERT INTO car_analytics (id, date, revenue, bookings_count) VALUES ('e504bb2c-e182-4617-9986-6c2fca1bfeb2', '2023-06-06', 10620000.0, 1);
INSERT INTO car_analytics (id, date, revenue, bookings_count) VALUES ('688c8511-71c3-48ec-8348-e80b17fab862', '2023-06-20', 10620000.0, 1);
INSERT INTO car_analytics (id, date, revenue, bookings_count) VALUES ('189a6bf2-8942-4f94-8856-57c9e2e0b9f0', '2023-11-29', 26550000.0, 1);
INSERT INTO car_analytics (id, date, revenue, bookings_count) VALUES ('1d1cf537-a4f2-4653-9e67-64ad29408ff0', '2023-11-26', 26550000.0, 1);
INSERT INTO car_analytics (id, date, revenue, bookings_count) VALUES ('263920b9-2f13-4c99-8fce-0ff85ef48b8e', '2023-12-01', 4484000.0, 1);
INSERT INTO car_analytics (id, date, revenue, bookings_count) VALUES ('aa6cea35-c049-4588-b4ac-a064b6ebf739', '2023-01-29', 2655000.0, 1);
INSERT INTO car_analytics (id, date, revenue, bookings_count) VALUES ('fa2cfcd2-e0d6-4fae-808c-ad89fa6874cc', '2024-04-23', 26550000.0, 1);
INSERT INTO car_analytics (id, date, revenue, bookings_count) VALUES ('59eb04b3-c602-4c39-b448-0e3433d816c1', '2024-03-27', 2242000.0, 1);
